title,date,link,source,sentiment
WHO recommends groundbreaking malaria vaccine for children at risk - World Health Organization (WHO),2021-10-06 07:00:00,https://news.google.com/rss/articles/CBMiqwFBVV95cUxQWndoOVNPSnRvaGtPX3MyVTA0NGpNYUhfLVNWYncwWlotVkthXzJ3ZkR0T3VPT3RTOUpJZkxlZlBoLXFlUkpJc2tyVDhqcUx6MmNmNGhPbGZ5cGtrby1FdFc1MFlzQ25WQ2tlVDN2X3cycEJpT3NMNDlpYW1qN1RsemdkRFczaHAzeWlIMmF2Szl2UzZnUElaSl9YTEFLYTBZWGZPUFhETTZNLWM?oc=5&hl=en-US&gl=US&ceid=US:en,World Health Organization (WHO),-0.0516
New World Update 1.0.2 - News | Official New World: Aeternum Website - newworld.com,2021-10-12 07:00:00,https://news.google.com/rss/articles/CBMiaEFVX3lxTE9xbWhMYl80Q29yNzdUZVNBOERtOTZLQm5iYzlPTWducVlndEZrOUJRWHpWTWNQWmF4bDhfZmxqTjMtSzRKbnozUFF5bUJSZWtZVUllRVA3XzIzZXV0eHNRZmdON0FIdW5J?oc=5&hl=en-US&gl=US&ceid=US:en,newworld.com,0.0
Double amputee beats breast cancer diagnosis - ABC News,2021-10-15 07:00:00,https://news.google.com/rss/articles/CBMikgFBVV95cUxPY2VLY2VncmNaNG8xdkF6ZnBtd0oxUEhyUXAxU0owdFpDMXY1VVNRXy1xYkw3UDI2dXRsaGxVSjZ6ZGtER05TUW5wWWZkdkRGT1hBc21KazJpcko5a2lfTGRfNXhvSnV1V2QxaGdRUkhLMVU1SVdLRERXa2tNY2JyOU1tYVk5d0R4UlY2bjVPY0xBd9IBlwFBVV95cUxOZEs2YUZzLU1aYUktVk41ZURtRWlpVkhjWWhkN082UEw4TnhmYTQ5YXJveXBOWGdkS2JSaGhENFVkTVUxdEI3QW9QeGl5eEhacW43QVY1YTViN0RTTExPTHlVdnZjVGpxNzBJWk80eU9EWXVrUzR0ZU0zZVBOLUpYWFVSdEJlZ2ViZFpWdlgxeHVWeUt6Rl8w?oc=5&hl=en-US&gl=US&ceid=US:en,ABC News,-0.6597
What is the 'One China' policy? - BBC,2021-10-06 07:00:00,https://news.google.com/rss/articles/CBMiX0FVX3lxTFAtdXdfenFLdDRvZVVuZ1VJbnEzaDF0R3hNUmxISHdiRFppQUdqUlNHRTEzbFdueXlkbTNxYkpsNnBJUGc4eERDZUlqUVhZMHNrZ0NpbFNUQzRGSEVtUE9z0gFkQVVfeXFMTk44ZFJJMnNnRDhSWUNBRmp6S3RzVXdaWHpINV9uTG1nOWxYQ294UFFNSmcyZVZtUk1CWGI3VVRzbGU4TGRNaGV1UEp1WmRTNlo0TGpyLTRPRkIwVFRkUC13aEZTNg?oc=5&hl=en-US&gl=US&ceid=US:en,BBC,0.0
SBU Ranks No. 195 in U.S. News & World Report 2022 Global University Rankings - SBU News,2021-10-27 07:00:00,https://news.google.com/rss/articles/CBMiswFBVV95cUxPdkpxcXZuSF9jLWZQZ3k1S0EwVnNZdU02NFNqckktQTZMSzdiVFliMU9XSUxnd2toRGZXd0MtYndBNWNpVDZ4azBuUmtRbE0wX25CTU1wWEtrUERZMzZoZWkyMjB2Ukh5a1dOQkdPdlp3NkdlcTBrakhOZzhYN0EwaVMySk1fQmNxRHdTcWNXQTZ0aUFXWklXTmdIYTN1dm9zS2RxR21STl9ySWFlbjdiOGk0NA?oc=5&hl=en-US&gl=US&ceid=US:en,SBU News,-0.296
"UC Berkeley again No.1 public, fourth best globally in U.S. News rankings - Berkeley News",2021-10-26 07:00:00,https://news.google.com/rss/articles/CBMirgFBVV95cUxOTG5qSmd2ZEpONS1Qd0FSY1N4eTc4bU13ZlB3TTdZY2M1cmtXMC1RN0Y0NlItNTRIS0dIbzlFZWNhREx3SnlpdnpGZjVZZmFpLXF1b1U0eWVnSXNZYTJxWWpXRm9HVU44YmNETGg2Tjl4eXVrNjAyN1FhSnVhQUNjNGxaZWhDQjRYVW1vU3lxbmp2TGlZeDFSVy1YWWFTQmt0RkxiWkliWVlvZXZKSEE?oc=5&hl=en-US&gl=US&ceid=US:en,Berkeley News,0.6369
U.S. News & World Report releases first rundown of elementary and middle schools - OCDE Newsroom,2021-10-21 07:00:00,https://news.google.com/rss/articles/CBMilAFBVV95cUxQZExKc25IUW9KZGJUMVlyZldZTkduYXUyT1lvQXRhWmpyZ2VpWFFOakxINzQ4X255b2lISkZ3dkViS1BILU9oYklJU0d0Ty1sUUItaEI0bmdiNnlHbHF5UFg1Q1ZOblAtcVR4bTN0LUgyTV82a0JfLVY2SHEydVROdmVULXpOMGZkSUpmTTFCSC1rLWFt?oc=5&hl=en-US&gl=US&ceid=US:en,OCDE Newsroom,0.0
UArizona Ranked in Top 10 for Space Science on Latest US News Best Global Universities List - University of Arizona News,2021-10-27 07:00:00,https://news.google.com/rss/articles/CBMisAFBVV95cUxPNUQwemtpX3FqaVUtLUtSZm5yUEw2MEhacnFSbTRaMlRWejhxYzVNV2hBdHlQM2ppRDdzWl9URjhHM0M0bzdzOWFZMmpSaVJYLWdvREFQTGZWcXNhUW1WbUVsNHNCeEdnY0RvTUpiRF9xaElFaFRzaGN1NFV3ZnVwOWl5RlBQSHV6SDNIOXZTUnZleThaNzV4QVVyZkdueF9kZ0JDVTQ3Q092QWxKTzNPaA?oc=5&hl=en-US&gl=US&ceid=US:en,University of Arizona News,0.7184
The relevance of impartial news in a polarised world - reutersinstitute.politics.ox.ac.uk,2021-10-19 07:00:00,https://news.google.com/rss/articles/CBMiiwFBVV95cUxOd1BlNGhfTEoySF9MUloxNkhKa1JKeERsVGhkVVY5Rng3TlYzQV9ibUxCWlFwTEl3SEczS1p3VGpIbktWRDdmLW5zTmpSekRhRkoxbE5JY3otTkNtcWZ1NUU2cGdPclFLTDdTT0RyZUNmS0JrM3YtUmdPeVRkUDdpdmNNQzNESmt0d21R?oc=5&hl=en-US&gl=US&ceid=US:en,reutersinstitute.politics.ox.ac.uk,0.0
Bulgaria enlists Fluor and NuScale - World Nuclear News,2021-10-29 07:00:00,https://news.google.com/rss/articles/CBMihAFBVV95cUxPeDlQcVVBN2ZIR0kwcldfRFFMNDFjVkFKLVdSSDQ1Qld3WVZXTHVPZzFlV1pSRzNjaDdITTFoTjJEbFBILUlVNzZ3TFZvdU1CWGM4dXlQRFROdldTMGFRVUNReldaSlRocXlXSWtWaWxtS2xXNHl2TzRmZl9iOEZpZVdfR1Y?oc=5&hl=en-US&gl=US&ceid=US:en,World Nuclear News,0.0
New World Update: 1.0.1 - News | Official New World: Aeternum Website - newworld.com,2021-10-05 07:00:00,https://news.google.com/rss/articles/CBMiaEFVX3lxTE1QdjFZQUpybmJvUVN0emxsaUI4cUhqdlpXeVBfS3hkbVg0R0VpS3MzaGo5VGNuZGpUZGFXYkZMRnlVQnJZd0lsc3l5YVAtVnY2OWlDSWx1b2xBUDJMWnZ4R1pDV29OaEdq?oc=5&hl=en-US&gl=US&ceid=US:en,newworld.com,0.0
WHO’s 10 calls for climate action to assure sustained recovery from COVID-19 - World Health Organization (WHO),2021-10-11 07:00:00,https://news.google.com/rss/articles/CBMiuAFBVV95cUxNNlZBdFdCbTBrcjN0OVR6a0hDMWdOZElUbzB1ZGl6X09jUTRxMFkxRlRDc05ES2xORDZZd1hmVUR1b0FTQ09ENjNKeUR2XzRyV2IzX04xR1EwRjNIblZSdUhTVV9MUThhR2tSM3UxTmNycnhFM202NUlfREVRZ3JQYUFJcXVFN1JyaEw4RzJ6bU13dW5FN3ZiVHJ1Q3ZFeWdVNGxzcnVVeHhZUGlnekt3N3FUSlUxc3Jx?oc=5&hl=en-US&gl=US&ceid=US:en,World Health Organization (WHO),0.34
College of Nursing Earns Top Marks in U.S. News & World Report Rankings - The University of Arizona Health Sciences,2021-10-05 07:00:00,https://news.google.com/rss/articles/CBMisgFBVV95cUxNVkhCSko3b1JMRmp1UjJrTWlQVHdmNGZDR2ZyY29POGZ2MWtlLWY5WmZPc0ZhNUZGSGlhd0RSdWxUYUllWGJXUGNXM2t3czRSN05uYVZZZzdxSTNFY0tROVVnLS1JenVIdnNCSG5oQlBKbXItYjRZZG9qZXZWanBONVNJQzlzdVhtT2ctZlJLWjdhcjhIdmlPOHpxenBheFRVSzJtRmlDOUhHb2czZllIQXlB?oc=5&hl=en-US&gl=US&ceid=US:en,The University of Arizona Health Sciences,0.2023
Catholic Church child sexual abuse scandal - BBC,2021-10-05 07:00:00,https://news.google.com/rss/articles/CBMiUEFVX3lxTE9YQUh6U2MwcWRIdEtvQ1NnSDJ3QTYxNF9SaTNheENxTlp1bGszV2xReXdUVmtGUWV1UGYzS00tRVBOd1ZZYm1USGVRYm14aVpK0gFWQVVfeXFMUHQ0RngtaXNUSzVjejAtbHBHeHlVdzQyazRWZjRyRzZ2QUJZblMyYXF3d0tXVEZycnlQSTJfaWE3Qlk3Sng1N2t0bWR5ODVqY3dfa2NfUXc?oc=5&hl=en-US&gl=US&ceid=US:en,BBC,-0.7964
Health and Care Worker Deaths during COVID-19 - World Health Organization (WHO),2021-10-20 07:00:00,https://news.google.com/rss/articles/CBMijwFBVV95cUxOUnBkeGVMVURNWUZpOXZnNGhJQUdKanpUUGJwY3A1QWtweFB3Q2N6OFhGdVdJUXhaQTRaYXpyUXdtYXhrdWJDWWF1MzNEWTQ4Z2RpN0dPNFctMGJVcUFCd0JnYkxWVHFTYkdaWW50WEdMYl85R2tSeDBfbXYxSXA2b3J1cHhJeFFheUV1UUxTNA?oc=5&hl=en-US&gl=US&ceid=US:en,World Health Organization (WHO),0.4939
New World Update 1.0.4 - News | Official New World: Aeternum Website - newworld.com,2021-10-27 07:00:00,https://news.google.com/rss/articles/CBMidkFVX3lxTE5XakJWbldBNmdiVTJvMU9CT2xfWFViLWQwb0xWWkhoTVZkeHpGMXNZY3h6N1VqOXNUQTNNcXd3VG04cjIyVEZXM2prUS1nNmNNcFV4R0doMm5RRWkzb0lIMkt6OTF5RkdIZzF3Q0JVaGFOUF9CR2c?oc=5&hl=en-US&gl=US&ceid=US:en,newworld.com,0.0
"Afghanistan facing desperate food crisis, UN warns - BBC",2021-10-25 07:00:00,https://news.google.com/rss/articles/CBMiV0FVX3lxTE1mNnBOeTBuMnk1VFlhMHFfMVc0bW82eDM1ek14aElXc2JSRXhjTWNrazJKN1h5UGRpZjRaanEwNTdaNV9qOS1GRmFrWDFjTHd1OFZ0MFdhb9IBXEFVX3lxTE5IOE5UZ0RvUldsdG1XdktENTNZSkptUVpzNi1yc090cFdDM0FMbHI1aW5mMEpmeTVKam9ZQlh0dGw5YnMyX1RVOUdsdF93akF0SE9lbHZtNFA5c0FG?oc=5&hl=en-US&gl=US&ceid=US:en,BBC,-0.7783
New World Update 1.0.3: Server Transfer Details - News | Official New World: Aeternum Website - newworld.com,2021-10-19 07:00:00,https://news.google.com/rss/articles/CBMid0FVX3lxTE9EVk1aVW9pQkoxcHgzanhKYmtDMWFuWXNyTm5nWHMySUR0WlpyRFVqZDBnYnZmTGdpRjAxQVF3ZjRleE5GU1hhdm5mbFV5Z01QSEY5VjRqMWwyZ2I1NW1MVEEzalNUWjhHZHdFSEo0QUpMRzFlZGJB?oc=5&hl=en-US&gl=US&ceid=US:en,newworld.com,0.0
New global targets to prevent maternal deaths - World Health Organization (WHO),2021-10-05 07:00:00,https://news.google.com/rss/articles/CBMijwFBVV95cUxQa2otRktzakc4VTAyYU1QaTZ1alpQTW1mZkllRTNjcGU1YnFCVmZNaGtnV2pjOEpVY1pMV0FmelRyN3pEbGVHZElSd0I4Q2hEeWUxbHJSMVVSRXBEcEdLYzFPelNYU2Ryc05xWTlDYWFocEhzT2tGZUZSWUtNRFMxRlpCQkdnM3BQdDFQbTNjWQ?oc=5&hl=en-US&gl=US&ceid=US:en,World Health Organization (WHO),0.0258
Trump to launch new social media platform TRUTH Social - BBC,2021-10-20 07:00:00,https://news.google.com/rss/articles/CBMiXkFVX3lxTE1xNTVNazdndm9hcDRTeDZtZXN5aG54MW1WQjg5TEpLdXJ6TUhaaHpCY3pkUlNLOUx3X01KeTNvdTc4Q0tvLVRTWkFFZlFUaV9XNS1mSENjRnVrWk1rdXfSAWNBVV95cUxNUWhBUU5VaWNadk9NdVQ1TjR3bUY0RWZsZlF4Nkk4UEtzOTVSVG8xbG9Ec3RmTmJ5Yi10UWF5cXFCWmJJZkFXOEZMZlplVExmVnJPeFBJbDk3TzhubG1oNE1INTQ?oc=5&hl=en-US&gl=US&ceid=US:en,BBC,0.4648
Interim statement on booster doses for COVID-19 vaccination - World Health Organization (WHO),2021-10-04 07:00:00,https://news.google.com/rss/articles/CBMiogFBVV95cUxQSmM1MkV3MFo2bzJnbC1aTFM0emNTbHJrUE0tT3Bael81YTBOdlVPcVQ1SDBpaXRiRUdPdmZBbkdwbFp1cG9scnFSLWc4UzE1VEVwYWx2SEtsVGJwdGdIX3NNeGdjdjN6WVlNUGpFT1VnNUdNU3dPYXJkazRlZUlmMVBiVGFTUFlZZUJva25XUUFxdl9kRE8yZWoyZ2labzFOYXc?oc=5&hl=en-US&gl=US&ceid=US:en,World Health Organization (WHO),0.0
Alcohol is one of the biggest risk factors for breast cancer - World Health Organization (WHO),2021-10-20 07:00:00,https://news.google.com/rss/articles/CBMirAFBVV95cUxQXzJESEtrWlVPSUZjSnc1cTlBWHlaa0dqWW42V2Q0amJpeTR3MzhzMkF5NkNJbm5wd3JDeDdpSGhTTTY3bmNPQ1lpaXRzQkpfbVRWVWFONFhhRmZmdUpfWkgxQklwNWFpNmlod1FxU3E3Y09mbmhpSFczWm5sSldyaHAxbURtOWtWaHpYeGlHcXhCMkdoYnNTUmUtVmtHUGZJaFRNN0c4VE1XZzRt?oc=5&hl=en-US&gl=US&ceid=US:en,World Health Organization (WHO),-0.7579
Biden says US will defend Taiwan if China attacks - BBC,2021-10-22 07:00:00,https://news.google.com/rss/articles/CBMiV0FVX3lxTE5BdlRSdVR6Ty1KV2xGT2hKSHdrajVUUmMydHZ5TnVUMjl4M1B0RV9hcHR4eWJQN0JkbXEtVU1ZbTlyRHVSX2twb21rMW0tY1NfcURIU05CMNIBXEFVX3lxTFBFMURGeE1GNzZtbm83SUdxQ1VveVZ6T3dObjRua2s1YmRaSzM1QWd0bzBUczJfaHlPLW1Hc05VRjBOd1R5TWFOZnlkRW1rYkxRYzBFT01JVzJTRktr?oc=5&hl=en-US&gl=US&ceid=US:en,BBC,-0.4404
Tuberculosis deaths rise for the first time in more than a decade due to the COVID-19 pandemic - World Health Organization (WHO),2021-10-14 07:00:00,https://news.google.com/rss/articles/CBMi0AFBVV95cUxOVEhjREZjS3Z5TURnUUNJSTE4dy1qQWIyWnVFLWNMZDUtR3N2aVJoTGZwRkdoTkdGaTdOeF9RZng4NDFmbjFMQ1lNeHZ5U1RIQWFaYVA2cGRwQXRWNjZTNVRhdFN3TVZvZ1l6cXhuZm0xVW5nRWR0NXBYd1Q3dnRIcEFJMlhYVEk4aW1ITnpjZzlkOGtPeHdfZXBoQ1FtT1JMMGhFMmFzeUIyT3dRM2dFR0RkQS0xc2x6bFk2bWN6Ti1SOUFONGFrME1HMG5hSC15?oc=5&hl=en-US&gl=US&ceid=US:en,World Health Organization (WHO),0.0
UCSF Rises in US News Global Universities Rankings for 2022 - UC San Francisco,2021-10-27 07:00:00,https://news.google.com/rss/articles/CBMimAFBVV95cUxOLVVfWWlHbzdRaWxPNFV2eGpNRWppS1pHNEFHRjRFc1hDM2RrM09SVEpzVlpXZVNyVFpEWlNxMmRVOGRvczN5YlpvanJ3MFhhVm1QN1N6ZGt1cmRSX3JqZERNdGhybmxKVHYtLS1zeWtwRWRpVjUyOVpHcTRlcGVENE5tdTFUbENWRVZXdTRjNE9ZOGFxR3dpcg?oc=5&hl=en-US&gl=US&ceid=US:en,UC San Francisco,0.0
Everest expedition with 6 CCI scientists sets 3 world records - The University of Maine,2021-10-06 07:00:00,https://news.google.com/rss/articles/CBMipAFBVV95cUxQLTYySVR3NjEyV3lOMkVzdWpTeHlCRWF6WGVFYXBVQlhOUGppT2ktWU1SREl5eGlPVndVR1RwSDJvRGRFaWZXY1Voc2x6Z2M4SFY2QjU3aTZhd0pRd0JVaUp2SkluWG1jQURmNEpvS0poeUtVX01XZ0lqZ2ZUM2dSQVpPSkZReVE5YXJkaHNGMjBqcldMQnh0akd6VmxoZWc4RkJDeA?oc=5&hl=en-US&gl=US&ceid=US:en,The University of Maine,0.0
Ma applies statistical solutions to real-world problems - UGA research,2021-10-12 07:00:00,https://news.google.com/rss/articles/CBMijwFBVV95cUxPa05kVzdIbHhTalhrT1JQSDB0bkY2X2JLak1md1d6VV9DNndEUkRaZ1ZVeUY5YkFxUHpwcy1lUFNIRG5iV0JqdWdvTGc0WThmaG1ITHc3R3hub1hzWnM2ZDMtUHhib2tvTlhjdGhWMlJHeko1UWo2dHU2RmNhRmlBcWJZbmVYMkdWZmJuRS1mRQ?oc=5&hl=en-US&gl=US&ceid=US:en,UGA research,-0.25
G20: World leaders agree to historic corporate tax deal - BBC,2021-10-30 07:00:00,https://news.google.com/rss/articles/CBMiUEFVX3lxTE5KOUNjc2Q4WnkzWHpPZ0h5a2d1QlNTeDdxWDRCYnlmWWl0Q2xPbnpkRzlFLTZYU0tXb1RKdjZkejIzRGdPQmI0X2JmYkd2dW5j0gFWQVVfeXFMUG5maVZ1XzJReTVKakRpM1dIcUJEUlEzQURQQTkyeTlEVi0zdm5uQmgxYzZQY2RkQ3VwdzZhRDFHdm0zWU1YMnYyaGFtMlpBNVh5dmNuc3c?oc=5&hl=en-US&gl=US&ceid=US:en,BBC,0.3612
"Climate Change Could Further Impact Africa’s Recovery, Pushing 86 Million Africans to Migrate Within Their Own Countries by 2050 - World Bank",2021-10-27 07:00:00,https://news.google.com/rss/articles/CBMiigJBVV95cUxPdlJJTVBHZWZTT2x1NlZrNU83RmEwS1MyaHM0VUozU20wd084aXZ5ZVJuaVpJalBQX1Q1UEFMVkNpTEJvbmt6R1BUc0hVTnJ0Qzc2dDZFbE05eDJQdmhEcTlEaHpTNEloZkY2bDB4VEV2dGhjQ1J1WG5qSTJ4SnVsSTlPMkhXazVCaERZenp5ZmY0aUIwd0xPTDNRdTBVeVFScVB0dGozMWhGWTVoR2I2OTFlSW05Z2gya0t0MGsyVlZURy1tY2FpaVdibjYwd3ZHS2liR2g0dTF3ZFFPRFU0MFZieUFISXg2VVVRMmhUNXNZOVhsYTU1d1JndW9BN2lCYWgwYnA4dVFzZw?oc=5&hl=en-US&gl=US&ceid=US:en,World Bank,-0.3818
Taiwan says dozens of Chinese planes entered defence zone - BBC,2021-10-02 07:00:00,https://news.google.com/rss/articles/CBMiV0FVX3lxTE9Vd090RHM5YlZQUWdoLTVCTFR0bm1HMXhHSUVwX2ctMTdSVUV4ZjdVTXk0aGNUU1ZHcnhIb2g3N29laXpIbXcwRXQxUnRBTVlqYnM0TGdVVdIBXEFVX3lxTE5ZVmh0bUJnLU9odEUwSVNmemtDam5NWGlwbW90dGRzSmFzbTZFYVJkQ2FTVEU2MThha2pyTEx4N28ydVh2QUxZZERaM3Ixb1VncUlKMm8wV2dROGpn?oc=5&hl=en-US&gl=US&ceid=US:en,BBC,0.1027
"Drugs, arms, and terror: A high-profile defector on Kim's North Korea - BBC",2021-10-10 07:00:00,https://news.google.com/rss/articles/CBMiV0FVX3lxTE1nSVNIb2RWZF9YdFRLRUw3bnRUZ05uenNmSE82S2w2cDR4eDgzcHNCeDBRTGNKR0RTQ21kcC05SXdwX09LQkQ2RTlKVlBSLTVMcC1NRkc4VdIBXEFVX3lxTFA3Y1k1dzRxVWlYbTZTdkg4RHFQUnBZQ0N0OVdyeEZ0VTZTU1RQal81czB6RVBjSlNpWDg1cFozMHczMmtxcXd1TWRXRXFWVFA5Y0V2a2hEdzBHdU1X?oc=5&hl=en-US&gl=US&ceid=US:en,BBC,-0.743
Why China's climate policy matters to us all - BBC,2021-10-29 07:00:00,https://news.google.com/rss/articles/CBMiX0FVX3lxTE1fczJEU1RwRU1fTDFlcUl0VDk0bXBZcnFIYVk2TTN3T1dnUENZQmw4Qng2bmlvLUYzeVBBT09UQ2RENndkS1NNdklyZ3d2V1FOMHJpNHU4V0lraG5nOHFN0gFkQVVfeXFMT1h1NTk2NE1tbTBnazFuemZWYTZlZUY5VVFZQnB2Y1QxM1hiSDJDOEVja0dPTTRIODdEVGtWTDBscF83cVQtbmpmcWlkQlZ1OTZJSmVGNWp0My14OGZSR3ZYbmpxUw?oc=5&hl=en-US&gl=US&ceid=US:en,BBC,0.0258
Study: The U.S. Is Among Countries Leading a Global Decline in Rule of Law - U.S. News & World Report,2021-10-18 07:00:00,https://news.google.com/rss/articles/CBMiugFBVV95cUxOZTNyaURsT3NGT09PM3JkTWhHNFlHQlZYc2NmRXlGOVM0MXd5M09xQ083UUxYY0JBbnJBcERvcVphVnF2Tm1PRnh6dERUY3JDLTMwWWJGUlhrZ3F2OVRxVGZRMkFXelpfOFlkX0tkNWxmNWlzQWZBbHBoc2d1YUhlV0lNM0xNTGFCVzQ2X2F0UHJ6cUpWcGdTcVpLd0ZOR0V3a3VMZHQ3MXhNcjlCWU10RVNXTklRRDF4MFE?oc=5&hl=en-US&gl=US&ceid=US:en,U.S. News & World Report,0.0
Madagascar: Severe drought could spur world’s first climate change famine - UN News,2021-10-21 07:00:00,https://news.google.com/rss/articles/CBMiV0FVX3lxTE5ZNEliU1hnTTZ0WXR1OVVqLXRNMXBfSEg0ejBPRlBuMzZMWS1LN0dWOVU1REUwS2E2N2FjalhCZkdTQTRodG12NEJyMlZaT01RdmNNSXhlcw?oc=5&hl=en-US&gl=US&ceid=US:en,UN News,-0.3818
"It’s important, but is it news? - Northeastern Global News",2021-10-25 07:00:00,https://news.google.com/rss/articles/CBMihAFBVV95cUxQS1pkUmtBamVVVXBCMmsxbU9EZTlfeHFvQU5BcjdCajcxN2VNT3BqSk1LUThSYzhyNENJR3kzTW0yeExIVzBxQjRoeHN3amlUQ25BU0tGa2F3ZzVFNzJxZ0lvWVF4SzdIRTJJQURVT2QzWU9keThtdlJOdndQc2ZwQXQxRVY?oc=5&hl=en-US&gl=US&ceid=US:en,Northeastern Global News,0.1027
Record number of China planes enter Taiwan air defence zone - BBC,2021-10-05 07:00:00,https://news.google.com/rss/articles/CBMiV0FVX3lxTE9YUWdCWTcwVVJ0dmlMTDZmb1pIOVRsZTAzREhHc3MwYjlxR1hKVllMRkhXcFVzdC10WXJEeUhYeWJETG5YaTljUWRLODE5eGc5OVkwaElRONIBXEFVX3lxTE1Kbk5TR1dWZVRYdUNUREs3eS1SZlNCY0NlVlE5UUo4V2YzLVYxQ3VfQk1uVzlRRkFESWtzSC1hdG9RU3FNYUx2Nl9HTmtram8xR0VVdExta3ZVV3Mw?oc=5&hl=en-US&gl=US&ceid=US:en,BBC,0.1779
10 Things You Didn’t Know About the World Bank Group’s Work on Climate Change - World Bank,2021-10-29 07:00:00,https://news.google.com/rss/articles/CBMiwwFBVV95cUxPd0JCMVFDQklZNEFIbXdGb2ZRQy01UWwxcG9fVXA2VjA3MXh4U2NfZEw0VHdnZE9RN1ZLdVpyM3hycHhFQlltTDZTaDJzbnFqVkFaWXhrejlPOUJRTjJrUTZHc3hDbkdHZnhOZGF4V0dOVThsdklYUy1JTl9VcW1tLUVqZjluUF9kbXZwUk1RZlVPRFlZM1pTX05wX25acFA5Rjk3X0hyLTJFR2Zrem1aUy1DdzY1aklOSWFWV2JfbTNPZ3c?oc=5&hl=en-US&gl=US&ceid=US:en,World Bank,0.0
WHO report highlights global shortfall in investment in mental health - World Health Organization (WHO),2021-10-08 07:00:00,https://news.google.com/rss/articles/CBMirwFBVV95cUxQWXNSeFNXX0JSRU9XbUpTV3NpNC1tNklZZ3oxZG1LYWNYXzJLOGJ4dzlXQkhKRW45UE8zX21UZFkzdzg4M2daRDZnTFNQZGNfN25FeDgwM2xNTEtCVERRUG5XMzNlb1RFeUQ3QWJkXzk2cEs4NC1oSXpwdXRoNEhESms4MWUyMjBLUHZCOG5palR4MVFMRmdTSzhVTWd2cURZMWFDRnR1WWp2eVZMVWZZ?oc=5&hl=en-US&gl=US&ceid=US:en,World Health Organization (WHO),0.0
UT Austin Ranked Best School in Texas and Among the World’s Best - UT News,2021-10-27 07:00:00,https://news.google.com/rss/articles/CBMimwFBVV95cUxQeHB4N3lZbzB0WDBVd2JqODJYU0xmRDRZVGpOOVVtQTNPaHBYZFdXNDhhdGpEZEpibC15NFUyVUpqVlZMbm41SHJER3hvWUwwaXNhaWxLX0x2UmlBa2dnamNaczBKOVpkcGNnRFNoTDZoZ1JoMW5RY2swQlNzSTFfZFdpaEFPdUhHYVhLZU5oLWdQNThiUkpMaWVXMA?oc=5&hl=en-US&gl=US&ceid=US:en,UT News,0.8555
‘Don’t Punish Me For Who I Am’: Huge Jump in Anti-LGBTQ Hate Crime Reports in UK - VICE,2021-10-11 07:00:00,https://news.google.com/rss/articles/CBMijAFBVV95cUxQQ0h4UEFYXzRCSnktaVVrTkFsZ1RhcHZKQmNRUFFWSVdTRWdNemZJMXRSVnhQc1d6NmhYUkFqRlhlUFNtM25KU21OVGRYNW9PUGZJWDlJaFlONEM0ZWFua21nZGY3TThqLTc3R09zUXFhS2ZDWGdmbjFQa2ZrY1lYQW1ZOURiNi1LOWtFbA?oc=5&hl=en-US&gl=US&ceid=US:en,VICE,-0.8519
China-Taiwan tensions: Xi Jinping says 'reunification' must be fulfilled - BBC,2021-10-09 07:00:00,https://news.google.com/rss/articles/CBMiX0FVX3lxTE85SDhmR3Q5amJkQjBzREM5WDhWR2dvendOWUdqNmV5LS1YV0dxU1loQ0ZHd2NZUmZWNlcyZ3BoX09CTVcwSUFFRzh4Q3kyT19QRjY3bWJKNUJEeTdJQ0pj0gFkQVVfeXFMTVU5YU5sLTlsWnBmeXZOVk56cEpkMkc0eWNaaDdpRFM4d2RPVmFiZ0hfUGczaVFqb2pqQmRReE9JYUgySnpxU1MzcG1UQzlnbW5adXJ3UmpHcHZpWjgxQkxVbldNNw?oc=5&hl=en-US&gl=US&ceid=US:en,BBC,0.0258
"The W.H.O. says North Korea is accepting medical supplies, and other news from around the world. (Published 2021) - The New York Times",2021-10-13 07:00:00,https://news.google.com/rss/articles/CBMiiAFBVV95cUxQRHNGRC1RNXpzblgtOWRmUXhySkJfRW8wOWppaHpXS1dMSUFTU1l2N0dKNk16NVprZlVVbWFnYW82ZXJIZ2drMWMwYUQ5UV9IMzdGbVVBRXk5M1JnWEZzRWNaOGs1N2JGMVJhbDlac0pEak16T2MwZlhrODA0d202T05naTl6WUw2?oc=5&hl=en-US&gl=US&ceid=US:en,The New York Times,0.3818
WHO and partners call for action to better protect health and care workers from COVID-19 - World Health Organization (WHO),2021-10-21 07:00:00,https://news.google.com/rss/articles/CBMiyAFBVV95cUxORl9VUVlxU29pY1hiblZtUnhzeGdJZDlIUlNBejEtQVNfQUVUQ0Z1R003OUlnQmZMTVNqMXdtdWVxOVRpUzBMVm1waEZuaWZtdXVIekNuQUFMNXRaYmh4ZXhRQ1M4N3RpX2NrUXdFV0lDd21jNEQ2UVdwX1RsSk84VklYUjU4M2c2MU1JcmxvSnBkeXdqeHk4ZDE2TVY5YV9PakpFWDV6bGMzLUxWc0JicXV4aXp2SmtrUE9JVWlUZVZuX09NZHluRw?oc=5&hl=en-US&gl=US&ceid=US:en,World Health Organization (WHO),0.8271
U.S. News and World Report Includes Belmont University Numerous Times in 2022 National Rankings - Belmont University,2021-10-11 07:00:00,https://news.google.com/rss/articles/CBMivAFBVV95cUxNd3ZUMWJidWxGUHZ3aUtHTjRIbGpOYUpnMkpmeElwaHhMc3NHSXJnemRMLXdrcWI3NHY5NG1wVEpCU2pnbWtHeUV2T2g0TlM2RFlhZWtabHhhNkc3ejB2X3JSWGdFSVNWWmo0eTV0VnQ3ZTV5aVZ3QV9TeDNCX2NfdmFCcnRtLXdjcjlrTVhRYmRGY0tyZnlsMllXaGxkcnA2aWZjVHV4ME4xWU52TWFuZ0dNLTEta3FXVUJtRA?oc=5&hl=en-US&gl=US&ceid=US:en,Belmont University,0.0
Refugee learners aim to lift up their communities - MIT News,2021-10-12 07:00:00,https://news.google.com/rss/articles/CBMiekFVX3lxTE1EX0RheEhYVVoyb2otQ3l1STRNelJGMGJ0dEJrSWZwSjRxbDU2ZUVfOFVQeUIzOGVwYVc1NFk1QmZDQWt6SjdHWG03YWNyVDBvZmpOY1podnJ2aEZqY0NvaVZ6U2R0Rkc4YU1EM3JJUlNTczYtSktpOHZR?oc=5&hl=en-US&gl=US&ceid=US:en,MIT News,0.0
Rising sea surface temperatures driving the loss of 14 percent of corals since 2009 - UNEP - UN Environment Programme,2021-10-05 07:00:00,https://news.google.com/rss/articles/CBMiuwFBVV95cUxQMjlBckpoZElRQzU3bmZ6QTRkTW9GZEFKRS16QlUzcTRQX2ZBMUE5Mm01LS1yOTZ1TGxjRW5MdWpsTzVCakpVN3oxSFE3NHFSM1pFOWVaeU9jdi1XTzhvbVFNWFNuNjdwODE4bDJYQXJGbGppY2hUOUxIN21aN3hhc29zcDYwSGtCenpyS0N0OGlqdGdPeEpnY1AxRXZrYlpEWWQxczFZd2ktY0VLdmJlR082dVE4aHoyN3RN?oc=5&hl=en-US&gl=US&ceid=US:en,UNEP - UN Environment Programme,-0.3182
Living with the world's oldest mummies - BBC,2021-10-24 07:00:00,https://news.google.com/rss/articles/CBMiY0FVX3lxTE04dVlFRm9iSUhnNGZ2MEozak5VdXRkdjhhU2lhMlotVlVBVDJXOWdiMzdrM1JOaUNtTlZfeTNCRVBVRVV4RTEwV0tRM1hYUlBHWGI0RXFGemdaTVduOWJ3dzRkZ9IBaEFVX3lxTE9GUFJiaU9pOUJCekZ5WGotZFU0d0ZIRlhJcHluR3FwVTY2cVoyWXFzaHdJYXl1c2R2NktiWk03VXRmYzBCT25SOXNjNG12Z3dEbHkwUHF2cHoteGNuWGtGRDBHYjBIcDY3?oc=5&hl=en-US&gl=US&ceid=US:en,BBC,0.0
"For a UChicago designer, video games illuminate real-world problems - University of Chicago News",2021-10-05 07:00:00,https://news.google.com/rss/articles/CBMilwFBVV95cUxQQ1Z0QjZNNG15OVBBR1BjMzFUU3d1ZzVwbkhhVUdxWVJQWU91RllzdnZwazRKRThyM2oxNENfcEoweF9JbnpmdUxMZ3dDRi1UaE9wekY0QjJ0NnpLZGtjeGgxM1E3RDVyZjcxaVVnVk1ZM20tekZadHFOZzlPMi0wNjVlOUszN3lGdkYzcXV5b3lxTUZCVGt3?oc=5&hl=en-US&gl=US&ceid=US:en,University of Chicago News,-0.4019
"French Church abuse: 216,000 children were victims of clergy - inquiry - BBC",2021-10-05 07:00:00,https://news.google.com/rss/articles/CBMiWkFVX3lxTFBhTU5vRWZoSEFhTVlKcFkwam5Ua2dkcWlUZlFxVnNPNGMySVJ6MnZHdldPZkRXM21XamhwcnZwc3FxcEJFczRSX2hSN3gzZk4xRk56Z0J1TGd3Z9IBX0FVX3lxTFA1cWdndVg1MkRNQWdELWlJUzMwdmhFRkdKazFfZjN1RUVHVXduYmdYOE9NUXhRMnpKN0VybnhiUUJIQkZTVE1hRmMzdF92Y0NubGtfdjBFaHZOX25kcVRR?oc=5&hl=en-US&gl=US&ceid=US:en,BBC,-0.7579
WHO’s 7 policy recommendations on building resilient health systems - World Health Organization (WHO),2021-10-19 07:00:00,https://news.google.com/rss/articles/CBMirAFBVV95cUxNUk92dU52MktiVVZhRnhfdTg4SHFDcFRlY0pCbkdGdjh3alpxY1FITXRKWThjcTlGYmpvV1VDdS1uekZlVDNvTTJvcnU2bHlkdVVXX09sb2NxSlM3VlBDemZReThMOUNlWnBJbm9jMkx4WTBZREpUYTVUcF9PazdKdElKMUFOLUFxN3VFTlQ1LUZ2MTFNUVRRTE91NFdDb19sVm5pb09CX1BKS0xX?oc=5&hl=en-US&gl=US&ceid=US:en,World Health Organization (WHO),0.0
Ethiopia's Abiy Ahmed: The Nobel Prize winner who went to war - BBC,2021-10-11 07:00:00,https://news.google.com/rss/articles/CBMiWkFVX3lxTFBPakpqTjVJdm5kbG9sekx2WXIyZE5vT1ZPdmJ1ZUROZlUtMzNVTHFPQ01kdDJxVXVzOWNpOW9MV1pKV2tOOVg2SkdYV2Mwcmp2UG1jNDJFdDczUdIBX0FVX3lxTE5UdWE2VGR4UlBoTGlkNDQwaEdhbS01SUUxR2RMTDRuSHZqWUQ2V0xTOE9zdEJ1Wkc0RGxueFpIX0ZzcGFjVVBhMXlSNjZPaUVwaUx5aVVrTDlkTzRJRHlj?oc=5&hl=en-US&gl=US&ceid=US:en,BBC,0.4939
World Health Organization Secretariat announcement regarding the election of the next WHO Director-General - World Health Organization (WHO),2021-10-29 07:00:00,https://news.google.com/rss/articles/CBMi4AFBVV95cUxPLVF2cm5VMmJyOGx5cDRkY1pYanQ4ZXFsMkt1dFJ4eTZyTF9ubDV4LURMdjl4X21QcnQtcDJJSDhCaVFGdjhuMjhmeFlQbktYQ19OZS1oZDhUc040NjlNQTdiZWI2WFM3SEdQSndHbDd3ZmdlbVRWQWluUDM2ZFpWUEYwQURkM3BnaFpRelFFZEZSRlpDekl2M2UxcW1Xd2FyTG9BVHhHZWJfMXlNdWdWSHVCclZKYVQxUlhuRFZselFwTGtkdE5xd3plRnlxTWkwdXRlR2pNWl9INVRER0ZGVg?oc=5&hl=en-US&gl=US&ceid=US:en,World Health Organization (WHO),0.0
WHO takes steps to address glaring shortage of quality palliative care services - World Health Organization (WHO),2021-10-05 07:00:00,https://news.google.com/rss/articles/CBMivAFBVV95cUxQN3NZaXd5TGhYUmY5bE1ERzQ3dUVzS1BLQ0FHa3NLanpkRmYzZkpjbTY5b3N4aUdWOGZOS0RkSnRQT1ZpWWNKcFhqaHNYV1hQV0lwZ0xmTG5iWmN1dGhhWk9HREJ5UFliUTZZV2NVOUtlZVZHc21hcWRYT1ZDSnNSZGhnQVpJNUhRNEoweTBwR0t3SlVxMVduQy00anJhT09vY0xvNHU1dnF3LWQxSHNxWXpQVnhkSXZGNl9SeA?oc=5&hl=en-US&gl=US&ceid=US:en,World Health Organization (WHO),0.296
Nuclear to power remote gold mine - World Nuclear News,2021-10-12 07:00:00,https://news.google.com/rss/articles/CBMigwFBVV95cUxPVUNKZ0M1Yl9yQXlocHJrNGZERERGY2lsZzBXSDQ3YzV4dTJDdlV6UnBVRWw3aHpWLWRablJ4RmdkbVBCcGZ4bVhKMDZ6SklfbTl2MXZ1c0ZxanB1MUNUYlFncmxmdzJGS0prZW1mcHRQNGZnODlkQVJqWXA5b1RzclpvZw?oc=5&hl=en-US&gl=US&ceid=US:en,World Nuclear News,0.0
Jumping spiders’ remarkable senses capture a world beyond our perception - Science News,2021-10-25 07:00:00,https://news.google.com/rss/articles/CBMiogFBVV95cUxQRVZRdktuRDliQWpVRHRCSnpzd0FRYjRmbDZ5TEphazN6YUZDR3lOU3g4X1pyV2FnUGRlaGJRTG9lM3VNZWpjUTloMlhtSmdYcXdxWlkyckJpdTJINGtCVkkwUTNvaUtFaGtHZFhnR3dJNHNNZ012bGRsak5Hak8zd1VHMnFYWEl3eTdfVU9pbXZKLVRvVmlqdFh5MkxUenFyU3c?oc=5&hl=en-US&gl=US&ceid=US:en,Science News,0.5574
Pharmaceutical Quality Symposium 2021: Innovations in a Changing World - fda.gov,2021-10-26 07:00:00,https://news.google.com/rss/articles/CBMiwAFBVV95cUxPcjJlWGhaWXBJVm81MGpONl9nTHpUR3A1blFvYnJnektNOGNObk81Z2JQMTBzMkFOR29XRWJBUlI2aHE5SzNkeTUwb3oxWWpEeEhVSkY0dzNob2NvSGU1NV8zQ0xBeVRQZkJ2d3pkVGQ0Ykg3Mk5jc214MUFHdGluVjVzV0Nhd0sxZFBGVVBteHNVWVlGMUNrdlg4anJXTEFYVm4yN2FmRGxNTFNDbTBBY2QzV1E0VkJDTmtzTkpKYkg?oc=5&hl=en-US&gl=US&ceid=US:en,fda.gov,0.0
2021 News items - Coordinated global response key to MSMEs’ post-pandemic economic recovery — DDG Zhang - World Trade Organization,2021-10-22 07:00:00,https://news.google.com/rss/articles/CBMicEFVX3lxTE5RT2xPZXdKdmEwc3QySndocTRFN1ZZN1p3MDNjYzZmMjNvRWdVQ041WVdpdkxBZ2NPVmoxWTlHM0hKbWRtUHVJR3pOTk43RzhqMTBGYWI5MFQ5SmFNRmRzS3dENkN3WldWOWROaGJPWjM?oc=5&hl=en-US&gl=US&ceid=US:en,World Trade Organization,0.0
Afghanistan: Who are Islamic State Khorasan Province militants? - BBC,2021-10-11 07:00:00,https://news.google.com/rss/articles/CBMiV0FVX3lxTE5IVzdtdHBuRE9Fa3Q1b3IyUGtJUWdKenpuX2RKeFpMbHhYRFg0TTY0NkVTZFpkMHRJY1UyTFRLMGtHM1V1X0drTEYxMEp2RFlzMEh3WGJJONIBXEFVX3lxTE93RDgyWlpmVVdkSERpSnNjSTh4MlBCdHRlZW00eUt2bWF0ejlZX21TRmFVbnVtNXAwX3I2RTQ3d3ZXeTJ1ZTNBLUNnS3J3OEs0Q1dfZHJQWUFMU3E2?oc=5&hl=en-US&gl=US&ceid=US:en,BBC,0.0
October Store Update - newworld.com,2021-10-20 07:00:00,https://news.google.com/rss/articles/CBMic0FVX3lxTE12dXhtZHZNQkxvZUFjQ0hUUmg1TnlobzlVR1J5aXNhLUV5UFNDZGpRa1RGZFNVTEhmakl3XzY0ZmV1NGZOX0VuTlJwQ1YzN091UE16YU1lZnZ0MC1jSTRLb0d4Y3FCVzUzUS1mdnh3VVU1alE?oc=5&hl=en-US&gl=US&ceid=US:en,newworld.com,0.0
Sebastian Kurz: Austrian leader resigns amid corruption inquiry - BBC,2021-10-09 07:00:00,https://news.google.com/rss/articles/CBMiWkFVX3lxTE5KNllYaXN1QjhvbjdET0Z2dGE1WC1LNS0xVXpMb0RYcFFoemNXeGE4MHhXZ1ZESXlyci1kVUpTSlVnTlFfWEVXVFNCdmVfbGpyZ2hDVmJNVGVXd9IBX0FVX3lxTE5SRmY5OUNPVzdYbG95ZUhyX2FRNEpwbGphUE5LTE9zaUNBR213REpYMncxWjdTYWpKRUhLRVJWZzAtQ0RfNUxoVXhFc2hSeVNnc0YwRzI5Qk8xV3lKT0hZ?oc=5&hl=en-US&gl=US&ceid=US:en,BBC,-0.3182
Shares in Digital World Acquisition soar by 400 percent on news of social media deal with Trump - NBC News,2021-10-21 07:00:00,https://news.google.com/rss/articles/CBMiuAFBVV95cUxQX2F5TnJDRU5aMjJnS3hCSUJlQzF2anRDaHhWRHFDa3ZGQXhORVV4X3lFSXZleDVJd2Z5Ynl1S0dxejNlTkdBc0JqRWs2SnR4ZTNtVmtaWEhwcXhma2djTF90V0oxNThfemdEMXZ3a2FJeFdVdC1KeC12MlhXdUtuQmxGRHdCSDdOXy1GaVR2M1dUUktQdU9Ic3hNMEQzSjBTQjdSQzU0X0swM0liNXgxWFQ5MnVFVGti0gFXQVVfeXFMTXNLM2dnek1NOTd4Q1F5NVVQSWZ6V00wTURkVWJqX1FlNkxDSFVMWkNBOFZFY0NMVmRLUUlYWmJWanlha0x6bzJDWVd0X0NmUmtTenpHbFF3?oc=5&hl=en-US&gl=US&ceid=US:en,NBC News,0.296
Climate change: Extreme weather events are 'the new norm' - BBC,2021-10-31 07:00:00,https://news.google.com/rss/articles/CBMiY0FVX3lxTFB3Uy1lU2pQQ1BZZlJvZWhTVUR4S3JOZUVhWVJmOHc3c1V3dHJSUWpjZ2VzdEpjN3FDVDYtVGpGZUFTZ2IzOG5VR3kzMDVNYnNReW9Ncms3M2xHR2ZsY0hWczdmd9IBaEFVX3lxTFBCdFNsTTN0T0U2RjhlSmFxcnI5aTFJbGEzbzF5S1NHbnF3MmczRkJkbWFRRDc5cTJxSGdpQ3FhUHZaZGJhY3N4XzhiSWNTSjNTRG1PdG5uX2EzczFUcDFURDExVnQyaHNR?oc=5&hl=en-US&gl=US&ceid=US:en,BBC,0.0
Poland stokes fears of leaving EU in 'Polexit' - BBC,2021-10-08 07:00:00,https://news.google.com/rss/articles/CBMiWkFVX3lxTE9uVmZXNVBVbkdodHR1d3VSM0xzVFpWTmI5ZWZhSXQtM1hGM1ViRURTV1loNTZ1S2NRd2dHZHgtWGQyZXluVXdaRmZPUzE2bFF0d0hRc3Nra0xVUdIBX0FVX3lxTE51OHI5MFV4UDRwWlJSM05YMHVhY1hIbUdNeElvdGh1ZC1xU3BGc2pyenQ1cDVldnR0dHMzeXZKd2UtVlAxV1c4aGtmRE1Qdkc5V04xdzViZFRzZlNueXJB?oc=5&hl=en-US&gl=US&ceid=US:en,BBC,-0.4215
Nazi trial: 100-year-old SS guard in court in Germany - BBC,2021-10-07 07:00:00,https://news.google.com/rss/articles/CBMiWkFVX3lxTE9YRnpkdHJXdlNwS1dMTDV4UTZaemtZVFFMUlVkZ29oVGtVajhKN1p3YUZUWkhSU2JJT2QtZjZ3QmhqR0k2SC1YemM2VkRRR3gtV0lrRjFLOTlvQdIBX0FVX3lxTE0tdFV1Ul9YUXlQd3pqdnFZOGxtOHJzbms1dElDQldKQ3pJYVVGd1hzdi1GaEQ1cHU4WlJ3THBuclV5RHo2SEY5b1NGeUlsMVlrTGZaR0xuMkpadU9RYlNZ?oc=5&hl=en-US&gl=US&ceid=US:en,BBC,0.0
"Little Rock VA honors World War II Army Veteran, 96 - VA News (.gov)",2021-10-03 07:00:00,https://news.google.com/rss/articles/CBMigwFBVV95cUxQWl94aXBacFNMY1JQLXp3RmxLbC1xZmM4VHBrbF8tc1B4dTBwSUl2VVdyZWhEaVdjTi1aSmRsb1Vhb25FNjk3Smt0bVpTSC1LVHJYVldoN2NFNkwwNjhBN19EOE1sWWR6dU5sdW50WjVjdGU2RTdCMDJxLUlpOGtiMjJqWQ?oc=5&hl=en-US&gl=US&ceid=US:en,VA News (.gov),-0.2177
Sudan coup: Military dissolves civilian government and arrests leaders - BBC,2021-10-25 07:00:00,https://news.google.com/rss/articles/CBMiWkFVX3lxTFB6VlROTGtocEF0N29OcW5seUFOYVN6eWVadUk4OW1jZHkzUnFkQlRJNnpTOXA5eDhwTHJxVjRBSkU5Z1Z3VXEzZjNRU2UtVmN5WVd4MUFsSmFSQdIBX0FVX3lxTE9lSGdQQk1yTzlESXNwVnBDY1JpMWRpYjhiZFMwZlIybXhSYXRjNlNrc2UxZmNoT1hqd3c2LUUxZG5zQVZHeG15NUUtd3dpVUNEdk1VR3JneTZSLUlkS3RB?oc=5&hl=en-US&gl=US&ceid=US:en,BBC,-0.4404
College Enrollment On Track for Largest Two-Year Drop on Record - U.S. News & World Report,2021-10-26 07:00:00,https://news.google.com/rss/articles/CBMixAFBVV95cUxNdFJLVzR0eW1fcFhhMVpmck1KTDVDZjVwMzktZG1sMjFlX25wTGJucjdUdnNTcms5cWJDdmo3cm5KUG5UaG5lSUp1b1QyRDdYVE1FZWJWTUFDU2doYXFHRHhSSlI2dWVYRHhHVGFqaUF3dkdrOWsyUG1Zc1N0clhEWEM3S3JLVGRSQUR5MkFEQ012QnllVmozQTBKU2ctMklodndfM2xvekVRcE5iMS16Wk9meTMtZ3BFY2FCQjZhZzRheGwt?oc=5&hl=en-US&gl=US&ceid=US:en,U.S. News & World Report,-0.2732
Network of 30 ‘world-class’ campuses to be built nationwide - University World News,2021-10-09 07:00:00,https://news.google.com/rss/articles/CBMid0FVX3lxTE5zRUx4Rmt0THFIblRUSW5Ga2Vvblh3ZDVLWnE5TU0wN19fenNBajFyakFsRlc1TzM3Q1dCekpadTM3eTdkTkRzUDRRYlZqS3pNNUVaTHFPWnU4ek9YaDkwREc1Z3NpbFFyek9PTkhoNlkzejhocldj?oc=5&hl=en-US&gl=US&ceid=US:en,University World News,0.0
How a massacre of Algerians in Paris was covered up - BBC,2021-10-16 07:00:00,https://news.google.com/rss/articles/CBMiWkFVX3lxTE00Q3Q5QWhjTTV5V3VXVHFtWWJtVno4d0kxTlYwSUxMN2p1bTNOUGV0X2MzajNfMEFNOHZWRDdid0lrS2ZPNWJFR2NoNTJZeGNzZE5YaFA1enVOd9IBX0FVX3lxTE9OMUNmS3NWN2NCa1IyRkpuampsWmlOODJJbVZkbTdwZEZHdVRTV3gteGdxS2ZLbVpIeVQ4MThwYjlxTUx1WTJjSjg1dnJVUTl1N2hxREVXWl8wQ1VmeFNr?oc=5&hl=en-US&gl=US&ceid=US:en,BBC,0.0
Football champion Didier Drogba appointed WHO Ambassador for Sports and Health - World Health Organization (WHO),2021-10-18 07:00:00,https://news.google.com/rss/articles/CBMi2AFBVV95cUxQaDRHZUtvT3FOUUoySTVLQzc5Tm92ZVg3enQ0SHRrQll4RENlUFNwTFQ0Y0gwNlNLX21uX3B4cW9WbkZlVDFsalBRNU1WcGlNWDF6dWZIM3dJek9aUEtHSk1aNFBpbF9kVEh4LTdpYkhmMFVJUGJZWC1NTTFZU0dTOWkxSHk0bFExVlhhSjdzUXlaMVdFVS1YWEx2X2w4bDVCX3NHNC0zYUhHOU1PbWJHYTQ4alRXQzBiRF82VWRqUW54X2IyZG9ndmwxWWt2c205Tk9oN0xWcFI?oc=5&hl=en-US&gl=US&ceid=US:en,World Health Organization (WHO),0.5994
Science News: Jumping spiders' remarkable senses capture world beyond our perception - University of Cincinnati,2021-10-26 07:00:00,https://news.google.com/rss/articles/CBMiyAFBVV95cUxQYmtoMUphcHZkTm5VaW1SV2Y5aWM5WUNzNTM3T1IwMGtKWGNKcTJaeDZvSG1lWFU4YTJMa3FOS2l4V005MUh5bzVrWFg2WDZieEppaTh2WTJwbDFCdWJ0MVJxM19hTDA2aHppeTA4RTlxakxuR0FOQmlMMHpqRTI4U056WGVOT2dEMXlUVWxrLVdnampkN05yRW1WLVFWUmxvMkRfdUdIQTJfTkZLelBXdksxbjRIYTd4MndJU1g3c1BLQWF0dHB5LQ?oc=5&hl=en-US&gl=US&ceid=US:en,University of Cincinnati,0.5574
ABC News Plans Climate Change Coverage Push (Exclusive) - The Hollywood Reporter,2021-10-27 07:00:00,https://news.google.com/rss/articles/CBMikwFBVV95cUxOZm1QOC1JaklQNk9ibGFscnQ0dUVSSjlwNFlzbUI0WG1JcWFsaUl0c2gzWnBYRkdZVG5fVGhBOWI4aXRGdHdSaExZa183VkduMndfcm1QYzhBVEJGUGxQOTFERmJpZm1pR2pySGp0VVhSd1o0cVROR2loWTZ1bjNVRGk5ZllVUFROdkxnLVFFekQ2aEE?oc=5&hl=en-US&gl=US&ceid=US:en,The Hollywood Reporter,0.0
"For Mekong Delta Farmers, Diversification is the Key to Climate Resilience - World Bank",2021-10-21 07:00:00,https://news.google.com/rss/articles/CBMixAFBVV95cUxPWFl2QjEtc0tKbDRFQ25xdk9Kd2pZUl9UZFJZYnIwRU5DZXN2TzVtdnRyR3VydWQ0Sk1rbXJPdUV2Q0tnTlpaMkxrRUxYelhNRndIQXF0cVhCS3A2Vkx5TXVSQ2ljM3FoeXo5NzBYSXFyczFYN0tMVGVXM2hRWE1WSzhFNUszdHhudVJKZVJPRXZHb2tpSG8zRG9jakZEWHVCd2RSd1NReC1kWUExV0tLN3RLVnNRYmlybHlSbjBXT0hPdFpy?oc=5&hl=en-US&gl=US&ceid=US:en,World Bank,0.0
How 'Let's go Brandon' became an anti-Biden conservative heckle - BBC,2021-10-11 07:00:00,https://news.google.com/rss/articles/CBMiXkFVX3lxTE9SLVRFVHZEcDlJZHFNNnJDYjJkRmpWZUxUejNONXg3aC1iUWR5VnduNlVTWDZBOEhGZXVoUXRORGlHQVVCMlBvR2w5QmtlbmdSYWZEUXlUVl9LQmtiR1HSAWNBVV95cUxObVZocE1iOXROOUdyUXZ5MDBXTlJDcjY0QjlwMjNPMnZ0allBRzdoZEd2cC1nWXFoZkN5cDdkNFpMRjVGZDJEOEVYbDlVU29NNDkwYXBQY041b1RBdFhOR3hMRms?oc=5&hl=en-US&gl=US&ceid=US:en,BBC,0.0
Why is the idea of ‘gender’ provoking backlash the world over? | Judith Butler - The Guardian,2021-10-23 07:00:00,https://news.google.com/rss/articles/CBMiogFBVV95cUxOc0FsOEJDREZ1RzNRZjU0SWYyZkRTNmptOUZnUU94N0tfbUFuSWhzUHNaYVZFRkFwbzU4MVpPTFZiRzNVZHhidHZ6TzA5Q1pHR3RsY01KaXlKNWc0Wm1TTjB0d3FuQ3dINDBuUTdZLVZGdHlJX2F2eWJuTWx3UDJYdzFTdmZsV09hRUYyQ3U3cDVzc0tESWZQQVRzdUw0U3BaWGc?oc=5&hl=en-US&gl=US&ceid=US:en,The Guardian,-0.2023
News - Phillip Martin Finds the 'Newsworthiness' of His Own Story - WORLD Channel,2021-10-20 05:23:10,https://news.google.com/rss/articles/CBMinwFBVV95cUxNTXJXZEZxOVhqM1duNGUtMkNTN2llRU1zTGJXTTB2UjlmWmoxOG9WTVJwSU16NXhGNlZVYm5BeDBUeExYZ1lEZm5LZjVmbTBCcUplekJOTHB3UmRZcGh6ZnE5aHRwRE5QVEtZUVk2aHBpY2g1ejlKR2RXZUVWT0RFWFVjdFVoZWF6VjB3dW9qRG5GcVVtZDVmWEYycWxhcTQ?oc=5&hl=en-US&gl=US&ceid=US:en,WORLD Channel,0.0
‘Utterly unacceptable’: World reacts to Sudan ‘coup’ - Al Jazeera,2021-10-25 07:00:00,https://news.google.com/rss/articles/CBMihAFBVV95cUxOWWFpNHk4WTdqR2pOb2JhczV2V2ozRFU0Ym5iRzdlUVhMNDJ1alZLOHlGTVRwbjhVOUo2b2tfVEtsNENSTERxS3FVbmp1ZmFOMklud2x2RkduWVliWVBERnM3UDFzQlR1bHNIVS1feWNsNnJuZ1lZRVd5TGw2SFEyWHAtU1DSAYoBQVVfeXFMUFFIdHl6d1FRUkxTWkJTS0pKRktuQ1pROUl5ZVhPNXd4UnJXRHJDdm5rcTlfUE5oTVZkY2NQSG53ajd6U0p1UkNIVXRsV0xvTFk2cmRpVWtsZ29JQUwyalJ0Y0JDNmVaS0NpdnQ4dksxY2VwZkdITnBBYm1kVTRkQTFyNmdfOG41WTln?oc=5&hl=en-US&gl=US&ceid=US:en,Al Jazeera,0.0
Guinea coup: Who is Col Mamady Doumbouya? - BBC,2021-10-01 07:00:00,https://news.google.com/rss/articles/CBMiWkFVX3lxTE1fR3ctNVB6VDZQVjVIcGs2dEpzQzBhTS1VSjFtYVpIb1poUHF0NUFERUlGR3YxbGoxVDNMMmhCb3FLMTNpbmVXMUpKQm51S2s1TTFEWUtMQjF5UdIBX0FVX3lxTE44UVFvSEZCNnBod0JnZXNSbUVQX04tWlF1WnM5cHhYU2MxT3YzT25abGQ1TjhTeXdIU1Q4RlhYUE9JZnByUWJXSXRSYWxOTkhfZFQ2UGZ0T1ZjRHFHV1hZ?oc=5&hl=en-US&gl=US&ceid=US:en,BBC,0.0
Tokyo 2020 publications now available on the Olympic World Library - Olympics.com,2021-10-07 07:00:00,https://news.google.com/rss/articles/CBMinAFBVV95cUxQYUUwa2J0RlZUaThxS011U284R3EyVzNnY0pPdUx2ZVA3ZkJEQjk2VFRldlc0YmVnN0xudU1Cc3RBRTlLc25iTmpYdUsxV240a0NvVzJoZ1lvRFlRTFgyYUVnbk02NnRWeGFoZkE2dFJQRlNmRWtVVnl5NVBxNFlwUGlBT1FCMkNsb0d3ZHFsaWVfVGF3WkNwcWxiNmc?oc=5&hl=en-US&gl=US&ceid=US:en,Olympics.com,0.0
US-Taiwan military links anger China - Hindustan Times,2021-10-29 07:00:00,https://news.google.com/rss/articles/CBMiuwFBVV95cUxQbkxQSGo5RW1fQ3FRdWFqOHItQlJ3VURJSVN1bVUwN2dSZGNMLTUwd0MzcVlybmJpOThfOEFHeDVJUjVRLXBfMjl4MG1pSDR1WTRXRTJQTGJncUp4dGtQc2dmVzZmYlhsczhmRmx3US1wcklycXJGV3VvQUk4YVgtLTVhWWtKbmMxa3FhejJxSUlZSHpiSlAtbXM1T0l6eFN5VUxfR09Yd2RjWGR0QlBodW1CaUlvSlZXdHRj0gHAAUFVX3lxTE1zVnF1NlNSYnZYTG9Bd19mYzRmWlllODNLRkVPNXk3RV9PR05idVo3TEUzN01zejhhRWdlbmt0VTQ1Nm5fNGdyV294dmdCNEdHUDhGeTdRNEZyNUNHR3pFRVo1LWpyZUVQNXN4eEloX1dCWXc1QmVQZUNkZ2NlajVHQ3FiNGp2bVJfUzVGaTJlQXdhX3RTRGxvOEZrTFNORnI1SUVWWGF6NFlZd2g2TTF4cldxbk9HczFWRU4yaDNJaA?oc=5&hl=en-US&gl=US&ceid=US:en,Hindustan Times,-0.5719
Kongsberg: Five dead in Norway bow and arrow attack - BBC,2021-10-14 07:00:00,https://news.google.com/rss/articles/CBMiWkFVX3lxTFBiVzdKX2l0YW9NZlBoWHRQM0J1YWk2d1NtWEtBci1KZ2wwRVNweFUtQzNvcWdOWGM5QnZNMGp5SUxVZ1Z3Q0pyTVVmVk81T0VkM2ZHV0NIcW94d9IBX0FVX3lxTE9DRnN2Q2pVZzJlbzlpeHJuY2dCZ2hVUjhaSHBqazNUZ2huY3VtQ2FuSW0tMW40Z2luSk5wUE1BQ0FqNDB5SmdJSkRIV1FOT3NNLTVfZkc2dXB2eUtuM3FZ?oc=5&hl=en-US&gl=US&ceid=US:en,BBC,-0.8126
Students lead real-world projects through prestigious UN-affiliated fellowship - FIU News,2021-10-04 07:00:00,https://news.google.com/rss/articles/CBMipwFBVV95cUxPWXZVRGZhdkFWWFpMLTZtQ1pZbmRuZEFIQ3pTNVpDNVE3R0plNW5NNG80WnZibUhxaDlHVlVzWDJLYW1yZWZ3UEhkSmVibnEzNWU4dWFUZ3BFWG5qOEFhNHZic1FWTXczc3RTWm9JSGRpSThJVEYtcktSUXM5YWRHR1VkWDYwUEVXM2dxV09OQUY4cTQ0ejF6X3dXQkJWYTljcDRESTVWNA?oc=5&hl=en-US&gl=US&ceid=US:en,FIU News,0.0
Germans asked to keep reactors in operation - World Nuclear News,2021-10-15 07:00:00,https://news.google.com/rss/articles/CBMikAFBVV95cUxPeDlkVmhGWEtfajhhRVhkZlVxRHEtdFlscG5KUkxPNTJKZzlTZG94QndpTUlpNjEzZ1FBZ0Zna2s2T0tjU2Q2YXlzc2lNVkc5Wl9DLXhLdjR3S1hQNW9kVWJlSFRmQW80TkljQ2p6VXhkV2JNSnNVcEJDWFYzUERPNmpUejJvTXpnZHhLUm1vWDE?oc=5&hl=en-US&gl=US&ceid=US:en,World Nuclear News,0.0
The shortages hitting countries around the world - BBC,2021-10-18 07:00:00,https://news.google.com/rss/articles/CBMiV0FVX3lxTE1jbXlyQXByLUxkQzhzTUNRbE9hQ0VXelctZGxBN0Y5WTYtVzhDQkFndWw3YkgwdklYMmdVR19wUzRNdG02M1FBRGd1Qk1nS0ZTWUpZMWpZWdIBXEFVX3lxTE9hbDd2TFh2NGIxSFJyUktwWHViblRQQUE2Ry1ZRmdhaDA2anZRTkxpNVB6MUxRSTU2aVJIbmdKdHJQN2JKeDh3cGxFRFBJRm4zSTZmYVdpdnBkZ2dP?oc=5&hl=en-US&gl=US&ceid=US:en,BBC,-0.1531
Campaigners stage climate protests across the world - PBS,2021-10-22 07:00:00,https://news.google.com/rss/articles/CBMijwFBVV95cUxPcVdaSW9GOEt5N2llQ3VZSjF2NXJZQmV5dGtHWUhuSWJ5blkyS05uekNIZ1F1WHh2TTRKVWlOdjU4eUh4VzhGSG5zTmpWX2JWajNqV0JQNmlIbmd3VVFRQUxZOGYyREVHV1Vkc0E0UndIa3JlM0ZXUHZCYi1kemJBNDdqMlludGxoNTdtdVg0Zw?oc=5&hl=en-US&gl=US&ceid=US:en,PBS,-0.2263
Afghanistan: World must act on ‘make or break moment’ – UN chief - UN News,2021-10-11 07:00:00,https://news.google.com/rss/articles/CBMiV0FVX3lxTE05WTByS25adDZDMG5hX0hzNnlFR0FaVXpSWVJGa2lYWHhXT1dxa18yYnNLck9LYTFuQ29EMUNDQ3FHR2RjcEQzTTU1UVk2bmVDdXF5bjV6NA?oc=5&hl=en-US&gl=US&ceid=US:en,UN News,0.0
Comprehensive assessment on marine litter and plastic pollution confirms need for urgent global action - UNEP - UN Environment Programme,2021-10-21 07:00:00,https://news.google.com/rss/articles/CBMisgFBVV95cUxPVFctbHg3XzhuWDMtUjdERmVRMm5pSUJVOW4ybHZ3SlRxcTJOME5QakU0R0RtWjJlX2pVQzh1UlV0ZG1VZWptaXU4bXRGS0tvTEpLUzNDZFFIZmttWTFocGd5RmM3RTYxb3RFVFNCSGltanpMR0IwSWNvanl1bU93Mm84MkpqMGRjb2ZWVk9jOUZIeEJRdnM1UEpCazRwMXVWSUttZlJrejlmdkZwd1N1blp3?oc=5&hl=en-US&gl=US&ceid=US:en,UNEP - UN Environment Programme,0.4215
Commodity Markets Outlook October 2021 - World Bank,2021-10-21 07:00:00,https://news.google.com/rss/articles/CBMiywFBVV95cUxOZkZQYUtycUIxNU1EZUoydDZ4NGdXQThWcVo4SkFhNUZ1ZG9TclQ2S20ydTZPb0tuaGkybjAyd2lnbnNXSXZ1eHI3NEdGQzluVF9ScTFfZVFZSFZ6UkhHNGFYWlY3T0I2WUZCY052WE50bWo4ajI5NER0SlNsODNYN2E3RDR2NjlERlR4QVJvV1dKVUc5RGxvWDJTY05aWVBBcVliODd4bkg3UkxYUDhVSmZIR25BNzkxMmVRc2dGQVhBSVJIcFFlVmxQUQ?oc=5&hl=en-US&gl=US&ceid=US:en,World Bank,0.0
Pandora papers: biggest ever leak of offshore data exposes financial secrets of rich and powerful | World news - The Guardian,2021-10-03 07:00:00,https://news.google.com/rss/articles/CBMi2AFBVV95cUxNb3BfbjZqaHpuTmZVQ3R3X1pCTjUwdExxSXRrOExOVjlrYUdWZGVoRGRJVGVRVi0xYkRYNnN2bHZZYUp5REd6NVBQeFhzVUFlbEpwdzRBNTNDMG9nNjc1eTV2LWFSOUl4SE1rLWZsb1ZfVnBLMkZ5ajZDZUJlMV9BZFBMT01LTTg5Qzl5QklSU3NWS3BkemZqOFQ3WWNXY3JyWVZXMlVjNzVfa29pdVVYcUJhM1FQM0tlZUVPUE16aHZSbXVOWFJTbTdCMXpWemtGcXlfSXNGTlU?oc=5&hl=en-US&gl=US&ceid=US:en,The Guardian,0.5423
Bangladesh plans another nuclear power plant - World Nuclear News,2021-10-11 07:00:00,https://news.google.com/rss/articles/CBMijAFBVV95cUxOX2FOaDh1WDNHZEZPMFRIQ1phV2ZQMWpMVElkMy1YLTlkYkV4M24zS1FzN0VaMDU0ckRuckhmN3lWY1c3TGdXN0FZdnF4NEVXVENjREl5RkgwR1ZLSHJqNW4xUENRcktRN2F3bGs4bmVhd3AzX2NLNW8zVUFEQlFrRDMtUjVaVHBuckNzZw?oc=5&hl=en-US&gl=US&ceid=US:en,World Nuclear News,0.0
What does gender equality look like today? - UN Women,2021-10-06 07:00:00,https://news.google.com/rss/articles/CBMingFBVV95cUxOWURmQ2ZaQmVEdEdnVDJlWGNidDI3MVRRUVJXeVRDV2RKbnEwa3dSVTlBSlduckpydnhvRmFEZ3c2Y29qeG9YdlJIY21vQ0RmakJRdmhKcXBYN3Izckk5bUliTzc5MjZLTVppMkNtNzA0eTRfOThGS3NXUngxMTdUZVk4WG0zWmVEUUthSVhsdDZlcEdRbllLYnAzLTRadw?oc=5&hl=en-US&gl=US&ceid=US:en,UN Women,0.3612
State of Qatar and WHO team up for a healthy and safe FIFA World Cup Qatar 2022 - World Health Organization (WHO),2021-10-18 07:00:00,https://news.google.com/rss/articles/CBMivAFBVV95cUxPbHcyR2xSQ19OMUtLZ1k1bUt1TnNmLXpjcXFqWF95RWV6ekRGRW16VXptdXptaWtKcG5rQzlDakQ3dzQ1M3ZGMFJONlpZNVh6RWtiRVhkdzNJcmhEZVl5RGE4Q1JoV3Zvajd2SVE5ZUIyTlgtN0ozbkZtVVhYeTZoOU1VX3Y4d2VmZ0lDNkhSSnVmNUdQRFhnZHp3dmRvQi0wQmVZbjk2bmlBS1QyVVJ5WThkY3h1d0hMOTlYVg?oc=5&hl=en-US&gl=US&ceid=US:en,World Health Organization (WHO),0.6808
"‘Otoniel’, Colombia's most-wanted drug lord, captured: Government - Hindustan Times",2021-10-24 07:00:00,https://news.google.com/rss/articles/CBMiwAFBVV95cUxOdFFJRlJFYkxReHpDVE1KcVo1ZkV1RkZrSFY3UHJoU2xIMk8yWnVnbURwbUtnSzZEMmRpckNGaFhLNlljbDdhM2hYM2VPYXRaWlZlcVZjemJoOW9YTWdCYk9La2xNSUpVMl9xWmlNUmRjcFBodWRYSlBaTTZaS0NQUFNKSGRmWGcwRWU2YnZuSXVCdnVDTFJ0aU1fZDJaUURKdEFULXk1UWo4UEVmVGFxdEc1b19BcS1LOXJ5RVdMVzPSAcYBQVVfeXFMUFV2YTJYQlpZdmppc3ctc0I5bE84NzU2X1V6dFdDZVRBTGM2djlwNDQtVlZpWkJYU1dHbU0yNHZKSFU4Z1FCNi1ZMnhyUm1QLUxZUXJjaFkyTDhUREp0eFJxUmdOMExmcWduMUotZk5DejV1V0JkQXM2YVZodmJKYXhBWlVHUW1mWFRFTzQ3YmQzbEtINDdzUkVweFlQTEo5djVVenlCWC1waWxFcV9VUHhJRzJFbDdIeF9BdHVERTk2YVVveVJB?oc=5&hl=en-US&gl=US&ceid=US:en,Hindustan Times,0.0
"Port St. Lucie a retirement haven? Shush, let's keep that to ourselves! | Opinion - Treasure Coast News",2021-10-26 07:00:00,https://news.google.com/rss/articles/CBMivgFBVV95cUxQMnV4UG41LTZjSFMwTkYwaVBrN2RVMGxMVlRfcXRfZ1ZscTFIbW9kVlRid2VKOTgtd1drNnhYLUlGbVRpWklTRlZvVnNPd2J5ZnJsb0RxYk9VVnZPcW56UzJaZjFDeEpsVlNseUZXYlotUUF3SWI4ZjRnak81OXZ6NV9LUEk1QzRnVXFjc1pKdG14QlhqcFFENGxvR3Y2b0ZCbUhoRFlkNWVmRU95M0t6NUNibFV1b2V6a0ttUzBn?oc=5&hl=en-US&gl=US&ceid=US:en,Treasure Coast News,0.3595
"Donald Trump launching new social media platform, TRUTH Social - ABC News",2021-10-20 07:00:00,https://news.google.com/rss/articles/CBMiqwFBVV95cUxPYVQ0NDIyUTBYSi1kLTBTV2N0a0wwY1VUOVdzRDhyLURscGxRTF9ZYzBKMVdpSmE4ZERrUUhsRS1GX1BYMWpGS2JaZFItNEpjT0ZwN3Z0VTZtbTdWZTYtaUdjbk1FWUhrUHNKT3ZyVlRiUlk3VzZGREtiNlZTeDVSeVBFbEdFcnJGdTc4WDNIdDI0cXNUa0dISFhBUFNYdWpFanlCaXJSWXFSRFHSAbABQVVfeXFMUEI5cVIxZFJORjI3RER4Q1NfNzgtQW9zcXFBbFJyeWZXT1U3dmVJaWVaMEk4X3BWbzIyRzVwVEJlUWZMdlVhckxsUVBhb0tkeEQta2xNZXRYRGlMMDJ4MnFFSkxRMW5IZzRwdzcyYVJoVkI2LVhHa0Q5eXpsMGRIaFNoR0ptUEFhbl8weDBrbEtpVnFVa2dlaEpVYjUwdThuaXNYLTg5X1IwemxTOGl4X0Y?oc=5&hl=en-US&gl=US&ceid=US:en,ABC News,0.4648
"Facebook to hire 10,000 in EU to work on metaverse - BBC",2021-10-17 07:00:00,https://news.google.com/rss/articles/CBMiWkFVX3lxTE8tRTJCNnllWkhlNVVpbHlBZGJQRXc2NmlOYTBJTlZMV0lVYWFiYUI4NFAzamg5bks1dnlIcFJJakVnSEdESVFQRzd2MUZ4MVNUNVpZTEZKczBTd9IBX0FVX3lxTFBEcDFiOWZJLVBvbmFPTGk3MXhnSzhkcWFyM0lxR0o5UXc1X3l5SnlZNC0tRzVCRDd6aWRIZ2xKN3U3dV84alI4VW9LRlJQTEpXOVViY09RdkhDaFU3akI0?oc=5&hl=en-US&gl=US&ceid=US:en,BBC,0.0
Veteran women bear the torch for future women leaders in HE - University World News,2021-10-07 07:00:00,https://news.google.com/rss/articles/CBMid0FVX3lxTE5oaDBkUTFjV2k4MjZJUVJWcjJ6Q1lHTmRpQy1ud0hXYzIyY2VkbGNjbkRHOC1LWVpsODNqY2Z0SEdYNHNLTTJoamtrY09LM0JVOUJUd3N2Y21hdTlaRlBZU3dCRXlyWXB0MWk1cFBPTDhicVdVbmdz?oc=5&hl=en-US&gl=US&ceid=US:en,University World News,0.0
How Belarus is helping ‘tourists’ break into the EU - BBC,2021-10-21 07:00:00,https://news.google.com/rss/articles/CBMiUEFVX3lxTFBkZHdEUDhlYTd4Vy1PWnZIcUJ3d082OWREcWV5Q2pYNWNPSnlCRzd3QmNaZEtYLTI5LWNwejd4Q1kzMEFYWmlwUjF3UEx3RnVE0gFWQVVfeXFMUGV4V2xsdEFNUi1tTnV1VWw0UGIwdFExVU5SdF92UGVmSm8tSlJOTUV0azAxQWhFNzlpU0xzRVI1ZlpZdkhpdjZsVHBnX0NEUkNpQ3lDQVE?oc=5&hl=en-US&gl=US&ceid=US:en,BBC,0.296
Taiwan raises spectre of invasion - Hindustan Times,2021-10-07 07:00:00,https://news.google.com/rss/articles/CBMinAFBVV95cUxQRTFCVUkta2xiWWVLV0JJZHZoV05kOU4xUmlXRUhoUXA1WUtEeFB4R3pHa0t0dmpGeWlrS3lMWUhtWExxdWhxeFhxUWg2YmhvZmo5WVUwUkUySFpqUGpGYzZVV1Raa0NmQk92U2RZSFhRblJ3bllHZXBlUE1GRjdEOWg0Q2NTdDZLbUVHSWtDTW4tbHZ5aUJ1VGp6MXPSAaIBQVVfeXFMTTNNbWM3R0Rvam5uRkd3UHdqTllob3l6RHh2V1ZkLXFlNDNLZnhvbXlOeVMyRjB1VGFHYVZuSmVpR0pieU9DMk1oajlRMGs3Y2Z1bGMtRnNIM2Jfb3ZrYTBfZU0ySWFBOGU5MkdObmJrMmVrM3ZpelU3MEdzMmlEZDBZeTBhQy1TYkljbVNpcGt3TFNBRU9Db0FyWVpVR3hBcHRB?oc=5&hl=en-US&gl=US&ceid=US:en,Hindustan Times,0.0
Mali's plan for Russia mercenaries to replace French troops unsettles Sahel - BBC,2021-10-01 07:00:00,https://news.google.com/rss/articles/CBMiWkFVX3lxTE0wcmw1S0FHbEFPWmY1VllWbEoxRWI0cmU0Zkp1eXRFYy1RNmFPV1VJZXI2QWVoRjZFSm9EdG9Ednp6Nk5TTl9sZlo4dUl1UXpieDZaWXh3UFFFQdIBX0FVX3lxTE51ZlFVSzY0STktdV9Fd1ZxYmdqLWRwc0NSWHowN3FiUG5hYXY4NVN5eDdydThBWEN5b0hJUjduN0RwRDVSTEY5Q1VFZDlkYU1naEd2anNPYlk5ZzFoOVNB?oc=5&hl=en-US&gl=US&ceid=US:en,BBC,0.0
Update on Omicron - World Health Organization (WHO),2021-11-28 08:00:00,https://news.google.com/rss/articles/CBMiakFVX3lxTE9KQTdmbUx6SzRHVDZYWlJhVWhNN1E0R2JYV1EwdjMwQzY0THdlOUpvWk03X1RFQVJXRU1uM0Y3b1AwV0xCOEd0YXhYaE9OT0hMdV9aWTBfQnlpYlZ3anF3Z3NjZEU5d2RTOWc?oc=5&hl=en-US&gl=US&ceid=US:en,World Health Organization (WHO),0.0
Iran nuclear deal: What it all means - BBC,2021-11-23 08:00:00,https://news.google.com/rss/articles/CBMiYEFVX3lxTE1TTTRsN1JwZlNqYWkyRE03alRMNVQxMDgtdURsU2M2WnNWV3BYcmhsUVNfNm5VT3VlbEFoRHR6dkhBNXpNc3VyNklWaGxnbEtMMFQzOHdGaUpfMXpaRHhkdNIBZkFVX3lxTFBxQmo4cnd6Rlpmb3ZwM19Hc1YzOTU3UEZoTkdBTU8wYjNrcW1RU0FpMWVJRFY4dExmUWRjNTkzN1Bna3RxZjBtY2xZM0VWV1VmNHRzNkMybVB0V2MxZmhSRkpTR21odw?oc=5&hl=en-US&gl=US&ceid=US:en,BBC,0.0
"Global Climate Change Impact on Crops Expected Within 10 Years, NASA Study Finds - NASA (.gov)",2021-11-02 07:00:00,https://news.google.com/rss/articles/CBMitgFBVV95cUxQSW5oeVhmaVk1NzBZWmlHMll6RUZSdFB0QTJ3S0hlU25yMmpDbG8xajVoUlYtWDBUUDVQaGxNaDJMZTR2eDFvdXBjdUxXd3ltTmlfNTRxUGpIVFhrekkwLUpNUl9PWUJOTEVkUDlGdWZkbWppZ1I2SVFEa1RJaDNYNTZzUUN0dkpuUlE5a0ttNVgxSFpybDMxRHYxVjFJUGQ4RUdMM2JGUFRDaUc0Y201WldoZ1BMZw?oc=5&hl=en-US&gl=US&ceid=US:en,NASA (.gov),0.0
ABC World News Tonight with David Muir | NewsWatch 12 Shows & Specials - KDRV,2021-11-16 08:00:00,https://news.google.com/rss/articles/CBMi1AFBVV95cUxOT2JZaThIQUZrWkFOQUpsejBTV2RLSDg0RE9HbWhxWDQxdWlmdXNpbUhpaXNmNS1IeFFnbVlTVjlQT01Pcm0ybGRJSmpyN05qNTdPMG1zVXpWMFVYN194d1hRX09KUVBBc1FyWWxsbW5aaGRyNGJCRXBGUzB3aHpXdnlZLUZRM1llcmlBNmxQNDZnQ3R4VU0wOWNnaFp2a3Z3aFRZekY0bUtETW1NcUVUclhZVnBiR3lfUmF6T3pJVlVhdGVPMTc3RDFJWjlObFFLQVpXZg?oc=5&hl=en-US&gl=US&ceid=US:en,KDRV,0.0
What is the fate of Hong Kong’s universities under Xi? - University World News,2021-11-03 07:00:00,https://news.google.com/rss/articles/CBMid0FVX3lxTFBRd0twM3czbi1XYjlxTDJ5MmVfZjI5bFFhSUZiY21VVC0zV1hZZFpJMGJWUW01alhMbWxMdTlIWE12VjA4UUYtRUVEVjRtMHUwZG44SkdUZ0J6N2E3ZEo3WFJHeUxMb3ZmUUJVa28wTDEtNGYtUGM4?oc=5&hl=en-US&gl=US&ceid=US:en,University World News,0.0
Famine-stricken Madagascar donations pour in from 'World News Tonight' viewers - ABC News,2021-11-18 08:00:00,https://news.google.com/rss/articles/CBMitgFBVV95cUxPNC1IQlFYLUZMa0txN3lKSFpVM1lydHUwQkRuVndnNUd5ZnRDbVBoR001V1R5bV9FTjNpdmF2SXBZeUV1MUtOZXJpZnVjbC1JbGh3ZzNIWG9YcGhRSnUtRzVaVC1BMEZ3bGh6a2s2akhVUjV2YTFSaEJDMWlNczZhdkp5c3d4Q2ItbFg2b01VZWdrUnJ1ZXhuSDc0Nl9UVTNCU1JKYW5WMlJ2RElKRGNCOUVqU1NnZ9IBuwFBVV95cUxQTE5XendldkdqTjdtdUtMM09xbnBZdEE1ZlJVNFlidG1jazZDMmVVNE9BbmgtM1JJemlaWWMwMER1SmpaMEZiM0ZnempHUnduRmZ2elRmNEoyM1JTNWZVLWMtR3VLSnZnRU9lcDRWZnV6Qy1JOHN2OEtjWEROeFFDT0VhZU95ZXhLUEx1VFFudXR6SUw1STNKbEkwaUctRk1SeUVFUVMyYldLWDY1TnlwU3lRX2VMU3YtQXJF?oc=5&hl=en-US&gl=US&ceid=US:en,ABC News,0.0
UAB Hospital delivers record-breaking premature baby - UAB News - University of Alabama at Birmingham,2021-11-10 08:00:00,https://news.google.com/rss/articles/CBMimAFBVV95cUxQSE5nS3FKRE9KajZobHZrcDlWQmdjR1d6QVpTNEZRNHJiLXV5Mjk2dzZDeWJ6dHNEX1BLQUhtclRVSUlkbTJXUWl1WjE5RjF1MjhSVkpSbEIyTGxvZDQ0N1pGOGd2czhnLTJNQ0c4NXNrTlA1SXNZdDNkNUdFMEdYMVFrNWNmRWQxVUxkOWdVeEx6MTJVNXhONw?oc=5&hl=en-US&gl=US&ceid=US:en,University of Alabama at Birmingham,0.0
Understanding the Global Rise of Authoritarianism - Freeman Spogli Institute for International Studies,2021-11-08 08:00:00,https://news.google.com/rss/articles/CBMifEFVX3lxTFBobzBSdl9kSVMwendzNnBhWGctcDBNN2xrRHhYVkxfMlM5LVpKZk5vWmVuajNxRm9kRWRidDUwVHJUTFR5bWd6WWhzSEFTUURuMVpWOWg0aGFLOEVlUWlQN1A4TTZuTGgwOGFnNlNFY0RQMGJlNENDSThkQWY?oc=5&hl=en-US&gl=US&ceid=US:en,Freeman Spogli Institute for International Studies,0.4019
Inside the global effort to save the world’s forests - UNEP - UN Environment Programme,2021-11-02 07:00:00,https://news.google.com/rss/articles/CBMijAFBVV95cUxNbjd2TFY2WWVhMGhpbG9KY1JTcVNReUJxNjRfWloxLWlTcVQxNzFwb1F1Tzlvd0NoT2s3ZEdqbk5Nd09QN0tjbjhITGVIVnBvdVkwNkFEQl9vZ09HUHkyTlhqVS1TOHZBMGsyYWQ1Vk8taFJLemdFZXAtOU90RW5yMWNKXzl6Vzh4aC1SZQ?oc=5&hl=en-US&gl=US&ceid=US:en,UNEP - UN Environment Programme,0.4939
SIU engineering and computer science programs recognized by U.S. News & World Report - SIU News,2021-11-19 08:00:00,https://news.google.com/rss/articles/CBMivwFBVV95cUxPWDRMajdtRzlNTFpEV2Z6ME9ydW1rbl9yVGRQOGJtd2o0MlpHSTZyX1MxYzFJMVlNSlZJa3RGd2VQb1hFMzRfeVh6YjNLVUxPUGFkekVZWHMtNC1ZWm1xS2xnZzJZeEs1eE4zdlQ1dTRZc1NOUkVvZlJoeWpHMDV5LW5UM3BZZGpPNG8wUzFZbV9abEZNcTc1dHVBUXhBTFV5TkZEb09kM1h4YmxlNm1hRzlFelYtWEtnR0NZMXBJVQ?oc=5&hl=en-US&gl=US&ceid=US:en,SIU News,0.0
Announcing the Public Test Realm - newworld.com,2021-11-09 08:00:00,https://news.google.com/rss/articles/CBMibkFVX3lxTFBOc3ppR0g0OHBWS0VlTlRMX25RS0tiMTA3R25WeWhaWElETVl4TVNDNmR4TWU2YTFjNEFrdXlLVU1fS2VqaXFnUlZWbmhVNVF4Q2sxaXN6VjRPV18ySldraWswbmJvc29MN1BYcFp3?oc=5&hl=en-US&gl=US&ceid=US:en,newworld.com,0.0
Omicron COVID variant underlines need for global ‘pandemic treaty’ - UN News,2021-11-29 08:00:00,https://news.google.com/rss/articles/CBMiV0FVX3lxTE9XWjRzRk1tODhEdU5sOXEtT2FGaUpWQnJ2cG4tcVJKbDhXcTVBTzkxTVAzaGNCVzBrWFpqWklxR2pTM0J5aHp0ajZwR3lBZHdxTVRFNDE0aw?oc=5&hl=en-US&gl=US&ceid=US:en,UN News,0.0
Classification of Omicron (B.1.1.529): SARS-CoV-2 Variant of Concern - World Health Organization (WHO),2021-11-26 08:00:00,https://news.google.com/rss/articles/CBMirAFBVV95cUxQVWxJSnI3Q0gwRG1YUUo2VzF4QjZTY3BXcl9iT3RHTG1iSzdiTmxBQUdqbGg3bFh3Z2YxYmVSZTVZQl9WMmdvbFpRelFtUXRGblcyU05EbmhZZDFQdVpoOVZnTUtMd2kybjFLcHV0ZlUzZjZveDNkQ2V2SGczZXFwMXlXRkR2ZG5nWjg2TUVvNG51QXAzTk5UTEhjaUpXcUlFbmRuTnlqdWh6dkwt?oc=5&hl=en-US&gl=US&ceid=US:en,World Health Organization (WHO),0.0
Barbados becomes a republic and parts ways with the Queen - BBC,2021-11-29 08:00:00,https://news.google.com/rss/articles/CBMiY0FVX3lxTFBiaFhHZm42OVpJTlk3TzBJSVROa1h4amlOWGVPeEpsTjQxaVItVENkaWdZN19uRjRvYWtlSjRKTi1DZXVoaExnSHl1UXdsbVBINVcxYnZ6YmxkX0JuU0UwM291Z9IBaEFVX3lxTE9sMVhUZHdhTGZRZ25nTFI5MDU0alA1VzFaaEJIMm13QXdzM195TFR5Ym5OYzZIQjlZOTdSdGJqUDgyYm9pakFYQXowYWFWTEticWVsd09YSnpIaUhsc1AxSUtpZnFnRlpy?oc=5&hl=en-US&gl=US&ceid=US:en,BBC,0.0
A missed opportunity for the future of HE internationalisation - University World News,2021-11-13 08:00:00,https://news.google.com/rss/articles/CBMid0FVX3lxTE5WbzlvcHc3UzVyZE1iZUlxUDVNX0ZOSzV6c1o4STNJTy1aeExETWpsLUExRjNWNlVpY0ZpOEt0V3lUSWFjMlloU3hpNXhiMmJKenhFSjZSLWR1SGxUd2dnRktmM0FzVV9Na1hlMGtaODl3eHVVMmh3?oc=5&hl=en-US&gl=US&ceid=US:en,University World News,0.1531
Emergency contraception - World Health Organization (WHO),2021-11-09 08:00:00,https://news.google.com/rss/articles/CBMifEFVX3lxTE1Sb3o3Ym9Qc08xOVdXMnpFNFRORF9KTTlMSTVXY2UzZ2wwSlVtNWk0QmNESjdrMEdmdFpHSFNBcy1WbGJic3htdnpLMjhuR3hrMnF3MDdheFR1UEI2MF9uNDV4NFptenBoaXMtMnUwMkxMdERsWDRmRXY5Mms?oc=5&hl=en-US&gl=US&ceid=US:en,World Health Organization (WHO),-0.3818
Afghans facing 'hell on earth' as winter looms - BBC,2021-11-07 07:00:00,https://news.google.com/rss/articles/CBMiV0FVX3lxTE5DWmdwYS16eURhTVMxRG5VLU5LWDFKRU9kTUVvOXdxYjBxWDY5aHRLVEN4aXU1aEFpY2k4bHI0VC1NbnZoMFpySzBTY2R0R2hIOHg0dWV6c9IBXEFVX3lxTE9kZ3AyeExIQmNjOEdfTW5OSXBzZ0xQRENSSWU0WFRkd1Vhc3Q4bDUzZUQzQjBTWFhVNGRkM3V4OXZBQzhITnB5dG5vcE5SSmppRk1mSHhDS2o2a3pO?oc=5&hl=en-US&gl=US&ceid=US:en,BBC,-0.7351
Interim statement on COVID-19 vaccination for children and adolescents - World Health Organization (WHO),2021-11-24 08:00:00,https://news.google.com/rss/articles/CBMisAFBVV95cUxPSUtSbEdoOXVuczB3VmxzdmFHRVpUWXFuc2k4UVVpVjB1cEMtUTNkZ0tUQm96OTN3Z3RfdzByYVRjeEg4MHhNaEdSNHhVNGpWbnNZT3hDWGtCQXQ4RG5ndjF1cXhDRlFKRmtEZGFoWk1TTjIyX2FhQmlPZnRVYWR4eG5ZRldyNGRlNE4zQ2o1cFFIak5GRnNmelV2VHRnN3I3QlpzZkIxaU5UTGJxLW9wOA?oc=5&hl=en-US&gl=US&ceid=US:en,World Health Organization (WHO),0.0
Evil Corp: 'My hunt for the world's most wanted hackers' - BBC,2021-11-16 08:00:00,https://news.google.com/rss/articles/CBMiV0FVX3lxTE5NdTRDLU0xT1BpRHgzakc3MmpUSU9MbXMzNG52WmZZVnItdWNqM3RKcVdFVllyNVl5bjU5MURDWXNyZGRkRUl2X1lxSS1kYmNhazdxVjF6QdIBXEFVX3lxTE5ZMUlhY2VtQ3MtRVB0STRscUpIRzFlSzJNaVZyOEhSSko4Y3FINV9TLWxHaDhmQ2Q3TG5uWDNFcnhlOVZrQU5rZzcyRDVqRnZyUUw4SEt3Z2p4b3c4?oc=5&hl=en-US&gl=US&ceid=US:en,BBC,-0.6597
Global progress against measles threatened amidst COVID-19 pandemic - World Health Organization (WHO),2021-11-10 08:00:00,https://news.google.com/rss/articles/CBMirAFBVV95cUxOOURURGQwNzFWaVpEYVBPenVSNmsyclBCUGQ3Sy0ycldibWpSTXI0NDNtSWo5dTdxM1MyVjduYkV6N3RBZ0ctTjhidlRwYUVwRnN5bUVDWDNWM3pXLVJUbU5tTG16a3R3TE4tY1FuSXpiSjF0b3ZjOWIyQWNKcVdQYlJBeU1GczF0VnVNelpWSGpFbUJFZDdObm8tY1h4cHc1OERZako3LTl1Q1R6?oc=5&hl=en-US&gl=US&ceid=US:en,World Health Organization (WHO),-0.0516
Into the Void - newworld.com,2021-11-17 08:00:00,https://news.google.com/rss/articles/CBMiakFVX3lxTE1lbFVjZXJCNDlJOURFc1p0YkhIb0hGOTBuX1AzSGEzN1lqVmFUZVd3QlY3RF9SNXhBV1pSV3NEb1N1a0dCU0VpNW8zQUJCVUEwSEpIV3VrRWdxQUVra3JRVlk3ZmxHaURlc1E?oc=5&hl=en-US&gl=US&ceid=US:en,newworld.com,0.0
U.S. News & World Report Names Fenwick Practice Groups Among Best in Nation - fenwick.com,2021-11-04 07:00:00,https://news.google.com/rss/articles/CBMitAFBVV95cUxPbjZTOUowR2lPQVQwYTgxZlJ6TVdFYXppdjdFaVJxWC16bFZ4dGJ0Q2E5VzFQdDhfQ0o3R3JjeXpfUURkUERJZFVteGdacnhHRk9JNFVpZHp2SFFBZFhacUg2VHZfQURvNUJsUzJjZmlpcHMtLVF3Yk1weE93UGVBYTI2SUVFQTVzRHlVdFEyaHhuUmRiSFV0MWg2bFV1NnA3QjVtZzNSZTZGM3Z5LUxaeWVfcmo?oc=5&hl=en-US&gl=US&ceid=US:en,fenwick.com,0.6369
November Store Update - newworld.com,2021-11-18 08:00:00,https://news.google.com/rss/articles/CBMidEFVX3lxTE1ZeFlKUXpCbldMZUhLb2x5REN1TzEyRThfM2RPQWdOdG1BVUhTV0ZiUGxtSVFiMDJ5cjQ2d2dTY0tfNWRtN1hQWXpSUkd1aWFZZUVRM2FpNmwwOVBJSGZuXzU4Rnk4UnRnV2ZpWF9ZSU1pb0JP?oc=5&hl=en-US&gl=US&ceid=US:en,newworld.com,0.0
How China uses the news media as a weapon in its propaganda war against the West - reutersinstitute.politics.ox.ac.uk,2021-11-02 07:00:00,https://news.google.com/rss/articles/CBMisgFBVV95cUxPX0hRd3lnVUFjaHdleVJraVNQWVFLTnB3RGNnQ3NGQXpFeUlGU2lDWUtaNEFTWF9ILWVTcFViOHdQa2pxOGxkS2VkaEdqdHd2eG55M0dSY1plRHRWMWNUQUpTWTlUcGZ1TlZ1bnFRdkJ2WHk2a2NoVDBLNFlnZ3Q1NVlSVGlITFRobkhXVmJtc1RaenU3bEJOemdWcmtVNl9JSHh2SGVETUlZdmlpWFEzUVlB?oc=5&hl=en-US&gl=US&ceid=US:en,reutersinstitute.politics.ox.ac.uk,-0.7964
Restoring a Burned-Out Health Care Workforce - U.S. News & World Report,2021-11-15 08:00:00,https://news.google.com/rss/articles/CBMirgFBVV95cUxPbVN0R1hIWUhsMnQ0YjNmbzl6ajhjLUV6eExnb284TmJLV1BGWFBCc2NXSUlPdWs5YlB0eDZtd3owZXg0NGtQYmppQzd2NHRMWmdDWFNTNWZ6c1NrUWRheGs1Z2xsY1JUVUkzSlNsY0FGOV9qR21uOEVNZlNOcHFsNHNfcVFySDVlQ2V6Skw4c1VFX3FKNmVSZXpoVzVMQkVCU2VlRFRBenVmTlBuU0E?oc=5&hl=en-US&gl=US&ceid=US:en,U.S. News & World Report,0.6597
COP26: World leaders promise to end deforestation by 2030 - BBC,2021-11-02 07:00:00,https://news.google.com/rss/articles/CBMiY0FVX3lxTE02d3NSQXotS1gwbnl0RjNVLW9QRE9sekxlNEhOMmxReE5pWjI5enYxSlNPUFF5VnZXOGVVZzZ1dm1VX25zQ0w5VmIyYXNPOUNhRWV4eUVIUUJjVkFwWUxpOU8wMNIBaEFVX3lxTE1MenNuTWNoQ0s0ZlNJY19iUzNJcHo2VXlob3VQcDhYZVlvS3JuWDZLZnJ1OUFmYVJPZnhTckpVUlFqcDJ5VFRucjNJWGRVRUE5MElLTHVHdV9pY2JLYVpWWmFGU2Q4N2I0?oc=5&hl=en-US&gl=US&ceid=US:en,BBC,0.3182
Ahmaud Arbery: What you need to know about the case - BBC,2021-11-22 08:00:00,https://news.google.com/rss/articles/CBMiXkFVX3lxTE1QT2d1NXQ3elhzSU1EbTdQWUpmTkgzVk1pLW1mdUk5SWVZYnA3VWQ2bHdkcTRlZnlaY1NaNk14UmNmeHR6WTIzc1h3eV9tNGpwU1MzaHV1YTB6S2FjdmfSAWNBVV95cUxPMzJZeXVBeDltNktFeXRublpxTEw4MEp5Z1RmMldvQlFpcDA5SVM3TEoxa3RKYXIxMWwtSTItSTZNRkNDNkpmbTR4WDV1TGhBQW9KLTdILUNfT1hDWGtWVThwdG8?oc=5&hl=en-US&gl=US&ceid=US:en,BBC,0.0
Covid: Huge protests across Europe over new restrictions - BBC,2021-11-21 08:00:00,https://news.google.com/rss/articles/CBMiWkFVX3lxTE1NOFk2cHM2bGYwRkZLLVRNUVJybmdDY3RwMzlnX3ZLenZqUlRKZFF4Z185cW80Q29JLWR0Rmx3U2RidGV2TGt3ZlBObnlUdEdCZ1gzam1qYjJjd9IBX0FVX3lxTE5MeFl2ODJ6YmtoTGZadmZzTUh0TFRNU044X0ppbzRjR29FdFEwSm1Va1Q5UXk0aDhzNUNET1dXMkVvLXlKTUpVODAtNk1sSjFtckpNdE8yU2VlOU5Yd1BF?oc=5&hl=en-US&gl=US&ceid=US:en,BBC,0.1027
Biden Approves Global Posture Review Recommendations - U.S. Department of Defense (.gov),2021-11-29 08:00:00,https://news.google.com/rss/articles/CBMiuwFBVV95cUxOWDNQcktGdUhtME02b1N3X043bDRWZTZDcTFYTVJKOVpBN2pvY2ptclB4MFBEVV9CU3lJcTA3eVdHUU91ODJ1TXRvamlkSVZ1TG1HSGRTbEI3RVprRXM1NFNrSnZQLVRqb0ZHaFRIUDNudm1Fa1dzTW5QcEZmVmxtNFFpMFgzb1JiX0c5emNDUm9PbXItVEU3LVZUclRpZjZ4cU80VVc2ZE9DYnViX2w5ODdTZHZ3RFNqQ0NV?oc=5&hl=en-US&gl=US&ceid=US:en,U.S. Department of Defense (.gov),0.4939
Largest-ever real-world patient analysis of IVUS - News - Philips,2021-11-08 08:00:00,https://news.google.com/rss/articles/CBMi3gJBVV95cUxQUm1FcnFBSFJvNmJTamtUX1NneGlXRXQ1TEF1Mjk4bnVUTDJCNVgyaHRRdDM2TkNlYi1BNkVHdno1bUU3LTJ4TkRleVhoYXRmQm9XV0NRZXBYX09lNjQxMGNfelViUWoyN2RjV2VZNVU3RXVrQ1kzT3BOR0RfYUNBcXd2TTl2cl9xTzB4MWt3WkhTLVZyT0F6SXNQNmJjUXNsOHZwYmtseUZvcWw5UEdMdzhHOXRjc3hkOFhSUU5abnF4RFN4Z0xiR0p3QnltaHZmdGpXOG1rck9ZOV9UdmkwZ2JyTFlVOVN5dGFrdUV1Zi1jNmNNdTkwZE1sdzlPRmhVZjlicnVrbXdrNkJEeE9KZjFXVWpMelRDbmdJWTVyMnJLZHJYVDVkY3N5SlFsUHlwQ2Y2aDR2cmw0SmlUcGlLc1REOG9OQ0pQODBMelFYbXNfVGpZZE50SjRxRE1KUQ?oc=5&hl=en-US&gl=US&ceid=US:en,Philips,0.0
Made in America: Companies show ABC's David Muir how they are giving back during the holidays - ABC News,2021-11-30 08:00:00,https://news.google.com/rss/articles/CBMimgFBVV95cUxNbW9IWUstVlBVMFYwTTVMbi10elo0bHJONFJ0azctSGZqallOUW1GOXBZaUh4c3M5RXJBT2lfb2V6eUtlcFU5a1JIYXRXTFM2X0lsOVYwcTNzamV3YU1QQjFyUkVGYWR4Y1Bkek8tdlVyaTd1QzlySGhNalRZNjFkQlBHQzRIbk1zS081RkstRUxtZ2xENGt5cHNR0gGfAUFVX3lxTE9PUmVaQmJsWTZON3FRZzBpREdhcTZkVmhmWUFjVk1JR1dMY1JLbVRFbUNiM1RCRUN1OFlYZ3B3MFFBNjJxemwteTY1SElRellwLUZBZm9wWG5WTE9KOW9INGVsb2JPV2F0Njllek5ad1F1djVfRGxPd3NmNEFqTzJ2OHU0YWVKNFl3dHVpd1VtM3hVaVRYdk5OdGZscjRudw?oc=5&hl=en-US&gl=US&ceid=US:en,ABC News,0.6124
New WHO report maps barriers to insulin availability and suggests actions to promote universal access - World Health Organization (WHO),2021-11-12 08:00:00,https://news.google.com/rss/articles/CBMi2gFBVV95cUxNV0FwaGtITG9ScTJLUy1haVJvdERfbWdNQ1hLWWpGU1RFWkZCV2JoZHZoclg1OUF2QmcwRnFhSUdvTzVNbUdLNWJ4c01BTnBYYTBaRzZJNnU4VjJaZUFYNng5enQ4NUFpQXBLUGE0eXp4RGhhOFdoanpLZUdwN3o4U3VZUkhkTmNBcTIwY1FjaWtldlI3aTl4SVRTWmNXTFJRT2djbFdHNllWY21xZnF1ZkxwR1hjbFVJZ3JBUGtMUFBZSlZ2M2JlZDJBUFJyZTZMVVFrT2hURHlfUQ?oc=5&hl=en-US&gl=US&ceid=US:en,World Health Organization (WHO),0.3818
Joint Statement on Dose Donations of COVID-19 Vaccines to African Countries - World Health Organization (WHO),2021-11-29 08:00:00,https://news.google.com/rss/articles/CBMitwFBVV95cUxQODBJUmVnc3g5aTZXbWphcUw4VEVkMDZLUVRtMDFsY2Ixc1M3Z3dndDlmWWw3Um5xaXNvN3hIQWRzcTRUX3hpWU03QXcxbTlMWlNOZGFEa3N6czFveDZhN1ZhX2sxN25wUmp4WXNMRkYweTJSRWdIMzI3TlBUTUxwc1NsTTZEbGIyMEM1a3NpQWZGcmJxMGpxd3dsNV9DZkdvWVhCX1F4cFJmQXhISm9nc2lGRl9ycm8?oc=5&hl=en-US&gl=US&ceid=US:en,World Health Organization (WHO),0.0
Countries commit to develop climate-smart health care at COP26 UN climate conference - World Health Organization (WHO),2021-11-09 08:00:00,https://news.google.com/rss/articles/CBMiwwFBVV95cUxQOFJGejlzYlRpeXUtU2tRNGU2WllvQWhRUzJYNDl1RFF3cWV0Qk1yWWhJQVFKT0l2SndwTXUxeXRxOF9xMmhIOXF5eVREYmdfYm4tYlZpTVFpb1FkZXhLWjVjMnRCMlVxb3dnUjNVc1l2UWc3R3JBdWdTSFV5QXJrUzZvSDR1MUR0eGh1UGkwUzZaV0ZxZEpUVUZid1owUkRPNVpHeVJlbVNqdnRCSHd2N1FpVmNIOE03a0w2YXlEcFN6UDQ?oc=5&hl=en-US&gl=US&ceid=US:en,World Health Organization (WHO),0.6597
T20 World Cup: New Zealand beat England in semi-final - Al Jazeera,2021-11-10 08:00:00,https://news.google.com/rss/articles/CBMipAFBVV95cUxOU2Zab0tLamVFU2Y4R3BzbHF5T2pvdkpEVnVjU1Z1QWFKUzZlQVlOQTY3amRUTnN5N0tOU2dEb2o0TUhZTEczdy0zTjZDX3FKQUJKLVFNX3hzNmk2THpPT0R2MkVocGhSakJSLU9lWXNlZDVyX0hRQlpvaWpXN04zLXh2RjhsQ1lLd0VGODFJSk9aWmdYQm5BRGNjNi1QODZqN0N1aNIBqgFBVV95cUxQdFFrWWh5Qy11U3ltbGF3TFdXZFFVN1pGM3M2NXNxM3ZtUFhwNWtPOXZmbTlZQVF6WkxhX0dRMnlvVGZQME5oWldxS2ZaQzZqb3d2aVcyNjc3UGlqVzFPS3F2ODNDRVlJVGd5aEtndVgyNDRkaDUyb2lHcS1XcjYtTHdSdXUtckptVWYwNnpITXh4bkNUWU5fU0dZOE1Ha1RtVVo1Mjg0YXQzZw?oc=5&hl=en-US&gl=US&ceid=US:en,Al Jazeera,0.0
Brazil: Amazon sees worst deforestation levels in 15 years - BBC,2021-11-19 08:00:00,https://news.google.com/rss/articles/CBMiY0FVX3lxTFBFV1JhZmFYRWVJTnFjdDdfdFVBblNsaDFRSjFHak9GOEJua2ZFZUlFbmlpRXRXRHkySHFHaFNYWGFtbjNyZDRRZmJZQ2JmRjVDd0FicXY5U2NfQ0g0SHZTemlLc9IBaEFVX3lxTE00THl0TVRqaUI3NVQwaW5hZVNOWEl1c0RsUDQ1ZFIzQ09sampqYk96eFRiOTR4RElIUVFfUU14RDJ3azRhMXBhQk1aX1RTVjVmdTMwd2Z5V1poNUpVc2lzMlU0SzlRV1pv?oc=5&hl=en-US&gl=US&ceid=US:en,BBC,-0.5267
"Making the world more accessible, a sign at a time - YaleNews",2021-11-23 08:00:00,https://news.google.com/rss/articles/CBMie0FVX3lxTE1jVm1XR1lUckQ2REZPWDMyd2xQTVNXRl9oc2V6WFYwd3BoRm5WZ19zRy1raXlUMVRVYjVFUzJ1UG1ucEpSQlFWWm1IWUlpV0Qza1Y1VEJBcGRIdTlfa3hNMHZoNEdOWFQxQlJ0dkwtSXlYbWNzNWs5UGRWVQ?oc=5&hl=en-US&gl=US&ceid=US:en,YaleNews,0.0
NEWS FROM CoP26: Study Says Climate Change Will Triple Impacts to World’s “Life Zones” Unless Emission Rates are Dramatically Reduced - WCS Newsroom,2021-11-01 07:00:00,https://news.google.com/rss/articles/CBMiuAJBVV95cUxPeGVaeW1GVk4wOXVucERaODRQT0JtQlBRd0wzaVIyOGp3ejRJTEc3RXhnR25hbkZ6aGtNLUJZVy1sc2NvMHllcjBrWTRvVEpqNzlwT3FQWUhxclk4NkRacFpWV2owdjRNX29kVlhnQzdTVmlTT3ZHZ0ZMeUtzcmxoZmxKZXpvNEJLdTlkOUh5QjJyZ3BLbU92cVkyalhrVVNkUjNfSV9jV2hRNzVLcDVBcEI3YUh3LVNCb2JzcGk0bDl2RWhzeFhrUjFjaGkzYVFZajByUl9IMUMzVlMzSWtjWThpOEROYnlmbGdVdVV3MnZua1pUWU94S1V1TUZOVHY0czdoS3llTXJXeUJaLVBnaDlfREVTNVpKNEdUNVJGS1FkNkNJZjh0YkoyYXJSdlNqMmFoazFIeTM?oc=5&hl=en-US&gl=US&ceid=US:en,WCS Newsroom,0.0
Reducing Emissions to Lessen Climate Change Would Yield Dramatic Health Benefits by 2030 - NASA (.gov),2021-11-30 08:00:00,https://news.google.com/rss/articles/CBMiwgFBVV95cUxQVnk2Z0s1cHA5b0NDYnZfRUx1MFc1YkcxdkYyUjNsYURxbk91eGdwVlIwb284LV9QSkxoSHhaLWlHbXBPeEVLRTJ4cHgybF9ROUE3azVZTFlfc1M3NTBNNWNBQnFJQ0xOOVJaaW9qMWJyUXNQWWF1MDFqTm5rMnhVRmdlTllZWUdJbURtU0NGUFhiaURWOEh2NmJoWlg4Zzc3cVBobW9QNExXZDdWOUgyYzhneDdUdi1lanljbjB0NHVtdw?oc=5&hl=en-US&gl=US&ceid=US:en,NASA (.gov),0.3818
Covid: WHO says it is very worried about Europe surge - BBC,2021-11-20 08:00:00,https://news.google.com/rss/articles/CBMiWkFVX3lxTFBrR0t1Mm9aSWVvWHJkczUxTDVNN1RYd1hzMjFIS3lJQzVsbnFES3RwZGlYSkhDVWZlUjNfdmZKNHVVOWJGd3hpMy14R3ZCSmZtM0JINUllQ3B1UdIBX0FVX3lxTE51RXptQjF0V0dJU1ZxaEVzekpMNE9rS1FKaFBWVUxoY0RlOEZzb2gzQTRLT2dHeVlRb1BUZ0NEZ3V5ZHFjcnBCYW1Cd0szUTJCRXZSYlBSODVSd3R0eXQ0?oc=5&hl=en-US&gl=US&ceid=US:en,BBC,-0.3597
REMIX fuel ready for final test - World Nuclear News,2021-11-11 08:00:00,https://news.google.com/rss/articles/CBMigAFBVV95cUxNUURzdzJ0Z0JiMW14Y0RNa0dkRGEwN3djMW9UOTQzUEZzZkczTlA4ZTVOQWM2RnRCdlMtLUtLbUpVTlY4aGJPLUFPX2t3NWd5WlA4dFJMRUdqODdCc0dMT25DRzkwVG9HMHdCZWN2MTVtZC1jcVM4UEM5bW9qYjBwTQ?oc=5&hl=en-US&gl=US&ceid=US:en,World Nuclear News,0.3612
His Reasons for Opposing Trump Were Biblical. Now a Top Christian Editor Is Out. (Published 2021) - The New York Times,2021-11-14 08:00:00,https://news.google.com/rss/articles/CBMiiwFBVV95cUxPZTVZc1c0VXNVdWZwVGlmU2E4WGY2eFJRQUxxdW1aUW90TlJfVnBtTVhOdHhsUTFtZXhuZDBBYTFwVkw5eVllV3YwRlhDX3ozTUR1Rjk5OGVKaEFidDVHZUkxRlMydHY0bmpWMVpVcEExcU4zR0pSc04yUHpRZk1wNjU1WGlTRV9LeUk0?oc=5&hl=en-US&gl=US&ceid=US:en,The New York Times,0.2023
U.S. News & World Report Names Sibley Memorial Hospital’s Renaissance Skilled Nursing Facility as 2021-22 Best Nursing Home - Johns Hopkins Medicine,2021-11-30 08:00:00,https://news.google.com/rss/articles/CBMilgJBVV95cUxQbEp0OTNBVjBhMmFWcHd5X2tXaTBhYkRUQkwycy1BOFVOSHA5UmtLTTc3dFBnZWw2NHNxbHBwelRxVjMyZHRKbHVraExZWXp5YUJ0SXRWUUZUUmgzdHZCVGJ2cGp3YXd5UVVSX2ZYVXdkODQyZ25hMzYtTVV5VnNNSjVpRUxWS25WOWFaajJWdkhqdkhIZ25RRm9TOHp3dWV5T3JXV1JNY1BJM20ySHZYYWhZbVo5b0hCSEJ4NVVETnBKTk9uYUI0eEJEX0dlMUdoT0VDeThwSlc3c1BETF9fYV9ONEdBR3owQ0JsMzhHeWxJXzNtcmViRzItRFRzOVJoR2FZZGY5aWdVRW5xZ0h1VnV2eFdsZw?oc=5&hl=en-US&gl=US&ceid=US:en,Johns Hopkins Medicine,0.6369
New Report From WTTC and Trip.com Group Reveals Latest Consumer Trends and the Shift in Traveller Behaviours - World Travel & Tourism Council (WTTC),2021-11-25 08:00:00,https://news.google.com/rss/articles/CBMi1AFBVV95cUxQeDM0N0RoQ0VhdG5IWVVueWdVcVUydmg3UzRnX2U5YWZKSjlqd0ItWjhITTRndE4ycjlYZEs3ZW1MakJReTNSdDF4STUzeGJrTmI3dV9XUFA4X0xQQ2psWFlQYm5xYlU0S0tMaDI3ckc5Y2Y0RDZtM3V0REhFal9Jc3dUcUY1N295eXBjVEVjWGN4Q3U2QkFlTzVJYjVJdmRWYWhUM0ZIalF1UU1FV19uZlZ4QTZ4bEdqM1lRZzdoV3hFS3dlMWpOMkdGVDQwX1JzU295bw?oc=5&hl=en-US&gl=US&ceid=US:en,World Travel & Tourism Council (WTTC),0.0
"Designing Architecture for People, Animals, and the Natural World - Columbia University",2021-11-04 07:00:00,https://news.google.com/rss/articles/CBMiowFBVV95cUxPZWNrWjZqMEdUVXRvdG5rSF8wUTBWSG1ZN3poSzhuTHdkMEVTNnEtWnBsUEVISVItcElLZDRycmNINUstcHNBWmJtdXdVWWpkNElhYTZvRnAtNENxYUJOY3dMTjU5TDBaV2t3R1RBUE5WOEdya20zUEpMU3dJNzd0OHpQMEJYMWZpWHRnSS1jSG5KaW9SdmtGSWs2cjJ1TjQwaXlr?oc=5&hl=en-US&gl=US&ceid=US:en,Columbia University,0.3612
A Look Back: World War II Grips Buffalo State - SUNY Buffalo State University,2021-11-10 08:00:00,https://news.google.com/rss/articles/CBMidkFVX3lxTFBudWI4RDJlY3B3OVJkZUdfYjBweElsWmNaZm5IM2VLdjE5eWJ0TWQxRnpqc3NXOVpZb28waVBrd3pvdTFtNllnMW5FS2RjdWNuNG1PWkQ3TFVhVjNMc3dqdGdNTlU5S1hPTVN1akRzMTRYZ3RQMUE?oc=5&hl=en-US&gl=US&ceid=US:en,SUNY Buffalo State University,-0.5994
Rolls-Royce secures funding for SMR deployment - World Nuclear News,2021-11-09 08:00:00,https://news.google.com/rss/articles/CBMilAFBVV95cUxOS2NYVHpZQWhXVVBJdXRVUGw1MDhoV25yM3Vvc285dkVsUjZTa09jeEx5THVkdDZwR3YyZVZ2N0Zxdl93RWFwVkFaanViUHRfaWNjRnVZZlhiR1NJTTJJSlRycHVtOWYxUjY5andfLTZKTy1nQWZZNlJxY3J4YVN5bDhXbFUtNHIxWTctaWxnMXZvSFdw?oc=5&hl=en-US&gl=US&ceid=US:en,World Nuclear News,0.3182
193 countries adopt first-ever global agreement on the Ethics of Artificial Intelligence - UN News,2021-11-25 08:00:00,https://news.google.com/rss/articles/CBMiV0FVX3lxTE5ycHRIdjZWbVFTOFVhZ0FxNWt3VldyNUp4RU9ncW5mSmxYbkVGUFlfTGp5X2RHTlc2SXFTVFF2b3dXNFg0Nkw3RGFYY2loTnFlQTZhaHZZWQ?oc=5&hl=en-US&gl=US&ceid=US:en,UN News,0.7906
Britney Spears: Singer's conservatorship case explained - BBC,2021-11-12 08:00:00,https://news.google.com/rss/articles/CBMiXkFVX3lxTFBpQjFNSHdrUldaWHhsY1p3MkV5UkRIdllHeDlZWWE2a0VGWFN3b3ZvSElRZ2o2aHQydWNPMHVJNFZUcFpMX0Q4b2xTSjVlWU5pTV9Ub1dVVWJIRnhiZVHSAWNBVV95cUxPSjFhdnNpY3cwaXhYa3VJTnhzQVBId252alYzM2JyYzhtYXdvWFJleHhVR1hHNkMzci1uUEF3Z19jQ09ZZndRRjRCVmFaM21UblF2YkVCcHJEWEMtTU5fR19fNDA?oc=5&hl=en-US&gl=US&ceid=US:en,BBC,0.0
Trump-Russia Steele dossier analyst charged with lying to FBI - BBC,2021-11-04 07:00:00,https://news.google.com/rss/articles/CBMiXkFVX3lxTFB2ZWlYbGtHQnY1WVlINnRuREJPdEVHOXBjZG9yLWM2TXktaDF0Q2pIYzJIMWZoRk9jQzA3VUg1eUdWelNpZmJxSW1UWm9STnRuVE9hWmp3N0hDUFpQT1HSAWNBVV95cUxPUUFnVURkczgwWEZFeWtUTGpxSHRiY01XUG5hWEQ1QUM3UjVsOHRoeGVuMURTcmR5WXB3T0R5cWpVU0lGT3lZcnB6VEVuQTFNdjZnaWt3VHM3SWFDVGE0ZE1ic3M?oc=5&hl=en-US&gl=US&ceid=US:en,BBC,-0.6369
COP26: US and EU announce global pledge to slash methane - BBC,2021-11-02 07:00:00,https://news.google.com/rss/articles/CBMiUEFVX3lxTE8ya3M2Sk52R3FYZHlYR3JkSEJiNEdrMUlfYXhpUS1jQ28xVmlYSEYtc21wOG5zYVMxMWItUFU3UFdLVWdZY3pzdkYxYnNCVFlv0gFWQVVfeXFMUDd3SnJIUEEzdWZ6TnR6Vi1STmdqX01QN1Rqd1JjZ0MxenFxRVk4d0xMTnR0SFFPQ25qT05aX2xjd2FKb3Z6U1NwbTNsUHpKWUlVQ1lEaXc?oc=5&hl=en-US&gl=US&ceid=US:en,BBC,-0.2732
First Time U.S. News & World Report Ranks Bachelor of Science in Nursing Programs - CU Anschutz newsroom,2021-11-08 08:00:00,https://news.google.com/rss/articles/CBMitgFBVV95cUxNNE1qV3BCeUVkTWQtRVpybW14eVdQX1F5NWFEcGJUNkNOaExPQVQ4OHF6OWszS1VNVGkxVE00ME0teURRY0YyMEhKaGxBTGoycllRUDFQdldQMHdGQW0wYTBDQ1B0ZkthdkZmSlMxRFNUbXVjbXFVX0p2XzduUmVtN2NGV2tpTmtOTjF4S3FET1VVeFBSNE1CRDRVWjExVHFNYmN6UjAyZ0FuRjQxVU9VRmFhU1FhZw?oc=5&hl=en-US&gl=US&ceid=US:en,CU Anschutz newsroom,0.0
2021 News items - Turkmenistan formally applies for WTO membership - World Trade Organization,2021-11-24 08:00:00,https://news.google.com/rss/articles/CBMibkFVX3lxTE9rVDI2NG83SmVoMmN4ZWd2TnpERG80dTd1REdrZ05kV1IzOEdhRGIzbloxZTVhU3hpd0hYZ2c0dENqVlA4RXVnQWJxd1pxcFVwekgxcHVoY2hQYy0wMUpmLVlodW9XVFpGcVAtUWFn?oc=5&hl=en-US&gl=US&ceid=US:en,World Trade Organization,0.0
Covid: WHO warns Europe once again at epicentre of pandemic - BBC,2021-11-05 07:00:00,https://news.google.com/rss/articles/CBMiWkFVX3lxTFBfck1WdlhUWlc2bmdBQVl6aGpTSFJmWmppWjk2aDkzTjZxN2ltOHVTc01lOGlyMzhvOERuSHM0dUZMVW5idmE2d01YSUFXeHhSLUdwd0dab29oZw?oc=5&hl=en-US&gl=US&ceid=US:en,BBC,-0.1027
COP26: New global climate deal struck in Glasgow - BBC,2021-11-14 08:00:00,https://news.google.com/rss/articles/CBMiUEFVX3lxTE1PYXU5OGhwM1RGck12X25YQWdFTEwzYkRva3pqb05mdk1FV0lYSjJxREJ4NnJRelM0TXZGQld0Z2doeVJPU3U5NXZVVnpOb1lJ0gFWQVVfeXFMUElLSXdkSm9jMFJjUHJJLW5EX0dPdkhIWUZhYW5SVXhpTU4xNXpfQll0RlhOcFJ4QWUzNE45VjF1alJHU3JreWIzYmt5SHk1aERUcUZKZ3c?oc=5&hl=en-US&gl=US&ceid=US:en,BBC,-0.25
October 2021 was world’s fourth warmest on record - National Oceanic and Atmospheric Administration (.gov),2021-11-15 08:00:00,https://news.google.com/rss/articles/CBMif0FVX3lxTE1GN0NOcHBYTWYtUWNSc21mYUxVajhUSF9WaGxLQUQzUlQxZlpubkJuVEREdW0zSGo0OENSdTFVRUFWamRtUktjMzlTbkN6LTE2eUd3V3M2VEtpcU1SY1RsWHFrZEYycjdFTE1idy1SbjNpcW03ZFI1dmNCaGFHUVU?oc=5&hl=en-US&gl=US&ceid=US:en,National Oceanic and Atmospheric Administration (.gov),0.4019
How driverless cars will change our world - BBC,2021-11-29 08:00:00,https://news.google.com/rss/articles/CBMijgFBVV95cUxQQlV6OEM2d0FjSXdQbnZzeFJBaUZTbTVkSVI1VlYzbEg2MlptLUVTME8wMkp6RUdSbDFSLWlEMnRqN3lSVFF5aDEyVmtQZTdPN18wTHdpSTBEVlVfWkQyR3hIWkJvNFJicFVobmJxMWVESHlhb3c0TzhsSFIxZGUtblpUcmFiTnhRaTMxcXJB?oc=5&hl=en-US&gl=US&ceid=US:en,BBC,0.0
Community policing in the Global South - MIT News,2021-11-29 08:00:00,https://news.google.com/rss/articles/CBMib0FVX3lxTE1yc2FlQ0Y5N0Z6NEFwbFhockVrQ1Izam45V2hjU1VLMUZVZEhRLVl1d2VDOEQ3c3dIYktVTFNMamxFNDY0eFJoTXFiQ2s1Y2hJejI3bWl0N0pQMDlRZWU5c1RRcUNoQzNQN3M1dHVUbw?oc=5&hl=en-US&gl=US&ceid=US:en,MIT News,0.0
Madagascar: ‘World cannot look away’ as 1.3 million face severe hunger - UN News,2021-11-18 08:00:00,https://news.google.com/rss/articles/CBMiV0FVX3lxTFBIZmt2V1lnU3JXX1pzV0paUkFrOXFyZnBpWGtKOE1zSlU4bVFkc0pkSUw5cVp4RTFQTllHU1NiQnZST1R4UE1fOE5qTXpuSG5ZLUJ3cjhYZw?oc=5&hl=en-US&gl=US&ceid=US:en,UN News,-0.5574
Belarus's Lukashenko tells BBC: We may have helped migrants into EU - BBC,2021-11-19 08:00:00,https://news.google.com/rss/articles/CBMiWkFVX3lxTE1JRXFtZ3AzdlVua0NKZDBrS21EQXRnVW12bzdhQWktTnVSOFZWNVB5NXN6SkZ1ZEI3bEZoWHJIc294X3ZlVWZXVW5PN2JRMTdtSHNLYTdhWEtzd9IBX0FVX3lxTE9HT0tuUEUyM2JVSUhBSVNNMzVBLXBjaDVJYk1TNE1Bam5uSVJaNG1OSHN3WmlKSlZWTXcxUUZpa2gxSjRseUItLUVKaWtYME9CN2dVQzRjUEx1OVI4SFUw?oc=5&hl=en-US&gl=US&ceid=US:en,BBC,0.0
Global leaders must understand that climate change is a health crisis - wellcome.org,2021-11-02 07:00:00,https://news.google.com/rss/articles/CBMijgFBVV95cUxQY210dDE2Y0JnbV85WkpOSU9zR1B1QVl0MTNJNHRacjR6NHJvVEJja0Q0cXRnSHpLT0FjaTVUaGp6bko4cGp0S2FGMlRCaWNCRC01WE4xRE5HOXcyYVVvTk1mSUxYek5uUXREZVpGZDVDcmxUb1Nna0VYdTFTQkFDUTFabzZxRGNhUWNWVXRR?oc=5&hl=en-US&gl=US&ceid=US:en,wellcome.org,-0.6249
"Myanmar: 3 million in need of humanitarian aid, ‘world is watching’ UN relief chief warns generals - UN News",2021-11-08 08:00:00,https://news.google.com/rss/articles/CBMiV0FVX3lxTE0wT2F2SUdNMm9scWFTTEhiSk94cEZnOVZ3bmFTbU96cWRDTmMtZVZqM1J6cEc2ZTJTZDY1WEFQcElIbGtWTFZ6MlVpZ0E3SXRBRjZMTk5KZw?oc=5&hl=en-US&gl=US&ceid=US:en,UN News,0.4019
UN Special Envoy calls for a focus on food at next climate talks to limit global heating and prevent future famines - Welcome to the United Nations,2021-11-10 08:00:00,https://news.google.com/rss/articles/CBMiwgFBVV95cUxQNnBia1JlbnZyRDQzeXFoQjhfZS02YWk4VDZCR3BLTzdzNWJQMnBydWNGd2gxb21qaTRsWnBtT0pWMW0yTkxkZTBfcGNLY0VjbTlUZ1gzVjRGMGpmaEhIcFBMOG5WbW51QU9yNFM3TG1XODE4R051RUFOYnVya2VpMnd4RzU1d2lYM1hwMUtwdGJGUXJ2VGpxaHNaMjRsUVFkY092RTZBWURJNzVtWlhMdDRleWU4OUQwQWd6bW43R0doZw?oc=5&hl=en-US&gl=US&ceid=US:en,Welcome to the United Nations,0.8225
"55th World Peace Day: Education, work and dialogue between generations - Vatican News",2021-11-13 08:00:00,https://news.google.com/rss/articles/CBMivgFBVV95cUxOSE96aGtubGhfeG9PQXV1Y05RZERzRFBuTkNpejMzNUxNMXpsYWpYRUdLR0d1VEFZZmJmWVMtcGVTbzlGYUJEM3o4N3Y5Y191ZVI0M0tDLWRCR3pZUEtHcTFaODB0aVJLR1dKSXFVTlV1RHdibXhXU1pRUmh5N0toOVRyRUNHcnUzaC1Hb2wyU1hjc0FfdU0xU25EUFVsZURFcGp1NHJiblg3V3Q5SDVFQmJNbEtSZUJaT3VCUHdR?oc=5&hl=en-US&gl=US&ceid=US:en,Vatican News,0.5423
Tobacco use falling: WHO urges countries to invest in helping more people to quit tobacco - World Health Organization (WHO),2021-11-16 08:00:00,https://news.google.com/rss/articles/CBMiyAFBVV95cUxOTmoySzlJcVFCaFUxNDRacm5qcnJQeF9DaUh5NEUwZ0RwT1pfa05wV0I1dUFXQi0tUGlYeXdIdWVQN2JCZFJhNjdLVEUxc201eTFmMWlnTFM3QUdPN0dMekVaMEZkb0otVnBVWWNsck5ESmU3b2JQbUFueFF3eUhzdm1GdkVFcUxUbVhUbzlPbmtLSmljRHJuYTJBUDEzbXhuTk5DWmZhWWtMdlFKNTdNLW1WUWdKWVgzcG1oWEpBVmRnVmZ5c2NUTw?oc=5&hl=en-US&gl=US&ceid=US:en,World Health Organization (WHO),0.1531
Dual criticality for Chinese demonstration HTR-PM - World Nuclear News,2021-11-12 08:00:00,https://news.google.com/rss/articles/CBMimAFBVV95cUxPeWdWUjcyNlZ2WC1TUDcwZGZlM0xKQWp6ZGIwdDBZNjNRUDBxRkZKNDREVUV3SlF1SEFlMXB5QnU3VkNnS0pBWmVsdldYVFRMTC1RVnpvYmttVElPRXNPYVN4Sjg4YmRlUTIxVVVzb1hXa2tBNG1VcUdFRThJRTZ3SURBTEgxUjdWQ2t2b3luNk9YMVFESG9yZg?oc=5&hl=en-US&gl=US&ceid=US:en,World Nuclear News,0.1027
The largest landslide in the world - USGS (.gov),2021-11-22 08:00:00,https://news.google.com/rss/articles/CBMidkFVX3lxTFBSTERTTzRwSnNhb051a3N0YWp2alJUaFpwM2xrQlI5LUVtSHZGSk0wNHRCMWNjd0JDYmJZUDI1SkFYa3V2UUxxUlFIREZPQVFybUgzY2lIV3VUR2xYTnd1c1RrazFac3h3dnJMeEJqN3o5U0ZPR2c?oc=5&hl=en-US&gl=US&ceid=US:en,USGS (.gov),0.0
COP26: India PM Narendra Modi pledges net zero by 2070 - BBC,2021-11-01 07:00:00,https://news.google.com/rss/articles/CBMiX0FVX3lxTE5nVFRsNlZ2V0RJV09JLUI0LTJCSmZFZ20xbHgxREJfSVFVLXlBbXloOHdsRjNsV3BEMXpXMTV4SWVidW5SNnN5WVJ5a3huaDNVSDI4WGlMcGJWbERLd2Zz0gFkQVVfeXFMUFllREMtb09TRGRmc004UzJPbDhHSUp6WGJIZ3JaOG1odlFvMThwN1hQZUFfcmlfanJRM2pLV2ljeDI4c2hsQ2RSNTB6VFVPbjV6UzVHb2FwUzVVOVVydmx6SUtHZQ?oc=5&hl=en-US&gl=US&ceid=US:en,BBC,0.0
China's Xi Jinping cements his status with historic resolution - BBC,2021-11-11 08:00:00,https://news.google.com/rss/articles/CBMiX0FVX3lxTE1JX21xQk5xSUFPRlM3YURiY1ZBdlRzNk9xcWluaVN0M3lJNy01cnhZVXlNRnVoNEJIakRvT0lxRWR6WUdtTm9zcGxua3p6VWN3MWQyTEI5Y0N1eDZOQnpn0gFkQVVfeXFMTXRTOFRmMFRIbGJLN1NaZkoyZ05KSnRJREhzTlV0MmZ1VHdsVWRPNlNEQi11WGJDc2N0bFdRZzI3bk40b2FmcmM5dm5TTFY2d29lNURNSzFlQkJGTmVFRjhtel83eA?oc=5&hl=en-US&gl=US&ceid=US:en,BBC,0.0
"World’s highest child soldier numbers in West, Central Africa - Al Jazeera",2021-11-23 08:00:00,https://news.google.com/rss/articles/CBMipgFBVV95cUxQTlRfZG1SNnhpX0tmdkw2SDg0dm9xSFhTWThwYl8yaWRyZXdyMU82T2RqMk1RZWZscnRNZHFyNlp1NktVSG52c1FWdDZIaFJHdzRGZ3dvR2Z5cXBTQU55SGEySVZlTFBhVTZidkE3YnB5amtIaE82SGg0NnYwdElzVWlTNW1SeFVEWE10T3dIMzJXVDN0dFNvRTRaZm9teXY3RkZ0b25B0gGrAUFVX3lxTE5MaHB2cDZlSE5oSnJLX3hWVHVNczhwSXU4c3U0VUZxTnFNWnBzaEluTGdkZWJDcEl4Q0lvMHFLbjRhZXNPWE4tbHk0NW5lTmtkVE5SQkpiSjNqSUJCdUNtZmRuZU40UW5CNUVBQlRLOWl3Q2g4V2JyT2hJX3NOLXNGSnZPYm9BLXZxeDJDTHVkY1MteDNEQWlya1hNbGExVmx5dGMtc3ItNWZaYw?oc=5&hl=en-US&gl=US&ceid=US:en,Al Jazeera,0.0
Loss of ancient grazers triggered a global rise in fires - YaleNews,2021-11-25 08:00:00,https://news.google.com/rss/articles/CBMiiAFBVV95cUxQWjdnVXNqVnBRbVV6WGNRTXMtQUdROFdTY3A5TnBvTUdKNG01U2FHdmY1dThXdkdWdGNabU9hSjVZZVV6NWpCaVgzanBBV3BwTXBEanZJcXRqTC10ZFE5dVZ0MFRldzlfTHhaT2lJQlNqZEQ4dHpOZ2tXYjhGSWpRbGNSY1V6X3dk?oc=5&hl=en-US&gl=US&ceid=US:en,YaleNews,-0.3182
Afghanistan: Taliban unveil new rules banning women in TV dramas - BBC,2021-11-21 08:00:00,https://news.google.com/rss/articles/CBMiV0FVX3lxTE5xcENzSm1zdTNZcGhBa1hwSmFNZU5HYTBQRWlUeVc2Si1BNUYwYTdHRFNoU3pfb01sa2dON1pVaEg2MHhfNlBIbURxQ0l5NkFvdWFJZlFHb9IBXEFVX3lxTE4wTllPVG03QU4xMGQxeFJINmVtb01hQTJ6YjV1SmRNS2t2aGY0MGpPbzJUYWl1T1JOMGtjZk05LXJQOUlqOGZXM0VfVTA2Zk5kbXpQcmt2ZFBrVmw0?oc=5&hl=en-US&gl=US&ceid=US:en,BBC,0.0
Howard Springs: Australia police arrest quarantine escapees - BBC,2021-11-30 08:00:00,https://news.google.com/rss/articles/CBMiXkFVX3lxTFA5M0M2TUMtdW1hRm9Mb1JoZkhjRGpQa2IzN01KY0lSSWthRmxucDQxSG9IN1VtYm82WDFCTGVmdTRlNGZtN1JpcjNYYTh1YkZjaGJwT2JYaHFBR0FHM3fSAWNBVV95cUxNbUZCZDFvZHJJVFVxZDVOVkUzaDJGTEp4NzQ3ZlBqZnkxS0lSeWhiRUJrUVdlTERfdTd0eERQWkpCaHBXVDR3bndSeHpnVE5Mc09NaDQzVy1KenE4N0xKSGJmUDQ?oc=5&hl=en-US&gl=US&ceid=US:en,BBC,-0.34
US women are being jailed for having miscarriages - BBC,2021-11-11 08:00:00,https://news.google.com/rss/articles/CBMiXkFVX3lxTE5sX0wzb2ZUV05aaHJuWDk1V0RqRXpaUDRLVlRQTTQxbnJtc21UN3FPdl9xd1diSXRKT204U0VhVlpMX094Zy1obkxuMG9kaGNHWmdRLWxQZENnSkhJYkHSAWNBVV95cUxOYWJKQ3gwSU5hWFhIQzF6TzIzY3g4QVRKVTA3Nmp5OU5INnVQUlZqYnJKLThHcFc5WS1EWUlqSC0wSm84eEZ6Zm9hWEdfczBlcm1Pc3VaN0ZrdGVGc1dfdkZiYjA?oc=5&hl=en-US&gl=US&ceid=US:en,BBC,-0.4939
Verizon dials up #ACallForKindness in advance of World Kindness Day - Verizon,2021-11-09 08:00:00,https://news.google.com/rss/articles/CBMibkFVX3lxTE95MkNQT1l3UFUwUTRjVjRraVdpVElFVFJFaTlUaFdqWVltZFd0S2NXT1RvNk5qM09mZWtoV05ucXI3SlgtLXVacHRTcmxmbWpVMXVwb1RybDRMdE1Hc2VTekZuRVhWTXFaLTRqXzNn?oc=5&hl=en-US&gl=US&ceid=US:en,Verizon,0.4588
The Taliban destroyed Afghanistan's ancient Buddhas. Now they're welcoming tourists - NBC News,2021-11-24 08:00:00,https://news.google.com/rss/articles/CBMiswFBVV95cUxPS3JVQWs3bi12TnJmajBOTFhDWkRoeS11TDFfTmZFZG9TamJiajFOS183RDYwczFSNXl4X0EzM3ZQMjY2czhxajVlLTdaODlKcVZUdzRoSnU4Yjh5VFh2bDB2aHA5ci13aWNpRFFqV1llNG53cWYzazdIWGdJaU9jMlk3TGVoLXpXLTc4dWFFMGhmME1VUTk4YzF2VElHa3Rja1ZBdlplaGdib0FxR0FOUnFaWdIBU0FVX3lxTE1NalhEMGNkVF9YcmtwR250OXRHZnJCaGRYcDJTaTVqRlNVcXpodmFOUG9RUW9nazkzS1B4Z0tXMlV0dW04Q0pndWgwNHVhbjhlNElV?oc=5&hl=en-US&gl=US&ceid=US:en,NBC News,-0.0772
Kazakhstan-based physical uranium fund begins operations - World Nuclear News,2021-11-23 08:00:00,https://news.google.com/rss/articles/CBMimgFBVV95cUxPNkN6M0U4bVhTNDlxS2RYRjJxVzNINmhqWHpFYUFaWl9hNjBsTVI4Tkl5dGs5cUZrVHRUNmhUZWQ3b2x0NnNTTE5RX09Ga0ZLRU5HZHpSbU9zdzUtVGF2cExJSlc1N1VaUVdWOU4tQm5ZU2tZRldIbDI2VEdyWi12c1FieFc2U2FIbUNIWmhLRWdBMk8wY3hwZThR?oc=5&hl=en-US&gl=US&ceid=US:en,World Nuclear News,0.0
The World Bank Group: Addressing Racism and Racial Discrimination - World Bank,2021-11-11 08:00:00,https://news.google.com/rss/articles/CBMiuwFBVV95cUxQdVhYMjNuM3U4Vm1lSXdGWkNKZzRWdHV3dVljTldtcXhUbDMwZUlCMzA3ODNNTXBSRUM1X2Q3VkRTLWRXQ2JwY3lEaWt1NmwxYjA1UXBYRGZoS2lrdEd2bU5JT3F2NTZkcnRWSFBaZG9qVlVCMlhMSmJjS2FIRjJmLXZ5WnRJMzJJdnlxQWVlQVBva3g2b1h4TlZRR3U1c0hiSzhtVlllQ0JMUmtaM0NhQVpQdXV4RW5lMi1V?oc=5&hl=en-US&gl=US&ceid=US:en,World Bank,-0.6249
Urgent need for vaccine to prevent deadly Group B streptococcus - World Health Organization (WHO),2021-11-02 07:00:00,https://news.google.com/rss/articles/CBMipwFBVV95cUxNZTBzOW9xVU04YWZBM054MGlkRHpkSFRRRENhaEZrbVNHWmZMVWg5QjFPdVZpN01ybHg3N0NFN2RTMk1wWkxzcWs5ekdnaWp6U0FCVVNuMFY5eWUxMWswN1RNcUgyOGtwZEZ5QWJQQU91TGdPdzREbU40Q2lfQ1piWTlIYzREMU9XME9RV0lfTkZCQ2JuaURlR3BqMFJWMkJ6UWVXTmJnNA?oc=5&hl=en-US&gl=US&ceid=US:en,World Health Organization (WHO),0.2263
NVIDIA Sets World Record for Quantum Computing Simulation With cuQuantum Running on DGX SuperPOD - NVIDIA Blog,2021-11-09 08:00:00,https://news.google.com/rss/articles/CBMiY0FVX3lxTE56cUJ4LUJqOUJnamxmQTBGTlNlN0hHVlJOZ0hzUzBoLUhWN19XcmNRc1BlcTV3eEJJa2Y0Z3MwTzNEWldqbWVUS1h2NzV5eHpDMDh6UHZMd2o1SkNuWG85ZXVyZw?oc=5&hl=en-US&gl=US&ceid=US:en,NVIDIA Blog,0.0
World food import bill to reach record high in 2021 - UN News,2021-11-11 08:00:00,https://news.google.com/rss/articles/CBMiV0FVX3lxTE9zMVRRQ1ZxQkFxQktyS0w3YWlnSUMzSlQzTFNKMWtwdFc5UWkyM2RxQVRjbEF4Q2RvcEFqai11dFhCbVFhX09HRHNmX1NLRGtmdW1nRkYtdw?oc=5&hl=en-US&gl=US&ceid=US:en,UN News,0.0258
Coronavirus live news: global Covid death toll hits 5m; Greece reports highest infections total - The Guardian,2021-11-01 07:00:00,https://news.google.com/rss/articles/CBMi7wFBVV95cUxOU3p1MmJKTTllUVRCaVY4dEFjZW9RU1A2ZXVycUhqeFloUEVUSTlFMmJETExYbUhVNE8xTmJfSjdfVVBtRmJfRlhvQy1FMy1DV0hObVRVNk1xOE91ZW4xUGNyNzZ2ejUzZGZZdUxGSzZITXhMZHFhRnN2RlJhX0ZwS1NYWU9ObnlFTU5kZlBVRUFIb0dEcnFKci1yVEFYWWZTbENwaFI3dV9MaUJFUjFxekZna2xIUHo1cXl2cGxkS2ctU2JPV2ZTOVI1OTZVcXpVR3dGUkN2QU9vel9wVEdrb0ZGVlpxcHdvWG92SmNrNA?oc=5&hl=en-US&gl=US&ceid=US:en,The Guardian,-0.5994
COP26: World headed for 2.4C warming despite climate summit - report - BBC,2021-11-09 08:00:00,https://news.google.com/rss/articles/CBMiY0FVX3lxTFBUMnVXUGctc2RYMFBiWXE0RTlCTVVaRUZSSENHYmp6Mk5oY2gwbkxFOGlKSkRuZkpzcU9tdnVBYVZFSFJkUGpMVXM2R0ZBODZRNDFtQ1AyZlVTVDdVdWZTYWlMUdIBaEFVX3lxTE0xRk1VSHVIOTRSR1dwbVZzYnNnZVRDQ3oxdnJoczFBWmdpcGhXcEdKWnR6Y2RfdTBZanpkc0hwbC0xOXZDVVJzTjhuWV9IUGZlejQtb3lpeFhYSUlaYkw0LS1RTlNuQmhE?oc=5&hl=en-US&gl=US&ceid=US:en,BBC,0.1531
UNICEF Afghanistan protests on World Children’s Day - Vatican News,2021-11-20 08:00:00,https://news.google.com/rss/articles/CBMirAFBVV95cUxNQ1VOaEd2YXh5YjhWYmd1N1lpRFYyMFFjZklNTTdtN1FNa1d4TDQxTzYzYVUzcmNla2RuZmNIQ0tJLW5oZ21MUU9Xa0I3MlI2SjRiVnI0S1lZRkRjTXd4bG5qc0xORTVjVTdPbGYzcVBJTzdaWWRuMDdRQmkwbW52U3VmMXN4WVNzLVdLWDlqbldqN3BNWDVJalVPanZWS0RDNXNnOE4xRmdvVGF0?oc=5&hl=en-US&gl=US&ceid=US:en,Vatican News,-0.2263
Partnerships for global health: Qatar and WHO convene first Strategic Dialogue - World Health Organization (WHO),2021-11-15 08:00:00,https://news.google.com/rss/articles/CBMiugFBVV95cUxPbG1HQ3l2ZVpkSVBKRUQwX2o1dkRLdWZxaWl2bzZQSldTVGI3ak5WWVpyVGE3ZlA3clZhenVBYXUyYkpfUkZnakNMUHgzX1lhWFZ6N19vdU9ROXRuZDB3QUZNeFVzLVpmTUYydU91WUl6ZjVDcEszVG9MLVRROXZ5ekVWMGZNRFFMRGgwWlZRUG5jSk5PWWJFMTFNcExqMGFlTWdXQm5nQm11Z2huRk9mQ3RtaVlvZXpBWFE?oc=5&hl=en-US&gl=US&ceid=US:en,World Health Organization (WHO),0.0
Covid: South Africa 'punished' for detecting new Omicron variant - BBC,2021-11-27 08:00:00,https://news.google.com/rss/articles/CBMiUEFVX3lxTE5YQXpiQm5hRURQaEhFUUEzUmtHQ3BwX2hXRVRRSVRzeGhRbXBGVWg1WUVKejNTZjFCVEZkTzVwWEdQSUlUdTBuUG1CT0FfTjZh0gFWQVVfeXFMTzJqazhuZ3ZhTlEyWmhhZHhXU3RULXZTRV9Jd0ZySWlJNmlCbFF0UG9tc2l4Z0w4QXlQTlctdVZpRDU3aXBMbnRXSVVGaldiekdTQ0dKOGc?oc=5&hl=en-US&gl=US&ceid=US:en,BBC,0.0
2021 Global Conference on Health and Climate Change - World Health Organization (WHO),2021-11-06 07:00:00,https://news.google.com/rss/articles/CBMiwAFBVV95cUxPQi1JLXQ2R1VGUV9MSkJkbWIyYmZYclNIVTJlc0dVeXBSTTFKOHFRdW5SeTViNFVPaXJMSUhKX1NCMXVCU1diaEh6RElhbHptc3RyeENkeXphY0d5MHRtM2NhWnZ6WE9nSzluUUhRUVFUSTR6UXI5VDlaR2s2XzlBVFNqc29JYmFGQ0JuT2Y5ZWdiWmdaUzlIZmtSV3IwTnlsa3hYaEdZai0tekxZY2tXTFEybGZfSG1ZZ0NHbzRFQ3k?oc=5&hl=en-US&gl=US&ceid=US:en,World Health Organization (WHO),0.0
"‘Betrayal of people, planet’: World reacts to COP26 climate pact - Al Jazeera",2021-11-14 08:00:00,https://news.google.com/rss/articles/CBMipAFBVV95cUxNQ1hWT1VfUjRoak8wMW5ZMTNOdzVDT0VrZW83SWplYjIyNUNCQmtwUHlDWmJqZGJZTlR5bU1xNmNWVklqNzdLcE5WUkdLM2NTTV9XRmZ6UlBzWXZVMWFyejlwU1dBQUJ1LW1UMlhkMW1pQmI4MlhNRjkzNkJlbVJ4Vnp0dEgxUEhnZ2k4YU9tRzlEeGhkMmFlQTY3THRuNmU3VDZaQ9IBqgFBVV95cUxNVGF5X2RzZC1RdmthdnUyNmQ0bkJxODI3dW10eUlZQWNPcllhdVhoQUZ1YWJ4cnZLNWNXdDJQb3JMc3l3M3J6NmtBZl94d05EQ1IzS3BSd3QwTmdYRjJXMktCT21PM05xUFNwU2RHYXVQNzV6d0Foc1FPYk5teVY4aVZQS1BYTDlCVzZ5WmxGeHZZYnF4NTdkNXZVdTJnQXE0XzFTb0VpTGpTUQ?oc=5&hl=en-US&gl=US&ceid=US:en,Al Jazeera,0.0
UK Government Officials Held Secret Meeting With ‘Ex-Gay’ Conversion Therapy Providers - VICE,2021-11-02 07:00:00,https://news.google.com/rss/articles/CBMiuAFBVV95cUxQSlFta1d2WUZtQlVLS2gzVHJzYVRBOU9TYjNlcVctdzhLd29nXzJ6dGxDZ3Q1NmtUZTVMTk92Y3liYnFKamRBNXJ0Znk2TDQyNGJzYm1aY2ZRcy1DQm5wWUhtNHhCcVVfNGFWMGlfd1FhWENVNTI3aWd4RWhQNGpjV2k3LTB1UklPVzFkU3U2TDNOTTVjX1VfRUo0Sk1abUtHY2NGdElncDFra3dfM2FWaDd0X01QRmdj?oc=5&hl=en-US&gl=US&ceid=US:en,VICE,0.0
Covid: South Africa's president calls for lifting of Omicron travel bans - BBC,2021-11-29 08:00:00,https://news.google.com/rss/articles/CBMiWkFVX3lxTFBMYVU2RjZjZE1BNnVreVJUQ211YWY4V08ybVJxaVNyMjN4S3pLX2RHNHE4Q2F0TDBsY0s1UmdIeDFvMVg4cWMzT2hQTFctZnVYTUdhT1RUOXpQUdIBX0FVX3lxTE1KRnJyenJkNUdyQXU2SFJ3TUhuVGxPMkYwRnRuTmhQYnFpWEVGSVV6NmFpcE5hUk9CTTZySkR3empMNWQxblhaaTZ3ZlBRYVhtMkdkV2prdjlsajh3bHRB?oc=5&hl=en-US&gl=US&ceid=US:en,BBC,0.0
World Bank Group Anti-Racism Charter - World Bank,2021-11-11 08:00:00,https://news.google.com/rss/articles/CBMilgFBVV95cUxNNlRGRC1fYmIxVW9IbUhmZEstUG9sS19ENkRzTFR1Y3ZGVlNRbk5MQkJTWFlPNlZ6cWxyaU4yRU1IM3EwRTBQREp5RC1CeGRKeW9sU2h5UTZHYUVWeWFnNVNyNXhrRVBsaExtWDJ3SjFGanVHcGVjNUlHZ1lSVDA5N19XcFFDM19STUpjV3dyV1lqSzFNMWc?oc=5&hl=en-US&gl=US&ceid=US:en,World Bank,0.0
Joint Research Centre and World Health Organization join forces to use behavioural insights for public health - World Health Organization (WHO),2021-11-12 08:00:00,https://news.google.com/rss/articles/CBMi5AFBVV95cUxNbW1RUmhRaXF5a1dmcEFwSUZ0Y24xTU4tNm5GMTc1bXlRUUxESmtjT2F1MUwtTXNqR05ZUEduVUowV05Cdi1DVkpUZW5TM2JRempPazVwVG91SVV1R0hvQWM3akQ4bVZUT1ltd3ZDVU9LeXEzelY2Ml83X202cFNlbGVlcE8tb3VHTDRkTTU4QUlrVGNwVWVhMXRvLWxteTUzc0Nfbll0QUtYR01xZEJOSGRNQ0p1UndreHM3RkpJUHBaU3k0cll6R1RPUVZYZWoxYzl5Wjg3OG9YTFlUTUExa0JWRTU?oc=5&hl=en-US&gl=US&ceid=US:en,World Health Organization (WHO),0.296
"Japan's Kishida vows to counter China, North Korea threats - Hindustan Times",2021-11-28 08:00:00,https://news.google.com/rss/articles/CBMiuwFBVV95cUxNMDhNMTQ0VGtHUnZlWUVXVTdCVXVuYXhPS3gxYk00eFl5T1pJNFZZZlJJRVdkNjNWZjdfM3Z2aHpkN1IzeTRtRXNmd3JnR2prY25seVNXWm02QkYzX3EwdXNvS05ibV9IdXhwQi14RjFYZGUwNkl0Q3JRTUE2cmUzU2NhUmgySFNEdHFMVWxlRTJyR3FQaVVxV3kxaXFEMk1JR2RxNjJsa3l0UFQxRGVobHhCUXlOSnVoTU5R0gHAAUFVX3lxTE9Md25hUk84QlhQVm55RnFDa2tzQ0c1Y0c3VkNZcFlGMlBocFd6ZU1DRnNxNDR0V1pZNTNfOTJ0bDZySlZJNGVtajQ5OU1KY2wxV1g1NG14SEh0VFhkMUZlM3hEUEREeXVya0tKczlnbkRtZjNUR0c3X1RtZ3BJMWpRanNBUTZDa25vNTJhZ0w1UjRfcUpldExfZ3I3U0hqQ2lfQ3JVTWZ1MGNPVXJlMWFkNXpRWTdaZW4wOGJQaUVMVA?oc=5&hl=en-US&gl=US&ceid=US:en,Hindustan Times,-0.4215
Belarus migrants: EU accuses Lukashenko of gangster-style abuse - BBC,2021-11-09 08:00:00,https://news.google.com/rss/articles/CBMiWkFVX3lxTE5IR21MY09xMENBaTdkVThTVkpaUlZVWDctWl9MVk1QRU1Tc2RFaUUtRjRzcDVCNW1WRFZIQ3l3ckwtM3B6cmVwSkI0WjdObnVGSW4yanNRX3BDZ9IBX0FVX3lxTE5NTkFIZkhpUUgwTHFDbnJxMW1JTzNmQWRfaWZ2UFRjYXBIT1p5RUpaeXRpTElrREhlNjBMLS00cWczTUtZd2pYSHB2MlFGWHUteVp4aktaa1E1VHlqRS1v?oc=5&hl=en-US&gl=US&ceid=US:en,BBC,-0.765
Afghanistan's ghost soldiers undermined fight against Taliban - ex-official - BBC,2021-11-10 08:00:00,https://news.google.com/rss/articles/CBMiV0FVX3lxTFBiZzhLQVM0MXltRk9ibUJkb1U0Y0FHYmt4eHFxTG9ISkJELWI2Vy11a282ZkJiT2ZGWU5mVVUyZVFXbThPOVJxRS10c1VmZDN1bWlLTllnd9IBXEFVX3lxTFBlRVhzM3hJOWRkaWVaV1JOOXI5S1hONjdzYlRLOTVQb3A3VG9JVDhudGZyUk02TXF2YXBnNFdYZW16cXR5cFVXU3Vram5rMjMwRGw0VW1neUZnQmZl?oc=5&hl=en-US&gl=US&ceid=US:en,BBC,-0.7506
Iran: Nuclear talks with world powers to resume on November 29 - Al Jazeera,2021-11-03 07:00:00,https://news.google.com/rss/articles/CBMipAFBVV95cUxPQU5OdXpLYTBDb3dTdHhxTEJab0JxYnc1WHkyZUxpLW5FSUhnUTlBNXN2OFR6dXVBbUxxVE9RTk80YnpxRlNnNktSVy1jUGV0T2F4ODJKS3pZSUl0U0VubThJa0wwY1c1WDFSekVhSVpiQXFPNDc4S3JPVnJTVnM3bXpoVDFtSkRPTm5PbW94NlNMeEZmRVNmVnNFVkRJRDFJcUlMNNIBqgFBVV95cUxNM2lJU2NwLTdfeTNZX0tZQS1NbGxSelhneUhKaWdYc3UxWFp6SUVRUUxDVEJ0ZzlDRVdXV09BbGloajRuZGR5YUt1OVg5OG85ZUY5TXliQUg2NW9iS2J6TUVXYS1fNVFGYk1yQkdQNHdUZkFLQjdfNE5VOENtMXI3b2Y5WnZrTTZ5dkVFRVdSZF9fNThtV01KQWZHb1gwalRkSDc4VDRfc1I5UQ?oc=5&hl=en-US&gl=US&ceid=US:en,Al Jazeera,0.0
Special session of World Health Assembly 29 November 2021 - 1 December 2021 - World Health Organization (WHO),2021-11-29 08:00:00,https://news.google.com/rss/articles/CBMiwAFBVV95cUxNSDBUMmQtaFBfZldVMzVzTzAyLXFBR0hETzdDcFhHVm5fem5iR0JqRFRHT29XdXdlR290V1FteWlRdlNyRXBwYkJScGRlWTZQbUxvWVZxOFl3d1Y1c2hyWTdOX05BVUpwUHczTXhOa3hfS0VlVTFMVm1Tc3ZOQ0I0Y0hWVm0zRWRqTm83SHBNcnpRYTVSRjluMlBEdXU0UTNQMFpfZUp5M0g1Q0NXWmw0WktWQm1rR2cya0Zva3RjeHM?oc=5&hl=en-US&gl=US&ceid=US:en,World Health Organization (WHO),0.4019
Removed Sudan PM demands gov’t reinstatement amid world mediation - Al Jazeera,2021-11-02 07:00:00,https://news.google.com/rss/articles/CBMipwFBVV95cUxQQlgwbnVhbGkzalhIX3lWR29JeW1uUkNSOEdldWJZUG45WWdBVG9vRExjcGpzNml6VVlXUmZ0U3RnRnltQVdpY25LZmRZZHFSdk5lV2NfS045MGg1cXVFUzFyTXltTW5BMDB0Y19zeXVxYWs5M1p5VlFYb3hKWVAxZzZIRXpNQ1B0M1hCaHpxRXVmOTJoQV81eUtPSURNYXhETlRkSTc5SdIBrAFBVV95cUxOaE5lcVh5bTU5MjF4Z1lCRXdLdWxCbm1nbDdCaTdUTmo1dVRxUGVrVXRrSDVJeDdTcWIwTWlmalQzUTJGeEIwZVEwdkFQZDBJSExJTkY4VGRORElkNTktcTVjQ0gzMEZJY3ROU0FGenVBRVZJRTNKendXZF9FTXJ2SkEteHVraDZKWWFzUS1TcXplSkJwRHJRblU4RkhOOFpPWTJUX2FlS25ubVhz?oc=5&hl=en-US&gl=US&ceid=US:en,Al Jazeera,0.0
Empowering heroes: WHO works to support and strengthen the world's health workforce - World Health Organization (WHO),2021-11-02 07:00:00,https://news.google.com/rss/articles/CBMi0AFBVV95cUxPUU5FMDkzZjFuWWJwbllWWTF0dUF4ek1XTkZkUHNodl9leGg3U0xyZTJQRnR5Q2c4aC1BTlhPN3RkcmJBZS1LMEkwLWhsN0lTeDR6bUFfemdXLXBtdnFuMFc1X3NFX2JzYTFreElqV1ZYMkt0bUFwZ2d2aDFpWkVHa3FJRFNvQWdlLUdxVG5DSzRPcS1SVU14LXhoemxtQWU5eWswdnNsTlVXR184M3JnQU1lMUVOdjZvUnhIN2hnOHluTWd5Z2tzZnVwbnFKWjhR?oc=5&hl=en-US&gl=US&ceid=US:en,World Health Organization (WHO),0.8074
5 dangerous pollutants you’re breathing in every day - UNEP - UN Environment Programme,2021-11-02 07:00:00,https://news.google.com/rss/articles/CBMilwFBVV95cUxOY25jbjZnZ3I1c000UzU3OEVuOWE3U0ZtMWxfX1VubHJzUGxXS25ST3RDc0JEQ0Z3LUcwUExtYU9uZl8ydTk3RWRWSHR5WWpiQWkyeDVJWkc5S21OVGlneDFCNUlzOWQ2N2pDMmV3Y0M2a2lGLWJiM25fcE80UUt3Vm9QUHFuc3NuVEY5aVVHREkzOHQwNUdZ?oc=5&hl=en-US&gl=US&ceid=US:en,UNEP - UN Environment Programme,-0.4767
World Inequality Report 2022 - WID - World Inequality Database,2021-12-07 08:00:00,https://news.google.com/rss/articles/CBMibEFVX3lxTE5LZlNuQjltREpQemZKRDRHd3BlZnJhdnhMcnNfb1ZLdE5VUmR5WS0yVWgwZGV2elY0VGlFWjhzSVRDWWNCWXdTQVFRbU5famJfUFd5SHNSb2NMbDlTYzUtOXpsem1EVmwwcEliQQ?oc=5&hl=en-US&gl=US&ceid=US:en,WID - World Inequality Database,0.0
"From vaccines to vaccinations: seventh meeting of the Multilateral Leaders Task Force on COVID-19 Vaccines, Therapeutics and Diagnostics - World Health Organization (WHO)",2021-12-22 08:00:00,https://news.google.com/rss/articles/CBMihgJBVV95cUxPVUljbnI4UXBYTjRtVDhfdlpMZkkyYWdhcUdlYUdJV2VIRzA2Q0V5SVdDNEJsX0MxTjhEZ0NjSC1ud2xtdHlhWTNnNDBOVmFEVWFuM0tkRmduZVFEX1hySTk0dXMtaWFGd3hLOXFEYkRsaDJ0ZGFjajBvOHFnZUFaQmhpczAtSjZEc0xtSFRIMmlWZzZoLVNWX2ZvWjZkVVQ2NXllWWZISTBZTWVOTl9xZERkbUlwSHVETjg2Yms1VnBBTm5vejdUZ3lJZWptMk0zYkdkeW5ESkRNNWx3bWRPTUxmX0cybFpmdnNqZExxMXJZYUtkM3JZTkR6YkdVdHVuM3hXVDJR?oc=5&hl=en-US&gl=US&ceid=US:en,World Health Organization (WHO),0.0
"Decades after its demise, world communism still casts a long, strange shadow - Berkeley News",2021-12-15 08:00:00,https://news.google.com/rss/articles/CBMisgFBVV95cUxONkFFYzJFQ0x1RFQ1M1N6UzZzMVhJc19RU2dHQk9aT0VIdEFCTURnQzJhak91UmFLVWp0RWd0V3l6ZG4yU1hKQW5lZ3g5NV9fYmkxM201bkUtZjFjWjIweVJZUDZZMVNGUlRGR2NyM3haZENfb0tzRlpMT0ZoT0x0YThZd3loOWNNM0NUQ04yQkVxalZXZzMtamNBQlFrVHpFX3B3aVNJblVQZmRzZGFoZTd3?oc=5&hl=en-US&gl=US&ceid=US:en,Berkeley News,-0.2023
Ten Most Significant World Events in 2021 - Council on Foreign Relations,2021-12-15 08:00:00,https://news.google.com/rss/articles/CBMicEFVX3lxTFA4MHkwQmJDc3FFQ1JvT1l3RDlxTE95ZjU3WDVQYVJLR3VvNUp1XzNzVktYYVhnUDBmVk5xTE5hSHhHTDBOcGU5aEl4a2lzRk05ckZ0X2NhckczSXZwdzRfWlRhbUJ5N19qckJKWWM5d0s?oc=5&hl=en-US&gl=US&ceid=US:en,Council on Foreign Relations,0.2716
Assessing the Global Climate in November 2021 | News - National Centers for Environmental Information (NCEI) (.gov),2021-12-13 08:00:00,https://news.google.com/rss/articles/CBMiYkFVX3lxTE92MU82Z0FYcFNFaHFRdWY1RkI0N19wT2NyZjd1ZUhsajlMWkdUY2hBamZpWHU2MndxTWhWQkZmUzhpRHd6OHFrSmhlSTc3V0NhbmRWZzN2bUxWbFZxVVRqRGN3?oc=5&hl=en-US&gl=US&ceid=US:en,National Centers for Environmental Information (NCEI) (.gov),0.0
MIT engineers produce the world’s longest flexible fiber battery - MIT News,2021-12-20 08:00:00,https://news.google.com/rss/articles/CBMiYkFVX3lxTE1ZYUFtM1Ywc2Q3dkpSNERzTkRQVTlmUzNiWE43TUdBZDRzM3BCSDAzM2wxOVB3UmRwYU83cWRPY1k0WTJGNEJOZ0ZGT0phLUkwZmV5bkhTaHAtc3p1UmZYV1pB?oc=5&hl=en-US&gl=US&ceid=US:en,MIT News,0.2263
Davos World Economic Forum called off due to COVID - Sky News - Reuters,2021-12-20 08:00:00,https://news.google.com/rss/articles/CBMiowFBVV95cUxNZEdUUUIwdVZrY2lvRmFvZEc1TEctRWVveVlPMHc4M3VLcC1ZaUk5S1ZBaUNlbUJoekY2ZnR0RFFJMHR0YWVyUXJiZWJPZTZNNUNSRUlCQmRqNzV3MHZKTUpCdFRiSUZyZkVTdlB1d1dCMGcwMlI4RjdJVk44aVV0Uk52dUJaXzVKcDBnaXBrNXloTmdjYmxSdG0yTjFRTURHR2JB?oc=5&hl=en-US&gl=US&ceid=US:en,Reuters,0.0
Stand News: Independent outlet to close after senior staff arrested - BBC,2021-12-29 08:00:00,https://news.google.com/rss/articles/CBMiV0FVX3lxTE5rREIxREtjbWNfdjE0NS13djFmNTRfU2RzQXdFdUktQlNVS18wN0ZlYzJVVkM2djNkY0FRVUhISlgyRlphdU9TQnc1ajhfYWFNUS1HQWgxMNIBXEFVX3lxTE1fRWNtNTAzbENhQzN1X2VjUEdVNkNVbE9aRHMyUlZPdUVMN0RxWmRLeFRSV2MyVl9ya3l3YVoxZC10R3pfb01qa0dYQ3MwNmd0VkdUeVVDVUlzTUhU?oc=5&hl=en-US&gl=US&ceid=US:en,BBC,-0.4767
World’s Largest Pterosaur Leaped Aloft to Fly - UT News,2021-12-08 08:00:00,https://news.google.com/rss/articles/CBMihwFBVV95cUxNWmtTZi1VSF9CNlZkTFp4NXZqNHBodF9ydEdWeERPWXRvczdiR2pFZk5CNDBhVnVhaFE5MG1QUUJZOHhaY2paM280M0dvcjdvU1d2RzE5SmVGVkZhZ0dPRWZxc29kTjVidE9QOHZaVExuLUJHRTZmd1owc29ITnRVOXQyMGZ1T1U?oc=5&hl=en-US&gl=US&ceid=US:en,UT News,0.0
US News and World Report recognizes VCU Medical Center and VCU Health Community Memorial Hospital - VCU Health,2021-12-07 08:00:00,https://news.google.com/rss/articles/CBMiyAFBVV95cUxNcXZqckx6bTVpTnloYnA1ejhnRjR2WER2c0VEUV83YW1aZU0teXEtdTZ2Umlza09MQnlaVWtvTVI2dTNMOXJKc2hEY3ZFZU1lY29SeTgzUXE0UTRseFRQaTAzUjdUQWIybDFITXVOOXR4enhoZUdnTnVVd1JYOVVFTE5zWTFSWS1vZDFxTTU3bm9wemVvQmdiUS1JcEFZdXdjVXhITXNjeldIbm5kMUdqdlhHUFlQbXQ1TElwazllOEVmWlhDS3BqQw?oc=5&hl=en-US&gl=US&ceid=US:en,VCU Health,0.0
TVEL starts PWR fuel fabrication at Novosibirsk - World Nuclear News,2021-12-29 08:00:00,https://news.google.com/rss/articles/CBMikAFBVV95cUxPdjdpaHFEV0NTODZoOWZtd1pHWkxTNUl1ZGxOT2tIX3FVZHp1X0NFR095Q1lCdmtUYzM0UWlGczZtOGo2Y3pRel95dnBkT0wzdHUxZ2huOGo4Z05rSEx2X0xUamNWcC1xaUgtRkhubkNuMVBoVWFHd0JHRWVSVG1CaG5ZQmZiOE1mWEw4TlJsVDc?oc=5&hl=en-US&gl=US&ceid=US:en,World Nuclear News,0.0
COVID-19: What you need to know about the coronavirus pandemic on 17 December - The World Economic Forum,2021-12-17 08:00:00,https://news.google.com/rss/articles/CBMiogFBVV95cUxOcy15LUh6RWVFeTdCeGcxNDdBUmpZSVpTMVItdW01N0xVUkhLbmdxbHZFMDFIZ3NwcEtZNlNiWkkzSzRBTWdrZW1IaDEyUzF5R01nT3FaTHVEUUlWVjd5ZXVDb1I1VENlbGhLeF9JSk56MGZDZVJPeXE1cmtxdzRIXzNPMUc5MXlrR19fd1ppZ2pBUG1peHlpODZGNF80RHJPUWc?oc=5&hl=en-US&gl=US&ceid=US:en,The World Economic Forum,0.0
New World Update 1.2.1 - News | Official New World: Aeternum Website - newworld.com,2021-12-21 08:00:00,https://news.google.com/rss/articles/CBMidkFVX3lxTE82Z1d5ZGR5MDRuV19KUnVDbFZaV1YzeXBHQWZTZk10dHFfUktFUHpNN2VHUHR3QjN6aWFjYWdDSF9BWUtRd2xPdThNSW9Rek5NdEU3NnlyNjJLWmZfTnNkT0dSUk5mVHg4WkpBaTNqYlplaEV5Mnc?oc=5&hl=en-US&gl=US&ceid=US:en,newworld.com,0.0
"U.S. News & World Report Ranks Embry-Riddle Prescott Highly in Colleges for Veterans, Regional Colleges in the West and More - Embry-Riddle Aeronautical University",2021-12-22 08:00:00,https://news.google.com/rss/articles/CBMiygFBVV95cUxNNnZNV1BkNHo3aEY4LWxUdjFvU2xaTzVMOW90V1JsWlp1QmFTYlJCMlJPeHI3bkNnQlczTnk4ZzNsN1FWczlBblhYa3dCanMyQVBydmJieENsZmo0WlpYempjV1ZuQTJpWWIzdXJEQXRBVXlLSjZRQ1pfcFNuSUxTcTNUVURwUUNTdzVlelhjVmtwN0RDVFJId1d5bFh3WDhwaHZIR29SbGZYSmtyMDlvM1VxVWdnY0N5Wjd4QkV0NDVXelA0NVU1R25n?oc=5&hl=en-US&gl=US&ceid=US:en,Embry-Riddle Aeronautical University,0.0
WHO accelerates work on nutrition targets with new commitments - World Health Organization (WHO),2021-12-07 08:00:00,https://news.google.com/rss/articles/CBMipgFBVV95cUxOZzFwTjkyU2hkeDBRM2JTWFJVbXFBOEhoTDVDNzBkX3EzYWJyYjdBeEFMank0N3JmdGF4VW1DSS1xNDA3WU5kTjktLWE3M01oRkppUmxiY1ZETE5Gc3VsTHF1S2dXZE9GaHZhczNnUzMwdW5TWVctV3NqN1Nob2V5aUJyd1hFaDh5cVdobV94QWFKUmw3ck5FcUtGZ0hWYVl5MklnWFZB?oc=5&hl=en-US&gl=US&ceid=US:en,World Health Organization (WHO),0.128
Parag Agrawal: Why Indian-born CEOs dominate Silicon Valley - BBC,2021-12-03 08:00:00,https://news.google.com/rss/articles/CBMiX0FVX3lxTE1MdlNfalZMTUd2UnhRR2U5dVR6LVJhMnpOVEprbmxJSlVrZDVqLU9zd2lVU2Qwc2FrdUc1dkl6eC14NkZoWTgzdUNlWWZpa0xSaTVmLXBVZklkRU03ZHlJ0gFkQVVfeXFMT3p6OGY4YmFQMjRNRDhBS0dDNUowLVFfazkxemtBY0taTjMtUkdBX0RIWFllcVhPd1JDeUE3UEhBNEZSYldfYWhVS3dHdGJXdUI0YjktYmtwZjlCWE85TUdhOURBMw?oc=5&hl=en-US&gl=US&ceid=US:en,BBC,-0.128
Interim statement on booster doses for COVID-19 vaccination - World Health Organization (WHO),2021-12-22 08:00:00,https://news.google.com/rss/articles/CBMixAFBVV95cUxORDQ3QkJzWXBDTTgwUTg0OExtZTRjdzdFX0FlOUtaWHBLTHJMdUNHaUNJM1hFSi1JR1ZDR2R0ZjdYSGxGSzFEamZ6aldPQTM0UVBoLWxQQXloejZNWDhhSzF0YTlveWIxTUx2bzZKbWwzWWc1dmlQQnQ2ZnRyN2NEa0pJc3p0ZVlrSGRUYzQ0blU3ckVpdHFlaWVDcDF1amtZZ0U1a3hqcXhLckhwWE13a3VuRXFCdGpRbWxjYnVuSU05V0pJ?oc=5&hl=en-US&gl=US&ceid=US:en,World Health Organization (WHO),0.0
Nicaragua receives China vaccines after cutting ties with Taiwan - BBC,2021-12-12 08:00:00,https://news.google.com/rss/articles/CBMiV0FVX3lxTFBIai1QWFpmVjhvM3ZXN0pQZ09xWWJrdUY5RmZxZUpPT0loQ1VTbnNSUTFXMVdHdFJUX1R2d2NhNmI2SERwTnBpTE81UWZxcFdfRlpESmFuNNIBXEFVX3lxTFBYVXZ1YldQZ09ZLWZoUlN6YTZ4dnlUclUzbUxlZHdRNGszamhpSmtRMUw5MW9XTmN2OS03VzhXTVJSWFVHelpMMEZhZ3ZCQ3hienpuMm9LMUFvXzZR?oc=5&hl=en-US&gl=US&ceid=US:en,BBC,-0.128
WHO and St. Jude to dramatically increase global access to childhood cancer medicines - World Health Organization (WHO),2021-12-13 08:00:00,https://news.google.com/rss/articles/CBMixAFBVV95cUxPeFdQVGhyZjY0WDlQT0UwWVJHUjhKUjh0eWtZV2pxZTdYSmh6SkM2UklQdDVLaUVTNkZwOWdMS19ocExSRmVkbGJkcE1jMlBJdjhTTHo0NFVFdWxraUlnTldkbWxoMTJIR0J4amJuZEphNEthLWp5S3JkQkY4ZDJjaVYyb2MtVmdYMEFPeDJULWk1d19IdFlPbGx5MWxlX1oyM1RUWFJXU210UFJ0QzNnNjlhZ21RTTliY0pPbnN1MXFpUjZ3?oc=5&hl=en-US&gl=US&ceid=US:en,World Health Organization (WHO),-0.4767
The ultra-violent cult that became a global mafia - BBC,2021-12-12 08:00:00,https://news.google.com/rss/articles/CBMiWkFVX3lxTE92UV9OMzRmSG1zdGQwRXhfMG44cEtMSGtnamlLejB3THNaN2VYcnEzVEFGQXVhVVBveFZnMlJVbnBNeU1LSFR3ZU5UanZjNVBMZjNQYkZPU2Rhd9IBX0FVX3lxTE1rZE5nTG1OaDV2Q2xoUTV3Y2ZmY2d6RTc5TXhERkFieXREek9XQl9DN2ZJSXN6bm9MVFFjUVlJTUQtWXdYWDZFNnVvZldoam9tdlBFLTR1c05vNFVQSWow?oc=5&hl=en-US&gl=US&ceid=US:en,BBC,0.0
More malaria cases and deaths in 2020 linked to COVID-19 disruptions - World Health Organization (WHO),2021-12-06 08:00:00,https://news.google.com/rss/articles/CBMirgFBVV95cUxOV2RzNzh1dUFMcVJQdk02UTdkMktqd0VCaVZtcE5sOGVLaTN4d3d5Ry0tVWY5ZndpTEc2WDducEhVWGVkV0lSX0t5cWRGREtsb25mRXFsZEg1YXJlN2gtX0lrMjBneS1HN3psaVM4SEp0X1hzUlowWlBYTGwzVjloam1YMDBnOTM5U05DSGNjWTIxUDh4NGVPWHRWRDRCbHl1ZmJQU0o3MHZ4RmVxYkE?oc=5&hl=en-US&gl=US&ceid=US:en,World Health Organization (WHO),-0.34
WHO lists 9th COVID-19 vaccine for emergency use with aim to increase access to vaccination in lower-income countries - World Health Organization (WHO),2021-12-17 08:00:00,https://news.google.com/rss/articles/CBMi7wFBVV95cUxNQWdPTl9GYmNXTWR1MG5ZNHdDeGRESjBQN19acEdlUHJZWm1vS2c3a1FTNmxPME9RZnVhOTZ3ZTk1aDFqcXFOZzRMQTZ6cTZOa2dBM1dpdFRhZk1Qb2F4dTJYNGJ6cWgyQm8ybTVUOVFmekwxMkZ6S3poNDNpMjVrMHFoaks3TmRHRlRIZ0xjWTc2N25zLUZxY01lQjBzaTVSRTlWelBBemdGYzM0ZC0zZUg1QlM4TmRwM1ByWlhmYUstVGExSDNTOFJMTFVrZDZkNThDVUFyeVpZak9mRTlIc2d2UU1md3RlM01BYWFmYw?oc=5&hl=en-US&gl=US&ceid=US:en,World Health Organization (WHO),-0.0772
Mapping the world’s oil and gas pipelines - Al Jazeera,2021-12-16 08:00:00,https://news.google.com/rss/articles/CBMijgFBVV95cUxNNmVyQ1hxdlAzdXBBYTE5NVRkS0x2b25JYTk0LW9pYmdhbzNRLVhxWkdWS1p4MEQxT2xEZ3NRSThJQW1BQmVxcVI1c3hjNzhjSGhLTW51ZW1CZkhvaU81R01EbEgwQ3JydnQ1RzNnd0hINFBhZkZNZnBENUNpQVdxRi13MGlJaG9SUVpHY3hn0gGTAUFVX3lxTFBjejY3SEtIUVhubVREWlU4aWY5ajBKQlZfUUtfVXV4eVRZWEEtY2ZOTkFmdkpWb19KU2cyam9MQ2ZtbThwTVpBaDV0c1MwLWE1WS0zblE3QTNrVWJGdk9uR290aVdFNXVTVVNkNGxJN1VaLTFWeTZqQmVNa0dQQzY3QnpfQXQ4WlRCY0pHMmJscTNJYw?oc=5&hl=en-US&gl=US&ceid=US:en,Al Jazeera,0.0
December PTR Announcement - newworld.com,2021-12-02 08:00:00,https://news.google.com/rss/articles/CBMiekFVX3lxTE9ZTWIyYzJYSlh0aTVMUlNOQ2p5ZEpRNXJsSkpTSjRpdGZHTDFibXB5dGF5UlhLZWllaEZ1eFNDRVlESUVVcUZna0p4S2h0ZFZlRF95UkZDeTg1VFZRaUhOa0RZYzFEajN1bXJOakZmeVpkakxTd1hRbV9B?oc=5&hl=en-US&gl=US&ceid=US:en,newworld.com,0.0
What went right in 2021: the top 26 good news stories of the year - Positive News,2021-12-24 08:00:00,https://news.google.com/rss/articles/CBMihgFBVV95cUxOeXNIV2w2RGtNMjU3VmVFZ2RwaEtGZDdCbUZjS2pMV1YwMWRseG02ci1qcElyUFNheVVzVzlXa21PdWc5dkx5R0lHM1lycFU5Zk5VbmlZQ3lMemtyYWp6LWl5YXRUOHk2NDhxMTh2dDJ6aEx5aEJIOS1DNC0yOGNuaGtHR29rUQ?oc=5&hl=en-US&gl=US&ceid=US:en,Positive News,0.8074
Aram Mahmoud: Representing refugees around the world - Olympics.com,2021-12-15 08:00:00,https://news.google.com/rss/articles/CBMiiAFBVV95cUxPMC0tRndjQ1RocmtqZlN3aV9WTVpjemY4Wk1NbDc3ZEF1LWhnRHZMM05DYmlPeFJBV1VPZm04RkZ1TkJROGtVelN0WDhDTDRydFJCUmtCUlJpZHFJNmVPTGF6UWp2TDd0bnZfZXFXMHZlT09JUlVaUWxFVGdtZmFXMEM2OHRuTHpB?oc=5&hl=en-US&gl=US&ceid=US:en,Olympics.com,0.0
10 key global health moments from 2021 - World Health Organization (WHO),2021-12-20 08:00:00,https://news.google.com/rss/articles/CBMihAFBVV95cUxObkVWa2NIemtmSVpfY3dfNjJmTFJXaUZUcVdDc01VYmtOb0QzNHJvYzhZbTItWG92UUxvbkNuMERudURUMk84cks4S0hKa3FNZGZxZFJ5QmNuWGs1bU85b3hLVEpnd1ZacWpwV093Z0ZZX1RsMS0teTFnSlN2bzBBZ1dxZGE?oc=5&hl=en-US&gl=US&ceid=US:en,World Health Organization (WHO),0.0
Atrium Health Leads State; Only Hospitals in Region Recognized Among U.S. News & World Report’s Best Hospitals for Maternity Awards - Atrium Health,2021-12-07 08:00:00,https://news.google.com/rss/articles/CBMiyAFBVV95cUxNTG1xaFdxTXlZSTlOM25OYkxJZktrcUl2dEZGT3J3YTBqRy00bkhLNTNIVjZlZkFjNkc5YmxuaThiX2t5eVZ6dkdkTXRiWWwwdElKZ0RsakEtdEdYWkhSSm5pbThudDF0eGNiWmxBYlV3TTlyUlJMaGtway1Qd0N0NXRZUVc5WnRCa010UGVkVk0yRmR4NnQybVE3bVBxSWh4RFNTQ2ZHUUFldDREZ2E0UXdxLVhlQjhaVkk5TTUxWVRkR0EtWXBzNQ?oc=5&hl=en-US&gl=US&ceid=US:en,Atrium Health,0.802
Generating a realistic 3D world - MIT News,2021-12-06 08:00:00,https://news.google.com/rss/articles/CBMibEFVX3lxTE5ZaTRlc0w3Ni0wNUpiWHJlbjdYbmtRRFRSZ0NucEdKTTc0cWRFUVRtMXJvVEh2bmJhUzFwQ1pVSXBrUGdoTUhsWHFEM3M1M2dmTFdGdWltcVZiQW42RjFoOW8tRTJJOGVpTTEyYQ?oc=5&hl=en-US&gl=US&ceid=US:en,MIT News,0.0
Machines that see the world more like humans do - MIT News,2021-12-08 08:00:00,https://news.google.com/rss/articles/CBMiekFVX3lxTE5lWkZOb0hJT0RwUlpTZldyTkdRdWxyR0ZXZnJXcW54OUxmN2ZFbUJOTEUxQlpxbzM5b2g5eU1CMmM1NGVsUmRVZ0xvUFpLRHBDYzl5WUFadGhHLXdCcWdBUWdYaWZrQVVpU3lCS2F2dlZucjk0MlZ1MDR3?oc=5&hl=en-US&gl=US&ceid=US:en,MIT News,0.4201
Leftist Gabriel Boric to become Chile's youngest ever president - BBC,2021-12-20 08:00:00,https://news.google.com/rss/articles/CBMiY0FVX3lxTE9mOGE0Q003U1F4RmIwNThxakU1blN5VFEwNkNVdW5nOVRJa3hpOXRfWTZSaGo0TVNpOUJkdFpjTEhsdTROT05EbG5wanJScXNYZkpWcWZMNTlxanFwSk5za3p1WdIBaEFVX3lxTE5oSUlVVXhMbmhwTF9xYmM3OUIxYVFhekV0MG9MZ3dVT0o1S2s3M3AwNDBpcFhSYnM3am1EdDAzeW9VNnJNdzVlTkZsMEN6VUhWSXJwT3J3TV9MTWtoR3NTR21fQl85bGx1?oc=5&hl=en-US&gl=US&ceid=US:en,BBC,0.0
OPG chooses BWRX-300 SMR for Darlington new build - World Nuclear News,2021-12-02 08:00:00,https://news.google.com/rss/articles/CBMimAFBVV95cUxOVkFlVmtTS0phaWhZakZNM2RUMi15SlBITHFyN2NiZ3loYjRCa3dhQ2ZQT3M0Tzg2R1VPUGVzUlVZUk42YzNBWk9YMUZQdGV6RE9kd2JuMzN4UXZZVHNQUWtwRVJtOGFaLTl3RFZrS0VUZW01RGU3TmRxMklvdFNCal8tWWdhSnpLY09IT0lNY2FnQTJJRFF3Tw?oc=5&hl=en-US&gl=US&ceid=US:en,World Nuclear News,0.0
Making a difference in the world - ASU News,2021-12-03 08:00:00,https://news.google.com/rss/articles/CBMid0FVX3lxTE82bzJRb0xjc0RJbFNwekV4VmZ2RVFKTzBKclV2WjVzWEREaXJFVjdGVEJ3aFZicTktTUdRSHpoSEktSlJ2b2lPZjlBcDhUQUh0V3pXSERLaFdtOGxKR3VxbFY0UlVOQU8wamtERnk2OHZLRTVWMXFZ?oc=5&hl=en-US&gl=US&ceid=US:en,ASU News,0.0
COVID-19: What you need to know about the coronavirus pandemic on 22 December - The World Economic Forum,2021-12-22 08:00:00,https://news.google.com/rss/articles/CBMioAFBVV95cUxONjlMUVlhMjQxcnppTFpVR19ZTlZyOVVrbVFtQkFOODNWNC10ems3Z1hiREVZWHZac0piUXVUdWxnTlZrNmZfeWoyV1lhOFJ2WTBjc2g3R3lGeG9CcFJ3ZXdsUi1vbk5pNGdON0l3UlFXeVhyWW5CRVNUZUpYV0pZTEM4Mml2b0NDYnJ3dmNNNGdIeUhYNGdQdHd6a2dQOUt6?oc=5&hl=en-US&gl=US&ceid=US:en,The World Economic Forum,0.0
HBCUs lead at propelling graduates into middle class - University World News,2021-12-03 08:00:00,https://news.google.com/rss/articles/CBMid0FVX3lxTE5YNkpzUkVBeE9XeDhjSTNrVEdDR1NJTHhWNDFQU0tleFBvR29TREVUVjB4NFlkVFJhYUoyZXNncm5PZmp3Ykx5Sm9QQ2pwMndjamJ6QmdnYmNrWUJxeF9BeC1XRjc4LVJ5bzI3V1g2a2l4cloxclhj?oc=5&hl=en-US&gl=US&ceid=US:en,University World News,0.0
Book on violence against women wins Grawemeyer world order prize - UofLNews,2021-12-07 08:00:00,https://news.google.com/rss/articles/CBMizwFBVV95cUxOd09YNXFONXlyMUVaSUpNNDhOX1dUZEdyaDZEMHhLTXBORUtwVFE2UXgzaVYwZldPQVBzZ2VpeXYwWHNUZzFBZGthaXlVQUpqTmt1RFBGYmFZcGh0OUZaaURNOE5jYTR0Q3BnV3VlTmNibG5iRkh4bWpqc1A2cXAwd2lwaUZCbEQ3QW1UUWkxeVlnWE1jNlByLTcwQVNRNk55T0dlM3c3V25MNi02UVRGS0VBanVlWVRIV0FhU0Uyd0pHSWNwQ2xBS3hQYVFKa00?oc=5&hl=en-US&gl=US&ceid=US:en,UofLNews,0.4404
COVID-19: What you need to know about the coronavirus pandemic on 13 December - The World Economic Forum,2021-12-13 08:00:00,https://news.google.com/rss/articles/CBMiogFBVV95cUxNZnpQSTg2di1vU3lxRGk1bmZZZW1UU2FOdzRLY3ZYOU1uM1NQN3FVNFB4SDN5dDdqSk5QQjhLYmpuMTVULUJfeXYwZXNHbkZ1QU95LXQwd2o4UXBnX0gxU2NBc1I3dDBwdUN0bGstbjhieWhrRFhZLU4weXVZNjhuV0V5NVF1UmdUQjNUdGpkd3V1UHQ0QWczNXJVOEh3UTVJTmc?oc=5&hl=en-US&gl=US&ceid=US:en,The World Economic Forum,0.0
UCF Develops the World’s First Optical Oscilloscope - University of Central Florida,2021-12-13 08:00:00,https://news.google.com/rss/articles/CBMiggFBVV95cUxOdkk0N3lfMFUweWJxYXI3U1JleEVxYV9JZmRXQTVtazF4ZDVWTXpsaDJFUlg4UU45cXh6SVF0SW81S1huWTVCU2RCaVptcWRhdTVpUGVSQU9BUWE4SEYzZjBBa0JmeER4Y21mZkprRjc2RGNCVUtEbEFtQ0puejNnVkpn?oc=5&hl=en-US&gl=US&ceid=US:en,University of Central Florida,0.0
December Store Update - newworld.com,2021-12-16 08:00:00,https://news.google.com/rss/articles/CBMidEFVX3lxTE5LbmNpQ2VUd2Z4S3E3WnR0d3Z2S1NWVHpLdDlrNk1uOThDVzZURGJKbVJLczREWFliNEozY0UxdHQ1NjZuN3FnTXdtZ2lyU05HNzd3MDM3NmJocW52VUlWd2pxcDRZNGs0WmpzRi01MVZ0Qlhs?oc=5&hl=en-US&gl=US&ceid=US:en,newworld.com,0.0
"Canon develops SPAD sensor with world-highest 3.2-megapixel count, innovates with low-light imaging camera that realizes high color reproduction even in dark environments - Canon Global",2021-12-15 08:00:00,https://news.google.com/rss/articles/CBMiW0FVX3lxTE55RS14VE9CYnJGMVZPSTR4TzRad3pFaDVpT0R6ZlUyRG5WcHZtR3I1M2tqM1NDd3NqdkNtVzVOcnBKRENZY2FrZWhHZHdqUGU5MENGVEhwUzBjZG8?oc=5&hl=en-US&gl=US&ceid=US:en,Canon Global,0.4588
Dragonflies threatened as wetlands around the world disappear - IUCN Red List - IUCN,2021-12-08 08:00:00,https://news.google.com/rss/articles/CBMiqAFBVV95cUxORXlCcDRieDhOUFNRUWxCbktYMFpaUVZkVEI3NlZrbWFNbm9TdFhGeWVzcGpwcDJwcmFIelVlM1BFU2NUdzM2ZUgtRjB1QURuMmprVkVUUWwwV2NFWHZ0MjF4a2g3OWlYLUdjZFh6dHR1ck8xRjFrN0lrdUpUSWxaM0RyaFdrdi12cGNHb1BUSkQ1OGl4LU8yUlhwVmJzSG92QWVPLWtKcjE?oc=5&hl=en-US&gl=US&ceid=US:en,IUCN,-0.5994
11 of the best good news stories from 2021 - The Week,2021-12-14 08:00:00,https://news.google.com/rss/articles/CBMigAFBVV95cUxOTXdMLV9VZzlheXRUUHVNQnZQbGR4QTlRQ1VsQ1FWS2xyZXNfN1JkS1k3WDA4Tno3V01XRWlRcmZNbENXb3VTc2dBZUF6ZWQ4REhTSTMyR1V1dkEwczNSWjNpWTljSW94ZW5sM1dfRnB3VGtWaVQ1OXQ1aEFzNlpwZg?oc=5&hl=en-US&gl=US&ceid=US:en,The Week,0.7964
COVID-19: What you need to know about the coronavirus pandemic on 21 December - The World Economic Forum,2021-12-21 08:00:00,https://news.google.com/rss/articles/CBMiogFBVV95cUxPV3dZZVFscDNrRFd3YnRDbklyWkgzbHJlcExRSnU5dnZfaG0tcVBJdnAxUWFHazVmWVBKNVI4cE50WG84SldBM3VCWTl1MHpkd3Y3a090UjlQU1ZmTWIwTnFpZHAwdTNlekgwMzItZ0ExMW9YemY1TjJHMWpMLXV4SGhzRWtEZFpid2ZvZXBXTGNkSkVVTlgwRGZnTl9ROENxZEE?oc=5&hl=en-US&gl=US&ceid=US:en,The World Economic Forum,0.0
"China committed genocide against Uyghurs, independent tribunal rules - BBC",2021-12-09 08:00:00,https://news.google.com/rss/articles/CBMiX0FVX3lxTE1IWlc5U1pjdk9lVmFwYXlRX1FmYXF5aUFERmREQ3l1OUJnM3V2dWlLR25jOEl2bFRJaGFKYVFlc1o3Y2dzdlZITEhmQ0pFS29rQ3FSMGhXbzFpN05BVUhz0gFkQVVfeXFMTnhyRVNVZzRtTkMxdkY3NGxnTmwxSWsyQWdZU0dreERmQlZQdVBFbHpnRGYwbU11UEljR1VTYzk4QzlHa3EwOGFDT1JNRjZKaDhGZ2hvMmh4UFZ4UF95bEVWZHdhNA?oc=5&hl=en-US&gl=US&ceid=US:en,BBC,0.2732
"World-renowned speaker to engage with students, community - University of Wisconsin-Platteville",2021-12-02 08:00:00,https://news.google.com/rss/articles/CBMigwFBVV95cUxQN2lMWUxRTW1Ddkx4WEhSdlZadmVuczlvdTBaTkdJYkJaeGJFT1Bqd2lNcHcta1NCeDI2VVBRSEJkZlhJZE5mSDhBTWtKal9qUkxTcERmWHlhc1lfUWlKRTItOG9UMExYYXRjbTBwRmN2OVBqWERzQ3E0cTRBeFJmTW9nQQ?oc=5&hl=en-US&gl=US&ceid=US:en,University of Wisconsin-Platteville,0.34
WHO recommends against the use of convalescent plasma to treat COVID-19 - World Health Organization (WHO),2021-12-07 08:00:00,https://news.google.com/rss/articles/CBMisgFBVV95cUxNNzZpSnVSOV8zMHZTdWRGUXR3NldFeTg0TTBpSlBjVGgyNkdRamV4OHliZEJ0bEk0a2R2Vm4tVXV1T0t1SXJ2dUlvOGxsTi1wZDVKdzRSVElSZDh2Q2NuVmkzVGZTdXpBYktNVUM3dlJPLXMwX29pa09TZVF6NF96U2lRci1WM0FzT3VTZFF5UnlGbXZmVTdheTc2aTN0eERvSlpzdXRiVGtFVk80RTJxd0Rn?oc=5&hl=en-US&gl=US&ceid=US:en,World Health Organization (WHO),0.5574
Perfectly preserved dinosaur embryo found in China - BBC,2021-12-21 08:00:00,https://news.google.com/rss/articles/CBMiX0FVX3lxTE1ZQUZmYV9EQktpdGFRYmNHSExnRUJ3VTQ3T0JzRzR3R01ESEVsTlRjSWoxQVFmRDB3Z2RNU3ViRVpYZzZETXl4cUZmczM5R3Z0WDBrN1ZERl9Qd0QtLVlZ0gFkQVVfeXFMTTkzUnhxd0VTVkp0UEYwX1NTRy1ER0ZaUTh6QjhnaDhfQ254ZHR4Z1pLeFd2MXRzdjhjWi12TktnUzBYZ3VSWjlURmlkSjFESEwwalowdTkzTTNJR0FMNHVaemdTaQ?oc=5&hl=en-US&gl=US&ceid=US:en,BBC,0.6369
2021 Year in Review in 11 Charts: The Inequality Pandemic - World Bank,2021-12-21 08:00:00,https://news.google.com/rss/articles/CBMinAFBVV95cUxPb2toblFJMnVkNFBPanUtOEtiUnNiSFN0SnNwLWJzenFzamtsZUpnN3pxQndhUWgtVUpWMVBBSFJnMnlxT1pyT1k5cEx6VU9PVXNIaXJuV09kVXUtWDRQUkdxXzVlWEFqcS1aRWdEeWZlcTNNNFl1RER5OHlGZ1pVSGFFaXVXbE9jazJFS1RLeDNoSmwxbGhRVk5aZU8?oc=5&hl=en-US&gl=US&ceid=US:en,World Bank,0.0
77% growth in English-taught programmes outside the ‘big four’ - University World News,2021-12-07 08:00:00,https://news.google.com/rss/articles/CBMid0FVX3lxTFBaSFdPNzNQOXJfWS0xVmhWWE1CeWZxcjNIdmpQQ0FCQzltVnp1T0EzbDVvTnhIbTJzc2lkU3JXeDNpd1RSeFY1SnFVdjA4Mzdqc2NqTzBlVDJ6MnNCS2VwMHJkdEE0TGxoXzBjamxKb3htYS0wWjlF?oc=5&hl=en-US&gl=US&ceid=US:en,University World News,0.3818
Winter Convergence Giveaway - newworld.com,2021-12-16 08:00:00,https://news.google.com/rss/articles/CBMifEFVX3lxTE9sNW5OcmNkN2lfWGE5SDMwaGQ4WWdFcjlrNTVTck5Dd2tvTGJwV3pfbjNBMWJ0TGZVS0VYVU84Tk11VTYyQkhoYWpsSkRKYkl1eUkycHJzYi0weVVsQ1Mxc1k5dk5DREljN2FPNnBnN2tNS2ZoekJoNUhTS3A?oc=5&hl=en-US&gl=US&ceid=US:en,newworld.com,0.0
In the News: David Bond Shares Mental Health Tips with the Los Angeles Times and U.S. News & World Report - Blue Shield of California | News Center,2021-12-17 08:00:00,https://news.google.com/rss/articles/CBMi2gFBVV95cUxPTUFqLXBTQlNycTlZVmRBTS16RnowYjVQRGJRaWRCUmVONE1jS0dwTTZ5MUVkRzFJanVPQWRaR1pJRldqU1JfTkNWQ2ZqZnZiUVNmSUZqOEZ2RGU0VDdLT0RsYnl2aGIwMUJsa3laNEJLUk55akVIMnhCUElmeU56bTdtTVhTbHk4cGhiUndpWlJTckxKeFlGU1lndE1wWDJlSGhSanZTV0VVQU9iUHo5Nl9jazJpekxCb2JFb0pBaUtSUEpmZzJmRzNTOTE1clNGSm1JeEE0cUZuUQ?oc=5&hl=en-US&gl=US&ceid=US:en,Blue Shield of California | News Center,0.296
Climate Explainer: Green Bonds - World Bank,2021-12-08 08:00:00,https://news.google.com/rss/articles/CBMinwFBVV95cUxObWg2eEZoM20wQ3BIb3FURUNRaEhmV1NJSEQ3Zk96WjNGaXBrbzV2a1FyUVhNOEEzUGw4cFVCOW0zWmhKcUZHVnZIYVFXZURXMWE0azhvcVdtM0hMTno2YjZUVG1KLXdEcnowQkc1TWVQN2FJX21YMWxzTkhybXBoLUlvMy10UVdmYW5mYXBGTUVEZnd0bzcxcDZvdUt3b1E?oc=5&hl=en-US&gl=US&ceid=US:en,World Bank,0.0
New World x The Wheel of Time Twitch Drops - News | Official New World: Aeternum Website - newworld.com,2021-12-22 08:00:00,https://news.google.com/rss/articles/CBMiiAFBVV95cUxOSWItc0lwRS0xaFFydnFGb29RMDRXS0JZdTN3QW1lX2ZwUk9FRUhnVlkxSnNUSExLZW1HbDdvZFp4THYydVN4NE9hdnlSbDQ4QzJoRGVNU0t3MEVLZUdCdWVQVlJJV25BY1N5NDBVSEZUdmpJaU5iRmpoR1BsQ0F1Z0FiOXlnSUZz?oc=5&hl=en-US&gl=US&ceid=US:en,newworld.com,0.0
The power of economics to explain and shape the world - MIT News,2021-12-16 08:00:00,https://news.google.com/rss/articles/CBMiekFVX3lxTE16OGg1eTk5UzNLeXlieEg1OTJFRi03YzRLc01pRmJSanRlXzN2cXVJN3V2aU5jX0U0T2RNcWRFM0t4QTl3V1hJUUMxOUN4T1VUaWZhanEybWt4VWN1b2hfR3ExS1h1VmNXdlBLLTBZaldXUFE2aFRQeTl3?oc=5&hl=en-US&gl=US&ceid=US:en,MIT News,0.0
The negative health implications of restricting abortion access - Harvard T.H. Chan School of Public Health,2021-12-13 08:00:00,https://news.google.com/rss/articles/CBMifEFVX3lxTE9lWVk3T1VhN3cyTHdiR0htcFczdVQ4aW1QWUcyREE0dlAzSUJGMWRyM1Q1dkk3al9zUUNvSi1uajJpRTFyTHpkR3h5ak9YVXJ5eDF5MWJtZW5FNVgtWG5ZYnoxWUVzZFBlRWdCMGNiSXZwRE5ZYlRQaWtEdFo?oc=5&hl=en-US&gl=US&ceid=US:en,Harvard T.H. Chan School of Public Health,-0.743
What does future warfare look like? It's here already - BBC,2021-12-29 08:00:00,https://news.google.com/rss/articles/CBMiUEFVX3lxTFBBZDFJdVBsdzA1Q1JmRVZZUm52WTJlb1RpcXdsd1pKd3M3Mkp6R2V6TldzMWtGVkNsUVFwYWpmNlFGODZ5anF4NWowNnFSa1la0gFWQVVfeXFMTmFTS2pkMllGMkRHbER3Tm1tOW9xZm85NVRkeWFWR3pJN1k1RmlvVUtDRjhrOFpIa0N3VlNqbW1YM3N4UzFqWVBWa2lGa3E1cTA1d0l1RVE?oc=5&hl=en-US&gl=US&ceid=US:en,BBC,0.0772
Hong Kong Police Raid Office of Pro-Democracy News Site and Arrest 7 (Published 2021) - The New York Times,2021-12-30 08:00:00,https://news.google.com/rss/articles/CBMihAFBVV95cUxPcmM1ZTZIcEQ2R0pPekZ3OUU1dkctbExKb1BQWTZ1Y3lIOTlUcEU0OUtEVGRQNWRHb0J0ZUlMWkx6LVFSekVaNkszTkhfaUp2enc2QU1RZjRUeWMwdGM0aFVGMmlBYnlEQ3o2V1lPeHNFY3N6dGlmUEExVHhwSWVjcG5zZVM?oc=5&hl=en-US&gl=US&ceid=US:en,The New York Times,-0.34
NREC at 25: 25 Technologies That Changed the World - Carnegie Mellon University,2021-12-08 08:00:00,https://news.google.com/rss/articles/CBMiekFVX3lxTE93TUp6QldpOE5EanRKS2xYMzVLbEstQUZLQURrX1lxUEQ0SHNiaHIweW1ybGFLS1F1OHA0MzRuR1FSbTU0Z2J1NEZEMHFlQUhONlZEejFWR3dVQTdCeHJ0UWxneWthT1RDRmRuRHVEMm9FUXhGNzRpN2R3?oc=5&hl=en-US&gl=US&ceid=US:en,Carnegie Mellon University,0.0
More YoungArts Winners for New World School of the Arts - MDC News,2021-12-02 08:00:00,https://news.google.com/rss/articles/CBMigwFBVV95cUxQbE9MdXRwSUFYOWota3U4MVd6OFZ4Rlp6d0FUSjBLRkRURGY5WEpvT216cmtHR1o0aHlhRzJkMl9ER3Q4NzlvcjB3d0poWFRGbDdzU0RSQWtEVmkxYVRPR3U1NjZfcGZlQWxFWkFVdjJEdDZNOTZPNExDdUR4Y09RWFQ5dw?oc=5&hl=en-US&gl=US&ceid=US:en,MDC News,0.5233
Afghanistan: Girls' despair as Taliban confirm secondary school ban - BBC,2021-12-07 08:00:00,https://news.google.com/rss/articles/CBMiV0FVX3lxTFBYajRuYkRydWRrZ1owdEwwUVNpZ3BjemlaQW56WUNvbUhTdTExZno3dVZTYWZ0cXVtV01LNWMwbU1WaTZtdVVHU1ZOMm9SeHd1WFJ6di16d9IBXEFVX3lxTE9FWDh4ejRZRHV5bUxqdi1HQ1duLURIS2tucWV3Q3J1cTE5c1BMUERINE4tNjlWeHNKR1RRem54ZkY1SDF4RDd2QUc4WHFERm9weWtEeVIzUVBlbURW?oc=5&hl=en-US&gl=US&ceid=US:en,BBC,-0.7096
Putin to mull options if West refuses guarantees - Hindustan Times,2021-12-27 08:00:00,https://news.google.com/rss/articles/CBMisAFBVV95cUxPMGxjNGZVRk5TSHN0bVF1Y29UbVFzWUE4NEhLSTZJZkRPanhhdE9lelpnaHJselpHMkNKWlhuQmYzQ0tjckpEMWFNSjA1OGJjRlBZUEhycFVvZjJwdHhYdml0cTRaQW14d2QtMWF6YmhOT1BJRllYWnItNU9lZzVXMUg0c25sdWJSMXBFdS05UngzUER1cGxjU2dxazZQbUNYb2Y0QWx1UDR0QmR3dTJrLdIBtgFBVV95cUxQem1lNXlOZFhLMnJQN2stbGtBdTNRanFHR2dZUlF1NFZ2N0tkMi03MVJHdzFELXJxVkxmVEx2Y0JxRElqWFh5U3VwWUpHQU1keks2b1RMTXNoVWJZSkxCdGhGb043b0NiMzM0SmFJZ05HbEd1eUJveWhLcHZ2M3plQVlxVXRpX1BQSG43WTV2b3ZDbzFLZzVVaGlyaVJvcFV5WmpmZDhMdmhqNmFaM3c1NkFNQk1xdw?oc=5&hl=en-US&gl=US&ceid=US:en,Hindustan Times,0.0
Pope Francis calls for ‘dialogue’ to heal a divided world - Al Jazeera,2021-12-25 08:00:00,https://news.google.com/rss/articles/CBMimwFBVV95cUxNMXN3akFUenBlcXpndndMb2t3Zmd3dHR1cTg0TTRTMmlpZzhEU015VW9HaHo1TlRKY1c1ODVKYnZ1N0pzb3lUVFUzOGlmY2hRd3dpQmNWREdNMWd6Vzh1TExoMmx6aXpDRW9EX01GNzhRTml1TWtmaHd0SmVSUmg5V1N1a1VvbXRtR3pwZ1BFellzcFp5Sm9JMExjQdIBoAFBVV95cUxQb2VpR0pDZU9DSy16MGdVMVNjVGgyeGliLXVwVXpUOWtRZjl3MEdGYjBSYjdNZkNnXzNpcGU1V21CaTNDTy1ZN2VRSzBiQ0JTaFBaVDJ3dVRYOXQ0WVJVOFpNaVYzdDBzUnZNdEFFN2lvZkc5WE9zZUd5cU4wWTVpaDBiTzBaQ19RczZKMk1zR25KYmlKaElITEIxbjQxS1hu?oc=5&hl=en-US&gl=US&ceid=US:en,Al Jazeera,0.0
Construction begins at second Changjiang Hualong One - World Nuclear News,2021-12-29 08:00:00,https://news.google.com/rss/articles/CBMimgFBVV95cUxOaURUVEQ4dXAtOUVQWXZwOW9uVzdLRldvSzRhaDcwdnBfRmJ2OFBfU3pSZ3U5RXhQM25nNktTTVd0a2lPR0NYYzFjLXBrMm5Ial9MbGxVVmFybHluYXM5TlRyVVRDcW5TV3BuTUR3OUQ5cmw0TUQ4VjgzRlZlcEx0aVBRaHNnd0JjOE56QURGcUVaUmNSUGloYXJB?oc=5&hl=en-US&gl=US&ceid=US:en,World Nuclear News,0.0
Why France faces so much anger in West Africa - BBC,2021-12-04 08:00:00,https://news.google.com/rss/articles/CBMiWkFVX3lxTFBadFdIeUpyUlZlczllbTdhZFhnc3BtSU1xWUpvb0VGenQtUlNhYmZlbjJtZ1JJbFBLdFFLNGpySl9ja3o5NXJ0OXBoQmE5eVJmd1VubjVnbEdFQdIBX0FVX3lxTE1fUEFnaHZ4UkcwVmRKdjZMRlRJTFBjVG0ycFRNLVNSQjQyR3Y0ZjlKTkZHMG5IZURzbUN4WGRzR1ZJaEpmZXgyUnFEMXlQTFVKYTU5UkZWaExneEZIQ04w?oc=5&hl=en-US&gl=US&ceid=US:en,BBC,-0.6096
NuScale merger to accelerate SMR commercialisation - World Nuclear News,2021-12-14 08:00:00,https://news.google.com/rss/articles/CBMimgFBVV95cUxPV1poWEdsb2VKSlU3aWQtTkxQTXllanIxc0cyLUo0dmpXOENNWUhjX0RCT2dvS1FNUUY2M0FzTGFhd3J4NmhDeVgzOGI0SU92S2Z5a2hDR0I3S2lVYU1keDZ6UUxhYV9OMlRKYUhoYktwMWVfaFJuNVAtVEQzeEYxdm02UExKOFJxeXd2RDFSaHlWVmFmSXJaVUR3?oc=5&hl=en-US&gl=US&ceid=US:en,World Nuclear News,0.0
"Melting Arctic ice will have catastrophic effects on the world, experts say. Here's how. - ABC News",2021-12-24 08:00:00,https://news.google.com/rss/articles/CBMirAFBVV95cUxNMnNfWHBNalluTFlocV9xMGRVYm1ZeTVMWUY1YzBBeVA2SHJMQ2JOOVBsaVNmaXpJMXBTTV9RV0JLb0JvbUFiS0NzMnVfZlhmamZ1RV9iNzZqQy1YUTliV3NqUTJicTdlQ2FES3QwOGRFS3AzN0RKc2IzVmVBVUVyZHVVU09GeVVtNXNIMm1OQVg4VWt1Rm1lNVctWXZseGVNaThBT050TU96cHlx0gGyAUFVX3lxTE9UaW9qY0czdG1zM3JfbmpnZHlNSE9vMFEwMGxuOGlERkhveDc2WUJ2SmFBemQ1R2hFNC03WnN1eVp2XzFfNDJETV9Fa0hodWk5ZW5ZMzgyS2ZTSWhHU3JkcXBPRHZORmJUcEJVMXkyQnZOckV6YlJ6RFFKc2N0R0pTRG1INTdneWJDUzlJTTRkbjl6UVFscXBkNDRaYm91enpuSmd6NGlNX0ljWGhUMk5YbEE?oc=5&hl=en-US&gl=US&ceid=US:en,ABC News,-0.4939
Nikon to Support “15th FINA World Swimming Championships (25m)” | News | Nikon About Us - Nikon,2021-12-06 08:00:00,https://news.google.com/rss/articles/CBMiaEFVX3lxTE43SHVhZ2J2Ny1jRHBMdTBpdFh6QmdydjhmWHF2aloyc3dZdFBRVTJMREpSVlFFelFMS0NGQVNqdmRMa0xTemtHZmJfM0k4ZFlxUWxWWWRnSDYydEZYOUpmajMxNFQySDBI?oc=5&hl=en-US&gl=US&ceid=US:en,Nikon,0.7096
"Protect the environment, World No Tobacco Day 2022 will give you one more reason to quit - World Health Organization (WHO)",2021-12-13 08:00:00,https://news.google.com/rss/articles/CBMixwFBVV95cUxNUk5wSWk4ZHREMHhLRVlnbW1xYS1VY1I3VUY2bzB0clFDVWtNX1h0UHdkT2szb1A4X0Eta3M1c3ZqNjhBMHN6RnYwY3BnMDJVb1N2THhSM3VUVGpfLXRWVl9EbWJaSVlIQU1SSG9lbnpMd2xrYUo1ejZ6ZVZjb2VfM0ZmcHNyZE10NVY2MzdiMVoxNXJGdXA1REFFN09sbnY1ZGEzWjhwX1dWRFRkNjkyZzhkOW9uSVJsQnB2akNtNlN0VnRham5z?oc=5&hl=en-US&gl=US&ceid=US:en,World Health Organization (WHO),0.1027
‘Amazon forests of the underground’: Why scientists want to map the world's fungi - NBC News,2021-12-12 08:00:00,https://news.google.com/rss/articles/CBMiswFBVV95cUxOYVhtQTdOTXBDWlRZUEFCbGJhQnJvY1RRam1xakRXUU9jeHVqR21WRWJRRkNUMDhSREstMnFyRkJyYnlyUjRuQy1VOWN3S0l4RjRBUXc1MEsyQk0wN0VfQm4xQXZyTzEzdV9HaWgzcFFlQ0VhMTczeTVsc2ZjWW55NURhSkdNb19qWmhfTGFXaUFTUVlZMGZRcUl4MGtJbnpRTHZUSUF2azBoeGdBR1F5bHZ0Y9IBU0FVX3lxTE1TSTBmTURIeXI5bUp3QVNRdmsyb0J1TTBRZTlkellfY296a1RlLTJyOHQyYUtYVndXaTF4aTNTdHVRdG1TWm1tVC1SUnlSYXUwQ0Nj?oc=5&hl=en-US&gl=US&ceid=US:en,NBC News,0.0772
WHO Global Consultation - What evidence do we have that omicron is evading immunity and what are the implications? - World Health Organization (WHO),2021-12-15 08:00:00,https://news.google.com/rss/articles/CBMikwJBVV95cUxPUXRPRGZvVEtyX1lhWlVZZ1gzRlNXdDREdndDbkZjVEJGYXhYNWtZdzRGOEhkS2FyazU5M19wWEFmYS1YTkY1Z2VQcTlHZnNZalllOFFKUmNKMDRVcGF0SjRpZHRnNlgzZXNJQUJEOVpoMGdIbERkRG1VNUJQaF9hR2RJQUdEWG9zTE1rdTc4OHFyVk9JakpRWk8wTlY3bzRNMTNuLUJyR3NtSnBOMk0xazFMOTlqSFY4WWhqQUhLbjloVTg4VXBIWW1UWVZiaHNNWUVoLUxaUDNNb3YxRVdQNmNsX0tHakUtWVBqTW1mRUZUcnZTV3FQX29aNlNxQ0hobVNjR1FEWEU5bk1PWXpERlNBdw?oc=5&hl=en-US&gl=US&ceid=US:en,World Health Organization (WHO),0.0
Building a common vision of UNESCO World Heritage in Africa - UNESCO World Heritage Centre,2021-12-09 08:00:00,https://news.google.com/rss/articles/CBMiS0FVX3lxTFBlZkpmUVZaOEtiX1FNWl9FM29TaW1SR1JjWVAyV2haM3liUEpzUk1pZzV5U1hTbkl2Y2c5R1k3b1BLR0pXdF9oZV9rTQ?oc=5&hl=en-US&gl=US&ceid=US:en,UNESCO World Heritage Centre,0.25
Barsebäck reactor vessel dismantled - World Nuclear News,2021-12-06 08:00:00,https://news.google.com/rss/articles/CBMihgFBVV95cUxNSldYQzBsR05hSFJxX2ZybWI5bjFuLVBXVWxDTUp0NWM2RTJRNlZVOHRLUVR1WXpHckZLV0RJal9wRVpmbGpITmNBNkg1WGk4Zi0wTHFONFpkeEU4ejA5eDRiRU5zVjdJM2NNTkdpOEJweVNwc2R1aldPOV9PbWE5cldwRDhsZw?oc=5&hl=en-US&gl=US&ceid=US:en,World Nuclear News,0.0
Lazare Eloundou Assomo appointed Director of the UNESCO World Heritage Centre - UNESCO World Heritage Centre,2021-12-06 08:00:00,https://news.google.com/rss/articles/CBMiS0FVX3lxTE5mMkZYYmtlQUtvLTRxREpBa3I0ZFR6NXR3VlQ2LUxlOC0zS3Z6T2YwZFlqelpndy1XSDdZbGpRZzZabE1RTVRqZnE1aw?oc=5&hl=en-US&gl=US&ceid=US:en,UNESCO World Heritage Centre,0.0
Russia Ukraine: Putin compares Donbas war zone to genocide - BBC,2021-12-10 08:00:00,https://news.google.com/rss/articles/CBMiWkFVX3lxTE1FdVZqVC1mVVNORnlOTm1ZOEZIRjZ0U0ZzVU1RQ2U2OFhMZHNMQTZORnYycnd2MUpoeVBlYVcteGllTE5nSW1ZYy1iNE1ZVVN6dFNkVFg1cnpDUdIBX0FVX3lxTE0xbU1GS1hZclg1VUphcDVwWENBUWRfa3l2NXlJdlpyaEZlR0RlMENDNklLb2lUWHZXNGNaTjlYZ3c4a1Z0MlhuUkxpN1JzNV9GX25tSDhGNzZfT0RKVmk0?oc=5&hl=en-US&gl=US&ceid=US:en,BBC,-0.5994
Simulation center gives health sciences students near-real-world experience - Indiana University,2021-12-01 08:00:00,https://news.google.com/rss/articles/CBMijAFBVV95cUxPc3lqMldscWJpOEE4eHkyVTRoaHpMaDZfSWo2eWU0a3F0X0N4TFJoUER6bGhJcmdjdWE0TGFTajAzc2lfMFZob25ERUJPejJLdUJPUENSNkJxUUQxQkxIejROUjRpVzNHQk1kTi1LbmhuNGd6VGlZV3VPX2gya2s5aHFHbGlxdjVhbmwyTw?oc=5&hl=en-US&gl=US&ceid=US:en,Indiana University,0.0
It’s a small world after all: Navera Burki ’21S (MS) - University of Rochester,2021-12-07 08:00:00,https://news.google.com/rss/articles/CBMiqwFBVV95cUxPWTBlTWJJUDI0OTliVzRvQWJVM2NpdGIwTE8xdlk3LXdCeVRVaVFyZVBPcFFsX0NIMFZsMjY2aHBmcUt4Q2hrRmFqQ2V6eXkzaVgxbzZCNzY5X0V1UnBOR2pSeHJXbzBIckYxblVkbTBuOHkwV0YwQW1pOE5sLTZRM1BkTFlmVGxfeC13MlRIaEhwTUNPc2pTLVppaWtGQVM5dmJyNjNrMWhIbjQ?oc=5&hl=en-US&gl=US&ceid=US:en,University of Rochester,0.0
"How Norilsk, in the Russian Arctic, became one of the most polluted places on Earth - NBC News",2021-12-10 08:00:00,https://news.google.com/rss/articles/CBMioAFBVV95cUxPdkJvZjRtRm45bm8zNmpwcG1wS1FPa2lySExTeEc1SWZQeDEwWmtGcWpfSG8wUHFZUmZkclRjdjdqeVpVdjN2eWRfN0dIYm5ZNU4xejU4X2lPSUtCZlc2M19tcW1EZ251SDdMd0dzR1BjWHdOcm01aHo3RFRUZURRel9QMTV2U2tfSWZ5ci1vNHl2SlpBemY3YlBLRjdLQ19f0gFTQVVfeXFMTW9NUGFZTXJkTmZEQXJEcWVHc3A4WmZKaTlBNTlPZ09EVzJJdHlSVm11dzNDYThzLUxSSHlNUUdXVV85MExCNTlGa1hydDZsUU9PckU?oc=5&hl=en-US&gl=US&ceid=US:en,NBC News,-0.5095
Pope Francis Urbi et Orbi address: World ignoring huge tragedies - BBC,2021-12-25 08:00:00,https://news.google.com/rss/articles/CBMiWkFVX3lxTE5KUkVkRTVNeE1NYUF6X2F5eWwwbVdyaXh0QThZVlRTazdNLW1KbmxiZWRxQ3cwRUVFTFllVWNHN3d2WGlHdnMtUFJVX1FaRWJqeG42S2xaYzRHUdIBX0FVX3lxTE9jQ2d2U0JSUXZWZHVFRTVuQ2x5ejBnclphLWpJM2pfMXBndE0ydUNZNnI5ZGRjazhyMlZZNG1DdXFfYnJtM244Rk9OQVd5SlNMRmI5azJadHN6VXgwTmdF?oc=5&hl=en-US&gl=US&ceid=US:en,BBC,-0.5106
Finnish nuclear laws to be revised - World Nuclear News,2021-12-10 08:00:00,https://news.google.com/rss/articles/CBMif0FVX3lxTE02YnRxQ1FJbUoxckJhMWFjQ3F0dzJtbV9TZnBfMlF1WHBYbVF6aHdCOHVpMlNhX2c1X2RiVTZ1N0dmWDFHQ0NWR2hYYm5Qdkp6Ymd0QXFXU255M05tQ1ppeXJiOVRNRXc4TjNQMC1CaGh4VkhYVk1udGdfdGxPNmc?oc=5&hl=en-US&gl=US&ceid=US:en,World Nuclear News,0.0
2021 in pictures: Striking photojournalism from around the world - BBC,2021-12-28 08:00:00,https://news.google.com/rss/articles/CBMiWEFVX3lxTE1ldWptM21rLVgtengxeHpZdlpTd3dBenZLNzZudHY0amhIY2VwZThCQXBfUXFKcFlBTVU4ejQ2cGRDSkZlbWN3Uno4N3BEam9xTGZINVJVVlfSAV5BVV95cUxNTzZZMEVHdWtCOXlETXRvc01xcW9vNDlXLUh6aDRVZUhWN3Jxd1cwMlB5UnZCbE5jNHVZTW84N3NMRjJhZ2xGTXAzQjNLeXVxX1NTMlp4RjUySWczNHF3?oc=5&hl=en-US&gl=US&ceid=US:en,BBC,0.0
News - Two-time world bodyboarding champion receives Silver Lifesaving Medal - DVIDS,2021-12-29 08:00:00,https://news.google.com/rss/articles/CBMiqgFBVV95cUxOdUI3WFBOTE1UZEtiRmx0YmstNk5Ec1BoSHpfdjhkdWgtMG1xam1fWEhaOEl3M3l5LXRaaGxFVnZqcU5xSWNZejgzb0tCQ2NDbnprNURNNG1DY0xoc0ZCblBfbFZBVkhmUFg4U0xJM2JzaFdaSWpLN2g3ZkdXbEFacGFpMTM5MDMybUxEbFpnWkxkTTdwbm1ob1lOSS1yOXY2NTlicDd1d00zUQ?oc=5&hl=en-US&gl=US&ceid=US:en,DVIDS,0.7906
NuScale SMR plants become VOYGR - World Nuclear News,2021-12-03 08:00:00,https://news.google.com/rss/articles/CBMigAFBVV95cUxQTnBlcTFmX1lKRlkwbUlVaHRYYjd4RE5NanBBcFVkRkR1ZHY2eHltYjh3aVlnZWNLQzQ2Q0dZVE1LN3l5ZXZ4RUxWOVAzV3Y0VGpVXzRFNUF2ZlBjMFkyaVBONzNoM2EwMzBtX3dHTmJSVExqaGpUQ0pvaWhQR0RoVA?oc=5&hl=en-US&gl=US&ceid=US:en,World Nuclear News,0.0
Rohingya sue Facebook for $150bn over Myanmar hate speech - BBC,2021-12-07 08:00:00,https://news.google.com/rss/articles/CBMiV0FVX3lxTE9XaWx2V09rS1hWUFQwYWJtTGhtM0FpMXBVb2lmOVBTd2lKemhueDVtYXZIcnFxR2Ytd0N0aXdVRG5KQWdRQURGelFOU3BGdFEyY2o0MHVwRdIBXEFVX3lxTE1lWEtNYWlTREsyMDVWTFlBbHpMTFBhUkRWUmU3ZEM5Q0pkOUltWTRIdTBlWDZzSnRtWEozdTJXek1JSmEyamhvOTZ4elhGWTFnNWo5eEMtYlBweWFh?oc=5&hl=en-US&gl=US&ceid=US:en,BBC,-0.5719
Pillar of Shame: Hong Kong's Tiananmen Square statue removed - BBC,2021-12-23 08:00:00,https://news.google.com/rss/articles/CBMiX0FVX3lxTE1nMENoYURvSlJYY083b1JpZ25xRGVrOGJwZjlwN0dnUzRkSnFMSXh2VnlIeXBkenh3YWNBVktvYXRwcEQyRGQyWFpsdGIyVXNVSG5LOEV3RW5rMjZVbTFJ0gFkQVVfeXFMUG5Ea1hJMUJMS3gtbGsxS3RCc0doVnB1eWI1Nm9UaDVHQmlUWGNVQWp2Wm9waUNOQzFSOVhPWmx0Tm5TS2xVOS1kTlZBT29QcHdFYzJMRmlyR1lwVWd2YmRmVHgzOA?oc=5&hl=en-US&gl=US&ceid=US:en,BBC,-0.4767
Speed of Stand News shutdown sends chilling signal to Hong Kong’s media - The Guardian,2021-12-29 08:00:00,https://news.google.com/rss/articles/CBMitwFBVV95cUxQbzFxb3F5UTQ3UGRacHNoYkVEVkd6b1kwQ3lNV25oVDlfXzFGYlgzSUYtek14ZnVpUDdpcHFvaUVUTGQ4bURMVHdWYVE2QUc2NmdlU1hDV2JVdC02UlRmYV9fR29uMjNLYWltZHYzTnA2SWpNVEkwRkRBcmwzTmJNenVGZUlDVEZfdENxM2FDMlk3SkRwRFVQXzhUVjF3UUdlYUY5RnY5REFYZDNBQVZFRmtMejBtanc?oc=5&hl=en-US&gl=US&ceid=US:en,The Guardian,-0.0258
Reporter Zhang Zhan risked her life to show the world Covid in Wuhan. Now she may not survive jail. - NBC News,2021-12-18 08:00:00,https://news.google.com/rss/articles/CBMitAFBVV95cUxQX05iUm15X0lDT1FfekJIVG9pZUlKRnpVendrM3BVd3JKNzhLQjM1NUZraGlzYWdxMnBFN3VsdkszUnlmaVFSVGRkeThmcVlrVDNyTTh0RWIxUmluZ29NSEl0b19sakpPRjNqelBueWJraHUtLXA4NzdoVExsTDhla3Y2cTNMeml4a1ZyaXlfT2tpRXBXN0FHV1Y0aFlNdUMyVV95aXYwNFhjcVNRaXJGTTVrTFbSAVNBVV95cUxQUm1jQXZxV1VjbDdoaHJOX3Q2MEQxU0hHQnhJMTJadFU5U2QxbnRVR3A5eEQ1S2NsYkJwMzJMODQ5UUkwWHVBeUp6MU5USm1Rc2RaZw?oc=5&hl=en-US&gl=US&ceid=US:en,NBC News,-0.2263
Remote Learning During COVID-19 Lockdown is Preventing Learning Loss in Nigeria - World Bank,2021-12-08 08:00:00,https://news.google.com/rss/articles/CBMizAFBVV95cUxQckF3LTM1WGNBWmExOF90a3pWbGhlcEd6YnliaTNsSTdHTEVrQm5PTXY3d2k1OUxWWnVtZWhMSVFxc2RVdmV2MURiZmZqVFlSWFVEemFKVzVoQmhJd0NCT09nWkJNNlNOZ0hnMWFCNmxUMHVQNENFOTdCRnlQM0VjWFlURE5xVmhDQkpQd3BydU9hOERjOEdpdzhQYmxJT1dBTFI3aXNpWHFWTGNPR3MyVzZ0Vy1xUTVHWXJQX2pGcEVPTXNOcWhldWhPSHg?oc=5&hl=en-US&gl=US&ceid=US:en,World Bank,-0.34
Made in America: Companies featured by ABC's David Muir prepare for the holidays - ABC News,2021-12-08 08:00:00,https://news.google.com/rss/articles/CBMioAFBVV95cUxNN2Y4R1RpOEdCVzVoa2FRYXVMZjNrcXFFeUw2RFZzejNDMVpuX1pBUDI5dVhvMGRyUXFrbGF1M0pqSFlUTWNQYlluRHZXbFplUVdZQmp4RFFBTnp4MUk5NDRWb2R6VlVaOUhpTGN1SkV2UkR0NllnZW1HVkt2SmhKaU15YzdWQ1NpbmZjbUdlSkJ1ZmxCZVRHOEo3Q0Mybmt10gGmAUFVX3lxTE5YVWlHY2w1aFVIVEU2Y2w4MzJpMGl0dXlnRVBmZHB1MTdCaTZ2UFRwNHdZRHJ6TldTR0hOSXY0YlRfTmgwRnNEU2l0YlZyb1ZkSWp5WWg0VEU3N2FQRW9EOG5KNjdOaEVFeUV4SVhZVGFYcW9rUDRJYzlYVFlFZFF1SUZVSzBzc3N6aWJZRlZ3OHVhLVNGbDVrN1FWNXdRMkNDZk1od3c?oc=5&hl=en-US&gl=US&ceid=US:en,ABC News,0.3818
The best of the long read in 2021 - The Guardian,2021-12-24 08:00:00,https://news.google.com/rss/articles/CBMihAFBVV95cUxOVk1rVWdRNHdicGZmLXhrdDNicUJKRllLbzdJVlRrQ3g3RHRxTXBDX0pGX0JvcUk4YXpQQ1Q5TDBPREtNUG5NU2o5MkRlOWZuR2Z0R3pRNDBiSktCd0xyTzZ3c3UxYlgybXpmR0hTX0c4eENGTGdLdHRFWG1fNUtoQmZfWVY?oc=5&hl=en-US&gl=US&ceid=US:en,The Guardian,0.6369
Course Presentation for World Athletics Cross Country Championships Bathurst 23 - worldathletics.org,2021-12-31 08:00:00,https://news.google.com/rss/articles/CBMigAFBVV95cUxPZnJjVDRuUmRpbDhRbVB5a2FTN2xiNmxIVzVpZjh1VzZxclJKbFRydHhfSGxBVTVvWVJ6Yk1qRHl3QmJTN2pzejVZMTZONFY1T21FS1BMVjZWQXhCUXd6bTNRY1M5Q0xGWHR3LWJwYVV2WE1qS3l2SjNQUHVJRjBzQw?oc=5&hl=en-US&gl=US&ceid=US:en,worldathletics.org,0.4939
"WHO and Global Fund warn inequalities block progress towards ending AIDS, TB and malaria - World Health Organization (WHO)",2021-12-09 08:00:00,https://news.google.com/rss/articles/CBMixwFBVV95cUxQLTYxVXplRVRra0R4TnBZdEV6RmNUUFdFVzVCblp5czFHdXZmNnYwMzNqOXRCRlNnNjA3OG9tRTNKNkdmemhfYWRsenJsa21Gb0xVdnVOMDdtS0JKd05ZbHRSc3JxSXdWOFpMWW0yZHBoc1Z2eWtaQXRmcXpDVlNkckhKOFJsNWN5amdYNWRYTm9tenp5NklhT09RekhIaGRsclduQi1rdXJNdHZKT2RPR04teUk3a2ZXb2h4N3BOZ0p2Q1pvODBF?oc=5&hl=en-US&gl=US&ceid=US:en,World Health Organization (WHO),-0.128
Virginia Giuffre: Prince Andrew accuser seeks evidence he could not sweat - BBC,2021-12-31 08:00:00,https://news.google.com/rss/articles/CBMiXkFVX3lxTE8tTndFRGRIZUxZbm9WblpKeHB2U0h2LUVDdXNHbWNRTG11UFhNUkY1WG9kUlBsZm1obzM1enBvQV93M3BsV253RWl1VDlFdUNXbk1oUnFoTWpNcGU1VUHSAWNBVV95cUxOVGxFTjNtUWxGNXBoYjZBR1oweDZYLVYxUXBJY0lORzJrQ04tOTNxTVIwMHZtWTYzRWRMbUlSWnNzei1RNG5Ybi1KY1J4UjhnSmMwNDRDSW9kWnJhTHlidlZJclk?oc=5&hl=en-US&gl=US&ceid=US:en,BBC,0.0
Do viruses such as the coronavirus become less deadly? - Northeastern Global News,2021-12-13 08:00:00,https://news.google.com/rss/articles/CBMiaEFVX3lxTFBhQ0Z3UUR5TE1Vd1gzZElGOS1BTkdCbklpM0UyRmsxNHRIaUdvSFVzR2d4ZkFZUTV0TDNDY3N5VTFoa0xEZFFsdDQwaFE5dnVGNzlQU24yYWg4c1BYM09oVXlrWWhqa0FV?oc=5&hl=en-US&gl=US&ceid=US:en,Northeastern Global News,0.0
"Art-World Insiders Share Their Most Cherished Holiday Traditions, From Matching Pajamas to Crafting Artsy Ornaments - Artnet News",2021-12-15 08:00:00,https://news.google.com/rss/articles/CBMie0FVX3lxTFByWVNhcTNxYWdLaEtFY1JneEwxaHRmWHhWQ3pfT2lTaTFNVUYwLUVPenVsdnMweEtMaGJKam5yb3FYb2tWbUFiLUhZMEtlaFY2c1oyaVM5VE5yV0pETDdTcEJnYVRGVXlBeE5WN1BwcUhkQWV5QlY3bFhKb9IBgwFBVV95cUxQdEhnWWVqemktQW5zN05EckllYTZ1WGlHU19xTUJialppM0dCTGxtT2FmM0pwZ3c0WDJmeWpTYldwa2RfYzRXVFpmcGJfQThKQ1h4MlowcHdRREZSVjRjb3B1Z3Zqa1JpTXpMUmpwR1FZeGtJdFRzWkFnS0dUc1JvVFNBaw?oc=5&hl=en-US&gl=US&ceid=US:en,Artnet News,0.8304
Olympic Games Tokyo 2020 watched by more than 3 billion people - Olympics.com,2021-12-08 08:00:00,https://news.google.com/rss/articles/CBMilwFBVV95cUxPbnQ0ZC1qSlQ2Uzh0Mlg0NG5ndHg1TFhudFgzUy15RmlHaGR3bDd2bnFBMTVrRV9pYzNwZVBjU052M3I0TnF3SW5NeFRvbTA3RWxqdDlCeEg0RTNjWEtVVkpZUS1HNzdCWVRxQ18zZ0NKZ05VMjZXbG5kTm5hSHFTZjRkOTh4MHFCSDJ4Yy1FVk5pQ2Y4ZGc0?oc=5&hl=en-US&gl=US&ceid=US:en,Olympics.com,0.0
The big news quiz of 2021 – do you know your Jackie Weavers from your German leaders? - The Guardian,2021-12-20 08:00:00,https://news.google.com/rss/articles/CBMinAFBVV95cUxPeEc2NVZKcjZXZGdSWEFGVDdfR0IxWU5TZUFDOTJNTXQ3c09UTVBPRlM0QWw1aHFtNFZDRmhmTnZkUWk0RkFfRW8wQk5XUGdPb3hEdkFDOFpGdWpDbXI5ekZFbE5RZkRaanFhdmp4UzlFdGVUS0dvR0YxbHVkQTgtcnNxbHZRb3F1RmpVd3ljT1YwaVpYV1Rhdm53Njk?oc=5&hl=en-US&gl=US&ceid=US:en,The Guardian,0.0
US study validates Narendra Modi’s green energy goal - Hindustan Times,2021-12-10 08:00:00,https://news.google.com/rss/articles/CBMitgFBVV95cUxPZ3VaSVVzR3A2cUVYYl9kSk9CSGtEMjhZQzFDZXh2c0hveGpmVm5tMFBrcGk4ZWlJSml1VUhBME1xd3o5ZHVNbzB3V2hrcmtUQzdlNWpocnVlOEpZLXI2WTFrYzhNN3EtSkxQdENsRUZUVUFCNkNUbWJUZ3hGcXB4NklSMF9fYmdMRW9fbE1LTmd3TVZhNVA4UXJQaUNzaXlHM1ByV1ZudGo3SmxXTnNMV3BvZFNCd9IBuwFBVV95cUxQMzFFempOX0RHdGY1c3JXNUtXYmhrTHA1MlNLVFNKYzM0RFVVZzF1ckp3WEhMZEdxbzlibHVGaDlRX2JPQUtsM25JRDNEM1BVdk01U2dNUFNQMWRwelFoWHY1VExnaGc0X0dDUWxndmJSTWdvdFpGOVZhWWFFYTc3a09semZ3SmFreG00Q3BGeFdqdHk0cW9SUTMzYnZNLTJmNVFQaFhfcjVMRHkxa2YtUnBIc2dSblhiUUZZ?oc=5&hl=en-US&gl=US&ceid=US:en,Hindustan Times,0.5423
"Global Health Day Celebrates Research, Education and Impact - Northwestern University",2021-12-08 08:00:00,https://news.google.com/rss/articles/CBMirgFBVV95cUxPSW9qamZ2LTZjS3Z5TUpLUnJfeTBLRzBTYk54S1FRYTdFVVRqUXRHdnNCZEFUYVlfemdJbnh1M1RNVENqU1ItbmVvR29LZlZPWWlqQVVYRjZicGZyclBfT0NicllqNlR0VXR2MkVxdDFrWDdHWXRIaFdVZjl3Q1VFRHYwMHI4SHUyRGZkNFlSYXY5ZzlwbmpVQS16LXA4MHBYN2xWbTdXLUE2SnhmbWc?oc=5&hl=en-US&gl=US&ceid=US:en,Northwestern University,0.5719
How the West invited China to eat its lunch - BBC,2021-12-10 08:00:00,https://news.google.com/rss/articles/CBMiVEFVX3lxTFBSMUpWWUM3MlRsLTltNDRFWlgzc0hwYWFoR2I3Sk1pWjFyLS1pMDIzeWk0SWdySWk2b19ZRC05d2hPNkt2WnhUTzEyck9iSXY4VnoyaNIBWkFVX3lxTE1UVC1RV0RjZ1UyWjZQa2pmTzZPa0lfY1VzcTRVNUZOUmdvRC1GNWNLOS1fZWV1eFhOYk9oZmRhQUNJNFVBMmFSdWRkbnFfMW9ZVHNWNVV3d0o4QQ?oc=5&hl=en-US&gl=US&ceid=US:en,BBC,0.0
The sportswear innovators lowering their production footprint - worldathletics.org,2021-12-15 08:00:00,https://news.google.com/rss/articles/CBMiuwFBVV95cUxPMjFPUlNPZ3lRMHY4djBJYktGckdXT0FYeFY0TnRyV0NrY1o4Z004Z1BzNEtJdHBIVHZvRU0tTVZ1U0kyWTd3c2NTamxhbTlGX0dtY255QlhHTDF5MkNNVUNTMTJjU29NczJ2bTItbDlqNTFjVXo1ZUEtVHhOcmtFLTZGQWVvc1BxaG1fYWdNQ2duR0Z2VnRTblQyN3hsOHVpVC1xd1NZM2FiV0V0c2UxLXJMQlp0d1lTWUFn?oc=5&hl=en-US&gl=US&ceid=US:en,worldathletics.org,-0.25
