title,date,link,source,sentiment
Statement on the second meeting of the International Health Regulations (2005) Emergency Committee regarding the outbreak of novel coronavirus (2019-nCoV) - World Health Organization (WHO),2020-01-30 08:00:00,https://news.google.com/rss/articles/CBMioAJBVV95cUxNMkdUTWJDcEctWXBXektuU3N4NmVaN2c4Y0prX3M3OE50SWJtMGFLMS10ZWh1bmZNY09HNkE2VkdjRGdvYUc5V0h3N0QydVVlcnNkc0dUUU5IWHdrM2ZLTHZxTUVWZ1hWQVY3ZVRrc251UVhqOS1Vb0l4LVJCcl94b3h2dy1EOE1xZ1JoaDdWVnBYS05qeG1hOXQ5SVVMZW9ZQ0dRV2Q5ZlF3bU5HWm1ZLUZsSXdvenpJNWxDRkhEcElnRlY3RDRoLUlkSGR1cU41VEdnZnc1OUkyN09aTzVLb2xsMUFjcWQ4aWRnRjF0ZzhTcVRiZFNYT1J2SVFCb1p6MVhpRVdXU1hFMGZCOWtBZVlxUWxWVzFwVHJsb01QQUI?oc=5&hl=en-US&gl=US&ceid=US:en,World Health Organization (WHO),-0.0772
What does Trump actually believe on climate change? - BBC,2020-01-23 08:00:00,https://news.google.com/rss/articles/CBMiXkFVX3lxTE1hOC03cjhXXzNVU1ZqQUxUNTVGajR2T1lYaFNFM3lveHJ5R3ZVQUpaSHQyN2FGLUFmVmEyam5DRGRqbFFGd2JYcko4YmVuNC1iSWt5dXVGMWdlc0FFSHc?oc=5&hl=en-US&gl=US&ceid=US:en,BBC,0.0
St. John’s University recognized by U.S. News & World Report for Best Online Programs - St. John's University,2020-01-14 08:00:00,https://news.google.com/rss/articles/CBMiwAFBVV95cUxOMDY1S0t0NlFrbzVIOG95VUgzeEQ3SVlVLTZOZjBka051UlNDRHo4a3lnZlVVblRaM2c0Vm9jc0Z4VWFnSDgyYkk3WkxaU0ZQdngwNWt5Nm5XSk5kSHJ4dzc0ekJDb1N2bFJNTVJrX2FOejM2Z3QxbEp6aXpGVkI3djNDV2RNSXdTSHY5VDdDWVBqdkpyaWl4czJjLTk4NDdLUmsxd0kyUXdnblFhRlZ2UXpmVXVnRENTY2xRM2pDMUI?oc=5&hl=en-US&gl=US&ceid=US:en,St. John's University,0.6369
U.S. News & World Report Ranks Embry-Riddle Aeronautical University among the Nation’s Top Five Online Bachelor’s Degree Programs - Embry-Riddle Aeronautical University,2020-01-14 08:00:00,https://news.google.com/rss/articles/CBMiywFBVV95cUxNSUMyX1Z5YWowOUllXy02NFNRNDVRZlJkUVRBb0g2WG43QU5HQUp3MnN0QWV1S1puR3hyVHYwYTNQV1dVODVVNVZBb1ZxVHNOMFotZ3JOcVhfaEhSc2tiUmJDbGR4V2lKbWU0ZW9qeVZ1UVlUaUZhRC1tWm1ESWdJREQwcnVlVERkbTFJalZfWGNIWjFDR2ZON3lZZHc0X0JYdGFzWnFzTm1hNXZsVVJWZG43OUFKd1RrRDlBaUhkdm1DMEhqbTFIcFl3Zw?oc=5&hl=en-US&gl=US&ceid=US:en,Embry-Riddle Aeronautical University,0.2023
Assessing the Global Climate in 2019 - National Centers for Environmental Information (NCEI) (.gov),2020-01-15 08:00:00,https://news.google.com/rss/articles/CBMiYkFVX3lxTE1sd0FHMmJUOG5takUzSEFITVV2Zm5zOW4xQm16bGRWajhKYnJHT09JejZyX2ZhVHBHTjZnUHhiZDRMODlQOTdzYXRMZTNUT29iTlVHdGNTc2tTdkJ5SnFfR2hB?oc=5&hl=en-US&gl=US&ceid=US:en,National Centers for Environmental Information (NCEI) (.gov),0.0
"Rising inequality affecting more than two-thirds of the globe, but it’s not inevitable: new UN report - UN News",2020-01-21 08:00:00,https://news.google.com/rss/articles/CBMiV0FVX3lxTFBKRmpPekpFNlBYRXdBbjh3N1p4YUowa0luVXpiem1hLXR4QTRNTE1xcW9sSTRXaExseFRKYzkzZ01PM25aMlRmYWhnN3p0NEFLdXBSVUpabw?oc=5&hl=en-US&gl=US&ceid=US:en,UN News,0.0
How Finland starts its fight against fake news in primary schools - The Guardian,2020-01-28 08:00:00,https://news.google.com/rss/articles/CBMiqwFBVV95cUxONS1KUUtrdV9yWnY3UFhfYUswb1NuSmlzR0ZfRnFsSTdCdjk5SDdrRWtXYWhoNk5sSFdSbW0yb1k0NWtVODVEZnZXV2tRVTczOFYyOWJuQmV3aUg3OHhFcEliRWNoQ3laaHB4X3JCV3lidTJOaFVyN0tlRFJlYW5PM1Y4dnpIUENXRnBobUdUMnU2NnNoLS0xYklFMFNFcHNqcXVjWnZsRlpwRXc?oc=5&hl=en-US&gl=US&ceid=US:en,The Guardian,-0.6908
Does the media capital of the world have news deserts? - Columbia Journalism Review,2020-01-07 08:00:00,https://news.google.com/rss/articles/CBMia0FVX3lxTE91d0RDWldxVF9ncFFGRWJJNkx4SmdmUi1HMVRGZ1ZYa1RZYVlnUHJXTHpXQUJfTzJRaXU0aEdjMWhvaEdkSXRuRkVJcC1mZDRwMno1OXFLV0lpNWJYamswMHBYcTlEdnA1Qmc0?oc=5&hl=en-US&gl=US&ceid=US:en,Columbia Journalism Review,0.0
U.S. News & World Report Ranks CUNY’s School Of Professional Studies In Top 5 Percent Of Best Online Bachelor’s Degree Programs In The Nation - The City University of New York,2020-01-14 08:00:00,https://news.google.com/rss/articles/CBMi9gFBVV95cUxNTFBTNnpVbHFDazlnMjlDdnZzSkhLOGprUkQwMlh6bzlwVnB5aGZDUktfNVpkWWIzQ2VDZWZyVUk2dzZXc3ZFRU9GY0Z1QlJTTmhlbHN4Q0lLVjlYTy01dGR3QnVMVG5WOGNadXJCQ01mSlFHMTFPTU9WOTgxWVpVLV8tN0NsdHNnMGgwUG1WdnhZRXVwUEk1UzVSSkVnX0RFSnhjblJINm1TWXNBUzlJUnBYdnQtQ0tmZzJXOXdZT1VDVkFrY2JibFowWW9zLUxGcEZOSXhCQkhLVkVJRmZSVXRRNW9tM3pKZjhHWDJQenROSERIVUE?oc=5&hl=en-US&gl=US&ceid=US:en,The City University of New York,0.7184
Editorial Guidelines - U.S. News & World Report,2020-01-11 11:26:46,https://news.google.com/rss/articles/CBMiYkFVX3lxTE9hVVN0d2FqQ2lZQ2tKWE9Xa2U1NTlIV294YUltMTZaVzc5Rm9zSHMwY0I3ZVgyOFlWR2lZX0ZRLUNxZ1Y2dEhXLVZoc3R5aWgtcWZ5Q25EYXNGbFJmS0pqT3RR?oc=5&hl=en-US&gl=US&ceid=US:en,U.S. News & World Report,0.0
Uzbekistan signs U supply deals with Japanese firms - World Nuclear News,2020-01-08 08:00:00,https://news.google.com/rss/articles/CBMimgFBVV95cUxOWExJTXR0d21OczFlY0xDTWVnM0RDNTNqUTdFSzF4d25ldnAzT1EyREROQTVNX0ZEWktnTG4tdmItdTMtTmNyTXJOaXFvQTlYZVBfU2R2UkhBcHRTTVBLN2lPZ3JaOVZEUGhHc3k1bGZOZTlpQ29pNEp1TTFfSHhaOTNZTVFrRG9wTzRiRHJSczlUUHU1Y19lVklB?oc=5&hl=en-US&gl=US&ceid=US:en,World Nuclear News,0.0
Statement on the meeting of the International Health Regulations (2005) Emergency Committee regarding the outbreak of novel coronavirus 2019 (n-CoV) on 23 January 2020 - World Health Organization (WHO),2020-01-23 08:00:00,https://news.google.com/rss/articles/CBMilwJBVV95cUxQamZSREJQYXFZTjlJd0JtRkF6LV91bEM5aWJNMUpCWkNSLXRkM3ZpOF83TUpvNExFT2xQRFljWTZFNGlIeDluREZPdFJuS04xekN3aE41di15cmhiOTVpdm5JT2xYRndHTGJkTkZHN2drWUNGeVJFRmRWTE9SeGRkT1RwUEtPTzZNVFg2d3V5SHNkbC1pc0I2akJEY0VCbnFTa3ZtWDBWeG54aUdiQUI1Tmx0RTdFSFpubVJTSktfMlNOaVpseDJ3a0xiTVJNRlZVYjVXZjlTM3JQLU5CM2lac25Vd1hqdmQycF9FVklnQl8yMkI1ZGNEVU5WOHpiMGpMZWVFbGNlU3JycmRSNkY2dUdaZVhTeWM?oc=5&hl=en-US&gl=US&ceid=US:en,World Health Organization (WHO),-0.0772
Qasem Soleimani: US kills top Iranian general in Baghdad air strike - BBC,2020-01-03 08:00:00,https://news.google.com/rss/articles/CBMiYEFVX3lxTE1IX2ZpRlphSHNGakRuOXZpYm9OR3M4cE5KVUxYWHVrMDZ1cW9XdG1ZazJHM0pTSm1sdlZ4SE9GZlJUcE9LTUhrTTVwV1Z1UGJVdUlJVzllbTVqaFMxeGlKNNIBZkFVX3lxTE5rZEY2ejVpUURmenhacmswWGhzTmZzcVJZMndaTXhVbXVLUUY5Y2lFbjFWZjI1bU9XRF9rVFdwN0N0SUxPWGs4YWtSa012ODVydXhyXzlpNGFzNXliWmhiQnBPLUY1QQ?oc=5&hl=en-US&gl=US&ceid=US:en,BBC,-0.4939
Australia fires: A visual guide to the bushfire crisis - BBC,2020-01-31 08:00:00,https://news.google.com/rss/articles/CBMiXkFVX3lxTE1jaGdDeGJHT3FGVkRaT0MtUVZoaTJ3aldxZ2RGN08wYzZQMldTbEg5SUR3UmZ2eG1SOE9NdUlKQzllQjM4VnVnSnhiamVNNThRVFlEUWhkdnBrZ0dIZlHSAWNBVV95cUxNRTZiX1d3a2NxVEMzQ1FrdHRxa0hZVENkNTM1TXB4Ni1WMFEtUW9MM0h3OFRiUFctVjh5VDQwWkdNUWtRbDZhdTdlR09MX1otbUcxN3d4bUo0bDA1MzhONGZuRjg?oc=5&hl=en-US&gl=US&ceid=US:en,BBC,-0.6249
Trump threatens Iraq with sanctions if US troops are expelled - BBC,2020-01-06 08:00:00,https://news.google.com/rss/articles/CBMiYEFVX3lxTE5DVmo0VDVrT3UzdDdlOVVHNTJwTDVzRjlRcGdfcldIV0xwZWh1a1RzcTVFYjJOb2hHS3lNQmlMbzFjaFBNRk9UX2VnR09nQ2NEaVNfTHRJWVBGRzJQZjB0ctIBZkFVX3lxTE9wcm9fLS1LM04zX01oR2RjMEg3UWtGZ2Q3QmpPdVdjVGVPSGtKYi1OeFpWMUM4WGYwb2lIUkFnVEdhSmtqQ2tMUk16eE8xZGZtQ2FVNGpyU1RYN1REaWpuelo1X2Jkdw?oc=5&hl=en-US&gl=US&ceid=US:en,BBC,-0.5574
Myanmar Rohingya: World court orders prevention of genocide - BBC,2020-01-23 08:00:00,https://news.google.com/rss/articles/CBMiV0FVX3lxTFBoMHplbUJ5UU1qV1RXVWM0QmF4TElITk1SXzZ5VGczRV9pVXBhMEhzY1g1Z3ZYTllFVl92VkMyUUNTVEotVGRKZWVSWmR6NUw0dDU4anhfZ9IBXEFVX3lxTE03czh5eURSU1Z0UlRBVGJyQnNsVEM5YkJHYWJBeTJnYUtKYUZYMXhlNENkTHhrOWhRcGd5N0E1RlVaVlNiTTNOVUhKdS05cWtXeURNZHd5YlVIYThH?oc=5&hl=en-US&gl=US&ceid=US:en,BBC,0.0
US-Iran relations: A brief history - BBC,2020-01-06 08:00:00,https://news.google.com/rss/articles/CBMiYEFVX3lxTE94SWxzUFJLVEU5bGNBZ0dTOWczb2hEUTQ3SzBqSllJendzeUZKUW9LT3pNR1doekJLMWpFUXRsLXlvOWxMTm9aYjNaOE5jYWJwSGdyRmVndmVPZnFqMmNVaNIBZkFVX3lxTE5vOVJRVU5RZ2VYcFQzNE1hSk5kMm4zMmhmWlFiaGY1RGJORGZkcFUxZV8zZXBCbTFXWFEwS01peGVTd0xTSG9yWWpqeXoxbUlfZWpsM2ZkclBtWHZRUzJGOEZIR1dmdw?oc=5&hl=en-US&gl=US&ceid=US:en,BBC,0.0
"China needs to show Taiwan respect, says president - BBC",2020-01-14 08:00:00,https://news.google.com/rss/articles/CBMiV0FVX3lxTE1qSGdrUGtTWkxkSVBUMXRpQ1dCeGJ1LWliSmtUbmJVVFZpMlF3MDY0Wl9QemJEcnJ2Zk1OUTJQdjlTQXBOdjR6WVA5bzNCeGthdjVMa2VqUdIBXEFVX3lxTE9heUR0YUhoT0tSUHNqVXVqNzBlYVc1MVB6aWE2RVh0X3U1RHRrM29QMDlIak9xcUVrSjB1TkFFYVFMcGZLWkZDbVJaMEVYeGY3anNGRjZwSTBuLUNK?oc=5&hl=en-US&gl=US&ceid=US:en,BBC,0.4767
Myanmar Rohingya: What you need to know about the crisis - BBC,2020-01-23 08:00:00,https://news.google.com/rss/articles/CBMiV0FVX3lxTE95MTdHbGZFVjhlNGZRZmE0ekNlbm1VVEFubXkwYk81XzZ0UjBtZ1FjRXF1NjF2QWN6bHhnWFJ6T1ZGLWhnZkFjbEx2YU01TU5Kckd2akRaQdIBXEFVX3lxTE9ic3R1dmF0emN1SDJTWDltdS14dkFoOHNYRHJzVG1rWEdiR1dnRlBpa2s4S3FTTzVJTWdXNC1xTzZFU0Roekw1V2d2ZlhCbHRlR083N2FVUE9Nb1VK?oc=5&hl=en-US&gl=US&ceid=US:en,BBC,-0.6249
Coronavirus declared global health emergency by WHO - BBC,2020-01-30 08:00:00,https://news.google.com/rss/articles/CBMiUEFVX3lxTE1MYkJlZ2VPSUUyd3NLUC14R3hEOXZERHlobmJOMTFsLW1qbHAxdVgzTXZGckJGTGtvZkVPZEJ4WVo2RXNJRmRzaVFZRFB4WDFw0gFWQVVfeXFMUDJpdjlqeWRHNlBpOEh1TVNINldNMlBnME5uTVNYcVdyRy1zY1Y4Y3VWQjFOZVR6a0xnYm9KTWpGQi1INUNMWm1EdlBsLXV3djFOd0hOSVE?oc=5&hl=en-US&gl=US&ceid=US:en,BBC,-0.3818
Light powers world's fastest-spinning object - Purdue University,2020-01-16 08:00:00,https://news.google.com/rss/articles/CBMiqAFBVV95cUxPYjFsRmZwTEZCNUFSSDdLVHVkaU1wU2lFMWp6a0NpTzNlcTFZNF9SaGtBTUZUeWZMLUFUcFdOeUJxZHlWQ29PamFySDF4TlQ2dnBJX2FxTnVhSGstLU9mbElYZmdKUkdnY21TTnctd1kwbEFJTXg3ZGF6aVBFWUZpcDhKUUhFVklkNXg5RHNJcHBEdDVsWEFqbHh3MndGRXNMTUMwVkx5Rm8?oc=5&hl=en-US&gl=US&ceid=US:en,Purdue University,0.0
Lack of new antibiotics threatens global efforts to contain drug-resistant infections - World Health Organization (WHO),2020-01-17 08:00:00,https://news.google.com/rss/articles/CBMixAFBVV95cUxOZ3J6dDFyU0k4TUZHNlBGcTJYWHVlTExnSTU4RjhwR0l1R0h6eFViRmpCXzRVbWFrT1lEZFBXM3JXZzFlX3VIS2dtcGdFcnVfb1RxTTF5T19TYjI2VjRQYUVSSkxsMG8yNXlCZFhieHV0cE9XeDBFOWJodjFlVTIyMnJzRmRMTUNQQUZ4dTZsakpqXy04VFJ3aVAtOXc1cllPM29Gcm4wY04tcFpKbWZKMDg5SHpLN05sdGs3REpxYnNrUEkt?oc=5&hl=en-US&gl=US&ceid=US:en,World Health Organization (WHO),-0.5994
Smoking greatly increases risk of complications after surgery - World Health Organization (WHO),2020-01-20 08:00:00,https://news.google.com/rss/articles/CBMipAFBVV95cUxOc21FWWY2QV9XYUh0N19OdXZEZ0VqTXpadjF6X0VCeEpQVFQtZURSNTJhWWZCemo1anE5akZrc2Q1OUZ3Rm9jRC1aMHhGM3NhMXVEcTVQdVdTSG1TU3AySUplb1pfeTJLMzZWU0h2WHVKWm11eG1wSjEtM0JvWEYyN2UxY09fazEzaEVfY3ZOZlVONTBKVWhQNzdVbUgxUlp0UUFaVw?oc=5&hl=en-US&gl=US&ceid=US:en,World Health Organization (WHO),-0.3353
How novel coronavirus could affect the global economy - PBS,2020-01-30 08:00:00,https://news.google.com/rss/articles/CBMipgFBVV95cUxPSllzZWRFR0k5YzlreGJzelBlLWVGYm9XaHk5RFRoNTJzZDMtbW9Wa0xsaTRxYVNYeTdFSV9GUWM2OExMcmd3aWp0cWVYVG9NczhLcGFSVXJiaVFKemJLdjNzOHo5clRDLUR2OC1kYTJsMDJvLVM5R1dkSlVUdUhKQ0w1YTF3aTNSNUxsN2Y3TDV5aFAtcFpubDdTQnotamZIcFE1dXhB?oc=5&hl=en-US&gl=US&ceid=US:en,PBS,0.3182
Coronavirus: How can China build a hospital so quickly? - BBC,2020-01-31 08:00:00,https://news.google.com/rss/articles/CBMiX0FVX3lxTE04UW1fQ2NJZGs2QVNHaDBlNHNNWGMxaVZyM2t0NDNyVEw4TWVMQVNOeXIwaHk1Y0NFSkJabGd4RkdQU1UzTXA4a0tLbzNoUWoyek5qS1hNX05mVVdYRGQw0gFkQVVfeXFMTWJLMkhLNUZoamxYZUhoVVF1TnVpY3NXWlpINVNIU3VKTkxTNUZIVElOalhEVHlaaWlFY2tiQkRIN3ctRnR3Wmo5U3hnUUVtNDZjT0hmdE9VeVdMeEdyeVpNREJXNg?oc=5&hl=en-US&gl=US&ceid=US:en,BBC,0.0
Iran rolls back nuclear deal commitments - BBC,2020-01-05 08:00:00,https://news.google.com/rss/articles/CBMiYEFVX3lxTE1ldTd6Yk16UGx6WkFoSFVTUVhLdDYzN3drWUVPUWgwZEdPbGlVT0phZzZDaVh6d0xEaFRLNmQwdWFQYVJhNmtKaWVPbk5CdWZZTUFxdzFpaTJ6TGRIWm5YdNIBZkFVX3lxTE9BT0VsQjlIT2F1Q2MtcUtUMFlvbjRuMVNOeno5cXNlUHhQc2RVYTljWmRiZE1qbjlRZUZMZ1N4LTB6em5HeEh1Tjd6V3N4eExkcEQ3dk9uU25hX05KUUFZVHVuQlVyUQ?oc=5&hl=en-US&gl=US&ceid=US:en,BBC,0.128
"Window To The World Communications, Inc. Names Hugo Balta as News Director, WTTW News - WTTW",2020-01-27 08:00:00,https://news.google.com/rss/articles/CBMiswFBVV95cUxPRWRKVzFQYnp0OXpSTUZjVGRvaHByRlN3Ny1xQ2pWaU1fSjFCMkNiWVZLeDRJTHZyNDdRZGVnWW1XdENPMHo1eGh0QzViMFZ3VGs3NGpUSEVaMC1Nd2ZfZmR2MHl6Q1hUMUZWRWQxU3hlb25YZG9Uc1ZMVC1aWjZXbTBEWktwSzRmV3hMMXFROE1mVjV4alQ3V2MzWGZ0NlI4T1pfY3NYVHVKLWdiOGZ5LWhsaw?oc=5&hl=en-US&gl=US&ceid=US:en,WTTW,0.0
CPI 2019 Global Highlights - News - Transparency.org,2020-01-24 08:00:00,https://news.google.com/rss/articles/CBMicEFVX3lxTFBlVENnUGVSUVZrd2xLZFhDdVM0XzV5SEExblY0dTJ4anp3SHg1VThYckl6Z0xlQXFQNWZEMFpPemlsT1VoSEpZcW81V1l5MGd0Zm1YYWdROEF0eWJzZDFxLVBsclRCeVVEeVdweGt3Sm8?oc=5&hl=en-US&gl=US&ceid=US:en,Transparency.org,0.0
Putin the Terrible: A Power Play Driven by Self-Preservation - U.S. News & World Report,2020-01-17 08:00:00,https://news.google.com/rss/articles/CBMivAFBVV95cUxPQk4yQVdmTGtnVDNjbzRPMF95Z0R6TV8zVjJRTl82aFp3TWdqeTJBU0VJWGV2SzhiWkVDekpiWi1SeVB6NWZ3TXd3d1BHZEVoVThiQlI3Ym1uUzVadi1yWnJ0OXBDSFJRNVJDT1JnUzdGUzdXU0NsM092NEgzZU5wQTBBRWlFZHlkOUs1ZDVvNUl6ZVl0cENwel9HTll2UTlyVHFvdDZYV29aQ1BBZFVmRFVXdVRWQkZwcUJ1Mw?oc=5&hl=en-US&gl=US&ceid=US:en,U.S. News & World Report,-0.1779
Ocean Heat Content Rises - National Centers for Environmental Information (NCEI) (.gov),2020-01-22 08:00:00,https://news.google.com/rss/articles/CBMiZkFVX3lxTE1hQUw3bnhKcFZoVDNWVXA5SGw0Q2ljbmp5YkRLcTI3RVZTRjJfLWpyNng0V2ZQNGhrcjg3cXhmSV82dHBjMGRaYXRacnNyUVJ6UklrbkhnRWtqcnJHQ0M5cEhMZWNkQQ?oc=5&hl=en-US&gl=US&ceid=US:en,National Centers for Environmental Information (NCEI) (.gov),0.0
Australia profile -Timeline - BBC,2020-01-07 08:00:00,https://news.google.com/rss/articles/CBMiV0FVX3lxTE9aeV9BbGtDbHFLclphUUdWUmNUYkl6aVF5enhxSGVRRVF6QlEzOXdfNXdmUDZqUDZSU0tzdmtoOEhFN2NHTlRNXzBoeWswRVVVa0V6QUNvc9IBXEFVX3lxTE1YeXk1b25MQzVFbUhNZ3JTN1F6YUxOTjhTVU95bUNZRGoweEFKU2FTN2ZQcGZVcVZsMjY5VE0wRkNIWmpiZEtBS011TGFKWFk5LUtCZzNLOUlRamZZ?oc=5&hl=en-US&gl=US&ceid=US:en,BBC,0.0
NBC Sky World News to Land This Summer - TVTechnology,2020-01-23 08:00:00,https://news.google.com/rss/articles/CBMifEFVX3lxTE05UUoySFpyQi1HaU9jVGZ5Y1pjU21CWXRpRk9HZFR3aXJEQVVRMTQ1REV0WlY0UXlISlRVd3JNQTNGVmJBOVZCamVRR0ZPOG1uai1kMllJa2VGNHBSUmZVM2RBYU1uT3FHN3o2a2NFMkdrQWMtWEhEdU9lQUk?oc=5&hl=en-US&gl=US&ceid=US:en,TVTechnology,0.0
China pneumonia outbreak: Mystery virus probed in Wuhan - BBC,2020-01-03 08:00:00,https://news.google.com/rss/articles/CBMiX0FVX3lxTE5xWnNZNlFHbTZnWFhLSWdnS2RsS1VUd1BGRGxjbFNaSEJ2THNjLTgxM3ljdEJjeE96b09jcTBJbW1fTUI0WW9fQ1NvMHkzdGVITnpmMkFRSVMzVmlVVC1B0gFkQVVfeXFMUHRhOFdkYnpWakE4NkhfMnNuMkxLTFRNTFVuYW1Vdk4tVXhfbXdvdFpOYXNfeGd4TnR4cDVUSXVLWW50NFN5dDlUOWg3MUo5TmN2aXdDdGt1Z3M4c09Jc0wyUkg5Qg?oc=5&hl=en-US&gl=US&ceid=US:en,BBC,0.0
Remembering Nigeria's Biafra war that many prefer to forget - BBC,2020-01-14 08:00:00,https://news.google.com/rss/articles/CBMiWkFVX3lxTE9pWjdmRU5yb193ckJMNE1CM1k0dkR1ME1kQ1dKbkdKN0FyeWVIVHJRQXJITmVmVFNjNlJLMndlLTYyaXdTX2JGek12Z3NYb1F2akZmcFlHdHBNd9IBX0FVX3lxTE9abEUwa0Nib0pRYlhkUU5VQnBPbU9rNXNZRmhHQ1UyZmlNSkVPZDZmd3l5Q1VJalNOSUFkRVVrQnNmeTcwaGlaS3IyYVczRVhQVFpibEhPR09EWm9zT2M0?oc=5&hl=en-US&gl=US&ceid=US:en,BBC,-0.7003
Ten impacts of the Australian bushfires - UNEP - UN Environment Programme,2020-01-22 08:00:00,https://news.google.com/rss/articles/CBMiggFBVV95cUxNbUFrcGdiUmhGaUJLdVc0djZqaXhJS095QVBiSzByRmp5aFdISVA1cUp3Wnpud09NbW92Q3RSLWMza1NlbHc4QnZjTjJFM3RZNk5RUUFBWGhic19qVFloYl9PdS1YTDlmY1ZWSmo1LUJLMG4xQjFFWjhZSWpiUDk5Q29R?oc=5&hl=en-US&gl=US&ceid=US:en,UNEP - UN Environment Programme,0.0
"Addressing China Threats Requires Unity of U.S., World Effort, Esper Says - U.S. Department of Defense (.gov)",2020-01-24 08:00:00,https://news.google.com/rss/articles/CBMi0gFBVV95cUxNczNCUXhIY1RUWWNEWUYwV3NFUHFZM1Nsc2lZQlZ2NGdwYnhfZW9tOXJRcmxJYzExYkNRdlZoYzZqWU5ra2ljSXBMd01obWxyYm5McDhBcUh4SkR4dGdiNVJKY21lYWIxTDJvM3lOMUt3U2RzQmhJamhWa1FxeS1kV3RFcERCWE81V1AtTXdhenJyLXVTdW5ld19TamF0Snc5akFpdlJ2aTE4eGRMX2ZhWENLMVJDZHVwQVREeVBXellRel9EeGtTZDA4X19jSXJHT2c?oc=5&hl=en-US&gl=US&ceid=US:en,U.S. Department of Defense (.gov),-0.3182
Trump releases long-awaited Middle-East peace plan - BBC,2020-01-28 08:00:00,https://news.google.com/rss/articles/CBMiYEFVX3lxTE5FdGNOVzh3WGlwdmxfQU1oMnVQakNNLVVObE9QeUZ5VVpNVmktcXpHTE5JUGFuRS1ickdMbFZpTzJxRmxaZ09JLS11eEdOcnFYUUd6VktzM3FQam4yVDhaZ9IBZkFVX3lxTE9ia2lpTUh2dGxiaUt2N05qSkdwMGp0Z0NjSVJ1UnVwV0lWN0QyaktHeWE3Z1NQaDE2VTM4ZUlVMzNmLU1RdFgyUFhKcG9JMVJmZ2V0V0tOTWhILWozekFOYlIzLVpadw?oc=5&hl=en-US&gl=US&ceid=US:en,BBC,0.5423
U.S. News & World Report Ranks USU Online Bachelor's Program in Top 25 Nationwide - Utah State University,2020-01-14 08:00:00,https://news.google.com/rss/articles/CBMisgFBVV95cUxON2RFVmVPTUxKQUZhSmNFQk5EbktYOG5GODlDbWh2U1MwQ2MtRWZDNENBZm1oVVpxUlVyeVA0RHI1V2MyNlQzZGZyZVVZSTBIWlFQcGNXVVFvc1VBQVVVNGM0azZRV1FSdU9hekluRmM2QmpvUFAzRjltNjAxS2p5OWhuMkc4Z0VqdkVTcWpkQ1Z3MURiZU1rZjBwcUg3N0pkZTBKQXZaMGNYY3VFalJNMTln?oc=5&hl=en-US&gl=US&ceid=US:en,Utah State University,0.2023
America Great Again? Not According to Americans - U.S. News & World Report,2020-01-15 08:00:00,https://news.google.com/rss/articles/CBMitwFBVV95cUxQTllfUDlQdXphVDI3N0xHRnpWMGhWZ2lSV2RrbThDeEk5clItNmRMWWN4dDhVbF80SVpYMWRBclpfX0k5MGhQM1MydXAzUXJtcVdHb01na3ZoQWc0WTQxcXU0LWVqS1BYR19rZmJveS1lNjlrTkZqZ0ZTTXhJZ0Z0QmZkM1Fhb1hZeV9UNWNJX2gyZ2xnVVd2SmpGU3JpX0stdko2Qm9xMUJGRHhYTUE2blFXMTV4eGs?oc=5&hl=en-US&gl=US&ceid=US:en,U.S. News & World Report,0.6249
"2019 was 2nd-hottest year on record for Earth say NOAA, NASA - National Oceanic and Atmospheric Administration (.gov)",2020-01-15 08:00:00,https://news.google.com/rss/articles/CBMijgFBVV95cUxPbVJNa3dMOVJSRkVUNFQ4dm9JSy1UUHhvQjE0eEpYZHd3SWRITTFUenFUOEJscmVnTjYyZ2kwSkN4dUx5WUgxcVZ3aWlKNVRnZGVqVVVXWFVCbkVxZEgtbHhkUThVckxmZnhkRnBjWUdXM0oyUDNsWVhxelNyNDNnelFhVThoOVZ5aG1rZmhR?oc=5&hl=en-US&gl=US&ceid=US:en,National Oceanic and Atmospheric Administration (.gov),0.0
World's Trust in the U.S. Has Plummeted Under Trump's Leadership - U.S. News & World Report,2020-01-15 08:00:00,https://news.google.com/rss/articles/CBMiwgFBVV95cUxPZXlHVU1JVjNsQllsMVpOZWpaNFNjcHE3YlBtUHVmb0RjRUxwdDd5NE1XcXRIWGFycTRHdkpLbkVNNURGZ1RGSUlnN0lneGlwaWpteWI5TDhxV2djWWZNUEpjZDR1RXU1ek9uYXN5cHgya2ROOTZZdTdkVWI2dkhSRFBSYlFOTmxQeldnWkM1VVRYUGtvdVdfa3FyLTZzczZ6d21CeTZmX1NFYzN4YmFZN204YnJ4WGdDdzE1QnliNlVhdw?oc=5&hl=en-US&gl=US&ceid=US:en,U.S. News & World Report,0.5106
Iran attack: US troops targeted with ballistic missiles - BBC,2020-01-08 08:00:00,https://news.google.com/rss/articles/CBMiYEFVX3lxTE4yQVhZeUlpMUpuODVTTmNLOGpldVAySzV3b0g4NjF5amxSXzctZms4OE5IeHpKcFNoZmtrRGh5MkZNUEhrUmZjZUJVckxUZUlBNUtjdlU2bUZtaEg1OVdVONIBZkFVX3lxTE9Ea3psZHY0ZHdPNkJwSjJYRFdQOVI3SUxuR0NhUG9maG5tSjZCSFNDbzFxdFEycmtoOThCWHl4VGFiY2x5TTJGa3Z3Z2ZEc2lBbGZ4cUpvOXVzdjFDMUVUSHZVaWJFUQ?oc=5&hl=en-US&gl=US&ceid=US:en,BBC,-0.4767
U.S. News & World Report Updates Description of PAs in 2020 Best Jobs Rankings - American Academy of Physician Associates,2020-01-07 08:00:00,https://news.google.com/rss/articles/CBMiugFBVV95cUxPd0dJVWtzcGtEUnV4ZmtXRF85akdHdjlEa2Q1X0M5ay1oeENaTUI1LVpRcEt0elRJTHJTR09rU21pR0p6cndHUEFqdlRfa0pWM1NTam5UNjlETHVuMndqQzBCenU1VGk0THhFMWtjckNqRnAtSjBLWDJPOS1Lb3NKTnZOd2FmYnZzZl8wRG1qYmgxUWtkU2hGOW9HSDV6QV9iRzFBY2w3MFA0MUx3UlRSRTUxQXlCOUNHcGc?oc=5&hl=en-US&gl=US&ceid=US:en,American Academy of Physician Associates,0.6369
Myanmar Rohingya: Government rejects ICJ ruling - BBC,2020-01-23 08:00:00,https://news.google.com/rss/articles/CBMiV0FVX3lxTFBsVGlBQ0tmUkpmN2dHZFhUVWhSM3lpSGpDQm1zaGk2Z2JhUURnOGFPOWRES1lQSHp2aFJ2c1BKME44VmFhb1ZkZjQwdmwtanJfbFBSTS1id9IBXEFVX3lxTE9wRXdDUHNkY1lyMmNzYV9BYjRaVGVfUEtTZXBrWkFTNWI0SEkxelhqazlTSWxOZU02QU95U1VtZkY2Umd0SWVqVERNSnpmYndhX2huQkxWWHE5TWFm?oc=5&hl=en-US&gl=US&ceid=US:en,BBC,-0.4939
Election 2020: Which countries love Trump the most and least? - BBC,2020-01-08 08:00:00,https://news.google.com/rss/articles/CBMiXkFVX3lxTFB5S2h2dU5hbkd5RUVEdFlPRWFnVHJNaHdEcTlqN2NOUXVadVJ2QWNnS3NoemtJbEJrbXFkY2tUWUV3TGxUSFNjTnNDaFdBYW8tQ0NqYzdtcjQxUG9Hb1HSAWNBVV95cUxPUk9EeGNFQVY5OXFuWGt1cTA1NDVXUkpYRlJCR3JUSlVVX20wTHRHQ1VlSFJJQWlsRG13MGFxdlRJSTVUejFhYlltX0ZkdVNRRDQ0end4dzdhMGZmbjUxejBIUDg?oc=5&hl=en-US&gl=US&ceid=US:en,BBC,0.6369
Why is Libya so lawless? - BBC,2020-01-23 08:00:00,https://news.google.com/rss/articles/CBMiWkFVX3lxTFBkbnJTdEI2NVZCbFVJVzd1UTNNSE5NZnpiUFo4UXFUQkZMeDVta3VIdEtlbEdLRXJMeUs4cllmTE01R2dYSTZwc1R3YWlIb2lic1BZRF9KOGo1d9IBX0FVX3lxTE03allHNFNsTDNlZjR2bGZ6RHZEZ3FDLW8zbHJweGhjN2lKMkYyWVB5WWdkQnFXRWItV1paVjdrNENvOWpUdUN6TkRxMVhrM05CVWxBbDcwZWlrQk8ybDBj?oc=5&hl=en-US&gl=US&ceid=US:en,BBC,0.0
Jessica Thomas Featured As World-Changing Woman in Business - Poole College of Management,2020-01-24 08:00:00,https://news.google.com/rss/articles/CBMirgFBVV95cUxNS3RnMEpCcmUzVm9DRXN4czNaT05EVlZacUl2TDZBQ1E1dzhFYzNkZ0FYV194RHFJZ3RlYjI4ZFYwWHVVSHdockVDYlpaYmNuRkhNMFNZNENmVDZBbTEtcjQxVjN0TEJtWWtYSlpDYW9vQ091TEdkdG1rMGJBaW9CY1hwZWJWbW81YjlERUs5eDVKMHF2Q2tFWllMLU1aaXdPVEtxcUxYNy1sU21kTmc?oc=5&hl=en-US&gl=US&ceid=US:en,Poole College of Management,0.0
Trump's Middle East peace plan: 'Deal of the century' is huge gamble - BBC,2020-01-28 08:00:00,https://news.google.com/rss/articles/CBMiYEFVX3lxTE9XNXVhM2MxTC1DcFd2SjlDNnFLalZ2TWdSaU5hOEdyZXQ5NVVVSFdpNVpnTWkyLTh1MUZQNjB3Q1B0WjYwemNLaXg3czl2LW42TnNha1p6a3NMdVlWTVlHVdIBZkFVX3lxTE1DdVIzWTRCRU1TeDBVaUhfbl9zRGZYS3BlbjlGTU9PM0hCblAzaWIzSmJfNEFzQ0N2WWZod0FjVWk3LWRTb09EZGt3VEpkQWpyemNlNklZcmhhYWtwQTh5MUQ2N003QQ?oc=5&hl=en-US&gl=US&ceid=US:en,BBC,0.7003
Neo-Nazi Rinaldo Nazzaro running US militant group The Base from Russia - BBC,2020-01-24 08:00:00,https://news.google.com/rss/articles/CBMiUEFVX3lxTE5vNmk2V2JEQVlNSHJ2aEw1Qm5nR1I0SERRbFZCRThHbi1UaUlWTXNxU3NiamJ1N3lUSWROYXBQVWF4bG4wVEpHWEY5ZWFSVGVC0gFWQVVfeXFMTUtUTHc1TXFYaHZpVllMUXViaE0tMHpiVjRtT3NWa1k1cXEtdzZVRFd5bDlhb2VGUDlTNVc5Rmw0eHlpNzlzVDFrQllXX1BaZkgxT0pNZUE?oc=5&hl=en-US&gl=US&ceid=US:en,BBC,0.0
Oman profile - Timeline - BBC,2020-01-13 08:00:00,https://news.google.com/rss/articles/CBMiYEFVX3lxTE9QNmdaUWtCNGJ5amhQTUN2b3R2aEFYMVBWMkFhOHRQd0pWYVpmbXNZcGFMaFRZT2o2Mnc1MndWS2pVbS1UWUFBbGxjaTk3emhTYlYwWWVsTzJsQ1BmNWxVetIBZkFVX3lxTE5SWVlPNXpUaUo5UmRJalJRU21VNTZiY21YRFkxcXRhRWd0UEoyMy15QWEyVjdCVWZQeDRmeUpJdkNjNHZqYXNxaGdiaV9pQ3lVXzRENnZyWHdPQ0RjbmMteFBHTWhCdw?oc=5&hl=en-US&gl=US&ceid=US:en,BBC,0.0
Ghent Altarpiece: Lamb's 'alarmingly humanoid' face surprises art world - BBC,2020-01-22 08:00:00,https://news.google.com/rss/articles/CBMiWkFVX3lxTE5YTmQzSjFSM0h0NF9oWjIyNzR3bDRjdmtIX1lKdFhtczVhX2hZMUJwS2wya0pOUV9iZm42SnowbVBPaGhZZGtMcUU0RldLTjRVVWJmaWRvdDZPZ9IBX0FVX3lxTE9EcVJTTGN5WGcwMnNmdU5jbUMyc1ZKckkwT1dBdU1TNlQ5ZTRZRTEyZ2hHQVB3aGFrVEJhUjRaOW1WUnlBZDd6VjFTeURjZzcyZ2dWTEZRX0ZUQjBHcUxZ?oc=5&hl=en-US&gl=US&ceid=US:en,BBC,-0.4019
These are the 10 best countries for life sciences research - Nature,2020-01-20 08:00:00,https://news.google.com/rss/articles/CBMilgFBVV95cUxOdlEzSWcyY2JteFdKeUNGRmg2dFEwWVQyc0tNSG1PRUpQaFgxRzdOZHlfUjczZ0FRMWtWWHZoLXFVSDNHaXZwM0x3R0M0QlJhZmhMam5UM2Uzd1ZXNHBGODJ2N1N5cmtwRS1fRGZSa2xkTGNteXBDUjNRSUdjX2xxVDl1MnR2M1hjSmp4LWFCTVhEYXZIa1E?oc=5&hl=en-US&gl=US&ceid=US:en,Nature,0.6369
The 10 Most Racially Diverse Big Cities in the the U.S. - U.S. News & World Report,2020-01-22 08:00:00,https://news.google.com/rss/articles/CBMioAFBVV95cUxOT21xNU4xaGFtOXNLUXFENE5ZdVdtdnFKZzUzSkhqWFo2d1UzVU5MVUpCUVdDd1J0aHkzX3hpeGlxQUdMNDh6Q0VIaW5ZLXR5cWlYaDRwdkVmSnNEVmcxdDZsVUdRaWZoRERmcllSU0ZXTmxpR2NSX3M2Vk5HS2pLaDRMb25OR2g2YW9pNlUwaW44Y0kwZ3VjSzMzRW9Ed1NL?oc=5&hl=en-US&gl=US&ceid=US:en,U.S. News & World Report,0.0
"""He Was Just Getting Started"": Trump, Obama Mourn NBA Icon Kobe Bryant - NDTV",2020-01-27 08:00:00,https://news.google.com/rss/articles/CBMiqAFBVV95cUxQMHVMbk9QaU5ZZHBpVndhbWpUNUstc0JZbzZOaURjWGp6azQ2YUNHZXFqTHA4S0FLY0RvTjliUHc4SFM3OE4wQkdnaEpyNExZZFpENFpQOWlSaTV0d3QySEFjWTZTZzA2WThoMUk0N1VkWGtzRF9vdlBWYWx3bnhXM2RfNWM1eHhpVFFxaGlrT0h2bUNpdGc5THJ1Z3NISXZNNmluWW5MM1g?oc=5&hl=en-US&gl=US&ceid=US:en,NDTV,-0.4215
"January 2020 Global Economic Prospects: Slow growth, policy challenges - World Bank",2020-01-08 08:00:00,https://news.google.com/rss/articles/CBMivgFBVV95cUxOWTFzZFBlR2hUSjhEODN2QVF0ZDhXeUZ2MFBXWkM3UUk2SE1mbWFvQTFXOW10WXBFQ3BLZFZHVFRrQUQzNlRJZ2hSdDFYX3NTS0I4WjVwY2JjY1JKajhZQzBzTENTUG4xcV9RNTF4YlEyTTRtdFZTZUtUV1dqWVdkaDFCTHY4b0s2aEhQakJEVTFQQ1I3VnU1WjBFdnV2WUxqWklSWDJMVzB3dXMzbmkxRTAtTE9NN0JlVi1VMHVR?oc=5&hl=en-US&gl=US&ceid=US:en,World Bank,0.6249
NBC Sky World News launch this summer - Broadband TV News,2020-01-23 08:00:00,https://news.google.com/rss/articles/CBMiiAFBVV95cUxPRGhzcUdQU3BpME0zcWVNRFVVSjV2Z0hxcGFWR2hKQWVHQVlOcE9iWl9qOXppczB6YnM5N08xeGxZQWxibDA1SmJxaUNJV3JONjA2dlFQU3RkREVNVTRhQWZPUGd2WEU5bTNHT1RBWU5oTjZRRk5CZmY0dG5QMW1MbUROOWV6NEFp?oc=5&hl=en-US&gl=US&ceid=US:en,Broadband TV News,0.0
"WHO Statement Regarding Cluster of Pneumonia Cases in Wuhan, China - World Health Organization (WHO)",2020-01-09 08:00:00,https://news.google.com/rss/articles/CBMivwFBVV95cUxOQUFnLVMtQ1BBY3pWcy1CTThjUE9jbGFyYlg2aERQOU83WmdEUHE2dWl0bERvZEFla1M5VlZ5cTdSbWR4cnY2UTZEZTRHcDE4Tzd4Y2pFWTl3WnZ5aGZGTU5xTUQ1dkl2UlZydS1PZ2U5X1BvRnREWWtzRmc4aWx6THdWUTAzRkJUbElGZVJMVGhuQWQ0bnZDcTdpWEdXRWVEdUdNT0cyVjNTcUJpVURxcTE4RXhIMFFnNDFhVjNkTQ?oc=5&hl=en-US&gl=US&ceid=US:en,World Health Organization (WHO),0.0
Egypt-Ethiopia row: The trouble over a giant Nile dam - BBC,2020-01-12 08:00:00,https://news.google.com/rss/articles/CBMiWkFVX3lxTE9ZUUltY2w4ZXZ3dkQ0MVFsZXB1eWphbzdZYkdyT0dqTDdYZTdrV3l1UjZQbm41NklsVURHUjd3cDl1YnNFR3VzX3JYOVNibFU3TGRmQnJUSU41d9IBX0FVX3lxTFBWWkY4NWZrbDI5b2E4aWlHckpBaTZHd1JmaXdjdEcwSndXbllRR1h6UElsUDVYNGZvRUFyM05lYjE2bGh1U2k2cWstR3dEazF4RkFiaHgtdUE0bk9xb2Q4?oc=5&hl=en-US&gl=US&ceid=US:en,BBC,-0.4019
Pope's Message for World Communications Day: Full Text - Vatican News,2020-01-24 08:00:00,https://news.google.com/rss/articles/CBMingFBVV95cUxNZ0p6a0xlUExSRUtFY0U4NE81QVBCdVlOVkdlSXNZM1JIc05vdmt2VUdXU0JDbHdrb0JNdUxYMGh6MXFDY3EzSHdwZlYtbjF5X0VLaWFlNktlc3dLSHpVSC16cUU5NVNtX3YwZkRMNE9iUTVPMmhSU0ZhTWVBMUU3ckd6S1ZVQnNvbmUtaXZMd3dGNnNzV0xwUWl4MUFHQQ?oc=5&hl=en-US&gl=US&ceid=US:en,Vatican News,0.0
Single-use plastic: China to ban bags and other items - BBC,2020-01-20 08:00:00,https://news.google.com/rss/articles/CBMiX0FVX3lxTFBNZlRxUzV0MlRONm1yNkVVdU51bkFIZFl5dGE3a0h1VWw0UkJGbGJHNW1BOXdPMnhjYnhKZDlvMnpEUVluTGszVVFjS1BHUUoyNEhfa1JHbDAxU0ZZU0FJ0gFkQVVfeXFMUDNzYzA5V09iMHpTbXZCbWxmV3dGUjNIMlRRT1NLRnJNS2lfaHV3cjFseGJHLU9IUkc0THliYkdoMmZac2lYS3VLekh3dC1CdGJLS0RxamRpYlliQ1V6ME5QZ1ZGWg?oc=5&hl=en-US&gl=US&ceid=US:en,BBC,-0.5574
WATCH: Trump addresses World Economic Forum at Davos - PBS,2020-01-21 08:00:00,https://news.google.com/rss/articles/CBMilgFBVV95cUxOZ0czX29FNU5sZ2E5dDl5TGNuemxwamxCdkdUTV9pOWpwTDRYcE9SMlVPRmZRZlA5S3hncng4dVR4dnU2U1lXNUl3S3gxVEtYOFpRODluQ2dxOUI4bjdFSHh0X19PTWFpOGFNZTdiMzExREhmOW5hVEZDekpVMFIyckFPV3VpU3NWSTFjZmhmak56Q1FyVEE?oc=5&hl=en-US&gl=US&ceid=US:en,PBS,0.0
World leaders react to Trump’s Middle East plan - Al Jazeera,2020-01-29 08:00:00,https://news.google.com/rss/articles/CBMikAFBVV95cUxOV0U1UHA4ZzV6N0d1TUF6Nm1pWjd5ME90LXhhcUhmWENfc3NMN0RXVXhDTWk1Z0pjVnRrQ3Q1cHREd2Rfb19hanB6LTRiSXRsaHdQWmtYLXRaM0xXYUhnVmNxejg2Y0x0aGRKXzRGVzR4SDZoSmhsaTVOSWxhYmJCaVktcWJkU1VoYnNweElTc3jSAZYBQVVfeXFMUHJMMmFKNXZ5Tk80M2RyNEhHR0Rpc2xueGtnanUtZzI4NV9peHVOZ09nNTREXzRpM19TRF85cXhSWGprT2otT3ZLem1EYjNONGE4ZWYtSzIwU1N6VWFHQ3BqWUNsUUw0UHdaSzl5VDJYR2c3STBuQU45VU9zejJBTFpzN0REV2ZEYnZYNWp4aVhXOS04VmhR?oc=5&hl=en-US&gl=US&ceid=US:en,Al Jazeera,0.0
A quick guide to the US-China trade war - BBC,2020-01-15 08:00:00,https://news.google.com/rss/articles/CBMiVEFVX3lxTE1vVEtnY1FWMWR0eDJfelN0S0JOZ3F0MlRUQy1nVWFUSlR0TEJJQ1lXLTUweS1HLV9BcFZqMkJwVDlkVVI5QzhWVTVDWG1Lci1qNFlvUtIBWkFVX3lxTE4tVzZoQ2JWZzZzOC1KQnpTRHNXbUtxNE9Lcy16Vmh5eWhSSGdpdzVONGxuTEJlZVA4Z1hLcFg3a3V6cW9CMF9nVDNqXzllNWFBU0liMXptMWJVZw?oc=5&hl=en-US&gl=US&ceid=US:en,BBC,-0.5994
"No, We’re Not Living in a Post-Fact World - Politico",2020-01-04 08:00:00,https://news.google.com/rss/articles/CBMioAFBVV95cUxPOEFhbk05MFloMVJXOWVGODN6dG9ZaUFadG1CRmozYmpqVC1wWE5kVk1KY1RMS2hhdmV0STJVT1ZQXzNJellSQlAxSGNfNGpkekM2OFVwdTFmNmZmMjhjUUVsWGNfd3hPcWJiWUZTejZMNmtNN0dJMTZmYnpCQTZwb2JiVkdiMjVIRkY3OUFNNzBOcnFlWXV0SjJGT0NlRjZv?oc=5&hl=en-US&gl=US&ceid=US:en,Politico,-0.296
The Iran crisis: How we got here - Northeastern Global News,2020-01-13 08:00:00,https://news.google.com/rss/articles/CBMihAFBVV95cUxNcFVDdnB6TnpvRWVha2tCa0RacTZsb3VzTGRlcEdaZTQyb25rZDZEWUJZVC03LWF0VE5mR01ZNDZYcjJVaUFaN005SHE2UUtPbUZJMFNDOHVONFVnV0ZQQV9pdEJMamhlVDdGdVZjcUVIZnoyX0k0SWVnREo4WFBIZEN1WFo?oc=5&hl=en-US&gl=US&ceid=US:en,Northeastern Global News,-0.6249
South Korea cracks down on fake news about spread of coronavirus - The Guardian,2020-01-29 08:00:00,https://news.google.com/rss/articles/CBMirwFBVV95cUxQelZhckJSVllEMmR1SzRjV3lmc1pTaTIzLUhRU0NfRFNORm1FV2NsVUZBUGk1RWNTdDZ2YzkzbGJmbXE5RU9VOV91a1dmN1B0Mk9FTndtN2E3RTB0bk5URGFEOTIycUJWcGYxcENCbU1CbWhlX0FSREhFZHFPQWhCNVRyMEhhVmhxakR5dm9MNEk1QWVuTGNBTTVyWXlRakxoVkVnMVhDMFByUFFDVnNN?oc=5&hl=en-US&gl=US&ceid=US:en,The Guardian,-0.4767
Trump's wall: Winds blow over section of US-Mexico border fence - BBC,2020-01-30 08:00:00,https://news.google.com/rss/articles/CBMiXkFVX3lxTE1KUXRYZU12Sk9RSU5IS0l4emI3dkx5MW9TVVBqWWJLQXhld2k2TExEYkY5YXh1UUQ5N0dkVUFRNEsxd3JfYU5IWEdrNDBENDZnQnhzY05DYm50MFVkS0HSAWNBVV95cUxPZG5wYmpUZFNDdXZkai1fbElZNVlrNHJaOGdpd0w4Z2hUbnl3V3JiRHZBWjBLRy1xXzFvdHlxY3NiTEtVUUtMZFdBVldDbkZ4dTdLMm9ScE5NY0tCaXJCOHZwRTA?oc=5&hl=en-US&gl=US&ceid=US:en,BBC,0.0
"Welcome to Hawaii's 'plastic beach', one of the world's dirtiest places - The Guardian",2020-01-10 08:00:00,https://news.google.com/rss/articles/CBMijgFBVV95cUxNR0NBejhYRkhGQ1UzSHRBejZ3QmpzRXpKWGttM0Fwd01wdFRGanQ2QXBoSTRudUFaU1pHQVpQa0xGUXNxUEhHMW4tX3VWUnhFUmlyLWFVR1Z4Q1JQQV91M2x2VUpnMHZlV3BqZk5rYUpSS29ObjBiUVdaaExWNXI0dEJtNnFxSkFoWUF0S0VR?oc=5&hl=en-US&gl=US&ceid=US:en,The Guardian,-0.1027
‘Vale ended our lives’: Broken Brumadinho a year after dam collapse - BBC,2020-01-24 08:00:00,https://news.google.com/rss/articles/CBMiY0FVX3lxTE1sQjBLckJzSjNPVFZ0OEN1TTNRZVJFZ25Ra1BmSEoyNTIxcG12Z1AwQWF2ZTlMZ1d3eXlsM2hfVWQxMHNsLVYyZmRWOGc2ZUFSbGR3SGlBa29jU3RLNW5aM0FPTdIBaEFVX3lxTFBDSWEteTBudDVzWGJhNDduM1pVcUxuZEJGbEhBYTA1VElQeXNnWXN1VUV4Zll0TkRZV0p6THFmT20ydjJ4aUVKbG5qd290NlZKT1Ezd1UyT1JLZTYwZDlhT21falVydS04?oc=5&hl=en-US&gl=US&ceid=US:en,BBC,-0.743
Iran retaliates for Gen. Soleimani's killing by firing missiles at U.S. forces in Iraq - NBC News,2020-01-08 08:00:00,https://news.google.com/rss/articles/CBMingFBVV95cUxQbGR1YkZzVDk3eWNhM0U3emlycE1MbkFnQmNzS052T2VHREN5WTlMUzQ3UzBtMnNKaFpadzBGOGRJMDNaQUxaWWdTODF2Q3pJMmwzS1dvbFIzSlluTWhyU0ZiaXk5Z2VmUnJjRU51eThhUUtPLXBTT2ItYkh5ZkNzb3BLUUVQaVVoYVZ1TTJtWlJiTFdnZ0t2LVZuZkhVQdIBV0FVX3lxTFBxemVoRDZJS0NzSHFDUXE0QlZKd0ZhVjlycV9DUFdHUHFiUHJDVnNIOXJYRURUcHlVMUJGeVdNRm1OeXVMVHk2NFQ0YW9vV2RzbUI1UHhoNA?oc=5&hl=en-US&gl=US&ceid=US:en,NBC News,-0.7783
Climate change: Where we are in seven charts and what you can do to help - BBC,2020-01-14 08:00:00,https://news.google.com/rss/articles/CBMiY0FVX3lxTE9LVThHek5ETW1falhfblVwQWpZYjdLS1ZuaE1HOXpDS1pBYU4tRmdnS3NHYnhJSm84T1dYc2tkMFFwamJCUTZKSFNMMHl1SE5uYVlCSmpqTzB3OVBVUlhWbHFnQdIBaEFVX3lxTFBMWGJ3c1pRei1NN1ZtMng1d0dwOTA0NmN4UklRVDJpdHBVX3JnTzIzVWlEOTVYc3NscTBuRlkxSzhUd19TdjZ5enl0bks5MHhHR3Myelc3LVBFRkFLZGpiQ2p4cVZzcXR1?oc=5&hl=en-US&gl=US&ceid=US:en,BBC,0.4019
Taal volcano: Lava spews as 'hazardous eruption' feared - BBC,2020-01-13 08:00:00,https://news.google.com/rss/articles/CBMiV0FVX3lxTE5KMXdNdTRmeXdfYy1JMnhjWl9UZ0wxVUFEM1NhZ244TFlWSjZiTzZkck9FV1hnNk5oS2F3ZjNTS0JEYTAtWlpkVjFMWGxpR3pLT1FzS2FoMNIBXEFVX3lxTE1RSXp3X0hWME9NM081c2Z3bjRVZU9Ca1lEd1lkRG1QVUpZdjhsZXcxX2p1aXV1TDJTQy1VdWd4cWVBcWdjTzNGeUxQcnJkc24yTmVmV2xWSnR4ZFpB?oc=5&hl=en-US&gl=US&ceid=US:en,BBC,-0.4939
Global Growth: Modest Pickup to 2.5% in 2020 amid Mounting Debt and Slowing Productivity Growth - World Bank,2020-01-08 08:00:00,https://news.google.com/rss/articles/CBMiywFBVV95cUxQb1VXLTdkZkJDWlYyUWI1endsa0Vrb2RqYVppNmhxdEpHaFJpbGgxSjZMSWNJNjhNbmo0TzJXeDc0ZjVRSFZEdE5JZ0tPLTlVbzd6WlVuaDNCQkxHaXQ5YWxIcG1BckpZZ0JUTDJtZEZ6SjNxY0R1dGs2Y05ZODV4QmJvd05rSUpTRVlPSGJybmpfQl95UDEwN2tyVHNTQmtrQ3BsejNCTWdhc2ZtVnRETjRMUWs2bGJTQWxUd2pWbXY4c1dGT1dnX2RfSQ?oc=5&hl=en-US&gl=US&ceid=US:en,World Bank,0.4019
What to Know About Caribbean Medical Schools - U.S. News & World Report,2020-01-13 08:00:00,https://news.google.com/rss/articles/CBMixwFBVV95cUxPQ1VHcHlzLVZ6QS1YeDRPMFliVnMyRDdlaUNMZm1ac0dZZXBSVVFmbDdqaDJvd1IxZlZFX3NCVTZ2dW9vVWY5aWs0bXhOX2gwc1NVOFFDVk9FYTNwaDdDdUhSMWlYaTF6MGl0bGlmZXdQS1hPMFkxOFo1MlJoMzlVWnloUXpkN0tqZVhYOGc5VTN1Yk41MG02UDE2OXp4SHR2S1FkTFlBVFFqNk91dWJrUmliOGVzYUFXN3hoX3BkSDJ0cU4xNi00?oc=5&hl=en-US&gl=US&ceid=US:en,U.S. News & World Report,0.0
January 2020 Current Events: World News - InfoPlease,2020-01-01 08:00:00,https://news.google.com/rss/articles/CBMic0FVX3lxTFA1MjZCZnFsWVN1WWY1bkV3OEdJckVHQTdWa2VjQjZqSXVGMk5pckhUQzh6UWhjZzNaMXRxRmZRM2VLaE1vTkNvNnA4ZUtVLVdYVEdibE5jVHZQTmhMVzdxOVlPWW5FU3JVN1U4VmZlNzFXLXM?oc=5&hl=en-US&gl=US&ceid=US:en,InfoPlease,0.0
Russian government resigns as Vladimir Putin plans future - BBC,2020-01-15 08:00:00,https://news.google.com/rss/articles/CBMiWkFVX3lxTE40Unp4RVBDS2JRenFnZVdYRDdiRW1YWHRxcFFJcllYVnh5bWN6YTVwRE55UDhKaFZDYzhuVGprdWg1VkpxWmliQ2ZYVkFGcllHOTdTVXRrd180d9IBX0FVX3lxTFBVa29mbmgxUVRudDk1eTVoczF0elYzaU1ZbjcyV3V4eHQ0N05XcTVHajUwcjlnZllIUDJ1NUYxWHJBc2ZVZy1yVVJOS29vTWhwV2JwSkR0TTNMeW5rYkRR?oc=5&hl=en-US&gl=US&ceid=US:en,BBC,-0.3182
Tokyo 2020: Why some people want the rising sun flag banned - BBC,2020-01-02 08:00:00,https://news.google.com/rss/articles/CBMiV0FVX3lxTE1HT3dmRGhEQlhMOTRVazd1Q3ZVY19KWVVLWGtlSmpqSk1KLU8xZ3IwZkZEOXBlRGt2aGxhNlpJVWU5WUltUmxmcjdGbDYtdTA2S0wxaG5MMNIBXEFVX3lxTE5sUzUzeXVTUXhoTktLcmFKa1A1WENWd2ppZVNsWUhQblJTOGFFbkdfVXBFU2pnbEU5LUpIRVdoaWdVOHREV0dYVzZYc2Fxa3Q1NmdXQ2lEVzZPSmdC?oc=5&hl=en-US&gl=US&ceid=US:en,BBC,-0.4019
Six Charts Explain South Africa's Inequality - International Monetary Fund,2020-01-28 08:00:00,https://news.google.com/rss/articles/CBMiwAFBVV95cUxPVWZ0ekJRZEFPQU9QUkV2VTctaTRxSWtyTnlpNkFSYnJsSGw2RExjcHZ3ZFhxblg4TldTMU5fck12UHROUF9jREhzZG4tU1BtZEE5d0xQSXNuNjV5UDM3ay1HSkxfeUFQM3d1Rmx5akpuM2ZHLTBoektXa1ozVzhzUFQ3RVJLNzZiQmhKdVdKYkxYMW9LT2QtUWpkamNIZmZNMXBDZVFlY2l4NjJjaHgtT1RadjJ4M3lNS2tFaUZBOG4?oc=5&hl=en-US&gl=US&ceid=US:en,International Monetary Fund,0.0
"DR Congo measles: More than 6,000 dead in world's worst outbreak - BBC",2020-01-07 08:00:00,https://news.google.com/rss/articles/CBMiWkFVX3lxTE5UelY1MU5VOGpUYWlOc05mU3VCV3RpY0Zib2hUZnVVVmlLWGdoXzFwWUNMWnNPa2JmbHJkZUFSU3pGWkJhR1lDZXdOd1JZMktERXh1cHRmdy00d9IBX0FVX3lxTE13QkZQRmVnLW9McWpnejJzTWk0YkxIX0NYWWJjV3NRTnRsdExCTmwtZFpEcFpGdDVUaDd5VGE0ODlsRFgyYjhxbnowel96cENKQ2dfVzNBbDMxYjVnTWtB?oc=5&hl=en-US&gl=US&ceid=US:en,BBC,-0.8646
"Trump rages at Bolton, says former adviser would have caused 'World War Six' - NBC News",2020-01-29 08:00:00,https://news.google.com/rss/articles/CBMiygFBVV95cUxOcENuN09UOVFzYUYzR3NCSFVDSTlPNGVQdG9OM09NUERfSEN4aC1GcHdfb0FQaXBGdXNWSDZva2FGQW9Ea3RleVR2QXhtd2h1MDJNTzVWNzZxazk5YlVteUFLUEliZE92ck5UU1Fid2YxVHJ3ajhzMktKVm93Z25xdWk5U25JQy1wNkZTc0NrXzl0Z001b0xNYlNEVldYc0JBc3FCZDdRWWhVTkdrc0g1QUpFQTZ1b2NoYWRYNGVzX2NwYkI3b2M2REp30gFXQVVfeXFMTWNkb2luenBVUzN2ZVJKRjFLNGZQNTc0ZjVoRUlEaXpQdE83eFpuMWVCRkhpZ1M4aHhaaFNveXF2MDV6Vi1XUWVWRmZoVXA2UEZ4MnYtRVpn?oc=5&hl=en-US&gl=US&ceid=US:en,NBC News,-0.7906
"People urgently fleeing climate crisis cannot be sent home, UN rules - BBC",2020-01-20 08:00:00,https://news.google.com/rss/articles/CBMiV0FVX3lxTE11SlZILVFIdXVQcWZGRkVNTHdIbUZUZ2ZnXzJBR01DR3l6NV9PUG1PMmZCbTh1RDdOdHAyd0Y4YUpEcEZqNUVYbWZWNHBudWxDcVVoUDZOONIBXEFVX3lxTE9adUxJc2NSZWJZLW1sc05RdXhOY29DblpEWmM5d2FDMUhOXzdkMElEeUFMSi1DZjBoU0xWQUVqOThvblV1ZUNiMjFCS050NDYzOTFTSi1ISy1rRnlX?oc=5&hl=en-US&gl=US&ceid=US:en,BBC,-0.6249
Maternity leave: US policy is worst on list of the world's richest countries - The Guardian,2020-01-27 08:00:00,https://news.google.com/rss/articles/CBMipwFBVV95cUxNNE5WUi1Yc1BMMVpaNnV3ei1fV3Rlb053MW5JbGhmVFhKMTFsRy10N2VxRWplMGxzX1ZNOV9ubnpkZnBGbjFQWEJNMDB3azVOODdoOWtEOE1VWmdjUERpeFlkX2d3eE9ZV3pNcV9LUjdxSDJTVlI2STdrWlRPUnlUSVFiQ01KUktoLVFUa01DWThYS2o2a1ZPY2pZa2JvMVNKdjFyTkg3bw?oc=5&hl=en-US&gl=US&ceid=US:en,The Guardian,-0.2263
Kelley School of Business remains No. 1 in U.S. News and World Report rankings of online programs - Indiana University,2020-01-14 08:00:00,https://news.google.com/rss/articles/CBMijgFBVV95cUxNTzNXblVMeE94c2hoaFFNZ09KQk10WjFwby1PUjdVWkthX29saFFJa3hpai1oc2FEWmgzajVwSld4Tl9ZdENneWl6Q1N3LXJ3NTRHbnRXZlJxTktZeWtsN29rSERaQ05zZWFwa2wzb3NoNzhXZTk4U1JEWV9FWDdGR0NpbDNJRWZnbWZCSEtn?oc=5&hl=en-US&gl=US&ceid=US:en,Indiana University,-0.296
World leaders to hold two competing ceremonies for Auschwitz commemoration - PBS,2020-01-22 08:00:00,https://news.google.com/rss/articles/CBMirgFBVV95cUxOWUJ1RlBXcnc5dl9BSi0ybmhBNEVxVVJaQ0tpY1A5bC1VNGZQYUN3aTUwajJJblFwSFRDN1ZyUUk5dy12cTRYakhYVjB5VHU5dFBYeGNpUm1nZGF4NW1MNkdrQzQ4VmRVQzU1Nzc5VFdDUnBxOUZFS1B4RE5DaGZrYnp1OC1LMjNxRDBJbFp3d1ZSQTh0YjBIR01qa09hUHg0NExFR2xmRkhLWHI4U2c?oc=5&hl=en-US&gl=US&ceid=US:en,PBS,0.0
"Reducing risk, empowering resilience to disruptive global change - MIT News",2020-01-23 08:00:00,https://news.google.com/rss/articles/CBMilgFBVV95cUxQcm5KemMyRE1nQVdzUmNvaU42Sm1zWkpmbnZNTV9hYWpnS1djUTI5UTR0dHhrNjF3UnBhVG1FSE1iWS15T3RFWGkwOHJrcDlxeU5PNThPSGJxcVB4UlRqMnRRM0xjT3BtQXpoYjRMcXQ2dlotQ3NLdVRXckI3Uk5uNVgxblV0c05JWTdOR0pUemRuVkdLWHc?oc=5&hl=en-US&gl=US&ceid=US:en,MIT News,-0.5267
"Korea, Saudi Arabia progress with SMART collaboration - World Nuclear News",2020-01-07 08:00:00,https://news.google.com/rss/articles/CBMimgFBVV95cUxQMUpYa2hld3ROeHhkRG5sd05PR0tJcHU1WlIxRlFwSmI5My1nY056VmhmaVBwZWdRN2dyRlBvNkFkcENvTmNFOFFYbkFJVzBab3VaNEtjRm9oS1ptQmdROWRBZ3hwR1AyeDE0T3U3RFBEZ2dWbThuNzNfV0k5cnRSamFWbEFpQjMtMm03TnNLTFZwQ0ZDc2FtZUl3?oc=5&hl=en-US&gl=US&ceid=US:en,World Nuclear News,0.7378
Fake drugs: How bad is Africa’s counterfeit medicine problem? - BBC,2020-01-17 08:00:00,https://news.google.com/rss/articles/CBMiWkFVX3lxTE50V3R0bGtpRmtNVDJkWW5pQkdmNFh5SmVrNktJdkJ6dUxrTV9yLWdhZ21zS3BrRnU0U0hKZjUzZGI4dVY3bTlzaVJOZ2tBX1Z3WGxueXhMN09Ed9IBX0FVX3lxTE8wT195RWRVQnNCdEx5ZnZNc01abi1reWZob1ZSazJYQlU5OVk2T3NncDRoS3B2aHZJSVFxcmFUZGx6TV9ZSDlYbGlEMGlkWG83a05Cc0VrZTVEUFpxTHJn?oc=5&hl=en-US&gl=US&ceid=US:en,BBC,-0.8519
These 10 countries are the world’s best in physical sciences - Nature,2020-01-28 08:00:00,https://news.google.com/rss/articles/CBMirwFBVV95cUxQeEVQSDdJSVRyNVVWWXRoNE50Ul9JRDlzbExtRXUzdzdZc0tBRlpoTTE3Rnd6Mi1GdDBQU01qZGljVkJlOEZya3E1emVFM2dMRVpwRXhRdlZ2RGs5VHI0aDU3a0ZQdThNakU4UVZReFMyMTc4OVNsRkJGZWNmR1dPQXhrakM5bk9kR2NtcUtmb0pOWG5TRzE3UzBFNnZOa1BqNDBwb2FRYWhtaDRia0hN?oc=5&hl=en-US&gl=US&ceid=US:en,Nature,0.6369
New China virus: Warning against cover-up as number of cases jumps - BBC,2020-01-21 08:00:00,https://news.google.com/rss/articles/CBMiX0FVX3lxTE05Vk51eGlISE02anAxNnh2NExFOVlVNjljNm5taWh1OWI4OVlBSDVxZy1XOVRtZGhGd0ZnWWt5QklNVHBxNTg3WlpmS20teDlhZGdKN2FVNGRWdmdla3RN0gFkQVVfeXFMTTE0RWNwTWVIRTlHUjhTZHBfUFZjYVBxNjU3OFZ6RXdpV2M5VWVYcy00QWxYSDFWdTM1bFZqdmVtYnVtWFlYSlJ5QzRDRkJQY0sybVhnYlU4aXlkYng4eDQ2Z3pOTw?oc=5&hl=en-US&gl=US&ceid=US:en,BBC,-0.5106
Titanic wreckage to get extra protection in UK-US agreement - Sky News,2020-01-21 08:00:00,https://news.google.com/rss/articles/CBMimwFBVV95cUxNN0l4TlZQdnMxRzFydnlSLVA0VGJuVnN5TlpTZ18xcTBsYW9RbzJpUDJaQ3lrWDBaVW9BUU4yaUpHTDFBUFkwejcybEx3Z2VFbEpHUTVhSnhKUHYtX3BBd2YtT0hTMjB4Zk53ZVJhbVA5dXdKa0pyMUJ3dWFvZk5Bb1I1alFpaGM1QjNlOVNHNElzS1ZGZE13Q2JTaw?oc=5&hl=en-US&gl=US&ceid=US:en,Sky News,0.4939
Australia fires: How the world has responded to the crisis - BBC,2020-01-08 08:00:00,https://news.google.com/rss/articles/CBMiXkFVX3lxTE53eVVZNlItSFk0UGstTzZYaHZaWnZFR0Fzck5HUzVqYWVLcmtNUk5RcDVXQ3YxUGNBMDdpQ1I4UThnTnRvNEU0U1FvSllpaks0UHZFaS1WMU9vSURGN1HSAWNBVV95cUxQclNtWTJ0Z0dDZGZIRlBPcUp1Mm9oQjNTVjJDYzhKeTNWdzRneld2MWRmQ1NFUlZvd0gyZC0wWG1NMnh1OXhoZmc0dVlZb2Y2eVZ2TVk0ZXNDQWRkc3puX2hwU2M?oc=5&hl=en-US&gl=US&ceid=US:en,BBC,-0.6249
New China virus: Cases triple as infection spreads to Beijing and Shanghai - BBC,2020-01-20 08:00:00,https://news.google.com/rss/articles/CBMiX0FVX3lxTE5NUk9FbWdzeXJ5NjZiU1E0WkdPa0FNUFI1dHpIWjdoNTZWQWdvSmozRkhiOF9TNE9ILXZTNVJYZnRjU2pJVGFBczJ3bkhTc25Ic0Q4QTQwYlg5RHAyaUlZ0gFkQVVfeXFMTmtETTF2MjIzRVpFOVBGTGV0UzIwNWRZUmVQUndneTFFa2Y4SDAzaG1waUZrcWxBb2VvcXgyVm0tVkl3ajU2Sm1VLW9LdGY3MkZzdFpiUGQ2Ti1hbzZQYjdpLU1Jbw?oc=5&hl=en-US&gl=US&ceid=US:en,BBC,0.0
Jeffrey Epstein: Jail CCTV erased by 'technical errors' - BBC,2020-01-10 08:00:00,https://news.google.com/rss/articles/CBMiXkFVX3lxTE5rYnVNelpVQXRCeVh0VkxHSjZIbnFSNF9HMG1aVDJOTnoyaVh2bnNSZDItdWJtT1U5aGQ1U1djeV96a0hqTk1TUnRIdkNwQXROZ0ltQjh5SmVWOXRaU1HSAWNBVV95cUxORjVwSmhjMGw0MXJaQ0kxVW9GeU1sMlJtRXo4SVJMTkg2ZGttczNMd2lNa2txbjVxTWZFaGJTc1dVUE9CbS00YWJMVzBXYmpOVDRHc3BpWGkzVzFqR3IwdERQSzA?oc=5&hl=en-US&gl=US&ceid=US:en,BBC,-0.34
Comcast takes aim at CNN with NBC-Sky global news channel - Financial Times,2020-01-22 08:00:00,https://news.google.com/rss/articles/CBMicEFVX3lxTE5sWV9kMWdEN1hTNGV6ZEdzS1ZKMTJ6b0prcms5OEkwQmVoYlBBQlZBQl9TVWNzTFJmT0lHcFhfYUdYUmIzVldwNndYZ1JNeGdJTXZjUnpJOHdvUkRjOGFueUd6VEhBS1UzdFg1aTVIRjA?oc=5&hl=en-US&gl=US&ceid=US:en,Financial Times,0.0
'Serious cyber-attack' on Austria's foreign ministry - BBC,2020-01-05 08:00:00,https://news.google.com/rss/articles/CBMiWkFVX3lxTFBxZE8yRlNwVkpwWDI3TDJsbzdjRXkwRHNIT3E3bE5sd09ydkpacHdDTzFsTGtFZE1hVVdEU0F1N2VFbHpFQ205T2pzWG1CTmtFa3VZSDBjaUs5UdIBX0FVX3lxTE1LV2ZOcUJ6bzZUbEhRVXMyZEl4OGRMOW51ZkFrUUp0Q2prUTR4aV9MV0ZPWEw3Y24ycl8tLWlCLUhXRkl0Uk52SDVmOTY3V3UydEJ5LVhiYjJUYUZGYVo0?oc=5&hl=en-US&gl=US&ceid=US:en,BBC,-0.0772
Coronavirus Disease (COVID-19) - events as they happen - World Health Organization (WHO),2020-01-28 08:00:00,https://news.google.com/rss/articles/CBMijgFBVV95cUxONURLa1F2R1JrU3VTT1FKN2FSZV9FbXdHcnpRNWs5ZnhtckJJOWQ4YjZVN2hRSHhaSDJodDNXUllWV3AtVEVGNWIxcS1RWTdobG1Na24xTUlHMTFvai1kNW5kOWk0bi16LUpic2NTV0hsOWttOGtnWnRLRkh4aXRkdFV5YjlHdk5CdlpVOTFR?oc=5&hl=en-US&gl=US&ceid=US:en,World Health Organization (WHO),0.0
US Space Force logo looks like one from Star Trek - BBC,2020-01-24 08:00:00,https://news.google.com/rss/articles/CBMiXkFVX3lxTE40Mk1RaDNkS3gwZl9tdEV5MEpWNmFpMTZfalNGeGhRQUp6alliaTd4TWNuYms0OWxTbzlmcFBCOEFDWmZERTQ2b2FhNlFhYUtnWWhTODJPTHF2blctSWfSAWNBVV95cUxPaFR6NmhfcklPbS1Db2VXRnZYZE5XSFB1dGJSX3hHalZUTjlCc0lGR0ZENDR0UVppbV81OHdKdC1ieXJLX0FPMzVOOWc0ZVg4aHF5NDVfSUtyejcxRFRFVlBtejQ?oc=5&hl=en-US&gl=US&ceid=US:en,BBC,0.3612
"Mexico drug war: Almost 62,000 people have disappeared since 2006 - Sky News",2020-01-07 08:00:00,https://news.google.com/rss/articles/CBMiogFBVV95cUxQbkR0NW1iLVlZbG80Q3lYWFBITjJadUIyRzRsQ29Id3lWZjBLWWljajZlQWYzWUJSeUdMMUFFWHFpSnFUUXRKQnJ0NThpSF91R2RMRnNGMTQzVHducUFNd3c0eHdKMmZNbkVsWlcwZ0M1c1BRbkp6eFdGeG82QUNBVE9YUjNMb2FkUmd3NU1Hd3dOb19kd21vTEY3RVRRblhEd2c?oc=5&hl=en-US&gl=US&ceid=US:en,Sky News,-0.7003
Return to World Economic Forum - Carnegie Mellon University,2020-01-16 08:00:00,https://news.google.com/rss/articles/CBMihwFBVV95cUxPajFIT2VFbUdycHBXTVdEUlp4dDE5T21HN0J1ZTQyV2NicHh6aVpOX2toZkhTa0p6dkRwano3WXR5VjV5R2E2VFVhdjkwa3FHU2Z0dzBFMV9UV05ObHVWdkt3SC04alM5VzZoTC1RTGdlVUx1TmpHYjRCaXE2ZzJLNFNQcnFQTXM?oc=5&hl=en-US&gl=US&ceid=US:en,Carnegie Mellon University,0.0
Iran plane crash: Ukrainian jet was 'unintentionally' shot down - BBC,2020-01-11 08:00:00,https://news.google.com/rss/articles/CBMiYEFVX3lxTFAtbmpUQVFBTjJtczZFRDU5aXAxUDJRelBYaVBmSGwtTkF5d3JRQWhBaWxtOXhjNGRnUTJHVjNyakowLWhBOWFrLTVVTEpNYmpXSm96UjVRcnd6dzJLM0Q2WdIBZkFVX3lxTE55ZkJTUnZaNUE1c3c3SENhem1DTzdaeURpLVVwMWNMX295dGFmX1RqcTVtMXctSmkxY2ZNcmYxb2NrVG56X2lfOHhuTDBMRmFnOWw4LTUzWGJDWU5HbHVPMG83UjNodw?oc=5&hl=en-US&gl=US&ceid=US:en,BBC,-0.4019
"Study: To slow an epidemic, focus on handwashing - MIT News",2020-02-06 08:00:00,https://news.google.com/rss/articles/CBMickFVX3lxTFBYMjYwdTdvQ2d4ZWliLUVQZEt1VWUwNjFqT2l6RVZwUzZvVlA5Um9lTkxtX2Ixd0QzdUMyMHJSNUZpcXRrYzJfb1RQcENUZTdmQ2JOOVpxMWoweGU0RTlmaFVkSkZfME1FOVBzUGZud2QyUQ?oc=5&hl=en-US&gl=US&ceid=US:en,MIT News,0.0
Assessing the Global Climate in January 2020 - National Centers for Environmental Information (NCEI) (.gov),2020-02-13 08:00:00,https://news.google.com/rss/articles/CBMiYkFVX3lxTE9jTmJGTVFjc3hjaFZxYWNLOVBERUsxUG1sUUZCTEF6VElUbXk2NDZfd1B0VlZZcjdsSFIyQmE1d01vUWZXdmFsUWpIZ3dQNkkwQjlRdTJyejJvbkMwNEc4RHpR?oc=5&hl=en-US&gl=US&ceid=US:en,National Centers for Environmental Information (NCEI) (.gov),0.0
Afghan conflict: US and Taliban sign deal to end 18-year war - BBC,2020-02-29 08:00:00,https://news.google.com/rss/articles/CBMiV0FVX3lxTE1WYTZEODJkWHJNMDJGUDJZUU5YMGVtdXBhWWJsYmZDQ3ktNFV6RUVkV2VNUGVLUnFqd3VUc01tTWxvMnQ2cjV1UjAzaDg5UHJrZWFkTk1ka9IBXEFVX3lxTE5kRUR4MXJnYVNZdUtSamtSajl5X1lQbGY2RHVXa2JneUFwY3VHLV82ZkZRZTVRQ0dvVG0yakVjdlg5bFlDcjVvUGNwci1Sa2JWRGFIX0E1ZmJYX2ZQ?oc=5&hl=en-US&gl=US&ceid=US:en,BBC,-0.7351
"News: Secretary General discusses security issues with world leaders in Munich, 15-Feb.-2020 - NATO - Homepage",2020-02-15 08:00:00,https://news.google.com/rss/articles/CBMiX0FVX3lxTE96NGo0T0FUTm1oYV9JVzRkS3pFdmdINkp2MlV0d1R0Y0FGOTlhSmJ4ZTl3RnRyUm1LN0VCaklGZUNLMHVTZFJ4UnFWUU9va2R6TkVGN0dLZ081Q0U0Z3g4?oc=5&hl=en-US&gl=US&ceid=US:en,NATO - Homepage,0.34
Global Media Accused of Bias in Coverage of Coronavirus - U.S. News & World Report,2020-02-07 08:00:00,https://news.google.com/rss/articles/CBMiygFBVV95cUxOUGFSVmhNYWdId0VkOTMxMU92SXRQS0ZkVUhYTWdmV2ozTnU5NFU1YVJoXzE2dVM0dnIyQ1IyRjR1cHktRzMyMzlPWi1sSWwyeF9NOUZEdjUwejRpM0pHWGFwbWV2MHZVMml0Zy1KSXFzLS1ZZEE2b0E0RHJkUUN4Z1FQelloclNGTXdyRzNCdGFGSThJbGpUbzBwQm1WN244OG1tM2dNZ0IwMm1QUTZNbzhFbnJEaE1FVTIzVVJ3dmkxeGZnM2RIU21n?oc=5&hl=en-US&gl=US&ceid=US:en,U.S. News & World Report,-0.3818
UN health agency warns against coronavirus COVID-19 criminal scams - UN News,2020-02-29 08:00:00,https://news.google.com/rss/articles/CBMiV0FVX3lxTE93clVxOU5aYVhVU3RlNm51dkxEOWtKNko1bDNwMUlLbnoyTlRxcXJXOHNmRGdyRGtiS0Z5bE1ybXo1SU9Vd0R5T19BeGFTanNicnczVm5ZYw?oc=5&hl=en-US&gl=US&ceid=US:en,UN News,-0.8225
E-cigarettes are harmful to health - World Health Organization (WHO),2020-02-05 08:00:00,https://news.google.com/rss/articles/CBMigAFBVV95cUxQZGpqUFEtSVZJXzNLTkItWW9Wa3R5bWYtMnM5R0otNHdXY2xHT2VxQ0FhU1RESDFFU1ZfZDRLTWFmVjl3d1ZsVzNVMllIVW1tR21SS0VfLUN0OUlzdERfY1pCellaR1J1NWhIR0lCTHgyTUc3OEFaUC0yWl9WMk9rUQ?oc=5&hl=en-US&gl=US&ceid=US:en,World Health Organization (WHO),0.0
Containment concreting milestone at Vogtle 3 - World Nuclear News,2020-02-12 08:00:00,https://news.google.com/rss/articles/CBMikgFBVV95cUxPc1ZPYmZoUktKTXo3S25vOVBCQ19pMjcxR1ctVkZWUnJDYVYwSXU4YVNuMDhXQVRNdjVRUXFxTDFSQkhtUk9sN2E2U2p6RUtiZU9MczVMUWw4ZkV4eGw2dWNFWjRmUUlEbDFhRVVGNE9WczBUS0lXQ0hzQ1lMMmhhN3RQSFFWemtxTGxHaU5CTndWQQ?oc=5&hl=en-US&gl=US&ceid=US:en,World Nuclear News,0.0
MSU recognized on U.S. News and World Report's list of top global universities - Montana State University,2020-02-12 08:00:00,https://news.google.com/rss/articles/CBMiSkFVX3lxTE5YWm5UbktfV3RJMkRhaTRVbjdyN0Nfdk9IdVpJdl9rN3NaWEVTRktTUW5FLWZUNXFadWhzLXN5SVFaU3plbGZLN1NB?oc=5&hl=en-US&gl=US&ceid=US:en,Montana State University,0.2023
The global economic impact of the coronavirus outbreak - Harvard Gazette,2020-02-13 08:00:00,https://news.google.com/rss/articles/CBMipAFBVV95cUxPdHk0ZUNvZmpVUFNxRHVJYkRDOUF3LVBTVjZ3Z0xkMWg5c3hhYVU2bVY5bVRSNl9mbkl6d1dnampaTXlUU19sQUt2QVFmX3VHUDg3OWFsUDk4ZUcxWFJJal9qM0dOWEY5alpzVllwWmpIUDJBeVFITl83eTBpMUJBdF9HaHN1ejR6NzhsazhWZlVPUFN1b29ibmJJdEh1RGJ0U0laRQ?oc=5&hl=en-US&gl=US&ceid=US:en,Harvard Gazette,0.0
Internationalisation of higher education is not neutral - University World News,2020-02-08 08:00:00,https://news.google.com/rss/articles/CBMid0FVX3lxTE0zNlVJMmxEWmNqRzlzckFSdWFqdzY2NU5XZi1tZnJIZ0hZbUJVa1VuUlVKcW1hVmRFVmVsTktLQnpBbnlpUXRsTW5OUXptMHhhYVRnNzJFeGtLVXNTT1hFQnU3UXRwek5RWUpaZEtMMnVrRFVRNWZZ?oc=5&hl=en-US&gl=US&ceid=US:en,University World News,0.0
Letter from Africa: 'Why I'm glad I left the UK to go home' - BBC,2020-02-15 08:00:00,https://news.google.com/rss/articles/CBMiWkFVX3lxTE9UVVpxM3Q4TTJ5Vm1OTFEyZnVDTW1XSlZPdHpLLWgwRk9aZ1BvRkJ4bTgtNWI2bmMxeFJyYWZXbHVjU0FRandtRDY5Y3RVbTVtbG92cjJoeHh2UdIBX0FVX3lxTE0wMDBRY3FxUndvZjBSWEZDMzEyWkh6X19CT2N3OTVUeTc4dUI2WWR0cnZqcjJyUzZTWnFVcWVsWk0xMm1TSTQ3c3lrLTNGQVJiWnAwcmxsZmVJNUROV2Fj?oc=5&hl=en-US&gl=US&ceid=US:en,BBC,0.4588
"‘This is a time for facts, not fear,’ says WHO chief as COVID-19 virus spreads - UN News",2020-02-15 08:00:00,https://news.google.com/rss/articles/CBMiV0FVX3lxTE14UmV0UmhjVG9Tc3U4MnZ0cnY5R2tZa3A0UGhUTFhfLUN4cmIwUDNqVk5JeDZWTW9QUXhEWldpMjZVWDlZWDRZNGRRWW9pamJ1THhVZk5LWQ?oc=5&hl=en-US&gl=US&ceid=US:en,UN News,0.0
Orano to start dismantling Georges Besse enrichment plant - World Nuclear News,2020-02-18 08:00:00,https://news.google.com/rss/articles/CBMimgFBVV95cUxPMFZ3OTl5UktXVnZtSmJRekw2Ymx1OGNLbktaVjEwS0I4d3RDLVlRQzFfUGpLSHNycldIamwwX0ZIaGFpRUttV1NCazZNSnFUMlVyeWcwblFFTkxCZE9qZHZ4cGFDOTlUMEEzTXRZSlBUS2h3RUwzbGxVWUJTSng2MDcwQnpabFNqT0tIcEdtWjYtWVBzU0pLMklB?oc=5&hl=en-US&gl=US&ceid=US:en,World Nuclear News,0.0
WHO to accelerate research and innovation for new coronavirus - World Health Organization (WHO),2020-02-06 08:00:00,https://news.google.com/rss/articles/CBMipAFBVV95cUxPWXFLbHNqNE5rYWRGNkpXcmJzY1VKNk5HdnBMdTZZUXRMWktoRWJDU2ZGSlp6SUJrOTlGTjFWUTVsMk05SWdJY000QUdEMmpVSlQtaTEtc2dUbXlObFBIXzl0N2ZaU2hsaGo2cmowbm1uNlNsaVU3U01nSU5EU1dLbDB6Z3JrQm5xc3hCbWhBUmRWLWRnT1BTblU5Z0hkWklHdFd6Xw?oc=5&hl=en-US&gl=US&ceid=US:en,World Health Organization (WHO),0.3818
China shifts from reliance on international publications - University World News,2020-02-25 08:00:00,https://news.google.com/rss/articles/CBMid0FVX3lxTE44bWxHNjNYdlNXZE5qNWRQRW5PTGtfUUdNSUJoYXVqVEJzTTR5cFN2YWZ1ZjFWZWlsamZnREFxWE56dExsUUtReElPZDRjVkRXUVJ3M3FWNWNSbTdCb0dTRUVXTHdYSGlrSHdHeDZpaktXSjZsNHFv?oc=5&hl=en-US&gl=US&ceid=US:en,University World News,0.0
Katherine Johnson: Hidden Figures Nasa mathematician dies at 101 - BBC,2020-02-24 08:00:00,https://news.google.com/rss/articles/CBMiXkFVX3lxTE9XWFZTMDJXUjR6bDV1SnJlczl1SHQ2eDZYYW1yS3F5Zk00THptUzF5M0NyazFpUFRsd0pDZWZfWXQ4cjdCWGU3ZkdnTDJtYUc2VnA3T2JMeHJWUVZndEHSAWNBVV95cUxQVkZKaVFVYmx0Z3M1WlZPTXB5RWNzd0RLUHplbVF5VXF6ZlppQTlpV1hrdUNkZFo0emJfRWhTREwxRFdBR0JoX192NllFQjhMOWZMa005X2hNaEJVb3pvNDdxaGM?oc=5&hl=en-US&gl=US&ceid=US:en,BBC,0.0
Dresden: The World War Two bombing 75 years on - BBC,2020-02-12 08:00:00,https://news.google.com/rss/articles/CBMiWkFVX3lxTFBDUVVScjQ0TXBSdllGZEM2bnRpTVNCd0cxYV91NU9OZHdBa3NkMzNEWk9QeHdrNFNHempMX3hTd0w5b2htS1k5UjMtWDlzZWRzdUl0VTN4SGNUUdIBX0FVX3lxTFBUQ0RFYlZweUw4WW8xNTBzOTMtSGFlTnMyeGx1YnNKSkxZVUhPeUl0aHNKLVZfcV85Tk9fdHlvdGVIX19CWHZzUlo5NVZGSTBBMzlZeU10N1JZWEJtaHk4?oc=5&hl=en-US&gl=US&ceid=US:en,BBC,-0.5994
Afghan conflict: Trump hails deal with Taliban to end 18-year war - BBC,2020-02-29 08:00:00,https://news.google.com/rss/articles/CBMiV0FVX3lxTE9kNEdfY3hyUWYxeTBLTWtqaTUzYXE0Sy1MZFgwQkNYM2l4MUpaQy1KZkJUaHJDbEZnV2hFcnF6NzZobU5hV0VmV25ibm9ObXdTR25sTDJGY9IBXEFVX3lxTFBPd29PcXBOWU5YRlV2Q1lJdUYxUjFPenMxeHd6VEFDNDFCdzU5VDlSM2ZZVEQ4V1BfX2txNHhmNGpVT19RQlRkQXQ3aWRwS2Q5OFRvZkNuei1odXVU?oc=5&hl=en-US&gl=US&ceid=US:en,BBC,-0.7351
Komla Dumor Award 2020: Seeking a rising star of African journalism - BBC,2020-02-23 08:00:00,https://news.google.com/rss/articles/CBMiWkFVX3lxTE5hNVRhemx5YVFwaTlXZ0d4YnVaSUY0aVQ1OGFfMHVvY1VXZFlHT1I2VVd1QW9CQ05WMGM5ck40c3NQRENsclRFUFdGeG1xX2VsUnRXN0Z5SGFyUdIBX0FVX3lxTE92bFlNYml0cnJQWFhuTzZXeWZkaHVzeERXdV91NUFHSHFmaUdKMG4ydi12MTNHVWs4NWROdDNLSHJsczgyenhKV1dxUEl6WDNueU94NVdzTmtvUkpBWkY0?oc=5&hl=en-US&gl=US&ceid=US:en,BBC,0.5423
"China Uighurs: Detained for beards, veils and internet browsing - BBC",2020-02-17 08:00:00,https://news.google.com/rss/articles/CBMiX0FVX3lxTE4tV0lEMkdqWlYtSzRNTWlaRHJsOTBpcEtTU0t4MzROOGV2YmJ1Q2lZQXZjT3FZR3RBcllOZXFxSkRLU3d0SE9oeHlMaGF4SFVmVV9BaDFEX1c1TU9IWXRr0gFkQVVfeXFMT3Q3ZHdVcUxVdGdUeE9wR2hUWWN5X0FrOUpBMGhwU0JjV01pb1RHbEpKWHlNODVmd3JqLWdtc0lnMlZMU092WjJiOEN2dm45R1N2aXJpZ1BVYkktTU9oUXd1bVJYSA?oc=5&hl=en-US&gl=US&ceid=US:en,BBC,-0.4019
'Mad' Mike Hughes dies after crash-landing homemade rocket - BBC,2020-02-23 08:00:00,https://news.google.com/rss/articles/CBMiXkFVX3lxTFBiWE9OV2pSeG1XQ1NlT0ZYN0tkYnZUc1ZwNkZXZnl2aXdpbml5cjcyTk5zcDk3ZFhLSDRwT2h0anVzRUtyeV9WRktJSGZiT0Yyc1otbmRoLXpJYjFMdWc?oc=5&hl=en-US&gl=US&ceid=US:en,BBC,0.0
GE Hitachi submits SMR design for Canadian review - World Nuclear News,2020-02-27 08:00:00,https://news.google.com/rss/articles/CBMijgFBVV95cUxQR3pqX2N6UGVnaWZSdzhuTWZtaHA4SU1Mem03RlBJOTF5YjhCUDJBdk9HNnBVcTRJOGYxM1ppQUFjQ2k3THhuUGoybUZCZloxUUtVSTRTdFUxNnlPU3dTZ0c4dDQxN3A3TVNyTS1mY2NGSGxWdFhiTzg0X2tJYTVfei03VkYwTHpLR1o0clJ3?oc=5&hl=en-US&gl=US&ceid=US:en,World Nuclear News,0.0
Hearing health care is a global priority - National Institutes of Health (NIH) (.gov),2020-02-27 08:00:00,https://news.google.com/rss/articles/CBMiiAFBVV95cUxOSE1weklDWklnU3RtbDBPM0x6LUVtMjN2akkwTWlpU01acDVFbHNwQlNLZ3cwSFl1ZEQxUGhBX3pKOWQzTXIzZ3RwV3REY3J5WUNkcVMzck00ZkdYY09tVFN2TTY2SHF4WnMyWUpEMzZQelFqVzFocXVNMmluNkFKU19mNkN0U0J0?oc=5&hl=en-US&gl=US&ceid=US:en,National Institutes of Health (NIH) (.gov),0.4939
Isn't there a lot of disagreement among climate scientists about global warming? - Climate.gov Home,2020-02-03 08:00:00,https://news.google.com/rss/articles/CBMivwFBVV95cUxNVUM1U0Nfd1V2OVlGcnlCLS1CQ3FmYXVaYjJ0WjE5ZWRJb3JFZVJMNVpYcTN6MTNCdzg0a3JDY2w2V3VHOHByR0ZwMldrX21WdUJWdWFnS3p5ZEhiWDN1dmZZbC1YSXRmcXcwNGFxYl9NQm1kZVF5cTJGZFk5dUxJVVQ5VU52bUdxSXNqemdTRDJSZTFTdDFTUmJ5OU9hQVVENnRzOTRzM2dPVXZNaHY5ZnJwdlNablFNQ3dvT0RSNA?oc=5&hl=en-US&gl=US&ceid=US:en,Climate.gov Home,-0.2263
The changing world of adolescent sexual and reproductive health and rights - World Health Organization (WHO),2020-02-03 08:00:00,https://news.google.com/rss/articles/CBMitgFBVV95cUxNejVGYVV6RmhubGVreWthQWlvNXZKTmFvZHF5bFAwa2ZWOHFwSzhBN1A3bUlJODA3WU5uRlAzanRSSl9lQTg2RWg4Rk5iMnBYNmkyNzEybjhhTFFSZVo4cWNxREpaNDZzekZzUGpFWU0xZ0ZLYWdDNE5OcURzVTVHcGZvUEU4QlFaa2JacjE2XzVodGNvVWtoRXlnR1VZejVldWFtMGhnUHp1REl2WHdvalVfeVNpQQ?oc=5&hl=en-US&gl=US&ceid=US:en,World Health Organization (WHO),0.0
The Connection Between the Environmental Crisis and World Literature - Columbia University,2020-02-20 08:00:00,https://news.google.com/rss/articles/CBMilAFBVV95cUxNdlRlcVU5bXJsbndPdEZUSzdtNTZXVm1ycmNzX0JpY3REWTN4MEtxYmhMaUE1S2tyUkFjWlVEN2JzYkdqMTh4RTQ1RHl5a3BlM2lGS2l3cmpOMjlIUVBnTS1Cam5zWEM3VnlwT0FaYW9PRlJ0cVJqNW01S3dfNzlGRUlLSUNwSTNHeWdmVW16QUhmNFp5?oc=5&hl=en-US&gl=US&ceid=US:en,Columbia University,-0.6249
Crash Landing on You: The defector who brought North-South Korean romance to life - BBC,2020-02-21 08:00:00,https://news.google.com/rss/articles/CBMiV0FVX3lxTE4xX0dKMUEtQ20xelhNQ2ttRkpvbVVoeTZQbm5qU3NXWVRmU3ZhSmU0aHRxS1BJaWFuc3pTb2ZzakE0ODNiellkdXB0T091UmtObjcwNlJCWdIBXEFVX3lxTE15VGx0b3JGdmpxMkZHeXFfeDdkQU1pdlROUzYwRmlMU184NExuTmdDZl92ZkxrcnZLUHh1dUZ2a2ZuZ3AtdS14MVlDa084cGprbTdma3JfaTYzaUo0?oc=5&hl=en-US&gl=US&ceid=US:en,BBC,-0.25
Making Your Mark on Aeternum: Settlements and Governance - newworld.com,2020-02-10 08:00:00,https://news.google.com/rss/articles/CBMioAFBVV95cUxNYW9SczhQXzRiTEJ3QnZGOElVaWdqUmd3MWdOVi1hNVZoVGlkMWREanlneHRPVzBpMlBDRk1vUS1kbnQ0eVpYZFg5Y1ktMWg2Y0Y2RU1SVVl2SEpLZEdacXhLeEh0S2dSNFNQQzkxUmI2T2tteUdydnpyalpBUFNmcWRNUDdqLWhDSGtpS296UzROSnhMcm1HRkUxdWZxMUNO?oc=5&hl=en-US&gl=US&ceid=US:en,newworld.com,0.0
Scenes from ‘The Wonderful World of Chemistry’ - YaleNews,2020-02-11 08:00:00,https://news.google.com/rss/articles/CBMic0FVX3lxTE1yMzBHaTNEbE9xa2VnVmkwN0FWZXgzTWlKemJjSXo2TEdJRlRuMVNnUE5EY1NpZWVfUzJRWEZVYUF6WnpOSzdqNmM3QnJ4T2lyMlNXdjAwRXB0MEVxREtTdDdvQTZ3MkhfaUtydFNPZy1HUzQ?oc=5&hl=en-US&gl=US&ceid=US:en,YaleNews,0.5719
"Larry Tesler: Computer scientist behind cut, copy and paste dies aged 74 - BBC",2020-02-19 08:00:00,https://news.google.com/rss/articles/CBMiXkFVX3lxTFBibHI0enpyX1pkM1lmekU0T2E3c0dlaElHZ1hycEZvN0VjeXkyY3plcFRaMUpmTjhYbTdObndKUGtsU0txTFl3emZIYXdwVGIzaUtpa1o3Y1pMMVM4VXfSAWNBVV95cUxPMGpxODl2QzN0UExFbVJCVEEtcEtCWG9YX09Gb0lXdS05LVhkYXlycWwtNnpXQjdmalhyRTM4dV9rNDFOUnZrRzMtajZ0VFZtMkNGWXlWc19EYTNObTdjOUl1Nk0?oc=5&hl=en-US&gl=US&ceid=US:en,BBC,-0.2732
Oklo wins access to used fuel for Aurora SMR - World Nuclear News,2020-02-20 08:00:00,https://news.google.com/rss/articles/CBMimgFBVV95cUxOLXlNdW5QVEJ1QVFIMVhoWEtxTUpJalk1cnI2OG9mbEItb1huelAwNjVFU0k5SjZnWW1SR3FpQklXRDRZY0Z3ZldFSnBsUFBLckJzYXpPVFFyNUtyVTAyZE9CbjFqQm02WlhYTF83V0Z2cHc2Q0RldlFEdTI2cFdGcTUwT3oyZ1lKa3dYUmVTeldDRU1DWXlJbVFB?oc=5&hl=en-US&gl=US&ceid=US:en,World Nuclear News,0.5719
Out of the lab and into the world - MIT News,2020-02-11 08:00:00,https://news.google.com/rss/articles/CBMidEFVX3lxTFBpTmFERHMxbmtRVnRKZHVkb1hEczZvSUQydkdRMGV3Q3NPcUc4QkFvNVdxdjRkS1dyaFF1bWpMekUzaHVEaXZjVHdESEpIQWhNc1VOek8zWF9VVmV5a3g3YzlROEtiVGVUMDlsbGJjZ2Nrb0RK?oc=5&hl=en-US&gl=US&ceid=US:en,MIT News,0.0
"Lower meat consumption a key to fighting global warming, study says - Loma Linda University",2020-02-10 08:00:00,https://news.google.com/rss/articles/CBMilgFBVV95cUxOTFFqSkFtbTRfTDBaRHQ3VUlZUWlnS3pybWlJQ2RxdnFOR0JmYXZuaVd3cW9IS1d1d3dGVFNaNzFad2wyeXFId3hnT0ZyUVdFcmwzNTZFcGs2bFdfQl9ZUjlRNGVCTERSWHRKZlBhajFBTV9lbTFONUNpWmVpTnJxY0tZallTR0dPbW83TGRzYkYwSTZWUmc?oc=5&hl=en-US&gl=US&ceid=US:en,Loma Linda University,-0.4767
Making Your Mark on Aeternum: Player Housing - newworld.com,2020-02-20 08:00:00,https://news.google.com/rss/articles/CBMikgFBVV95cUxQWUcyUGxHdnQ4LWszT0RQZWVNaXlmNGswRjd2NDFlNGw3TmFJVWR3YzI5VjFfcW5WRTdjclBZMjRXVnBjaVJGb09LX2VKMktDd21hUktFM2JlQnlRbnBlWGtpWDZQZ2s0VU9ldm41bHBpS0xSb29yckV4Q082aGd4UEktUkJZaFNvN2RKTWxsUi1MUQ?oc=5&hl=en-US&gl=US&ceid=US:en,newworld.com,0.0
Orange County Entrepreneurs Share Tales From the Startup World - CSUF News,2020-02-20 08:00:00,https://news.google.com/rss/articles/CBMifkFVX3lxTE9vOFd3Vk1OU0YyRXlVMHcxVGk4dVlibWp2Y0lHVEdOUVAzbG5jckxEVVZIUGFoOGdNTk1Sei1CZzE3NHhEUjJHcnFESy1VemxidE1BX0dHUHNTOGFGOVRhX3FVdFlCTlVUTjYwQUlBd1RwZkxyVmVlNklGMDVUdw?oc=5&hl=en-US&gl=US&ceid=US:en,CSUF News,0.296
WHO outlines steps to save 7 million lives from cancer - World Health Organization (WHO),2020-02-04 08:00:00,https://news.google.com/rss/articles/CBMimwFBVV95cUxPb3NrUTJ5ZDQ4TmpTZGUwc29KRVh0Tmw1XzRPcVh0UWM2VEc5MXdjUk5mRXdseTE1ZEc2bV9TTGtiSDlwQ1E2a0I3ekMydk1QeWpXem1LNnBnRlNNa2NSTl9QSWdLSDdsRzNlanpXUExkdnBHV3ljY2dpSnQ1bXc3M24xdktqenltTkhUVEU3Z290SnJKaEJrdFh6TQ?oc=5&hl=en-US&gl=US&ceid=US:en,World Health Organization (WHO),-0.296
How Africa hopes to gain from the 'new scramble' - BBC,2020-02-23 08:00:00,https://news.google.com/rss/articles/CBMiWkFVX3lxTE1sOTh6dS0xRUx2aEhmWkNwMVZGaDl2eWdNZmNhYzl5aU44dE1udnBuYmdtUXRxbjVDendIWEM0RkFQc0h3Ujk1QS1WaGNRSjNtZjIyTnVRLUpvUdIBX0FVX3lxTE1td2VHVVJFOWo1bzhsM055dUUtNlktMFRjX2w4T3hZZ2NnV3lrU1l1NTd1WllzeUs1bmRTMjMwZGlobWZISGc4a2Ztdnh2R0diamNVR3pXTzRnSUdMZGZv?oc=5&hl=en-US&gl=US&ceid=US:en,BBC,0.7351
Fast-and-loose culture of esports is upending once staid world of chess - NBC News,2020-02-17 08:00:00,https://news.google.com/rss/articles/CBMirAFBVV95cUxPSVhpU09xT3dfZzhLR01LTWczVnB6ZFVEUllOZ2FsenhJRy12dzk3R1o0allKY1hVOTUxTVNTakJuSkFQeWpkMG9rZEgwMnBQWHlZcGtEY1NmcklqamIzVEs0OEtLdEhJSGttMm1yNGpGanlzb1pJN3N3OU5vMDlVZWlvZVBZSl9OZGctUmkzS1BBNGxFZDdyRVJaV2Q2YXVJSW1DdUpxX0JLT0tn0gFXQVVfeXFMUHdkRlJaY0xJRm9BY19haG9fWTdfbmhXQmhuai1JU1VwY0Mtb3E1eXJxQzVPdEU3YjJXOVpGMEhHY1NISkRqTmFLN0FQUlJZbEhHSHpzZGhV?oc=5&hl=en-US&gl=US&ceid=US:en,NBC News,0.0
Native burial sites blown up for US border wall - BBC,2020-02-10 08:00:00,https://news.google.com/rss/articles/CBMiXkFVX3lxTE40TXJwU0w3S3hFU1ZLT1NCb3l4LVdHdTRBRzNxVjVHX1NFVUdZTnpQZkJJSjd1Qmd6eTJaWmFZdFVQVUdDVGRGV211RW55NlJ3eWNSV3JCU05iWUVvWFHSAWNBVV95cUxQLWdjck41LVh5aGZqamhKbkQyc2pLUllobVd0bTVyU1pzSmY0TUtvVmZOLVFsLUpqamZlM2tGTkZiSWN3Z0JWTEFLeEQyajNDQXZWR3VScFllS0xCLXJCT1RKOUU?oc=5&hl=en-US&gl=US&ceid=US:en,BBC,0.0
"Enough of the Bad News, Here’s Where to Find Only Good News - Thrive Global",2020-02-06 08:00:00,https://news.google.com/rss/articles/CBMimAFBVV95cUxQT3F3TVQyRndJT3YwYkNUV05oXzNSRUZwdnQycWNxSlltLXZzaW11emFsY3YtSzVQaUVPdDFlUGl2M1FORTh3RFYwQmYwYjV0ZUpzRGZTZDluU210ZnBJZ3MwTXF5Wm9qTFJGVG9IZTgtWFkyTThtbU5vV0k4X0J1QjJ2bFg3ZzBsQ3YzRXZ1UDUzcTRjWTkzdg?oc=5&hl=en-US&gl=US&ceid=US:en,Thrive Global,-0.1531
‘World News Tonight’ comes back to NYC and another temporary setup - NewscastStudio,2020-02-14 08:00:00,https://news.google.com/rss/articles/CBMijgFBVV95cUxNT0M3Ynp4WFZmOUwyX3FLbEItd0JUaURJTUh5RWUwOFlFZ3BRS1NBbXpfNmpER0IyaGEzZkg0NHpPeDFERTJSVjhVeTBpd1pLVW90NWg4WWhGWmhxbGt3c3JiMnU4SVFXeWNNMGVjaFNCN1l1OEdfR3FEaXZQVFpfc3lOZ09lRWlPd0N5ZEdB?oc=5&hl=en-US&gl=US&ceid=US:en,NewscastStudio,0.0
Swiss machines 'used to spy on governments for decades' - BBC,2020-02-11 08:00:00,https://news.google.com/rss/articles/CBMiWkFVX3lxTE9HQ19jS1BaN0xldl9kQjdmUjItYlM4NWpSWUpSX1dnTFZKQ2RDVmhlMklmZFFoR2c2em9RRzhCZTBKbFVLeko3aTBZeHo4c0NOQmFsZUZjVXJGZ9IBX0FVX3lxTE5kVGN2dGVySkNnVmVOSnhtX0NTQkVnaEdyYjBRLXc2X2t2VDdvWEFXaW16VjBJTEhOT3dRYjAzZnVuOVF4VDlTSXdMLTdyQTc0d0pLYkxWamlOWnhiLTYw?oc=5&hl=en-US&gl=US&ceid=US:en,BBC,0.0
Passport Caravan event opens world of opportunities for students - Indiana University,2020-02-18 08:00:00,https://news.google.com/rss/articles/CBMifkFVX3lxTE04Yl92RXJTVWdsU2FfQlN3MG5udUJqRjJTQVN3OE5PWHJkcWZENC1ZdmVpSVJlSU1GVjZBVkthVmFKR2dpdU5xTHp2bkd3VGdwQTJJZlhHeEtIbTJtWlIybHZzZXJPOXYzcUN2UHZQcnNnWENqbXpFYjV5MXJxQQ?oc=5&hl=en-US&gl=US&ceid=US:en,Indiana University,0.3818
Global research and innovation forum to mobilize international action in response to the novel coronavirus (2019-nCoV) emergency - World Health Organization (WHO),2020-02-11 08:00:00,https://news.google.com/rss/articles/CBMipwJBVV95cUxOSVZESjRGeEJnWDVSY0FUWElnWFJNMHVhU3dta1A3T2hYWVZIcUxINmkzaHoybzJwa1N5blltSnZ6RFVNcFpDZ2Nabk5SbVpGN2lzRG90YWlFU1ZWRXV2OExzaU5TVWx0MjVjSDEtcGpTVHdEa0ZoTERSSlJsOEw5UzlVbXNtOHl4VWxCOUpZYWc0VUJCUllTMVpSaWtHM0JhdXhFczE3OWZuMXM2emhqbTdWTHJQOFdtd04yemliWUt4ZnZQaUpBTDhrakxUMlhZUUpPZTlGeG01eWl0OTNLVzBHYml6aEtPdUZqWGtNSFJTcjd5TjJwMzlTekF6cFAwRWowX24ySnF6dFJ5YlVTbFpScnJMUjJtN3VpYTRITDlmYnJGV3dN?oc=5&hl=en-US&gl=US&ceid=US:en,World Health Organization (WHO),0.3182
I was in despair at world news. Then I started a local campaign group - The Guardian,2020-02-10 08:00:00,https://news.google.com/rss/articles/CBMivgFBVV95cUxNaXlyV25BV184Y2huXzY4R29LLXpVOFc4U2djRXRsbmNOa2xhU08xLV9IT2hyN2s2bTlHQ1VxV3ZoWTlLM09XRmZBbGh6UGY4eTBZQUZCcFNnRnU5Q1R3UGdzYTItOEg2QVlWbG82d3RZTko0Y0wzbUZoZG9mN1FETWt4cDRqcVNDNVZXd0diMERVQk5aSE0yVDlJT0gxUGZIQ09aZURGT09rdER6bTQyRm9EbkdKbFc2amRPX0hR?oc=5&hl=en-US&gl=US&ceid=US:en,The Guardian,-0.3182
U.S. News & World Report recognizes Georgia Southern business programs - Georgia Southern University,2020-02-11 08:00:00,https://news.google.com/rss/articles/CBMitwFBVV95cUxQNE9maTB5T1JuZEpnR003N0VyUzFjZEVHcXZyMFg4ZmNFQUpvek1IOGdRNVFLa2lUbEZKTW9wTFZDZk9IMmxGcWRxY3ItYm42M0hZU2Mxcm9CUXB3amF5dVBBejRWT1FPS3VibWN4bVVXcFMxVjlDM2pab3cyM21fQTk2RWNyeE5pZS1uYU5aRXBGekMxdVhoQUwyOGdxa3F6U2FaTXY5eUZUcE93bGxmVnh4V3VGdW8?oc=5&hl=en-US&gl=US&ceid=US:en,Georgia Southern University,0.0
World failing to provide children with a healthy life and a climate fit for their future: WHO-UNICEF-Lancet - World Health Organization (WHO),2020-02-19 08:00:00,https://news.google.com/rss/articles/CBMi4AFBVV95cUxQRk1lSV80Y01qTEhSaTJ3WXlDNm5wUlZ5dTZsVjhmQVd4RUlCNWJhQVUwYm9sMlE0ZDhaYnVYcGRyS2c2dmpRNzdKV0hnN3hWTFJVcThmR2R5dVVWLTVMS3ZkS2ZZVFZwNDFUSGtYVXRsVWt2VXlVZkJLa08zX3AtUGs1VnVaTjNSa3FhclNYN215aG1PNDFHa1BVVDRmV0RDMFhmN2FfUkNpR1V5UzFQODBVNkdCdDdkX3Q3RTFXTm00cXk3N0p3dDBNQ0otVFVfN3MyZXpxcHJqc3ZleHJYbA?oc=5&hl=en-US&gl=US&ceid=US:en,World Health Organization (WHO),0.2263
MIT Solve announces 2020 global challenges - MIT News,2020-02-25 08:00:00,https://news.google.com/rss/articles/CBMifkFVX3lxTE1YZWd2SEloZGxnTEJnNWh4QkFUdUh5ZEZ5WnlpMHBfSG9iY3Y2SmhQV2FkcW12LUNLVVk2RjhjZHNsY2pLLWNSZEh5dmY2aEFKbWNnaGtFbVcxX19nOGVzbFBmOWpBczc2THE5WmpxOUxLSTZVWEQ2eFFoaGM1QQ?oc=5&hl=en-US&gl=US&ceid=US:en,MIT News,0.2732
Pangolin news roundup on World Pangolin Day - UNEP - UN Environment Programme,2020-02-13 08:00:00,https://news.google.com/rss/articles/CBMijAFBVV95cUxQd21hWFJjT3FESC1DRWJhTjFGSkU1dEZTWW9Ld1gxZWZDZy1BODlRZU9ZVER0Z0JieFRSSGJXc0otUERpcVV6RnJNa0MyeDFXcFhIZHJfOUk5MUE1ekdjelA4UGxlcTA5VjhVWnpCZlcyTlRzVkpCZk9kbkRuVm50a1NxcS1JN1ZGcEw0aQ?oc=5&hl=en-US&gl=US&ceid=US:en,UNEP - UN Environment Programme,0.0
Norway taps overseas expertise for waste disposal - World Nuclear News,2020-02-10 08:00:00,https://news.google.com/rss/articles/CBMimAFBVV95cUxNSG1lQmxNdVdGTFpjNGl3ZUI4UkZFTUhaYksyTjc5MkV6R2NyZWJSSkRiYTRWWGRmVFFOQThmWDc2UTJTVjhoQ1N3Ym9QdVdIYUNtcExXUmN4anY4Qk9BUHZFaExLdkVzcmJzSUdyeW1HamlwNTlXdC1wMnVmbmRaM054NXV5RkJ5UWJ1Y2NKbUM2OXR5YjFGXw?oc=5&hl=en-US&gl=US&ceid=US:en,World Nuclear News,-0.4215
Three die in dry-ice incident at Moscow pool party - BBC,2020-02-29 08:00:00,https://news.google.com/rss/articles/CBMiWkFVX3lxTFBZVnQ1TkdxaUd3NjQwRUkzTDB3UEZiWkJKUUJkRmp4MFkyY3NtWFI1bEJJZWpRNGdFMEVUZGUtaGlMWm5VNDE0b0d6OHhfRXR0MzBOaUdHLWp0UdIBX0FVX3lxTFB0SHA5am9NYnRENEs5RjZDTHhkTy1fRVV4OVROd2QwY3Y2QVUwZVR3VXNvME80bEljWlBReE9KY0FNWDRCXzE1Qlc2Ui16N2ZBd1Y2cklVcXdvcUM2amNV?oc=5&hl=en-US&gl=US&ceid=US:en,BBC,-0.296
A road map for artificial intelligence policy - MIT News,2020-02-20 08:00:00,https://news.google.com/rss/articles/CBMigwFBVV95cUxNWlpYdU9Tc1ZjQlgzQlBtcjZzMF95cW1kRml3MjV5dW1HVFd1ZHkxazMxWWtwN1drZkl0R3pUelV5SzZycHFJSmNyUkR6aHNRbW5ZMkVRVlo3NFRQeTZGcG1EVTY1cjhJaWdZeXd1TU1MZEI1V3lDTDFrMW4tdWdIUF96OA?oc=5&hl=en-US&gl=US&ceid=US:en,MIT News,0.4767
World’s largest platform for air quality data launched at Tenth World Urban Forum - UNEP - UN Environment Programme,2020-02-10 08:00:00,https://news.google.com/rss/articles/CBMiuwFBVV95cUxPdUlMRjNsamExTnZ0blZnMjQzQ1VsMXNBWFpKNlV2ZUktcHJOSE95R3RPd29vbWpabGRzNHdpWmQ3cVprVWFlT0pPdy1QYUQ0RjJCYkdSM0RWS3ZEb2g1OVVGblNWeUwzWjEyblotNkU3elgyVEt1OTRaS0VSRDJra1pfVkhtS3ZPVURtNnoyREY0S0NWbFhSdDVROXF5dXFta3o5Y0t4SUNZVnN1QVpWRTVGa19hbmpFU21Z?oc=5&hl=en-US&gl=US&ceid=US:en,UNEP - UN Environment Programme,0.128
Coronavirus disease named Covid-19 - BBC,2020-02-11 08:00:00,https://news.google.com/rss/articles/CBMiX0FVX3lxTE9aUzFhZm5TSFJqdDl6WkJqTW52WHd6VjdHbXdVT2pJellyWndGenlTUUJDYnN1V19zWUZqa2J2cmtlcllWSUt2bDFsYndLMW5LQTNmQkRnQXlGSTM4NEdN0gFkQVVfeXFMTXY1R0FWTEV5dlVoQ1RDSm9ITjRlQXl0azE0WmtEc2ZjUWpockp4ZF9YR0Vya1BiN3BwMnZ1R0xDaXh0QlVGUllVUGxKYU5BeFhvbFhFdGxVTEFOSnB1ZnJxMVNIMA?oc=5&hl=en-US&gl=US&ceid=US:en,BBC,0.0
El Salvador parliament denounces president's 'attempted coup' - BBC,2020-02-11 08:00:00,https://news.google.com/rss/articles/CBMiY0FVX3lxTFB1Q0FmV1JPYzZuWV9HdHRXd2czdU5jczFVNjZvRnBTTldGZkFyYU91SEpSRTVtMk1sR05kWnRNT245YXNVMVRUYnNPUXhWTjFlWnpJS19YV3hFaG1ldW51QzJTSdIBaEFVX3lxTE85QmdGc2pRVVBNX25waDNVNXprX3pCakFKenZxMkNmUnNFM0JxYjhYemJFcU1ZNXBJM2pzZUhmTmlMY0F0bm1HUUYzOWRqbzdYbkZjY0dDS0pTb3BtZVFyZ0Fra0ExSHZh?oc=5&hl=en-US&gl=US&ceid=US:en,BBC,-0.4404
Here's the Johns Hopkins study President Trump referenced in his coronavirus news conference - Johns Hopkins University,2020-02-27 08:00:00,https://news.google.com/rss/articles/CBMirwFBVV95cUxPd3dOaXl3aXE1Z0sxeUpOTGwzczFGMHFrT250RU5XOFFQWVRTWGpGRXhrTnpxcE5WczhZaC12Sm5jeVVCdjVwTUhuQmxzbUJnMWp2UHc2eXpxTjZWc0cyUXZsYnh0cDcyMWN0aXY5cWg1amJacVp4Ym10b3p6WXFRVU9GWGxFVVdpQ2lNU0hvckxYZ3ZPeGlwOHVzSVZmU3VLVDJkNnhDaE40UmxMSUpv?oc=5&hl=en-US&gl=US&ceid=US:en,Johns Hopkins University,0.0
"""Most Productive"" Car Factory In World Falls Quiet. Reason: Coronavirus - NDTV",2020-02-07 08:00:00,https://news.google.com/rss/articles/CBMirAFBVV95cUxPWVNWWEdYTl82NVhYaVBMRnJDejFYY1h1WTV1WTZMUUxlbFlxbVZoTE1UWE9Ea1QtZzJPQlpDR0NHZTBpWnFPOG50LUp6MG1kZUY5VEJLZUlmVmNqMExXRkRaczhYZUo3c1VpTklTV25ucTlfRURyanY3aW9IUFlybEVzaUQxUkZoNndleUpObHp5bWxkSVhhY3Zsalk0Q0tSMGp3SzZ4dHl1Y3lZ?oc=5&hl=en-US&gl=US&ceid=US:en,NDTV,0.0
Infections climb in South Korea as world fights virus - PBS,2020-02-22 08:00:00,https://news.google.com/rss/articles/CBMikwFBVV95cUxNNFo0UElnQkhyRXh1TWFSTTNueEE3M1k4V0dqc2F0Y2ZaVm8zWkpfZmJldzVCcWk4MHhsaUN5TjQ4RjI5c1hubHJPc0dDOEx5ejJ6RmZVcFRwbW5mcnpoWmxoODRkZ0lBQ2FvSVZDaF9jcWlPSXI1ZUEzdnBLclFxOU03M1lGYXpaaWd5c3lIN293Qms?oc=5&hl=en-US&gl=US&ceid=US:en,PBS,-0.4019
Facebook expresses 'deep concern' after Singapore orders page block - BBC,2020-02-19 08:00:00,https://news.google.com/rss/articles/CBMiV0FVX3lxTE1hc0lQZ1h4R0pnSE1HZjV2VXBOUkQ0QWl6bkZ4UDZiY21kY0dudDlmNC0xMXVBTFNpMWNPYldVamtrTE1rd3JobzNTX1NEc000U1FNYUdLSdIBXEFVX3lxTE1iUFI0d1l0MUhtaVBUYmhkMXV3d0ZhM0J4TnFVZXVVTGtMdC1ZZWE3OFp0ZjBxNzZDYUh3dWNMM1pnbW5ucFlQSmZrNVRYZkhmNHJsdnhOZHdHd0hm?oc=5&hl=en-US&gl=US&ceid=US:en,BBC,-0.4404
Omar al-Bashir: Sudan agrees ex-president must face ICC - BBC,2020-02-11 08:00:00,https://news.google.com/rss/articles/CBMiWkFVX3lxTE5ZWllQcU41bllsXzFyX2lWcnZla0pWTzB6Mkt6akxTVV9NdEFnQmN5bzZZN2ZrOXp4OE82c0c5bHExSmJIQUlOR04wdVJNUTIxakV6aFhWTlItQdIBX0FVX3lxTE1YcS1NTFM5STJmZEJYSUJLaHNCUmNkSVgwSVRzalBxWDYyOG9hMWlsR2htLVlsY0tXMFRKYnJkVGNNTENrWmp2YjM1STc1UjNfNG1wZ0U4cjRFZkhGd2pz?oc=5&hl=en-US&gl=US&ceid=US:en,BBC,0.2023
March to Battle: Factions - newworld.com,2020-02-27 08:00:00,https://news.google.com/rss/articles/CBMieEFVX3lxTE5DcmpEejFmdWwwMU40blZjME9pOGJYTXRaOGh0WHh3a0lQaHUydFZvem51dllXRUFvc1dBSWdaVHNvV01rMnhlZmZRcXNCNTQwZW5kNTlMOUFjTVRvbTkwaTJPUE1yZVJNTll2cFlZV2pDd2s0azU0WA?oc=5&hl=en-US&gl=US&ceid=US:en,newworld.com,-0.3818
What does Trump's new Denaturalisation Section do? - BBC,2020-02-28 08:00:00,https://news.google.com/rss/articles/CBMiXkFVX3lxTE5Sc0gwUkxoa25fMGI0b3NUS0kzQmc5YngzaTExd2FwZGdBQWFUekhiZ2s4UUdjVU5MYWNHcDB3am80T0tnUmpZWm5qQkRyRVQ3bUJ2T1JzUnd4NTZ0Z2fSAWNBVV95cUxPQnQxeGdQaVBYTUZ6WGdLNnQ1S0ZjUEMzYXN3ZHNMVDZaYktMd0NZOW5WckpyWWZ6MFJ2X2hWN0ZrMjAwXzY0UkhjVWQ3d0gycTdDeXVUYVJuTjJlY3VuNEUyZ2M?oc=5&hl=en-US&gl=US&ceid=US:en,BBC,0.0
News - World War II Veteran Finds Final Resting Place at USS Utah Memorial - DVIDS,2020-02-11 08:00:00,https://news.google.com/rss/articles/CBMiowFBVV95cUxNNDZzZjM4ZXIzV0kzLVJwSzVPQ0xrUlZ0U1NwN1UwNmFvNHRxNGJ5V0VKWGFmMkFxNndEVGxxMUFZa0JrYTdEeVN3STBZZmVvRFplLXZxeFNNOG1JODZiLVdna0lBSXl0NUg3OHhPN3pwY2ctcjFmTWxoZkMxZTZpVC1nTzBuUnY1b0FpYzZvSVhkTnJBRGpmTmw3bEtNVkkxZEt3?oc=5&hl=en-US&gl=US&ceid=US:en,DVIDS,-0.5994
"Biogen and Sangamo Announce Global Collaboration to Develop Gene Regulation Therapies for Alzheimer’s, Parkinson’s, Neuromuscular, and Other Neurological Diseases - Biogen",2020-02-27 08:00:00,https://news.google.com/rss/articles/CBMiwwFBVV95cUxPOFlKNHNPaE9IVnZrWVU1TXQ5ZnJCTnF3OUVlVjRXeV81UDdXR3F1aWx2RHdwR1A0cW5FSzZOdnhJRjdHQ2tXVXlrY1R1TThneUI0SjJhVHFnMjJHRUZxM3F6d0dPMmRQT2lleTEzSlZRTXpmOUc0aUtSNlNwb20zVi1GczZ3UmRaWkI4UzVUU2hscVRKRU9lQ19hVmpQVDZCMngyanFQVGw2eDk4U2tkU21rRlFxdzMycVMySFZQcTlWbGM?oc=5&hl=en-US&gl=US&ceid=US:en,Biogen,0.0
Coronavirus: Much of 'the world's factory' still shut - BBC,2020-02-09 08:00:00,https://news.google.com/rss/articles/CBMiVEFVX3lxTE5jcVdJRVlUZjNoVGluNzh3UzFHVDE2RzEwQkU1ZmlfOUdCRXZVYWY5OEVsbV9PRUlqSjI3LWhJV1IxSTVuSjkzTnVFNDNaNGU0TGhHN9IBWkFVX3lxTE9JOU1fcEFIVmxBRzlZRWNGUVRGNnltSGhTZTF2MF9reTlXV2ZRMjB4Zk91RFMydGt5RVJUOXNzeFlYRmVhM1J1RGQwZVlZc09MSW4tdHZ2R2dpUQ?oc=5&hl=en-US&gl=US&ceid=US:en,BBC,0.0
ISS World hack leaves thousands of employees offline - BBC,2020-02-20 08:00:00,https://news.google.com/rss/articles/CBMiV0FVX3lxTE1Sb2hoNmlISE5Pa05oU2dTS3F2ZjlHS2ltdlQ3VnI5RlFRZnhNVDYwYVpnNlBjMTkxRVhmNmFMdEdnQk1CaDVIcElCUVE1cVQ0VjNwbW45a9IBXEFVX3lxTFAzTUpjOTdGNjc2NEczb05PaHc5TVJGZkRKaWV2ZVNEWXdPRDhfa0cxNDNMSDNLcWNETGtNaHlabHNSdHZlOWR1N2g3YVF1bFJQQ2I4TEV4R0JKYU1C?oc=5&hl=en-US&gl=US&ceid=US:en,BBC,-0.128
"BP sets ambition for net zero by 2050, fundamentally changing organisation to deliver | News and insights | Home - BP",2020-02-12 08:00:00,https://news.google.com/rss/articles/CBMivgFBVV95cUxNemV4ZURCc2t0M3B0S1NtbTVyWUJEbUU0QVlWdGNtOV9wMmJGVjVlMEFKbVBUaVRmUzFwN1kzUmcxN01yUjVtUm9fSG5QVjJpN2g3S1ZhZTJLY2psR1czcnZfN0lJUUpKV0NPV3V2T2NvN0NKSl9iZXZIOGh1cUkzdTR3bERDcGl6VkZoM0lYaWc5VVBlUlZla0V0Tk1XazFJOTBFX2I5U3pKcUZya21GSUE4WEJXb1VDVWRjeE93?oc=5&hl=en-US&gl=US&ceid=US:en,BP,0.0
Coronavirus: Largest study suggests elderly and sick are most at risk - BBC,2020-02-18 08:00:00,https://news.google.com/rss/articles/CBMiX0FVX3lxTE5SUl9BRXhKZ1JPTVgxby10M3ZpTzJXRFlCbzB3MldHb1JVSHNhZlJya0JYZnhaNUd1aVBuNlQ0bEtTUzVINUJKV1p0WmRaeGg3MG5wdVJFWEdOTHJtbm1J0gFkQVVfeXFMUGprTG1Cd2Q2S3FDSVhLcnNNQ0J0T1UwTGNLQU9iS3lwRlV3YnV3RFRINTFISzJtOTA0YjcwYTFtUmJwdlktdU9Cc0VEdFB6WUtWTWhRRmZJeDhJR0ZXVEd6b2ZicQ?oc=5&hl=en-US&gl=US&ceid=US:en,BBC,-0.6887
The highs and lows of expectation in the real world - University of Miami News,2020-02-04 08:00:00,https://news.google.com/rss/articles/CBMif0FVX3lxTE1qLXNXcExoakJIeW9tRkdzSnh0RGRJemJiWnJGMGxwYVBfaEJTZlF2VFJTMU96NUl0SVhrSUN6VUxUeHl1OTZweVlQSGJaSTRVWHRFM0dxckVqSGVGcEtVblhtRy1GU3Q5Rlk4WnJtaGFMbmFacjNoRndadDFnMlU?oc=5&hl=en-US&gl=US&ceid=US:en,University of Miami News,-0.2023
Female Genital Mutilation Hurts Women and Economies - World Health Organization (WHO),2020-02-06 08:00:00,https://news.google.com/rss/articles/CBMilwFBVV95cUxPWGZtdy10NEt4T05DZFJRTE56MWxqT1dkaU9OS243c21RYUkwNk5VWXRLaUphRmlPSjctNDh1cEw5Z0w3TkdnZVBqWXNOMVBMNEhRWGlpbHZZZjVVWDdBWDM2NFAwS2dwRDZZc3ZIYl9ZMTRjNEhSS3IyUDhYZ01nSndVNldHRU15eVlCel80bzFoNlAxUzdF?oc=5&hl=en-US&gl=US&ceid=US:en,World Health Organization (WHO),-0.4767
Thailand shooting: Soldier who killed 26 in Korat shot dead - BBC,2020-02-08 08:00:00,https://news.google.com/rss/articles/CBMiV0FVX3lxTFBLYVRhcUdCc1Q0Wm1UWl9MaUN1WEVrSlhZWHd4MXRkVGJnc2JlTXRxdW9sTHN2V3FyaWJGVWdOaVl2eWZad3ZRTnFiUjFpdFNWMF81ZlpwSdIBXEFVX3lxTE0yd1ljQk8xMmxKLXpwRmJweXhOejA1bC1HNUFncGFXWlJESktYLXdDQ0ZsejJDRk9yaG52TW9KekZ3Q0JGRm80WTM4cWVJTlpBQXlhY0tyRDRyUmFB?oc=5&hl=en-US&gl=US&ceid=US:en,BBC,-0.8689
Sweco wins contract for Forsmark disposal facility design - World Nuclear News,2020-02-07 08:00:00,https://news.google.com/rss/articles/CBMimAFBVV95cUxPLTVSVUpJSTRGSjdSX1c4NXA4XzF5OG9XNGI2LS1WOWstZGdlQVFxYWVoNWkwR1VQZ1hUQ18xcjZBWDR4bkVzWm9VYlR1VFBoY0Zhd0NPQ3dpRExIYW9xc1lYVS1UWGQ0TzdTdzhiQjVTNlZaeHJTVnFLbGc3RUpDTXlEYjBXUDdjdldBblR4U1Bob0hWYTExOA?oc=5&hl=en-US&gl=US&ceid=US:en,World Nuclear News,0.5719
"To eliminate cervical cancer in the next 100 years, implementing an effective strategy is critical - World Health Organization (WHO)",2020-02-04 08:00:00,https://news.google.com/rss/articles/CBMilgFBVV95cUxQWGROQlhxVDU2Uy04MHNDdFF1N0JhNV9XRk5EYVJlN01qZ1I0UEJvOXk4TzJkejBXUldGVmR2Y01nRFRMdVVxenZtUG9ucW1NdFBpOExLWUdJRmdTN01oVndxRm1Na2otbnZjNEFqeDMwWTFRX19yVURDSVYxNFkwb0dQUUJIT0tTbmsyRjFVS1FwSE5uWVE?oc=5&hl=en-US&gl=US&ceid=US:en,World Health Organization (WHO),-0.5574
How novel coronavirus could change the map on global manufacturing - PBS,2020-02-24 08:00:00,https://news.google.com/rss/articles/CBMivwFBVV95cUxQai1Wd0ZWN3pYNTluMy14aHBjLTRDYUtyZW14S0ZNNG5UZEw1VFZDeFllWGctTjE4VVhBUDFQMFQ4RjNsck5uV3phWnZPYTJJOTlGUTNzR2NuQ1M2T0YzeFhyakJCZHF4UnVvQ01fVFgyeUxtaG5EaGFkbWJVSDM2SkhnakVfdDVjQWw5Qnd3RFo1MGRqaHhKOVNldWpja1Q0ZHJKWDdMWDcxRWZzc0ZjLWw5R2FZeVJtQU5tWTU0UQ?oc=5&hl=en-US&gl=US&ceid=US:en,PBS,0.3182
Gui Minhai: Hong Kong bookseller gets 10 years jail - BBC,2020-02-25 08:00:00,https://news.google.com/rss/articles/CBMiX0FVX3lxTE5WUENOcURqejM4NTdwdXZtRVFyUWtQWkRQUV94MmpxY29PYTJGaXQzY2VXQnBZNlR1OU96NXZzUS1KRHRWZ1U2b1ZDbmp4anZRTFpyNFlCMENDRjNidDZv0gFkQVVfeXFMTklYaFJneEtnMXpGQ01pa00zWGJuWUU3RmhfVlBHRGM5Um41dFJxY3E1QlRKYTVXUjNTd3Q1eVQ4V0c0OWNJU21Xc2RRRUFiY3FMWlV3TzI5b2hFNW54UTMwU01mRQ?oc=5&hl=en-US&gl=US&ceid=US:en,BBC,0.0
‘A world of hurt': 39 states to investigate Juul’s marketing - AP News,2020-02-25 08:00:00,https://news.google.com/rss/articles/CBMia0FVX3lxTE1OaURSRTFnaGh5b2UwMWhIZVFqaE5KSTR5dm83ZFJFUEdIOERxSFRpM1NUVl9GcFdTU1c1UmsycEJrM2RvRC1zaTRFZHR0aVQ0NGpjdGk4MDVXRENqME56Vkltd2s1Q0RBWFZR?oc=5&hl=en-US&gl=US&ceid=US:en,AP News,0.0
Coronavirus: Ukraine protesters attack buses carrying China evacuees - BBC,2020-02-21 08:00:00,https://news.google.com/rss/articles/CBMiWkFVX3lxTFBDU1dsZEdCUVhobEpKNzRvZlA1RUVURzdCNW1WamZSa1lJZTBwWUEyaTdaeWxpVElWTkVhdkl4cm94N0RZbFpWb2FYSHZVeFRnUUVDWExlQUlDUdIBX0FVX3lxTE9xZjJYeC1fbEgtTlRraEtfUUJrdWZPMzlMM0FadWN1dmhjZ3BFUzdaTXFrWHI0MWhRNGNsazlaOTNpUUxwLVV3TFlWZ3N1SHRUcGpQSnBxT0NIYXFmOXVZ?oc=5&hl=en-US&gl=US&ceid=US:en,BBC,-0.6124
Coronavirus Wuhan diary: 'He got a hospital bed three hours before he died' - BBC,2020-02-13 08:00:00,https://news.google.com/rss/articles/CBMiX0FVX3lxTE5LYnF3RFV2NTh5cHVzM2RVaXJXaDBBNWIyUGFtNFFhRDVUUGJMclFXRGo0NUZNZDhvSkc5ZFl6NzE3Mm1mQUhDb3JRX081RkxGUlBBUzh2RzlQdGFVTGhF0gFkQVVfeXFMTzQ4NjlFa3F6cE1hNU9nT3pzeWV5NUpjN1BsMmhuVlpoQnRIY2ZwMzM2OFpubldMZXlFSzFnODZWcDRXRng1MFZhdFFmVUlMZkZpODBicjhqcHdXYVVfTUZHOFZZbA?oc=5&hl=en-US&gl=US&ceid=US:en,BBC,-0.5574
"Japan reports first COVID-19 death to take global total to 1,710 - Sky News",2020-02-14 08:00:00,https://news.google.com/rss/articles/CBMimAFBVV95cUxQU0tnN3MyRjJhd2hzUzNFMlF5NGI3aXQzYmVPa3VuUjVINVY3UWxVSzVpc29Qc0dxS3hmcFlfVEEzNEZBZUVpQWZ4dkZMVG1tcTNvVXBuZldKaGFWc3J2dkxOTUhwbng2cHZQaWliNmU2R1JkQUdkcWR5cnRUM3hlM0pVMUJleFNVYWhaZGthZkg2WFdHOWhNNQ?oc=5&hl=en-US&gl=US&ceid=US:en,Sky News,-0.5994
"One in three Venezuelans not getting enough to eat, UN finds - The Guardian",2020-02-24 08:00:00,https://news.google.com/rss/articles/CBMinwFBVV95cUxQVmVWYmltZXFKOFpldGk2NHZ4VmxkV01FMU00N2VRQUUxNzA2QzVSRlY0b1FUb1VZQW0wOE5pUnJVdGZoVW5jek5taVNpcTlhc2hrZFZydjNCekN0ekFNejZCS0h0ZEdGUkUtdzAyQUE2Sl9ldGJSREh6NU1ZRnlwVDNTWnZQT2FVa1pLTG1HcnBZYkhXYXBJOTR6cnBIWTg?oc=5&hl=en-US&gl=US&ceid=US:en,The Guardian,0.0
Could we live in a world without rules? - BBC,2020-02-21 08:00:00,https://news.google.com/rss/articles/CBMiigFBVV95cUxNdkp0Q3lqN2xEYnJabkJwbFJGUFIxUnkxem9QbXBsUVB0cm80RE9qRGY2cG9IV3psNVpKSmlmSDFnYVRPRGVqeml0dkhyX0VaVGFib0FxVGNVRjh6aDVmZ29CbXhCaDlZaE9sNXl1NWM1ZmFRR2YxME5VVmFWWmw3UG4tWVMwRHlzd1E?oc=5&hl=en-US&gl=US&ceid=US:en,BBC,0.0
Coronavirus: Why have two reporters in Wuhan disappeared? - BBC,2020-02-13 08:00:00,https://news.google.com/rss/articles/CBMiX0FVX3lxTFBxeVBkaEN4YUFVbW55UmMwMUR6QU9KYktuNFhLam9FSXZVYmw3SjUyQUNFWklId2gtc2pkRFlUUGYxVmpHU3NzbGRqUWloNGQtUWtlQjc2Z21mMTVWTmJv0gFkQVVfeXFMUElMNHNjSVdYajQteDVnX3NLQzZCVVVlSEJHX0xwV2hpNVl6NVoxQXR5QzZ4ZFdIOVFHaFc3Z2FpSFZZM3MyRmtlVVQyYVR5LXpQMDJyaG9TaEZOdTN5bXowd0ZnZQ?oc=5&hl=en-US&gl=US&ceid=US:en,BBC,-0.2263
Jeff Bezos: World's richest man pledges $10bn to fight climate change - BBC,2020-02-17 08:00:00,https://news.google.com/rss/articles/CBMiVEFVX3lxTE9vY2NjcFI3bm50bnc5bC02em5aNWN5YVo4OVNTMXlOaE1qX2JCNkQ5MmNnTWxjNVc0ZVFOTjNnWlpsek9lTnFvLUF2U3U3ZUNvSlRmVdIBWkFVX3lxTE1hdnBwbE9DLXB6ejZUNFNOVzA2aUFJOTdtN0NMODhOcG92OHNEV1ZhYzN5Rk5GYURVTjFNQW1uQ3I3dlNlVGtfZTNqN0QwV3VYNlVQOGs1MDNJZw?oc=5&hl=en-US&gl=US&ceid=US:en,BBC,0.2023
Swiss Crypto AG spying scandal shakes reputation for neutrality - BBC,2020-02-15 08:00:00,https://news.google.com/rss/articles/CBMiWkFVX3lxTE16S29XMVlHcU5wUU1LZ3dPOHVuSDNiTW8xU1Vua21zVzF4d2hYZWRrQjB2VHpNX2hXM0ZPc2dtdGhlM1BDeEE3eUNmY2VLXzNrTHR4NWZOb0ZDUdIBX0FVX3lxTE5XUkZTeTBEelBZMmJ0d0tCOFNScGF6RnhEOGJXdEFmT2NPODdEdWRWOUpGVnV6UnlyVkVTaHNKX0otN0loOHU5V20ybDB6RXBYbDVHMW5zWm5WcFp4RnJ3?oc=5&hl=en-US&gl=US&ceid=US:en,BBC,-0.4404
Parasite: What the Oscar win means for Korean cinema - BBC,2020-02-10 08:00:00,https://news.google.com/rss/articles/CBMiV0FVX3lxTFBsT0dJVGNLQ2NNanBHZ0F0RXFQZTRXLUFsZXNLVVY1M25IdThURGRrbG41UVdCR2wyUWUzVHMyNUFOT0tOQklNbjV6U1pMaDBEdWMxVVpSb9IBXEFVX3lxTE9nc1pxVTk2Q1NKZllIRFpaVW53M25zbUVfNEtZd3dYajdXOW5Cc2stVTZiWjNUYk9LOTNoRkF5XzlsZmxDUlNkLU5vMk9xMThLTkl2ajJBOVdCdk1i?oc=5&hl=en-US&gl=US&ceid=US:en,BBC,0.5859
America Has Gotten Much Fatter in the Past Two Decades - U.S. News & World Report,2020-02-27 08:00:00,https://news.google.com/rss/articles/CBMipwFBVV95cUxPaTZiZF9jQ1cyWjRfYlZTT01XMWJ6ek5EMTdMUDZ3ZVZKWnZ3b3RfS0pqRlltbU5KWU9ENFdrbDd3TkJ4ZGZCNkY2LXIzeEJqY0tvV1dJR2dZRTkyMkkxSVEtMG5oanRJMFZOVlVkVE9sUVRFLXJUV21DN0FGMU16Z0RiOWI4aWxDajFTOEJNRDlpT2MzNXNpRV9Rby15bWxILVREX0d0bw?oc=5&hl=en-US&gl=US&ceid=US:en,U.S. News & World Report,0.0
Devoted to discovery: seven women scientists who have shaped our world - UN Women,2020-02-07 08:00:00,https://news.google.com/rss/articles/CBMipAFBVV95cUxQUmlITmJ6VFY1X0lmdldPaU5fNC0zaVU1MzFSUU9XMjhocXBnUkxsbUJ5T1huMGtwVVR2Vjl5VktkQms2VEhiaThuTFF6OGl6Y0I2bGRkZ084TUdIenlrVDhaaWNPUGVRTGM5d2UzWU9KbFBjRUgwdkNRSlllUm9PUTZJbFhCb3lta0NCc1VMbm9vTUwzb1pYV3p2T2E0eGxmTE5USw?oc=5&hl=en-US&gl=US&ceid=US:en,UN Women,0.4019
Coronavirus:10 days of hospital building in 60 seconds - BBC,2020-02-02 08:00:00,https://news.google.com/rss/articles/CBMiY0FVX3lxTFBKeDlwWk9tbWdTcDJDV3MybUJxdUVicmp5emh5eDV4N0Jxd1BVU1VqQzdfOWdLWlRNYTAteHRCQmc3ajlHV3BzczY3VXhZYUdGcHUtS3JyR0h1TWpqa2JTbHRhcw?oc=5&hl=en-US&gl=US&ceid=US:en,BBC,0.0
Taliban-US agreement: How the world reacted - Al Jazeera,2020-02-29 08:00:00,https://news.google.com/rss/articles/CBMiiwFBVV95cUxOY3BXVS1GekFCVE9NRVlFSFQtcU9KRWg4S1VsaFdjc0laWlBObGtXMXBSYWR6OVZaXzhIVGFhZ0E4X0ZSQ2VPd0duMnJnbkx5Q0NsakJkdGxmMWNFWEJVZDgzd2FpZG5rOVFKYUg1Q1plSjRmVFpWS2tranV6UWZzVDlkdnl6Q0dKQXBZ0gGQAUFVX3lxTE9oOUJQR0NlbUpUcnlOQkNHYkF3RERSejdRRjFvbXpCcDZ2SlhfZ2g2T3J5cVdvWnFHT1lfemFwM1Y4VlNJX1l1ZzNXMkFodU5oSDl6MXVPWmR1ZWFjTGpWX2xMRVFEQlZRMEt3cEtVc0x6X0NUX0lSZG1XYUxpM1p5dmp3b2tTTmpUZVpUVmdTbg?oc=5&hl=en-US&gl=US&ceid=US:en,Al Jazeera,0.4939
Coronavirus: Beijing orders 14-day quarantine for returnees - BBC,2020-02-14 08:00:00,https://news.google.com/rss/articles/CBMiX0FVX3lxTE5KR2dpMWNVcW50NmxtbVNURElYQ01oMnl3UkRxZC1DSWhJSzhtMzhfaHl2N2tJM2N6U2p2WDR2VFl4TTZuQTQ4OGloajlaNlNxMWVIamtPdmduQjNOalVV0gFkQVVfeXFMUFAxT2p0UW1GTUwzenZNenlGR2JZbVNDdUhVYVJtMHpFUG9GeEd3b09vc2szS3dUaEZPR3FKMDBxWWFnMmJvYTEtOEtZLWx3ZFZmdDM3dFNxdXdrcURQWUF6eHpLcg?oc=5&hl=en-US&gl=US&ceid=US:en,BBC,0.0
Meet the world's oldest living man - CBS News,2020-02-12 08:00:00,https://news.google.com/rss/articles/CBMiugFBVV95cUxPNzJubUhuTXlORzg5WHZNLUFWUkpoaTRPN3lrRGZNRUw1b2NMSDk5OUNPcFVfUHlaUmg2SHNhbk1paHUxSkltZ3lTOGRrTk1OV2tjT21LcmZ0Rm8wbHFROVRxdkI4WTRhb1FoMUN1dVNVdGt1R2o1ZklqdXZIVS1xeUl4SnNmWjdpOGFpTW9ESkFkcDZqY3p4T2VieFBBdDZacmpVSW9KR09TbVN2enBiRDVsSERoZ3N2c0HSAb8BQVVfeXFMUHc1MFRqZEF1aFo3d1RlSC0wUDVZRXFrNW85c3FvbzNNdUNwZ3Y4dnhJQTRocndHYUdlUjc4dzVoRzVkYkVFTGNFQm1fV2Q1Q1FjNmx0SG9tQU1FTGo3aGhBeC1la0ZySlJZREJNeDhXSjFfWENXLUxnZmp1Rm5NaVJIVHp6Nk44QkZZOUgyWFRDdWR0VkI3VFFIZHJ0UU44V1BYb3hzSzFScXJxOUxVWXptRy0tOU1XaF9UeWs3blk?oc=5&hl=en-US&gl=US&ceid=US:en,CBS News,0.0
Into the Wild: Why tourists are risking their lives to visit a bus - BBC,2020-02-29 08:00:00,https://news.google.com/rss/articles/CBMiXkFVX3lxTE15VXI0RHhTX2NQZTl4Mm1qOEVfNjZWeURpS29TTUJwWTQtVEFabE5rNkNFRFFSUTdRU3lycExVZnNtR083VmtUOXJQZGVpa09FMklTdFducDZsRlJwamfSAWNBVV95cUxPbUFsejZxXzByOW5LY2dNd2p1UWc3dURZRHJqeEY1ckRPWkxIVHBuaGxHR0h5bXRCRWhNb1lYb2cwTVltNklyNFlhY3FGTnBoSXh6YTZRcEFYWmhleEFHd1pWNWs?oc=5&hl=en-US&gl=US&ceid=US:en,BBC,-0.3182
Coronavirus: Nigeria confirms first case in sub-Saharan Africa - BBC,2020-02-28 08:00:00,https://news.google.com/rss/articles/CBMiWkFVX3lxTE92X0NQbG5oODk1ZzdZcldYbDRvMHZ3aXdkNXJCaTFVMFlfT3A3TVFBdnA4LUJ2ZENfZzlteGM5a1RKYVhqUE4wTWFDYkJIeUxvck5QdVFlM1FTd9IBX0FVX3lxTE1WMGk3bnN4bG9PLVlJRHlIOW1sanZPNUdCTWg2dFRVNHo4QXNSZVFTQzdkNTBNeXMxeWpDRUNwTFlNMWJ1U0dLOS0tYXhiRVZXaDAxRFZKMUVudEhQY1FB?oc=5&hl=en-US&gl=US&ceid=US:en,BBC,0.0
Identity issues and the rise of dual professionals in HE - University World News,2020-02-15 08:00:00,https://news.google.com/rss/articles/CBMid0FVX3lxTE5USkJyeU95WEdub2VFUm0yQjdReVBieEhnX0VfZml3WEE0ZktuNDBNOWE1RVNIa05ZdldoT3NBdXlpc25oRmthbXRtR0VDZUFTU19PdEk1YUJ0T0NCaG9rVElIVy1GbnhZOHNrTUVyNlczOE01bzVB?oc=5&hl=en-US&gl=US&ceid=US:en,University World News,0.0
Coronavirus: WHO chief warns against 'trolls and conspiracy theories' - BBC,2020-02-08 08:00:00,https://news.google.com/rss/articles/CBMiUEFVX3lxTE9TR2dNX3hMU0s4VW1oMXJORUNPVWlZdlFtdjFUaVFqNUhYX1dLUkhFYzJmQ3RUZ2ppcXl5elhaaE9CLWxxMjdUWHhrYTZqemdi0gFWQVVfeXFMUHAwZWY3clRfTlpnalFZeEtRYkNPQ1NNbHJWaEZ6OWFMbEt0NmQ3cXJQSXY0ekhKTDJZTHJfUEk2M3M2SzNJZUlxbHJIWU9kSnk0V0FoLXc?oc=5&hl=en-US&gl=US&ceid=US:en,BBC,-0.5859
Four countries in the African region license vaccine in milestone for Ebola prevention - World Health Organization (WHO),2020-02-14 08:00:00,https://news.google.com/rss/articles/CBMixgFBVV95cUxQeVAtend4bGV3d3RUMUMzeU9YOUpKbVNRZ1U3YU1Sd3Z3eVdnc3E1b3lzSDFUNlhWRG01alNTQUhubVVyV0d1cnI0T1hVd3JDY19QVWRVSEplRmJwVm1pVVV4SkF4bVRLSHZXVW9RcG45eE1xaHlXTllYSDB3T2ltS1V5NjJhZlNFdFYxeENNZjYtUHJsa2NSbm1za1BPSndmQnBQVnlUOXVqaHdzMlJiaWlVYnJjdHI4VXJtZ2VBUmVNQUhFUWc?oc=5&hl=en-US&gl=US&ceid=US:en,World Health Organization (WHO),0.0
Coronavirus: Iran's deputy health minister tests positive as outbreak worsens - BBC,2020-02-25 08:00:00,https://news.google.com/rss/articles/CBMiYEFVX3lxTE9MMU5XUlFSX3M2dk9wTHY4Y2dSVHBmXzJ6ZDdfQi1KbFM3UTNXbFdvZG1VMzBNNGI4b0wyZmctYnJ1cmJ4X0hYeGE1NW96RDgwVUpFV0FtZEdBQ0dSay12ddIBZkFVX3lxTE5zTkxDZmpTM2p3ZzJHN3BoREZEZkYtcFdsLVBNLXczbEd4YW8tUDZta1dzcWhLdmdQdzVqTlJoLXVNcXpMWG9WQU1QdGhlVzNUR05TanBCX01TSENMMWJibDlIa2pZZw?oc=5&hl=en-US&gl=US&ceid=US:en,BBC,0.128
"Celebrating the diversity of radio, the medium people use the most - UN News",2020-02-12 08:00:00,https://news.google.com/rss/articles/CBMiV0FVX3lxTE5kYjROYl9PT0xkcEEzclVncGRZNXJrMzFTZFU2ZXEzbEZlUkl6TUNjNWI2YXJDb2RCcFNkUl9rbU1qa1VoY3YycFJSck1qY1lpU2U3Rk0zaw?oc=5&hl=en-US&gl=US&ceid=US:en,UN News,0.5719
Lab that first shared coronavirus sequence closed for ‘rectification’ - South China Morning Post,2020-02-28 08:00:00,https://news.google.com/rss/articles/CBMivAFBVV95cUxOTW1OVW9zSFlUOFdpdU1sblY5NnBsSU8tWG1fRzVhQVU1Zzl6R09XNmpfam9mX1Y4OFlrSUFfQWxubFpxNFctcE5wc1FPaVJiSkxVWmtjb0tSaGYtRFlOOGpGRUtEQUtMVFBtTFdGc1RMN0xTQ09ySHVyZUx1UjFMcjZZYUxmV0NaUjF6c19OLU9XWmlndVFpZlJVeTdRc0FkbXlaYmxsRnVsNDR4VGk5VVhmc0VvTWNwX0hFONIBvAFBVV95cUxORm5nZ1M3bHprQVdIUDJESDRoaWFzR1FqZ0prWUFJX0I5M29Va294OWd0X0hWaTFoeWJHakVNbnByaFV2MUVyYXFGQ2Y1NWhmYzh0Yl9ybGVxWWJyQ3d5UHFUUl9Vc3VDUlVPeno3TUVoT2JRT1BLT1BjY2J4aE51MkRUcjJwQUd2VVFiVk4xRm45ZTJpTy1UaG0xVmJ2YndubUNib0V1ZnlDb2NmbEM0a0RqekFoTnJ3WkRJQQ?oc=5&hl=en-US&gl=US&ceid=US:en,South China Morning Post,0.34
University of Florida continues to make gains in U.S. News & World Report Best Graduate Schools rankings - University of Florida,2020-03-17 07:00:00,https://news.google.com/rss/articles/CBMiW0FVX3lxTFBLTGVselQteWlQMFU4emp4ZE9lTmR1c09rU1pmVXJHcHpsV183aWFMUndaYUt0R3hsQmx0RGZCNEpzYkp3SkNfWC1sNkJZdzhZWW40N2hncklXYXM?oc=5&hl=en-US&gl=US&ceid=US:en,University of Florida,0.765
COVID-19: The internationalisation revolution that isn’t - University World News,2020-03-14 07:00:00,https://news.google.com/rss/articles/CBMid0FVX3lxTFBZbkVYNFZmNTZoSDJPdkdNN0t1U0dXSGlvOU01aXdGS0lVbnl0dFNvWXktUzRLSWFqSWpYUC1QVjY4bVIwejBFNWNkaDRUN2o5MGFPY2NXNEh4V2J4MG5FdmFsdndyR3FnVm9oWHl5bnhiVkpXTzk4?oc=5&hl=en-US&gl=US&ceid=US:en,University World News,0.0
The World Bank Group’s Response to the COVID-19 (coronavirus) Pandemic - World Bank,2020-03-03 06:02:55,https://news.google.com/rss/articles/CBMickFVX3lxTE9ESFhUOHAyR2xfS3dtTXJCMHhkOERHNXB5MHlaZjZSRVpLRnJaaWp2MkItTmpNNkZ5TFotb3c1Mm93a21TQTZtd1FCV2tydTF2UF83UW05aUpDRllnVnNPRl82N0Vka05DQm9JTmRCZkVyZw?oc=5&hl=en-US&gl=US&ceid=US:en,World Bank,0.0
Shortage of personal protective equipment endangering health workers worldwide - World Health Organization (WHO),2020-03-03 08:00:00,https://news.google.com/rss/articles/CBMiuwFBVV95cUxORnZkUVZsb2l3c18tSEc0b0Y0ampHVzZBam9sZHYzQ3ZxSXJ5bzk5TGZiOHZrZ3JDSjVaOU1Wd2xTUm9admdHcjgyb1dzdXVTeHFyRUM4YkdsYmRaSlR2SEtYQkpHa21JeW9xZG9PNnRfbFFrRnl6R3JZc1lNUDNBcGZZWUQ0Yy1KR19NZHpRLU1Rcl8xWEdaQlVVSndnXzRjTEpSQXZfZEVFNG82alhEN2ZrejE3eFQwSnhV?oc=5&hl=en-US&gl=US&ceid=US:en,World Health Organization (WHO),-0.25
U.S. News & World Report Recognizes DU’s Top Graduate Programs - University of Denver,2020-03-17 07:00:00,https://news.google.com/rss/articles/CBMiiAFBVV95cUxQUUVMalJNd0ptUDBDUHhtTmU3X2VUTVhOdHVhc0xJZ29OdHFXd1BEREZGcnJKTElhdGl4UUQweHlhS1kxc0s1dDVZNkIyZTVzS184bmtSM0Z0MHhlWVRRVlBxYWtDVE5Wbkk1RXpLX2RRNFROOEdxV1FVSmp0dHV0VXBvTHZ1Y2hU?oc=5&hl=en-US&gl=US&ceid=US:en,University of Denver,0.2023
COVID-19: UN chief calls for global ceasefire to focus on ‘the true fight of our lives’ - UN News,2020-03-23 07:00:00,https://news.google.com/rss/articles/CBMiV0FVX3lxTE5YMzVnTnhyUERZbmdkdlkzUldxeWhfVGREczJ0SDJ2TzljTWxBVkhRcjdwaG43dFZidjZYSjZJZlM2aFFmczJZTTl2QTk2M0hRNXRtUXVXNA?oc=5&hl=en-US&gl=US&ceid=US:en,UN News,0.0516
UC Law SF Rises in U.S. News & World Report Rankings - UC Law San Francisco,2020-03-17 07:00:00,https://news.google.com/rss/articles/CBMiXkFVX3lxTE1USlJiQnc1WHZkTEFfMU1MbTdoY2EzUVNXRzgwMGpCX0F0VXlCRldoWTY4LXBpUUlxM1pxMVdMNUM1WHdfdW5PR1pKcXFlU0Z6WGg1M0Ntbmp6UzNYUGc?oc=5&hl=en-US&gl=US&ceid=US:en,UC Law San Francisco,0.0
Top-Rated Show On TV Last Week Was ABC’s ‘World News Tonight’ - Forbes,2020-03-17 07:00:00,https://news.google.com/rss/articles/CBMisAFBVV95cUxOdlNUeDJCQm1QV2g1OW9SZEJVR3FoZXF1YmJpUkt3RG9lNGdjakZjZGVwT1UySXdRQmlzZ0o4bGY3STZSa1AyU1dhdW5wbnh0MDlpb1VudEc0X2xYMWphb01GR3l6c1ZYd2EzU1J2Y2plcTdSRFhZSGllczgyNVpLbU9FQ0EtRkJGaXllbVpkQlhGSk82aTE4dERhSmpWVGwzSzhGZGRzX2hweEpOOW1rSg?oc=5&hl=en-US&gl=US&ceid=US:en,Forbes,0.0
"March 13, 2020 coronavirus news - CNN",2020-03-13 07:00:00,https://news.google.com/rss/articles/CBMikwFBVV95cUxORDB1SFNaeG1mSDN3Y2t3MDNpbE5fbzZGeE40X0JhOG1yc0owc1lKakppVEllaG9ueG0zRnY5MUlNdk5lM245aFRHNFRkVDZvaEhtU3RlUVZWRDYwQms1NGJEVUVZSTB5OHg0VzN4MVlUSG00STk2Yzl3OXJCSkEwYXd1MEV5RFFzYWRvQjk5aFR5ZW8?oc=5&hl=en-US&gl=US&ceid=US:en,CNN,0.0
Just 24% of news sources are women. Here’s why that's a problem - The World Economic Forum,2020-03-02 08:00:00,https://news.google.com/rss/articles/CBMiekFVX3lxTE45RmFMdTlUMHpLUHJ5c1hhcVlYV0xLRnFTMXRudHFvdThkZjlrVGtfMUhYS3pJRFc2X3B6S3hvVHVoUmlQQWFmM1I3a1gxNGJmZVJGVkI2OWVYckx4RUF5cUdnMUZ0b3E0WVgwbUFNc3R0TlBPSVY4bWt3?oc=5&hl=en-US&gl=US&ceid=US:en,The World Economic Forum,-0.4019
U.S. News & World Report Ranks CU Denver's Grad Programs - CU Denver News,2020-03-23 07:00:00,https://news.google.com/rss/articles/CBMihgFBVV95cUxNT2VQRFR5QjdGdVRNTS1oeTRiN0pPeFhnazI1Z2ZfbE96N19jRThEazVVSkpPVkNibUNSdEFQdU55U3hsSGJZcXA1ZGlsenNXNlZxN2hlSDhiUE5IUzlKNVh0UFR3U3U4VGhNUVZkZ3ZPZ19DTUkwMDRmc0ZhS242WFhfb2huUQ?oc=5&hl=en-US&gl=US&ceid=US:en,CU Denver News,0.0
Coronavirus: Spain and France announce sweeping restrictions - BBC,2020-03-14 07:00:00,https://news.google.com/rss/articles/CBMiWkFVX3lxTE9RUERQdWdxN3B1M0JzV2xQWS1iVFR3bVNCdVc5V2RGYldsN0xxa3V3blN4dXhmdzhoRkxjaERiLThBNldaRjNETmptcFkyTlQxWXhkMXZPdHhCQdIBX0FVX3lxTFBPeU5aVHhYVzVHcVV6ZDZhZVNOUFUxUUdYNFVEaDQxS0VpcXVXSEluWkM5WGFCaW1SWFJGWXBHX29DQkdJanBNZ0VKTHpnZjBRUjN1LTkycXdfakJveHdr?oc=5&hl=en-US&gl=US&ceid=US:en,BBC,0.0
FAU Makes ‘U.S. News & World Report’ Lists for Best Graduate Programs - Florida Atlantic University,2020-03-17 07:00:00,https://news.google.com/rss/articles/CBMickFVX3lxTE53MEp2dlg5YmVDd3c0eTd0YmR6X0VmbW5HUXJ4dFl0ZXF1VEs0WDVETmFUdDRpb3RtLXY1N3hacXlfNVUtem94UkVqbjBqZGxlMm5pTWdTSmlYNXhPamVlbE1WR3JhLUxaYUJSMTVMYzFBUQ?oc=5&hl=en-US&gl=US&ceid=US:en,Florida Atlantic University,0.6369
WHO releases guidelines to help countries maintain essential health services during the COVID-19 pandemic - World Health Organization (WHO),2020-03-30 07:00:00,https://news.google.com/rss/articles/CBMi3wFBVV95cUxQVU9MYXZhMDhKbi1ZZHJFdEVPVVhzTlFubnUzMk15b01KSkVlbXdjLWZSWGpMellId0tDalBPc2lRa3RNMnNzM21vWEdaM2otaWs2WDBiMmNpYVB2UnJGaHhjdTBYVmx2S1NRMFYzdUxLTklMbmNHeDhIdGtKZGxoUXBOS1FLcmx3MkgtLUlWNGhaOW4xbFBYRFZ2X1dkVjdBNmJoT0RZVERZcVp5S3h1ZXIzWUI2T3dIeDlJRlUzNmJYeFhnSXIwUmJYeURNYTNfeVdOLXp5cXV0UE1YV2Nv?oc=5&hl=en-US&gl=US&ceid=US:en,World Health Organization (WHO),0.4019
UN launches COVID-19 plan that could ‘defeat the virus and build a better world’ - UN News,2020-03-31 07:00:00,https://news.google.com/rss/articles/CBMiV0FVX3lxTE1sWV80WnVZT1M2bEppd1lnV3p3LXJGQmtQbFpjVXJuaGRLWW9hUTNVdlpwbElLZUNQaERfZEd0RDFnbFlDWldHYk4wNDZ1LXNIX1R3T0tpZw?oc=5&hl=en-US&gl=US&ceid=US:en,UN News,0.4404
Latest COVID-19 news from Monday's WHO briefing - The World Economic Forum,2020-03-09 07:00:00,https://news.google.com/rss/articles/CBMimwFBVV95cUxQdDUyNjJZMnhjTEFtOE43TW50a2J2S2xYWVFndUVXYzlWbHE5aDFpcFVZWl9HQkNQbWh0bnY3cnF3OEh2MXhTY0hMdVIxSzdWRVdqMjFfWHktTERtdVRkQ0RGVGpNVFFxRUtjUEp5MDB6cnFobC1ZRFRPZGhCU1BkTUdabnVCLTJPN203T1VPcFVTdXZ2MTc4LUZqYw?oc=5&hl=en-US&gl=US&ceid=US:en,The World Economic Forum,0.0
Trump declares national emergency over coronavirus - BBC,2020-03-13 07:00:00,https://news.google.com/rss/articles/CBMiXkFVX3lxTE9XTXpkRVBnRERSTnVRLU9ZLVIxUnM5SzlibFVleVdVT3RmemNGTnR6UExrd2Z4dmNDcWRZV0l0SGtUR3NyX2RwbHItZ1NVZTl0bVNZSWlBR0lhV3pCN0HSAWNBVV95cUxOOHdRWEMxejZ5SlV2WnNkRFpoWnQ0OEc1QXVKb1F4QnNZVFdhY3I5WlF3U0wxbUgtYUlmSmhtNC1DcXJoemdZQmh4RVpHWVF3UjU1SVZHdFkyVnJTTnNRdDlBRlE?oc=5&hl=en-US&gl=US&ceid=US:en,BBC,-0.3818
WHO statement on cases of COVID-19 surpassing 100 000 - World Health Organization (WHO),2020-03-07 08:00:00,https://news.google.com/rss/articles/CBMimgFBVV95cUxQZHRSQWt1VkVhUFRSb1ROYy1oZ2VCcmxVYU9NLXdidU9neGctOVB2VVJVSUVjd2gxRGZNcVRTQWo2REt2a2VTS0NYSkdXWUljUUhXbnBiNmZnSUhYUGdXa3RFVXhhSzNwekdQVFB2aW91TnlIeEdqcW1ZalhvbFNlUHJ4N2VWVlBFV0RZT0Z3ZlFQSWJCSWkzaWZR?oc=5&hl=en-US&gl=US&ceid=US:en,World Health Organization (WHO),0.0
How to read the news like a scientist and avoid the COVID-19 ‘infodemic’ - The World Economic Forum,2020-03-27 07:00:00,https://news.google.com/rss/articles/CBMijAFBVV95cUxOX21ZcGpBRFRjZFFjSXBVZXhiX1QtbVY3X0VtdzBnc3ZNWG9NOGJPeThpaWhFdTFVNll3bkpBb0NpMThMTjZILWdlWnQzTUREUG9hVXlYWmw4SWhxSmVwY0E0NFZnbkZtcU1CRVZ3QS1idno1NmtrR1JpQUdzVm5tdHdQQkZJQnM4dzJaLQ?oc=5&hl=en-US&gl=US&ceid=US:en,The World Economic Forum,0.0772
4 global news stories that have been overshadowed by the coronavirus crisis - The World Economic Forum,2020-03-16 07:00:00,https://news.google.com/rss/articles/CBMijAFBVV95cUxQODRKRS1TSVJVZWQwdWx3U0RuVjFscVRSSFh4WXFSbGJlemdLM1VuVVhkd2MxWC1vN2dNdG9McTRTRTVhdGlpd1AwTEU0bGtBeHljUHlqMnRSb2tkYmpVN3hyYkxNQzlkQmRNSWhIS3dxNU1OMTNTOFBHcnZhMktWa2dwd1lRQUpKQ0Jrag?oc=5&hl=en-US&gl=US&ceid=US:en,The World Economic Forum,-0.6249
Coronavirus: India's pandemic lockdown turns into a human tragedy - BBC,2020-03-29 07:00:00,https://news.google.com/rss/articles/CBMiX0FVX3lxTE1nZW9RVWJWdDhEMHFBUDNBdHBmWHdYN0dxRFRaeC1rMDlaSlNUdklpSk1ZelE0aThvZndOcHVvc1FlV2V6SFFOQUtOaXpzWWEtWjF3VjRtczZydGlleGlN0gFkQVVfeXFMT0NTbmJ4Y3FOZldiWEVRbUc1SkxzR2RhNTJJUUZneFo2MWhMR04yNzZnUjd5U2VJU2NyaGZJZHlqM2dDMmZCVFhWQTJBMWc3TVJKUDNMUkRoTk9wM2tvb1B4RUptQQ?oc=5&hl=en-US&gl=US&ceid=US:en,BBC,-0.6597
"2019 Cyclone Idai: Facts, FAQs, and how to help - World Vision",2020-03-05 08:00:00,https://news.google.com/rss/articles/CBMihwFBVV95cUxPNkdTUEN2bEEwZEhqb3h3NEtnM0hzVXdJcmZ1NkxhbzBxcXhDaFNESHc0SWxSei1ydXZ0WnYxS2tRbklqR29BSzZ4eXlqdnRmYndQekVMOHVxNDJzSm9XMXVkb0w5Mm1xcjNoTUlkaVRoVzYyNGxqV1JNM2QyUDdhMkJTLW0xTzg?oc=5&hl=en-US&gl=US&ceid=US:en,World Vision,0.5719
How will higher education have changed after COVID-19? - University World News,2020-03-28 07:00:00,https://news.google.com/rss/articles/CBMid0FVX3lxTE1pa3VRMnFqRFMtb0RFR3UybEItdUF4NkdrVDhCYTg3TW85SHhQQ2pzRmtqeXZuM0x5djB4T1dkWGo4UFVRQV9wTVdGR3hUdWNmNVp1d0FKeW9OTzgwUnVVV25IaTJkdnB4MVRqVXZVblN0cTYycUVF?oc=5&hl=en-US&gl=US&ceid=US:en,University World News,0.0
Coronavirus: Trump grilled on use of term 'Chinese virus' - BBC,2020-03-18 07:00:00,https://news.google.com/rss/articles/CBMiYkFVX3lxTE9mX1F0aEFjX3c0MmRUR2o3SWxEVlY5bllRM0lCcGtZWjFwWUpDNk91aWFodHhmRFhJTnRSaS1xbjlEVzZnb0Jkem11Ym5CLVROUm50Z1RuQnRjcnROSjBIeWpn?oc=5&hl=en-US&gl=US&ceid=US:en,BBC,0.0
How experts are fighting the Coronavirus 'infodemic' - The World Economic Forum,2020-03-05 08:00:00,https://news.google.com/rss/articles/CBMilgFBVV95cUxQMF9iWnpzUTMzRU83aHRKZDl6RFlId21uSjJDeTAyRy1zVFVfclFJejBOc3d4Mmx4YVR6ZDBfVktONzlKeUJpNjJENFluR2lVZ2dxY05Oc3hReWt0Uloxd25IeUxLWktFbzhEYVJ6SVY0cFdTVG5rVTUwSlRZTW9YSVZXTHdxc2VVOXloME9BYlZNUFBycUE?oc=5&hl=en-US&gl=US&ceid=US:en,The World Economic Forum,-0.3612
What Taiwan can teach the world on fighting the coronavirus - NBC News,2020-03-13 07:00:00,https://news.google.com/rss/articles/CBMiogFBVV95cUxOWHVyQkMwOHFsVVhPcWtCMDIza3Ewb0wzVENWOVRvY1RZZlhiRHpnYloyNlMwQUlaV1B5UkZ3TW90WGNSUEhhMFR4TGhqTXExN29TdzJLZHZBc3lEeDByWll0WDdHSEhfUXJWUlB4Y3hIeExadHJmZGx6VXF0OE9icVR4UDV6RXJuWDNCWUZWSmVkb1RXMDFQM081TTd5dFhUUXfSAVdBVV95cUxNSGhpNGplTDRRTGsyNVFIa0RHWUYxTHBjakpnTXQtbDJOY1RzTFlEdWlTbDJwMUNCcXNUMkM2cUdKU3pHeTkxZlhqWkhweE1BQnVLdm9yVWc?oc=5&hl=en-US&gl=US&ceid=US:en,NBC News,-0.3612
China Uighurs 'moved into factory forced labour' for foreign brands - BBC,2020-03-01 08:00:00,https://news.google.com/rss/articles/CBMiX0FVX3lxTE5jMWs5aTZrb3R1ZVZNYXZDZEJPUTg0ZmNsQ3JpbW00V0F6M2pvZFl3eld6dzFFZVBEZEg3dVNjNjhSamc4U28tRmVRN2dXaXh1aU9SclJ1Q1N2RG55bUdv0gFkQVVfeXFMUGpXMFBJVWZqZ09tZ055ZXctMW91ZUhvQTF5VlJwazdmTktPeUM5cEZPODc3bXRDZDY3bVFLSkpJZ1UzZ1ZoZHZnWE5RcWNwbmFFT3YzejRDVXExNWVFOGZ1R29GQQ?oc=5&hl=en-US&gl=US&ceid=US:en,BBC,-0.4588
"‘Solidarity, hope’ and coordinated global response needed to tackle COVID-19 pandemic, says UN chief - UN News",2020-03-19 07:00:00,https://news.google.com/rss/articles/CBMiV0FVX3lxTE5ieVgxYTRyYkFKMHMtc2hHUWE0SVY2VENZRktkM1dZRjFraUtNTmZLQk9HS0ktUWsxX0xsRWhBN3pQTGc0bW13RHBfNzc4aUlxeUNqbDBMWQ?oc=5&hl=en-US&gl=US&ceid=US:en,UN News,0.0
"Coronavirus may infect up to 70% of world's population, expert warns - CBS News",2020-03-02 08:00:00,https://news.google.com/rss/articles/CBMirAFBVV95cUxNQVpXd3k4OFFMUEUyZTZWVElod2hHdFhLcDZGNlN0czUxUWJiR3dENVk4dDN0NjUycWlvcFRxR1NVOC1FR0h2YUtRLTZsbUlqUHVQVkRJeE9lQXNQUlZJN040OFJKY2xDMXR2UWZIc01hd21ubG02MjZNaEROVkhHM0otUnllRXVzV213am1FRXN4MWxWakc4WXZzWG5mLUctajI3UDhRSzRLd3Rk0gGyAUFVX3lxTFBvZzhBV2VRc011aVRZQkVLZktoQ3h1UU1TSnM4MWRvc216YlNnRUNRV19US05WbnRELVJ4VkxvcjQ0MzUzbXdRM3I2TnlzUVdQcEltald0QUs3R1lzTzJBSWdfRXRZTzlOeFJPUXlENkEyUHIybmh5RlFJZTE0REJudUhRWGdOSHVKMFhGMXlCQTJpNkRDdlJyX01raC15SkxIcGpuS0lsMTk3dUxrWkhnYUE?oc=5&hl=en-US&gl=US&ceid=US:en,CBS News,-0.1027
World hearing day 2020: Hearing for life - World Health Organization (WHO),2020-03-03 08:00:00,https://news.google.com/rss/articles/CBMisAFBVV95cUxNX3lLMGVzS0tIS3pJNXNIMV8tUXhPSml4ZWZON1AyV1Y1WDJpLUZMYXM4SmtEeGlyZ1hPRmZnZUpHZ01QaHQ1SmN2NWE0a3dEY0xMMlVfZkxnSl8zbVFkVHNiWG04NDZydlhpSXEzdWVLUFB1YVhtYkJ2WmpYSHFMN2ZWVXc2azlyeDJhUEtXVncwV2RndWtnZjI4UlpQS0NuUV92WDYyN25sQ1lhczJPYg?oc=5&hl=en-US&gl=US&ceid=US:en,World Health Organization (WHO),0.0
Coronavirus Will Change the World Permanently. Here’s How. - Politico,2020-03-19 07:00:00,https://news.google.com/rss/articles/CBMisAFBVV95cUxPTmkwZzRFNlVtTUZla1hTTlBGTG02T3hOeHplZ3FwdDZManF0RFFyMnFSU1RPaW5Lc3hSbzFGT05EdU9fQVpwY2lNUHNBMC14SGw0X0lpT0NEMkRWMVZIdXlkeWJHcWpUOHBXTHdhNVl0SVhsejRkR1JhNVgxOFc5UGNTNDI1MHhtTlhrYzY0YVNUZnB6dzlfMElySGZzU24xblRJMl9fVHFEWVdVSjNQRQ?oc=5&hl=en-US&gl=US&ceid=US:en,Politico,0.0
U.S. to Suspend Most Travel From Europe; N.B.A. Pauses After Player Gets Virus (Published 2020) - The New York Times,2020-03-25 07:00:00,https://news.google.com/rss/articles/CBMib0FVX3lxTE9LMjhUVlJiQlJKRDhSTXJPN3RKMno0ZGZkNkQxWmFNX3daSGdwMUd0Um1LWGhsZmhDdWx6YXN0MWxxd3dOT0ZWUWxsd09yVWw0bjdYeWhlYlBsUUxwaWZ5Uks2Mk1tZmN6XzdabmFqcw?oc=5&hl=en-US&gl=US&ceid=US:en,The New York Times,-0.3182
Coronavirus: Trump signs into law largest bailout in US history - BBC,2020-03-30 07:00:00,https://news.google.com/rss/articles/CBMiXkFVX3lxTE5qSFZ3OWhjV3hib1EzdzdKeFVGVkRjaVJMNFl4cGNTdDhTQk1mU2R0YWZjYTRHYUYxRDdBNUFzQXY1eldycjlBUGZYcEQ1d3N6amlaN1B3X3JoT1I5bFHSAWNBVV95cUxNeWs3VjkteUV5bHFrS1RkOVFGcW9MNHo2WlBFWkpBZlNBaUM4cVBfRmwtdDl4TGdZZ2FTSjdrVjF5bjVhazc3UGVZZHpzelJDUkhrT1hWclhsYWgwYW1YckJGc0E?oc=5&hl=en-US&gl=US&ceid=US:en,BBC,-0.1027
Painting reality: PhD candidate explores how our brains construct the world - Binghamton University,2020-03-19 07:00:00,https://news.google.com/rss/articles/CBMiuAFBVV95cUxPWDFScGZkSGNlTmJxeW11Q3BRNTRKMUpMbGpzX1NJVVN3VmZ3V1h3TlRjWHdDTkNyZ3dHdExWS3pYWXBEcGdMWUp6RkdrMkwzak42VXAyakpGNjY2WTJkUVNlMFR1RVcwODkzd3FkZ3V6bnF3Y0hXa1h2bmFFVm13RnVxaktTeHZ6c1h3RzY5blg4bWxSYS1PZWpncTlQTnNZVl81OVpQWGg3NUhUemdIWm5ZUGw3RWgw?oc=5&hl=en-US&gl=US&ceid=US:en,Binghamton University,0.0
Gender study finds 90% of people are biased against women - BBC,2020-03-05 08:00:00,https://news.google.com/rss/articles/CBMiUEFVX3lxTE0tRDBlVGdvTG5STUdEU1FtbkhGR2V0RzhBLVZtdGhQak9vRHlHUXpfZjU5aGtUeVl3WVFWekI4MTJTY1lRM0tNYzJZZm10ZFNV0gFWQVVfeXFMT1NQUVlVSVdaYlBLWDZudkRIdzFPT29GUk95N19qTVRBbTZrT2tEZTdtUjJ1dnhuTWpfZF9WWVRKUUh1S3lESldUVjI4YlNDXzZZNzdvU2c?oc=5&hl=en-US&gl=US&ceid=US:en,BBC,-0.2732
Oklo submits first advanced reactor licence application - World Nuclear News,2020-03-18 07:00:00,https://news.google.com/rss/articles/CBMimgFBVV95cUxNRmlkVFRJck9vd2JmajN5UC1TZmdqbFlNSlQxNmladkdfck9VNlh3NHdCZllRczJjSTNxd3Q4VXZLTnZHT2kwY3ppVkZYcTZXYmNpNUV3aWlZNFZsUm1ObHEwM181dFhYYWVMN0lSTDdzclBTYW8yZ2JEZTdfUWlaYnZEdnZSOFRmem9VajEtVDZHdWhJczViQnVB?oc=5&hl=en-US&gl=US&ceid=US:en,World Nuclear News,0.25
Why Taiwan has become a problem for WHO - BBC,2020-03-30 07:00:00,https://news.google.com/rss/articles/CBMiV0FVX3lxTE1valhpWlVuSmgwdVE4VnBIVDJDVEYyWWpvZFZoeUR2WC13cFg4eWlGbThGSUNLVmhuYTljcUZQSFN5b3Utcm1yOTY5VEhJa0g1d19GMy1Eb9IBXEFVX3lxTE9lQWVWMTgzcmtSMWJ0bmw1UTNrQlBZbDVZT2tIR3RsSHk3d1BOaDZRcERwQy1FemxTeVB0eWVoWEdWQmo2VDFRUXhadWtxWFYxdkFfSGlPWGVIMlBM?oc=5&hl=en-US&gl=US&ceid=US:en,BBC,-0.4019
A housebound world finds solace in Yale’s ‘Science of Well Being’ course - YaleNews,2020-03-25 07:00:00,https://news.google.com/rss/articles/CBMimgFBVV95cUxQZ0JXSEtwdUtJMVo3NUwyM3R4ckVoeHdfTjB5MGNJSkhLYS1sdWZ3bkZlSmtFdWZodkgzbUF0Z1ZaT1gxVUF0UkE3YzhGaEtSeDNWZENRdzR5NTNteEttRnNyYjB2bTA5bnNiR2NRUFlOc0VyYUdndTBDOFUyZ191MzR0Qm5na0lfcjlmSzh5ZlU1U085V20tcHNn?oc=5&hl=en-US&gl=US&ceid=US:en,YaleNews,0.2732
"WCK distributing meals in The Bronx, Queens, Harlem, Brooklyn & New Jersey - World Central Kitchen",2020-03-16 07:00:00,https://news.google.com/rss/articles/CBMiP0FVX3lxTE1kLTRudFROWUdEVUNLVEtrcFVyMElsMnNJSkR5bmJMV2tiUzNTYWRuaGdDR3hTeXJFWTJoZERSMA?oc=5&hl=en-US&gl=US&ceid=US:en,World Central Kitchen,0.0
"U.S. News & World Report ranks MUSC programs among best graduate schools - MUSC | Charleston, SC",2020-03-17 07:00:00,https://news.google.com/rss/articles/CBMigAJBVV95cUxOb3FCOVUxd3hlZzB5czVybHFDdEZTWEprN216ZWN2dmxmZ3ZEdHM0TlR6MXZneF9aNmxtR1AzTUhRVWw0b2FidkoxUkk3R1RXYjF4QUVQX2k4Q0V4SjRlSjM5Z3R5bkZ4S2tzaEN1VjhQQ2FqR3pPZDRhVV9va0gtandDelRJcV9ydTJMVi1HZzh4NGpRZzlLbEFVOGJocGczN0JDTHJKMlBsTEwwbkl6QVI2YUNJdjVSelF3QVZsZzBRS0dsa3RBQ1E5V2hfZV91NmZnQ0JUenlPWGxDRE1QazB3VWVKcndLQXpkamc3Tl9JOUppaE5YeWd4a2xXSGtp?oc=5&hl=en-US&gl=US&ceid=US:en,"MUSC | Charleston, SC",0.6369
Coronavirus: India defiant as millions struggle under lockdown - BBC,2020-03-28 07:00:00,https://news.google.com/rss/articles/CBMiX0FVX3lxTE1RMmU3a0VqQ0lHYy01ZkZYMXd6OC1SNGlOb0FSQW53QzhhbkJ2eExmZThvSTlWdlFBZ21laHhVWlpwZlRQS25UQlducnZSS19Fd25uZ1lrVmRacXp5MldJ0gFkQVVfeXFMUFJmVkxEUG1sTnRXVnpOcTBxcUxVUG5TZnNWVDZVWUdnRW1mSkRtcVBtZXVzNlluRGRGYWhTdTZuWXRxSGN3VmFJRW5iYWxyTUhNQXVON1BFNEpPTnV5OWVzWEZtOA?oc=5&hl=en-US&gl=US&ceid=US:en,BBC,-0.4939
Coral reefs in Turks and Caicos Islands resist global bleaching event - Illinois News Bureau,2020-03-03 08:00:00,https://news.google.com/rss/articles/CBMinAFBVV95cUxPS3l6Qm1XdUpwMXhFbjNGNmZLRVFYZFJiZmpiYzdMdTFXOXMzM1VqU3VLRDhsUzVZZUJRb2hZWkV4Nk55dTdIRDlrQlU0LVc2MFNCX3RsejJsdzd4Z0IyZEd4MjFBNmphbzZybHBFUUNMbzZnVTN3bGM4R2RWei1Kci1rNXhpdndXS3NoOW5fMzNIM045SGY1eXNUcTQ?oc=5&hl=en-US&gl=US&ceid=US:en,Illinois News Bureau,0.0
Baylor Graduate and Professional Programs Ranked in U.S. News & World Report’s 2021 Edition of Best Graduate Schools - Baylor University,2020-03-25 07:00:00,https://news.google.com/rss/articles/CBMixgFBVV95cUxNUENqRkZxemlxTm55a1JjdVJicG56bkNrY2dMaTJYSDlSbXFXUGp3UzdmV2JCNi1lS0JZVkpuTHRVNGNDZFJhRWw4OWNDejB6UURQbkp1R2M1ajNVZGIyRVV6QTVUNWtSUnk1ZTJMVzFsblROZlptbkhKS3Y1c0pZbkg4TjY3Zm16WE03djRFTUhpdFVXWUlmRU45LVpVcFpWLTY1anZFbHFUYmE1ZHU1bjJqa2x1TWpkRFYwbFNielpubUtobnc?oc=5&hl=en-US&gl=US&ceid=US:en,Baylor University,0.6369
LMU Graduate Programs Remain Strong In 2021 U.S. News & World Report Rankings - Loyola Marymount University,2020-03-17 07:00:00,https://news.google.com/rss/articles/CBMisAFBVV95cUxONjllSTlORW1HN1Q1VTdxb1VRM2FScVh6ZEU1NG9LYmxJZkFSZjFLM1ZGRkJiT0RFV1I2dGtHS0VrVG9IMDMxSjkxWHFfTWY1RjlGWjh6YmxFczhVdEVRZEUwTDRyV1lzUFR3UktQM1VncEZUVWd5YlFhLUVzZUVFRVJ1ZlR2Qlp0RG0yaDBSRURpcVBScFB3UmQxeWlXZTRlcm1xRzcyRDhpMTBjSm9vMg?oc=5&hl=en-US&gl=US&ceid=US:en,Loyola Marymount University,0.5106
Graduate Programs Ranked Among Best in Country by U.S. News & World Report - The University of Texas at Dallas,2020-03-17 07:00:00,https://news.google.com/rss/articles/CBMiekFVX3lxTE96b2NrdWh5X3Y1MWFxVVViN2Z0Q25fYmwzUjhQS21VanE2N2FDUGZrVlJyVzlycGVwNUo4amVNVml1cUVleVphQ0M1WnRpbWhSUkkwRmpZTUhaMFpqeXZZR0llOU9fbWVlOUp5QWdqd0FpWTV3T1lZZWZB?oc=5&hl=en-US&gl=US&ceid=US:en,The University of Texas at Dallas,0.6369
"Global Public Procurement Database: Share, Compare, Improve! - World Bank",2020-03-23 07:00:00,https://news.google.com/rss/articles/CBMirgFBVV95cUxOZ3BPbi16WU55TWdfeEZHUVJveVRpOUhYZ3NXUmpHMWRlRlFjS0hrT0VhN0FPamNlT3FaYmRSbTVWMUdSa3hYYnFDTVI2TTAzWEtVQk0waUVPUHpvZm5DQ3NKRXZXM3M3YWJpLUttek9odE1ZUG9Nb3dJZlpNNzVvTEJVYy1CV1doMWQ3UzBwWXlPTWh0R0p5c2tieF9zcHdKVGNhemxUT2VnWk9ySXc?oc=5&hl=en-US&gl=US&ceid=US:en,World Bank,0.6588
"First Covid-19 case happened in November, China government records show - report | Coronavirus - The Guardian",2020-03-13 07:00:00,https://news.google.com/rss/articles/CBMiwAFBVV95cUxOSExPbE9BXzBZZU16WjlXNGVhb0lDNGR5OEZvN290NHFZWW84SUxOd041aTE3MjRiWUQ1N2xnRkd3YlBXYXFIdEo0ZTFEOE1UQ19OMmViSE5yajhZcE1MNmtndndLY3NpaVUtYWNlWmxrNGVZVGtfb21zd3dSRzI2OVlsNmpYS3RVMEUxem5tbWhFV056U09WaGprOEl1SjE4RnFLSEdnTTE0ZktLMlJHNWJWRGdteG5kVEVKSkZnek0?oc=5&hl=en-US&gl=US&ceid=US:en,The Guardian,0.0
QS World University Rankings rates MIT No. 1 in 12 subjects for 2020 - MIT News,2020-03-03 08:00:00,https://news.google.com/rss/articles/CBMiekFVX3lxTFBLZ1UzRmNzTl81dzRVMXhib0tEZVZZTE5qZUVOREZiR3JtWnJfcUFXSVYwQ3lIOWlnQXBaS2M2RVRnYmdkMzlWVnJNOHdIOG1RUklvU2kwT0N5ajdneVc2WnUwcTBYVkhDekNaQ3hHTjNQa2F1dnRLVVh3?oc=5&hl=en-US&gl=US&ceid=US:en,MIT News,-0.296
Good News and Great Joy for Children Around the World - Samaritan's Purse,2020-03-19 07:00:00,https://news.google.com/rss/articles/CBMimgFBVV95cUxOekF2eGFGdGdOTnE2NjBnV2ZqM0tNODBWZzJVVk4xbXpCbzI4YWpnSFlHR3NRbFJNV2VvNkZIb3lKZzZldmZ1eFRYRUZ5bEpSYmNfc0FaY3ZSVENvbHJHaWVsMGowd0xUR2pjcWMwOEg0d0t2bnllU3g0TkJxaXBKZFM3RGNXdDlQM1FGOElUQTFRenA3NDQxakhB?oc=5&hl=en-US&gl=US&ceid=US:en,Samaritan's Purse,0.8957
Coronavirus: Brazil's Bolsonaro in denial and out on a limb - BBC,2020-03-29 07:00:00,https://news.google.com/rss/articles/CBMiY0FVX3lxTFA1TFpoVXpuZE9HUWdsV2J6SFJNTTNfOHVkcXExRFpuUkdSSmNZbHdDeHVaWXZKTi1TYkxkSVpqelg0TkZQOXlGVHdjM3VBUXMzNjc4REloSmlsTjZ1WkJ6aDhnb9IBaEFVX3lxTE0waERsdzB0amFUZHlGazZUTFBBYXoyX1NQSjFxMDFfb1V4SG5kSXVoNHdnalF0NXV0aE5xNnUxUW9JMVoyaFJGWklWMXVoYllUdFNPYlVCUFc4TzMwZnl4MFp5TE5CR3lo?oc=5&hl=en-US&gl=US&ceid=US:en,BBC,0.0
Coronavirus: Five ways virus upheaval is hitting women in Asia - BBC,2020-03-07 08:00:00,https://news.google.com/rss/articles/CBMiV0FVX3lxTE5JWGFpSk9UcFpPY0xjdjg4UmRmQVVlTlFEeVk1N1dwOGVOOUs2Q09MUHhlM1Bvc1ZFLXp1LWs0WjB4UTZ3RnU3TVRmTUxyLUhTeFE0UDRHZ9IBXEFVX3lxTE1ORnVXMVp1a2VvaU5NZWNHcXJwajRkOUhGNEFya0k1X1dROWl1Uk1qeEFQQW1qZDBEb3NjdHZvX0M4c005OVZzLTF0MXdLeUdibzg5WEgyY2czbUpx?oc=5&hl=en-US&gl=US&ceid=US:en,BBC,0.0
US jails begin releasing prisoners to stem Covid-19 infections - BBC,2020-03-19 07:00:00,https://news.google.com/rss/articles/CBMiXkFVX3lxTE5md2tHNVNOT0lVd3g2aUxWRnNFOG1KZ3JkRV9lOGdjLThiZGw3ek44akJBd1lld0ZtRlA5RjFTcEtsNXZrUk0xdXNzV0xYWGhyMXc1czdzNXhCOElBVHfSAWNBVV95cUxNQTBJenQ2SmdWSVRYbWdZSlFIYmtJSzZxcVFfemEycTcyMmY1TTRzcmN0Ml82bWo3X2JZbVJ1SFl1akxqa0tRQ1F5aGZnekNDN0F2ZFJZTGNWby0yd21KU2swYlE?oc=5&hl=en-US&gl=US&ceid=US:en,BBC,-0.5106
Coronavirus: The good that can come out of an upside-down world - BBC,2020-03-30 07:00:00,https://news.google.com/rss/articles/CBMiXkFVX3lxTE16ZDNMNUxybTU1b1loaVIzWG81ZWhGaHBnc0pUZ0swR28yNWdYUV9EUnlHdjdfQkRyTzVOb3dNeGJZamdaekZDTUtUV19GOG8xd1pKMjlTbVZtWHBtWHfSAWNBVV95cUxQcTdkbGJVS0N3dWRuVzdZZ2ktZjltVW9Qc1ZhS1FCeGo5bFQ0NnJBQ1VSMTNzc3J5VzJJOGJuN2p1YzJ4d1ZuWGNBdTBfUVhUVzY0aWE1NlhYcE1Ia3h4aWMxTEE?oc=5&hl=en-US&gl=US&ceid=US:en,BBC,0.4404
Iran: How Ayatollah Khamenei became its most powerful man - BBC,2020-03-09 07:00:00,https://news.google.com/rss/articles/CBMiYEFVX3lxTE1OQzhYOE1sRTVqX0lwbG1HckxxWHBucnJfbV81a2pPR1oxbjhlQjJXLS1TVjNaSUxxQWs5UVI0QThqb1FKWmV0VW1FX0RaZnJDWUpHc29ybUdCMWVTS0ZoVNIBZkFVX3lxTFA5TXNTSC1JazIyN19IZGxELUdnUHBiNENFbDVlVkFLdmRjS1gxbG9TWG9TbkFQNzhBRnVOWDhHanlTREJXZFh5M0VJODJBeTdNb2JKUXotRU9sdEZObjlsVW5EdDdMQQ?oc=5&hl=en-US&gl=US&ceid=US:en,BBC,0.4754
World Obesity Day - World Health Organization (WHO),2020-03-04 08:00:00,https://news.google.com/rss/articles/CBMikwFBVV95cUxOajRmeG5GcjZCZWZTRi1EOUNKVVNkWWIzdkgwNW5jVktVSFl1aXhVNzFaTUVTU1VLbS1zbGwzdk5KRndzdFhYNFQzYUpDT1czQ3dNYnZZbHQ2Vm5CS1M4dTkwTlAyYTZrYmdFcmlNemExZkZ5aUxCZHhIX3F2UE41N250XzQ3ZjIxYTh5c1N4eWpGSEE?oc=5&hl=en-US&gl=US&ceid=US:en,World Health Organization (WHO),0.0
Populism jeopardizes democracies around the world - Stanford Report,2020-03-11 07:00:00,https://news.google.com/rss/articles/CBMikAFBVV95cUxOWjV4LXdqRTFxRmNoRk9BZnREcnZsTnJ2YU03RE5mVzEzYUN2Q2sxQXRUVVdJODUxRGo5T0YwdVY1Z3Q2Wnlxc0ZvMHBZTW1jcUFORjlhc3NpSHBmbkRGT3lkQ2pDV0M5M2o1cnBlX2hNaGFNVkQwS1ZrbTRxREhhS3YxbHgzeDBXc3VRYm9MODg?oc=5&hl=en-US&gl=US&ceid=US:en,Stanford Report,0.0
"WHO Calls Coronavirus a Pandemic, Sounds Alarm - U.S. News & World Report",2020-03-11 07:00:00,https://news.google.com/rss/articles/CBMiqgFBVV95cUxOay1ZSGkyUkdmOC03ajJ0SWZYY0FvYkpxU2ZNaFVtbmNsOXNndHVWRHE0WWxQS1UxbFpQeEstb19MUHpwdmM4NGdselpnQ3JsbTY2dENfMVVxSHNPWXRncnpmUmVFSmltMElxTkxDT04yNjBxaVVwX0JYWFFRMzVtV1FwS0h4TU45M3FOUkdKRWZuVU5pWE9ueTVSN1VYVDNVZzdkYkdDMEJBQQ?oc=5&hl=en-US&gl=US&ceid=US:en,U.S. News & World Report,-0.34
Graduate programs recognized by U.S. News & World Report - The University of North Carolina at Greensboro,2020-03-17 07:00:00,https://news.google.com/rss/articles/CBMihwFBVV95cUxQZlRva0VoNDRjTWtvVGxKRGlET3VHRkNkTVRZdHB4d2NIYTFJUlU4SkpDd05iNzlGTzdkQlNqdGV6STBPbWdKRERQLU9Kdy1fT2lRYTkyUi0wZGowLUpaakNxeXVzcW1WT3BvbkxNRmFiemh2QnR6MHF6WXY4V2tyZVYwVGpuZjg?oc=5&hl=en-US&gl=US&ceid=US:en,The University of North Carolina at Greensboro,0.0
U.S. News & World Report Names 2020 Honda Passport and Odyssey as ‘Best Cars for Families’ - Honda Newsroom,2020-03-24 07:00:00,https://news.google.com/rss/articles/CBMijAJBVV95cUxOclVmaUxJSFBaV091SmpyQ1FUckNkUG83eWhnTEh2R0lTdVNiNUp4RkpzWlVEUTlfQ2xLSzJJcTR0QWxTOG04U1ZGNHFjNDhVMmJXdXVFdnRtQ05SazY5cUVtNjdyYnYzRk9LbW1HZ2N6ckk0NGtfX0M4OXUtSWt4RTlmRlFCSEFDNDk2VW5OM1p2cEd0RWI3SFFCRVlFaEpNa0YxMzlzbHZBV3VwWDc0T243Y1hDZTc3dDZiaXliYkdjQ1NoVU9VNEZFVjVmQkxETk5RLTdfdXhuSENRM2dRdy1pdTdiMEVTRnRlRHdmQ2dEN0lVX1pFaW5jQkI0d19NVU9rN3FyeUpJSEV1?oc=5&hl=en-US&gl=US&ceid=US:en,Honda Newsroom,0.0
Second US plant licensed for 80-year operation - World Nuclear News,2020-03-09 07:00:00,https://news.google.com/rss/articles/CBMilAFBVV95cUxNbEwtZVZjWWhuMVlnSHNxN3I0U3dtLUxLUWNYMHZlYk10dWNUZjhNTGN6V0xRY1Z0akxKTF9Bc0g3UXBOUkRBdWNEZEd0YVVjMktpOXdhYU5kY25Vb0FodUFTUTlQdmI4VE9femJhdElFaTFXMW9pM2FVVGRVeUtzbDEyMDdHaFc4U2MyN0xXTEJqZVo3?oc=5&hl=en-US&gl=US&ceid=US:en,World Nuclear News,0.0
Nigeria housing: 'I live in a floating slum' in Lagos - BBC,2020-03-04 08:00:00,https://news.google.com/rss/articles/CBMiWkFVX3lxTE1SODZjTE40MkR3N1VuSzUzbkFYTEZ1SXBmbFRaSkpjNUo0SUlRbC1BQjZDSF8yaDRWbWJ4bEhJbUZnT0RQc01KUFdwMjk0OVd3RWt3UElJZjUwQdIBX0FVX3lxTE1KYlRaNmNGYWEzR3lXTjNkcTNNU2NXQlNqMkZNczZNbmRjM1NjYTktUTd2UkFDNnRxWE5zdldCcFdMOFVydnZKbzhFeXNaRW55X0JVQVNVYXVjUU9QdHI4?oc=5&hl=en-US&gl=US&ceid=US:en,BBC,0.0
Hot tests completed at Fuqing 5 - World Nuclear News,2020-03-03 08:00:00,https://news.google.com/rss/articles/CBMigAFBVV95cUxOa3ptREZkTnZxaXVTbDRIRmViV2N1Z0c4blVndGs1Rmc0Q2poNTVVdWh4c1dEMHotVGhNNzRTQUVsYXJYc1lXQy15N3p3YWhSeXRBQm03RHdQUmVmYUdmR3JxTTlZLVJjTi1CSHNDX3R5RlU0aTdGT0ZVUFowZXpmaQ?oc=5&hl=en-US&gl=US&ceid=US:en,World Nuclear News,0.0
World Food Programme gears up to support children left without meals due to COVID-19 school closures - UN World Food Programme,2020-03-20 07:00:00,https://news.google.com/rss/articles/CBMitwFBVV95cUxNMFVseldXbm55cHNPN1F3S0FvNlA0VUhBVmhFbFM4dDk1UjN5U0dDYkl2aVZPdE84Y3hWaFZad1BpMlNxZWZkcW1zMEdVZEc0aFJ2Vkowc09pVDh5bFRxOUxTY2RzSXNRRGowblh4NjVmUnpNQUNWVEppU0N2TmwzZ2FMUDM1N3h1REQ5RnN6ZmtJWmh4NXQyTnhIT29CZ042eGFxTVpoZWJxaEt5Y3hNbmgwYVJwYmM?oc=5&hl=en-US&gl=US&ceid=US:en,UN World Food Programme,0.4019
Quibi Unveils Presenters & Further Details Of Daily News Show ‘Around The World By BBC News’ - Deadline,2020-03-30 07:00:00,https://news.google.com/rss/articles/CBMiqwFBVV95cUxQMkpuRTNWVkxUb1pZYTU3c3FnaUo5RUwtRUd6QTY3OGdvOGRfMVpqUW1WZGl6Z1EwckdtS0lwZXFRZGJYZDVXalhtM1JJdjdhQ0hoVVhfRFh1X05HV0lqbmRzSXpIWjFJclo3cmxieDFIZ2dGSEZMcHBkWm1aczVlVTR3cDlJbW9rekNRQU05M0h6SGpFYjRSMzF1U3pqMVdnWDRGM2JGbVRKZWc?oc=5&hl=en-US&gl=US&ceid=US:en,Deadline,0.0
Diversity in College and Why It Matters - U.S. News & World Report,2020-03-31 07:00:00,https://news.google.com/rss/articles/CBMimwFBVV95cUxQQVZOTWFBYXV2ZXEwQ1B5a2VXSHhLZFFQNE9BSXdremhPQjdyVEprXzg1RXpHc011Z3dnSHpYVDVscnB5MnlKSm9uU2JLQmtEVFpGc1Z6X2lzSUlpQi0xLVFRaUNiSDlmSFVoR0c0bXFMOFpMRVUtV180dUpIcU5hdDVUMk1zNU9DUEw5ZDZXc3VLNmRtZkRuUExWYw?oc=5&hl=en-US&gl=US&ceid=US:en,U.S. News & World Report,0.0258
Then and now: 25 moments the world stopped for news - Yahoo,2020-03-12 07:00:00,https://news.google.com/rss/articles/CBMilwFBVV95cUxPYTVuS0dQZW9aME13WFhkZnRnM2U0WmxscXRoNUFiRHpFd2VDY3NfU1RWZlZseE0zRHBXVnpPakNJYml3aHhocDVLY3dUeWFlNF82TWYzRVlDZ0NMdF9VdHE4V29LOWJCa1lzd291eUZQWHNFbVlnb2FPcmh0U290NktFQjB6ZmxZOFRxT090cVh2Uy1sTWNF?oc=5&hl=en-US&gl=US&ceid=US:en,Yahoo,-0.2263
Coronavirus confirmed as pandemic by World Health Organization - BBC,2020-03-11 07:00:00,https://news.google.com/rss/articles/CBMiUEFVX3lxTE4zVWFTcjY2MzRmQklkcFFIQzdVemxZSmR0Z2xUcWZpb3ZNVDRBeXg1bWdlYmVkbnQ1X0tWMzZvR29rUjJ6NE03UGM1bWZKdERm0gFWQVVfeXFMT1FteS1aaE8xSVNUT1d2OHZ3d0k2cTk4MXF0WWswUVhSdTdad0dvX0lSMF9BcldaT2k5SzlIYVY1RzJ5VHp4bGpFS21DWTBSVnJzNjhHY1E?oc=5&hl=en-US&gl=US&ceid=US:en,BBC,0.0
ABC News Bets Studio Overhaul Will Nab Viewers for ‘Super Tuesday’ and Beyond - Variety,2020-03-03 08:00:00,https://news.google.com/rss/articles/CBMipAFBVV95cUxPQUo3Vlg4aWU5enkxSmJhU3JJdEZXYWlBWFlDdkFtRllJMUNRY2dSVFVCOGV6T011VjJmcEZiZ054RDRNRU1yWlBuanQzSFZXUGZZaVJNZFdJVDBkNldOeFJfa2JVRTlvUmc0azNfWXQwLVpDTTU2dEdtQWs1UUt4VnVpV09nQW40TExvbWxpem9kbFpiSXNwQ1dhTnhjUzZJNFhrLQ?oc=5&hl=en-US&gl=US&ceid=US:en,Variety,0.0
"March 11, 2020 coronavirus news - CNN",2020-03-12 07:00:00,https://news.google.com/rss/articles/CBMif0FVX3lxTE0ySVRkbzI0aWFYTkdKUzFuMnFVSW5oOHFzT2RPLVdtdzZoRlMxV2d0aUxMdW1VdUkyUnA0QnZlNW00Z3J6RFRLT3YtMnRHckZhVzlSSTl5c3VIODZKZ0lIM3VqaEFUMUJHZHBQem9nS0Y2blFFSUxSanJ6ZlZhbE0?oc=5&hl=en-US&gl=US&ceid=US:en,CNN,0.0
Pope’s special Urbi et Orbi blessing: ‘God turns everything to our good’ - Vatican News,2020-03-27 07:00:00,https://news.google.com/rss/articles/CBMioAFBVV95cUxQRHZlU3ozZDZMaVZiRzIwd0x3TVFEQlNhNHhab1J6RVRkV3JCNEhjRi1yNFI5VTZEdzF6Mkc0RmxVaGJjZW5iLWtlb1RQVjQwMmQ2NUZyUjRlbExtUG1nTFd0TUlvR2duRng0ZnhZa2lzMVNPOTRhSkd6SXJDbEhMQ0VvNUZzRExteE4xMWVKNk1SNEdTWURYaWZCLThIWVNm?oc=5&hl=en-US&gl=US&ceid=US:en,Vatican News,0.7096
Italy has a world-class health system. The coronavirus has pushed it to the breaking point. - NBC News,2020-03-19 07:00:00,https://news.google.com/rss/articles/CBMiswFBVV95cUxQSUYtMlNwckRZT2JGbHZUV0VHU2FJMXZBWmJNWllBT0tKX1dka1IyMWxKdnlIdUZXRFJsQTltX2owTUpuUlViWEs2ckdjTzl2X1NGUHZxUmJkNzRGUHZkdTU2V1Y5UFlNUVdIMUpMS3I5Z3AwZ015QUF1LUl0M29GYS1fUWl4alFIWVQwTFM5MEkzcnI4el9QN2F0cEdRcHhuU0dFMm10ZFBCSUl5RWN2eFFFVdIBV0FVX3lxTE8zd05VMlNTenNpdUFMMkxIa3pFakVXWnFvSXpkWnRWVUpPSnh3d3dhODRNWDlic25CY0tZb2duMXhlcW4xWVpadnE2MlFiZU5lc1UydnJsQQ?oc=5&hl=en-US&gl=US&ceid=US:en,NBC News,0.0
WHO Director-General's opening remarks at the media briefing on COVID-19 - 11 March 2020 - World Health Organization (WHO),2020-03-11 07:00:00,https://news.google.com/rss/articles/CBMi2AFBVV95cUxQOXktMlhvVlJ1Y0I2bkFpN25UN2JFeE9aZHFBTE0yNDVPUTRBUVFyYXFZMzJRNFZEb3p2YnJaVHlBcllqNWRGYUVNZTBRSGhjNW0yT19kSm50QWZfOVFWMVFkV2I5SVFqNEp5YVFyS2M4cFh4cjFsN3ZTSkVJR0ppNUlSazZsc09LcTdsYnFsWkJsSDZfSENtbjZ0RXdLUXR0ZEZmSkxTZmVxY3A4NFphU1dBUmRPVnRSM2pPTUE0Y2s2NW81SmZhNDJBR3ZPeF9GU3h6Z2gxSTE?oc=5&hl=en-US&gl=US&ceid=US:en,World Health Organization (WHO),0.0
WHO Health Alert brings COVID-19 facts to billions via WhatsApp - World Health Organization (WHO),2020-03-20 07:00:00,https://news.google.com/rss/articles/CBMitwFBVV95cUxQMy1xNEN4aGNwY291WWdsbmc4OVFQNjBEREVkUnpGTjFlbE1SY3hJc3RFRWZzcVZETjNRLVhDYUFTbGI5T2k3VE84T3VJSDdpYndOMTlaVHpfb0ppZHdLVG5XbW1XeXlHOURhOFVHenZFUlZXX2J6R096SFpkeE1SY1BmZnJwbVlrWVBCNzRVdWxOV2F4RXRXLW1VWjRKYVJWY0pJZEZiRWoteVBaLUJ2REQ5MEVfZ0U?oc=5&hl=en-US&gl=US&ceid=US:en,World Health Organization (WHO),0.296
Global operation sees a rise in fake medical products related to COVID-19 - Interpol,2020-03-19 07:00:00,https://news.google.com/rss/articles/CBMiwgFBVV95cUxPajYtWGoycWNiT3EzbU5mcmFwX0ktTnNlVHR5TC1Ec3dzcHdoU1N0ME5lRl9UOGJrNUZEc3dBdTFySjZ5YWhzd3BsbUxRRWhUc0Rlb3dsdVcyU3N6RUR6VjJkTmR4ZE9fLTVXZ3dXbmVRTUFrNnl3bFZQRE1mSkJYbFhJZjlwRVdMV3BTY0pvLXpta1phZERONFRhUWY0TXVYaldhamlDUFEzOW4yOEw0WkpYTTVtRml3TlBoMDRTRUxJQQ?oc=5&hl=en-US&gl=US&ceid=US:en,Interpol,-0.4767
Coronavirus: Three out of four Americans under some form of lockdown - BBC,2020-03-31 07:00:00,https://news.google.com/rss/articles/CBMiXkFVX3lxTE5PandWODFTTTNIYjNkYVlnVWFUbDRLemdTYi04U3Z2cXduNGpCaUgyUjNRM2U2ZjBQU3I5QXFRZXZTR1VfY0hheWRnbnB6Z1BEeDM4eWg5M1N3U2szWFHSAWNBVV95cUxOZ0RldXZKc1RCaW9jOG83Wm9xMGE4cXRyNHRPRzBCWWZfM3hpa2x4MUR6dG1nbU1VRkdPTWRnYWNDemJodGFiQ002VGZCWHc0TkM4TndsVWVReF84U1dJelA5MDA?oc=5&hl=en-US&gl=US&ceid=US:en,BBC,0.0
Coronavirus: I'm in lockdown with my abuser - BBC,2020-03-30 07:00:00,https://news.google.com/rss/articles/CBMiUEFVX3lxTFA0aG51UHIwS0swR0Jqd2VLVkJkWi1sbEtxUVZqUlZxSkE1c1RBXzlmTVdZQl9BakNIN2V3c2pHVnZYU3p5NGhjaXNtTW92NmZK0gFWQVVfeXFMTUVNV3drM2VZZTcxMFNIWW1PbTFaZ2hpWndpUlBVNzBzdEJKTE5RUGNuaDVEQkh5TmJSQ2dhWTd2Sm1vTzVvdXEySTBvRUtjTGFET2dmVnc?oc=5&hl=en-US&gl=US&ceid=US:en,BBC,-0.5574
Hiring and promotion are key to fulfilling HE mission - University World News,2020-03-07 08:00:00,https://news.google.com/rss/articles/CBMid0FVX3lxTE50QmNpUjk1Y2tKVkNRV3VFeTNmSUZvV0owc1Znb2ltQjRMdWJFTG5RU2pFZm12VVg3QmI1dWhDNnYtTzQwa2ZnWU9KVDd0NzBrQ2d3OVNUWTFIT0dkOHE5SVBSc01NejJaTmo3RlZXRlUzYW9ZV1hF?oc=5&hl=en-US&gl=US&ceid=US:en,University World News,0.0
A new way of developing vaccines for Covid-19 could help the world to prepare for future outbreaks - wellcome.org,2020-03-26 07:00:00,https://news.google.com/rss/articles/CBMipwFBVV95cUxPZTZ1dlp1Rm1MencwOEdNOV82b3NlVUpMTEQ3TkVJekVCRXl4X0pCVXpEelY3Vnk0Zm11ZUpMbWpfZTlHYTZ1YzVQdGdHN3N1UHJnYmlYYmV6eUswa2M4NTZiaFlCQ2wtY0c5anNVQ0pFcGpON0lsbjVYNC1jQS1QNmpIcm5ydmwtSmFhY0JXQk5QcklQWGNtY09VZGUtTXVMQUhvY0NlMA?oc=5&hl=en-US&gl=US&ceid=US:en,wellcome.org,0.4019
Celebrating 60 Years of the World’s First Weather Satellite - National Oceanic and Atmospheric Administration (.gov),2020-03-31 07:00:00,https://news.google.com/rss/articles/CBMilgFBVV95cUxOX1FUWExZQWIyYjNYNGl0SXZjcHlBVjdXUGdObTV3YVUtMHdlQ08zVmxtcG1HZGNuRDEzOW1aZ1lpZGEwYjgybFRreXlPZDJtVHVTQXFiUDc5WERYYkpReFFDWlFJSVMwcktTVlZGR0loMkdnTGhvTFNrekdZVlFRV3AwS0NCQTFxRWFBRmxjOWZsV0ZOWnc?oc=5&hl=en-US&gl=US&ceid=US:en,National Oceanic and Atmospheric Administration (.gov),0.5719
‘We can’t go back to normal’: how will coronavirus change the world? - The Guardian,2020-03-31 07:00:00,https://news.google.com/rss/articles/CBMioAFBVV95cUxPYTNZbTRPeWEtSTJsY3IxUnpCcTRwRU1SYXNwY1RWNXJ0M2V1elg1OG8zNFpxdFQ2ZGd6TVBHemNKWjVvdUxKY3NrVlo5V2J1VkFUY04yZkVmWkZka3NDSkFaYjVUdHJfX09rMm51a3FIbVdSaDlFRWlXdFF0dGlYc0szWXdsNzgtQ3FkeTJ3Q3pVc3hHLXcxMFg3OGtrWDFt?oc=5&hl=en-US&gl=US&ceid=US:en,The Guardian,0.0
World Down Syndrome Day: seeing the person not the condition - Vatican News,2020-03-21 07:00:00,https://news.google.com/rss/articles/CBMigwFBVV95cUxNcWF4NENiUm50S3RSYkRpTndqLVpFeUVHVEhqVWZ0WjZ6YU1yUkltYmhEUVpKRFRBNlBJZlBIUXgtdkwtY20zUkpsR1pDWnl0Smwxb3hzQ1BXemNQWXRmdDloNldXcHEzeDl4LV9VYl9BTnZfN3NieVNjSm9qZDdCTTFoaw?oc=5&hl=en-US&gl=US&ceid=US:en,Vatican News,0.0
"Lockdown, what lockdown? Sweden's unusual response to coronavirus - BBC",2020-03-28 07:00:00,https://news.google.com/rss/articles/CBMiWkFVX3lxTE9NNW1xZU5ibFhxanRmVVMzTzc1WGhHeVFucUotRjNOREw3Sm9xYWRnbXAyN1plWDJCbGhub2J4TzVtSmc5ckxsRUtTTDdOSE1sdDY3Vm84U1ZDQdIBX0FVX3lxTE5UdmY5cktOdTdYdlJnT2F3dDU1Q0FjVDltY0xzbUo3djdTMVUyQmtJb3ZiZnRQcWVBUjcyc0U2MDR0SmpKSDhBUGwzQmNWTWNlclF5WkVMVHZDbHlYLTdJ?oc=5&hl=en-US&gl=US&ceid=US:en,BBC,0.0
Coronavirus: Italy extends emergency measures nationwide - BBC,2020-03-09 07:00:00,https://news.google.com/rss/articles/CBMiWkFVX3lxTE1NaEFWc0pQZXlzWkVlNWduLVgzVEo3RDE0bkhYcHBfVzlxZm1fRUNQSmQyVDI2U3FPTjhlRVpQc1YwdjFTeHd1TFpCSUV2QUVOWTRmWGo0Y0xtZ9IBX0FVX3lxTFA2dDBZeFRrc08tbHFNNmRmVXdjRnNoNFNjbV9CYkNWdHB0amxfZE9vbk94RW56TzVjbTV6S2JzUzBIcFNxbXV1Rm9KZ3dtRG9TcjFsQnZBR2JTRnpxTHBv?oc=5&hl=en-US&gl=US&ceid=US:en,BBC,-0.2732
U.S. News & World Report ranks CUSP in the Top 100 Best Pharmacy Schools - Chapman Blogs,2020-03-30 07:00:00,https://news.google.com/rss/articles/CBMiX0FVX3lxTE90QzVEUWhiSUxLWDVJV1BLcEV4X3UxYXE5MWNSdzNkMHhHdWpaY2doaUFVVk5QM3BQd2tTTlJmcmQxVnJMaW8wZzM1bFZXYUtTN0Q0RUViS3ppVWxzTm9Z?oc=5&hl=en-US&gl=US&ceid=US:en,Chapman Blogs,0.7184
Coronavirus: Hungary government gets sweeping powers - BBC,2020-03-30 07:00:00,https://news.google.com/rss/articles/CBMiWkFVX3lxTFBTR1ljOWlGVmo5TkVTWEwyNTN4MXQxdHppSHZDQ19uMUh6NU9HWDJJc2s2cl9jcG9nZy03bjgyQ2lxUjJCMWE3QkpERm5RMDhUbUFnd3FwQXl5d9IBX0FVX3lxTFBQMGxvWGdUc2xHRzVjcmk4VmpHb1RyN1FFYmVHTGZfaDZlTHM0RDhzaVNxdzV2ZDlJQnNJYXJHbVlDSnlJcFdIWlRBQ1JpOFpoRTJHQkRrcmVuZzZtLVh3?oc=5&hl=en-US&gl=US&ceid=US:en,BBC,0.0
"WHO, UN Foundation and partners launch first-of-its-kind COVID-19 Solidarity Response Fund - World Health Organization (WHO)",2020-03-13 07:00:00,https://news.google.com/rss/articles/CBMiygFBVV95cUxPVkhYeFd6V1FEU1FiXzJyX2dxbnNFSVh5S0tKRl9aQ2E5T0wyR2pGV013QnVMVGoydnBsYzFIMDZYU2lzQlRCdXByUHY0aXQ0X3hrN1hRUmNfOUtILWV5TklzdHN6YWtfZW5SLWdWSlJoTGJ0U0RwX1JtZ2o1MlZGLWQ5dk9GVjhxaTkzeXJFXzFUVXpJbTg3Tzcta2VMYWVLaGJfTWVvZGdibUg3N3pqdzhEcVR3T2RmS2ZHSzc5VzNZWVMyMDk3c2RB?oc=5&hl=en-US&gl=US&ceid=US:en,World Health Organization (WHO),0.296
Coronavirus: These are the latest developments from around the world - Sky News,2020-03-08 08:00:00,https://news.google.com/rss/articles/CBMiuwFBVV95cUxOcGQ0MFl2ZUhPSEo0cWVCVnFqaXkzbFBManpOUDJXYk05ZTdoRHZSOWxyWEZnNS1jQVd0SzZlZWhUeEF6MGJ0NnBHT293a0tJWVhfYmJwX0NfRG9OSkJLMFN2bkxkcHViaFFRV0VaWE5OSy0tMFhYeWprNTdXRXlXR3dmcVZFQ0Iwd1g3NE5CU3BJZzFVdjZWLTlONTI2Q2dlSFBtZjVKaG9nbjY2c1RfSzM1eHhNc0QyMDdZ?oc=5&hl=en-US&gl=US&ceid=US:en,Sky News,0.0
Coronavirus: Up to 70% of Germany could become infected - Merkel - BBC,2020-03-11 07:00:00,https://news.google.com/rss/articles/CBMiXkFVX3lxTE1ZbzFLbk8yMzNDcTJSRldWN2djYUk0enN6M2hjYnZCZkRxUEZfYTZUcVRsX2Ruc3VzMUgxRnNocFY5N1R6a0hHbmdzQWx0MXVBR2FZMUo2ZnlmRV9tUnfSAWNBVV95cUxPZWZkN3NqVXZYYlQxMk03NE9uckgwRjd0WGQzdndDVlFiMXdkcGg2X2kweXFMeGNiVmJkX1NNTkMxT3JDeDF1eE9qRTI0c2t5S1pELUprdm01RUNZa3lUZy1vOE0?oc=5&hl=en-US&gl=US&ceid=US:en,BBC,-0.4939
"WHO head: 'Our key message is: test, test, test' - BBC",2020-03-16 07:00:00,https://news.google.com/rss/articles/CBMiVEFVX3lxTE5vQVp4RjEyTzRHbXV2NlZnVTRXc1dtS3RZZEdBTkM4YkduYlE0dmdaQS00Wm5TOHYzUnFhQnhJb0J2T1huRmMybmNnZksyQlJ3U1Qwaw?oc=5&hl=en-US&gl=US&ceid=US:en,BBC,0.0
Coronavirus: The fake health advice you should ignore - BBC,2020-03-07 08:00:00,https://news.google.com/rss/articles/CBMiUEFVX3lxTE9ybmxxWGNIWFAyTEdtUVhtMjVuT3FNM1VxanB6MDZobWxSUUhoLUNRbFoxd0t5eVJfVDNyUWJ3bVpSdm43Wk9vbWItTmFFTm4y0gFWQVVfeXFMTjBYZUZwSDZIOGwwUGlBWEZzUzN2aEdJeUdhWUd0NnFQY3hvOW1lS2ZfeEs2VnpFTjB1OWUxTWs5WERIaEtMcmdSZWVUVjJOcjhKSVlEOWc?oc=5&hl=en-US&gl=US&ceid=US:en,BBC,-0.6808
Schistosomiasis elimination: refocusing on snail control to sustain progress - World Health Organization (WHO),2020-03-25 07:00:00,https://news.google.com/rss/articles/CBMitwFBVV95cUxQNjZ6OWF1VnlqUklzOG1vM01rcklSY19jd29vYXA4SkVUOXVOcU4tVUpUNFB0VWhnRUhVUWw1RFFkdWFmXzgyNXpwSDNuWF93RFhQS2pxbFItS19fZzdBTXJtVkVkamJKaTd4NEh3X1VIQzl1QXExQ1lMcHo5dTJ5eWk0eHdsVDBJS0NZNlFDTlIwOUVuVXFneUJnZzVvTnBQTnptYnJ1alhFaktlR25aZ05iNk82QVE?oc=5&hl=en-US&gl=US&ceid=US:en,World Health Organization (WHO),0.4215
"The world´s largest-class hydrogen production, Fukushima Hydrogen Energy Research Field (FH2R) now is completed at Namie town in Fukushima. - global.toshiba",2020-03-07 08:00:00,https://news.google.com/rss/articles/CBMie0FVX3lxTE1wY0dRbkdNalBTZXR5VVF1dzlpdEw5NlB5N1doMVFydHBGdjVtaE0xcVNTUGpuZWZIRldNS0pmZ0NHeXQ2WDBrdG1sOTlZMDhnem9PVUJtWHMtYXBIMHlmTWFpcFhyd3RqTEYzSWRMUHphbktHdlJVQnpIZw?oc=5&hl=en-US&gl=US&ceid=US:en,global.toshiba,0.2732
How Helsinki and Oslo cut pedestrian deaths to zero - The Guardian,2020-03-16 07:00:00,https://news.google.com/rss/articles/CBMingFBVV95cUxPb1h2djBQbWFqOHhQc0pFQzRBZ1ltVVVBM0FCQ3VMTzFxdjZmZTRJTlVhUDRWbVFmaUYwbEgydHZXWUg5am1TRlU1YkNFSlZjSDhMVUNYTU5NNU9CaEg0amJ3LW44Z2lJQV85YjdPZ2NWcnJTT2VqWkUyTGVIR1ptd3EyWHNYQ2JRYk40Y1BWbmxidXltZmNheFdnWDdoUQ?oc=5&hl=en-US&gl=US&ceid=US:en,The Guardian,-0.2732
Eight strains of coronavirus afflicting the world - News-Medical,2020-03-31 07:00:00,https://news.google.com/rss/articles/CBMingFBVV95cUxPQ0Z6NkpaRHVUWjZFQ0xwLTBEektIR3FWN3BnSnFLZFB6ZFNZMlRwZW9uQ2pUYzBYcWdiRlFNcEdkZXFCTDRNVDdraTdwSkFaWW81VlFZMjMwUGhSU1FYN0tpaHVnT2RWSTNIakF2SFR2MFByMFlLdUtUd0JUQzN0eFhMd2dsSXJpak5oN2h4UnNSYXd5VEZGbGhOa3dQdw?oc=5&hl=en-US&gl=US&ceid=US:en,News-Medical,-0.296
"WHO Director-General calls on G20 to Fight, Unite, and Ignite against COVID-19 - World Health Organization (WHO)",2020-03-26 07:00:00,https://news.google.com/rss/articles/CBMiuwFBVV95cUxQWlkxOFBSMTFtdGFSQ2RYYk9lcjctTGE3NndUUHlxckxjZW50U0hldDR5aTlqT2xUdXZRaUtFZ1lhTWtpTGltUFZvelcxcDU3cW9vNk83Tzk3OEl5YWFIejNGYVA3Rk1ZcW1RbG5vbzRQeGVXbkZ5c2hVTm9IZ3pRbXM4enJuZGg1SEhRSkFDZEx6Z1FWSUlqdEVyeW9leWFYSUJMU1BJVE4yOTF4czZjcHdvQUlndlJtWVZn?oc=5&hl=en-US&gl=US&ceid=US:en,World Health Organization (WHO),-0.3818
"Babies love baby talk, all the world over - Stanford Report",2020-03-16 07:00:00,https://news.google.com/rss/articles/CBMieEFVX3lxTE14U1hUN1UydUgySWNYTTFHQ05CcEVybnNzZHdWTUJjZ0RyaXZkcXdTd3QyaWxRZkVLTWVhNnBpSE0xWF91QUZZeGg1Z3JNcUJVREk4UW50bzhfbTNWUUp0ZVBMZFV1MWdnbmJCd1pzaEg2WVlldURyTA?oc=5&hl=en-US&gl=US&ceid=US:en,Stanford Report,0.6369
Global light pollution is affecting ecosystems—what can we do? - UNEP - UN Environment Programme,2020-03-13 07:00:00,https://news.google.com/rss/articles/CBMipAFBVV95cUxONXZCU1VLbEl5bDI3LTV2Z0RmaW9uOHE1cHF6bVV3WTludjIxdS05ZlF5cm8ydmh4N1l6QUxNYm50REZQSWpIYnNobXVxOUtwd0xneU9KSUp2eGRQcHFScUE1MWV4cXRiQnQ3cGx3UmQ0RjBrRU9sdHdYeFdacVlWejRuZEpKRHowc2tKZFdIYWNRUF9aVjhTWVFmekYtUVlqT284eA?oc=5&hl=en-US&gl=US&ceid=US:en,UNEP - UN Environment Programme,0.0
No news is good news: Big Brother guests unaware of pandemic - The Guardian,2020-03-16 07:00:00,https://news.google.com/rss/articles/CBMirAFBVV95cUxOZGs2WTJUWTdFcnF3U0ZiM2IzQzBweXlKVWdGR0FJclR4OGZ1VzAwVUxVZXlFUE5iazdXWUZSU1ZJTGg3NHZIamEzMFRFUHJ6OGYyVFhsODdwZ0lTM2xWbE9CT19MNGVuQ0VoeWFDcmhHV29ZT0J1Z0dkdFh1T0lKLWVNNXdhUWQxeHVqTXlPeXUya3czVFFHZ1VCTjZvZjF4VE5DWGM3NG5Ua0pW?oc=5&hl=en-US&gl=US&ceid=US:en,The Guardian,-0.0258
UC pharmacy college jumps up in rankings - University of Cincinnati,2020-03-17 07:00:00,https://news.google.com/rss/articles/CBMiZkFVX3lxTE5qRkpkS3c3TXprRE9BenU0YUh2Z3NXano3LTdUaWNURENkMWdzUVN4VVV5d2tHTVRCd3dnTEl6bXY1MHJxM1FUZHZ0RklEUkJNOElTUko1VmJ0ci1mbnRfWHB0RGFGUQ?oc=5&hl=en-US&gl=US&ceid=US:en,University of Cincinnati,0.0
"Coronavirus: India 'super spreader' quarantines 40,000 people - BBC",2020-03-27 07:00:00,https://news.google.com/rss/articles/CBMiX0FVX3lxTE5QX2tRcll3WXNLWElac3oxMHBZM29ZWWhuam96VXJVOHo1Sm5mZ3JrUkc4WWE5d2k1NzVVNjFxRWdqZmJ2T3FCZXV1YllHYlpGRXNSRGNxOEc1YmpRVnUw0gFkQVVfeXFMT3NyN1hTVVdIZkFnbVl0Mm9ITmFvS0JKSTFHOFZONVQyUWVWQTlzZWI2b2FUbHJGTjlua2o5RV9vWmhGUkRZNkFfVEJpeVpzY0J6ajJrQWtadUNUQ24tZ21ZWVdnNA?oc=5&hl=en-US&gl=US&ceid=US:en,BBC,0.5994
Archived: WHO Timeline - COVID-19 - World Health Organization (WHO),2020-04-27 07:00:00,https://news.google.com/rss/articles/CBMickFVX3lxTFB4ZGpmWUxmaksxbmdaQS1QRVFQVHROQ0ZOX21fOVlHSHZFcWhiLXFjMDRtX1VfendWTGhwYUZpV19IdzloZGsyNkpfV3l3ZW5VX3dza0RYU2U2dFZGMGZUWlVQMExHNzRwQ2xjd2RrVk5CUQ?oc=5&hl=en-US&gl=US&ceid=US:en,World Health Organization (WHO),0.0
COVID-19 will double number of people facing food crises unless swift action is taken - UN World Food Programme,2020-04-21 07:00:00,https://news.google.com/rss/articles/CBMipwFBVV95cUxPR2c0enItWTRBSlhvSFdKN1FubmhrOTk2dVc3SjNCVGZleGFOWElCc08tUEw2cG9jcHBjQ2o4NkFGWXNrM09Zem96Mm1takozdGdtc2tUR2h4V2ZXUjBlY2tuQVJ6WG9SU2hLMG1kek1DOXY5Z2tHOWZhT2RwcTFLYng5QmpaVHJ1eUszUjFTVUJJX0NwRnR5TnY1bTlHUkx1bDRCUG5Raw?oc=5&hl=en-US&gl=US&ceid=US:en,UN World Food Programme,0.2732
Coronavirus: The world in lockdown in maps and charts - BBC,2020-04-06 07:00:00,https://news.google.com/rss/articles/CBMiUEFVX3lxTFBONFJ2azExcU1DT3BRY3RuWWNETG5CRGdSWVRvM1pWNlc3QjhVckxrMnc0ZEMteldjVG00MUxiRGlCWDVxTFB1ajBHQ1Nybmpx0gFWQVVfeXFMTk1tNHAyQW5WMWpOYjFwUWc0MU1aeDhQTHhiNGR6NUY1YUJ6MUF0dnJxeTk3SkxWWWY5Q3MxbUxOZVgwd1c5cDZ4SXBZY2syVDlLaTdoTVE?oc=5&hl=en-US&gl=US&ceid=US:en,BBC,0.0
News Release: NREL Six-Junction Solar Cell Sets Two World Records for Efficiency - NREL (.gov),2020-04-13 07:00:00,https://news.google.com/rss/articles/CBMirwFBVV95cUxPZWlqRjBoRm1HQVVydU15eXc2N2ZFRTFSQ0hRQXpDUHVFdExqTW5MeXBveDR1NWIxblBQamRNS1lwYVg5X1NrX2pJWXpSMHZERUVZaG45dUtGU0JmLXc3OEV1VWZBclBJR1E5QTdNbFNCR2FEVUFZakJCWWdCZVJpdm9lZVdjdjlnYUVvQWYycERtNTAwQVlVV3g1WlJlMU1Xc0FPaWEwdHJmWTBqNWxF?oc=5&hl=en-US&gl=US&ceid=US:en,NREL (.gov),0.3612
"How might the coronavirus change the world around us? - University of California, Riverside",2020-04-01 07:00:00,https://news.google.com/rss/articles/CBMijgFBVV95cUxNNFo4Z0xMOC1wTlIwbDFKYnhPNHpTNUx2RWJwd3ZlVTkzS2tMNHlPbmZibVNFMnpUeDJ1Y2NXNnVHRlowLU9Td0ptbmszX2dYaHZBVU9vdDEyb29wWkFWM3oxV24wRU9FQzZfZjBEbDJydHk1b2lMaTlZUjV5MmRNNmd3TkJIY2pSa3ZieFl3?oc=5&hl=en-US&gl=US&ceid=US:en,"University of California, Riverside",0.0
The World Bank Group Moves Quickly to Help Countries Respond to COVID-19 - World Bank,2020-04-02 07:00:00,https://news.google.com/rss/articles/CBMiwwFBVV95cUxPQmFjSktSQzJyZkpQUDlNUnBvWHRZVF9LeDlIWktPOWtYdVR0WUY1SGtFVmg5WnhDMjB5U1VzTnc1MXRaMW42eTBnWVRWN1pOTmFWTG5ueFZLXzBsNVp3OWJ0M045RU9UaDhfNEk5QUVRX3lFS1hNVmN4VmhUSmdoakRVelRjUjVybFEwWnR4bDRNTjA3ZmlaaERVR2tqWVNxTmpPaWd0a3dsTDF5bVIyNS0tdzl2M1VOWDItWmhIV1luTlE?oc=5&hl=en-US&gl=US&ceid=US:en,World Bank,0.4019
Putting fairness at the heart of higher education - University World News,2020-04-18 07:00:00,https://news.google.com/rss/articles/CBMid0FVX3lxTE9veFZlYUExaXlIajZnQTlSR1ozQXV5dE5oNllpMERYLWlneWtvMFZ4VVJIZWI3cmtXSHNmV1NteHJTQVhDRm4tVnZVRGNuQ0pYYmJlVGdWVXNrTXItLWJBVDZFSTVYNFNvRExoU3lXakIzWERGUjE0?oc=5&hl=en-US&gl=US&ceid=US:en,University World News,0.0
"COVID-19 threatening global peace and security, UN chief warns - UN News",2020-04-10 07:00:00,https://news.google.com/rss/articles/CBMiV0FVX3lxTE1qWDR6YzBZQVlibjVSUGtRM3I5WE5pZmVMb0s5bFB2NzZsMHNtTVB1SEZVaTlUdTh3ZEx6eHVMQVk2blk5djZTUWJMMXVMX0gyS2NHYVlEdw?oc=5&hl=en-US&gl=US&ceid=US:en,UN News,0.2732
Global rise in domestic violence cases since coronavirus lockdown - Vatican News,2020-04-01 07:00:00,https://news.google.com/rss/articles/CBMitAFBVV95cUxPd2xvUzloTFV3ZktVNUYtVlNSMnZUZThyQl9CZUxfM0pOZjRWWkpFOGNuY2xDb3JZT0tKTmt0UjRvUVpjSzEyZWprM2NkRmZYOEZGS2lCR1RJZkxUTEMwNm1MLTl1ZmdySV9mUWNhWXZpVVlUVTFRNk8xUlRsd25TSWx5enNmZDBjX0thc0lpWmpHd3pOY203SlVnelJSUUFpbFdZUEN0emRXbFNRZTFYanJwYS0?oc=5&hl=en-US&gl=US&ceid=US:en,Vatican News,-0.6249
Perspective | Cable news stars like Hannity make headlines. But more people are watching David Muir’s ABC newscast. - The Washington Post,2020-04-23 07:00:00,https://news.google.com/rss/articles/CBMirAJBVV95cUxPRTJVNE9DTnRJQWNRdDFZRUtaOWl2MVNsTnFwTzk1WVNneWozUGdYbEZhNlY5NjhuYVFnNjJSY3VUSnpqY0N6dHNtNVg1VGUydDY1Y29zS0VpMWtaaUYxX2lXTWRsM2xCUTJVczE4SXdWTGFSem13N013V1F0NTd6aGxHSmJWeWZCckg3Zk81d3E2Q1o3VkJZb0FjanJrRlFWTTlJNXlzdi1aaklyXzlvbXJwN2tTa01BQnZLN1hvR1hQUFRGdkJOYnRFRE1ReVN6OF8zNjRXbjRKVTAybFlkYWc4aW9nZGVheU1ZSmRhYWVKWkpvdzNBMU9zQm9vU2xTRy0yZXcxY28yVGdidm5keE1wV2JldTJwUUVsbFlGTVhDMG5OYzNVRlBINkw?oc=5&hl=en-US&gl=US&ceid=US:en,The Washington Post,0.1901
Little League® cancels 2020 World Series and Region Tournaments - National Fastpitch Coaches Association,2020-04-30 07:00:00,https://news.google.com/rss/articles/CBMiekFVX3lxTFBzaHRWWGhpSl9JU1lwUGVteFdDejZfQW1CM0QxTll1NWUtVDhNNFFQcHZVRWNkblNJUWtWRGpqbDFEV1hWeGJEY0lqVlZhdzFiOVRoNDR0S0xKdmU4elJ3Ny1pX1lvRFRpS1MwaHltVDBRbmJGcDh3Q293?oc=5&hl=en-US&gl=US&ceid=US:en,National Fastpitch Coaches Association,-0.1585
First ever State of the World’s Nursing report launched amid COVID19 pandemic - World Health Organization (WHO),2020-04-06 07:00:00,https://news.google.com/rss/articles/CBMiekFVX3lxTE94a0YxaXJuUUlYanZRNzFHTkRKZEdneHBYUmh2bU5BZG9nNGJqNTE3OTJndlBCM002U0tMek9nSHZJZ1RDT0dEYnJSSEJHMjcxMWNFcXdiMFNHX1M1dFYwQ25wYl85TVNSWlhSVXhSZHFneWVPXzZlamh3?oc=5&hl=en-US&gl=US&ceid=US:en,World Health Organization (WHO),0.128
Coronavirus: Outcry after Trump suggests injecting disinfectant as treatment - BBC,2020-04-24 07:00:00,https://news.google.com/rss/articles/CBMiXkFVX3lxTE50QzVoazUxOENLakQtNlhCbVFDdk1rNHp2dGg4TnpadkM0REVHYnZKMEJPcmU5VFlFUU9pbmZfVlJyQW1fUk9mY2R2ZXhvRWx2VF9BbnBYMVZSLVhkRlHSAWNBVV95cUxPeUVOVzFmb2lTNk5kVkRVZmo0T1FiSC1XVVEzck41QVdobXY1MUxTSXJaVzZZV3dwd3VYUUNhNGdzSEVBbm91RW16eGYxLXNOUHlmWVVFOUpMdE1qbEY3OEI2Szg?oc=5&hl=en-US&gl=US&ceid=US:en,BBC,-0.5106
World Health Organization ‘absolutely critical’ to neutralizing coronavirus threat – UN chief - UN News,2020-04-08 07:00:00,https://news.google.com/rss/articles/CBMiV0FVX3lxTE5BRkdaRTJnQUowSnAzajRIelY5NWRCOWs0R0kzN2xxVWMtQWxSQXFtQ1BWMVE4dWk1MEREN0t4X3hNUkw3RnRKYXYxLUs2aGRVeHpyemktMA?oc=5&hl=en-US&gl=US&ceid=US:en,UN News,-0.5267
The future of international HE in a post-mobility world - University World News,2020-04-18 07:00:00,https://news.google.com/rss/articles/CBMid0FVX3lxTFA2SFQ1MEV3Y0JIQ0JEekZTYTdlcmxGTE9LYnZFVDlONklCeGhscjl2MndteGdwNjhOamliRFRsZWwyWXRwRUc0WUVxcDNRME5XUmNBZHBjbkE2N2dERWlmYllKeHJaU01hTThmRW9XQXZlcHY0MkxR?oc=5&hl=en-US&gl=US&ceid=US:en,University World News,0.0
World Bank Fast-Tracks Support for COVID-19 (Coronavirus) Response to Pakistan - World Bank,2020-04-02 07:00:00,https://news.google.com/rss/articles/CBMi0AFBVV95cUxQelMwcnl2LVlhVE1MSUFBZDBMSllMWG9LZzNtWGg5RWtMblRnZGlSVFEyamFFTFIxVXNrUVY5eGQ3ZDNnOTN1eTlGWmROZHhaMWp1MG5lc2RzbHY3MGEwejhJNDZUOFJfajJsUTMyOHNwdF9vVFV6RWZ0UUJsQUtPWHRJTEl0cHdGUUZkeDlTYTR5QjNaMExKdnN6R3N6R1gxdjhhZTZTSlY4ZVdUVU1xUXNwcDNLUjlMaHJoUkFYV2REWUtqLUtoeFN1UkNibFlu?oc=5&hl=en-US&gl=US&ceid=US:en,World Bank,0.4019
WHO and partners call for urgent investment in nurses - World Health Organization (WHO),2020-04-07 07:00:00,https://news.google.com/rss/articles/CBMimgFBVV95cUxQLU1oTFdwbnpPdGFxRC1DeVhjMkVNbzJNZWZ5MmVacEpJbUxRUDdBYmpXa3B0bkFCZE5qUFBjb1BqOUNtemFWX0hQR25NbVVxSDM3clY3TUk0Q0p6X2h2ZGV2LUNLVjJ1S2NkdmVkWDZPb3k4VUczR2R1SkNBNnNZVXVWdXh6M1RiNEtVc0lxZlVsZk5pWnhtb1l3?oc=5&hl=en-US&gl=US&ceid=US:en,World Health Organization (WHO),0.2023
World Immunization Week 2020 #VaccinesWork for All - World Health Organization (WHO),2020-04-24 07:00:00,https://news.google.com/rss/articles/CBMiogFBVV95cUxPb0xGazZkQ1QwcGhCQWxzRGxzRTZZTzY0TzhTcXpMa2cyUzlhbjh4dTNYX0llN01GUTBDb01fSEQyX0REV3JaSDRYYkpzSFpETGJoNnBnX0J4R2lkUHplZVEySWo2T09DZEZRUWZSSEpwWjd5aWVJTWtCZnJCeXQ1SG1xb2g4Q3dtajFzMXplVDhZcXdnMi1tTEpBSTU4LWN3RVE?oc=5&hl=en-US&gl=US&ceid=US:en,World Health Organization (WHO),0.0
Why the HIV epidemic is not over - World Health Organization (WHO),2020-04-29 16:31:42,https://news.google.com/rss/articles/CBMifEFVX3lxTFBXWkpBNFJ3WUdHVDlCbnBrYVl3djlIMTQ4SkZIRV9NLXdFWl9UdXd1MkZ2SG1pNDhBTWd0MElvSU5RbHN0NDVFNDZLVkRabGw0cllmWThmZGNYVHJveXlYMzYxeUp0WlQ5UWpYeEtvalJXZXIyelpXSTJjck4?oc=5&hl=en-US&gl=US&ceid=US:en,World Health Organization (WHO),0.0
"WHO reports fivefold increase in cyber attacks, urges vigilance - World Health Organization (WHO)",2020-04-23 07:00:00,https://news.google.com/rss/articles/CBMipgFBVV95cUxPUVgyMGtBUWZ6b2M3SjBJdTd0Rkk3TGhqeXJGMnp3Z0hycGdqT0dSQkYwQ2tpeVJlYVBYMnNlUXVxb1FlLTQtNGVmbl84UWpHaXlROUdoaE1BZU5JNUVlUlJhd0x2STZoWjQ4STc2S21yUW9BRVAzOXg5TGluSVp5dDZqbUZqY0xYSkJ3RDFTQ2JKZUlOdlVHbU5KZ0xzelhzSHFtVVB3?oc=5&hl=en-US&gl=US&ceid=US:en,World Health Organization (WHO),-0.1531
Transcript of Kristalina Georgieva’s Participation in the World Health Organization Press Briefing - International Monetary Fund,2020-04-03 07:00:00,https://news.google.com/rss/articles/CBMi2wFBVV95cUxQaGUxWThfLUNRQmRkR2xyVU1KSExtMGpPVzhtamlDcHNQTjB4eXViMGdHQ1AxRm55YXE5RTFVTV9VcnVWaGFfbjlhTjhpaFhIN04tLTcyZ3pVc2I0TlRKZnZVREdoY0lIM1FHbkpqZlpEbVlxYUgwRnFTenpxeHdtQ0dxX2w4aFU3R0ZFVVJxaDJYVzc3SjRSQ1lDSzd3VG0taUJrTUJTV0czQkFJT2xoZ0ZRSkIxTHlMcnduc3d6UHdfeEYyYlBtaDhDbDV0WFN0MHhkN1dFdk1fVGM?oc=5&hl=en-US&gl=US&ceid=US:en,International Monetary Fund,0.0
Professors on the frontline – Using science to fight COVID-19 - University World News,2020-04-23 07:00:00,https://news.google.com/rss/articles/CBMid0FVX3lxTE1KVTkzci1EeDNOSGs4WFVlRTQ1UHltbDN1NFAyeU9nUXc0aUVmazVKcGlmWHhKUDZRVmFFWWVSc2NXVC1BOHItbUFhbFZRbU4wTVdKLVptQlFfbEZOY2xGMlJSaE1lSXh0dmFEdHl4QVFPb0dZNVhB?oc=5&hl=en-US&gl=US&ceid=US:en,University World News,-0.3818
South Africa's ruthlessly efficient fight against coronavirus - BBC,2020-04-02 07:00:00,https://news.google.com/rss/articles/CBMiWkFVX3lxTE9zUTBqaXF2clZ6dHNwV3hFcHBQaS1HTGdUSERDUm5wWmdzX0ZULXBTa3FwZlVOdWtBVTZoTmF5a3RmX0Y2MGMwdHJyeS1nVHRJSnd5am50c1Z6UdIBX0FVX3lxTE1PTGZlMFZISnRTTWF5VkZNcEN1SS1uLXFTSWZEQnJ6VkZFOTYzQ3BpT2JkWmpYQ0hVQnhOYmpzdXVsSV9sY1M5NXFtTGdQeEJSMF9EX0dtVFpUeTdHVnJJ?oc=5&hl=en-US&gl=US&ceid=US:en,BBC,0.0516
Holtec SMR to use commercially-available Framatome fuel - World Nuclear News,2020-04-29 07:00:00,https://news.google.com/rss/articles/CBMimgFBVV95cUxPaW80UWUwMENQMm9yUDRxZ1VXdFdvS21XQ2taNFFGcW9nZ1hQbjJyRjFBMC1oMVdRVmtOZkRwZ2hxSjhuWnBoLWlhUEJ2TWd1VkRSbmhfTTVCaUF6ME5hWWFKT2lWZXFBbjgxVG9KOXNJMlJoSlh6Ni11ZHY0SDBhMGZVdERuV204TGtUUHhtQmRqMF9MYm0wVXNB?oc=5&hl=en-US&gl=US&ceid=US:en,World Nuclear News,0.0
"40% of students changing study abroad plans, says survey - University World News",2020-04-14 07:00:00,https://news.google.com/rss/articles/CBMid0FVX3lxTE5ZbnhlSlR3UkhiN2lZNFVCUHhDcXBEaURWVXhvWHBhNlJLN3dzTTJTQlJWbVJYNlA3ZXJjRHNFcExidkJBV0pKbzdla1M0UFFiTHNlcXBRTmtodHJwR3loR1FTN24xQTBTRFcyUTYwekFJczhCRzVR?oc=5&hl=en-US&gl=US&ceid=US:en,University World News,0.0
"IPA, WHO and UNICEF launch Read the World on International Children’s Book Day to support children and young people in isolation - World Health Organization (WHO)",2020-04-02 07:00:00,https://news.google.com/rss/articles/CBMi_AFBVV95cUxPS2Y3ckxvYlJFQ1dQdGlzMGRpRFZlcW1SREJwWVktbWhReEREQXVkeGdzR09BcHh0VHNwcE9oclA5ZGNXUHczUVRVWUE1RW9zYkpPSWh3NGJocFpXRWcwZVZ4MWQ0bjhFRWdadmZwYUJHN1BVUXhyRGZsR1lFYWpGbG0zc24tT0NKcWZBVU1wdnptdE10dDZYNk9RcFBqRFllSjJ6b2ktNE9BdWpvYzRaUlY2c3F3ZWlDQjVkYzhaODF2TVg3dy15bENLaHdoT3JCU1Y2WU55dlBXUEpBcU1VMllEQjNiM1JpWGoyLWVneWw5WXpEQU5uMl9JWXo?oc=5&hl=en-US&gl=US&ceid=US:en,World Health Organization (WHO),0.0
"""Immunity passports"" in the context of COVID-19 - World Health Organization (WHO)",2020-04-24 07:00:00,https://news.google.com/rss/articles/CBMimwFBVV95cUxQSmJMeXpZNFA3V3hSMmE1U2pGX2VrUHJGYVlYZXBkMVROc29yN2k3Tnk3dXJHQnRudnNGRFVzb19sRTl2Q1BVTmN2V2ZFZlhPRXVUa3NUS01tTFFqMXVNLTBmaHI1aTBjODZkcWpBY0NPZFdhekJ0S3NJTDFJRHV6SGFYWmFSTW1Pam9IcXhrMVU0NU13Y3pjeHpZOA?oc=5&hl=en-US&gl=US&ceid=US:en,World Health Organization (WHO),0.0
Eastern Libyan forces have agreed a ceasefire during Ramadan - The Guardian,2020-04-29 07:00:00,https://news.google.com/rss/articles/CBMiqgFBVV95cUxQVGRmR2ZLNmpMbzlQS3Fma1ZGaUR1WXlhdlJSZ0h0ZnhvVTZuMmRrUGZNdEFtRU56dUpUWWNkU0Y4VFFrZGRXN0k1R3Bybld0TEtmUnMxOG91OXlDYlJJNXhWZ3lRR0g0NU9tUjVUVzdXTmZaTE51cFY3S3VZSFFWdzZzVEdYMy1uOUY0TmdyVGlPWGk4Nmhac3Exd1F1ZXFHYUlfVEh0aERlUQ?oc=5&hl=en-US&gl=US&ceid=US:en,The Guardian,0.2732
Coronavirus: 'World faces worst recession since Great Depression' - BBC,2020-04-14 07:00:00,https://news.google.com/rss/articles/CBMiVEFVX3lxTE1WaElxNFZNalhOM1ZZcUVsbGhUeTFjTVo2M3JVVkljaWYxQ054YXIzTWVTeTRqbDhEWFRGMlNmQWV0T2xwemFXNy1TXy1JZFRSejBCONIBWkFVX3lxTE1md2VEdnZKQWRua3NOeXAwd01uTFpDZWRzMjZDWTA1dE90LVRhTXVwbWZrNE8zOWhka3NTN050VDdFaXNFSVB5V256RDM2ZEZaLWR4YWs0bndPZw?oc=5&hl=en-US&gl=US&ceid=US:en,BBC,-0.7579
Nearly half of global workforce at risk as job losses increase due to COVID-19: UN labour agency - UN News,2020-04-28 07:00:00,https://news.google.com/rss/articles/CBMiV0FVX3lxTFBmNHNwbFgzNTVZbVM0REJ2c3NJMUp5Y0FxTVdRREtZd3NhdG15R0YwN0xseHRRMDBnYktTYVMxaXdNR05rbmhVSzRvR2V5SHFNWThadTU2Zw?oc=5&hl=en-US&gl=US&ceid=US:en,UN News,-0.3612
Coronavirus: Disinfectant firm warns after Trump comments - BBC,2020-04-24 07:00:00,https://news.google.com/rss/articles/CBMiXkFVX3lxTE14XzBFUnRHQ0xGX0xPZ3NvcWw5RFV6QXpQeHpJd0RCMXZJZGhzeHNmTXk1UGtWSkxaM3dSUW5jQWJIUklZNDVUR1dNWTZFcDFWSGJNLVQ2cmJZWEM1ZFHSAWNBVV95cUxPYi1lUlBkanRtMExBcFpoZTFpUUpVQURTU2JseW0zTHFtTUdyM3N4QjRDSU50OTRYNW1Lc0Y2VGlEUUlPTVhfdUxtRHMyeG42Y05NbWdfbW8yenV4aHNkVlYzX3M?oc=5&hl=en-US&gl=US&ceid=US:en,BBC,-0.1027
Coronavirus: Armed protesters enter Michigan statehouse - BBC,2020-04-30 07:00:00,https://news.google.com/rss/articles/CBMiXkFVX3lxTE5qdmlMRktEbUdLZG9EakpkTVdQbHlHdWZuT0VEM1RlOWJSY3RkZl9OUG9iN1VxVEFTQWtKbGxSQVlDMVptY0xRY3VwU0VaTXVMenh0bzZGU1BPWDJxdUHSAWNBVV95cUxOd2F3YzVFSW05MFE1ZlBwWFI2bFVTemlWQllDT25wSkdCUF9VelBZU1pYekppQXNBZm84YjYta20wMjlYOXdYYXY3N1hRVFpiM2stc3JVMHRYM01NZUtUcXB6alE?oc=5&hl=en-US&gl=US&ceid=US:en,BBC,-0.2263
Commitment and call to action: Global collaboration to accelerate new COVID-19 health technologies - World Health Organization (WHO),2020-04-24 07:00:00,https://news.google.com/rss/articles/CBMi1AFBVV95cUxNRTVfN2R1QUFpT0hmdnRoQ1pWM1Q2V2t5Tk44UTV1UmZsVXVsbE1uVmRzSHZHRjltRkxnMzVfUFpJb0VoS1VTT2pLRHVqQm04Q1huWFJoeTZQVFBfbzZqVFRzRTU0SUIxX0l4RXM2enkxVWRUUzZSanJBQ2JKYWZBLW1NRW4ydVRCUVE2c0hwNHludDdfYXU5XzRUeUs1UktoMkNXSV8zeThjUWloUnRhcTNISG5jWEZtYTkzTFpBVGZvV0RuOWFESHVRa1JKY1NIQktQcg?oc=5&hl=en-US&gl=US&ceid=US:en,World Health Organization (WHO),0.3818
"Coronavirus: US to halt funding to WHO, says Trump - BBC",2020-04-15 07:00:00,https://news.google.com/rss/articles/CBMiXkFVX3lxTFA4QjZtSkhyei1xZS1waUlKekw4NUM3X3JESEZRWTZRMXVfaTJrLXVmQnlMdzRRVWhlUFNRVW9TVDU3OFJwUUE5Q2F3b2g4VXRncWplb05zUEN3dm1hZ3fSAWNBVV95cUxQVm5Vdi1NNGNWUWFvS3FMNEdJeWVHMGxUZzFHakpmbWtMLWRfLVdIRDF6eFQzbjEyZlc0LTJRNzc5LUtiRjVHM0g1TFdEUlYyeGMxSDNfQVc1YktRVGpHWnotTUU?oc=5&hl=en-US&gl=US&ceid=US:en,BBC,0.0
Asahi Kasei’s electrolysis system starts world’s largest-scale hydrogen supply operation at the Fukushima Hydrogen Energy Research Field in Namie | 2020 | News | Asahi Kasei - asahi-kasei.com,2020-04-03 07:00:00,https://news.google.com/rss/articles/CBMiYEFVX3lxTE50MExab2F1NXRJQjBfd085cGJkS1ZmVUs1TjN6OWZwTEJBdWJCSGZwM1lmSFBEUGY0enJVVE54YmkybVZYSHIwQ1hxdklHNFIyOVNLcUpfQ0hJZ2dadHlnTg?oc=5&hl=en-US&gl=US&ceid=US:en,asahi-kasei.com,0.2732
Senior traces cross-cultural connections in the ancient world - Binghamton University,2020-04-21 07:00:00,https://news.google.com/rss/articles/CBMiwwFBVV95cUxQMHdlT2VPTDc3ZjB2VzZQWE1MVUFUMVZOMHNrRnRiMDBxdWJ4NmJpU3l4OTFzQ1VWMkpRWTNIRExBdHFfUnRNRW5BVkQ5ZUU4TVgtWXFuSHlvMGNiN0c2b0JrRFFvWDRZS1FmQXdtdEdlWXFsM0F5d0ljbENIcFZJc0I3N19rbmtaNkZyWldlV19nWDZqbHVhb0pFYTVQTFdWeEZzZEdRZG1adXpLVEExX19tZG9UMmJrTTIwZkVkcm0yQTQ?oc=5&hl=en-US&gl=US&ceid=US:en,Binghamton University,0.0
UN backs global action to end violence against women and girls amid COVID-19 crisis - UN News,2020-04-06 07:00:00,https://news.google.com/rss/articles/CBMiV0FVX3lxTE92SDZ2TW5telBvUVpheG1iZ0J0XzJQX2F0Z0ZvdzFraEl0bGF3V254YlBrdnV5YUV5aV85azU2R0MxbHRVSUdOYXBnQjRHdXp4aUVvNHJSWQ?oc=5&hl=en-US&gl=US&ceid=US:en,UN News,-0.8555
Coronavirus: New York has more cases than any country - BBC,2020-04-09 07:00:00,https://news.google.com/rss/articles/CBMiXkFVX3lxTE5MWU5oWUJ1Njg1ZEtxVXBpckVtbllYaEpJcmVrbFFNd3FxSzlwWkEtZjNCbEM5UUZXT2pDYnVfN0ZyNE9CZ0pXZS11Zm4tSWFFTU5pSFAtVDFTcFhycnfSAWNBVV95cUxOVVROUkRCX3k0V0RYLV93T2I1a3o4cUxuMWxxMEJnZkl6SlQ0NGt2QkFEeXZMUzdJNjBua2EyNDk0YjN1NmVZam1OSF9EZ3FVb1NiT0ltYXlaREl2ODhCVGh1Ym8?oc=5&hl=en-US&gl=US&ceid=US:en,BBC,0.0
Fall in COVID-linked carbon emissions won’t halt climate change - UN weather agency chief - UN News,2020-04-22 07:00:00,https://news.google.com/rss/articles/CBMiV0FVX3lxTFBJWkFfNnhoWDhnSWNWNUdZeXJaOV8zVWNadTZJZV9vS3ZfUWRuU1l3N2w4dmNnTjZjcHFUWUhFbjRVVnlUX3lLcVIwbkJzYW14YkZiRHhJOA?oc=5&hl=en-US&gl=US&ceid=US:en,UN News,0.0
"Most Expensive Places to Live, Ranked - U.S. News Real Estate",2020-04-15 14:38:47,https://news.google.com/rss/articles/CBMigAFBVV95cUxPeU8yeWpTR2dEOXR4dEF4UDh2UzNkd3I2WUxfejdJZ3ctM1BYdkJWaXdXYUhoUGZPT3REeldZWTBzRGJLTlpIRmFXNmhGdHhxY3J4dGdQSkJOUEhjUzVfd3RQcktVQ01ScG9hQVRRbi05LUZlZm1ueFNuRExTVU82Wg?oc=5&hl=en-US&gl=US&ceid=US:en,U.S. News Real Estate,0.0
Coronavirus: Tiger at Bronx Zoo tests positive for Covid-19 - BBC,2020-04-06 07:00:00,https://news.google.com/rss/articles/CBMiXkFVX3lxTE1SdVlpbmwzZnhMZHM3RS1WU05qcmZZdHFlN25TUzFaZ05xdXV2aXNJdllYSVdIVDJhazVmb1pJN3RHU0xYTkt4bU1VUHNnVlFhSVU3NmtjNUJvNHYwZUHSAWNBVV95cUxNMGh3cFh1MFpnVEFnZ085UzU3bzRwdUp0bUUtWC0tSWtybkJkaU9iaXBFb2tSUHNSNVREWDVraktwdlZMMHRCdHZZVWMxdEJVYkpCUFQtR0xTakVFTHhUUzdxenM?oc=5&hl=en-US&gl=US&ceid=US:en,BBC,0.5574
Coronavirus outbreak eats into EU unity - BBC,2020-04-02 07:00:00,https://news.google.com/rss/articles/CBMiWkFVX3lxTE5YdHZrZVpheGtHWW9RdmNvejJ0dmlVZmlzMEtQaUtYQUtHM0JEdlpZbDZRY25Ma1NubFNTYVJKdTd5LThENER0ajVJSldHUXVjTFNuRGJhT1lIUdIBX0FVX3lxTE55YmRVVW9HbkpWR3NBNzI1UUlEd3VSYlhVSnI4Q3RPNllhQ3pTUW9NaHVNUU5BTUJqNzBNWmVzamRJcm5YcmUzbU03UHlUS3l6RWJwci12TU82SUdPeWtR?oc=5&hl=en-US&gl=US&ceid=US:en,BBC,0.0
Evening News Audiences Surge Amid Coronavirus. Can The Networks Keep Them? - Variety,2020-04-15 07:00:00,https://news.google.com/rss/articles/CBMisAFBVV95cUxOWF94dTUwRGJoSVVfaGRpOHowV1VEMmNIVGoxUHgyYUlyT0dBQ0drRldraDA4WEc0Q2hUemJYS0pIUUlySVAxSk55SFhIZWFYZlhvTWtMV2gzaXk1X3NDc2dyWjFLdHg2TGExS0l5WWstYnI3dWd2X3hKeU9JcFlIZ1EzSmZvcHVFT25fOGhGSjZydWhDdG00aXFVY0J1cFh2U1JybjNFTkFDcmFrLW05RQ?oc=5&hl=en-US&gl=US&ceid=US:en,Variety,0.0
Post pandemic outlook for HE is bleakest for the poorest - University World News,2020-04-04 07:00:00,https://news.google.com/rss/articles/CBMid0FVX3lxTE5DRDFWSDMtbFl3VG95QzVHdUJTSnllVkFZV2xUVTJ2V29DZ3lzdkpYMHVHSWljNllMWTI4QnJoaE1zaTBaS3FXU0FhSllJZnJJNXJHcTcxNWFXSW96NGMwOFBKMkNlS3dzTENudU5OMWQ5MTc0TFBj?oc=5&hl=en-US&gl=US&ceid=US:en,University World News,-0.5423
"5 reasons the world needs WHO, to fight the COVID-19 pandemic - UN News",2020-04-09 07:00:00,https://news.google.com/rss/articles/CBMiV0FVX3lxTE1UR0l6dVBORTJxQ1JIQ1ZzUDlBSG9wT2JIcEZlZEtIeFBpMGdPblRiZmdtLXhwNFJCM3ozdDY4WFdRMXJfR2FfNmMyXzd0b1BpQTd6S19KVQ?oc=5&hl=en-US&gl=US&ceid=US:en,UN News,-0.3818
"To prevent antimicrobial resistance, vaccinate the world’s kids - Berkeley News",2020-04-29 07:00:00,https://news.google.com/rss/articles/CBMioAFBVV95cUxQX3pGV1pHakttLW9TZVRXMnFKeEpoal96bnVUYy1YZ2tUeDdOWHIxOURjVU1VQTVyXzI2a0VjS3BpU2JZTTN4MEFHRkNhQWZsb2lXTk1ySG85aVhsRTRaT0VWczdQZ3UxbVFVcFU0bVNIUmkyTk4xWU9XZU1hclpjTHp0YzB1VEdyWTR1S2R0UDhsMmpZVDhaYnF4ZXpzbmQ1?oc=5&hl=en-US&gl=US&ceid=US:en,Berkeley News,0.0258
Gabe Osterhout sets new Guinness World Record on campus - Boise State University,2020-04-30 07:00:00,https://news.google.com/rss/articles/CBMingFBVV95cUxPRkZyOEcyWndlM2dlNXdPUnhQNlFuaTlXeHROZlpjNTdtQmZXdTNxT1NZZ05hMWY3eWdWRlFJenpaYkd1aTJDcVlCX1ZYaDhKLWI4ZWdvbjUwRHRnNXFmOFE4QV9rVjhPMGZDdkFpZ1QxcGdHOGYwTFRmamtqeUFjZ2twTUt4QU5EaFU5S1pveDhScnFvdmcxallkYWw3QQ?oc=5&hl=en-US&gl=US&ceid=US:en,Boise State University,0.0
"BBC World News, CNN International & Euronews Donate $50M Of Ad Space To Coronavirus Fight - Deadline",2020-04-02 07:00:00,https://news.google.com/rss/articles/CBMinAFBVV95cUxPOHVFYVh0dmNnRmFJX0daaVd5bUk4cXI3dkJld1ZFV1dCbUQyM25RbldrNzRLMVhkcFppVmExQV9veXNIeE9XUmxYOW8tVHhwZnJSR0RISjVBWnpLREpsczlLSmlCZU5WOVktZjZObkJkWWt1cXhZeHlhNDBmdE8tQjhQR0k4RTA0QkY5Ul85azRaY3hyd0dCWFd3cU0?oc=5&hl=en-US&gl=US&ceid=US:en,Deadline,-0.3818
Digital technology for COVID-19 response - World Health Organization (WHO),2020-04-03 07:00:00,https://news.google.com/rss/articles/CBMiiAFBVV95cUxPMnVuYXZ0VDNqbGtvVUlpeExLR2V3djV6WnVvZFhyMTh1VWZUdDFIWlRlWG1hV2hYRldaQkZ6VGpTcWVtVExfMzltbkd5SllReVhOM1RudnpiTmFLN2lIUWJ5b3BNeTg1NzlyQTN2N0dfMDhIa3ZKMjBEODlZSV9hcFoyOU4yZ2wt?oc=5&hl=en-US&gl=US&ceid=US:en,World Health Organization (WHO),0.0
"Most Dangerous Places, Ranked - U.S. News Real Estate",2020-04-15 14:39:13,https://news.google.com/rss/articles/CBMidkFVX3lxTE52bkRzTEJlNnpEODR4NnRmN2FlSHRzVDNNVzhMQmdWcFNYQTQ3VnlyVER5ZzRxM0ZzX1NTSUxmLTAwV01nV2ZqcXdSN3ZSMWNmRUFhMlM2Y09DT2JLY2hxYU5pbEMxZ1BZdkJ1U3lPX0gwYldQMlE?oc=5&hl=en-US&gl=US&ceid=US:en,U.S. News Real Estate,-0.5256
"April 6, 2020 coronavirus news - CNN",2020-04-06 07:00:00,https://news.google.com/rss/articles/CBMieEFVX3lxTFBfM2FkUEF2TW8zUHBremRhYkdYSUpHdlBCMXQyVExfLUhYczNYZXlEQ1JwY3ZQUmFFVzI1cmViZjBCTE4tTFBZQ19US2dRSkFtenFQYzhHM0o4UEJuOHJlakl0U3JnVEkwdXQ5bG91WVpiTlJHZXY2MQ?oc=5&hl=en-US&gl=US&ceid=US:en,CNN,0.0
"Fastest-Growing Places, Ranked - U.S. News Real Estate",2020-04-15 14:39:02,https://news.google.com/rss/articles/CBMid0FVX3lxTE1pWVFYM290QmxlVmNNR0VzMk1IeFMzX2ZnSUNMWUFzd0Zhck8yZUZpSE9HNVNxaVNTdUl1YmJSSFRVQnVyN25mRng2WXloR1hBTnBIVGVLUi1ld2NXNGhDQ2EyaTNZSFYtOFZOTFVWcHA3S0lQdHhB?oc=5&hl=en-US&gl=US&ceid=US:en,U.S. News Real Estate,0.0
International student recruitment in a post-China world - University World News,2020-04-25 07:00:00,https://news.google.com/rss/articles/CBMid0FVX3lxTE5QMDk5Ujh4dE5iOXVCMjU4RDlNdDE5MkMwRzVXcHFZVHR2WkRHOE9RMEV0S0dEZG5YYUtpSlpvUHhZc2ZrVHp6aTZPeUJVWFdIc0hmS1NzQzNBQklPNjZYX0l6ZnZHY1E3N3M3aTdrSmVUM25CTkQw?oc=5&hl=en-US&gl=US&ceid=US:en,University World News,0.0
WHO guidance helps detect iron deficiency and protect brain development - World Health Organization (WHO),2020-04-20 07:00:00,https://news.google.com/rss/articles/CBMisgFBVV95cUxNNGlCSWE5Ykt4Z2Fhc0hUTFR5MzRrMUNmd2xqS3JZa0VDcEwxeVF2ekk3T0k5YnV1MUw3VERkNG5kaEl6Z1ptOWVYajdqQmZSZnhHY3oyUW5zSHNwUlU4Sm5XRmhLLXJvbk9zQU55OVEzTWNQVUM1MjhoSG5uNGNhUVhrbVJ0LWxwemVIeWVMa1FsWlA0UkhhR05lclRqSzhTT2s4aVpIYVczWUJRU252VUd3?oc=5&hl=en-US&gl=US&ceid=US:en,World Health Organization (WHO),0.6369
Ebola then and now: Eight lessons from West Africa that were applied in the Democratic Republic of the Congo - World Health Organization (WHO),2020-04-10 07:00:00,https://news.google.com/rss/articles/CBMie0FVX3lxTFBxR2pidVdSRUgwMEJ2LURnZ0d4QnBNM05SVXFkRDA0Qll3X09uVVY1eWVyNUF1SWE5enlrOEFMQTBBUDhpWklIYUMteF91ZlpkbGMwMHRVZE1iOGlReUZYM2NENjNjcW5ickR4Z05CRWY0OVRORHk1dUFSYw?oc=5&hl=en-US&gl=US&ceid=US:en,World Health Organization (WHO),0.0
Two Nursing Graduate Programs Shine in U.S. News & World Report Rankings - CSUF News,2020-04-20 07:00:00,https://news.google.com/rss/articles/CBMiekFVX3lxTFA3Q01iRi1NRmJRSWowT1FtR201REp0NHRzbVFYemtZX2ZMQXZqbFpyZGRMT2N4ck4xemtYUWV0SFI2Q1o0N2lJbm1uX3UzXzFTN1kyb0I1SGJuQkdPdkxLYjkyYTY1LTBIUzdqUE84OTRXVGV0UmJiejdn?oc=5&hl=en-US&gl=US&ceid=US:en,CSUF News,0.0
Coronavirus wreaks havoc in African American neighbourhoods - BBC,2020-04-06 07:00:00,https://news.google.com/rss/articles/CBMiXkFVX3lxTFBxQzJ6b3I2Sk1fRGJEYXRWMzdoaDdjUXVhcG5jcG5Wdm9qTG52eTNfaVZPU3JVcnVRZWczU2tuTnNDaVJQVktwelU3d3Z1Ni1QTnJxcXo1XzFDV3dYQUHSAWNBVV95cUxOMU9aaGQ5WEJZUV9zUnVEWmNmRmJQOHNMa2VqeVdVbWs2N2dxeldDSkNYakU1ZVVmN3JwdHRxZkVxMXlKaHpxYnJyZ2pfVWsxcF9STFZ0TWlXY2lSa3A0cDNZWFU?oc=5&hl=en-US&gl=US&ceid=US:en,BBC,-0.5994
Coronavirus: The US resistance to a continued lockdown - BBC,2020-04-26 07:00:00,https://news.google.com/rss/articles/CBMiXkFVX3lxTE1BbEIxalF2eWNOdVQ3emdYbmRUUEtrdlBWcEhfNmhnYUdvazcyaW96Slc5b3lIczkzdXNkVEpya3JzNGhaOTI0Q1hraUtmcXpRZzNVT1NPc0t0VC1FY0HSAWNBVV95cUxQZEJxZVFtRkQ0bWdSOU5KQmtBcmtFSEVlZjFLQ3IyVzhYODhQTnNUNXl4RDdxN3NJeTFvNTJWdkxNbVpfZDZsdHFRelZEaDlpVXdBQk9OSXl2cVVlZ0hIcmlncWM?oc=5&hl=en-US&gl=US&ceid=US:en,BBC,0.0
Traces of ancient rainforest in Antarctica point to a warmer prehistoric world - Imperial College London,2020-04-01 07:00:00,https://news.google.com/rss/articles/CBMikwFBVV95cUxOUFFiYXFvWml1azhJbnJmc0VyZUF1UTdhcm9VOXBGWElQc0VUcWlNdlBMT2owT3hEWk5mQkgtaWJIeEVtYkNOdVo5MXBoOHRyajByRXViWDlBSWljNGN4c2k4aFhoVTlHaDFYVjQ1SEVuM19neFhFRmhVMndKVVNDODJfekZLV2pwRW10UEY4aXJqMnc?oc=5&hl=en-US&gl=US&ceid=US:en,Imperial College London,0.296
Coronavirus: New York ramps up mass burials amid outbreak - BBC,2020-04-10 07:00:00,https://news.google.com/rss/articles/CBMiXkFVX3lxTE5SVjBYNmhmQVRFY1VYRUxNOGRvMjkwRUNOalZsMEtMNDJJU1VHcEg1dkxCWXAwa2d6LUxwbFhsYXVnQzNMMXVZT1lvV0lpdHNqNzZicTRETG1wT1ZZU1HSAWNBVV95cUxNbjFNbHp5a3RhVm9Sc2ZUczlIZ3N3T2lRUDRYbVdyMDlLZTAwMDZOTm5GNDJRcVk1WmJudEd6OGRSeFB6cElLUTlYbF9sc2tvaWRjeEhsQkM4RS1CV2p2anVTbEU?oc=5&hl=en-US&gl=US&ceid=US:en,BBC,0.0
Joint Leaders' statement - Violence against children: A hidden crisis of the COVID-19 pandemic - World Health Organization (WHO),2020-04-08 07:00:00,https://news.google.com/rss/articles/CBMizwFBVV95cUxPem1mUXV0MFdna2RTejVGWFhGcEhnU1hqY1BreThzYjlpTFFPRjJ6Zjc2bnBPd3cyMjlUWGxUTkRqRjh5NjVJR3g4elFxWjM1bzhOTWdBSlZwWVdGMUFmUndrZWFFTGZZRGhnM2tibjhYVWJIdEZkQ0RiTDVCTzlnSDdXNW5ObUZSMmdSanVzUWJZQ3Q3cmdiVU91aXdJWDJhRFpyMkJKWGdTSjZRNXdmX1FWb2s0Rm83RThiVnkxMmx5TGJJeTBubDdBVGhOTkk?oc=5&hl=en-US&gl=US&ceid=US:en,World Health Organization (WHO),-0.8481
Coronavirus lockdown: Lessons from Hokkaido's second wave of infections - BBC,2020-04-16 07:00:00,https://news.google.com/rss/articles/CBMiV0FVX3lxTE5qQUVsMEg5cFlDTU5yMEMzaVZXVExweEpRTDg1VTU5MllYRUZUVUg5ejN2WXBtWnNJSl9Wd2Q4cHdZalR6c1QzcHdId2ZobkRzdjlZbzdJMNIBXEFVX3lxTE5ueXowZzRfWFMyLVhCaG1lQkVHQUV4SkhubGtGRldNMGl3SU5VV1pTM0NodmVnemRtaFFlNnB5bGQzYXRMcDRHTkhLbW9obk51VGlxNW1rSWc4V3pZ?oc=5&hl=en-US&gl=US&ceid=US:en,BBC,0.0
Coronavirus at Smithfield pork plant: The untold story of America's biggest outbreak - BBC,2020-04-16 07:00:00,https://news.google.com/rss/articles/CBMiXkFVX3lxTE82eWMwYkRxQkJGZXBXdVZTODFvTUxnbXIxZVN3eDE2RXdWRDVTM3R5SlNQaDFJRnBMVjl0cGFWa2RBbzlzeTJDZTdFazVFak9CTnJ2NHF1YWpnNFBPWEHSAWNBVV95cUxOUEFkRm9LNjhWdHRXRUVkM3NudWltbmNqV0RFVzRfZ3FSNDJVWnFRRmtVb3pkY3dlaFVnRFJVQXdwRG0tYUItRUp4YmlRRkVlenQ5NXF6UklPOThfRGRDcUlVYTQ?oc=5&hl=en-US&gl=US&ceid=US:en,BBC,0.0
'Gargantuan' hail in Argentina may have smashed world record - Penn State University,2020-04-29 07:00:00,https://news.google.com/rss/articles/CBMimwFBVV95cUxNZ3pMWUI4SXlzX21ZRGJGbXBIc0pRNnd0dkhfOGhRbG00b2RDWXVfU21xS3NidVZ4a2xHa1RGUW1BWC1hNHZjWE5maHk4b3otVk5YcHJXMGtoN2toQmdOLXlfRVg4dUhzQWhnel9veE84TGNqY2FsY2xJc3Q2NnJyd29jSFlpcFcyRGQxX2RLRjhiZllsd3FVM0EzTQ?oc=5&hl=en-US&gl=US&ceid=US:en,Penn State University,0.0772
Will coronavirus lockdown cause food shortages in India? - BBC,2020-04-06 07:00:00,https://news.google.com/rss/articles/CBMiX0FVX3lxTE4wTHFnd1FlcFlJem9lRTlaSHdCZlhjdDhTLUNMSzh5U2UxeWt2eC1iMnUtZ1ZqVWtZcHBSbE5ieGZ5bWg0Z2duc05wQS10cTN0ZjBMSFpCdTF1UkxqUW1V0gFkQVVfeXFMTkdKd205ZGQ3c19PSUYwYUpLcFFZVXdHQ29yS3ZCTTlPVnRDZk91Z2JscWhpc1lWYVVZald2VU02NGRGWEEwZlRnWVBYYzRrUldQMUYwWVNadV9kZlZTVXdKTWtQcg?oc=5&hl=en-US&gl=US&ceid=US:en,BBC,-0.1531
"Best Places to Live in Florida, Ranked - U.S. News Real Estate",2020-04-15 14:39:05,https://news.google.com/rss/articles/CBMiggFBVV95cUxNaThQd1hnalFNQnpDWWtKbFV5c2VHcTNlQ1VUa29lM3RsY0V2OGVZOGN0SEpZRXA4MjFpR3V0eHJ1bUNDTGhUTFRKbTdVRVJFakt4ZFprTURUY1B6OVkwSExVMjRGRGFGNkFVbUpnRVhhT3BiOUpTbzhEZkJZVWhKblNB?oc=5&hl=en-US&gl=US&ceid=US:en,U.S. News Real Estate,0.6369
"White House task force projects 100,000 to 240,000 deaths in U.S., even with mitigation efforts - The Washington Post",2020-04-01 07:00:00,https://news.google.com/rss/articles/CBMifEFVX3lxTFBTaWVUbWVJcGJhSHFrbUhfQnV3amZ1VmYyX0prMkR4RGtYQ2tJMUpDQ2l5aEpFeVc3ZmpzN25PZDd2Z3RRVEViaUZJYkdxbEhwTWFvYU5pQmU1dFl5anhLaXNMOUJoMXY5cVNSOTA3OFNXWjE0Vi1oVXBGQzg?oc=5&hl=en-US&gl=US&ceid=US:en,The Washington Post,0.0
The Post named World’s Best-Designed Digital by Society for News Design - The Washington Post,2020-04-29 07:00:00,https://news.google.com/rss/articles/CBMitwFBVV95cUxPTG9vUU9LTmZfLUZSZFJvZHE0Vklja0xkQ2kxOUZkZDRTdzBWNW95cm9nbEtmUDRzRjlvRzlYUTlQRFVZajNQTVZwT2psaC1yeldDSGFqaThNOGpjVEpDZks4OXRKTDFpNDFHcmdDY0R0aGFpQkZiNkRDbG84ZzBjUnN1dk0wdVkxYVZGbXFhUEhYcHQwZ2dqdlAzSDJ5bGJscUxBSUdjZHlCbllnT1FjWml0ZGJwbDg?oc=5&hl=en-US&gl=US&ceid=US:en,The Washington Post,0.0
Maternal infections in health facilities - World Health Organization (WHO),2020-04-27 07:00:00,https://news.google.com/rss/articles/CBMiiAFBVV95cUxNYkY4R2xaM2NORkFEWVVhcjNBQS1PRGJMZncxYXNXOVphR2plV3hVSEtoUVVmN1VYMzloaEs1NnhYb3RnT3VoTERoOElYU01TaklDRldXdmdzTFRHeEtVWWpFRFNQaEZkVnkwSHQtRWllNTBLQjNhVjNrdkpCeGNMNHhLZHN4WmlM?oc=5&hl=en-US&gl=US&ceid=US:en,World Health Organization (WHO),0.0
"World War I created millions of conscripted Veterans, improved benefits - VA News (.gov)",2020-04-06 07:00:00,https://news.google.com/rss/articles/CBMilwFBVV95cUxNOFpqNWx0cVVoRHJkb3FOSEQ1clh2QVBQYURudGItS2NpTWVSalQyM2hnVFB0dGtTdmRQbGEyamVabG1hOGZVdEtfaGNfN3lJcG4zdlZoZXdYc1cza2JtZWVyeFdHOGlOdGlyc0l3M05iaWdfRkhQdFFWQ0c3ZXRIQTA1bFBGM2dNNlZ0TmJ2dDBBc1JzaEJJ?oc=5&hl=en-US&gl=US&ceid=US:en,VA News (.gov),0.4215
Decisive Action in an Unprecedented Crisis - World Bank,2020-04-17 07:00:00,https://news.google.com/rss/articles/CBMimwFBVV95cUxOYS13cHFWUTlPbGVtSkR5YWVUdk05am95X3EwcHhqYVJpelg3NW5oaDY5eFJ3RVdhd1VVdGJWTVFyNW1wUEFQYWtyOTVKdlpSdnBzbTU4cktweEZFeHJQT3pVXzZqTjk1STNnWU5rSlBIVmxUUFNaOXg1QmJ5QkpqRVYteWpXOTFpMUFUSUhCSDJmNWpCVDlNMmF1SQ?oc=5&hl=en-US&gl=US&ceid=US:en,World Bank,-0.4939
Coronavirus: Australian scientists begin tests of potential vaccines - BBC,2020-04-01 07:00:00,https://news.google.com/rss/articles/CBMiXkFVX3lxTE43Z0ZmVlhBN0EzR2tGUTdPWjE2ZnF3ZWZCZUZJVlZkd2xmeUxkRGVOUEw0LVVjVDlYT2FiR1ByWmFjZUgxdnFBM1V3OFhydnFBYmktSHpqUzJQYXZIaFHSAWNBVV95cUxPdlVUYzdSR0UyOElrTDFVblBrRDgzZzZiVFAtbi1jWFQyNjMxMlFWWndRYTdxcXlIRVI3TjkxUEh3VGQ3ajlIY0t0Vks4UVU4eWpQQWxqSWVXUUFJTjhuQ1ZxbGM?oc=5&hl=en-US&gl=US&ceid=US:en,BBC,0.0
Coronavirus: Why some Nigerians are gloating about Covid-19 - BBC,2020-04-22 07:00:00,https://news.google.com/rss/articles/CBMiWkFVX3lxTE54RVRKQkFvWWxOVkFCZE4ycTcxMUdaS09qa21MMXU0bW8wN2tNRldMVi0wX3dpM2pvR2FlMjdWN2lHZnRQMXB5dVFSQllXWnZoRzgxX21xY09VQQ?oc=5&hl=en-US&gl=US&ceid=US:en,BBC,0.0
Confronting the Crisis: Priorities for the Global Economy - International Monetary Fund,2020-04-09 07:00:00,https://news.google.com/rss/articles/CBMihgFBVV95cUxNdlNsRGdTOW1FV01iVTdaS0ItemVjQm91bi1TeEJfYzhJQkJkY0w4c3V5UnRaajhRTFdvSnVOUjZsRjhURDc4S2U1c21PTUFYMGZ2QlFTWDItWXBNZ1RlT0ZaaFEyTm1oY3QxNVNiOFRkZU5mYVlSdTRnZzRJNlNXOXZoaF8zQQ?oc=5&hl=en-US&gl=US&ceid=US:en,International Monetary Fund,-0.6908
World Chagas Disease Day highlights ‘silent and silenced’ tropical illness - UN News,2020-04-14 07:00:00,https://news.google.com/rss/articles/CBMiV0FVX3lxTE9IVGpqYklUdXZ2TXlkeHQ0THlVS0hIcHF3QWZXRGpqb0t1aEMtU1hhUUp0aHZKVUQtYnBLa2cyRV9PTS13RzZqQktvRUY0ZU1MRFVOOVoxYw?oc=5&hl=en-US&gl=US&ceid=US:en,UN News,-0.4019
Coronavirus: What misinformation has spread in Africa? - BBC,2020-04-24 07:00:00,https://news.google.com/rss/articles/CBMiWkFVX3lxTFBaeUpwblVGUWZmS21UeXhTc1lVOTNLalRwU3BzQU5jZDdHcXo3MVVTTmlYelJPOS1DbWRwMzBSVWljQkt3R29uODFZYzdIMG40ZERXUlNkQmlpd9IBX0FVX3lxTE5OUVZ0bEF6NkpIckRfSVQtdmFTVTBOR2s3WDlnMTdEa1VNeUV3VjRjRGZWRS1MRVN0MnZsNlIyWFZxVlEyeXhuVGdNN2pMeU9NcmlhdkVxXzFyWW9FVnl3?oc=5&hl=en-US&gl=US&ceid=US:en,BBC,-0.3182
What COVID-19 reveals about the value of media globally - The World Economic Forum,2020-04-02 07:00:00,https://news.google.com/rss/articles/CBMibkFVX3lxTFBkYllwUDd0bnIxVEdOX29tZ2VZcjlnZERoVmhIMWRXUmpSM1NDaEZJN2dhcHFsSktKZkV2QmJCeC1UVFVoa0ZLT3NGQmVsdE5ldGlVUzBlQ3NJem1EdURmYWRqdFQyekVHNWJiMFh3?oc=5&hl=en-US&gl=US&ceid=US:en,The World Economic Forum,0.34
"Global leaders unite to ensure everyone everywhere can access new vaccines, tests and treatments for COVID-19 - World Health Organization (WHO)",2020-04-24 07:00:00,https://news.google.com/rss/articles/CBMi4wFBVV95cUxPQkVQZGpac3kyUU9jcXpjZTAzUW8zQ2xVeTdUVWR1dkVXVEsySnNaUmtLVHFnS0g4NjcydWw5YV84endpVENqWWNkU2U2Z1dnOVRVUmIzQVQ5SmNFZ0NxRWJPLTloYW9LQ3dSdzk3alpYQ2U5T1V6SllSd2lQaFN0aGNXdWVoa3UzcXc4MzhfS29oVGJ3bW5VTXJBaTdoMjBEb3VvNzV2Q3dFNW5DOG5tTlEwd0pRNXdrMGRQVXZKUlU1QlRUZlZrZ2tiZ3J3NlFJSEdlOXgyQzQzMXc2MVBBLXRLRQ?oc=5&hl=en-US&gl=US&ceid=US:en,World Health Organization (WHO),0.3818
World reacts to Trump withdrawing WHO funding - Al Jazeera,2020-04-15 07:00:00,https://news.google.com/rss/articles/CBMijwFBVV95cUxQUVM1bzc5bi1YVk1TTmVfYkZsNmU0X3NaZlpyd2F1VDF4TlY3bTdSdUJiTmVfdDJJdFpsOWNUMkctbE9GSkotVlVVYXJJQ1hoTFBmWWxCNWhxSm83NDh0UnprdEFGUnpNVU9ScE5GT2ZHZFprR0VPQzBvYlZHcEFhUHRuQ29PTENsOFB3c0EzTdIBlAFBVV95cUxOQ2ktUHlBdVY3X1ZjbHVvd1poQldRZGdKYVc4Y1FzYWxpeFFlQU80UjdMWUZXSHMyTGwyY2FlM3pTM2VmU2xDTGI3dVhOZXYxeVFSeUVJbTh1TU9lakhIQ2xFaHFvZHJuQUV2UUstcWY5bWNkcFVKY3ljMExHOFJvbG5VT010YlM1UDFMeEpZY3JfSXVx?oc=5&hl=en-US&gl=US&ceid=US:en,Al Jazeera,0.0
Violence against women and girls: the shadow pandemic - UN Women,2020-04-06 07:00:00,https://news.google.com/rss/articles/CBMiqwFBVV95cUxNaktlSm9IM0x1M0NSNWptTmhVa2pPc1dlcmtId2dVdjFkb3gyaDFDZ1I5Ny1pTnhfZklrZGFOcW9JeTl3TVVfQWprUVIyWE9fQnV6Wko3a0JWSDFwT3k5TW9DTTI2eGltYmVjSDhpa1JVYktHX0FxWnhaV0tpUzZqeW5idFVJWlZyV3F4bzlKSHFkRGFlbFlNZ1JqZXM3WElJZ2U1cVdCNndsZUU?oc=5&hl=en-US&gl=US&ceid=US:en,UN Women,-0.6249
WHO and Global Citizen announce: 'One World: Together at home' Global Special to support healthcare workers in the fight against the COVID-19 pandemic - World Health Organization (WHO),2020-04-06 07:00:00,https://news.google.com/rss/articles/CBMilgJBVV95cUxPZlhJQ2JtR3lmSjB0di13MS16Y05YRHRhdWs4bXV1RVhvTW1DRWF3azVOYXdxLV9zQ2oyN3BUanU5dmZtQmFmSmswM0NvcllMcE5GV3ItS1doOEZRaHppdkNPNExLSUR1bU11c2xwajR6dElnVERxdWJxLWp0WWotRlN0REM5bWNua2dpMUdtNEFHOFJpeUxRbDEtT1hmN245cVM4RThveHBkbDVjLVUwaG9jZFdQbzdyZG43OXN3ZjlsN2NUak9DVUhVZVZraHVXa3ZHY1RmNlRDQzNkUEpmMWI5YTBlN2tCUVRXaDI1ajJXel9BdGJzdHJJanZlVHhCWC1tdkFYTzVpQm9LX3h4cWxRWVVHZw?oc=5&hl=en-US&gl=US&ceid=US:en,World Health Organization (WHO),0.4215
"Coronavirus: US death toll passes 50,000 in world's deadliest outbreak - BBC",2020-04-24 07:00:00,https://news.google.com/rss/articles/CBMiXkFVX3lxTE55bFFtYWRkM0g1djNyaEJKWDlqOWdBVm5OZVJ4RlF3ZThZXzMzZm9uaEU3QjJzVUNKcDlobUhlS2JfNjZGLWYzcmlBREtMWlhPZlY1QklsNTRHOElhZ3fSAWNBVV95cUxNUElwSC1PMURyQ3hlQWpMYkp6TWZySDZ5OHdncV9xNDZSSlNPWXRlYWs1YXZPT3FWT0hHRjlQUGNCVV9YN2xDanF0VmxfSkZrdEdCRHdsRy1jSTZKcVdZOEhZcHM?oc=5&hl=en-US&gl=US&ceid=US:en,BBC,-0.5994
Let’s Stop the Scapegoating During a Global Pandemic - American Civil Liberties Union,2020-04-14 07:00:00,https://news.google.com/rss/articles/CBMilwFBVV95cUxQX1R5X0tpSWZERXgxbERaY3VtYlZOOXNkdFZWRjZSRVNVWE9INFNsY1NMemxEZ29Jc1E3aVZiaU5UcGpnbUN2WUtlc2JDSTdRanp6UlVFTVRCSmctZm9sN0hXa3h2dENtOUN2T3NrWDAxTkxRSWNpbF9hRjVRQUozSDdZb0IxbTM1V1hNRHNhUVVZV0Npa2Fn?oc=5&hl=en-US&gl=US&ceid=US:en,American Civil Liberties Union,0.2732
Hepatitis - World Health Organization (WHO),2020-04-17 19:02:32,https://news.google.com/rss/articles/CBMiVkFVX3lxTE9OdkhUMTVOYzNUSDd2VVc3YlQyOXBUTnpfQ2xpQmFBWWhHVnQyYVNmSkdkRW9xOE9mSzlyVkxtUktPM01hSUh6Mk1jTHgyWkZVSTUwYzV3?oc=5&hl=en-US&gl=US&ceid=US:en,World Health Organization (WHO),0.0
Coronavirus: Wild animals enjoy freedom of a quieter world - BBC,2020-04-28 07:00:00,https://news.google.com/rss/articles/CBMiUEFVX3lxTFBCV1MtclltOTJhVUdYTHl6Y2t5WUh6SDVDd0lUTFVqRE02akprVF9iRzhWWGdkZ2VSVkpqdm1jak5LcnAyVld1SE42ZkpBdUFL0gFWQVVfeXFMTVh3NTlET1c2UlpEX1F2VDl3anhHR1d2cE5LLWdhaE5zcWgxNFFibXJ4TGhwNDNBb2h1b19fOE0wOUNTY01RWmtjdEpKaDFkODJYLVZNT0E?oc=5&hl=en-US&gl=US&ceid=US:en,BBC,0.8126
Argentinean projects to resume after hiatus - World Nuclear News,2020-04-21 07:00:00,https://news.google.com/rss/articles/CBMiiwFBVV95cUxQTUdmQnRtNGVldFdvVjM3WVpsSXBPQ2FfQi1yaWZ4RndBSFVNRnN3Nk04OE0ySkVqQ2Z0clVXSUdaaUVWb0xmSkpjcWd2RU1zT0x3SU9ya2xud2hwUmphaDVRSHFZVFlDRktscVBmRkllMXhRNmFkOFB0Y2M5VUdNU216eFlhMTNoVTBr?oc=5&hl=en-US&gl=US&ceid=US:en,World Nuclear News,0.0
Coronavirus: Security forces kill more Nigerians than Covid-19 - BBC,2020-04-16 07:00:00,https://news.google.com/rss/articles/CBMiWkFVX3lxTE4tSmFLNWw4Z0xrZ05CQ1pFZ2hZRXdCV3d5bVlvRkFhaWY2RUtzSkxFUVJCRi1qakdveGtCNHVzLXpwSkFrb1h1eDVxTHlweEwzWlJqbXcxRkNxQdIBX0FVX3lxTE1abmw0QTZmWkg5Y1F6cVFBUGlsQzl4N3pUeU9rNzZWbUQwZ29hb2xtU1N6VVp4VmRhR1RqejBhR01pMzNWZnRKSDd6SmNpZmdTWXA4OWIyYVBoWmZydFFn?oc=5&hl=en-US&gl=US&ceid=US:en,BBC,-0.5106
UN General Assembly: The world’s ‘town hall’ remains open during COVID-19 crisis - UN News,2020-04-07 07:00:00,https://news.google.com/rss/articles/CBMiV0FVX3lxTE9oaU5wSHlXMUluVVBRMTJWSVFFdGlwRTN4Y21xWmZDU01CTDRuMkhmX0VudE9BN1hnX0tnRE5RRnZuX3lRTWZMYU5rZDNFRktPejd5SXpMdw?oc=5&hl=en-US&gl=US&ceid=US:en,UN News,-0.6249
Death penalty in 2019: Facts and figures - Amnesty International,2020-04-21 07:00:00,https://news.google.com/rss/articles/CBMikAFBVV95cUxOREhtMnVsZjVZOGt1eldxWV9YWGJ6UFVNOG9RM3RvbXd3WkhoLWhQdzRTZXVVN0J2cWtfYTJYd1lKbzFuN0hSVmtZR3RpdDFua1V1a1FIMUlNMkhXRjJmT05ONG5kZFdhM0R6QV9VX1RITWVacmItR0JKZnI0NnpMYkpZVEUtcFFMSHNxeExCeXk?oc=5&hl=en-US&gl=US&ceid=US:en,Amnesty International,-0.7845
"News: Coronavirus response: Largest plane in the world brings face masks to Germany , 27-Apr.-2020 - shape.nato.int",2020-04-27 07:00:00,https://news.google.com/rss/articles/CBMiuAFBVV95cUxNYk4wRXJmUmxvUVRnbThCNDRVX2l0ZDBKaElxYUlGNnNCRmY2SkFZMm4wSkdzR0RZMGo4UVR5ejRCcFd0NUZfQndrc1k5U1B0TnROcDJLM3ZTbnJaUm1MRWZHU2RpenRFdVhQTUxoa1l2RVdFT1pJX0EzNno5bEVrWDhiNFY3Rmt1R0kzLVlpQ0xiWXo5MVM4MmRlWXYyaWdsbzF4ekoxdENXMHVDTTJ2U0FkeXpGMklV?oc=5&hl=en-US&gl=US&ceid=US:en,shape.nato.int,0.0
"As famines of ‘biblical proportion’ loom, Security Council urged to ‘act fast’ - UN News",2020-04-21 07:00:00,https://news.google.com/rss/articles/CBMiV0FVX3lxTE83ZktrY3M2bjB3U3JDV2hueFVacTFhZG9JbUQ3azZ1YldoeGp2cF85MmJoU3ZlTGRSVkR6aEh5RXkyNjh5T0hXZl9femxkVFVjSmRpdmIzVQ?oc=5&hl=en-US&gl=US&ceid=US:en,UN News,0.128
Russia's NCCP to supply Egyptian research reactor - World Nuclear News,2020-04-06 07:00:00,https://news.google.com/rss/articles/CBMimgFBVV95cUxQSWNPbXRtYzhZNy00VXcxRndDVFR1d2JySE5KX2RKS1VWc2ZhNzFwUExDazVQOHNmSTBCUmZ1RTlsald2NEJ6SGk1VHhYcnhybDZtdi1iUjNZb2NnT2Jva1BnSWt0OTdKUzljcG5SNXdrUDJNTmxtMm8xMUpkLUFKc0l0TU1xZS0zQUhlbi16ZXI5d1IzMGVocE5R?oc=5&hl=en-US&gl=US&ceid=US:en,World Nuclear News,0.0
Trump halts funding to World Health Organization - Politico,2020-04-14 07:00:00,https://news.google.com/rss/articles/CBMikAFBVV95cUxQbDVZT0JoVnpwendSaC1HdUxQLUgwOGxndUJkTm5qZ2ZLOEVRVDlPR2tUVk9kNzA3LTdIUWpFNUtpeGVNTGY1SWY4TWJfVHlwVDNrOG1xbkZUQTZ6WHFiV1F1dlNhUU11N2lMNzFTei1Kd2Zna1o1T1hkUlJqdXk2TzZrNVo2d0pKVEI5eXhNeDg?oc=5&hl=en-US&gl=US&ceid=US:en,Politico,0.0
Coronavirus: Two million Bangladesh jobs 'at risk' as clothes orders dry up - BBC,2020-04-28 07:00:00,https://news.google.com/rss/articles/CBMiV0FVX3lxTFBZeVJtSDBxTDN5b2xNNnNUaHB2R3hfejY1dWZZSG1UUTdxNEl6cWtwcG9MUDd3UEtndEJTOTZxc0JiLVRnaXl4VGtnV1lISUE2TWNXVUhtUdIBXEFVX3lxTE1BZk9obG5ZdmFDT2JpVkRreWpZU2xQZXhoeldQUHNrcllWRS1MREFMWFk3LWRrV0JjSmpkVUpLa2M0UmJIaVdDZHNCMTUyeXRqczFhMTZXUkUzLVhE?oc=5&hl=en-US&gl=US&ceid=US:en,BBC,-0.2732
Coronavirus will be devastating for poorest nations - World Bank - Sky News,2020-04-03 07:00:00,https://news.google.com/rss/articles/CBMinwFBVV95cUxPamMwMHpUOE1ER2F3TFFMVVNkM09vVXlwWVNDQzltLUhtaDBnNGVGZFAtVl92azhRN0d0Y1NhaHJuV3VRV29UNGpudTJRcFFPcnI1VC1RUnlyUGxnd25qbWdoYUFXTU9HR3YtU0ZPcWV1V3VwUlMyT01USldYTUZYa214TDE4Y09sZ2NiSGNIcGJUTGY3V0tqbkhOTUhVcDA?oc=5&hl=en-US&gl=US&ceid=US:en,Sky News,-0.8316
No need to politicize COVID-19: UN health agency chief - UN News,2020-04-08 07:00:00,https://news.google.com/rss/articles/CBMiV0FVX3lxTFBuOFhxcUktUEZGWjJ4OTlmSXF0dzBQcFRrUHNOSmdIRGc3TTIzYVlDQ0s4NUdpM2Jsd1I3MEJ1YzdIM29ZbW94UnhEVG9hVExjOUxVa0l1Zw?oc=5&hl=en-US&gl=US&ceid=US:en,UN News,-0.296
Coronavirus: South Korea holds elections in masks and clinics - BBC,2020-04-15 07:00:00,https://news.google.com/rss/articles/CBMiV0FVX3lxTE9JWGpoUnJFMDctcUN6TlVwaWtmQXJOWTg1Q3ZxRXU4SGt5bU00Q0Ryc0NiSlV6VEYxcDRiWXhyUmVDWWRhYl9KTW9KSVRmUVJaVldZcGRERdIBXEFVX3lxTE9IdXYwc0ZZa2tDNlJ3T1pUWkRYbEl2MHQ0NkdwRG5fWkxQb0RGdzdXWjBQTWQ1VTVpOV9BbzlVb010OGZpTTFhQjJCaTBjWXRiQVltb1FJeFhXYXVC?oc=5&hl=en-US&gl=US&ceid=US:en,BBC,0.0
Coronavirus: Why China's claims of success raise eyebrows - BBC,2020-04-07 07:00:00,https://news.google.com/rss/articles/CBMiX0FVX3lxTFBQNmFHMTliYjB0ZHNJZEhqM1ZvYlJQOFBuUkttTlhhcExwOXlNa1hKU0JuMXRCVW16V3dhSzFmWWVIb2FVUkYxbHVWOHNfYWRJcU5DSG5FRkEyVVJ1WVdj0gFkQVVfeXFMUDAyeVRWdjhMaXd0dDdIZ2d2VzdNYV9ZZTlLaU8taTJEbmhsOUdfUVJOc1pocktrdkI0MWFydkxkTGVIdEFIeVIyb093b21vaExVaHVSZG5xMTh5WGJUN0F0cGhoaQ?oc=5&hl=en-US&gl=US&ceid=US:en,BBC,0.5719
Preventing crime and protecting police: INTERPOL’s COVID-19 global threat assessment - Interpol,2020-04-06 07:00:00,https://news.google.com/rss/articles/CBMizwFBVV95cUxOTWRuODVvbW9PU0t6WXkyeU94U2VtYmxPRGJ4ZzZPNUx2Mms3bXFiS0ZpOTlIZTg1WnZyQ0lSZjZOVUpwcVlicUlIR0E2dmJSaEg2VVhDTGdVV1oyT1FoWFRIU09ibkNfOVZsbldNeTJieTcyeHgyQ2UyeHYxTzFDVkNUQTJ4bmtBN01rQ2ZXaktDdEN4eHZlZ0g2YnI0UnJXU2c4WVhZQmo0VUVtWkRCTllwYXJZWjZJOVJqdUp2N2pCRU5xTk9yLXllT0RHQms?oc=5&hl=en-US&gl=US&ceid=US:en,Interpol,-0.7906
How Typhoid Mary left a trail of scandal and death - BBC,2020-04-19 07:00:00,https://news.google.com/rss/articles/CBMiWkFVX3lxTE9sUlh0ckYzUzBaQjRRYkhSSzZiOFV0bkd4cU44XzNQS0Q1Q0JDQ0d1S0FqS2cwem5RLTNwN20xb2VZT3dNUmN6bHRxZDdsRDhlejZxSWxTSGl4d9IBX0FVX3lxTFBTN2xuUGQ4dXVwcGtJV3d4NlZ4ZjQ3Q3g3VWRyaFhFOHZ0N3pkZ2l6WHp3Slk0YVhqVS1BR3R3dE95U3hLMm1ndDJBYVk2YkhOaEJUYkRsQzNGelByQjNz?oc=5&hl=en-US&gl=US&ceid=US:en,BBC,-0.7783
Coronavirus 20 May: at a glance - The Guardian,2020-05-20 07:00:00,https://news.google.com/rss/articles/CBMijwFBVV95cUxPbXdHMXhJeWtkVXV1bnpyUy0wbDZLUkFfWFhVWjl6ZDFOaTMxekJnamYzWk5SaF9XdDkzQVBIa05tT3RoUHJpUDdUWTBnSkZZMmNEa3VTbWxyRFNDNjVIc3luRW1NUDZXSGhOVEloekRVRnN5NDZ6c3RrckU2U2lPcDFtU1RiRHJhTzVheVNvVQ?oc=5&hl=en-US&gl=US&ceid=US:en,The Guardian,0.0
"At least 80 million children under one at risk of diseases such as diphtheria, measles and polio as COVID-19 disrupts routine vaccination efforts, warn Gavi, WHO and UNICEF - World Health Organization (WHO)",2020-05-22 07:00:00,https://news.google.com/rss/articles/CBMitAJBVV95cUxQdGxwSGtlQ3ZkT3RQeHEybnlpVWJOVGR0U2o5TVZhZF9UaXdpb1UzS0ZWalBOSWxhdmIwbEhHWU5ta2FHZGU0R1l4c0RhMS1NWjE2YXJncXhZNlVzMjNHVGZQSm9xczRLS1V2Wmozd2Y0RnN0eWVPbUJ5ek4wZjZLNDZtUVJyaVktcTVCVmM2ZjNMdHJCWmZyWkhwdkFWUHBYdlZIWjJpYkJ1cWlzXy1RWUNWMG4xajdNQkM0RjVucEtVd090cERXMW5sUWEyeHNEd3RKVFZ4ZVFSWVdtN3QxUmEyTXNQelBnRW1fN2tPWUZual9uMGhGVTdqNjRjNFE3allQV3dvU3BvNTZKX1VMNUhIUElNeVh1c3BsZGYwenZubmZvZ0hCWUVvcmk1eWc2OXpPRQ?oc=5&hl=en-US&gl=US&ceid=US:en,World Health Organization (WHO),-0.3612
World sees highest 1-day increase since coronavirus outbreak began - ABC News,2020-05-20 07:00:00,https://news.google.com/rss/articles/CBMipAFBVV95cUxOQnVQblF6ck1Hd2g3TDZESjU3aVcwQWpqWEhKaW5tcUtiUnhzZ0ZXeU0ycHpCYkZ2TVQ3UG5PZHhXb0wzaVdEdFg0R3Bqa0dOSFhNdjVBXzJDN1BlVTd4SzhVTGRKMlZIT2RFYTNOUXV1N3RFQXlmX1JSdEpvT0llNzRFQmg4aGR4bS1zYWVJV1E5X2c2QmV4WERIMEl4V2N4RnZUQdIBqgFBVV95cUxQSGxpUDVoaUxjMFJqMWZvUzVqa2t5UkYwbjY2em5FNkxmcXl2UE9PUDM3aTRRaWlNbTA2U1pqZEJLTURrWDhtRXM1cTZxZmhfZndURVNPeDh4UzlkQzdfcm42Qm91VFVIMkdCYWVmWXd0WDJkcko5clNzdWlENHRCcF9nX1owVk5XcGhld3ppUEJJdlFWd0VUeDJXTUc1WTZqaVlzYmJVTERtQQ?oc=5&hl=en-US&gl=US&ceid=US:en,ABC News,0.3182
Covid-19 Fueling Anti-Asian Racism and Xenophobia Worldwide - Human Rights Watch,2020-05-12 07:00:00,https://news.google.com/rss/articles/CBMimwFBVV95cUxPcVV3R0RGVHREeDh4NWxOSV83M1d3dy13aFRtc0pPV01qMElGS2ZaWlV2c3JBWEttZ1VycHhHUVhKZ3U2S1J6UmNPRVhyWTNoS0pFYWF4YkhNSXN4NDNVMENMVkdZaU5ERjA2Q1hEdWZFZldoLUdINUVJdTBTN04xeVlvV3Fjemkxb3lHVmVzLUt4ME53SVFiR2Y2bw?oc=5&hl=en-US&gl=US&ceid=US:en,Human Rights Watch,-0.6249
Trump spars with Asian American reporter over 'nasty question' - BBC,2020-05-11 07:00:00,https://news.google.com/rss/articles/CBMiswFBVV95cUxNb2JfdFpkcEpnNlRONER5azJ0WUdMV1AzRGJZUmFNRHh3SXBERTNsMmJucmZTbzRZS25ZM2xWNFJOenF1eWZqTVc5OFh6cERnNVpDSWg4RjBGZkxJbXl6aWlUWWplYVl0Ui1LU29IZVFPTVV2MDhrUVJnNmJBU3MyYjg5TjhQN20yS1pqVl83TDE0ZVBYN200dzRaSGllMlN1ckEzTllCcE9vc3RCMXVMZ2dYQQ?oc=5&hl=en-US&gl=US&ceid=US:en,BBC,-0.5574
COVID-19 and the media: The role of journalism in a global pandemic - Berkeley News,2020-05-06 07:00:00,https://news.google.com/rss/articles/CBMipwFBVV95cUxQVDhtTGh2WmdHQlVjSGRrNjFpQkc3SUtZRVRNQnVPb0xyUDVpa2dmRDB0MDB6Z1FXS3FlaG9EQldRalBZNFV1MGdsU1pjR0dCYmNmWGgzSUNiYjZhak42aHRveHp0WHR4bHlCaWZhQnBmMjVlZkFLOUk5RUhtSmR0akdDMWJqVE1lbTBRNDBwVEFOTTNxQVlaMkx2R1R2emhPLW5BeEdfWQ?oc=5&hl=en-US&gl=US&ceid=US:en,Berkeley News,0.0
Refocusing institutional research on university needs - University World News,2020-05-18 07:00:00,https://news.google.com/rss/articles/CBMid0FVX3lxTE1Lck1ybk1ObTIxQ1JXNWNqVTZHQWNXclkyQTQ2X0NvSHdtM2x2VXlRbUJpQVhWbE9ZaWRvSWpIQTFYVzh0cHJHZUZyVDB5dW9IdkF1MVRKWEVpM0h6LUJoYV8zdlplVlotRXV0LXlUakVRUmxIMjJR?oc=5&hl=en-US&gl=US&ceid=US:en,University World News,0.0
"In a post-COVID-19 world, “fake news” laws, a new blow to freedom of expression in Algeria and Morocco/Western Sahara? - Amnesty International",2020-05-29 07:00:00,https://news.google.com/rss/articles/CBMi8gFBVV95cUxOSGFMc1lUN29rcnQ3aFEwRE9UY0RJMXdOV2djemNITkF3ZWpBS08tZjBYM0RBU1RuZG1vTmxsU1U4S3I5Um1BQU5TdWt3RWpmc1YxaHAwdkIzTkpqTDFfVXNVN1MtWWU5alJsMGJ5MEFlS3RoRG5vR0l5cWNLR3RtLS0wR0Q4SUFmbkhCZC1kSEhvU3VnU1paNDMxd0lwOGozQ2d2dWt0SG5GRjdQZ3ZIYnVLSHNqV1VabXZOWWZ3YURfeTVhU2Fha3VoaDczYTFab0V4NFdFNEUtQUd4QXBNbkJzcE1SaUlIVDJFT2ExRjFIdw?oc=5&hl=en-US&gl=US&ceid=US:en,Amnesty International,0.6369
Periods Don’t Stop for Pandemics – Neither Will Our Efforts to Bring Safe Menstrual Hygiene to Women and Girls - World Bank,2020-05-28 07:00:00,https://news.google.com/rss/articles/CBMihgFBVV95cUxPSkdseV96UVJpbHlXUWZUQ2JrU3E5TFRwWms1VndoR0VQWHZQYWllUHRZeUF0TUlqNG9GWkpkY1B5WmVpQW95S1pjNFFoOE9tZERVdHVmb1puR3VYb3dYdDQxRTFaU2RKNk9zX2tVSVJyckJFcDNlMFh1SHplVFJPSjd4cXVhQQ?oc=5&hl=en-US&gl=US&ceid=US:en,World Bank,0.1779
Data tells the story on how COVID-19 is changing the world - Welcome to the United Nations,2020-05-15 07:00:00,https://news.google.com/rss/articles/CBMiugFBVV95cUxOQ1FFWUp5eDMtUXc0dmRDcVc3M014eUdQRTFZSTc3MEg2WVltRnc4UkFReXR1QTBwUV9HU1J5LTB3Z3puR1F5RkY3ZHhZUUlNVWVKa2FncjZ3ay1BaDUyZXJESjA5ampoaG9BdTJmRnFwY242NjgycXZTMGVvYU5RTkZmaDlrSkgzckF1ejhTRVd3b0tLQlZNOWZzbGlaNDBJVlRvVndNUTZDakNsOElnVWZYc0FUS205cEE?oc=5&hl=en-US&gl=US&ceid=US:en,Welcome to the United Nations,0.7003
Substantial investment needed to avert mental health crisis - World Health Organization (WHO),2020-05-14 07:00:00,https://news.google.com/rss/articles/CBMiogFBVV95cUxOTUREaWVnX3ZPQnM3N2hEZnVGRXhTdzZLbmhoWU5mSXBUWUdUcnk4aVd4WTdPdmJHOUs1U3NZaGFFQm53MXFBUGFDVUdTSHJrY2tkWVZMV2NaWGlqM1YwOVprZU5pSERRcnpIT0xIUXJPbEtTd2N6WG1adWV5NU82dWdhQnNTVkx1Uk9BQUFfTlg2V0M4cGNjMUJIdXJ1WHR1dnc?oc=5&hl=en-US&gl=US&ceid=US:en,World Health Organization (WHO),-0.6124
Coronavirus 4 May: at a glance - The Guardian,2020-05-04 07:00:00,https://news.google.com/rss/articles/CBMiggFBVV95cUxQYm5ZeUJMckw2STliR2VoMl81SXdPTXN0Z2FTamE3OVNiNnRoRXBWUVRzNWZkaU5PYm43RTdYSll1VHMwbWlPUFRORzFxZE1sdTd1UkVfODFxcGZZckg0UkF2ZmJHbXYzTkVzZ29wcUZwMnhHSUktaE5SV2tTdTN3OU13?oc=5&hl=en-US&gl=US&ceid=US:en,The Guardian,0.0
Trump says coronavirus worse 'attack' than Pearl Harbor - BBC,2020-05-07 07:00:00,https://news.google.com/rss/articles/CBMiXkFVX3lxTE5MMVl4UkdZYWJTTmNFQXRxZDQtN0EzOEJESTdRSEpSY1R4cS1RaVF4a241azkxYk1ZY3c2UkVEV0I4OFZraHkxYlR3Rl9zVG9FTjUyWFE5RlhQTU5lbFHSAWNBVV95cUxPaTZqSXA0V3ZXZ2x2N2U5OVB1eTUxazlpTncwd1FqN0prRE55T1hYMUdZaXZaX3VlcFl2RlFvOGhrbndJNE82LUdqbXd6WFJPaUJNMC1pc1dvOGlsRjZ6N3FuUVk?oc=5&hl=en-US&gl=US&ceid=US:en,BBC,-0.4767
COVID-19 pandemic exposes global ‘frailties and inequalities’: UN deputy chief - UN News,2020-05-03 07:00:00,https://news.google.com/rss/articles/CBMiV0FVX3lxTE50Y1RJZUplMG5DcmVRQnl5cFViNUhCOWFaRkV2dU5xaEFaUmJZSTQwUUQyWE14ZTN5a0xsQzZfR1NudU9yQVZOaVVLMjljM3FpN2kxMXZQMA?oc=5&hl=en-US&gl=US&ceid=US:en,UN News,-0.128
"9th WHO Global Forum for Government Chief Nursing and Midwifery Officers, June 2020 - World Health Organization (WHO)",2020-05-13 07:00:00,https://news.google.com/rss/articles/CBMiogFBVV95cUxNTFRUanVQUVdaZl9jNnpSSUZRRVI0Mno0RFJDUkFqZHFBWHpwcU1haTJVOWdoZEdlaVdCcmpzNHVVRkhlcWlmNzFBc2xGR3Q3OXp1eEJHMGJVdVlZNllaWng4NTQwcGlTUFc0RnhVTDVTRk9YbWhnd0NwUVFfaUhTdnBya1d1ZnFXdGlJYVQtbjhjZ25WdXdOZG4zQTRnTG90OEE?oc=5&hl=en-US&gl=US&ceid=US:en,World Health Organization (WHO),0.0
Cameroon's deadly mix of war and coronavirus - BBC,2020-05-09 07:00:00,https://news.google.com/rss/articles/CBMiWkFVX3lxTE1aWXJ1XzB0dXNKZTFzV0Z6TDIzVFFZckNQbTJQbW1ZMEdqQjNUa2RnVjFCUUNBUUh6NHdNbDJoYmpoSklrajd6Z29FUEN0bVVnQnpkLXlxdU4td9IBX0FVX3lxTE4taHo0bHlCLXZQZ29ONGJEcmxuUUZvcUNuMmpaVjNRdEhvV1RVOUhBSUM2b29IRHdfcDNxbVRiSVZSZjlmYl9Sd3J3LXBpd1hncG9rZXU0cWc3UEFZZmNv?oc=5&hl=en-US&gl=US&ceid=US:en,BBC,-0.5994
"FIFA, European Commission and World Health Organization launch #SafeHome campaign to support those at risk from domestic violence - World Health Organization (WHO)",2020-05-26 07:00:00,https://news.google.com/rss/articles/CBMi_AFBVV95cUxQYmwyMWFzM3ExZExMMDZHZWhvTEJmbGNkQXVQZ25nclAzTlJpdEdIX2d1UUtIN3hKcTlwb0NpZ2J4bEplYW13RnA3N3RQLTRjWmVtUWNpUjRJWUZrVGhRWU1WbXRQc2Yzbk9MRDcwZHRJTTh6dXBEeFJrN1MyeDltaTNBM1JOY0RqVE1wWW1Uc1BWRnFXZ0tUUUJFU1Q2M1ROeWNsMUxEaXlYNnY5UU9hdUxuNXpfRTRQOWk4TDhiTmg1MUlSYkJKTVFJRjR6YmxnWVhzNU9WV0hvcnlJck9SOW52QWhMSG5iVjFqTWNGMlN4Wjd6WDhYTDM3cG8?oc=5&hl=en-US&gl=US&ceid=US:en,World Health Organization (WHO),-0.5423
The cost of inaction: COVID-19-related service disruptions could cause hundreds of thousands of extra deaths from HIV - World Health Organization (WHO),2020-05-11 07:00:00,https://news.google.com/rss/articles/CBMi7gFBVV95cUxPclhSYk9TekN2c21nSFlmRmhpU0RnbERhRS1oa0ZLdmwxZGV1T2lIeDl1cy15STI3bk8yM09iNXlldUlvSm9MeEs0eWlrbUdYbHpoNkZIMGprTTdCSDZEb2NPQlN1cHB4WUNqNGhmMjFtSDl4cnlsV2xVVzVuN3g4dFVlVzFxcl9rTm95cEtBVDNmaTJ5NWNqbUtDOVoxa0ZicWdvaXRUZG96QWlGOThaVTdzMjZMUDFiUndhemUyNEhoMkZYLUU4SXhqUFlmM1ZnWGxUNWlYX3BTTE9pRUlySEF5OHIyajBlSU9VeDV3?oc=5&hl=en-US&gl=US&ceid=US:en,World Health Organization (WHO),-0.5267
Multisystem inflammatory syndrome in children and adolescents temporally related to COVID-19 - World Health Organization (WHO),2020-05-15 07:00:00,https://news.google.com/rss/articles/CBMiwwFBVV95cUxOVXVka0Y1M2VMVk9uajNPcHNnejEzNE01Ul9Vbll6N21RWEV2eVQ2d0RRbWhldER1Y0Z1cXliMXBSaFVHMW5ObHF4ekNCUDNRTFRnVS1nelNtNnltTjRoVnBwQUd3a1ducWFDa0ZFMFJsRVhjSkJ1N2d5a3IzYkMtd3FSek5PYlI0TUQxUG1CbjJneVFtVmFxQzdHeV9qVHRoOXZfaVJlaWtHRXZxSUxWelh1akd4Sy1nc21ueWYzWm1fMzQ?oc=5&hl=en-US&gl=US&ceid=US:en,World Health Organization (WHO),0.0
Countering misinformation about COVID-19 - World Health Organization (WHO),2020-05-11 07:00:00,https://news.google.com/rss/articles/CBMimAFBVV95cUxNU3hTeDMtc2NsNGh5NnJ4TVFqM3FhRHFsaUc5YWVZamNZQ3o2MUNiem1pVGNDaWhLNUU3WExIWUtIUHdzM2dqZmhsX2pFRlg0bi1ER2FhYjJVS0FzZDhnZzAyQlIyS1pGbUl2UVBRd1htQXFnS3pWZ1NJZUN4bUpETGlkeG9Gd3RXbDh6WGhqS09lcVg0N1M5aQ?oc=5&hl=en-US&gl=US&ceid=US:en,World Health Organization (WHO),-0.3182
New WHO estimates: Up to 190 000 people could die of COVID-19 in Africa if not controlled - WHO | Regional Office for Africa,2020-05-07 07:00:00,https://news.google.com/rss/articles/CBMiqgFBVV95cUxPR1dodTBmOUEwM1N6MmVMVnh2NGZfUTVvVVFjdmZmalZKVkZ4MVJDMGQyWWRoWTZaRmhFUkFHR25fUVlYdjE2UFZmYVVXWW9WOF9MSnJwM0JZREZUMmczdDFPRlJHUXh5LWVkcTBaOXRvNTI1Z21KdmEtdy1ieFctb3JLNkRMdGtNTTctcjNIU0xPXzZqU2ZjdldKZW80R0FpbmdnMUQ1VFdqdw?oc=5&hl=en-US&gl=US&ceid=US:en,WHO | Regional Office for Africa,-0.5994
ICYMI: McCaul on Fox News: “Tedros Failed in His Mission to Protect World from a Pandemic” - Committee on Foreign Affairs (.gov),2020-05-20 07:00:00,https://news.google.com/rss/articles/CBMiwwFBVV95cUxOSDVJc0Izd2VfV3owNVlGRjN5QTlXNmV1aGhGVzJyVFB0Uk9lclpBdU5xeE4yWk1kTm5aYUZKM3d3YzVaX1VzMjF1VURDX0NEUkl4ekpVdkZ5cWhkNGJlNmtrYzhMOEN4ck1WM2MzTm92TXoyRFJXVXJtX3NaN0VRR3VkVURoaXZPRlpodGc4VjZBaVpwd3FjSTBOajZzRkctdktLaUNXZkxPWkZPX0p5eW1IT3JKYjBCUGZvZTVBWTR5Qms?oc=5&hl=en-US&gl=US&ceid=US:en,Committee on Foreign Affairs (.gov),-0.1779
What will emerge when post-WW2 order ends? - BBC,2020-05-07 07:00:00,https://news.google.com/rss/articles/CBMiWkFVX3lxTE96ZWdMMmQ1aWdKd0dTWnNzZHpLNnFwSVhHTWVRWXB3ODRVbmdoVGcwV1ZHVC1mZ0hWV29GMm9QTDM2SGEweWxyb05IM0pPZ1ZadEpfNjczVUMtd9IBX0FVX3lxTE9icTRIYkJreG5ERF9ibnZHc0h1STR1eVQ3cG5BVmVXWEYtdlJ6MVZVM1M5NnhvelV1NG9xeHFtZ2Jmd2FSdE9iQTFGbmJNRHYxTXpXSGU4RmpwWmc4Ty1F?oc=5&hl=en-US&gl=US&ceid=US:en,BBC,0.0
Binghamton University transitions to COVID-19 world - Binghamton University,2020-05-06 07:00:00,https://news.google.com/rss/articles/CBMimgFBVV95cUxNZVRmb3Q2eVVjYnY2YWFRNFFWU0VpM2VUMU1KSW9LS1VPVG5qMlVVVUFDYnl2Rl9VOFZhLU5hYzllVnFVeDFsOElVanJ1bzlUQXJ4aHBHanFWVE9iT19wSk05aGQwNEtSMVo3bVQ3ZUVJUTRoVVRvNEd5dDZfMTRGOEpCNEVheHdOcU9GQnhtTWgtUlpiTEV5c1VB?oc=5&hl=en-US&gl=US&ceid=US:en,Binghamton University,0.0
Historic health assembly ends with global commitment to COVID-19 response - World Health Organization (WHO),2020-05-19 07:00:00,https://news.google.com/rss/articles/CBMitAFBVV95cUxPRF9TaEFlc2JPSVp1V005R2FabmszemdxbEEtcXBGSlQ3cUxBeWdMbjBoMUhrWnNScXowcHpQNVJHMmtXck9GcnRHV1pVVG1feFY0alAwVExDakNBVWUxa0w2SGUyMjU0N3JCOXpoaDVlNE5lRXhvNjBKUklpcWhxV2dWYkFUY3FTc0R4ZjZ1bC1USDJZWkI1bjlZY1Y5MnVsTDF4NFhRVDJOMTU0WFBEbERCVTk?oc=5&hl=en-US&gl=US&ceid=US:en,World Health Organization (WHO),0.3818
Norway is first to join new Global Recognition Convention - University World News,2020-05-14 07:00:00,https://news.google.com/rss/articles/CBMid0FVX3lxTE1WVXg0VHpwQm5UUDFnSVNUSThpeVdYSFcyRFpPano3Nl81Zm9RXzA5U044OFpvaHF0LTNHcTRfRndkME56TjMyY0p5X0hHT2VmSFEtbHhIY1dmMENpSGt2d0pETUpaOW9fMk93c2hpYloxOUs4WDhJ?oc=5&hl=en-US&gl=US&ceid=US:en,University World News,0.296
Alloy clear for use in high-temperature reactors - World Nuclear News,2020-05-06 07:00:00,https://news.google.com/rss/articles/CBMilAFBVV95cUxOY0JOdE9zWWJPNVZ2OGZhZVJwWEhacGNRUGxESm9KVmFpaXdmaUZrWmp3X01VelI3U1hHaVZOcVNuMTU1TnI3RFQ1SmVUWUhjZ2EydG9kU2Q3UG5hS1hkSmJaRlNYUldzSGIyMTZRTDd3aThZVFAxdVlTZ2RZN3Mxd2VTS1VjUTJvSlZFWFMzYXFIOFg0?oc=5&hl=en-US&gl=US&ceid=US:en,World Nuclear News,0.3818
Assessing the Global Climate in April 2020 - National Centers for Environmental Information (NCEI) (.gov),2020-05-13 07:00:00,https://news.google.com/rss/articles/CBMiYkFVX3lxTE1xRWMwVE53Snp4ZUlnUW9ELWx6MTZvN1ZCV1NSQlJ4Z3ltRkt4MXd5RUk1Qnp3eWcyMUVIOXF1RHYwcGRzcXBlS25wVzlJUk5CRi1ITDVqNEV4emtCWjROdFVn?oc=5&hl=en-US&gl=US&ceid=US:en,National Centers for Environmental Information (NCEI) (.gov),0.0
How COVID-19 has changed the global economy - University of Chicago News,2020-05-11 07:00:00,https://news.google.com/rss/articles/CBMie0FVX3lxTE9SOHpSZjJUVjhqeUZVMEZ5Um9QTFUxM0J5NXMtTW5zVDhHVnZxUTNLNlpxZHBRMDdtZkY2SGowYmFwTzdZWkNOTjVJVHBKdnQ0NlVvUlJRU0xPRG5kd1ZGRGZKeVhpY2Nvd2Z5cFo4VXl5MEpvNE8yT3RzNA?oc=5&hl=en-US&gl=US&ceid=US:en,University of Chicago News,0.0
Migrants stranded ‘all over the world’ and at risk from coronavirus - UN News,2020-05-07 07:00:00,https://news.google.com/rss/articles/CBMiV0FVX3lxTE93aEwwR0E1enkyRHlxVmhkQ1gyZXFHRS1iRmdaLVVCUjF0U1hWb2R1SnM4SG9lZWNYSFBfVlFNQ2VGWDdkM3V5QTgzUTFQWlZ2eVlQanNpYw?oc=5&hl=en-US&gl=US&ceid=US:en,UN News,-0.2732
Saudi Arabia: Just how deep are its troubles? - BBC,2020-05-12 07:00:00,https://news.google.com/rss/articles/CBMiYEFVX3lxTE5nNVdxb0pZV3NUVlFHeU5zbHFNbE0yeTQ1eTdpdnVTbWNzNUxWbm9PZTg2WlAwcmZ6akM1dXdEZXJPTmZxU2pJXzY4aG5KakxiYnBveGE0TFhheG1maEVEOdIBZkFVX3lxTE5xcXU5RTBRRzltTEhxX3FmV2JIZkVVNkxqbEpMdlhibFdUclk4eUxTNnZaNURGNWhiOF9KQnZfTmhWc1hoU2NDUmlHczR5RlZyOXF1cDQzTWpyMTlqSTk2Z0o5ak5aZw?oc=5&hl=en-US&gl=US&ceid=US:en,BBC,-0.4588
"Peacebuilder Podcast: ""World Viewing"" with Jayne Docherty - Eastern Mennonite University",2020-05-27 07:00:00,https://news.google.com/rss/articles/CBMijgFBVV95cUxNVVJ0aktKQThTcjFlWGRCdnFPd0xXMjFUNFQyQ0NGb1Z2aW1ZbTd2b1hQZ055T09ObFo2VksxOG56akUyN3BEaVpqOEQxU0xveWtZYV9fYUlKT0JfOWxGRXQ3WGdNMEg0R3dWR0pkOXJIaUphRGNEN1E1bzBDTFpIOG1BaDJNOFFnSGJvVHFn?oc=5&hl=en-US&gl=US&ceid=US:en,Eastern Mennonite University,0.0
Coronavirus: What attacks on Asians reveal about American identity - BBC,2020-05-27 07:00:00,https://news.google.com/rss/articles/CBMiXkFVX3lxTE5VdC1LaVBRblZqcXVDSTEzeTFnaTNjZ0w3Vk9hRUxkQkp1RVJpZ19WNHNic2VzN3J2Wl9jNXNQdVBpVzVFWkhzYkpSNjlMMnpNMFR4dWs0Nk5NR3Fua1HSAWNBVV95cUxOZzVMWFRrSU5OVjBDNm9yRGltaGpjbTY0eFBLNWxuZ2h0cDFWNmxSYS0zQ25GdGNjaEs5a1lrR1JZVTQtMUZKV2Z1d3U0aXdIaXlqeE1fa1VwNkhmZUFpXzI0d3c?oc=5&hl=en-US&gl=US&ceid=US:en,BBC,-0.4404
WHO statement: Tobacco use and COVID-19 - World Health Organization (WHO),2020-05-11 07:00:00,https://news.google.com/rss/articles/CBMihgFBVV95cUxOZ0Y4MDQxZmNMVEg3Y2ZvRnQyLXV1LS1JNkdlQnc5a3lLaFBOUkRHWUY0OE43SEhVVGEyQmpvTklvdXJtS29OdzBXbVduNnczUHBmLU1Ea3lqdkpuN0NDYU00aGN1MExVTlRXR0Y1YldlLWhIcWhEQUFWeDVFOEE3R0FiNklsdw?oc=5&hl=en-US&gl=US&ceid=US:en,World Health Organization (WHO),0.0
The changing world of work - MIT News,2020-05-18 07:00:00,https://news.google.com/rss/articles/CBMiakFVX3lxTE93SS1UVk1heHRtTTJKeFBDLXBBSURDY0FVTHQ3NWRXeU5hWXlYanp1WGRScG84YUxjcGJXUUNNQU5LZUFBV0ZaaUwzYTNvZExrNTlYZXpEMFltLU1MZWVUWEVKNi1jb0lYZUE?oc=5&hl=en-US&gl=US&ceid=US:en,MIT News,0.0
Coronavirus: How the pandemic in US compares with rest of world - BBC,2020-05-27 07:00:00,https://news.google.com/rss/articles/CBMiXkFVX3lxTE5HUnBKTnNBQVVMZ3FlWGEtTjdsWHo0Q1ZwdGNpUFh6TENPZEJ0ekM3TDBRSUdKUF9VVFdEcmxOVmNzZEtETnJxZkZaNENhZE9tX0lIbk56c2FPTlZKaGfSAWNBVV95cUxQa25WTmo1SEFZekptdVJMS3dFY2pvaFdlcUNkalBiNDh2ekNNdURLNEg4a05NaHhMNncwYkI4SEFsck5adUhtTkZiZXlxbnk1OHVwNjRYS05ER3dJY3NFRGpOTHM?oc=5&hl=en-US&gl=US&ceid=US:en,BBC,0.0
Coronavirus: Health workers face violent attacks in Mexico - BBC,2020-05-17 07:00:00,https://news.google.com/rss/articles/CBMiY0FVX3lxTE1vaUVkQ2VPeEp4OWlrajRhbS1xMXI2NFBrQkQyY0VFQWZfX0NHT1E2ZHMzbDM5bDk0b1g5azhUdEJ2cTFwVzNuTXoxaURaNkxDTnM1Q0prV3VIU2JCWE1FQ0NSONIBaEFVX3lxTE1PUERWa0lEVktkRTlzazZaUDNJRlEzaDg5UkdQRThaN3RCeWQ4M2JFVnV1ODYzSUI1cDNEQXAxSktHdVdkdzZfWkJaX05Zek5sRGI0QlQ3OVZvS01jNGk4Y2NiLWxmOU94?oc=5&hl=en-US&gl=US&ceid=US:en,BBC,-0.7783
"Study: Life might survive, and thrive, in a hydrogen world - MIT News",2020-05-04 07:00:00,https://news.google.com/rss/articles/CBMiZ0FVX3lxTE1TRVY4My0zUk5hajZiX1QtWW9KZjJJeExkcVdieVA0eTZhWjN4Rlp6Qy1EcGFqaHdrWnRCanJmVjZ1bHBITUJBNEpiS2g4YUxfczZWTVhBWk1HUkZtVzJOX09hQlFqekE?oc=5&hl=en-US&gl=US&ceid=US:en,MIT News,0.0
George Floyd death: Clashes as protests spread across US - BBC,2020-05-30 07:00:00,https://news.google.com/rss/articles/CBMiXkFVX3lxTE5ORzdpU3JzRFByNTJibnlSNEE4azN2UHl5amh3QzJmNldPYWphMXBnNVlLMDhrX0RXLTd2aDV0VmZRclVtb0N3UVV2UFo2d1JxV05ORlBUeGJFLVJmVGc?oc=5&hl=en-US&gl=US&ceid=US:en,BBC,-0.7003
Facing mental health fallout from the coronavirus pandemic - World Health Organization (WHO),2020-05-29 07:00:00,https://news.google.com/rss/articles/CBMisAFBVV95cUxQdkZiV0dMR3REa0pyN1A1aEFjdXk4QUJubm44NlBlelphV2ViTEl1amZJQkNZSUlZRTlMOWVqTVJXQzR4QnNoTzB5eFhzdERCd29RVEJiRERmT2FrU3hRdlhPMXl3OTh6M1dXU3RVbW9CM3hIWllmamRoV056X2MtRE5kSVVKY0VzOHdxRUhzbVVsamI2YTNNRmhEUGtvbEFBVUozQjFnUDVNM05hcDkzaw?oc=5&hl=en-US&gl=US&ceid=US:en,World Health Organization (WHO),0.0
'Cannabis burned during worship' by ancient Israelites - study - BBC,2020-05-29 07:00:00,https://news.google.com/rss/articles/CBMiYEFVX3lxTE9NZXFyaDZGWDhnazZTdlBoOVdBVEliYWpkdFNYb0xYZ0l2WUYyUEZlQ2Y3blppbGhtU2NjMTZ4ajEwVy1GLW9zRDQ3bGZuQVczdmhPek1idG5heHI4RERMSNIBZkFVX3lxTFBhY1dHa1MweU1sY1BLXzVyUHJGQmU2SjVVVzBYVWQzTG5IZnFyS0ZERHAyeXdpTko5UzZxSklxd3VtZ1k1akVfQm1LX2ZNeVQwSW1xRi14cVpGaW1wWGpHbjBMNEJUZw?oc=5&hl=en-US&gl=US&ceid=US:en,BBC,0.296
WHO Foundation Established to Support Critical Global Health Needs - World Health Organization (WHO),2020-05-27 07:00:00,https://news.google.com/rss/articles/CBMiqwFBVV95cUxPM1hvZFFrSFlBNE9YZVdvNkVlQ1ZKWTFlSnB6THlkZFJneDBnNEhsN2tEZWZFYjJhX2FHZ0lEd3FDaGRVeC1pZU1UbXg5TFVXWjkyVlVCalg2OUx5Ykx5dVBzYWphU2FQaG9QRV9ONFlfU2h4c3lOMlVFOGRUSGxTTnJ1WUY0b2ZvTzU4d0FEZDBHVFgweW5JcUpkT2dKVkNhcGh1UUhQMWY3S0k?oc=5&hl=en-US&gl=US&ceid=US:en,World Health Organization (WHO),0.1027
How South Korea made itself a global innovation leader - Nature,2020-05-28 07:00:00,https://news.google.com/rss/articles/CBMisgFBVV95cUxQWHp5QkNCQk5mWC1KYnBvRmxSNVhXVEVvSkNZZGF0dlNDUEMtbDVfUnFNNVEwZ08xcHZRMTlWTV9JVE1MZmYwYWhJTTVpMFJ4SzFvUnd6OHlkUXJUOUxFdGREOTNkQUNmelp6NVpHNGVCZUtHVDlEUXM3QVdTbDE0UFFFT1B6bmVuRk9vdTJwMGtibkwyNDVKRVpLT0lKeUZOTEVvZXhlaExuaENsbkRCMU1B?oc=5&hl=en-US&gl=US&ceid=US:en,Nature,0.3818
EMA commissions independent research to prepare for real-world monitoring of COVID-19 vaccines - European Medicines Agency,2020-05-27 07:00:00,https://news.google.com/rss/articles/CBMiugFBVV95cUxNY1dZdmlMV3dEb2hrZFU2cjVXa1BwNEVWVzNLbHpKUnFrR0M1Smo4Slk3T0tFUFlyZVNyRWpBZmNYbWVueFljNWp0U3NqYnd0Z3pMaHk2M0VhMUZNQ1FLY2QtNHdIVzZfZW4xOXdhS1oxOUVYYW1wMUJoM2FURTJrcFVoNkZBWlNHREVqN3hZNGRGdTZfbVd5b2RGV0k5TG1nZHJNVjdHVzFId0hyVy1uYlZlMHFzdF9Jb3c?oc=5&hl=en-US&gl=US&ceid=US:en,European Medicines Agency,0.0
WORLD TURTLE DAY NEWS: WCS Celebrating Cantor’s Giant Softshell Turtle Conservation in Cambodia on World Turtle Day 2020 - WCS Newsroom,2020-05-23 07:00:00,https://news.google.com/rss/articles/CBMiqgJBVV95cUxOZkluSWlJaVgxaUJEdkVhS2xBSEpqLV9QeW1KWUZOMWhLc0hhOEU1UkZJSmdJdW1qd3J3ZDBlcjktZVFfVUY1RFAyNU91RldZeDhBalVEbGtVcW42RlhMRkVaYVE3NXp1Qm1pVU9KZ0FYZmd1VnFIT1lPcnBsLXhrZHNjLVBvaG4tQXlfeTNDU2pKSFhCVUx1RURqTTAydEg1SWRVaGZuci1hRDdkRDJIN1BGZktmeXB2YmduWXkzOUNJcG5CNEYyZmR5cktXVVR0T1ZlR1Y0aHAwU0FsczRWRGN3UDBweDlqTUVjbEh4VUFjMHhRd3l4MlRzeTNWLXllSXhoVWtCMHcybUVkZnZ1SFZVTlVZTlFZd2IzdDY0QWNBLVZrSWdlUGhn?oc=5&hl=en-US&gl=US&ceid=US:en,WCS Newsroom,0.5719
Construction moves forward on One World Café - UBNow: News and views for UB faculty and staff - University at Buffalo,2020-05-27 07:00:00,https://news.google.com/rss/articles/CBMifEFVX3lxTE5zc2EyRlJ4Y0lKdHVYcUhtMWhiUi12TDNVNFVpdWxqclRVcmx3NS0zSFFzdHNaSGxJTERtRGsxcVdhTmFPLWg5ZXVZNFFoa3MyTnlRZDhTQ1FOdGZoSFVEN2lxZTZ2U0tMeW1iSjd4US0xN1kxS25xb3JVbXo?oc=5&hl=en-US&gl=US&ceid=US:en,University at Buffalo,0.0
"UNODC, WHO, UNAIDS and OHCHR joint statement on COVID-19 in prisons and other closed settings - World Health Organization (WHO)",2020-05-13 07:00:00,https://news.google.com/rss/articles/CBMizAFBVV95cUxNWlhLUXVzNmE2cHNuLTNseTZvRUlzTHVxb2N1N3hzMTF4UjdxVnlHTzRhSlJTM3o0NE9LYkdlVVd5UkVVd25FSGw0eUpGR2RfdUxvcEFFdFJjQks5VWZIQ2NtTHVGZUFoUERSUUJvNFJ6VFhYdHRyUlZBSDJWdWhHM1pMX09aOHJmd0RMVkhZZFpCSjRyTHpCajV1VHBid2swcDc0dC1FSmlZaU5RVTIzbnhTU0JGUHNKQUhLQTJqSFh3ZU1tYVdZTkYwVGw?oc=5&hl=en-US&gl=US&ceid=US:en,World Health Organization (WHO),0.0
How to talk to your kids about disasters in the news - World Vision,2020-05-11 07:00:00,https://news.google.com/rss/articles/CBMirgFBVV95cUxNY3BLMV9Vam5NSTZ2X0NkMWVpQWhna2VUYnE2ME5MQVFFcm9lcFg0a1hWUjQzT1dMOE1DcEdENTFNbll5bE5UT05zX1RpMklYNjZ4UzdHZ3pGbFFWS25nZERzeEh0WFhmRjMwdnZFQWhPVGwxMm9nMVlMLUJaZVUyeHNyV2ExQnJZYzBvT3Z2Ull3SnFMN2ZPZHZ2cEpKRVZ1b2Rpak96ZFA4Q3lkR3c?oc=5&hl=en-US&gl=US&ceid=US:en,World Vision,-0.3818
WHO Manifesto for a healthy recovery from COVID-19 - World Health Organization (WHO),2020-05-26 07:00:00,https://news.google.com/rss/articles/CBMipgFBVV95cUxQY0kzWjNXemV3ekFKRFhyZ0hjbXFTRHZzeDZZakNSZ3FOTkNfbzdMeER2UE12THY0ZlJESFV3Vl9FZWtrMW54RDlIRERHU1NTeTZMWVJsVWtmWkp1cm5BZUo4ZDFlVEltbEZmbW9rQmtWN0FIUDdtdHNfR01uS0dWX0h5ZmFVRkZ6cDFPVGlhOW5UM0FLLWpIbzJUUk9ZaFliSTVlMWdR?oc=5&hl=en-US&gl=US&ceid=US:en,World Health Organization (WHO),0.4019
International community rallies to support open research and science to fight COVID-19 - World Health Organization (WHO),2020-05-29 07:00:00,https://news.google.com/rss/articles/CBMixgFBVV95cUxOaFMxQk9YNHRFbHd2RjlLRl9GamdzS1ZiV1B5NFdrbXR5VXNmOVdMT1QwZ3RISXJqbFNyeGNWZHNJcmgtSWRLa0hDLUxIUHFRQlJvb25pV09NSDYxZnZzTEg0RjljVXNTNkpiWDNFalBvY2RUek1lYVdxUTc0ZHJQRUp2b2t2Z3g5U3R3aG9lTDR3aDJXT3pwY3hTZUtVVi1uWUoxMmplX0V4VWJoOFdPZklwUC1mc0M0ckMzS1BWSFNBTWRxY2c?oc=5&hl=en-US&gl=US&ceid=US:en,World Health Organization (WHO),0.0258
US uranium output falls 89% in 2019 - World Nuclear News,2020-05-19 07:00:00,https://news.google.com/rss/articles/CBMigwFBVV95cUxQOEJ4UjZ3dnpwWUZqSWxQcTdpdlRkRUZSZlQzTVN2OVpINlU1RGVGT2s2M25ia2dObXdLcGhMaXhwdW1QTkk3dDVJckVPbVdfN2tkTFcxOEN0dWhaYkZjNl9qQVExMXVvcktRbUx0aFZoUElMOGlfSHlEdDlfRVBUem5wcw?oc=5&hl=en-US&gl=US&ceid=US:en,World Nuclear News,0.0
Africa 'least affected globally' - latest COVID-19 news from the World Health Organization - The World Economic Forum,2020-05-25 07:00:00,https://news.google.com/rss/articles/CBMiowFBVV95cUxOanJybkhxcFZtdFduSjBTNTJkZXdIVTFKSUtURU1za1hzMnFzbW5BUzViazljMWlCNjRtd1JwRDNKa3pkRjhWOHpzZU9heUN1Z0ZiSktQVFY5WThiMHRXelpJcTlfa2loeHpGYnoxY043MlAyU1dRb3ZBREFpMHAyWUtxUDdKRjJ5X3J1YzMzOWhCUFQxYnRxNjkzdnl1ZmtzbWFF?oc=5&hl=en-US&gl=US&ceid=US:en,The World Economic Forum,0.1139
"Commemorating Smallpox Eradication – a legacy of hope, for COVID-19 and other diseases - World Health Organization (WHO)",2020-05-08 07:00:00,https://news.google.com/rss/articles/CBMiwgFBVV95cUxPVEVsZDR3SHo5VS1WalNnbmRKbmhpcENoVG5reWtFekctWnE4RVJ4dkw0VUJxX3Y2bGhfWWF2bTJpeGRYemVWUHAtR3prTFh4ZlFJU09IUnVBTUQ5VWs0TmcweG83OU9VMzNGYmw0MXF3RU9Zb2JEV2sxSUp4ZG54WnZJYmsyRkhTSlVpQ2hDMjRLVFRXWlc0VjEyVG96UzJlb3lwSi1kYUgyRmxtZklYdEw3bmtaS2k1TjFhSk5SSTctUQ?oc=5&hl=en-US&gl=US&ceid=US:en,World Health Organization (WHO),0.4404
UN chief appeals for global action against coronavirus-fueled hate speech - UN News,2020-05-08 07:00:00,https://news.google.com/rss/articles/CBMiV0FVX3lxTE5NUXkxYzIzYWJ0NmZSZ29DZkVqR2FoRExjeVl6RWNfQUJSdHFFMWZaYndxdEFFclJ3TEh5T2xKNEUzRWtoeVhiZmFQRTgySHBPUkkwQ2w1dw?oc=5&hl=en-US&gl=US&ceid=US:en,UN News,-0.5719
"WHO, UN Foundation and Illumination partner on health messages - World Health Organization (WHO)",2020-05-27 07:00:00,https://news.google.com/rss/articles/CBMixwFBVV95cUxPYkVMUTJwX24xdjA3anFPbzhCMndCZThOc2ZnQUFMaFUyaDZ2T1NTX0k5cmxKNTRwSUxBNmlNZU0zc1ZYcGFfdU9id0VBaE40LWJ4REZBRzV3TUdQMjBSTXdXeXVjM3RXd2UtVUZWcTFtYVc5WmZWWHU5dmg1ZGktUXNIamlxNlRhN29fUjhpQ24zQVdwbmtsNmpZTlMwUVJlOGFYdlFDVWNnLWJPamJIQVpILWo1aDJtNzUtZi1fLXVwMklnaVdR?oc=5&hl=en-US&gl=US&ceid=US:en,World Health Organization (WHO),0.0
What else happened as coronavirus swept the globe - The Guardian,2020-05-25 07:00:00,https://news.google.com/rss/articles/CBMingFBVV95cUxNa1phdkozOVFwQ0p6UGxtbmtjRVVjaXQzV1lUUlFQcGVwZVJnZ2dlNWtLOWtDaEJfSTRDcWFCaWxBRzkycERWNDJKNDZZTUdUSnp0TUJPWjA1YkVWR2JZWS1rT3dnb3BLMklXYlA2Qlg2LTNFMC1pWWRUWkhYWGx6ZmNqdnF0dTFDdE5CRXZ0cXRZMFpiaGVQN1BOakFnUQ?oc=5&hl=en-US&gl=US&ceid=US:en,The Guardian,0.0
Brothers' Home: South Korea's 1980s 'concentration camp' - BBC,2020-05-30 07:00:00,https://news.google.com/rss/articles/CBMiV0FVX3lxTE9yTmNDVXR3MnBhYXE4V3R4ZE5zbzBKYi1zVTJUNUo4azkyRkkwdkdOQ3gzUVlUR21UQTFsRVN5QWV4RVNfaXJSRUpZSi1zWjYxMUozQTQ2a9IBXEFVX3lxTFBlQ19DRThNcHZvNTVGT2x4Tm5zbXVwaF9qN2tUbUZ0dEd2Sm1tQnhKak01QU5xY0lFdzJHQkN5WUhHSnJCZGYtTzB2bmlKN2JiZVRxTGFGd3FldWZk?oc=5&hl=en-US&gl=US&ceid=US:en,BBC,0.0
Teenage boy charged in Canada's first 'incel' terror case - BBC,2020-05-20 07:00:00,https://news.google.com/rss/articles/CBMiXkFVX3lxTE9rWjlOTUFWWTNqaFRzaHk2dTdtbDhUNlZPYkFaRnUydmhIc2EtVkdDc1VISkg4WEoxY0NULTROQXQyZkNIUEhEakV2WUdzTV9OM053NzQ5RTY5UnZtQlHSAWNBVV95cUxPd19XUkZGZVQyMHI2NDUwYUtMZnZXdzhHVFVRV1ZYNFpSRHp4azEySExkUGtkYjlfX0J5TVZYM1hOcWNLbWowT0tBdFpURng4WDBuanhRNXdjY3ZvSEtIeEt1ZkU?oc=5&hl=en-US&gl=US&ceid=US:en,BBC,-0.6369
New Laws Banning False News Threaten the Free Flow of Information Worldwide - Electronic Frontier Foundation,2020-05-04 07:00:00,https://news.google.com/rss/articles/CBMikwFBVV95cUxPUkloaDFkLUh6ZVJadXFDbUFxaXJUUjJBM1pqYm9FLTlSb0hUZVVKYkRpQ1JfMUdiTURDOElXNllQbG1GUm5HX0JyTXJQYlQ3dGNtZnhKODlzR192OHlOR1d6Y0d1R1FfdVM3bVRmQ2JPQmJMS2RTUTB6QzlfUUl6Y3dLYl9Bb1hkQ3lsWmVhTTh2b2s?oc=5&hl=en-US&gl=US&ceid=US:en,Electronic Frontier Foundation,0.1779
IOC and WHO strengthen ties to advocate healthy lifestyles - Olympics.com,2020-05-16 07:00:00,https://news.google.com/rss/articles/CBMikgFBVV95cUxNcE9XT1ZJTzFQSGl5TFEtWjVhY25TT1pObEtGOFh2UkdMYko4NnY2eC1pVUQxOXBxU1FkRTBMb2NsRTdScXlXekJGT1dTdXhOUEFiMEVxeHRDZGs1cUdERW0yTnFyYTREcGxkZGY4YnBlZzVWOENzVVlfajFOVFh4bHFvWk00Z3Q2Wk5aZW8xWHkyUQ?oc=5&hl=en-US&gl=US&ceid=US:en,Olympics.com,0.6124
WHO: People living longer and healthier lives but COVID-19 threatens to throw progress off track - World Health Organization (WHO),2020-05-13 07:00:00,https://news.google.com/rss/articles/CBMizAFBVV95cUxOcU4zdUhLdDFudkhXczJuRXhlYjRzU0Y1SkxnNVB2VVc3S0hjWC0zQWhzRHRlb0Zhc1YxN2c1dDl4MWtybGNMdGVLbVVkUzE3cGcyaEtrOVdWWkJYR3FZZFdGTXdtbG5Yam9qeDY3dlM0Nl84dnU5SHg0T2Z0N245OVRMRV9pdWFVS0x1YlhzWXhfalNfWURsdEdPM2tfNXU4NllkbXN1emtjREFxMGMzQXlWemd6d1lydkM0QlR1Wm1EQ1FwU1hMY3RXcS0?oc=5&hl=en-US&gl=US&ceid=US:en,World Health Organization (WHO),0.0772
Coronavirus blame game threatens to mar World Health Assembly - NBC News,2020-05-17 07:00:00,https://news.google.com/rss/articles/CBMirwFBVV95cUxQOWJ3c3N4Z0gwcXVjOHJGZXpKUW0wSUdHWnJtZkxYa3dnZ3ExbWlyNHBhTXU2aTk0YXRXbFdWc2IzTFl6TTdaSC11REgyWUUySldmVW5mME1XNlljcWVldk9sUXpYekpoVDl2OHllTUY2QkNjUkFFWmMxSDY2czdxOHlLcmtuMl9fSEZZWTFFd0JjUGJXR2RuQ0ZSZW5UUGJZd0lOYnVYekpqNUthZzI40gFXQVVfeXFMTXF1ZUlMb0VjclNaMTltVFdWSzdIX3I0Y0pWUW5yeXMxLVhpcE5pdlJobkZ2ODNsNGNlcHhFbkUwNi1mWEE2UXZPQ1NzdFVRN1lhbzlCWDNz?oc=5&hl=en-US&gl=US&ceid=US:en,NBC News,-0.6124
Alumna Carmen Reinhart appointed as World Bank Group chief economist - FIU News,2020-05-28 07:00:00,https://news.google.com/rss/articles/CBMinwFBVV95cUxOZU12dndlaHFfLXRlVzltcWtUaTBpTE9CQlMzZVpKb3c1Q3RkcXRtbng3Ym9NVjVjSERvTGpmWDVncGI4Q2xJeU1uY0RvSXZjSHVNUFBKbHNHeTlsTF9IVHc1RHN1WVBwdjN5VVRSamlDZjdTR093MXBVMG5UZjdYazZjWFlTZjFYRm9TOGRsckV2VkhZbVAxd3NZSWx5TFk?oc=5&hl=en-US&gl=US&ceid=US:en,FIU News,0.0
World’s Oldest Bug is Fossil Millipede from Scotland - UT News,2020-05-27 07:00:00,https://news.google.com/rss/articles/CBMikAFBVV95cUxPbnJpblo1cWk2c0swOW9IbDYzU2dZZEs0eUtRUEZFQUEwdkxqdGJqR05tYTJJVVAxblRFYUwzUTZyb2tzdTg3VFlDQnNVOGpEODllcV9JVkhTYUstaHlrMWZ2VHBzck9xOFdQc25Ubzl3aWhiTTZIQjlDNElvSWx4LTdWdHVSNnFLMFhUNGhJN1E?oc=5&hl=en-US&gl=US&ceid=US:en,UT News,0.0
Photographing North Korea’s 1989 World Festival – NKNews Podcast Ep.128 - NK News,2020-05-12 07:00:00,https://news.google.com/rss/articles/CBMiogFBVV95cUxPVHc0VXpCUXU3NUhqc25JQWFkdVdheUpHMGFRQmJJSmg2NDhYSGNyd3pmbU00NE5UZXR3RHFSTjVCWDdSbVNrMXZRUW1KZTRXYWxDQzVhNnhCOThYWTVMNXE4SzFPMVJneUtwTlJFckpINkVnVmNVZi1Ha2x4V1hZLUNRNUtsR1dKZ2pwSi1jMWtDZ3h4RzVZZUlXRmxyZGdtaWc?oc=5&hl=en-US&gl=US&ceid=US:en,NK News,0.4939
Myanmar: Government fails to protect Rohingya after world court order - Amnesty International,2020-05-22 07:00:00,https://news.google.com/rss/articles/CBMitwFBVV95cUxQV3BwclMzdUZoZXJlY1ZBVGtUTGxlZ2R6R1l0Q1l6ZGEtcGhGS0ctNFctZ243UVdxV0NMY1Bmdnh4S1RVNzNyenlXdjVQQjJOMXZmZjAxdlN1SmpZdzNtU3J6RG5vQ0ZhSjRUa1QzcGtJbGV2Z3FpdGpfT1ZfQW03TVVmcmVkU0p6c3pndUFqQlYza21BVk9rajRiUFMzbWVPV3RjSUdWanBiTmg3TWtGYW5vU2hTazQ?oc=5&hl=en-US&gl=US&ceid=US:en,Amnesty International,-0.0516
"George Floyd, the man whose death sparked US unrest - BBC",2020-05-31 07:00:00,https://news.google.com/rss/articles/CBMiXkFVX3lxTE15bmpfODRfb3VJcW5WaDI4M2hURmM0QkR0b1RTaEJXSU9sbVBDWEV5dEV5amFqaEVfUGtHcm9fYVVTMGF1NVdra3NEYkhySGFJU2E1V3hXV2h1UTZwR0HSAWNBVV95cUxNT29KUU4ySmhJVlZZZTdHUDVhdlNPeVFnWXlBSGhva1RhRnBGVWtGLXlTXzQ5ejE2TDVXRktwdXBSeUhOMVRVZmwzdzRObmdfRDg3VXprWGZpdDBGQk1JUGloclU?oc=5&hl=en-US&gl=US&ceid=US:en,BBC,-0.5994
Coronavirus: Trump gives WHO ultimatum over Covid-19 handling - BBC,2020-05-19 07:00:00,https://news.google.com/rss/articles/CBMiXkFVX3lxTE1BTlB2c1NyZTZuZ2s3LU5sbkY0Mkt6Q0pwaUo3c1c1RmdXb3ZHRGx6bG5oT2JZNHJ1Qnh5ZzFGQ0o4Vmh1d0thb0ZKb2pTcmxfams3TXRXNEljLU5OWFHSAWNBVV95cUxQNHRTQXh5aWxabEJkbTgzMlRnUWNFWXUwS19xdTBBOG1OQVV5UklsVGRPVnJ6NmFaSTkzRVZOTm5zTno5YVFhWUI2MGVyY0ZHV0NiVF91QzNZV2hZcEhUSmFPcG8?oc=5&hl=en-US&gl=US&ceid=US:en,BBC,0.0
Antifa: Trump says group will be designated 'terrorist organisation' - BBC,2020-05-31 07:00:00,https://news.google.com/rss/articles/CBMiXkFVX3lxTE5rbXkyU0FLdXJwNHdVcFdJYVVzanJ6X0Qzd01jbVJlSFdvRklHLUlNdGJMSDNNVVFzanJNZXB4VWJRazhVSXNXcFQtV0dyb21QWXF1R3daS3dzTUd0UWfSAWNBVV95cUxPdlFRbkY3QWJLVkdxZ3ZPdG5Kc25kZ29FLUFOTmxrRVBFbUNuUjhCQVZCWFdCX0hac3BYTkdkaXFYSVIzSDdQYjZjZUd1aUVZWkFMZk1LVmJ0M3ZHcGxmWGNEcUU?oc=5&hl=en-US&gl=US&ceid=US:en,BBC,-0.6908
Trump announces end of US relationship with World Health Organization - CNN,2020-05-29 07:00:00,https://news.google.com/rss/articles/CBMihAFBVV95cUxPWkhYWU1jX0VfN3djTlU5XzlFSV9aWHMtM1NDb0hndVNIVndvbm9ibmN4b29BZk9HU21qd01ZbGM2b284dEl6RHBhQzQtWUtWRUVYamI3TG94R0U2YzU2cEF4SVhoa3Nyc2FUcWFzaGszUDVWZ3hPZ2xsRmxPdXhEU2dhM2PSAYoBQVVfeXFMTzBFaTVERXdiOXJXTUFIeE9hNkFlU29sNjRtQjVWRnhKaEVxX0pDQVZIRTlXNFZBWmxFaEFfTEFnMG1sSzJCOFBKZWVLLWVSVm9ZdVpQVko3NVEtd1VGOTFHUTJqdXFDNDJoc0tqSUpBUFVLZUtCcEV5VlU3NkN1ck9UMENBQkhaTjVB?oc=5&hl=en-US&gl=US&ceid=US:en,CNN,0.0
Trump says US topping world virus cases is 'badge of honour' - BBC,2020-05-19 07:00:00,https://news.google.com/rss/articles/CBMiXkFVX3lxTE8zZW13YUdEcExCMEo5cVRGYlRLQUdabmlJeE1oR3NTcXp1ZnJnVzFzWHZ1SHRzU0RkaVg3My1PODdWeGV2VWdKZW5PVTlodm45eTZKVV9fZ2lGWEhKckHSAWNBVV95cUxPRklRUkdYZFZfb3RYR2l6N3dWNTBIWXktRHBwTmlETTIzbHlwMkhHZ3FYV2R1Mjl5N1RGSzZrNzRCNWVvdG93R3JvMmctekx2QTVlNmNLMnVwWHM4Y0JhYWJVY28?oc=5&hl=en-US&gl=US&ceid=US:en,BBC,0.5719
"Coronavirus: Italy death toll tops 30,000, highest in EU - BBC",2020-05-08 07:00:00,https://news.google.com/rss/articles/CBMiWkFVX3lxTFBRbWUwWTNINEpoaF9NaUdQOUcwS2QyLUJJOUhabGpUZ2RNSFlUdHh6VVQwWV9yNHJ0eXd1aXlEMmsySDBVT3NNaENycHd4eEhxd2ZwNG51UnVlQdIBX0FVX3lxTE9ERGdvMTYwZ0UzbzFEX0tpcXNrdVRDMlV0aVdpZVNyWGppaWROa29Ec0FMZXE2RFZZTGtiRnV2dlh2SjBCTFFHa2FNVFdxemhnMndDTlJDRUhwbHBaYldn?oc=5&hl=en-US&gl=US&ceid=US:en,BBC,-0.1531
Coronavirus: Call for clear face masks to be 'the norm' - BBC,2020-05-25 07:00:00,https://news.google.com/rss/articles/CBMiUEFVX3lxTE1DQnU2ZEFmZDNsWHZnMnczcm95T09tYzlkOGk4RjNPclhQWWZocGdGc2ZrcEh1cTFkdjVGTUNDLTBhOFVhRXFsWURfNzVQY1g30gFWQVVfeXFMUDNxQUxBQk9SdmYxOWhObGZEWEpPQ3dxZ3dxNlFrbG9wcHhZRVUxaFE3YXFKMmUwMnZPUnRlY1Riem0tU1BqRGd0UEVMcWNhanRzLS1WOHc?oc=5&hl=en-US&gl=US&ceid=US:en,BBC,0.3818
New publication: “Empowering Youth for Heritage – 10 years of the World Heritage Volunteers initiative” - UNESCO World Heritage Centre,2020-05-06 07:00:00,https://news.google.com/rss/articles/CBMiS0FVX3lxTFBNM1c4T1EyQmc5YzMzWFQ1dzJpMXVST0tVSGZsckRzQXd6TXA5RG02ODE5Y3dWZzd6UVNRdTVPaXlTd1VSV2JGNVpNYw?oc=5&hl=en-US&gl=US&ceid=US:en,UNESCO World Heritage Centre,0.0
Kris Marshall settles claim over News of the World phone hacking - The Guardian,2020-05-20 07:00:00,https://news.google.com/rss/articles/CBMirwFBVV95cUxNZDJzRG9lMlhJZWprSjdueVBvbl9uLWY5WHkxazF4UG84bzFHMk1haFpURVJyTGpBSW5tRDhRUm1WdmpHbE4tWlUyVGFzSV9lMjNYTFlsODMxTWJyMU5CTDRwOHhvTmVrM0xkamdfaWdUZ1dBVmppUlJ1TVk2TEVFNHd3UEVCZGdaSzNTWVhiVml4R0R3YXNSNkxEb2h2a1Z3ZmtVLTV5cklYdXFLZUZN?oc=5&hl=en-US&gl=US&ceid=US:en,The Guardian,0.0
Coronavirus contact-tracing: World split between two types of app - BBC,2020-05-07 07:00:00,https://news.google.com/rss/articles/CBMiV0FVX3lxTE9JM2g1TU9KT3U3MVJOX1FZNEtUaU5qaXFsZ0syVnFxTjdnNWd2WnJGOS15Zl9JVGt3blhBOW5JQzdoY2Y3Yk9vdjVlOFBqMUl1Tm1NLUtRTdIBXEFVX3lxTE5TMHhyam1uVnVyYlZsVG5BbjdrbkhHa2pjT3BIQWtvbkdHcDlzNF9ic0RWZmRVSU1SYzB4XzVxem5XaFhoYWhtVnRjZmhIRWtrdTRpSWJJRFZFNXhC?oc=5&hl=en-US&gl=US&ceid=US:en,BBC,0.0
‘Save the News’ – Local journalists resist media monopolies - People's World,2020-05-22 07:00:00,https://news.google.com/rss/articles/CBMimAFBVV95cUxNbWdGOUdMcHJNcGFzZHJxX1Jnc2RYRzYzSEhOdlZtWDZacHBNVjVTZEpaQ2hVc3luMzZCN0hYR3BKRks4SU1fekFfaWVUTGZIZDliTm5aNm1HTC10WVhaWDkwMUt4cFFHQTA4VWdBZGZ2b0R3d1Z0OFFOVEFRRFpoMHRGcFRMQ1lnQmFyeE1mYlFCWUJCRWFCWg?oc=5&hl=en-US&gl=US&ceid=US:en,People's World,0.0
Coronavirus: Why is there a US backlash to masks? - BBC,2020-05-05 07:00:00,https://news.google.com/rss/articles/CBMiXkFVX3lxTE15NnhzMEExNG1DS2wyRVB3cUlsQzhZNVIwWlN6eDBvUHlJSE9YeXlVNHhQTWlLSTRBZ1pFaXpJZ2RVX29TclBGMXE1ZnhxVUpja1VDQm1xbEZSUTl2dmfSAWNBVV95cUxNamROTlZJR0J1M0hUcUQtNm15UmdBaHdFVXAwMlZ1RlhuMUprNVJsYzVtZWd5bWpBS2laQkJVYjBhYTZwYllqd0gwUTI2eWREdi1LZ0FlOXZWRHNkVmlRQncyWm8?oc=5&hl=en-US&gl=US&ceid=US:en,BBC,0.0
Bing Liu: Chinese-born professor dies in US murder-suicide - BBC,2020-05-06 07:00:00,https://news.google.com/rss/articles/CBMiXkFVX3lxTE8zSVpyYlNNUS14ZVpWblFPNGpCZjdNTnVrVTNIRFBSUHFkczhDN0MxZ3N2MTZRMnhiLUkwakptM2RqZzRYbGVxTFJJT3g5M0RrYl84bllwMkRRdzdUZVHSAWNBVV95cUxNbm9KMDM5TzE4b3Q2Qm03WTdnSEVXNlR4eVFxNmNORW83c25pZWI3cUg0aEhJc1JlOWIzYXdPb3B0bHhTcmFqNF95NGJrQnVVc2J4bUpTSEFQTVlGNHZEenlqZmc?oc=5&hl=en-US&gl=US&ceid=US:en,BBC,0.0
World looks on in horror as Trump flails over pandemic despite claims US leads way - The Guardian,2020-05-15 07:00:00,https://news.google.com/rss/articles/CBMimwFBVV95cUxPcmprMTZ2a1p3a284Q1RUSG5Sd3pwT3dZMDlRUHhzUTNyMkxiSnQwbU5TaE1fdFR6YXRjVktnMUdGR3B1MmFyZ0hVS05WamJzZ05tWTdQRXlSTW1TZHNmUThvY180NFY1YkpHcEhjYWpMVXdVV2x4THM3aF9kd0xlUFJDR2dNNF9tVDFiZk52emE2clhFWi14dTdFRQ?oc=5&hl=en-US&gl=US&ceid=US:en,The Guardian,-0.5719
Iceland Has Nearly Quashed the Coronavirus. Here's What Other Countries Can Learn From It. - U.S. News & World Report,2020-05-04 07:00:00,https://news.google.com/rss/articles/CBMixwFBVV95cUxNZTNtejNEeWgzaWVWNjU3TWdHNzNNVWpCOXhlMWxPbVN4ZHZ6TUlGQnppRU5vSXZ2R1FJbFdlNkpqeGxrNnA0QktZMEpLeW9nSUQzUGlwdUhpYm5oM3RvdG0xMFE0bzd6MWk5LUxjcEpSVWZWclpFWXNKUEJZNm1jSlhqbFZSSEJBTzB6dDFHUzd4b3hnXzhldkNLVmZPT2t4bGdPMjQwc1RoYTcyZWRyQ016RllNWlNmYzhBa1ZVNnJtd2I5UjdZ?oc=5&hl=en-US&gl=US&ceid=US:en,U.S. News & World Report,0.0
A lost world and extinct ecosystem - ASU News,2020-05-15 07:00:00,https://news.google.com/rss/articles/CBMib0FVX3lxTE9ZNkwzQ1pwdnV1X29JemVuNTBiMFZ4d203QmFPV2lWVDdZWjhyV09RbEVSeFJsNkFycTB5aEpDWHk5QURzQzBGSkFJU1pKb3VNX1M3ejR3NWxRUzgtamV1M2NsQjNJNjB5RXd0UC1aRQ?oc=5&hl=en-US&gl=US&ceid=US:en,ASU News,-0.3182
Billions worldwide living with herpes - World Health Organization (WHO),2020-05-01 07:00:00,https://news.google.com/rss/articles/CBMihAFBVV95cUxNUmVJSkxEVXFSVlc2bFlSU2J1a1h3YTVwNTJXZWNKaTlmZ1EwcVlZc0Q1UFNvZEE3ZXROQ1M0RUlxclgxNkpwajJEYnVhekh2N3NoYklYdk1xaWhsaDRvb0RnSHh0ZTdaYmtmRmVia1FoOXhiRy1oU25fZkplWWx1MnozRVY?oc=5&hl=en-US&gl=US&ceid=US:en,World Health Organization (WHO),0.0
COVID-19 to slash global economic output by $8.5 trillion over next two years - Welcome to the United Nations,2020-05-13 07:00:00,https://news.google.com/rss/articles/CBMiggFBVV95cUxObzhKaDA5WG5jZHRkc1VjUWl6RXAzcnpPRkJaV18wNGhidGRlb2FZWFMtU3BXaldLb2F3YzhHMXhvLW5vUVZXT19STWtvMUVaTUo1OWI5dmtOQ01qWWFTWHZmYmFMNzhIempncGZ5azVadld1VTRYZGVadVlmdndoVGRR?oc=5&hl=en-US&gl=US&ceid=US:en,Welcome to the United Nations,0.5719
China Signals Intent to Bring Hong Kong Under Greater Control - U.S. News & World Report,2020-05-21 07:00:00,https://news.google.com/rss/articles/CBMivwFBVV95cUxNMkFHMm1SVi13M2dSTXhHekxzYjFkVExxMVgxSC01UnVPRGx4R1pvdUZKSjE2cDQzdkt2MnMxNFhLNkhyQXd1cVlLc1BsMTl6TmZNUHNVVEJsMnhaLUo0VHNQcHV0dFYtaERkcGw3UXZVQ2xENWpKbjRmUTIxVE9SbVdyYjYtWWFTem5YNlZTNXlrTkV2Rmp5RGZsVjBmMU9VT2I3aDF0MEV0N2lEZjR0RUNZSTR0MEVuYlhQajlucw?oc=5&hl=en-US&gl=US&ceid=US:en,U.S. News & World Report,0.3612
TRANSCRIPT: ABC News anchor David Muir interviews President Trump in Arizona - ABC News,2020-05-05 07:00:00,https://news.google.com/rss/articles/CBMirAFBVV95cUxPRnJTanlFSlRSajZBaWVwZTJvNi1fUUVWM1FLNEcxcUxBT0NkLWtDVDlMM25jNlNlR09YbmlDS296M2xKTzJpQUk3QmRCM3pyTUNaZ3VQRV90MC1FYVZNaDVMVkY5dHFqWlRkeUs3LV9fZS1RRnBPLXh5R2treXBJaVhtcUJ4RUo0V21wckQ0Mk9qMWZ5cWdpY01HaU5IOFdReDdFc0RGS0JyTlZE0gGyAUFVX3lxTE9NeWVxSnRGM0ZxNUtWY2NXZ2ZtQURjQWxOc0RIWVUtSnlFRlZNbklWdWpXRDVYRVQtSnF5UHVQc3ZjRVNoQ1dRTlNGTFdpalR1M0hicnI5Q3JyWm5ZcFE4a3BTeVh0ckExTzhGTFNYTDZIRkhubWxBQzRnTmRUUHBOdS1Vb2UzUHFFN00tNkNuWUYtRFJsZ3dOWG4wVk8tZURYek1MbmxMVDJYYktEUzN5bEE?oc=5&hl=en-US&gl=US&ceid=US:en,ABC News,0.0
Africa's Sahel becomes latest al-Qaeda-IS battleground - BBC,2020-05-11 07:00:00,https://news.google.com/rss/articles/CBMiWkFVX3lxTFAtdTJicGVRcnJ4UUFUTm5DVFV5QVBFRV9ZSGE4SEhpU0lKWlA1aGVyNm1wR0FHSmVEN0VYbjRXRkxmMUlKRy1BTnkyM0hZVDVNV095RTFKUnF4UdIBX0FVX3lxTE9URUdHS2dUMG1ZN0NkR2JMSTlOT3dJcHc1ckcyQU05emZqNzBxb1lmczJKcXlYSm90QWp3Z2g3dXlkZzhFZ1o4Z3ViamlFcUpHT1J3OUFyWmJwM2hWZ2xz?oc=5&hl=en-US&gl=US&ceid=US:en,BBC,-0.4019
Covid-19 could trigger 'media extinction event' in developing countries | Global development - The Guardian,2020-05-06 07:00:00,https://news.google.com/rss/articles/CBMiywFBVV95cUxPNFlBdkRHS0JOSmxFTUtyQkQ3MjJRclRNNWNwY0xlcDF2dGlZUDhTV3dMaHp4Nm5pV2NDTTFQUEVFYjFfUDEzVEtMZjREc3VmRGx2bmYwaV9OTm9yLUM0RHlWbUkzcFJVOGxUckFvV0lueGRjVEg4Y2xSODl1Wm5IRzVEQWx1c2JSN2RfdkVrM2NKMUhyMWV3WUt6ck1CeFdGdGFTOWFVQm1KSlRaRmhJRm1NTTNQUU5yVnhmVW5PVHVmbURya28zN082RQ?oc=5&hl=en-US&gl=US&ceid=US:en,The Guardian,0.0
How Chris Hayes Makes Sense of the “World-Historical Cataclysm” - The New Yorker,2020-05-10 07:00:00,https://news.google.com/rss/articles/CBMiuAFBVV95cUxPckhNOUNiaG9VbEp1WUw0RlFMRlRacC1QUWJTMHFiSzhZZWZRaXBqTGV0d2VBVkVxYlNJYS1rbVpjcndzWkZJZ2k1Z1p5NEVKTDhkc25TSmNYcDBucjZsa2hvWklaQ25sNThSTEhuRjdWWXJ3ZlhJUTFlWXo2bjFYR0owV1pYSzJsdzVvdHJDR1JoZ2JrcTY0dXVVVGh5TXQ5bzluOWl4aE43cEpIN0FRTm5rNmpLX1l1?oc=5&hl=en-US&gl=US&ceid=US:en,The New Yorker,0.0
Coronavirus: Bill Gates ‘microchip’ conspiracy theory and other vaccine claims fact-checked - BBC,2020-05-29 07:00:00,https://news.google.com/rss/articles/CBMiSEFVX3lxTFA5QUpuaEtjVFZoZVJmTThxOVRRXzFOa0E4QVdkOTFjQXFBcFhxQ2twNVlPMW1xZHNGUmFTN2xybnpkQjJWU0x6UdIBTkFVX3lxTFBxbnBCaEZIbDBhQTlvTVFrNXNhb20zVWFvVmVfUzNuX1RKWTRydjlEWmwwV09FRjhKcFE1Ym1JZy16bkxoSW1iV2hFR3piQQ?oc=5&hl=en-US&gl=US&ceid=US:en,BBC,-0.5267
5 charts on views of press freedom around the world - Pew Research Center,2020-05-01 07:00:00,https://news.google.com/rss/articles/CBMipgFBVV95cUxNY0tObFlsa3NhOE9JaWQzZV9IU2hhUVZZUURnMGpBc3BVdjZVeEJtSFFaRzcyczhHc182NGtNb2o5WHFWWl9nWGJoVjdPOXZuRFRNQ1ZBd041b3FiZWJRVjhMUkphNFVmWmFHY3kwa21aemJSSmlRdFVVcGxfS3pwZEcwbXNDT0hmWkV2ZWxSMk5jdTduckJaVW1reWlfTEdhN0ZjeElB?oc=5&hl=en-US&gl=US&ceid=US:en,Pew Research Center,0.6369
"Look out, world. Graduating senior Ms. Jules, 67, is just getting started - Berkeley News",2020-05-18 07:00:00,https://news.google.com/rss/articles/CBMiqgFBVV95cUxPc0lMM19QTzk4bFo5MWJLQmZFTGFMd04wTVNJQ0lleDNLdmZzelBDbTFmRGdmQ1JjREtWUFk3Tkt2dmRUSENYcTk2d3l0WktzcFU2V1g1WE5scWtsai1TM0ZHempCdXB5M01Od0hGSWI5R0YwVldyZ3lpb0pabjZjR1FOY1RhTzJfRGVGaUFHbGR5NjZiM3MtN1NjM2FwaG9PSU9RVDdoYUw0UQ?oc=5&hl=en-US&gl=US&ceid=US:en,Berkeley News,0.0
News - First Army World War II veterans recall V-E Day - DVIDS,2020-05-08 07:00:00,https://news.google.com/rss/articles/CBMijAFBVV95cUxQbkNxb2lhUUxjbnVMbF82WXMwVEVmU0ZHajRTeTliWV9aeFE1a0JhMjRQVVJFSjBNcFg1MXkwbW04bWV3ZWtsWDA5U0FLZ3N4WWQyYlRPQk92OTlVR1R6ZU85dUE0c2RsVHEzWGNrQWl3UnZpd3UybHNOekoyMm9rM1hBbkpGd3ZfZjlHSg?oc=5&hl=en-US&gl=US&ceid=US:en,DVIDS,-0.5994
Who starts viral misinformation? - BBC,2020-05-03 07:00:00,https://news.google.com/rss/articles/CBMiVEFVX3lxTE1WMTBUUUtIdlBFaHlrcWg1Y1psakJFeXlscEZocUE1S08xbVRGVjBwVzhja0dIUjBmY0NlbU9pNERfM0kxQ1JxamRHdDhmWkl2WjBEZQ?oc=5&hl=en-US&gl=US&ceid=US:en,BBC,-0.3182
Coronavirus: World Bank warns 60m at risk of 'extreme poverty' - BBC,2020-05-19 07:00:00,https://news.google.com/rss/articles/CBMiVEFVX3lxTE42LWFiZnhmS3BPSV9HczJ6M2s1ZnN2ZnI1d3VEdDQ0VVdjME1lQTJ1a3hFUnMtQXdrSWNZSXBNSHRWVjJQLXhHenM4TFRRNXZUZVBsYtIBWkFVX3lxTE8tV1NVZzdUdmU5VU5VZHFBdHQxd2wzV213X0xtZ016UFJXcTFRbEFZemtMLV9SclptRGlwQVo2R0RHMUd2T1V6QWhQOFFEQjM0OEdhZFJpdXJsdw?oc=5&hl=en-US&gl=US&ceid=US:en,BBC,-0.7003
Machine learning helps map global ocean communities - MIT News,2020-05-29 07:00:00,https://news.google.com/rss/articles/CBMiaEFVX3lxTE45SWY4X2dxMHpxQ3VqQzMxb0wzeUR6TXY0ZWlWZFB1ajd1bVN0NkZYeGRWandUUEVlakZzcURvQlplYzdwVFo1dDJleW90V3lfUVZja2Jwdlh1ZmJ0NkR5SUJhWk1fS1dn?oc=5&hl=en-US&gl=US&ceid=US:en,MIT News,0.3818
Trump announces U.S. withdrawal from the World Health Organization - Politico,2020-05-29 07:00:00,https://news.google.com/rss/articles/CBMie0FVX3lxTE8xdE9XR0ZxTDhOVU9WQkhGZTM4d1ppeGFiZGY5amF3OXpjNEN6TVc5aWwwOXJyYjQ1OWxxQVBVY3ZlNmVkSXo3Qm5OcDNNQm5OUlY1UllhV1JGcVk1OFlEVUxET25BSWVjQXgzdzF6M0M0RmFrV3paYW5VUQ?oc=5&hl=en-US&gl=US&ceid=US:en,Politico,0.0258
"Microsoft announces new supercomputer, lays out vision for future AI work - Source - Microsoft",2020-05-19 07:00:00,https://news.google.com/rss/articles/CBMifkFVX3lxTE9LNm1BcjRDaTh6Z3YtSVNPSV81OEI5MkdQMDRHWDBYZVJ0UU9yLTMyRGVvSlFCMTZwSl84bXJ0M3hwaUdCYTBLRzhvM3l6UlpyT3hXTW9BejUyNXJ1amltbnd3YUJlVzZOMWxQWnF1QXBqeVhGTEpfSHJTUk1Pdw?oc=5&hl=en-US&gl=US&ceid=US:en,Microsoft,0.25
Winston Churchill's inspiring wartime speeches in Parliament - BBC,2020-05-08 07:00:00,https://news.google.com/rss/articles/CBMiWEFVX3lxTFBHN0E1dGhvVWhrQXByeERxQWJZZHNfbjRxdnctXzJnaWtLczhfdnVrY3J0V2NtY2RuSVZfOWVQVkp0bEI4TXBrbzJQMHcxS2JPV0xHTlI4N0bSAV5BVV95cUxNZkh1QVp1dUZ3WmtoQlNsZ3pOU2lKU1hSRWo4UFR5dW4zeW4zbkVLN0R4LWZ5MzR4SHowQTNEMm1kcFlxdmpBUUo0SGRlNU44VXVuSkJNUkFZcXdUMTJR?oc=5&hl=en-US&gl=US&ceid=US:en,BBC,0.4215
1956 triple Olympic champion Morrow dies| News - worldathletics.org,2020-05-30 07:00:00,https://news.google.com/rss/articles/CBMicEFVX3lxTE5Ua293ZGJzNHFDQ1N5Y1c5djlsM2xyUDk3eTJzUU4yU2huaXFZY3hONWZ3NV8ySGw1dFVpTEJmMVhfcnpZMkVrVGNGZWF1RW5NT0FOdm95a2VfcGhyaGQ3cXlMTzFyVU1uRGxYUmRxaEM?oc=5&hl=en-US&gl=US&ceid=US:en,worldathletics.org,0.5994
Comparing How Media around the World Frames Coronavirus News - Boston University,2020-06-25 07:00:00,https://news.google.com/rss/articles/CBMimgFBVV95cUxONEJnLWRmTWJubW9td05qWmhzczFzRzFfQWxhV2llRHMyMWNFMVNHX1J4eEFLSlM1TXAzNnJwNXdrYjZtOWNfX0UzaHdHODRTTS02UmVpV1hGS0syYmlnN2VneExDY2gyTWpKOGI4TF92bXdIdGRkaUtCaWtBZ2RPakEyUG9la0x5SkhSQUxwR1RlQ2FaRUd2d0J3?oc=5&hl=en-US&gl=US&ceid=US:en,Boston University,0.0
"News: Secretary General: as the world changes, NATO will continue to change, 04-Dec.-2019 - NATO - Homepage",2020-06-09 07:00:00,https://news.google.com/rss/articles/CBMiX0FVX3lxTE1FdGZGWVhRMEtLTVM0cGZzTDcyOGl1T1VFaUF2Z3duVTN6WEsxMTJpTkU3UUJ3NmYzNU1nSXFpUE5TVlpna0hxWGRnZzJubWNQQTBtZnNiMHB0ZHRUMDhB?oc=5&hl=en-US&gl=US&ceid=US:en,NATO - Homepage,0.0
George Floyd death: Why US protests are so powerful this time - BBC,2020-06-08 07:00:00,https://news.google.com/rss/articles/CBMiXkFVX3lxTFBoc2J6LWtEMjlwSExGYk43Q3lwbXJDWF9mU01zTTZzR0l0eU9nUDI4X19qamxPQ0dKN0MteFdJeEpKVC1waW1jOGdQdUZPcm51bFpfV3RTS2FoMEVrdUHSAWNBVV95cUxQRnZ4bDNzOFVwU2FCYl94eXFHeldCRHBRLU85SDFnZjMtakt1SFY1SXBRb3FwemRsaHBFbkljVlFPclhUWmI2bUhERGlPRjFJbFZVUmhWV3YtenljQzdROFJXWTA?oc=5&hl=en-US&gl=US&ceid=US:en,BBC,-0.4033
The Global Economic Outlook During the COVID-19 Pandemic: A Changed World - World Bank,2020-06-08 07:00:00,https://news.google.com/rss/articles/CBMiwwFBVV95cUxQV0JaeEVaMXlFVXFkTkY0bjZXd0xoalNwbG40YkJOQnZxVHVXZ0VEWEZ0RFg5bDBhMV9rcHlDTkQwMUdPMFEzU3ozb3ZOMll0MFpNTDNDN3VHQjl6cXRzMlViTkFNcmtGZnp3MU14Mm5lY3d0QjBtYTdaaXdoWFJmeDVKMEhsdGd6bmdJcjh5R1lGTFB2NS1ucWpULTBrMjBmdHNKMGZXMDZ5TThkNDQxTVNnNmR1S1paN09FUTYzbWtlbm8?oc=5&hl=en-US&gl=US&ceid=US:en,World Bank,0.0
Coronavirus latest: at a glance - The Guardian,2020-06-05 07:00:00,https://news.google.com/rss/articles/CBMilAFBVV95cUxNOGNwWjRMcU5XUWx4eDExMFZJXy02Zm13M2k0NWw5WUx2c0lYWG9QUDd3TVZiTDFzdmdQaWtWb010SFJNSDJMUzIxcGJBcml4dWQxdnZpOUFxWjQyU2stZHVQS3dpa0RuNXA4ZE1DQ3N5U001TGhCUU92eFBraFd2aVRBTjY0SEdFajBUY0htSFlWVFZK?oc=5&hl=en-US&gl=US&ceid=US:en,The Guardian,0.0
Comer Children's ranks among top hospitals in U.S. News & World Report's 2020-2021 List - UChicago Medicine,2020-06-16 07:00:00,https://news.google.com/rss/articles/CBMi1AFBVV95cUxQbXZ6bEdZTzZrQzNSME1wN19QN3BXQUtlLWUxNV9VNDRaSjZLWU1aWm11THI1dkotdk5tUnNwUDZDZmZfaDA0X2NlTmpWVXRWei05MVUyaWRTVHVTQzNrajY1U1FjQ2FxUmpwTWhWNGF1Y01NdlJ0OUlqR3VvMmE0TUdBLVpmMHhBMGhMMi1iWV83M1NqWnpETndWYTNzTmhMLU4tdzEtdWs2VzZsNUNMMENvc0k5MWxock5sQ3VINGtFeWVMZlBQQXpWYkFOUEF2R0g5RA?oc=5&hl=en-US&gl=US&ceid=US:en,UChicago Medicine,0.2023
"Vice Media Unveils Vice World News, New Series At NewFronts - Deadline",2020-06-24 07:00:00,https://news.google.com/rss/articles/CBMikAFBVV95cUxPRDhLZjM5VXJsZm8tUWJYbi1WZnV6d2pXZXUzVW9SU2hSU3hqaldZeVJhSWZxWUdqYW9lTUlqRV81UzhzcnBXdTZTWXUtNXVTSklQM243WExBWmpJLThDYU5WYkZVZjNVY205bmNNZzRkVW8ydVZaTTBETnUzTHR6TkRzdm13Ti1WZ1BMYVllU0E?oc=5&hl=en-US&gl=US&ceid=US:en,Deadline,0.0
World joins US protests but leaders restrained about Trump - PBS,2020-06-13 07:00:00,https://news.google.com/rss/articles/CBMimAFBVV95cUxPUm94MG53N0wwVlNacmc1aUg0dHpGTGczeHlHLXNCVmhiQnVPZjY5cjVIdUdMc1hjck1CYmU4clZaeXZfYTFHdHZ0S256bmNWRUdybE5TN3JFRE1LOC1BTjlocmpYMTN6UFVxbHRLbmZGbTNaLW9jeUo2T1VGblVwbDNGR0JLTnhySTJKVGFYS0trcWNZRnpjZQ?oc=5&hl=en-US&gl=US&ceid=US:en,PBS,-0.1154
"World Food Programme to assist largest number of hungry people ever, as coronavirus devastates poor nations - UN World Food Programme",2020-06-29 07:00:00,https://news.google.com/rss/articles/CBMitAFBVV95cUxQa09MY3JPZEZSaDJzVEMyeUpZcDhKRG5zdFN1emRTbFN4QVl6b3NaQkdmNjU4QWowTEZ1V3ZRQ2xMclhBWDdsMGZWcnI2YW4wdlhPMGNPZVFEWjZwOVh1RXVfc2FsY0l4VUQ2RGlFV01mbTNWR2tWbWZhUThvbWRwV0VTdjVDcEV1QVFIYnlzWkR4ZWZYd3BMVmM1emsxRV81eHZhcmpiNENYYThwdm5VaUpvRzI?oc=5&hl=en-US&gl=US&ceid=US:en,UN World Food Programme,-0.765
Coronavirus: World Bank confirms deepest recession since World War Two - UN News,2020-06-08 07:00:00,https://news.google.com/rss/articles/CBMiV0FVX3lxTE93ODNKR0ZpTXhYdi1qa2FRTG1VUWhuRkx0TmsyeGN5QmpXOHVVM1VBUGpFbHQzNDZ5MUlTeHdJVHhrZk5yVTVNV2ZNcENXTkJ1dTlNbnZHNA?oc=5&hl=en-US&gl=US&ceid=US:en,UN News,-0.7717
Le Bonheur Children’s Hospital Named a Best Children’s Hospital by U.S. News & World Report - UTHSC News,2020-06-16 07:00:00,https://news.google.com/rss/articles/CBMisgFBVV95cUxPOFFqeFN4SFJRcjB4b1drTDZhZk5McWk4TFRCNnAyT0xtZng3QTY4LWFVMmJHN2ppd21aQmRRc3duQnFrakI0bWZaTDMyY0V2UjNzczgxTmZZb25qajZuRkFQTkJfTzVKaGNUOHdSX3AzaEdNc2x3N1E3eHYtcmltbWhlcjFLTHpHRXViTjEteVh4UVUyTG1uVnhkaXlYOUpYTWpEYU1LeHJlZ0t5THBmSzln?oc=5&hl=en-US&gl=US&ceid=US:en,UTHSC News,0.6369
Olympic Day 2020 - the world’s biggest online Olympic workout - Olympics.com,2020-06-19 07:00:00,https://news.google.com/rss/articles/CBMikwFBVV95cUxQUjNDc1JKTHdFUlZaRW90WkhLR0tWQ0h3TXFBR3J4aWl4aXlYc0M1WnVXb0hMV0lRU3dZeTlpN281cE42QzlXdVNfd3ZpeVdJYkZaZ0RENGs3NElxSVJkazAtR1U5QVlJMGVTQzNTWWhib1BTMkVRa1pQWTNoS1Yxb3Zvd1BXVmJfNXQzODRWZktuSGc?oc=5&hl=en-US&gl=US&ceid=US:en,Olympics.com,0.0
California takes bold step to reduce truck pollution - California Air Resources Board (.gov),2020-06-25 07:00:00,https://news.google.com/rss/articles/CBMigwFBVV95cUxPbDJycGNKVUtEV2ctUnhXZkhZSDFTdU9HcE9CMUNvcU5OTFFkcVdoWkJRYzRjNElUUGlQSEwzb2tIa1lGa0tLLS1qdFRhbjZ0UHRFaExlVHR5NTE2bXV1dzhmTGpUWFc3MWdEYmwxU1plcXEwSXVEZWR2U1czMFBaRTcxdw?oc=5&hl=en-US&gl=US&ceid=US:en,California Air Resources Board (.gov),0.3818
Indigenous Peoples and the nature they protect - UNEP - UN Environment Programme,2020-06-08 07:00:00,https://news.google.com/rss/articles/CBMijwFBVV95cUxOTWd2dDhlNzBib1d0SE90QWVTT3FwRTNwQnQ0ZDd6ZjlYdEg4aTgwTndTOHlTTUVxRlpyc1pSSW4ydW1IS1EtTXh2QkJMV2lMNUlBOV9xOTFMSjM3ZFlpUnZ4NjBrRWZ0RzJkNUsyY0oyRkxkOGQwdmZEaXBwdUpmWl9vTlVwa1loaW84SW1udw?oc=5&hl=en-US&gl=US&ceid=US:en,UNEP - UN Environment Programme,0.3818
"Mass Media World, Social Media World and the Real World - Columbia University",2020-06-01 07:00:00,https://news.google.com/rss/articles/CBMilwFBVV95cUxQNF9VbDk0WlFTUjByRlllQmlpZThHNVl2b0lwSEZEMGN3UEMwZVg2dU4zV2Q0YXN5REItVFlvQV9xbkRTUDdVRzZ2YTVValZsT3JnbUg3VnVJWk1BeHRWSzJtYVRBNXF2TG01NkRCMEd3WnA2UEg0aEtPd2dTSGs2MFMxdWIwd2x1Q1VZMWdxS3pVbnN2Wk5Z?oc=5&hl=en-US&gl=US&ceid=US:en,Columbia University,0.0
"The world is much more alike than different - University of California, Riverside",2020-06-09 07:00:00,https://news.google.com/rss/articles/CBMifEFVX3lxTE5JVXBYd21mTFBsdi15QVR3T05XaDVJWjA1aHQ1WnN3VmdZY2NEV2hia3BNWTV3QXZ3Y2NqdFNkT0JHaGl5ZzF5cjJmeEtjcUNnVDg5QmZwYl80djE3YkptMm44Ymhudm9xRXVzOVpEQU44T0x1NDZRNG16NGw?oc=5&hl=en-US&gl=US&ceid=US:en,"University of California, Riverside",0.0
Coronavirus: Domestic violence 'increases globally during lockdown' - BBC,2020-06-11 07:00:00,https://news.google.com/rss/articles/CBMiVEFVX3lxTFBQdWpaX1kwUW8yenVRN0EzU0VLRzNNWndKTElDcU1MR3FhcEFQSDJIbE5CNUlERjBkNUF1REdQekpOVTlOS0ZaRmFCZ3BtbzFjN19lMg?oc=5&hl=en-US&gl=US&ceid=US:en,BBC,-0.6249
President Trump calls coronavirus 'kung flu' - BBC,2020-06-24 07:00:00,https://news.google.com/rss/articles/CBMiYkFVX3lxTE1HZkJlUmxDYkhnazdxMDE0QWFOSTVkVW5aeVp6b0xrYXVpMGZsYkwzeW1KT2UzVTV4ODE2NFBPSjJFaW9wbk50UHZnSGlZUkRoNjF3QUs2TUgxRGt1MHl3dVlR?oc=5&hl=en-US&gl=US&ceid=US:en,BBC,-0.3818
Coronavirus: 5G and microchip conspiracies around the world - BBC,2020-06-26 07:00:00,https://news.google.com/rss/articles/CBMiSEFVX3lxTE5pSXJDamRlbGZ0YmMzeDhZNC01dzNPal9tOW9nMUxUdFpHZXo3Nm9faHdaUTNYZDhKc3B4QnRKMFE0QTBhR2VYVtIBTkFVX3lxTE9sUHZkcnNNaTRtZlY0V25PZjk2clMtYk9IMV9KZDdISDNfalJhXy1OcjVjT0RCUWNZTGxXa1JLc3JpZHpLTEp5bHZjYmtnZw?oc=5&hl=en-US&gl=US&ceid=US:en,BBC,0.0
"China forcing birth control on Uighurs to suppress population, report says - BBC",2020-06-29 07:00:00,https://news.google.com/rss/articles/CBMiX0FVX3lxTE9wQUlOUVRFZWZORFJhb1FFTUN0S18wMUJfLVZmRjJteXRtNEhnZXNlWndpLWlkV1dPbV9pVVBVaUNoMlZtWVkyN2V3VWVud1Z1T1A5YXNEaHEyRHZGZjJj0gFkQVVfeXFMUEUzb2dQZktqTTBSRExTaXVlR3BoaU4zQmNiZHliSWxqVDBsVE42QVFoX2pVaTdOODdZRDVsTFdqZFh2bDZRbVNWNHMzSnJ2OTRueFRNN29iMDNsWnJJSnczd1FSVw?oc=5&hl=en-US&gl=US&ceid=US:en,BBC,0.0
Protesters Weigh Virus Risks on Crowded Streets (Published 2020) - The New York Times,2020-06-10 07:00:00,https://news.google.com/rss/articles/CBMib0FVX3lxTFAxRVd3elBYeVl3OEs3UDFPZjZLWnJsQTRqWmNfV3U1LWFBRG9wUHN0NEUxalR5YUpBanpNc3EyaDhUUDNUcTEtb09rYUNTejgyUWtXQjdOdkNxNERGYWQ3ZlBSdFEyOUtpQUVCTG5mQQ?oc=5&hl=en-US&gl=US&ceid=US:en,The New York Times,-0.4588
Lilly Begins World's First Study of a Potential COVID-19 Antibody Treatment in Humans | Eli Lilly and Company - Eli Lilly and Company,2020-06-01 07:00:00,https://news.google.com/rss/articles/CBMivgFBVV95cUxQRENuQXlHUEw3U00xQlcyVU5JRXhoY2pZMF9rYlp1Sm9qRmFTelY5M0ZDZWNqRlgzbzhyXy11OUZ5b2xrcVFTUnR5OWZESERRRmsteUpwampCanlsQVdWWkNmdnFXUzBtMmdQdjVwVmJ1VkxoRTQwUGJoN0RXcFRKaEdYM29ST0duTnBuRFRqMmFIdlVTSWdnakNJRTZCdTAySVl6cTAwblY4Y2lWQldZaGNYR0xOMG9Xc2RGSTNB?oc=5&hl=en-US&gl=US&ceid=US:en,Eli Lilly and Company,0.0
New Ebola outbreak detected in northwest Democratic Republic of the Congo; WHO surge team supporting the response - World Health Organization (WHO),2020-06-01 07:00:00,https://news.google.com/rss/articles/CBMi6AFBVV95cUxQY0RjRTU4bExFWFJBWll0SHFxTTJ4NkZQeWYxRzhSa0FsZVphVmY5a2dXV1dUYWpJSFZJTktRMy1Bdl82Z0lYbU1GcGZCOEFtVE1zZkQ4VHlzUkR6bU91Mk1hbThiNjFaYXR0dmFMa0wyYnpFdnptbzI0dm9PZlFRZXN0amRWSDdoLWYxMzlTa0hFMjFkYVBsMzktMDNBaERNWDNjc1N1NVd6RnJHMmZtV1JyQVRzT2JpLTlSSVFWWGJCVWZjbV9RQlJHVDZsbzhyeFBwRHBIZ0hubUJ6NlVHX1VfQm9fd3pN?oc=5&hl=en-US&gl=US&ceid=US:en,World Health Organization (WHO),0.4404
Leopold II: Belgium 'wakes up' to its bloody colonial past - BBC,2020-06-12 07:00:00,https://news.google.com/rss/articles/CBMiWkFVX3lxTE1MVjEtdmxTME92MG5qV203VkdGVVBzQ2ZMdk9TZ2gwaEM0SlpSdFNhQWRUY2tYLW4tb3VkaDlfU2hWMWNJZHRiVEhGd2FuZUxaUlh6STM5R053QdIBX0FVX3lxTE01bE05anlZc3hwVWRsNjdhSGF5cU9xYW02VEpXMUtQWFFscWExOTBJTTlJUnNmUWFCU1hCcndfS0tqU29xS1JmS3ZFVzgyWDR0dDN3bVVYLTdXUWpkSzJV?oc=5&hl=en-US&gl=US&ceid=US:en,BBC,-0.4404
How to Learn Data Science: A U.S. News Guide - U.S. News & World Report,2020-06-04 07:00:00,https://news.google.com/rss/articles/CBMiaEFVX3lxTFBrWjQwaHZoejVlY0tyT0EtWlpyS2ZVb3ZKOEZlUG5nTnM1SEEzV2NjTnpFaDdKS0k0Z2h3WEVaTWlQN3ZwVFkxNURfV0FLN1JId2l3azE5N2dWYlVHc2VnN0tfUzNNRW9R?oc=5&hl=en-US&gl=US&ceid=US:en,U.S. News & World Report,0.0
UCSF Benioff Children’s Hospitals Rank Among the Nation’s Best for 10 Specialties in 2020-2021 U.S. News & World Report - UC San Francisco,2020-06-15 07:00:00,https://news.google.com/rss/articles/CBMiuAFBVV95cUxNVm9nb0dxazZncmNCUGlLN3N0SEwyaXhWRW5pRHdHdkhEOTYwa3VFMlRZeE84YlJIWjM4VDZ2V2N4UDNCNmU2TVJhWmpTb1E0ZkhkTHlTb21xRUlBLUJLczBYSXNJQ3I1VG1qaXlQeVV6UHdqZ1haU2paY1lOdXZZeDhaTVlnaUtuLUlpOGZrcVRaNzJQdjk4MHEtbDBmM2pXb0l3X0lXSUQwTVlweEFtdGxodWlxTmZr?oc=5&hl=en-US&gl=US&ceid=US:en,UC San Francisco,0.6369
"George Floyd: 'Pandemic of racism' led to his death, memorial told - BBC",2020-06-04 07:00:00,https://news.google.com/rss/articles/CBMiXkFVX3lxTE1La29TUWlXa3c0dVEyNGpicFNVaDlETXFvdmVNamhacEgxcG00Y0Q0QzR3TjdyY2FUSkhXUXNwMzVDaTdhTWdSRkxxU3A1N2R3T1VPUTZyVG1vSDFPdmfSAWNBVV95cUxOMGZva2pfckhXNERMRmJfUlgyeW1lYVo3Q1RfZi1MQ1BlMnZWWkhhMHZqaWxlQ3pfZjhuM1NDVXgtdzJaZ2R5RG9UcXZwaUs3TVJhZi1CelpuOWJ4ODdiQXd3cW8?oc=5&hl=en-US&gl=US&ceid=US:en,BBC,-0.8402
Study: Reflecting sunlight to cool the planet will cause other global changes - MIT News,2020-06-02 07:00:00,https://news.google.com/rss/articles/CBMid0FVX3lxTE5ISklRYmNPaHRmdFBSLUxaVnlYLWc3ZFB6WWN2YlVTVjdRQ3Y4d3diSXdtRVVxZVpPWFViWVkyZndnZlQ0eGxhVjhaeEdTS2RwRS1jVUdZazBZNWphM2d2VjZGQ0o0dFlidkoxeVR0OXdjZmMzS09Z?oc=5&hl=en-US&gl=US&ceid=US:en,MIT News,0.3182
"Explainer: Israel, annexation and the West Bank - BBC",2020-06-25 07:00:00,https://news.google.com/rss/articles/CBMiYEFVX3lxTFByLTJMTk5XTS1xaXZlQjA2MFFlNVJxRGQ3YlJ3dDg3cVBjVnpSUUNtY2xCbFJBdGpjM2xRRjRncGlDakFFRjliUlh6MlQ3OXZvNUcxSEtPbURmZHlVclZFNNIBZkFVX3lxTE9takFEN0JhQlI1OUlDMm4xcDBQb0FydkdzeVNob3dqT0VXWmlxSEZlOEo4TGFLZFFEQUJRMXdKdXRYckRvQk5tcEtTc3QyMVNadEU4cDlWRVl1VjN4b1NlcDNOUDl3dw?oc=5&hl=en-US&gl=US&ceid=US:en,BBC,0.0
Journalist Maria Ressa on an ‘ominous’ global pattern of threats against news media - PBS,2020-06-22 07:00:00,https://news.google.com/rss/articles/CBMitgFBVV95cUxQcm1yR19JVGJvMWY2M2JVeTlCcWlfVFdkRGZwVTFOSFZYZ3pVeEhlaW9yODcwbl9EUGlmdDNlNHdpUTQ4dC1KdWI1bng1b0ZJbVJUZ09USU9Mb2VsUVY0NnZqeFNpR1JVbmI1dnhqOFB6WjZVbUkwWld1U3ZJN2dCQUQ4amVzelBKWXNGY1VjMFRWT0lpcTdJa1FBbEQxUzdoUTAwcC04TTNJa3VkQnhQc0FwaEVMdw?oc=5&hl=en-US&gl=US&ceid=US:en,PBS,-0.4215
1 per cent of humanity displaced: UNHCR Global Trends report - UNHCR - The UN Refugee Agency,2020-06-18 07:00:00,https://news.google.com/rss/articles/CBMimAFBVV95cUxQT180SGgwODZteklKaElvSldwVGt1VXpLb2RibFBWcURxN2JNQi1ORlVHMVVHRTZUU1hmNzREYzdHSHBVcmtQOThUVkROZ19pU0dyZ0dnaHRPVVZnTFpMU3JQYkVUQUdLcjVzSURkal9VNW9sandicEk5andEcnctR0oxcGRCeHZlTEY3bzZZOFBRLWRTSVZWXw?oc=5&hl=en-US&gl=US&ceid=US:en,UNHCR - The UN Refugee Agency,0.0
Confederate and Columbus statues toppled by US protesters - BBC,2020-06-11 07:00:00,https://news.google.com/rss/articles/CBMiXkFVX3lxTE1BTTMxdXBnazNuNUNGM3J6UDZTMmFlaGpJdDJvUFJYdDBacnJrZzBYSV8yQ2NuNVduVHk5VFZQTkRjbHBoMmtibnhxU04wWnlYMHBBMVpxV2pQRk9jZ1HSAWNBVV95cUxNbm1BbjRsN3hvRXgwRVFqMEFfcTRoZ2RZeUxwTm9XWVdJNjQ5OU1EVHVlaWUzUi1OR0k2cHNrTmZRWTgzLUhfbFlTZkJSQkdFRlJyMTMtbjFIZFg4el9XM3JxUGs?oc=5&hl=en-US&gl=US&ceid=US:en,BBC,-0.2263
The 100-year wound that Hungary cannot forget - BBC,2020-06-03 07:00:00,https://news.google.com/rss/articles/CBMiWkFVX3lxTE9POG82XzU4ODd6TnhvZEoyZU9zS0N0MU9sZkowbGdyTkRYWFdlc0ZNeEJDN3RabWJDcFg0X1dGaktCakxnaFBBRXlaMjBLbXBiOWt5dkQ2Y0gwQdIBX0FVX3lxTFBvNG85VHhxMzBuTzYyS1dLaFZ1eTdfLUNZMTcwNDRZczV1b0VESzFsc09TbWFRMzZvV2VwNTV2dUxoU2Y4bTctdGR5QkQ4b0ZIdnktbVhWdzBvcDlpMVhr?oc=5&hl=en-US&gl=US&ceid=US:en,BBC,0.1695
US secures world stock of key Covid-19 drug remdesivir | Trump administration - The Guardian,2020-06-30 07:00:00,https://news.google.com/rss/articles/CBMilgFBVV95cUxOcVV2Nml4ci11b1NFZjVYc2w0R3FuZ1d5UnloMXc5TnlJcUtEbW1RVnlLNTNEcnp6OUFLVlg4YTNybmFqdWF4NmJsRWo3TjF4ZHh4R3dPRlZhdDQ5V0V2c0M2eF9KX19PU2FEVlVIanRXZzE5dlJJRFY0TzhORENXbmVWdkNyOWVoeGYtTERKSjl4NWJpd3c?oc=5&hl=en-US&gl=US&ceid=US:en,The Guardian,0.3182
John Bolton: Ten biggest claims in his Donald Trump book - BBC,2020-06-20 07:00:00,https://news.google.com/rss/articles/CBMiXkFVX3lxTE53QmJLTzVDelFvTE9Ybi1peUpzWVdXdkxBWS1wbi1ncmVhaGg2VFp4STBYNmswNjREaERFY01Odllidk1qRnJ0QVY0MGRqaG1FMllqSmpwOFhHYXh3eWfSAWNBVV95cUxNUHFIZS0zb2MxQ0FjWGZSZjJ4SjR4Z0xlMWF0MHZoOTl4UjFEV1ZlSEt1Wk8tQkxvSV8tYlpSeTE0aFYxX0k5TEo1VE5xQ28zRnhpNFJ0NjA4b1FhOEtjdzR1Z28?oc=5&hl=en-US&gl=US&ceid=US:en,BBC,0.0
"Kentucky Children's Hospital Nationally Ranked in Heart Care, Orthopedics by U.S. News & World Report - UKNow",2020-06-16 07:00:00,https://news.google.com/rss/articles/CBMiugFBVV95cUxPVDNGTmxGR21aWkFCc2pYbXNwblBEWXpSSU9FRnFadEhNNXduclJOMHZFd1dMT2VxSU9rXzBjczN3ZHhCeWRFWm9xeVdoQzE0RWtwTzF4NnRYX0Z0VzNtOFczWHd6d0RJSjgwZi1XZjhSa2NaN0ZHbGFpT25vNVRlUU5kUU5Ic25TVjhqR1hQWmltNUI1bVA5c05yRXZlbVhLQWsyeVlycGRDNFg4U1AyQkF0a1dBWjM1UWc?oc=5&hl=en-US&gl=US&ceid=US:en,UKNow,0.4939
Japan’s Fugaku gains title as world’s fastest supercomputer - riken.jp,2020-06-23 07:00:00,https://news.google.com/rss/articles/CBMiZkFVX3lxTE9xOG1JWFlCQ1RIeElGajBQaGNkSmFGX19XSExMMnpvM0RNTlNtajZHWk9qaGZWckNZbnJYRWdNNjJMOUhVYWJEclZBTkhVdGdfMnl0YS1tMWdOMTMzbXBXNlplbXZnQQ?oc=5&hl=en-US&gl=US&ceid=US:en,riken.jp,0.34
Mayo again ranked among ‘Best Children’s Hospitals’ by U.S. News & World Report - Mayo Clinic News Network,2020-06-16 07:00:00,https://news.google.com/rss/articles/CBMivAFBVV95cUxOUEI4MEdoTEZwUGU3QURfTmw3el9SQ2tfRFpxTGZheUZLNkkxR0tyRUpLWjYxS3AyQmh5cjdsV2pMZGlWelVHcnZ6MkQzNi1mSkpmQi1YX0ZPNTRYSXBxeVNxZTh3akp2ck9RazR2WjFOSFU0RXBFVmF5cFIwWnl3b2FydkZXZlVVZTlrMVV5YkxOaDlnNDFERzFNNmtudDZVQnNkTFltY2YzbnZvdC1HUEI4T0E1T1FkaUNxRA?oc=5&hl=en-US&gl=US&ceid=US:en,Mayo Clinic News Network,0.0
George Floyd: Huge protests against racism held across US - BBC,2020-06-07 07:00:00,https://news.google.com/rss/articles/CBMiXkFVX3lxTE91b044YlNrWmU2T1RHS1l5ekEyNTM3NVI0SDZPSVVVaFNSYkV1V05kRjJJYjk0Rmszc2RnM2RHXy0yVHhadk52VFdVeVJfS21PUFE3cHJJbUdDWjBkMlHSAWNBVV95cUxOUkM4Z3ZxdnYxN3NZNXJvZmxVd0hzLXViX2VpdGpISzNOd1hGa05WMVNDN2QwVHVxbjZfWnVQNTBab1hvWXJhRlp1c3dvdnRRTGVkX3VuZDlhaWI5bWpVN05pVVk?oc=5&hl=en-US&gl=US&ceid=US:en,BBC,-0.5719
Coronavirus: What went wrong at Germany's Gütersloh meat factory? - BBC,2020-06-25 07:00:00,https://news.google.com/rss/articles/CBMiWkFVX3lxTE1ETTY3Z09abjFzcWJCTVpaQWNKOXl2Zm16SW0zQ1ZKTGZ0VDE5S0RQZlFkSVhHNzFlQVhSdnhWMEVEdC1WZE5odXkzbHNwMXgyXzJWaTE2QkNXQdIBX0FVX3lxTE4wZjZoZWN0MERUSDJHdjN5RWNFLW02VkFYSEI4VVRHdEtRYWJmaEdhY1NWYVhzWDNkLUx2cGRQQVNCLXEycW42SWJuRVlyM2Q2aHBwSG4xVTg2OE5xeGpB?oc=5&hl=en-US&gl=US&ceid=US:en,BBC,-0.4767
AdventHealth for Children ranks best for neonatology in Florida in U.S. News & World Report 2020-21 Best Children's Hospitals - AdventHealth,2020-06-16 07:00:00,https://news.google.com/rss/articles/CBMiygFBVV95cUxOdnBpSFFZbC1QdkJlWnZNWmhIRGlaQkM0ejRmb2tWV1A0OXdMaTczMTk0SUhaYTlSaFpZRG1KR3loekp4NE9RclZyZTRXLUJVa0M3Rkk1bkFLUFoxdm9oV3JZX0VMSjFFNEpKNFBsUnhzNnhKVm5QYk5vY0hPNzRvQ01QaWNpV2wxbTVHT1BXYldqRkc3N2ZUR2ZUYjlsNUFtcGdUakhiMHE5VnV2alBsampUZ1YyWThkTHhwRGdGajBEVldVN1U2Snp3?oc=5&hl=en-US&gl=US&ceid=US:en,AdventHealth,0.8555
"New Zealand lifts all Covid restrictions, declaring the nation virus-free - BBC",2020-06-08 07:00:00,https://news.google.com/rss/articles/CBMiV0FVX3lxTE1tQ0NzdmtZdXp4UTMwTEwyYllpaHl4bEdjdW1DRkFxLXFJcGxudUhmN1NXaUVsM3J2ejFHd04wc1k1OTJ3Y3RUXzM1WlFqVDI3T3Fya0c2NNIBXEFVX3lxTFAzTFMyRnVQNHhNR1BwS2s5OWc0cWVpdy1ROVE1eEJTSzltQWlnY2FabkM0Y0tUUUVWempiZDBzMTZ4bUZhRi1Qby0zNi1CZFZ1V25ma1F4NkI3V1BE?oc=5&hl=en-US&gl=US&ceid=US:en,BBC,0.0
Global Development Leader Named Executive Director of Miller Center - June 2020 - News & Events - Santa Clara University,2020-06-02 07:00:00,https://news.google.com/rss/articles/CBMi1AFBVV95cUxNUWxCTm9vbTliYloxMzQ1OWo3dkpIdFRTang5cUYzZ1NEWG9SeWdhcVFWTDgtalQ5ZU9BUnBLa010Q0I0T1phc09CUkpoWGpGb1FybENhbG12amxDb1hLVWdFZ2VCdktEQVAyVWN2cGFTZ01wazEzMGd4Y2hQUXZCaTdiRmw3aHBXLXRTTjdYbjZVRVZURFF5b2pkSURKTVVXWUp0Ukw1aVJ5T3BCU1JENFNNWXZoNEotWTBZbTVsQ2FZZ2ZXUWRBWkF0NTYxUi0tQnphSg?oc=5&hl=en-US&gl=US&ceid=US:en,Santa Clara University,0.0
WHO welcomes preliminary results about dexamethasone use in treating critically ill COVID-19 patients - World Health Organization (WHO),2020-06-16 07:00:00,https://news.google.com/rss/articles/CBMi2gFBVV95cUxOQV9KZXVvbUZVMER5QlQzcS05bUxEYzJoYzJIc0lQZXdadzBGSTBYUnltV01xc0NzZFAtZG1KZm94Q3BFQXloLVJVU3MwaUI2WEFhOThyaEpFa3JIM1FtU0VpMFI5LTZyVzlTRld6MUhmeXdJRklVX042ODktMmlSMmVOcmlsc2JpbXpNaU9XRkhHc0g2LUlwWXdvYklQZUtDUF9lcW9lRFFKV2tDY0MxQkdxanlyU251Z1FFeG9XT3l5a3lQME5FMnFfSno4RTRHbUlrbVF2a3g0UQ?oc=5&hl=en-US&gl=US&ceid=US:en,World Health Organization (WHO),-0.0258
Order of Nine Angles: What is this obscure Nazi Satanist group? - BBC,2020-06-23 07:00:00,https://news.google.com/rss/articles/CBMiUEFVX3lxTE0tLXhIbWtMYWN2TVJ0VHJpeHVYdk1JVlVycmhPcV9GaGNpMHIxZjVCckpZUlNwcVN6LXhKWFRqbjU0V2UwWFFKUHltY004R0tX0gFWQVVfeXFMTWlMcXNyMHd4Q3Bhc1pTNGxDMEpXZDd0NmRmQ0pUYllLVWxPVDlUbC1KRWdHYUF6ZUNDdjNUbE5sRE5mRms2VERoSG1kdkM2Ums1cmNyTmc?oc=5&hl=en-US&gl=US&ceid=US:en,BBC,0.0
‘Elmo’s World News’ brings COVID-19 info to kids across the globe - The Boston Globe,2020-06-21 07:00:00,https://news.google.com/rss/articles/CBMiogFBVV95cUxPMXlmaHdpQ09XSTQ5ekRpMWxiS3ZoWVFVVDhxT2xVTjh0dnN1OUpPYzk5UzZ4cmI0czRYVXVIS0owUE9PcjE5eGJLVkZsTGp5cWZfTU9WaG1HQ2FyLVFDa0NTVGpQNWpoUlNwTzdXOV9hWDBHUlp6ZXNYX0xPZ3k4bDBTNDYzN3ZlSmZtQl94UFFtRGlJbmZPMTJnYlB6MmV6WFE?oc=5&hl=en-US&gl=US&ceid=US:en,The Boston Globe,0.0
‘Dogged pragmatism’ needed to save Ocean: UN Special Envoy - UN News,2020-06-02 07:00:00,https://news.google.com/rss/articles/CBMiV0FVX3lxTE9iV0xoZU5fWnlDY0VUOVB1aklmOVUzal9Ja01mZGRaaEdHUklSdUtEblE5Y2xvbmptdldvZHlldDRLU2FPNUJGaDRTYTJwRy0teldDQ3J4MA?oc=5&hl=en-US&gl=US&ceid=US:en,UN News,0.7096
Coronavirus: Hungary votes to end Viktor Orban emergency powers - BBC,2020-06-16 07:00:00,https://news.google.com/rss/articles/CBMiWkFVX3lxTFAtOFVEZGRQVFhwRHA2UDlKbGpybWVHX29lcW1qWVplNDBfdklieTd0Tm45WUE2YmoxYVlWSmxJa2ZGa29UUnkwY0V4UDZzRkpzcm9oRVh2R29Fd9IBX0FVX3lxTE4xbm5SLWlkVHRLb21CeUllTWNlUlViaVRQcHRyVlZENVRkTk5vczVBR0htdWpoejljdUFtMENsaG9zSEVmVGNmRGYtaVkzdGJtWHlTck9QZ2Z0RmtDb09z?oc=5&hl=en-US&gl=US&ceid=US:en,BBC,-0.3818
Contact tracing in a pandemic gives students real-world education - OHSU News,2020-06-17 07:00:00,https://news.google.com/rss/articles/CBMinwFBVV95cUxQclF2d0ktdm5XZUg2WUdMeTN6ZTRIVjh1cElXTkFZZ0JvOXV2SFhXeVRPS255emY4dDVvUDlqT1A3akxmWWlma25aNnk2WGpyNERFWjZQUDRaRUdSaUlEaVBjazAzM1l0UzI5ODhybk5YeUxEZUYxdFFqM3hwNl9yMURCOE9TQ1VPX2hTQ2F1UllYSkdieTBmdEliTm9GdmM?oc=5&hl=en-US&gl=US&ceid=US:en,OHSU News,0.0
Are Peaceful Protests More Effective Than Violent Ones? - Northeastern Global News,2020-06-10 07:00:00,https://news.google.com/rss/articles/CBMinAFBVV95cUxQZG9XR2ZidHREYnpMOWVvWElpdnN3enU5dGctOXd3cXQyWnVNbTI5cXl6WVRlUFZfaDFPUlQtcmp6eEh1emtWdUpOWnYydG80ZnJJYUV5clFFd1prMFY3VUhEQS1ZeWpiMWh0RUtCRnlOUkdkS1cwQmx5dEZMakswLUJiS0lHMVFfME1sSGVNZ3MyLWJXSC04QmxMLTQ?oc=5&hl=en-US&gl=US&ceid=US:en,Northeastern Global News,0.1354
Navajo Nation: The people battling America's worst coronavirus outbreak - BBC,2020-06-15 07:00:00,https://news.google.com/rss/articles/CBMiXkFVX3lxTFBYMnlQQ1c3ODl4VlNuekpjeFZWVS0xUXpETTVhU1pBWWhzRUNkYk9tSTlBdnlsTjlmQnBxaGprc3ZnUW1JTlJfdV9RVHlmVXdoQW1USWhXc2Z5RkkxSHfSAWNBVV95cUxOalhpMjJhOW5BNGY5eU5hRHl6eVBEbUxBMnI2VDZjcW03akg2WE4xMWpWUHprdGpXcE5uSE82UVlJdDZIbVhsd3BpaVNMY0V4dlJENXZNbjlvM1dSQnVJbWFONzQ?oc=5&hl=en-US&gl=US&ceid=US:en,BBC,-0.7351
Trump’s troop plan stuns Germany and rocks the Postwar order - The Indian Express,2020-06-07 07:00:00,https://news.google.com/rss/articles/CBMimwFBVV95cUxPQnZtVjNKM3pVdHE0YnNWSmU5WlBMZmpydzBrMXRXeWtkNjZGcVZBUUJxeWlVR2xCcmpDMm81dk5sM2VTT2tlcGxZaEFlQnVwdDdwU20xUTBLUGxwVUZVQV9CR0h4Q2tCbWxTRkFOZklXSUlFOUVibjFqMkRvX3liSG1EdDlQZ2xFZ2tsTEEzLWhRSUdVbFY3bGtvRdIBogFBVV95cUxQMlJJaGg3RVptNy1BY0V4bDJNbWhSVFUtaEJ1YTJXd3N2ZnVxQno3Um8tSHNKOENzUEozcmZjend2ZkRET1N0QXVnLW9nenhxWWRmUDNLalBvQ1pfMmVfQXBnMlZsRVdNeFJLQnpRVFMxYWxEa2IxdjJveU1fMUR5ZDJQSU1hUFpiMGdOR2wzYURFb0JnSThBSHlJdkZvWHFfWnc?oc=5&hl=en-US&gl=US&ceid=US:en,The Indian Express,0.0258
Why optimized cold-chains could save a billion COVID vaccines - UNEP - UN Environment Programme,2020-06-26 07:00:00,https://news.google.com/rss/articles/CBMipgFBVV95cUxPZ0dUZ0hkdkRCazduRk5QM2xhT09LWXd4cUpWb2hrRE4xRTlBTEd6d2huOUlUU2ZjWXE2eHFoMGpCVXl3djIyS18yd0UzdWRMcWdYWVJ2eEtHaUZaOGd5WDRmUmRJLVlQZnVZcXo0SkZvLXM1UzVpdzRybzBLbVdSc19ZZ0cxZTdyRHVLQkQ4ck1LLTNhaUFGZTh4MXJURDBWYnZ0bjRB?oc=5&hl=en-US&gl=US&ceid=US:en,UNEP - UN Environment Programme,0.7351
"Comedy Can Help Change the World, Rutgers Researcher Says - Rutgers University",2020-06-22 07:00:00,https://news.google.com/rss/articles/CBMiiAFBVV95cUxQYzNLb3NNT0NXSktiU3VpaVFLRmFjaHhfOW1wMHZna0FYdndieFFiTENiYzNTakJuT25Nekc1UEFYdXBvdHQyTGVxdEo0Mi1zbkk3OFFobldnejNNWmk2NDVVZTVRTGVEQ3VvWXJGOHdxSXdBS3dVcWRZdnY2dk1FUG5oVnNoSkw1?oc=5&hl=en-US&gl=US&ceid=US:en,Rutgers University,0.6369
June 2020 Current Events: World News - InfoPlease,2020-06-02 07:00:00,https://news.google.com/rss/articles/CBMib0FVX3lxTE9PZkt3OXRyTjl0dUFkY0pZejVldzA2bURuaUhHeGwtSm1SbmJnbGI3LWxNeTlNMXBldlFORkVmZVowclZQZER3c2JyX21BUGZmNEgxeDJ5dVk2RnBHNVZnRGFIb0VSWXV6U3hlMXhMWQ?oc=5&hl=en-US&gl=US&ceid=US:en,InfoPlease,0.0
Olof Palme murder: Sweden believes it knows who killed PM in 1986 - BBC,2020-06-10 07:00:00,https://news.google.com/rss/articles/CBMiWkFVX3lxTE9PbWVSajRNTnBWQmREcVBLVEhvQ0IwWm1CZEZ2bElZbFVXTWMzcGhYdFlyamxYcGdKaDRVbUk0bnZ4T0h0RG9ZREFxLWlwY3R6d3JBemllTzNBd9IBX0FVX3lxTE9QLVNsUnhjZmU2ejgwem9IZF9jVFVZaFRoYVhpVlEzdWhVdDE3V3NMb1BfUVg1S29LRzJyWmsxWm5aZnBYZ1VWN3JSZ1p5Ymh5eEgwck5tLTVCMkozTExn?oc=5&hl=en-US&gl=US&ceid=US:en,BBC,-0.8807
Italy approves dismantling of Latina plant - World Nuclear News,2020-06-02 07:00:00,https://news.google.com/rss/articles/CBMikAFBVV95cUxONkhJNGNMTVBtVVZ6Nm82aU9uLV8zSlE3T1NmcVFEWlA0bmN1M1BIcnZHdFprQjBaVnRicUx2cHVIOU5YTUZlQmlnYURvX0Zpd2JUYkU0V0FSLTBsS3F5VndCWlIwdGNJTFVxVjQwQ1pLZnQ0eEk1dzBhU2xSQWhXZXNRbElxYTVzZ3BjMnRHcHc?oc=5&hl=en-US&gl=US&ceid=US:en,World Nuclear News,0.4019
Coronavirus: What is the true death toll of the pandemic? - BBC,2020-06-17 07:00:00,https://news.google.com/rss/articles/CBMiUEFVX3lxTE1FNEFVZkpSOHpNb3ViVnU3bWpkM0FsOWJ3Zi12Q3E3VlNTMjhUcDNxc0N0a0xjaXpxSmtwVWhsS1Z4VkxwakpmZC1IZDZZUjNZ0gFWQVVfeXFMT05jREwtQTlTb19uMTRaSE9ibmVkT0FtSUlPa18wdzFBYUgxNl9BSW5GMy1pVFNFNzgzbmlLOFZHV0U2QjhWVUdVTTg1WVJFNmw5ZzM5TlE?oc=5&hl=en-US&gl=US&ceid=US:en,BBC,-0.2732
Racism definition: Merriam-Webster to make update after request - BBC,2020-06-10 07:00:00,https://news.google.com/rss/articles/CBMiXkFVX3lxTE4xRV9YaXdSVHpiVFV2MEEyZzFVQWJIV3Y2ajNaZVBUMWVFbTNVU1RjdWJlSmthLTNLNldja0w3WVBaa0UyMnpKTnVZWFJMbDBxdHdrTW9fR01OQk1QNmfSAWNBVV95cUxPNnV4UlJtOGpuVGlJWVJvMl9BcXNVa1ZQS1VXSjdJMC0zYWd4RzZ4dkJyZjRobEdiYzU3bDRJSXJCUC1HTHBVM0dDakR1bFZfcjVNSzVLa0xZeGJTMzNLWG4zVW8?oc=5&hl=en-US&gl=US&ceid=US:en,BBC,-0.6249
The Spread of Populism Around the World is a Threat to Democracy According to New Stanford Report - Freeman Spogli Institute for International Studies,2020-06-02 07:00:00,https://news.google.com/rss/articles/CBMiqAFBVV95cUxOTFQ5TmtzR0FkNmR5bGRqODhBWUZFWU9jUHZYQ3FrNnpBZ3Q4MmJ5eldmYTRFUlh0Wm1OY253eHFyb21XTmh2NnNQUTlxMm1oT0VFZXBlQTlUM2pMUkRIVmdBaURWZ3pPZU5BZHR1VkJWZVdkSWd0NEdRUGE2ZDVGaXFMRE1fY216NW1ZQ2F4aXd3QUxQYjY3Y3lKU2t4d0pqdHlaSkNqdU0?oc=5&hl=en-US&gl=US&ceid=US:en,Freeman Spogli Institute for International Studies,-0.1779
Coronavirus: South Korea confirms second wave of infections - BBC,2020-06-22 07:00:00,https://news.google.com/rss/articles/CBMiV0FVX3lxTE1xV3dMc1FncGpILWI2Z3loaUlqYV85dkpxRWRRV0dkWFVwZFRrM2piaTN4ejlKbTBTdV9kNUZCYnp6R2tyT19HZUpmb1FtTndHMWZDMDdKQdIBXEFVX3lxTFBuVm01d0lhT0k2b21PaE1maEk5WVZ0bjZxeW5vRVJxV0ZERVBBc1lfdzRwSGpoMmxlSF9BdXJTNndQenpzb2g1NzhqRlI3YldXcms5cE1nZE1oVXF5?oc=5&hl=en-US&gl=US&ceid=US:en,BBC,0.0
The ‘banana pandemic’ destroying the world’s favourite fruit - BBC,2020-06-18 12:36:17,https://news.google.com/rss/articles/CBMikgFBVV95cUxPNFJtTHN0REhUOVNqTDlmdV82WWFNdGVfM295V1RqSndJMFotNTU0bkczaC1mcENaWnNqU1N5alVHbzFFd0xmU0ZNQXZEVTVYODJjcFc0dnRYMzlJRDBtbVM2a2UwV1hGeXlmOHcxRFBYUXRmYldFcVNESkZEMm1vQTZQNjNsRTBaVzA2N2FwWmExQQ?oc=5&hl=en-US&gl=US&ceid=US:en,BBC,-0.5574
The World Health Organization reminds public to remain vigilant through Mr Bean’s Essential COVID-19 Checklist - World Health Organization (WHO),2020-06-22 07:00:00,https://news.google.com/rss/articles/CBMi5gFBVV95cUxNaW9YNERIM3BUc2VjX3F2aHZaeTJ3Ulg0Mm0wUU02Q0o0SmVtR2thMmJnZXBHVl9xbmh5empGSV9HOTZnbm1WbTVzWXNDN0tvSzNzdE0zb1ZqcTc4MURwdS1mRkZYclFnQ01KS2dPRFpIS1NQN0tCYkdSUG9keVpLSXBFb2hKaHRlamRCYjVua3k1dXNEcW1FY1FuN19GOVd4M3lRS1lTRG5lR002SzVBUC1OdmVVNmdtVjlSMHk4bXZTd3ItQ2VaSXFnc0J3ajJJek5WVFRhWXFFMlBYNm9QTmFjNlVBdw?oc=5&hl=en-US&gl=US&ceid=US:en,World Health Organization (WHO),0.1779
Australia cyber attacks: PM Morrison warns of 'sophisticated' state hack - BBC,2020-06-18 07:00:00,https://news.google.com/rss/articles/CBMiXkFVX3lxTE1vOWdFUWI2Y2xIWTZuV1d4OHF2X3RUNjZOMXNBeV9CZ0hfbmtkM2xTWndpSldIdUZKRGVTeFFJaEdXV2hON05wbk56TFVUNjVkYUw1THhjVlhNdUdzcnfSAWNBVV95cUxPb0tkOXJFWWpMYm1rNnVhSFBIMlNfV2o0UUhDZFpjNUhYR1FmZDIwVlNtNDkzXzB3WWY0TVlKOUdhT01sNUt4VElOZGZRY0YybF9WeXFVei1wcDFOeng1YlVmd0U?oc=5&hl=en-US&gl=US&ceid=US:en,BBC,-0.5106
COVID-19 significantly impacts health services for noncommunicable diseases - World Health Organization (WHO),2020-06-01 07:00:00,https://news.google.com/rss/articles/CBMitwFBVV95cUxNOE5PTG5NNDh0Vy1YZ3NvMTkyTW9QLWVsVUUzMHY5bk85RlVOZkl1bjAzWWVzbVUxREwxWTJ0aHgtMndaelY0aEZOaEFRaS00enNNM0pFdHBTY0RzdW9wTmg3MDgybGpURUVuekJGdDdkYldUT1ZkMUhyQUR2R0NKSUE3eXJzMHF1M0xYRUFKS0xHN29TMlJRbk5McVpwUjRSY2ZKdjBCMEtuaFVMaXBlcVk4aTItYWM?oc=5&hl=en-US&gl=US&ceid=US:en,World Health Organization (WHO),0.0
Pope at Audience: true believers intercede for the world - Vatican News,2020-06-17 07:00:00,https://news.google.com/rss/articles/CBMirgFBVV95cUxNbmxoRzVvZFVXRXR2Szd5LXR3QzdNZ1NEYzZHYk9UUDBPS0tuRUI2eGlPVEV2TjlDZ0FnRVlLcDY0OFdiTm14Yk1DWU03RXVrUGptLTNKdDNvSnZHaXJzeWw0SEZKZlkxVVF3X1l6N19sRDhiUE9BZUk4aFJhTnNZU21rY0o1VkJpMU5VQk9zbnlOV2UtVEd3QU5YX3pqblg0R1pxX0VUN2NoZnVTc3c?oc=5&hl=en-US&gl=US&ceid=US:en,Vatican News,0.4215
US development bank proposes end to nuclear finance ban - World Nuclear News,2020-06-11 07:00:00,https://news.google.com/rss/articles/CBMikAFBVV95cUxPY0p2RERoNlhsOEpwQjVIZVF6SmZfd3RBbHJnV0xjSjN4RmZzZFJJSGFNbFFuZFlWQnlBamZVdlFqZzJrUDU3bU9MYlpiVnk2cVVGNlIyNVQtTEJGcDdHaVppYWl4WDl1TFRUbzRVN3ZDQlB1aXZlQkJFVUhYTW5TOGpMdlAzN0ZTb2lWMGlpWW0?oc=5&hl=en-US&gl=US&ceid=US:en,World Nuclear News,-0.5574
Map: George Floyd protests around the world - NBC News,2020-06-09 07:00:00,https://news.google.com/rss/articles/CBMikwFBVV95cUxQUEFRcmxDWkRfTW9aS1lxeTJWSkg0bGZmTG14RnpNclNPdzh6d2tIQzlzVmxDZ0JNYWZqdXp0R1cwMFR6dXF1bXhGbkdaQ25qbGxzQ2xpSTJOX0x6c1VnTEMyX3pxZDFXMGxEUUtUOGtlS0NEU3kwbjdDQzd1ZmVWUkdwb3pVN0gzM3JESEg2RGdJQVHSAVdBVV95cUxNTWdZQ2I3M1AtOFkyOUNUTUFfckV1Uk5ldnI5Q1JuNTg5MzJXbDM2NURCaDY3SkdyQXZqcDI4cV9aeDhQck1YMHF0dDgwQVlGZVdNSHkwTXc?oc=5&hl=en-US&gl=US&ceid=US:en,NBC News,-0.2263
"Is teleportation possible? Yes, in the quantum world - Phys.org",2020-06-19 07:00:00,https://news.google.com/rss/articles/CBMib0FVX3lxTFBQX3NvczhXUktnWTJIclpsdGJnVEY2cGdSU004MDFWMFRHQmtEaTd6Z1dXcDJucTNiWHJ1YVJDWDBqcTdQOTVpZldQN2xkSW40MHdQWXUwVVI1UmNtZ1J4OEtBajFuXzl2RDRmOWM4WdIBbkFVX3lxTE9YakFDa2xVTXdoNEE4ajlXTXg3NlZrSjR3OW1na1lKbDV0VjgxMVJISk5LeUN5aWR6RnlsYTBDcHBfTWRwWE9BSWQtWnQ3amRJSkZUSkRDeUQzblctWEIxZmlINUZHWGh3VkhyUXNB?oc=5&hl=en-US&gl=US&ceid=US:en,Phys.org,0.4019
Mary Jackson: Nasa to name HQ after first black female engineer - BBC,2020-06-25 07:00:00,https://news.google.com/rss/articles/CBMiYEFVX3lxTE1nNXljdkYzc216N2RZSURvUEpwN1FCMS1Ja09iVjdOWWk5WjFUU3JGU0sxTDZLcEJSZXVtTUVtVGJMRUkybWVsNzN0MGIzQkMtdm1qRmo3bVFnX3B0djU0YdIBZkFVX3lxTE16WjhaV1ZtS3RhY3VYbVBTaWtoN3VzUnNTTTM4cUhsNkVXX3ljR3hNbEJtcWI1MTQtQVlYMjBaOUw2TUlNWExpMzRhN1c2TXZGMlRBbzMydG82N0NwajVYUFlrb0dkZw?oc=5&hl=en-US&gl=US&ceid=US:en,BBC,0.0
UN urges conservation and sustainability of world's oceans - Vatican News,2020-06-08 07:00:00,https://news.google.com/rss/articles/CBMiqgFBVV95cUxQakNDZmRXeF9aSDlHajdyNmFscUtNbVhWX1FjdVFQNEwzdEMyVXFIMVNTZTI2V0twT3ZSMkM3dW1kSGg4MTFkeElTaFNPdkdFZWh3Yzc3dS1jb20tODBLZGs5MTQ3WlNMMmFnZmtIcGNjQVJqSUNpTGw0QnJXeHBXSG1YX3l5bkc4WlFfVk5WS1F3U2hxaXh0N1ZqRUpXQ240VEpiaS1lZ2NlQQ?oc=5&hl=en-US&gl=US&ceid=US:en,Vatican News,0.0
The World Is Watching U.S. Protests Over George Floyd - U.S. News & World Report,2020-06-03 07:00:00,https://news.google.com/rss/articles/CBMisgFBVV95cUxQU3gwWEhWRzEyR0V0T2p4Tmpfd2dTS3dIcXBsXzFIYlZzZW1NbE1FNU56Z3hQUzczOXB2RFV0UmVaTk5QSmxYOWU3V1hUZGFsdjNOZW9oZDh1MnRVQms3c05US3dnaTRfOWdoR3FKTUUxQlRpX2ZONG42bDJZQzVnVnVNZF84Uk1oR1Z3dGZQR3BFVVNKODBNZTdaaGdHZ1BGTkttaUx5cksybHAzX19FQjV3?oc=5&hl=en-US&gl=US&ceid=US:en,U.S. News & World Report,-0.2263
"Trump comeback rally features empty seats, staff infections - The Indian Express",2020-06-21 07:00:00,https://news.google.com/rss/articles/CBMiuAFBVV95cUxNN1Y3SlFJNVNyX3E4WE8zckUycnFjSU11RmJnR28wN2hPWlVtT0lpZWMtdExrMkQxaXU5VFlqZXpUQjhOUUd4dFJSZkxZSHZTMzJ1S1hGNHpJS1k4MHkwRDFkSHRyYXNYM3gtUDVycXdSVmVkOUNEemxzMlpka19JcFM2YXVTTVJPR1hxNXlMMFFjUmNMUEdpSTdiNkhCOHpxcWlWZ0Q0ZTZWQ0NlWDJFd3BRdGthQUVm0gG_AUFVX3lxTE9pZEZlOVdtV3ItcWRZcHBTMDkzdjFpVDc1QjBwSmZiOVJsSmZEVzBRcVluRlU0dXg3VlpKZVRVX1JJSVdoNmZTVFhBU0FDTjB0OXRFdFB1ZExWd2hpMXVkeGw5WmdVMkxaTlpLbHpkdzA1aTRSbmRENXRldzExaUNoQUdUeFZLQzFCUnV5cTZiNlZJbFZZR2pVRkZ1R3liTk12YnFSbnJVcmFaMmdhM2JTblFuYW4tUnVvVG5nM2xV?oc=5&hl=en-US&gl=US&ceid=US:en,The Indian Express,-0.2023
Protests around the world as George Floyd death draws international sympathy and scorn today - Latest news - CBS News,2020-06-01 07:00:00,https://news.google.com/rss/articles/CBMiwgFBVV95cUxQaXFXZWNzUUUxNUkyRm9fVENndVJXaUdaVnFqdHpOX1FEYV9SY21ZakZFRlU2eHlUcGd6TU9teER6MVJ1a09nSVhUVmRvQ3MyUGtjTVd4VXNnUGJwbnRUU2tuQzdLSnFJWUVhc3pOcnRzMlQ3dHR6aUhrMllrekkxNFhDZkFPNE1DbkZscjFOOWszYXpaYTlMYlFhX1ZhNk5XNmFaRmpSNVpBV0U5Rk9PdnZUc21UQmN5bXUzX21Yb3dfQdIBxwFBVV95cUxPV3hIVFp3SXNVZF83RFBPbGJDSGQ4RXExei1wcVF0VEpLcDVDY2ZtTzU5QThabTRlNGVna1FsUFBDZGpqWGJwdE1YRXdXWHI4Z2xJWWxTNjltMHI0UHZUTVpTT2tyRXBIZW41WGRCVlBjTXJwVHRwNFhLSnhCTS1nYlVnbFd5V01MSmdWSUZvOUtUVWt2SHV4WlRXSXE0OTFaS3czcjI3YU9BQXROenhhTGNWeXFibDZiNFlVOFBaOUE4NG1ZVnR3?oc=5&hl=en-US&gl=US&ceid=US:en,CBS News,-0.7184
Russian Arctic oil spill pollutes big lake near Norilsk - BBC,2020-06-09 07:00:00,https://news.google.com/rss/articles/CBMiWkFVX3lxTE5VaFo1VGJxUC1vWXQxcm81c2E5dUZjMjhyMUxuYmUwZFBqb2lqazJwNlRqM1FQb2pzUEhBS3lMQjVyc2tKSk5kUUFkMXRuanVUTmZWc0Rpa3ZjZ9IBX0FVX3lxTFAteFN5Q0xFZV84N3pyY2Z6eUY3U2Z4emdmZFI1UFdNSmp1akxldFFWWVByVTRteW0yUURVbUM1UW4wOURQYnRFekNwUFdqd1RRRXkycFh3empSS2hyWlpz?oc=5&hl=en-US&gl=US&ceid=US:en,BBC,-0.4939
Myanmar: End World’s Longest Internet Shutdown - Human Rights Watch,2020-06-19 07:00:00,https://news.google.com/rss/articles/CBMihwFBVV95cUxQRlZVbTVMUnY0SXpVS21QdlBDbGZuLXU5X05jMFpoWGVXT09fU2RNM2ttQnFJODBpaHI2cGg2OFhnS3c4QnVTbjBSamhUV3pOQWpHTHBLcGpxa2FMV0tCNkd5RzllekNOaF9FaW55cU9UdzhLQXJCNDJOT1lUTThYQnNUUjlVRVk?oc=5&hl=en-US&gl=US&ceid=US:en,Human Rights Watch,0.0
What does ‘build back better’ really mean? One of the world’s top CEOs give us his take - UN News,2020-06-11 07:00:00,https://news.google.com/rss/articles/CBMiV0FVX3lxTE9GVlRRRmJmUno2ODc5a2pxb25PQUxnSUpOTk5wd3RCa191MGs1VVlYXzc2Z1RpUkx2M0tLOGFuZjRMYUVLOW5nRUU2ZHltT2k2VkptWXQ1dw?oc=5&hl=en-US&gl=US&ceid=US:en,UN News,0.2023
North Korea blows up joint liaison office with South in Kaesong - BBC,2020-06-16 07:00:00,https://news.google.com/rss/articles/CBMiV0FVX3lxTE5SVVJnUTU1bXE1dEhJdFd0Vm1DVHBiQjJ2RGVVX1hDcnpZZGUyRURXWkMzSGh5XzZMN1NGUmlkeFlWUVlPX3dLUHkydVJ5ODVnT09rcXZXTdIBXEFVX3lxTE40YUsxaHJkTWNrVi1TajgyRHZVc2lEQ0R3WnQtLVFXMDVBQUkwbVRSSWE1WXRpb0FpTUhjamhod1h4Y1dFZlBEOVFrVWpPWVhOTHU5VkRoQTRsNTZs?oc=5&hl=en-US&gl=US&ceid=US:en,BBC,0.0
U.S. Intel Source: China Ordered Attack on Indian Troops in Galwan River Valley - U.S. News & World Report,2020-06-22 07:00:00,https://news.google.com/rss/articles/CBMi0wFBVV95cUxQOGRYUVV3WTNFdEVBVXB6WG9hTldRUjM3ZXlkdlgwcjhINFNWV1dLTF9hZTEtT3Rwa2xsdF95d1I4d2F6UE5qNFZsWE9WbWJreDBoS0E1SWtlZm5fVllDNWtZLUw2LVREek1QUVJzWjI5QUxqckVKV0VaeXpGb1pXbGQtbFVEVzlNeDQwVEQyNmhDSFZKZTMyRnRiYWJqaUVYcGdOOTBKeHFZRUYzUkdQdWlHUTR3aGR1SmpZaFhkQVozZEtKbEZOQ0x6UUFwSXA5QUo0?oc=5&hl=en-US&gl=US&ceid=US:en,U.S. News & World Report,-0.4767
Polish election: Andrzej Duda says LGBT 'ideology' worse than communism - BBC,2020-06-14 07:00:00,https://news.google.com/rss/articles/CBMiWkFVX3lxTE1qS1NPYUthMG52Z2xJWC0teUxNNEN3aGlvaC1mSXZEMDFWVUVRVEFFaERRSU9lZ2tLVzhqR2NxaldweXNEQUR6WF9COENPLWZXZkJSMVVBNFpBd9IBX0FVX3lxTE5jWnRjRkdrT0hTcnEtYXBwLXR5SUliR2RDYjhmSTFFWlFWVVhHR0ZUcFN3RGE5X3ptNjdTU29QSURaYkNyRHQtUHc4eGlKbzRneGE5NjhQYkpNSWNaSDlR?oc=5&hl=en-US&gl=US&ceid=US:en,BBC,-0.4767
"Reuters launches video news channel on the Roku Channel, the sole global news provider on the platform - Reuters",2020-06-02 07:00:00,https://news.google.com/rss/articles/CBMi0AFBVV95cUxQaWlTVG1SY2o3Q1h6cVhqV1Q1TkxGdXlVOFYxWHZBaURqTElCbkg4Q0lRVDUtSVVMeXdIWXJVcVEzdEpZQlJjbk5uODJPeU10NmJHWjh0NjkwRi14RjB0OWxqQnh3YjBjNDY4STVDQy1JM2ZsSjIzYk5SSUZpZGJEMlIzMWc2TTU4aEF2eC11Z2EydjZOVkNndkRlbUFRZmRUcmRmSGpLT3BFSVI3UXF0cDhJZ1J2WkxDU1ZqWDZQNDhVNTloVVNDX0NNTVl2VXQz?oc=5&hl=en-US&gl=US&ceid=US:en,Reuters,0.0
The Ripple Effects of the Syrian Conflict in the Mashreq Region - World Bank,2020-06-17 07:00:00,https://news.google.com/rss/articles/CBMiigFBVV95cUxOVGJEY0kyMGN2V2JnNjl5Snh1ZF85OXBkQU1tUUg2b0p3RTZXUW9uUS0yUkw1ODREbUpranV5WmhzYlEzQXRiUzVhUFRDWlpMSW9sUG5YZUVyZjZmQjczcFoxa3QzUVJXd1QwVFdpdVUxSDFtbnNqa0hsYU52MEpWLWFpSDJvdHFROGc?oc=5&hl=en-US&gl=US&ceid=US:en,World Bank,-0.3182
"Countries failing to prevent violence against children, agencies warn - World Health Organization (WHO)",2020-06-18 07:00:00,https://news.google.com/rss/articles/CBMirgFBVV95cUxNRGhYRktic05CdVJ3QnR1a1ByS2hBV2VqRVplT0p4Sk9kaS00REljZHJKc2UzZVRONHBhaVNGMk9ScTdMWkszR0p5RlRlUEN3Y3IyR1NKRVdlNWNZcVI1UjdmSUZ3bG5XQ2FXYll1N1c3TDJpVUw3Uk9PREtXc2lKLVBNRW9fREJUMHRYUnotdER3Wlc0WUtvLTdCemc5TFRENl9jaHJYc3JBSmlrUVE?oc=5&hl=en-US&gl=US&ceid=US:en,World Health Organization (WHO),-0.8271
Coronavirus: Sweden's Tegnell admits too many died - BBC,2020-06-03 07:00:00,https://news.google.com/rss/articles/CBMiWkFVX3lxTE01ZFk4ZzBDdlRCTjI1RS0wOEsyYWhvVklKSTVQanJncVFHelZaU2hrbVFCZzFNUy1uczNVamkzaXZkYUFhcnI2LTJnc3E3WWNnS2lDMFpuOE91d9IBX0FVX3lxTE9zUERjcEhyS0Z5VzVJZ3lZRjBNS1A3NUVZOVBKaEk0X0VxVUFFZVRKZFlsWHY3TnZpdXV5Zm1yenBTYkZWU1M0X2R4aV81c2RseHJfaTdkSkNjb0sySEJJ?oc=5&hl=en-US&gl=US&ceid=US:en,BBC,-0.34
Nature is our Greatest Source of Health and Well-Being - World Health Organization (WHO),2020-06-05 07:00:00,https://news.google.com/rss/articles/CBMihgFBVV95cUxQM055QU9qWU8wVHBJclV5OGdFckFMMUU0X3E1ZkluaWp1Z0ExZFpUeUdlUU85ODQxT2doeUxFcjNFU0prMkROR256dk5Pd3ZraHVDVHpZZmlISGxBUHpadUROejNadVREOHM4UEcxTUdTZFpaTXpUU2hHLVZiQk5mcnktUDlsUQ?oc=5&hl=en-US&gl=US&ceid=US:en,World Health Organization (WHO),0.6369
"Coronavirus Situation ""Worsening"" Worldwide: WHO - NDTV",2020-06-08 07:00:00,https://news.google.com/rss/articles/CBMijgFBVV95cUxNa3lsejRyeGRWWVpjdmg0ODBhWkNRZDhoa3VNc1R6cFBxZzFFcThqVEFXWm5sVzdjQW5GbGJ3TUhTbjhCa0JTdmZyYWE0aEs4R1lKbnhpMGRxdzJmNlZSMlZzNjZ3aUt3VFVUbEd2eHBNZEZNX3NZZGI3MjYyR3VFOEhOdDM0R0gxVTV6NUNB?oc=5&hl=en-US&gl=US&ceid=US:en,NDTV,0.0
Improving global health equity by helping clinics do more with less - MIT News,2020-06-25 07:00:00,https://news.google.com/rss/articles/CBMieEFVX3lxTE9BTWR6OFlOLUFOZFZTY21aYVVnczVoSVZZV2NmLVQwWWVSZnRyU3gyRXZVdGlZS2x0a1hPaXNvSHlkc0Z6YkJWUWZqZGJyTVR1UFNRZmdobVlRNzBpTDU1QzB4ZHJEWTR1b2VWVnZqeUpJWHRvWHVaUg?oc=5&hl=en-US&gl=US&ceid=US:en,MIT News,0.6124
Supporting character-driven leaders around the world through the pandemic - ASU News,2020-06-24 07:00:00,https://news.google.com/rss/articles/CBMimwFBVV95cUxQOUJjRmsxUThiQWRqZmtwUUFIaWM3eWxNWWV3TUdwQ3Qwd25VOE0zWU5mOXY4WTJxUXVQU2RpU1l5SEpjWFdFS3UyWDVoXzZ0RGRQZjh2d3VSRDZCSE5jX1R6LVFyQm1pR0hDS1E0OWxCWXBubVZxWG1va1BVS2o0OGJWNUw1QVZiWVZnWXVJNV9LUTFCdmg2b1REdw?oc=5&hl=en-US&gl=US&ceid=US:en,ASU News,0.4404
'Our diet is killing us quietly': Fiji's diabetes crisis - The Guardian,2020-06-26 07:00:00,https://news.google.com/rss/articles/CBMinwFBVV95cUxPYkdDdU9DalhVbElSYTRLQnRNTHJKSTJFcWdPTGRxRDhYSTNmUXJOby1YLU1CZ0F0eGZkdFhKaDRsWHFyck5SeGxiRnNVQmR6S0dHVnREbERUb3lNZFZaZlBCM3RtZTNGaVhKMG92VW5lM3hHME5HTHZQMGdFYmRjUFg1dkM4MGFpTm1iTXlhTFVMSFJtY2dydkNzZ3V3bnM?oc=5&hl=en-US&gl=US&ceid=US:en,The Guardian,-0.8591
Coronavirus overwhelms hospitals in war-ravaged Afghanistan - BBC,2020-06-29 07:00:00,https://news.google.com/rss/articles/CBMiV0FVX3lxTE44YnJxY0sxb2h6VV8xZC1yZE9PY2tSZ1V4RkVnbkU4SXpnLUhMNDdMOGlOT242NjVCaU84RGYtdTRHbzdBQkl2bGhtTDFkNmp6akpKRG9fUdIBXEFVX3lxTE4yRlg5ck5wMXVJWVcxZk81MWQtSGNIVGs5ZUtsMkx0RG9jSzlwdGJJUmF0dVdhRGw1YzNXQ0hMVzhFMmpadWdEcmktSGpfMGZiS2M4VWlmRklCMTdY?oc=5&hl=en-US&gl=US&ceid=US:en,BBC,-0.2023
Maria Ressa: Philippine journalist found guilty of cyber libel - BBC,2020-06-15 07:00:00,https://news.google.com/rss/articles/CBMiV0FVX3lxTE9yMmVBUXduRkFFNXBOcFItMlB4R2tCbkFUV1RRMGNQcmhVSzlxYm03UWZpeHM3Q0NMTTQwNWxWMlFsWGFQM1Voc1JCV0VZX0JCazlQYXhVd9IBXEFVX3lxTE5KQ0RWTUdLUXhZOUpHUkw2X2NCbmNpYTAyV1ZGTVZVWGpKa0daNmVHY0xvdnIzYlp0NjN1ckFvWlljWUxxcy1kZ004NWxIdTBiLXpEMUxmbi1ocjVI?oc=5&hl=en-US&gl=US&ceid=US:en,BBC,-0.4215
Seoul 1988: South Korea opens up to the world - Olympics.com,2020-06-25 07:00:00,https://news.google.com/rss/articles/CBMihAFBVV95cUxQdHdVUHpkV28wX0xmOE9VSGhaclBiV0N0YkcybVZDNkJ5RENtZXVZeUhEeWxRYkp0QlQxalRDRnM3TWJ4RlluZWNVQmFOSHVTeWVZaF8yZDZFdEUySnozSENQR1pldkhFLVRnWjBENF84VURqNzJQSEJCREcwV0F1VkZYeGU?oc=5&hl=en-US&gl=US&ceid=US:en,Olympics.com,0.0
North Korea Threatens U.S.: Nuclear Attack ‘The Only Option Left’ - U.S. News & World Report,2020-06-26 07:00:00,https://news.google.com/rss/articles/CBMiqAFBVV95cUxPcnJ2NE1fZmN1TzdGeVpMcktQOGNWbFAzZFVqdmVsNkhRTXlkTVo2bThpVzEwby1RRmpGUnVRbHVncUxwWUt6anR6WjF1Vm55b0NkM3BTNmpJNWUwT2dzSVJFc0hIb2pvSGRyNzkyVThFa1Jwa2dTS18xMlFPOUM2bE1EOU9WRzliY3hkTE1tS1ZHR2pHd3BWSkp6WWp0ZDQ3dHc2SWpFZ2I?oc=5&hl=en-US&gl=US&ceid=US:en,U.S. News & World Report,-0.6908
Canada leads push to safeguard world’s oceans - UNEP - UN Environment Programme,2020-06-08 07:00:00,https://news.google.com/rss/articles/CBMijgFBVV95cUxOTTNSbGdPdFBkTnljVlQteDdaRHhZcGNCTk5qWDgwSUxGV1NXeW05NDVvV0pudWh4dkRROEdqbFdXbkdicW83QTFUNUtFdmVWeTRNSmptZlpUTmlucTBLWUVSMWZCSnRqUHNibThORGNab1RaRERJak1vREdzR2djdzFFZXU4R21YRjBqM3JB?oc=5&hl=en-US&gl=US&ceid=US:en,UNEP - UN Environment Programme,0.3818
No Urban Myth: Building Inclusive and Sustainable Cities in the Pandemic Recovery - World Bank,2020-06-18 07:00:00,https://news.google.com/rss/articles/CBMi2AFBVV95cUxPZmJCUk9fR3psVlBrUW1Mamh1cndHX3hTeG9DN2VMMXh4M2lraFRjWVNkZHZ2NlFuQWR6bGotS0xiYXJfZ0pPN2l3YXNuM1Mtckt0dFpkWHBXZFdjX2R2VnlabFVTOXF2STJWMTNaVHpNT0NRT3B5UTAtYmZxaXZLaXRadGh6elp3dExWTklYSXd3blBFVTNoWnRid0xNX3I0VGxzSTI1QnlDQmh4UEd1Z0c2RHgwZnV2QXpKRGxVYnhNSy1NMkY5dVRkelhpQ29lZktGREp1cE0?oc=5&hl=en-US&gl=US&ceid=US:en,World Bank,-0.296
George Floyd killing triggers wave of activism around the world - The Guardian,2020-06-09 07:00:00,https://news.google.com/rss/articles/CBMisAFBVV95cUxQU05rcnNBQzZmTUxPUVpqeVFuNEE3VWlySy1lNXMzbW5DMC1rQ19qNXV5RkhCbG5iWXp5MHJhSHRFMW5RSGJBWVhRb25JNTNEOGwwN2dlSTQtMV9kU1pIUWllRzQtODdVOUwxTVFXNERyRVkxSi1QSWpVLVowbzJ3UUs1dFNhaFpTV0hPRUpVd3dJaVJmRGExOUFZRlpiVWZycm8yMDRCQlVsc213ZEZSTw?oc=5&hl=en-US&gl=US&ceid=US:en,The Guardian,-0.6597
"World Food Safety Day 2020 - The Future of Food Safety: Food safety, everyone’s business - World Health Organization (WHO)",2020-06-07 07:00:00,https://news.google.com/rss/articles/CBMinwFBVV95cUxPMFJZbkpLYUJNQzRwRjZFeGpOMlFtMUotRk9aU2V2WkR1cFZ2NTY2WmpmbklNaUZTM0lLdmZDYjA3WHE4RUY4bURwY3NEZkVtaEtqY3RPdnhVZlotemphQnZXbkxRSTRNLVJXak5rYkJNYWhsRUdtbXgxSFphUGhOODNGdXAwUGhGS3JnYWU5UWFPSlRDQ1NFUUFQeENzY2c?oc=5&hl=en-US&gl=US&ceid=US:en,World Health Organization (WHO),0.8126
Coronavirus: What did China do about early outbreak? - BBC,2020-06-09 07:00:00,https://news.google.com/rss/articles/CBMiUEFVX3lxTE4ycUxsMzlnSTBxV0RDRGRpSmJ5ei1WWDRjU01hLWd4bGM0dlI3TnhTWDdJV0RmRjNBNjJiOVpsU2pjR2d3S0hBQVBSd0FVYlEt0gFWQVVfeXFMT2U2bEllMU5FZmsyV2VOWlN2c0JabXFRc25DaDdIcWVQOG52ZjNMSjZMUUpiZW11c2FlZE9tcTd6OG9NQWJJcU9sRDl6NjBDVmhzdFpRNHc?oc=5&hl=en-US&gl=US&ceid=US:en,BBC,0.0
World Olympians Association announces financial support to Olympian-led community initiatives - Olympics.com,2020-06-12 07:00:00,https://news.google.com/rss/articles/CBMixgFBVV95cUxOM2lvUTkyUjZVM015a2FTX21zcFVBdndldUZHLTIzYTByczVjMkQzOVI2aU52Z053aFN1M2NYb0lJQXJrY2pPSFJWZncwdlJVT1ZvRmhfSGtKQjl1azJneGNXc0ZDRUdHUlhLbldXcVdLMlBaaWY3QUNSc29wUElXeGRkOUFTc3FIcFlocmdtbXlCMlpObzdWR0pYeko4VHdLN0g4QjJ6QUp3OU9SOWczLTNUZ2JGb2lGWHpaRzZNamEyUUU5Ymc?oc=5&hl=en-US&gl=US&ceid=US:en,Olympics.com,0.4019
Galwan Valley: Image appears to show nail-studded rods used in India-China brawl - BBC,2020-06-18 07:00:00,https://news.google.com/rss/articles/CBMiX0FVX3lxTE5FcTlOVGRGOXhmb0JmN3dpVWhMRGRBQWpMZmtWNzlSS1ZscXBWckhiU240TTNWZjB5XzZfdm93MVhfb3haWHRfQmF1RURNNHlFWVZTRy1RQXRMV2lfT3dR0gFkQVVfeXFMUEJlM25GeFVKelMtNXdkbW5MSVlzM2JZWWEtM1ZPT3pVVFVuQTN0SWdpTlR0OVpvYmQwOTd4OWdQZVJHTWl1bXdYWFhncU1XNmI5ZGFhbE83WVVkcWUxSTc4bXFRVQ?oc=5&hl=en-US&gl=US&ceid=US:en,BBC,0.0
Transmission of SARS-CoV-2: implications for infection prevention precautions - World Health Organization (WHO),2020-07-09 07:00:00,https://news.google.com/rss/articles/CBMixAFBVV95cUxNRjZjQ0NsazRzZ0FDSHdaRGNfSVh0Z19SdmdGV19Temh3VHFNRTNNemlRRGZsbGNhR24zUWlvWG5YNnNGWEhRTmljZ2V5U0tUemxqXzAyTFlFdXlEdDlzOGlJdWwzNlBlLUcxbEdvYkVJaC11ZVFoT3V3WlFzeFc1RGN1WWJTVUdvbHFJdC1uNV8tMEl6d3RvTUYwR1QwcXYyZlJpaVdWZGtNU2xHaElXMEstbmltQXVoeURUbkR1OU91S25x?oc=5&hl=en-US&gl=US&ceid=US:en,World Health Organization (WHO),0.0
U.S. News & World Report: UVA Again No. 1 Hospital in Virginia - UVA Health Newsroom,2020-07-28 07:00:00,https://news.google.com/rss/articles/CBMif0FVX3lxTE5wTG9YYm1ITGZISzdZdmJlWlRKeE42NU9lMnNJMmhqc1BvRHQ0bE1MQTNkU3p5cjV3Q0JqYXJIZkNyZ0pxS1pyTEkzVVZ5eHR3enJPT2MxVGRaUUhaZnF3RlpjTm1reDBtY202TG8ycm82OFhLandBRHdyeHRfNkk?oc=5&hl=en-US&gl=US&ceid=US:en,UVA Health Newsroom,-0.296
Black Lives Matter: From social media post to global movement - BBC,2020-07-09 07:00:00,https://news.google.com/rss/articles/CBMiXkFVX3lxTE42bERENHF0TXZWX0NraGMxSXdlY2UyZWw5VGpGT0o2TGZmNW1neHdpRVppOWRnMHRkOTNkSGw4cFlmUS0zcjFaWGFXS0xxTER6TGxwbmlkVU5QelRqVWfSAWNBVV95cUxOd2FuZnYzYmZkWFE2Tm5iR19laG9Db3BvU2VDUEQ1bTFNWXBhTUFwNEtVaVVPTExES2NvTFVPMzZfNHBfcXppZ2huc1BweFZmak5aT3dCUWFVOFpXNDVxNlotSkU?oc=5&hl=en-US&gl=US&ceid=US:en,BBC,0.0258
New World Update - News | Official New World: Aeternum Website - newworld.com,2020-07-10 07:00:00,https://news.google.com/rss/articles/CBMia0FVX3lxTE8xS2o4ZEJ2SDFaRkNSNXdjc1B0cGVqOTA0VDRDQlhyNXdJUlRTUXBEQk5BUEJ1bkdGMmpfaFQtWDVVaGc1cHNRVG9TV3RfMjNJeDRaWjVtbTVHOFRqcmJiUlBrNGxxSWNVWlBN?oc=5&hl=en-US&gl=US&ceid=US:en,newworld.com,0.0
Cedars-Sinai Ranked #7 Nationally in U.S. News & World Report - Cedars-Sinai,2020-07-27 07:00:00,https://news.google.com/rss/articles/CBMinAFBVV95cUxQcVlsMFVqb0w5RFlJNWVIRmI5M0NER2l3MkdSUUdPaGt6T2h1cC1iaGVIMThpdXZYUjhlT2g4UlZwenZ0Z281dll4OEkwc2lackJ0Z2k0d1Z0RXJsOXZSXzJtRXZ2SFR6VXFaYzJBYVNtQVpxV09wOGEzLTRGdVk5TXBsYW5EZS1NeVRKWUcxeHdCMGFZcm5JemhmTmE?oc=5&hl=en-US&gl=US&ceid=US:en,Cedars-Sinai,0.0
Americans turning more to local news since the COVID-19 crisis - The World Economic Forum,2020-07-09 07:00:00,https://news.google.com/rss/articles/CBMiuwFBVV95cUxOcVpYS3hwLS1zYVpIR2NmRVlvSzhHQ2h4LXVVMnhrdTFDRXhDXzM3TTBpQ0JuOU13bE9zcktuRkRpa3RwVF8wOGFfVjE3aWVaX2ctZjlETjB6MDU2dndWNFVsbnRVSU1WZEVLMzdUeEtxYTdkUmNQN0dDeW5IdjNvUkw3bEVQVHJKakRjcElHNVZESnlvcVVzXzNlcXZaTGJrWkpoa2ZiVjZITnNJTkZQQ1Y5czgyTWE3Q3Nv?oc=5&hl=en-US&gl=US&ceid=US:en,The World Economic Forum,-0.6249
News from a postpandemic world - Science | AAAS,2020-07-03 07:00:00,https://news.google.com/rss/articles/CBMiYEFVX3lxTFBJc3Rlajd1dkhQWlN3SUdTQzUxT25aMGRmR29jcFRrS0xmQ3MyVDc2eFhFejJtQS0xVVFGNWdYOF9hdWlOZERUMTA4dnF0UWxVak1WR2gwcjVDRzNnRjJVSw?oc=5&hl=en-US&gl=US&ceid=US:en,Science | AAAS,0.0
Polycraft Team Wins DARPA Grant To Lay Groundwork for Smarter AI - The University of Texas at Dallas,2020-07-10 07:00:00,https://news.google.com/rss/articles/CBMifEFVX3lxTE4xMlJjQmJ0MTJpd09BSDJQT3FTWnEyOVY3Y0w2OUpNUm00V3p4VWlMc2FPa3pYLXNYSDgtMkZnODlPU2Ywd1kxN09xcDJQOWxkTmhiYkV0UlMzY3Fyem1kTTJ6SXlPZmM0ZkhsRThzTlVWd0VYN2VQaTlrTFo?oc=5&hl=en-US&gl=US&ceid=US:en,The University of Texas at Dallas,0.8481
Poland to leave European treaty on violence against women - Sky News,2020-07-26 07:00:00,https://news.google.com/rss/articles/CBMimAFBVV95cUxOMGg0T0VLelBEa2ZhOXhxUWxEYWtaSHowNFBOS1pRaHVac2pDZjE5bXJGVWY5bjJ3bWcyZVdHMFRWbHQ5YkxhLVNocWx1bEczQy12d1k5WnJQNkRqR0lJZXBJR1V0dTVNRWo3bGNaM0ZBT3hWOVlJeENhSHdMUFQxeGprXzBNVjZCQ3ltazdiUVZBd01kUUwtLQ?oc=5&hl=en-US&gl=US&ceid=US:en,Sky News,-0.6486
Keck Medical Center of USC named in U.S. News & World Report 2020-21 Best Hospitals Honor Roll - Keck School of Medicine of USC,2020-07-28 07:00:00,https://news.google.com/rss/articles/CBMiugFBVV95cUxNSjZ3LXM4aHh4V0wtQnlnazFveWcyTGJTa2x6R2JYcXptZzlRMXplTkhjalctTlRsYXY2b053QW9SQlYyck8wdUcyejB6WV9rYnJLdWd2djNrWm5TM29HcUF5V2ZFYWxNVk44QjA1cU1CUUprTHVHRTlxazB1YlhzUVZraS00LWc1ZE1BaFFNWEU0elY3NEgwZzlLa2RsNlFySzZ5TkhkcU0wUnAwN2hrTGxaR1NVV21jMkE?oc=5&hl=en-US&gl=US&ceid=US:en,Keck School of Medicine of USC,0.8126
The new global university in the post-COVID-19 world - University World News,2020-07-04 07:00:00,https://news.google.com/rss/articles/CBMid0FVX3lxTE5WYi1VVzgxQTN0OGxYWG5MRDRzMjB6R0N4NFBseTN3cEF0R3R6SWFPMU5iZVNJMDh2dUl3WENXc0VabWpNMDJ4bUdVSXJLdmwya3JGWHdxRWdid0NBbW5XTERWaHJNVVlOUGJDMHFONGRpR1pWcHNV?oc=5&hl=en-US&gl=US&ceid=US:en,University World News,0.0
Coronavirus: Trump moves to pull US out of World Health Organization - BBC,2020-07-07 07:00:00,https://news.google.com/rss/articles/CBMiXkFVX3lxTE1fSXpxT1lqcmUzUnNZNUY5aTJ5SEVDLThXMXhDeUQ0OGVqbGptUEJBb05rTXNma0l4MkFxSDgyQ3FQempsVExKanhhY1AyZUdHdUFyc053VmdKMmpxR3fSAWNBVV95cUxNczJGSF9rZlQtVFpIdEVxc3E0dTBKMnpxa2tJLXJVWDhyNGFEX29rbmpKX3lxQkp1eUR1R1NZTFlkUkZNU1VtM1dZb3B6VVloVVBEaGFBa1h2Qzd4YkRLVEZ3OWc?oc=5&hl=en-US&gl=US&ceid=US:en,BBC,0.0
WHO and UNICEF warn of a decline in vaccinations during COVID-19 - World Health Organization (WHO),2020-07-15 07:00:00,https://news.google.com/rss/articles/CBMiqAFBVV95cUxNbVZ0LTZPdUZVcEUxbG9ITmtqbGNRQjZLQS1FY0RfOEIyV1NYeVNMSlV4ek5feWpweGFobzkzdnFONjZmSGY5VnpJRWVTUlBrMWJNMEgzdjZidWt1T0twdVVKUXpXb0g5STVnVU0wNC14Vi1VbURlOGVqZU51UjBYYm14aWdVeTVMZFpXSVM5TEZZOGJBeHNaSDRJLXdmLXA4TWpaX19fMy0?oc=5&hl=en-US&gl=US&ceid=US:en,World Health Organization (WHO),-0.1027
George Floyd: What happened in the final moments of his life - BBC,2020-07-15 07:00:00,https://news.google.com/rss/articles/CBMiXkFVX3lxTFAzME04enItY0stcHRmRWdQRVpWN0Zlc1hvOTViQVZwWUhkQzUwTEM0NWMtdVNyejJwcVh2SGVmVlZlRFN1R2FsTkdhRXpYalY5VDNxdm5sVTVyOS10V0HSAWNBVV95cUxPcGg4bWJOLTV2VzF6d0JjSWlSNXRGS3NZQ1M1aUtiNjlqTmxWcUFEbGg4alh3aWVDS1FvQ0E2X2RXaThsYy1yS1JBQU1oMVllQVA5NEJhNlV1TlVIcnBXZ01KaUk?oc=5&hl=en-US&gl=US&ceid=US:en,BBC,0.0
WHO discontinues hydroxychloroquine and lopinavir/ritonavir treatment arms for COVID-19 - World Health Organization (WHO),2020-07-04 07:00:00,https://news.google.com/rss/articles/CBMixwFBVV95cUxNQ0toX2tyRng2R1dON2UxbV9Id1ZQTUV3VUhRSkF0RThjdVV4R0FjT3FmNjdQbWFWazhVUm9tU1RoeFNCdTRLSl9vdDF4blh0RTd2dy00QWV4Znc2VlVRZVp5Y3l0LVJINDZxUzMydzZnZGVicTExNjE4OUJZeW1ZQktJWHFuR1pzNlJxdXRRYVFIMkgzN19IVk9CVTVoY2w2clBwWExrb1I3aUdNTXRPYmJhNnBlNUJfakUtVWFYVWNwUGVKYk1n?oc=5&hl=en-US&gl=US&ceid=US:en,World Health Organization (WHO),0.0
Fertility rate: 'Jaw-dropping' global crash in children being born - BBC,2020-07-14 07:00:00,https://news.google.com/rss/articles/CBMiUkFVX3lxTE9uek9qN0s1LU02amVNbmI1Uk9rVWk4OThRUEdIeU92b0JyU3ZlU29LREFSYi1CTXlfY3ozU2tpa3FKV3AyaEpDc2xkcjN6aUdJZFHSAVdBVV95cUxQZUg4a2dMYWE5aVNTdDF0X0xYSFBxd3RMN0cyY3BNQzEzRG9mdFhrc3lJeUNtNF9YWFZ0RVp0RlJYNFV3M2dBMmhSSnc0TDctd2lVMktFM3c?oc=5&hl=en-US&gl=US&ceid=US:en,BBC,-0.4019
A guide to WHO’s guidance on COVID-19 - World Health Organization (WHO),2020-07-17 07:00:00,https://news.google.com/rss/articles/CBMihAFBVV95cUxPYUo3WDB5cnh5MExHZGFNanh2UjVBUk8tOUVoNEJkYnA0VWljVjJZLXZfSE5PZVVjQW45MFhDX0Z1ZFZyMUhzZG5Wb3RxY1pmU2JrdThuV21mbnhqRXZnY2NCaTA1OUxBeW05RDdENFlIOHZCbkZkcXhlOGd0N2Z5R0pjUnE?oc=5&hl=en-US&gl=US&ceid=US:en,World Health Organization (WHO),0.0
Azerbaijan protesters demand war after Armenia clashes - BBC,2020-07-15 07:00:00,https://news.google.com/rss/articles/CBMiWkFVX3lxTE90S2FPb2tDMkFMczZoQzIySkZGYm1mNlJEN3NCNFU3Y0pNU0k4cDZTNnN5aGJRaFF0a0Q3YThXbWlhdElhaU8wNzJmS3ZsanFQNmlUNkUtbkNwd9IBX0FVX3lxTE5PbG9RX3hhZF9PT2ZZbTJUWEc4YzBEZDVKREhodU9vZTBSZ0JhYVJ1V2dpazZRbmg1Q1BEbDZHQjhoY2Y2RTJWeWxJLVVHbS15bWVDSlVlR2dqaUxvSTY4?oc=5&hl=en-US&gl=US&ceid=US:en,BBC,-0.743
Hagia Sophia: Turkey turns iconic Istanbul museum into mosque - BBC,2020-07-10 07:00:00,https://news.google.com/rss/articles/CBMiWkFVX3lxTE10MFVTRmV5ekpWUmU4U3E1SjZtRjF1RkwtTGRpNnkxaENjT3BlY0J4dDllT2J2a3VsVEZNWHVjZm03TFVpUG9JZ192bUVIQktGVnpEaldHOHowQdIBX0FVX3lxTE1Na1lYSEJsU2p5T0gzelh1MlFYMlF0eHlyUEZ1R1VQdUZRNWcwWlJwM01LWndRMF9CX2k1V3lJMnRqRkVuWGhLYy00ZkFzc1Bhb0tFM01wdXN3cWdSSHNr?oc=5&hl=en-US&gl=US&ceid=US:en,BBC,0.0
Coronavirus: Why attitudes to masks have changed around the world - BBC,2020-07-13 07:00:00,https://news.google.com/rss/articles/CBMiUEFVX3lxTFB0QkFScTR0ekE4bXVOTXpJeVJPeEl6UDN3cEhKVFZzWnhndFh2WmJWemRPbnFvSEwydFlCRDJCNmFIdnk1Tk80ZG8ydmpIQ0550gFWQVVfeXFMUGZFSHpUWURZZGlsOENhaXhETmM3UEc2b0lnRDZiQjJrdmpKU2Y0QUFVMEdkMWNnc3ZucjZRQXFWbVFSOW1RaDJablc2N2pWWmNqT1VDWEE?oc=5&hl=en-US&gl=US&ceid=US:en,BBC,0.0
Atrium Health Earns Multiple Honors by U.S. News & World Report Including Top Hospital in Charlotte and Best in Cancer Care - Atrium Health,2020-07-28 07:00:00,https://news.google.com/rss/articles/CBMitgFBVV95cUxONHVHazJmX1JLRnB6WlNqNXdIQUhDQmtpYWV1TmpSMzd0STJZTXJiOVZXQ1Bkbl9Fdm5wLUg3NWdoUjllM3Q0VE9tTXlQbzJQWURwelpGNk9jZHJJdFhLeHNOdVpjal8yZE1rZzJVcURrNHcxWU5jRng3UnhIQnQzTVdUandUaWdET3NiSWhfZ3hnZ2llcEZKYXhYVktzaFRjamxWamJuRGNzeUxCVXQ3aGFEWHF5dw?oc=5&hl=en-US&gl=US&ceid=US:en,Atrium Health,0.7964
Seven countries with big (and small) population problems - BBC,2020-07-15 07:00:00,https://news.google.com/rss/articles/CBMiUEFVX3lxTE90WUhRX2tod2lRSUtYaUp4NDhYRkpUTU9fa19sS0VBdEpwNzVaVXo3NG1YYlh4cTNXNGx4TFlsTXliVngzREtxSVB6X1VXcVFf0gFWQVVfeXFMTjV1d2hlQld5NFMwVGVZTzEyZzRTdjZFMHlfRFB3WGlKMUlHV0ktbWpGZi1rekxpX0Z2dFh3U3JLR2FjUVE2Ry1QU1NRbVhmVWphUDZqeVE?oc=5&hl=en-US&gl=US&ceid=US:en,BBC,-0.4019
Five shocking passages in Mary Trump's tell-all book - BBC,2020-07-14 07:00:00,https://news.google.com/rss/articles/CBMiXkFVX3lxTE1oWXpiUW9HRzlydzR4M1NqbWZRT0dNU2wyQkdSNkNCanpxZ2lvTE1DMy1DYTRYTjNLaXppQVJFTTBRNzV3RnE1TWVqSG1hdEVtX29zM1VxeXRHbGpWR1HSAWNBVV95cUxNRW41RUZhdm5NUUpSTkdNbFk4SDRkRmVRYlo0QXMydHZXYVlJUW9TR2JHQWtrMUJjQXRkdmZ5d0lPTjNWWW5Ua2Nfa1hHMV9pS2hER1ZLYklTdVRRRlhiQ3N0MjA?oc=5&hl=en-US&gl=US&ceid=US:en,BBC,-0.4019
‘A huge experiment’: How the world made so much progress on a Covid-19 vaccine so fast - statnews.com,2020-07-30 07:00:00,https://news.google.com/rss/articles/CBMivAFBVV95cUxQUV83OV9EVkNCUU5OSUdZQjUzdDdRNXBHTkMxWEx3WXVjbkpFNHBzcnI2TlpwUGFwZExGTFBWMkdmNHJpdEZuTkRjNU84dWNqYWZLZHU1a3RndmttejljemQ0empKV0o1M1pTQ1Fmb1V3enNrV095enFQdG03LWRqU0o3Q09qMlRPNllidFh0dzZtZ2FESHdmdkJQOG9fX09MWHZubkZYejhtaHFwbks2dTgweHdWRTBIQjQwQQ?oc=5&hl=en-US&gl=US&ceid=US:en,statnews.com,0.6573
Brucellosis - World Health Organization (WHO),2020-07-29 07:00:00,https://news.google.com/rss/articles/CBMibEFVX3lxTE1vVmxPMXkwUzQwMFpsWEdYbHVHVlpzdG5UYmpHbWRfLXVweDQtZE02VVdreHdnU3VDdVVQWEtpaVl3OUJFcnF6aUJ3VklpbTg3MWxYaV9zY2FkQVRPQU5sTEprRWlJRWFzdDdHYw?oc=5&hl=en-US&gl=US&ceid=US:en,World Health Organization (WHO),0.0
Coronavirus: Why are Americans so angry about masks? - BBC,2020-07-20 07:00:00,https://news.google.com/rss/articles/CBMiXkFVX3lxTFA2emZ2RlJfbjhtUUlxNk5hTHVYSFZYbXRUcFJXZUxrV05rR2JLaGs0bXE3dmZjbnRMbFlsemZLc3lYNVJTLTFMU19vOFh6YUVBdUlPRVR4WWlhQlFxSWfSAWNBVV95cUxPUVI4UTBZRnNtNkdzZmZnZ3ItQWFNb3BGTGVaT2V4U0ttQzZYb1dLWDhOTWEtUjhCMVpKcEVJN1huX190WFFzR216ZFpOT1JCMnFwYVVOcGs0ZTg0N0pmbHpYaVk?oc=5&hl=en-US&gl=US&ceid=US:en,BBC,-0.6418
"COVID-19: World leaders to stay at home, in first ‘virtual’ UN General Assembly - UN News",2020-07-23 07:00:00,https://news.google.com/rss/articles/CBMiV0FVX3lxTE1zbC11c1pqZG5CblV4dG9TcF85b3NoYkNMTUh6dElBLWtLQmh4V0tmbGc1OFFUTm1UTUhTUWoxbjM4VzlWUWhuTG5mbW9lTkhLRTJlOUZtdw?oc=5&hl=en-US&gl=US&ceid=US:en,UN News,0.0
Shining a light on the quantum world - MIT News,2020-07-27 07:00:00,https://news.google.com/rss/articles/CBMif0FVX3lxTFBUaGRBaFY4ZDRVT1BfTDZIMC1vR25STHoxdXBMYjNkaDdMNEdXdHRzUFBsOXI3aC1NalpMMy1WbGIyYlBDSVFSWFp3N0JtTnhlcWx5b1k0Q1EyZ3gtaUtzOEJreFBqd21sd2ZLcnQ3VG1wbnpTMWRUYmR5YkRRelk?oc=5&hl=en-US&gl=US&ceid=US:en,MIT News,0.0
Mayo Clinic ranked No. 1 hospital nationwide by U.S. News & World Report - Mayo Clinic News Network,2020-07-28 07:00:00,https://news.google.com/rss/articles/CBMiuAFBVV95cUxOUXU3Nng3WHJ3V1pDZFJvMTZPQWdsSzVhdHE1M2tBY2taSlJJTUJVLWxWSElZTGxRUmJGT3BLNldQcnpfdzRSV1hDa2hSOWNCd1pVQlJUQndWS3hqdWNUZkllNlhDRjR6dXA3OHdxa2N3RWRyeHpHM25XTnVMaEtwUnl3am5FN28yY2llNkxVRDl0VGRHSWRBSEFDX01QQlBWRGJoY2JzSjY4U253MERHR3psbEhlTHRn?oc=5&hl=en-US&gl=US&ceid=US:en,Mayo Clinic News Network,-0.296
July 9 coronavirus news - CNN,2020-07-09 07:00:00,https://news.google.com/rss/articles/CBMiekFVX3lxTE9Ja1RrQTJMd1ZaVVhyZHVPOUtBN3BQY2tnUDRrLUpVQ0R3SHY5Q1ItYjg0VUZQTER0dVZXZ0ZENTRvektoalhDNkZrNXNkNHlDUmVYell3V1pRdUEzY1ZmaW1HTTJoclVKYjJhSU9ZbEF1RXdjbFpFajJB?oc=5&hl=en-US&gl=US&ceid=US:en,CNN,0.0
"Qasem Soleimani: US strike on Iran general was unlawful, UN expert says - BBC",2020-07-09 07:00:00,https://news.google.com/rss/articles/CBMiYEFVX3lxTE9haENGWGt3UVNtaURPbUJwWGxoQzkzREwydm1ONnUtbnRHUmgtWG5rMXNuZU9BN1pSYlNYYWVxbUhQQUdDeG1ObktrTFdLWGdRYmN5al9TSXBxWHhRdFpFadIBZkFVX3lxTE1QTFJ4dk8yTWc5WEprclFldTkxTkZqN1NCREliSnp0RUxQMEMybE9KTDc5YVBNOU5xVHF2QjhsNFlVMzZNNWZXaFdMakxqc283Wm9sQlh1dk1DZGZQRDB4TkF3cF93Zw?oc=5&hl=en-US&gl=US&ceid=US:en,BBC,-0.128
'My Nigerian great-grandfather sold slaves' - BBC,2020-07-18 07:00:00,https://news.google.com/rss/articles/CBMiWkFVX3lxTE1zcURjOUtvYVdQSENWRjlXQm9xN29Bb3oxTi1YVnBrVkhRaUJpSzlGbTJyTEZSUUU2V3pQWFh5Y3hCVHg0NnFBN3h3R1JBYWFRSGFIeVJFQ3VVZ9IBX0FVX3lxTE9iaXdqdHBBQ2tMcnRYUTBjOHd4cjUzLXFGeDdCNERtQ1R0R2R3eWtXamN0dHRISmFSRWJLV0pJTVNoVXFtLVF2bHc0cFFGSHpHQ0F2bmJHSFVMTUtkODRR?oc=5&hl=en-US&gl=US&ceid=US:en,BBC,0.0
France gives tax credits to news subscribers in effort to rescue sector - The Guardian,2020-07-01 07:00:00,https://news.google.com/rss/articles/CBMiuAFBVV95cUxNOTJaWWIwTV84M1ozSjZPRVRObTBCdVFhRllOYTNnaXVSYmcyaF9JNjdWS0ZoenJtR3JxX3hOY3FJNldTUU1HVDJRaGFaYldYQVB3TEZabVZmNXc2SUZWcmtQdEprcVBmLXB2Z1lNRDl3X1paQXJUTlJGYnZLNzNicl9JSm1ackg0R1VOOFZVenNzVVlpQ1NQamN2NnJDQTQ1Zk53bGJaRmtFN1FISXowa3BROVQ4ZS1P?oc=5&hl=en-US&gl=US&ceid=US:en,The Guardian,0.7003
Coronavirus: WHO rethinking how Covid-19 spreads in air - BBC,2020-07-07 07:00:00,https://news.google.com/rss/articles/CBMiUEFVX3lxTE9GOTh5Tzd0cUh6aDZCR29sQndUSEZORmpFNi00c2pBeEVnTUp6LXNPZkV3Y1JJZ0NTbkN5VmY4TVBtRmFWTEhEV3FRZXVFSTlZ0gFWQVVfeXFMT09ZUDFjZ3IxYkZDbHdSVlBIVG9HUmtNNFFublVJdzdIc2hCNGNPRGY4M2txdFpkVEtabkl3RlBJZlBTRF9Uc3NacEtqdTBvcFIwcDJSS0E?oc=5&hl=en-US&gl=US&ceid=US:en,BBC,0.0
What exactly is a 'Karen' and where did the meme come from? - BBC,2020-07-30 07:00:00,https://news.google.com/rss/articles/CBMiUEFVX3lxTE94eXdRRjdvV0VaYW9CZWZscnFSSkZGU3h4R0k0Sk9wTUwzb0Y1Q21ndU43U3BfdHF2ZmNzTGI2UWdVS19IS3BwUUl4UjM0X09w0gFWQVVfeXFMTWxoLVJrQjBlOHNTNjhJWUdWSGsteGdOcjJvazQ2eHpCRFkwYnpNM3RmdjlwUXlJM081ekNMVmVtYlk1d3ZyaUkzX0xlZVpRTkRCZEdHM1E?oc=5&hl=en-US&gl=US&ceid=US:en,BBC,0.0
10 things you should know about industrial farming - UNEP - UN Environment Programme,2020-07-20 07:00:00,https://news.google.com/rss/articles/CBMimgFBVV95cUxNcC1tOWdCbWQ0RnRZMkFlczR0U0VpYW1Pa1RwXzVmMkFJRTFpcVMwcEhxMXg3NnN2TnBucEl2Wl8zXy1tWEpFTFBSbE9NUDc5QnRGc0pFSk0ySUJyMVJtVTlRMWhSRC1wTDhEZWdFYkxkMW11RWZsM0xXMWQ2OHNpMFRzQkhuQkdGRnNzazBDbUJoN05RWUdVa0ZB?oc=5&hl=en-US&gl=US&ceid=US:en,UNEP - UN Environment Programme,0.0
Mayo Clinic ranked top hospital in Florida by U.S. News & World Report - Mayo Clinic News Network,2020-07-28 07:00:00,https://news.google.com/rss/articles/CBMitwFBVV95cUxPSUpGYldVcm5EaUs5X3oxekpPM3VWbGNTUkFqT1J0d0xvdktwNmQ1V0tNejFwdldVMlJEa3J2VEo5Ykw5VEt5aHJTZ0Z3X3ZGT0JISXFWbllLbktlM3lGMFE5YjRQWmtzSEhRWTNZN2VZZ2FBd2R5QnJlYm5PM18wM0FUM1daUHU3VDF4eF9wMy1TV0hCS1BNYkVDRFRTT0dzNEZDMzgzYWdXeUloWVhLd1hJTm1XX2s?oc=5&hl=en-US&gl=US&ceid=US:en,Mayo Clinic News Network,0.2023
Attacks on health care in the context of COVID-19 - World Health Organization (WHO),2020-07-30 07:00:00,https://news.google.com/rss/articles/CBMipAFBVV95cUxQMmhFNFluSmVVLXE3Z1pPY3Fmc3YyNTJRSGFhLWxPTl9DOTNCZ2h0TldabkdVNnFGYXZpVG1xYnlOS3AxdnRJYWlWZER1S1EzdHYtdkFBemtCQTV0LTc0U21RbFliSV95bW00cTZBSjUtMUpGUnVGcTdSSEYtcTV5c1JZcUhnZ1dROHBTNnRQSEwwV1RaamZoNmx2WVBfZVg1ZU9tUw?oc=5&hl=en-US&gl=US&ceid=US:en,World Health Organization (WHO),0.0772
ABC’s ‘World News Tonight’ Hits Historic Ratings Milestone - The Hollywood Reporter,2020-07-14 07:00:00,https://news.google.com/rss/articles/CBMirgFBVV95cUxOWWRhWU1pb2dzUHg1MTl5cW1oTHpHbm1LNFYwNzBCNjdLb1FuRmItb1U4X25aUG51RUFZLXUtT25FRlUxalAxckJkNHROcVhzV01Ia1ZETV9SX1JEaVJ0dVhMNHdhNlROQzVNbG9faWhsY0FDdkhicVl2aFl0WXYtNHl3eGU0RUduTGxyLTR2Y1dWMUxRUmpiejlYZWE2QXBNM3g3b09lYVFmb2VvQWc?oc=5&hl=en-US&gl=US&ceid=US:en,The Hollywood Reporter,0.0
Coronavirus: Donald Trump wears face mask for the first time - BBC,2020-07-12 07:00:00,https://news.google.com/rss/articles/CBMiXkFVX3lxTE9zQjMxRlJ4VXdTeklwSnRsckhFcnNGd0RMOVBsdC13b0d6alA5X0F0WnlNM3A0YW53bXNhYUFwSGZTLWN0alhwMzB0SjR5MEI3S0R4VzBYcXp6aXhxbmfSAWNBVV95cUxOWVFiM244Y05mNE10MW94bzFlUkgyd1lwRmlQVVotbjRJb1lhQjBwYjFyYm1PaG9LQUFDX0RlYUtFQ2luNlF5VmMzeUlGTXRTS25GbHg1TWpuRkthMjVpYklNdzA?oc=5&hl=en-US&gl=US&ceid=US:en,BBC,0.0
"Australia to make Facebook, Google pay for news in world first - Reuters",2020-07-31 07:00:00,https://news.google.com/rss/articles/CBMiuwFBVV95cUxQYm5sRVZDNU85Y2JiT0ZIc1dEVlhPenhndHZRNVY3NTVETjZMRnRXYnktcDM4cDBfQkxfM04xa1lwbTZsLWpSaTMwSzZiVlIwWnpQaWJ0a3pYNzl5U2txQkRvUG1EQlFDSTJVaTJQNHo5VVg5R3NMSXRqVVAwN3VwV09lU0Vzc2xOWkVaWmljVE1RaGJoR0p5eEs2bm5XTm9JclF4aUpDa2RIaFBfMTd0cGN4VEJuLUt4YUlV?oc=5&hl=en-US&gl=US&ceid=US:en,Reuters,-0.1027
Engineering superpowered organisms for a more sustainable world - MIT News,2020-07-22 07:00:00,https://news.google.com/rss/articles/CBMikgFBVV95cUxPdHRocjlvLXZkN3UzaU9XTUE5T2J1dEhQREVpTjl4blhnNHdNZ2EzUTM5bFRIZkJKSkNlb0dxTU5fS1NQTHFpemJLYmtRdzNZZWFTMXp1bmJuak54WmNqZm51LUxKWTZoWjlXS1JZVFoxTFBtOFR3UW8zMjUyQms0SlJFcTluNG5wX0pjSnBrQkFkZw?oc=5&hl=en-US&gl=US&ceid=US:en,MIT News,0.0
"UN report finds COVID-19 is reversing decades of progress on poverty, healthcare and education - Welcome to the United Nations",2020-07-07 07:00:00,https://news.google.com/rss/articles/CBMipAFBVV95cUxPb1lkeFozZXY2YnhCc0dZQl8ydDB6NjhtbWlHdjRYN3lYNjc5QmhYQlBNSS1kOVRrQVcwM2FYamduMERSQi1hNzk4T0stM3o4Q0NhdTBORE12X25LcXRZSk9PMWZYZlFwXzRXQVhqSEFQRUNJRVlyRTVNS2tpSXpWQlpXdURpVS1NV1dUTEttai1WWnIzVGNlWnhVcFd1R20wTlZKaA?oc=5&hl=en-US&gl=US&ceid=US:en,Welcome to the United Nations,0.6486
Russia establishes RBMK decommissioning technology centre - World Nuclear News,2020-07-23 07:00:00,https://news.google.com/rss/articles/CBMimgFBVV95cUxObnM4bXFjWEM3R1huSGZCelJvTGJPMUFOdWwzeHd3Mk9uYTl5LTVPU001WXBvaVlrR2s0NjNNZUxrZXh0cm83T3lFck9pSjRsdWtySFEwVWQteVd2bTVJMVlTenl4VjFjai1yZGhySE9leGFfZXRsa2JNbDRuakRiZ2NRbWtJbkxZTWVBeGllZ1ByZGUtX0FzQlVn?oc=5&hl=en-US&gl=US&ceid=US:en,World Nuclear News,0.0
Wayfair: The false conspiracy about a furniture firm and child trafficking - BBC,2020-07-15 07:00:00,https://news.google.com/rss/articles/CBMiUEFVX3lxTE5iTktDMkFwU2pLeGVvVGZmanhHem5ELUlvbTlUaTk0d0hOUUJESlk2OUpuSmNtaElfRW1scW5YdzJEdldaaUxMUVFfV0h2cmFu0gFWQVVfeXFMUE1wQ3BzNFdkcFRVMjFpY2tWRmpqN2R0VHZldnBQX0JfcEtqS0lFenpNeS1FcVNybFRyajNtdG5fOVRrM3c4UEJQZ2hRRmNncllQVF9ycUE?oc=5&hl=en-US&gl=US&ceid=US:en,BBC,-0.5267
How to feed 10 billion people - UNEP - UN Environment Programme,2020-07-13 07:00:00,https://news.google.com/rss/articles/CBMiekFVX3lxTFBQTko0S3FXQUtuUmhFNTNkWHdSSTZxLTdWYy1NeDRqa09jVHBpTGFKX3pKb2JOREVuWk94SjVTUlJyQkdweE5xZGthT2ZHcTdYOUg0TnZybm9sNEZJNGxhaW1DSWxpSTBnTTlqc0ZMem9MRV9EaHR4V0Fn?oc=5&hl=en-US&gl=US&ceid=US:en,UNEP - UN Environment Programme,0.0
World Population Day: 'No time to waste' in empowering women - UN News,2020-07-10 07:00:00,https://news.google.com/rss/articles/CBMiV0FVX3lxTFBMdTMybVduUDZFX0JZT3Y1YzhPN0VyeHVaUUI5VjhJYjl1TVF3MlNoeEpIcFJHT2ZwWjNiQTM2Zk9hSkg4OC1qcUg5eXFvZFBYNXNDcE1TTQ?oc=5&hl=en-US&gl=US&ceid=US:en,UN News,-0.6124
Donald Trump suggests delay to 2020 US presidential election - BBC,2020-07-30 07:00:00,https://news.google.com/rss/articles/CBMiXkFVX3lxTFBYSnktZ2wxUVRMWS1nb21lTGJ6SkZUUmF1dFkyZlhLM1c4WHQ3ejY2NWxrdy1vNGJhZVc5VF9vcUlRU2NmQWQ2OE40azFNcmNTV1N3d3RtVnVVcEVPT0HSAWNBVV95cUxPeHpTcjBsaVpjQzhHWTFpUmVGczdzYkxBRDBiMHNaaWJJdTdaLUpPWlAxQTBwRXRsMUEtdHVyZkxCY091cHdOZThhUDlaRTd3RG1lSjhpX1RnbGphTnhCS0JJdEE?oc=5&hl=en-US&gl=US&ceid=US:en,BBC,-0.3182
COVID-19: EMA sets up infrastructure for real-world monitoring of treatments and vaccines - European Medicines Agency,2020-07-21 07:00:00,https://news.google.com/rss/articles/CBMisgFBVV95cUxPVVl4RHA4Q3dfSHEwdERiSG5MaWo5YTNZWXpWNk1zeHZLTTFRcDMtcDdsSktTQWZZUGwxdHFJcUxfNS1nLU84RERQNUVWTWNvd3ZKYzVWNFZPZmNCbFp4MXdXN3JqWEp6a21PdEVWVmlCYVM4azF4bFBPWE5xbUZITXpGYWxQcHRCNzlmYkt2Q2pHeEdFeWZaS2dsdkRvVkc3NDd2TUdYQktRLUE1OEFWcG5B?oc=5&hl=en-US&gl=US&ceid=US:en,European Medicines Agency,0.0
Baptist Health Hospitals Named Best in Region by U.S. News & World Report | Baptist Health South Florida - Baptist Health,2020-07-29 07:00:00,https://news.google.com/rss/articles/CBMi1wFBVV95cUxNN1dnZFJMUlUxZFk4R0lpcXpnM0xJZWt0Z3FXczBKblQzUWJPYXA4NE5xT29KZjVnb2laZTg0OGhxRHNYWFgxNy1JcHBld0F0X1ZrLTNpaFJhcEYzek84cTE2NXAzbnZydXFqbDNQSHA1cTNCMVN1SFZCOTB4U2NUUzdJZWh2MllIQnc5dENfRFE4bVBud3hEQTVTZWZlajJYY0l4SEtxSGgwekd5cldNS1hlSzVlM1NjaTVMS2d2SF9CbEZFM2JzQXJqci1SajNsZG9CTEJBaw?oc=5&hl=en-US&gl=US&ceid=US:en,Baptist Health,0.6369
Xinjiang: US sanctions on Chinese officials over 'abuse' of Muslims - BBC,2020-07-09 07:00:00,https://news.google.com/rss/articles/CBMiXkFVX3lxTFBrSDBYT0RXVXpYRUZSUmFGTm1WM25KVGEzTXhPQ2VtV3VNY1JhOFhKZl9uNERLSGlHQVZmZnMyR1E5WGJUMzItTHdNTi0zMkNZbGxUc21RSFRVM1o2Q1HSAWNBVV95cUxPR3NoMzVzSDlHaWw2d1pHZkNHbktkdEx4blF1R00xS01UTlMzd3dSMTREekxPUmJRVFItVW9yNzI0d1BxX2dJTFlDYXNucnlQUEZ6TmpiX0tJaGU4TElrTzhIWEk?oc=5&hl=en-US&gl=US&ceid=US:en,BBC,0.0
How a Chinese agent used LinkedIn to hunt for targets - BBC,2020-07-26 07:00:00,https://news.google.com/rss/articles/CBMiV0FVX3lxTE8xQlpEb0xQTE8xUGNwcG5qM1dmMVVRSnllX0c4U2tKcGV2QTZkRWR5c1ZOMDlSS1NhQl95MEl6Y3o0YjFSUEZjOVFsS1RsbzFHU1pjM2pNY9IBXEFVX3lxTE4wbktVODJweWlfbFFIXzE0Q1hfZHBpZ0tEeHRiLVF6dU1tNFVzbG5HcG1ZbTQzampNa3ZJX195WnFZMlFBbXpteFR2M0FiMk5NTm1IczFKNHJUekVn?oc=5&hl=en-US&gl=US&ceid=US:en,BBC,0.0
US begins formal process of withdrawing from WHO - Al Jazeera,2020-07-07 07:00:00,https://news.google.com/rss/articles/CBMikgFBVV95cUxNMzN3U085S0dMUE5wdzZ1M1U5UkM4NkNzN0s4NFhkNFBkUjR2a0dSeTFpRFUxdFNEcG1ZRmY0Umt5U1RKU2tSaU85eWpueWo0SmtaV2VsVWttYnZNY1ZXSVZ4YmZwbDRyMGZYMGtkbkkwM19Ga21WejlkVTM2MDl3OHF6cGdvRjM2VFdlUzloN0tMZ9IBlwFBVV95cUxOaVIxSm9LOTN3YWlTT000NDlNLTNuY2F0eURRZm5CTk5JZmNjT3pzcEFkZXFtTGZlNXcxdkJ3NHhYRFlzMGItdEM4cW1ySTZ1bG1NakNveU5WcmM0UmhaeUp3ZUY0cHFVWFZJcmswREFaT0Z2YUJGMlN6aXRHYS10MmlFM3FWQnRpd01XYUtzY2FBQ1hjTVkw?oc=5&hl=en-US&gl=US&ceid=US:en,Al Jazeera,0.0
Hagia Sophia: World Council of Churches appeals to Turkey on mosque decision - BBC,2020-07-11 07:00:00,https://news.google.com/rss/articles/CBMiWkFVX3lxTE9pcmNxN2FCUm41NnBpQXV2UXZNLTBDQmhhQnMtYzNGYnY5ZVpyVEhQcy1ucVpzMm5YVkMwT1YwYjd0dnNjTGJEUWdLRkJiWUstWkQyRW9OLXhrd9IBX0FVX3lxTE9NdGVFTHA5cnJFUjlyQnpnVzFKZTFQRWk0cmc5QUkzOUE5TFI3VXM2OF9rU0Z5QlZGSFBIQXN3REREajJ1aU9lZms1R3I1c0txZ0x2NFUya2lTVU9ESGkw?oc=5&hl=en-US&gl=US&ceid=US:en,BBC,0.0
"US News & World Report ranks top hospitals in nephrology, develops special pandemic series - Healio",2020-07-28 07:00:00,https://news.google.com/rss/articles/CBMi0AFBVV95cUxOLXV6WDVkMGtGS0ZYZmxmWmxiSVgxWmZYN0VmaGwyVy1WQ05NdU5sN2dQMFhFZzJqSkstb3FiNEtLTmRRN3VXdTlqa2F0MTNqZkEwSXR2RHBzUGkzaHNhM0cwdGV2YmtsbUY4OHpYVWFLUGMxSVMzSlBLTnVnUWljVTBKSVJNdHpxY01EOGc5STQta3Y3S1o0X2JnZFViZl80b282MjNSdWpTRDZHc2hHU3JwX3RRVXlic0JJTnl5Y245MW5BNmpYTjFpQ3dHTV9i?oc=5&hl=en-US&gl=US&ceid=US:en,Healio,0.5423
Biden and Trump agree: November election could be corrupt - The Indian Express,2020-07-01 07:00:00,https://news.google.com/rss/articles/CBMiqAFBVV95cUxQamJpNGl6ekE4SFZ0Y3RkcFBheEhnOExoZGhmbFRsbkcwSG90WWp2b3V5RnVjMjJLMkp1QmtxWGtGckdnUjM5SG8waUtoQWN0cWtrYVpYRUltT0xUSzFLaGgzWjh6QU5tb2pNczhHcDhRdnBNYW1TS0lmdlV6SFRYMzNBalIzdjgzRmZSdmFfb0ZHb3lyclk1N29PbHd1VWJ0LWg3SVU3cmnSAa8BQVVfeXFMTmNjYkt6NlZHd04yV0J1dERTU1dXYUNwUjRQejVhbzNhUThIVFFndkNDSTc1NDAwRElxbW0yOVIzWVAxT1pHVjQyUnM2eXZvRXZIQlBuU2lKNWsta3JFOGZOZlRVRlVkSklLOHpZRWJ5U3M0dXVMcW1aVnQ4MzhxWEljX2hXR3JoVXdsMHRBbEZyd3hRMkQ5VDRjZ3N4V1l6eDRMbEFNTkRQb184X2puYw?oc=5&hl=en-US&gl=US&ceid=US:en,The Indian Express,0.3612
"Coronavirus: Zimbabwe arrests 100,000 for 'violations' of measures - BBC",2020-07-19 07:00:00,https://news.google.com/rss/articles/CBMiWkFVX3lxTE00VENpZEhaV1N6djItMjJFYkNtMWhMLU04VWNtUnZFYTJXa1Y1cDE5RlIxenA4S1NDS2d5S2MwSk5maGMxd1lPWDlua1hteXVKVkdpcVlIWGluUdIBX0FVX3lxTE5sTUxFYTN0dzh0RFRYMTdDOXdiUU9SZ2U2bmQ1N1E5Z2tKQlhmNlVDdzQtM2JNWHFQNkZsV1pTNS1CdTNEeGQ0dEQxN0ZlMHZzamxBSGlDR0tqT09ia2dN?oc=5&hl=en-US&gl=US&ceid=US:en,BBC,-0.4404
South China Sea: What's China's plan for its 'Great Wall of Sand'? - BBC,2020-07-14 07:00:00,https://news.google.com/rss/articles/CBMiV0FVX3lxTE9uNnpwaVIzYjdtR2R5UzFyRTZrQ0VmZGQ3UnZLMDJnOVhqUkZkSklab0RaS1hUaUFGemp4Rm1qMElOSGZFMUFXXzRHVVh0bGJINnJSVkNzONIBXEFVX3lxTE1fQ0d2cmVicDQ5QkVSblI3dXNEY1pRVHQ4V1ZCZkttWnNxZEtGVFdRd0FZbURjaWJia0FnV05zYXJsZkx3Y0JTZ19jeGpqWi1JMFpSWFVncHpSRFdX?oc=5&hl=en-US&gl=US&ceid=US:en,BBC,0.6249
"The earliest Americans arrived in the New World 30,000 years ago - University of Oxford",2020-07-22 07:00:00,https://news.google.com/rss/articles/CBMikwFBVV95cUxQYW8taFdibDBvcHljNzNBTEYxYjZTaER0WjFYMWJiRG9NZXBFTGlYbHFjZ2JMNXRhRGNsOE01RU5hdzhnVVgyb0RCOG9DNlJUS2VxQXFHM3F2OW9sQXctaGNEMVBaeDZJTmNLQTdtNUVZRnNtTWxUWHY0VC1EdVRvMndQTi0wMjFROVdrakNpZ25sWmc?oc=5&hl=en-US&gl=US&ceid=US:en,University of Oxford,0.0
The shifting geography of Covid-19 in US - Hindustan Times,2020-07-01 07:00:00,https://news.google.com/rss/articles/CBMitwFBVV95cUxPWHQzdTBpQ3JsN01kWFBId1hRTVNUVXhRcGQxaFJoZ1VQZ2tEVms1QmxNRmN3aEwzRS16SDdWV3drT19oY0JTVnRpZG5ndlQ4NG4tOVQwaFJmYloxZWlCUmc3VDlXVmRERG1fTlFQUmxPRk1qblJMaXlrSEVYS3pCRXF0eE5YRHZMZW90dnZ2QU1YN1JnSHRGZWxIRnFTYk5QMlMwYWJISTM5TThQQi0tVDNGM1JsbmvSAbwBQVVfeXFMTjM0OGR0VEhQb1R4MWwyUnNpRlIteWZpX2djUkxhOVVEeUdpdWNUTFZoTkhHZ3V5Ui1DVjhqVVdHcWh2a0pGVVlHd29RNGJmTC1uWlFLN21INXRxUm56Tkp3YzJRbUlrSFYyVHZiYk4ydmVmSTFoR19Fb3lRRHF5ZUlWYUxOZ1IxMTNiMVVHUVBkSURBMEkydXMzQTJnZWIxenk0cGRGZFBSUTRjZnBDT2U2ZjFfYjk2R1BxdDA?oc=5&hl=en-US&gl=US&ceid=US:en,Hindustan Times,0.0
U.S. News & World Report: Having Surgery? Expert Advice on How to Prepare for the Best Recovery - NYU Langone Health,2020-07-22 07:00:00,https://news.google.com/rss/articles/CBMipgFBVV95cUxQOGhPQnVOMm9WZ19yVDFKa3R4Rm1IbHR3WVlMUkp4UU5YUDRVMHI2VkFOY3ljMm03dVlNM0F2amt6VnZPZy16dklJNGpXX3dvTVRvRERRX3RSd0YxZTNwM0I2NS1NSENyT0h1akZlODF4X21pWTE1elVEbkpjSGNoMnhWWklqel9WZVROQ2JpMVRrQk9GdVRqTy02Zy1XdEpqQkgzSmRB?oc=5&hl=en-US&gl=US&ceid=US:en,NYU Langone Health,0.6369
Churchill's legacy leaves Indians questioning his hero status - BBC,2020-07-20 07:00:00,https://news.google.com/rss/articles/CBMiX0FVX3lxTE9XYjAtT3JhWldKVWJtLXQwRmdoTS1uMlJzQ2s5WmNxby1FbVk5d3RvZDVjQmtqbGI5aURNWnB5RmtuTGcwQzRHSjY4c1JnTVpKTUZvT1ROV0xJbGpUQkh30gFkQVVfeXFMT19ZeEZaUS1aOXRTWmM4d2FrV1NiVWpqNEk5dEowRjZSZ3FlRUxoZDdqWlp6Z1pjdURBWmxnZWFlZlNYMnVQOFVVSnV1RXBVZWVZb0FBY0tYd2oxQlNEcTU3cnMzYg?oc=5&hl=en-US&gl=US&ceid=US:en,BBC,0.4939
ABC's 'World News Tonight With David Muir' Hits Another Ratings Milestone As No.1 Program On Broadcast & Cable In Demos & Total Viewers - Deadline,2020-07-14 07:00:00,https://news.google.com/rss/articles/CBMiywFBVV95cUxQb1hoTjdLdU9XVkw5clVNcEU1cmJSSnVJRC01RDhHci1ITjhsYUZUZThMZFBxUGc5bnVWc3dzQ1pPcWhmRGJRd3ExaTJYOWZwRHkxbmN0cVFPd2xJeWV3YTNFblMzUHZSVXRrMFhQUFhaMGZZN2tRUzF2SUJqbTZ0QmdLTmFqbWdVYlhjdk13WGlZRnVWa0VkRXdrWll2TkhvZWlrZHVfaHg5azNSRVBxRGRycVRELTh4RGdfdnJPTGx4M1lNYnpWOHRFWQ?oc=5&hl=en-US&gl=US&ceid=US:en,Deadline,0.0
Coronavirus: US buys nearly all of Gilead's Covid-19 drug remdesivir - BBC,2020-07-01 07:00:00,https://news.google.com/rss/articles/CBMiXkFVX3lxTE0tWXZ1bnowbnZobmo5R0hKV090VDFvUVJaT2JqUHk1cUZpbVlkV2tnQTZkNmdWUi1YRHR5NGhORDNGX1FsRVl0TTl0QjVnNEhqNGhtalZ1eTV1eDJlWnfSAWNBVV95cUxPSVBuUEotY252TW96b2szRHQ1akl4VXhHOUxPRHZBcDNIMHRScG9zY3Rfbkx6bnJnQXR2VVJ1ZEtRSzZ1dVE0RGZ4cTB2bkhEYXY5cm8xVC1lSW1la2IzSUcyRDg?oc=5&hl=en-US&gl=US&ceid=US:en,BBC,0.0
U.S. News ranks Emory University Hospital No. 1 and Emory Saint Joseph’s No. 2 in Georgia - Emory University,2020-07-28 07:00:00,https://news.google.com/rss/articles/CBMimgFBVV95cUxQZERickViLVJOM1VDenYzd3NNdUpPR0ZSOWtiVUtsYWx5OEF6MnN3R3pnZnlGM0VlU1lTLUxZTGNwb2pnXzVrWENMU3lpek9rRUhuX0dLTVFDWGVUQ0trNXdVUzZWbGpoNEpBRHV5TV84ZGstdmpId2RKaFduaExJbzlDQmtBYjlYRVVhc1FhTXFJUUFFX2dwY293?oc=5&hl=en-US&gl=US&ceid=US:en,Emory University,-0.5267
Public health considerations while resuming international travel - World Health Organization (WHO),2020-07-30 07:00:00,https://news.google.com/rss/articles/CBMirwFBVV95cUxOQnRWWTBzb3pVMHZNdkphY3NrYjYwOUVWUkduX3NHaF9QYVVhUzFwY2F3VTZTVFFrbnFOclJwS3ZsYU9GaV80TUcwNmhJbHZuMnRmODVfaXRLeGkxTlpWWG1lYklGazhXV3hsUDBLdUFidXc2cWl2MDV5NmxzRi16OUdPRm9vWlEzWHNfTVRhM0R3YlZWRjZzdDFRN2FOaUw1RlNzLXctelp1WjNXMXZz?oc=5&hl=en-US&gl=US&ceid=US:en,World Health Organization (WHO),0.0
Coronavirus: Japan's mysteriously low virus death rate - BBC,2020-07-03 07:00:00,https://news.google.com/rss/articles/CBMiV0FVX3lxTFBmNGRRY2Fwa3NtNTFoVUNCTmxwdWxzSWVrcWtJdWluRER5WWVmSFl2ZGpSbHZGZkRUUGFFUHhySzJrUF8tNHoxM3ZySi1XaEw5dkx4eHpfONIBXEFVX3lxTE9rTFZFZGN4a3VqeE5PRmVNeTl4ejVkbnZtX1djMjZwa1l5OTBWbzhSUjhZd1NXeHFQbmpkYXJEdGhmcUxyWlJxel96ZktpdmVmSEVlVEVzUnVlOU1x?oc=5&hl=en-US&gl=US&ceid=US:en,BBC,-0.7184
"As more go hungry and malnutrition persists, achieving Zero Hunger by 2030 in doubt, UN report warns - World Health Organization (WHO)",2020-07-13 07:00:00,https://news.google.com/rss/articles/CBMi1gFBVV95cUxOMFE4NkNZLVFneGVXZVF1TUJPYkVfYjA4RkhKU2JVdVF3eDU0SXZJSzlCeG5oMWt2SnBWLTdyUl9IQl9yWm51MnpUX0JUa1g1X3VsTktoX3NuSVB3QkVndm5reE9PMUl2M29IRlM3aHFKS0MwRk0wUi1oc1lCdlVORDUzS2J0Mi1aQTFZckQzeDFZQ1pxalJtOU9KcVhMc1RXb21oWUxOQVRncDZNY1NWSXhfQWI5M2ZTbE1wc2UtUkVWSUVZS05UNE45dWxveEVtY2RUUllB?oc=5&hl=en-US&gl=US&ceid=US:en,World Health Organization (WHO),-0.5994
Religions for Peace: Hagia Sophia meant to be shared with all the world - World Council of Churches,2020-07-24 07:00:00,https://news.google.com/rss/articles/CBMiowFBVV95cUxNNkZuMmhMUkJ5Q05pZ3doWWFjQVVmSVJMZ1RtRVFQTlVCRlVMMWd2ZlY0VFRjcGZvZ2F6U3hpdFFLclFKU0tiR2M4YkxTWHVDbUJLVlZab2tpbjZ4UnVKZHBCdkJROHV6UE0temowUTMxYmZtbkE5S1oyX3hVWmxiWjBiUUttWkl0Z0xEN1R3TFFmV2ktRlVfQ3E2YXQ0aVZURmtV?oc=5&hl=en-US&gl=US&ceid=US:en,World Council of Churches,0.7096
New report shows hunger is due to soar as coronavirus obliterates lives and livelihoods - UN World Food Programme,2020-07-17 07:00:00,https://news.google.com/rss/articles/CBMipgFBVV95cUxOeUtIOHhEWlprZWJMS0NUVU9CYjdVS1oxZDdNZzNfRWFtMWJ0b1VvMFJjYUROWEVpTzZtNnRXSEl6Q1B5bWVYTUhUVzVHdnhRODc1RlNhVEVQNFNDUWdRUHVaVmVISVd0U3RMUk4zSGhpNDlMUnd4ZHhGY0RwNUFQSWZURFdtS19mY2pmOE1jN1g2NzJaempCeHRISnUxTzhoQWlfdDZB?oc=5&hl=en-US&gl=US&ceid=US:en,UN World Food Programme,-0.0258
Tsunami of fake news hurts Latin America's effort to fight coronavirus - The Guardian,2020-07-26 07:00:00,https://news.google.com/rss/articles/CBMikwFBVV95cUxNNW1oMmNNZHJBZ1JVYU1aWnUtVkwxcUxUYnFvNnFyaXVxYlk5WHV3bkNWOW9DaE9DMWNlYU9DSFNicFdjamN1RXliM1pRVkk3V3RGeDAxRVlmekxQZDBaRDZ4a1prelBYM0hrdWRCVEVzUFhsM0ZndGxxWUlXZGFjc0ItaExzNGpWbGVjTHBzWVBqQkk?oc=5&hl=en-US&gl=US&ceid=US:en,The Guardian,-0.8316
Coronavirus: What are President Trump's charges against the WHO? - BBC,2020-07-08 07:00:00,https://news.google.com/rss/articles/CBMiXkFVX3lxTE1rdlFvSjQ3b1h2NjFDRHRYUnhiQnZIVUFtcm8xSllILUVpRjRpS25WNURxREJEajFFa3VXMllvdnVVZHhka283aWxfVDRGWHVNTHlsMHJOQXRZWDhpVXfSAWNBVV95cUxNbjdrZFBwc215Z09HVUd6UHJHMUtUNlppSV9PTGVDb3pQNjhFOHVLUHVBMUlmVlN5VWhOMEZMVzJ0X2RjcFdEQzExQXU1UlA2c1hCUGVGcnZ2aTBZNFE1VmljV3M?oc=5&hl=en-US&gl=US&ceid=US:en,BBC,-0.2732
Stella Immanuel - the doctor behind unproven coronavirus cure claim - BBC,2020-07-29 07:00:00,https://news.google.com/rss/articles/CBMiWkFVX3lxTE9wNzlhLUhaa2Z1cE1JUVFfNlZKZWlpNm5Wcjgza2lJM3lwSV9aUVBkU2dJR0FQNS1Bb2JUZmFzRFVobnBZWFVpYV90ZFZqM2R1WUhzSEdKMU5jd9IBX0FVX3lxTFB4WHVLa1FEQ21uOS1jTkRycnpnVmZDcmxxQTZwaGxIRzZBME9GazFycEJkUGZoMGpYclYyRG5NYmdJd0U3MHpkY181cFcyQXNYdlJXSUZXbUQ1a0w0ZExJ?oc=5&hl=en-US&gl=US&ceid=US:en,BBC,0.0
"World’s poorest being pushed ‘closer to the abyss’ of famine, warns WFP chief - UN News",2020-07-17 07:00:00,https://news.google.com/rss/articles/CBMiV0FVX3lxTE5LWF9mQVRGeVFsUHZYTVRlclBEcXBGZXYyeXAzZzlmOUxUb0ltQmo0eklwNUg2WXA2OWFSeFdpcTZIUkRNTjZxLXNHM1AycVB6WHhBdlRJNA?oc=5&hl=en-US&gl=US&ceid=US:en,UN News,-0.5994
U.S. notifies U.N. of withdrawal from World Health Organization - PBS,2020-07-07 07:00:00,https://news.google.com/rss/articles/CBMingFBVV95cUxPUHRhVmlGSEVGN2pURlktdFZDWDNTOHFuMzNHTGp3d29RNVF5ZHdSVlpucWlBc1NlNGtIaXYzSVNfOVZ4U3BpT0NlaF9vYW5JS21RUTdQRDFQc2dIWGczZDdjSTdOYXBBYXZZQTlmTXRKWi02STN4bi1BdFNFS0NqNVUtaDV4ckNTS3UwSDZLa2ZjZmR4X21PcVpaSk8yUQ?oc=5&hl=en-US&gl=US&ceid=US:en,PBS,0.0258
Nile dam row: Egypt fumes as Ethiopia celebrates - BBC,2020-07-29 07:00:00,https://news.google.com/rss/articles/CBMiWkFVX3lxTE0yc25GVVVHdGR4U3p3WkdoTnVxUy1QVWFMWmtYVXNFcHRwV3VPQ0g0WVAwRVFHUkM3ZHZ6azlJUVh0Vno3VmprVFBMUENyOU96M19TaGZBUXJVUdIBX0FVX3lxTE1YWF9VSXBBUHp3b2hsaFhoZHB2QU5QNDc2b0U1cmgwMjNJcUVTcEFHbFVsOXUyaVhDX0ZMUUhxdlZLeTB0MV8zQ3lVX0hXSkMxQ2g5Z2hlREVhZjM4YmFz?oc=5&hl=en-US&gl=US&ceid=US:en,BBC,0.5574
Bolivia's President Anez has tested positive for coronavirus - Times of India,2020-07-10 07:00:00,https://news.google.com/rss/articles/CBMi1wFBVV95cUxPSTB6UGtVZ3pXY3ZxM0ZaQ2NYTGtqVllURkd6YnNlQ05veVdZeDFKdDNZRGloYnFPZDVmUDZqM0hBU3o4MDhHQXBHNUoxXzRGbjZjZjB3VzFSZmFwN3dUZHFXTndlTXNGMVNydk15LS1UZjFZR2tDeEVRMDlVNmg0eVM0YXV3RTlvSWRlZmxOa1BXajJYSzlvU1ZEbHVETzV2UnRrTUFNeU40eUdDeVFKSWVUZUtmWVkxVHlKNFJCcFRRbE9Vd21lanFMNjdoQklGTnF6ZW1QRdIB3AFBVV95cUxNeXlBR3U0NTBWcGZ6TFB1Vy1aRnhDeE41bDViMGRqQzhVVEhhSEVSOE0wblB4OE80VExiNnk2Yjc3X3dHRklQZHA2Q1BocElPbWVURktVVml4RkxfM1I2QzRSdTNkbTc1aDg1bkMtQ0EwMm1rQS1CdjlsRUNwS1NIZUhnY0pWRHlzN0hNM3pnQW1OdlZPejM3TGt0SzUteF91WlZWdmdQRTFtR3pyQnk4a1NiWHcwakx3d0hXc2hLTno3SVpfS1ZCbWpKWnVPVGVWVDF3N3VkUDIyd25j?oc=5&hl=en-US&gl=US&ceid=US:en,Times of India,0.5574
2020 News items - WTO issues latest edition of World Tariff Profiles - World Trade Organization,2020-07-06 07:00:00,https://news.google.com/rss/articles/CBMib0FVX3lxTE5RdDc5V3BSWnpjdFJtYnZYSEVKU1pLREFVWHVlcnoxNDNSMTVXal9HM3ZjbUVhUTRDVEk5b2FKOWxOck9rMGQxemw0a1dxR0Y2ZU9jVzlwa1NPcDJDRjZDX0JsN0FLNVBSb3Jtemlqaw?oc=5&hl=en-US&gl=US&ceid=US:en,World Trade Organization,0.0
"South China Sea dispute: China's pursuit of resources 'unlawful', says US - BBC",2020-07-14 07:00:00,https://news.google.com/rss/articles/CBMiXkFVX3lxTE5aanNnTldQUlRISy1UTkt5U3M2V0Vic25TNEtxbXNiWVl2SmFrRWRmbjV1UGc2cWtiejhEa3c3OWdfSW1VOXZOSDAxNmhScHJ2UVI3LUJFQk9jb2RMc1HSAWNBVV95cUxOQ05xaVp2V09lRkJBLWRxVE1zdnI2S1YzQkp4X3VBSVBxRGVHYmczb0MySUhVbnZ2QXloZWNCcjdWQngxU2M4LVVFZ1pSWXpXY1NpQWVnNEI0dUM3b01ERGFMMHc?oc=5&hl=en-US&gl=US&ceid=US:en,BBC,-0.4019
Coronavirus: Donald Trump May Be Only World Leader To Address UN General Assembly In Person - NDTV,2020-07-31 07:00:00,https://news.google.com/rss/articles/CBMixgFBVV95cUxQaTNwa1NCMXZKYnRiWVZOanVfaEFpMVc4RjZXSVhHMmJRa1UxUUd0SmdrLTQ5aWdUTjVsWUxMWVhJbWxKdkVMVjhCSDkzSVNLVjFraVdhT3VqS2RKVnBKV0NMc1lnckVSY3hBeExieWJCRm05TndDV2lURzRpWVJVQzA2QkdDMHJtcVpiWUZwU0NzWFFnVkNBTTllTVpYanJldXphbVBCaXJGRVFGYU1DTnE3T3A2TW1DYlFSR0x1TTRUNUZVQkE?oc=5&hl=en-US&gl=US&ceid=US:en,NDTV,0.0
2020 ICC Global Survey on Trade Finance: Securing future growth - International Chamber of Commerce,2020-07-21 07:00:00,https://news.google.com/rss/articles/CBMid0FVX3lxTE5kQzl5V3ZFUjRvbmFtZllxY2lINmdrR0hITHlpYW5EakI4YnQtU0JFNGVTRjhrVDF2VjdrSm9aSkJnOUFRR3hFWDZIdjYyRmFzcVZZUVVoWEhzVWVPSm9nVk5lbVloN28xR25YemNLcVlkOWxrWDFZ?oc=5&hl=en-US&gl=US&ceid=US:en,International Chamber of Commerce,0.5994
Finland's air force quietly drops swastika symbol - BBC,2020-07-01 07:00:00,https://news.google.com/rss/articles/CBMiWkFVX3lxTE5JSEVBR1RTMjVESVNXWHZidzdGWmdJLUZDanc4dHJDQ1FfV1ZEN3AxLXhyOUFlZlQtLTBVWk1QQzBycGxjX3Vjajdoa3daalRkc3dnaWhUZ2p4UdIBX0FVX3lxTFBJSDNMRWw0RnlqU1NxRHpwd1dETHNGeG52RmRrMkRZdy14STFJME15S2FfUVQ2OVJFcHJfbG1SQlpJeXY2MjE5RnZrVXEtb0V2cWJBNVFYT292UVBDMnZV?oc=5&hl=en-US&gl=US&ceid=US:en,BBC,0.0
Hachalu Hundessa: Ethiopia singer's death unrest killed 166 - BBC,2020-07-05 07:00:00,https://news.google.com/rss/articles/CBMiWkFVX3lxTE1GMDJPS2NScXZSRmNzVkJobGYwdFpMUFlweXZ1MDhzNDZaaFY2Z0Q3UnY4Q0luUFJQLVBYQzJSdXRTODkxUmtNRjA1ZHdFSjgyT0gzSjJjaDZad9IBX0FVX3lxTE9XcXJ4NmhWZFJfZ00xMm5PMDVvM2pBT05JV0c2aDR3cE5tWnVQb0QxOU41TGVuWmktZXBGYUFJdU9ZOXZKYko1RFE5TGREaFJCVGRCVy1TTWI5X1gwTXVF?oc=5&hl=en-US&gl=US&ceid=US:en,BBC,-0.8555
Putin strongly backed in controversial Russian reform vote - BBC,2020-07-02 07:00:00,https://news.google.com/rss/articles/CBMiWkFVX3lxTE5pcjlXRlRPOFlqYWJCMVF2dkpBTGdYWXNUdXF1VXRmandwMXQxUldYU1h4M2RFZFg0ZlBxSUpsaUdmNzF4dTVEV0RZd2xJTkFsOXgzazlMWjBpd9IBX0FVX3lxTE9UbHVOWER5ZDhRVkdRclo5cVhVbDhJTVVOdVZSNlZTNjBtaVFpVjF5MjZQSnp4Um5SbFVfVmthU1hXcmhHa2VMNkZCRUQxQWwwRUpBcFIwTEVhY2dyc2Zr?oc=5&hl=en-US&gl=US&ceid=US:en,BBC,0.1027
How did New Zealand become Covid-19 free? - BBC,2020-07-09 07:00:00,https://news.google.com/rss/articles/CBMiV0FVX3lxTE1JalFUQ1ZnX0R6TVZUR21zY0J6azJOaHU0d1dTUDZIbHo3ZUVVSm1GeE5keF9BX0hnX2M3LXNtdzhNTWR0dHFTU01qb080NFU3OWUzRmJ0ONIBXEFVX3lxTE9jSXRRcExLQkZ6ampQd09uMDRSWUhLamlWWFJiRXFCVEtaWEVCakZ2WUM3dEhRenU3MHFZZEdfOTNzaU1jd055WkI1QXRwd0lsYzdNWk5kOEE1M05C?oc=5&hl=en-US&gl=US&ceid=US:en,BBC,0.5106
UT Dallas Competitive Programming Team Shows World-Class Skills - The University of Texas at Dallas,2020-07-15 07:00:00,https://news.google.com/rss/articles/CBMigwFBVV95cUxORTVEb3ZhUkJZNENHc3E4QTVleUp4ell4dnBRV3dub3o1bGpVbmFpRWZLQ19qNmxJd0FuYXdFWnJEOHJPZVlkamFQNjVZWldoYzlhM3FhOFAzbEI4UDZuZXMxLXRPYmNWVkVjcHIxRUdFZDlkTTdBVWRlRVhPbENIdVlCQQ?oc=5&hl=en-US&gl=US&ceid=US:en,The University of Texas at Dallas,0.1779
"Is teleportation possible? Yes, in the quantum world - National Science Foundation (.gov)",2020-07-06 07:00:00,https://news.google.com/rss/articles/CBMic0FVX3lxTFBQaF9sUTI4T1lXMDFrbXhUU3pZNHY2RFVoaTZ6al9uMWV3VkJVQUZvVFM0aDFaUHg3ZTl0VGVFOWVwZHNtZ25VVHR3T0pTdmlCZDdqRjNGNk52dFZWMC05MkhLVUR4WDBXbVpLNUVyZ2xpbTQ?oc=5&hl=en-US&gl=US&ceid=US:en,National Science Foundation (.gov),0.4019
World Hepatitis Day: fast-tracking the elimination of hepatitis B among mothers and children - World Health Organization (WHO),2020-07-27 07:00:00,https://news.google.com/rss/articles/CBMizAFBVV95cUxPY0x0azMxSjFXNjA0UHhpazI4WWFRcnZnbUszTWJpZzRodTc1UDRxVDJVVVpfZ1dhRnNFQk9xU1V1UkhZU3NBZTJSWW5xVThTaklpUmhYX2FaSmpDWE03Yk5tUERqSExCS0wwVzdyX1Y2VTRyWWpEbWNHeW9VRk5TQUIyQzFQa3IwUU9GWVUzaG9QSHZXRjAxNXYzN1FGQWpmM0h1RlRYbHlhYTE3dlRIeGE0b0RuemdDUk9JeU1ZM0kxbmc2TWRmV0taOU0?oc=5&hl=en-US&gl=US&ceid=US:en,World Health Organization (WHO),0.0
Libya crisis: France suspends Nato mission role amid Turkey row - BBC,2020-07-02 07:00:00,https://news.google.com/rss/articles/CBMiWkFVX3lxTFBXRDlGajFSbW9kaktqQ055Yk9CeEM2a2pxZE5GMnRxS0JUVC1oZzRVVEYxek81clkzbno5MHpGRWFqWVNJc2JhSU0tZzlMMXJQamZ3UWVaME9hZ9IBX0FVX3lxTE4tZzc4QUk1UjBjZ0M0NGFsamwzVllkS09wOTVwOUs5ZU04UjVNR2QxWUQ5dDMxbEp1dEYtNTAtM2t0QjdyT3dLaGUySUV3MDF6aWFYTjU1LXYyUTQ5MUQ4?oc=5&hl=en-US&gl=US&ceid=US:en,BBC,-0.6249
Coronavirus funerals: Sri Lanka's Muslims decry forced cremation - BBC,2020-07-04 07:00:00,https://news.google.com/rss/articles/CBMiV0FVX3lxTE51RXFRNlZlWHNaNnhudUg0QTJwcmVyQldFUlkzVTVmWS1zbkhvcnBsdUlPczVWNFR4S1BrNFU2YnpiYXpfcHMxaEM0SmppU2dxRWtUMjhRWdIBXEFVX3lxTE1zZGV0X1gyLURTWXF1U3RSV0hubk9HT2Z1U2xOZHFyQVBCZTBaMHBqYXZuVHBQUEtxVFFzMEtvalcxN2tLMXF3UzdpTzRoRXhhLWtfYUtiRzhBejlt?oc=5&hl=en-US&gl=US&ceid=US:en,BBC,-0.6808
Tesla overtakes Toyota to become world's most valuable carmaker - BBC,2020-07-01 07:00:00,https://news.google.com/rss/articles/CBMiVEFVX3lxTE1Uc3RuelVIRkdqM0h5UEUzU1FheDdzdy1tMGtIbUNuMTYycHU3UFBPSkxEWVFhRjNZWkQwbF92X1pCRU9mc0Y0dWppSHNmbU1MZ3RLedIBWkFVX3lxTFA4UHZNTWVXWEpocFdRbjZ5cmdsYXN6WjBKbGZfWi1vMkdMSW56LWNjbHpCb3RoT3IxTkJzVHdLRkJqNUV2Qks3bmxGcHcySDFtdzhhVzhudXZjUQ?oc=5&hl=en-US&gl=US&ceid=US:en,BBC,0.5256
News - The Hero of Signal Mountain: The Army’s Last World War II Medal of Honor Recipient - DVIDS,2020-07-15 07:00:00,https://news.google.com/rss/articles/CBMipgFBVV95cUxQVmR6UjRfRW5nUy1ZM3hrY1lja2xoN1pscUhkeEF1MjA2VFluM3lWbmtPdm1zZVVOcHczTWtTTG9ETDFQdnQ1RXNCSkh4U29PeVVhT3pYRXNqdUV1eVI4VlVkNmxTUkZhdXpQdWJZeEx1OW9QY3FaM3dXYjdVTWtwYWJjMlBMdkJOckdpQmZoNDVxb1FSR0w5LUZvYUg4d0RndFVyc2dR?oc=5&hl=en-US&gl=US&ceid=US:en,DVIDS,0.7184
OSF Hospitals Nationally Ranked by U.S. News & World Report - OSF HealthCare,2020-07-28 07:00:00,https://news.google.com/rss/articles/CBMilwFBVV95cUxQeG5wLU1TMUpGUlJXeTFLVWlBTVQwUjQ5V0R6UzJBMV8yc2Q4REJnRVlYMklMUnI4OUdNa3lSdEx0aHRwREhiay0wLWVMRDJaZy1ncUJwWWE0TEVBV3lkelpsNVoxazlGdmpCMjZ1MWFSeUN3MjZPQXE0TXRoREFNX0JoUGtDMkUtTGY4aWVjeGJDN3lWVFRF?oc=5&hl=en-US&gl=US&ceid=US:en,OSF HealthCare,0.0
Uganda - where security forces may be more deadly than coronavirus - BBC,2020-07-23 07:00:00,https://news.google.com/rss/articles/CBMiWkFVX3lxTFAxR3lCOGw5dEQ1STdjSnFqaEFTTTl6Vkhibzk2bjFzNEhWdEluSUxfRmd4dGsxUkIyQzRUbDRlYXpBZHdJaXRpU2xIYkpibnlORHJNdXAzYlVLQdIBX0FVX3lxTE16dWxvZEdPTWpVWXJJbDJPVVNlajlLWldCeTNDYjRtVzM1b1F6T0ZTM1pkeXVxQThNZXg5dWtCVWhkbUdzMU9FcTZHQzBVdXJ5enNtSEtKSUwyVFZETjNV?oc=5&hl=en-US&gl=US&ceid=US:en,BBC,0.34
UK and US say Russia fired a satellite weapon in space - BBC,2020-07-23 07:00:00,https://news.google.com/rss/articles/CBMiWkFVX3lxTFBsaXFuOGNBdUlYTDctS2FadURBMXpYUmRTR2VoejJYUmFRWEdudnVLMWl3cVFubXE4TVB3SVltc1NvUGVRSS1wOVZtcEVVV2UwZzl6dlFNWk9rUdIBX0FVX3lxTE90ZDRNSEhEcU5PRXVUS1lsTGttUEI1aEszaGtoRzRsdzlOaDE3TnZCOUNXX0cyUHRXcEEyWi1YRWtSWHZIalRGenBtb2g4M0J6RVR2dTFRYkNwMGJ6SG5Z?oc=5&hl=en-US&gl=US&ceid=US:en,BBC,-0.7003
US notifies UN of withdrawal from World Health Organization - AP News,2020-07-07 07:00:00,https://news.google.com/rss/articles/CBMia0FVX3lxTE1COUFLdkpocml2WjlaeURESHdoUG93Q3RaOTVVbEpoRjRGdGNsZy0yN3hoRldGYmJzWU9SeDQtV2FkakJhMTJOMzBDdWFsenNoNlE1OHdYMDMxMkRhTFlMSEdUSGZpR19tRTRv?oc=5&hl=en-US&gl=US&ceid=US:en,AP News,0.0258
BWXT wins contract to expand TRISO production - World Nuclear News,2020-07-02 07:00:00,https://news.google.com/rss/articles/CBMikwFBVV95cUxNZmw0YU4wa2dhbmY2UzlLOWVWeGZjUndSbVg2WnBpYnV5S1ZhcHdncEx0UHpPZUJmNWU1VFZpaTNCNGUya3d5UDR6MHZlY0hNdV9DYjItLWtLbXhFblFleFNfdUFmODcxeWlvRFN2UDFSUkVhZFFyaGY0QjJveUFpS1VudTNVTzJXUkdjVk41SHVyQTg?oc=5&hl=en-US&gl=US&ceid=US:en,World Nuclear News,0.7184
Global cooperation key to eradicating deadly pig virus: UN agency - UN News,2020-07-20 07:00:00,https://news.google.com/rss/articles/CBMiV0FVX3lxTE9yLTVkR2FrWkxIRFA5d1FwV3dvZWxZb3c1X2R5bWlDVllKMXo5bDhXeFVZMXJ3WlJZdXQzb0ppWWxFdWFEay0tLXR0bjdGLVJHdUVCdEZSRQ?oc=5&hl=en-US&gl=US&ceid=US:en,UN News,0.0
Putin thanks Russians for ‘support and trust’ after vote - Hindustan Times,2020-07-02 07:00:00,https://news.google.com/rss/articles/CBMiygFBVV95cUxPYnVoa19wSHFLb28xMDl2dXhLUVgyQ21SUWhzdUYwVHNLU2l0YlB2cHBGaVJuUUd6QUM1b2tGMjhRajUxVWJtMG9SaUpMYUwtdlBabjNDSEJJWlJxQ1lGY003SG5GQklVRUJpUGdXT1JNYjJvSTNPakxRbExTYTV5R1lmTm5WdmZpdFlKeTd3RTYxQjYzWkFsWEJIVVdKVGlfOVlVQXllQUx6NkNQdzU5X0ZzM0NCaFBzbC03RnFXLW1Rem5La2xSMkFn0gHPAUFVX3lxTE1UaEMtSXdwLWFHcE45TWpNd2F0eV93LUszc2hRX0VnRDZQMWJKaWRJaWtBcXp5YmpHSmNoRERmT29hZER4aF9yTFdhc21KZThFOC0za3RURzFDOUFUZTFTUUk0dHFGSm84NUo1aXBJd2ZrVkVpWnAwZzNqb3RibEg3UE5pcGVWYlkxNnhJbkt4MGVsc1JGRGZHX3dMcmU1TFVnZzhQMzBFQWxXd1k4TEZ2Q1NyQzM2ZzRndUYyMFczTXZ5bm1lQzQzVWdaM1JWWQ?oc=5&hl=en-US&gl=US&ceid=US:en,Hindustan Times,0.4404
WhereIsMyName: Afghan women campaign for the right to reveal their names - BBC,2020-07-24 07:00:00,https://news.google.com/rss/articles/CBMiV0FVX3lxTE9PUTJIc054N1FUR2ZzazVmSVd1T3dTYUpqRjVfdFNqMWx6bHdLTnE3Z2h2NndOdzl0WmExZTZ3R3dOejZkcnVVbGtrZ2NWZW1Wc1YycGYyY9IBXEFVX3lxTFBxcng4U3BEN01telRoVU5DSFEyQ0hUM0MyQkZCd3dhRTYtV04yNU5kbXZOVGYyT3l0MmZOMlh0am5RczlhVGRqd1BvcDVWaV83akgzaVBVLTBicFhl?oc=5&hl=en-US&gl=US&ceid=US:en,BBC,0.0
Immunizing the public against misinformation - World Health Organization (WHO),2020-08-25 07:00:00,https://news.google.com/rss/articles/CBMingFBVV95cUxNaWNSVjJ2Wnl0TDVrd1VQT1NOSEwzLVhkRmxYWG9aRkxaQWMtUVNoSUJ6bXRRNnBfYlJ5QXpXNXA1MjZnY19WWDNqWWw4a3pxSkYzSDVnNloyZ1NXT0NOSDF4N0JmVU5iWTFjZjFnWVJ5ZjRUWHJ0Ym1ZNWl5OWNNU0xjN3k4akczYUh0c0lMLXRTU3pKWkI5dl83NzJjZw?oc=5&hl=en-US&gl=US&ceid=US:en,World Health Organization (WHO),-0.3182
Beirut explosion: What we know so far - BBC,2020-08-11 07:00:00,https://news.google.com/rss/articles/CBMiYEFVX3lxTE51Q0FpWWdVdFhad0NXc0xRbHAtTTVzNXRJN09DbGRrMWZLU0s0aHpUbGtEWFlZMlo0cnkzN3FuZFN3dnlYT3NsaTBmdmdKeTVnZnkxM1Q2WjN6RHM3dHNvYtIBZkFVX3lxTE95NDdzVEh3YnVRX1RJdWkxYjE1TU9KN0dZQ2tqVWJLd21BX2UwNXpzQVUyYkd4cW9WSmVsbVlkVnhrZVFMVXBZSjcxVmVGMUdKNkRDM3dMS3pTV0IzdXZHWHNKLVVxUQ?oc=5&hl=en-US&gl=US&ceid=US:en,BBC,0.0
Where does the U.S. withdrawal leave the World Health Organization? - Illinois News Bureau,2020-08-18 07:00:00,https://news.google.com/rss/articles/CBMilwFBVV95cUxNNzI3Z09ldjRjTmY2d0hCSnFObjJlRVJfamg2WlhTeFJXelFReUtwbUFGZS03VnliTXZRNkhqV1Z3bkdUazQxRUhwT3NFTVdkVi10QWxDUEp4MmxOLUQtT2dhWEdtOWlOZ2lZTzNTY3g4MGlTLXlVdG0wb190OXJLWDFDZEFwUFFLTml0bTg4bjN0NXU1VzVz?oc=5&hl=en-US&gl=US&ceid=US:en,Illinois News Bureau,-0.0258
Political Cartoons: World news weekly roundup - The Mercury News,2020-08-02 07:00:00,https://news.google.com/rss/articles/CBMijAFBVV95cUxNcFJXdU1wSXdZS2ltSEJsVWVIa2pGdDM2d3VuT3NnR0NWU0lJR1pqMW5mel9UWG9uSm15alR1a0xJVTMxT203T0VfN2RzUDJGRmFyOXZ0Tm90MW1XTjMwenhjdlhWQnJGSWJEdUdicHVNaU5iMU5FV0xlU2czTWkwdHBpZWpIaGM3S3JGYtIBkgFBVV95cUxPR2FWM01nbGg4N2hzSGFmQzhUUUt1enZWOGFqMV9yZjM2UGFfWW1uQ3R0eGk4RWMwS3NLZFk1aEVROTBvYURTZExaaHhwUlZfdWEwdVd6cm8xTFN2ZDBxbHF0c0dESEtjRjdVbkpzUWpyREE3QUtYTVZwajlnSU54d0Y3SGpDY1ZNaTVKV1B2QUMwZw?oc=5&hl=en-US&gl=US&ceid=US:en,The Mercury News,0.0
Cancellation of NBC Sky World News plan leaves 60 out of job - The Guardian,2020-08-06 07:00:00,https://news.google.com/rss/articles/CBMikwFBVV95cUxNZVBZY1BOb3ViWVdKQnFubVdEekJ6aHRVR0JTMmlHRUswOVhrQ0Q3RXlTTDZ4elB4NVBXQzNzM294WTVwdzhHbTNyUHl5RTc3SWNGNXo3ekRPaW9WYmxUSXM4OFV3NHVlX2lnMEhxdnNwaENxYVMwZXAweXFmZUprUkhJTFpETmZyN0xmejNsZW1SYm8?oc=5&hl=en-US&gl=US&ceid=US:en,The Guardian,0.0
Fauci to David Muir: ‘Universal wearing of masks’ essential to combat COVID-19 spread - ABC News,2020-08-10 07:00:00,https://news.google.com/rss/articles/CBMiowFBVV95cUxQU1I0QjRZMXcyY0stNlktcFpvQ2xEWVZad014by14S3RoZEprWDF1YkxHa1VrSi1mRGx2cUlKaVEyWWo5UEVBcmtoNDMzbGVLNnBSeXFxa0RLSk9yLS0tcHc5LVNRMU4yai0tNEpzRWRremRXbWFIZlhuTUFjZHo3LUZ1R3NEYldlakxlOFNXTUFpQ2ZDc2t2YWExaUcwNl95YkxB0gGoAUFVX3lxTE9fbThOeUtfZ3BSOHNZSDktczhmeFV1WWZLYnpkZFJ6V2hFdlZucmJKV0lTYzJvOXBQMWFxRk5wemx0dUpXUXI1clpnVHdVa2NWZFNxM2hhUTVoTmRRbVJQM0RlTmVpdU1sVTZsdFNEcFpkSGZkbHJ2Y0pZbEdoVG9sVVdOR3VRWU5tYnJsQVdvT08tTGNteHd2NXh0dXF0ZGVtS3NvSmlIag?oc=5&hl=en-US&gl=US&ceid=US:en,ABC News,-0.34
Assessing the Global Climate in July 2020 - National Centers for Environmental Information (NCEI) (.gov),2020-08-13 07:00:00,https://news.google.com/rss/articles/CBMiYkFVX3lxTE11REhlSm44MXNyS3h2TDdENXZYWXZEdFlZVkVsTGV2aGdiR1lFM1B5bVZ1TmhuSHdKYTFDOUp3VzRVMTk3TnZCd3J2NF9LSnAyY1daSHhYY1docGdJTmlJUHRB?oc=5&hl=en-US&gl=US&ceid=US:en,National Centers for Environmental Information (NCEI) (.gov),0.0
Density Test - newworld.com,2020-08-05 07:00:00,https://news.google.com/rss/articles/CBMiaEFVX3lxTE1FcXZMQkMxSFpVNl8yOFVNS0NnUTFUSVNBNnVQYWNDWVoxYkJPU2VweXM4UEdwdVpQSURCMXFRRVk5QTFPb0xfcFhFV0FQVkZlZnktTUJpQVlhbmtmanRJR0FmMXpjR1g1?oc=5&hl=en-US&gl=US&ceid=US:en,newworld.com,0.0
The Best Health Care? America & the World - PBS,2020-08-31 07:00:00,https://news.google.com/rss/articles/CBMif0FVX3lxTE9mdjFjTGNHeDJDMFhHUWpHVUlEeVpCZ1VIQVBCWnFWSUtzWnN0T2Q3YW1RT0dRdDhpbEk0UURyWVdJcUNhZkNicjFUcXA3TExLWk16NnA2VUtZSFlMX29KSF9CNUkyaEptblVsQ2JCMTdWdmR1Mm9VZ0JYWGJXaUk?oc=5&hl=en-US&gl=US&ceid=US:en,PBS,0.8126
Author Michael Pollan discusses how caffeine changed the world - Harvard Gazette,2020-08-20 07:00:00,https://news.google.com/rss/articles/CBMirwFBVV95cUxOcHVudnZjMWt1WGVmNGt2RkFMNmdQZXhXTV9UdjVsYzVlWXFwQmU1d0Z2b2ZuMDcySjF0cGs0bHliUXk2RTdUdEl6dDQ0ZVZZU2xyWElPY0VxaXJPZnNtQWtlMDdUQWotSTc3aEoxSmlzLXBlSmk5aGFhQ1BWc2hqOVlCQ3BPbkNUMFphRDZzVURRLXVlNmRTUVFBMHRSM0haU0N4R1NDQjdGWGo5cUsw?oc=5&hl=en-US&gl=US&ceid=US:en,Harvard Gazette,0.0
Palliative care - World Health Organization (WHO),2020-08-05 07:00:00,https://news.google.com/rss/articles/CBMickFVX3lxTE5WSFVJQTZidW8xd0lBd1pMZjJtQ0JMbHBKTlI1cWs2Mjc3LUdWUmx2NUFULVVxeWZxWkRWSDdpRDFuS3ZSalNRaHo0Vk9OX1h2STZvNkpOaXhScllid2hpVmpfTjNIemRpYWczMlBYUVRxUQ?oc=5&hl=en-US&gl=US&ceid=US:en,World Health Organization (WHO),0.4939
'Hundreds dead' because of Covid-19 misinformation - BBC,2020-08-12 07:00:00,https://news.google.com/rss/articles/CBMiUEFVX3lxTFBBMkhqOVlWUWY4N2hzSExqbkFjUmFDZFo1WVRPUlhWWGp6X2RHWG83cHVXcVo5ZmQ4N2l2eXo2TkNDMVJKYWxtSFJseFZxeEph0gFWQVVfeXFMUFlUTDk2eHpoMHBadlhldDZnUWJxMmlNU0VuQUdla2xvOUYtcy1yX1ZIeDM2MDBFM3VmM3d3b21hOUpmckFiVDc5cU1ZZ1MxdnZFcmFKb3c?oc=5&hl=en-US&gl=US&ceid=US:en,BBC,-0.765
73rd World Health Assembly Decisions - World Health Organization (WHO),2020-08-07 07:00:00,https://news.google.com/rss/articles/CBMikwFBVV95cUxOYnVxLTBqQVdGbTVDX3NQMHpuZHk3d3ZUMHhBUFE5Mkd0QlNpQWtkNWUtcnZPSTNYX3VncTlpZ0JlTUZlYTVhQ1VxTlA4T0ZMa2ZsYUFrc0pqOXBPVnFfeTVvSTBnRWdIaUJIZnlNVFlBYTFmOEl4dHRaanJoSzZvWEFtcUJYd2hDTC00eXNOT0pxWWc?oc=5&hl=en-US&gl=US&ceid=US:en,World Health Organization (WHO),0.0
Trump says universal mail-in voting would be 'catastrophic' - BBC,2020-08-16 07:00:00,https://news.google.com/rss/articles/CBMiXkFVX3lxTE1xX2ducHVpbElUX05TaXl5RUFuMGExdUNPUXdySzdkU01OdUtaSXhzRnRtYkZVV1lOaVBhcTFLUWlTUjV2dkZXR2RwMkJBaW9Ib2U3SWg2eDA0ZUFPQnfSAWNBVV95cUxQZlpMbjdNWVVjb2JIX1NTZllQX1YzNndraVo4dU9wT05pZ21CU1I0Y284bHhHT0VTeFI5aVFHOG9jN1lsWUw2VTl3czdiVUNWd2IzbU56OU83djNmYlA5OHA5bG8?oc=5&hl=en-US&gl=US&ceid=US:en,BBC,0.0
World Mental Health Day: an opportunity to kick-start a massive scale-up in investment in mental health - World Health Organization (WHO),2020-08-27 07:00:00,https://news.google.com/rss/articles/CBMi2wFBVV95cUxOQWtDOTBBSE9nTnVZdzJVNnhuRWllSE9nbUstcElYVFUyQjd1ak1yUWU0cmFoZmtyZi11RjJtM2F1TzJTeW92ZVl2dWFuWVBCd05ISkdNYmVzc2o4UXdRTXRCQVZTbXdfNTc2QnU4VHlGRUk5QzJZOFJfYnJmZlVhS21XZXpaUE4zT2JoaXR6bXVtY1RyMHRhMndMOXdkZk9NUkZqOXlwVDNvREhvRDFVRVBGVldHenFVSmxyczVDdk1GczhQSWxHc1JoRDc1ZkJhLVQwSktOdGxHNTg?oc=5&hl=en-US&gl=US&ceid=US:en,World Health Organization (WHO),0.4215
Coronavirus: Hundreds gather in Madrid for anti-mask protest - BBC,2020-08-16 07:00:00,https://news.google.com/rss/articles/CBMiXkFVX3lxTFByMWNXZGIwdHdNLVM3UktidFlaRkNEVmpESWxQZlFtNDlRY2MwVVVKZkNtbGxmRWZhR09CTWVna09hUVVJaWZ4Y3BWaTB6bWE2anhkTm44SUtpSG9EY1E?oc=5&hl=en-US&gl=US&ceid=US:en,BBC,-0.25
World Humanitarian Day 2020: A tribute to aid workers on the front lines - World Health Organization (WHO),2020-08-19 07:00:00,https://news.google.com/rss/articles/CBMisgFBVV95cUxQVjR4dm9ZU3QzMDlRT2F5a0ZIMjNPNFJUY2Z3RUVTN0R2OTk1ckNwbHc3bkVqbmZYd1hzRUdxa1JpcXh2dURHdUtDMktZVEZ5akJmbE5KLTkzYjJaNlRIOHhpNjZCM2E0bG9aOFNtLUNqNXp0MXc3Sk1faTdXem9rcFhJSFJRY1ZvcEI0Ry1YcExpUjJYVDBMZXVVZ0NxWGVrYzV0azBnb3h6bzR1NTlvYWpR?oc=5&hl=en-US&gl=US&ceid=US:en,World Health Organization (WHO),0.0
World Health Assembly adopts global strategy to accelerate cervical cancer elimination - World Health Organization (WHO),2020-08-19 07:00:00,https://news.google.com/rss/articles/CBMixgFBVV95cUxNOHlrUU9aeGUzUUJyckctdGdTb2xNMjJHY00tZFBhRXh5aTBNR282SzlPQWpuaWc0a1ZDREtweUFNWlpQVXh1NzN1TU5GLUYyTHlhTkN0a2hDdVBUYVBKVmhzZFZmenZFWWNPRHdzejRDNHJxN3FFdXNpSjBlNV9rY2pjMzVGaFFGZGo1VjVER3RPZm1Jd0VvUF85eWVoQTFCanBuLUY2TXRkWGFKMXpEWEhIQ0J1cDZqNTRISnRFekxSQ1dfaVE?oc=5&hl=en-US&gl=US&ceid=US:en,World Health Organization (WHO),-0.5719
172 countries and multiple candidate vaccines engaged in COVID-19 vaccine Global Access Facility - World Health Organization (WHO),2020-08-24 07:00:00,https://news.google.com/rss/articles/CBMi0wFBVV95cUxOckRua19JV3BhU3lIYjEzcTUwSXJOaHJ4Ni1CT0dmSUpUVjR0TlBUdDZkOGNHTm8xekFGMDBqLWRXeFJzRFl3dS1LemFLTXotUDFUcjFXTkR5LXRvbWxmdVVJOWFqQUo2bjlDa01pWHRHQzlUUmd3Yi1OLVVNVzBBamJJbHFxV3ZQbVVyMHYxVTZQdlZfdmZIQXNJRVdLZHNvb0F0VnVMaURGUy01V0pGbGhLbmJpQU1UU2NoT3N0ekYta2JMdjd0c1c3QVhBWjNoUXFJ?oc=5&hl=en-US&gl=US&ceid=US:en,World Health Organization (WHO),0.4019
How World War I strengthened women’s suffrage - Stanford Report,2020-08-12 07:00:00,https://news.google.com/rss/articles/CBMihwFBVV95cUxPc0FfbUdWUUZlZWFhRTdJZUwtcUdzN3dsQ0F5LVBycHplY05fazBXSEp2SFNSc2ZlbEw0N3hqZHIwV1dJajZyZk9PLVdDbTBtc1U3NjVNaGtzNkdZUlJSMG5fckZpSmtIUTFNaHp1X05pSkJDWFFQSEIzaWVoSFM0dU1IdXNwUVU?oc=5&hl=en-US&gl=US&ceid=US:en,Stanford Report,-0.2732
ABC World News Now: Missouri hospital's adorable take on Shark Week - Saint Luke's Health System Kansas City,2020-08-15 07:00:00,https://news.google.com/rss/articles/CBMipAFBVV95cUxONFlrSTk4MmFJUnlMSGpjb3U3Y0MyUUlndm8xOFVyeVJtbkVHRmhtM0R3ZXZRY0ZfOXR2NWs4ZlhGdHJUWlZTdWFWVHRMYnZIblRrU3hUYV95QU1GbTg3OWRrU0pXYU9CRS0xNUN5TmJTVjIyblRoNExPMS1rTjVyRXpDY0RqUGVvT0RhWWlDX3M0akN4U1JhZ2QxNEl4czVleE13Qg?oc=5&hl=en-US&gl=US&ceid=US:en,Saint Luke's Health System Kansas City,0.4939
Welcome to the New World Preview! - News | Official New World: Aeternum Website - newworld.com,2020-08-25 07:00:00,https://news.google.com/rss/articles/CBMigwFBVV95cUxPVVViTUVuZ1hla3JMRTRLQmNHd18yallWN1FldldsUHpQVlhVX1B0Q0lWRlB4SUNvU0tuYzdDVk9kbmt0WXM1R0JOZ3NtUmlmZDM3Z2hvaWQyLU80TGZjcFcxYWxmSFJDNlF1UzF3RjdtUFljSFZwQ1ROWkNtRm5NaDNNMA?oc=5&hl=en-US&gl=US&ceid=US:en,newworld.com,0.5093
ASU ranks among the world's best - ASU News,2020-08-20 07:00:00,https://news.google.com/rss/articles/CBMiaEFVX3lxTFBLVkdpM0JkVjYxX2tqbFVzQ2tLSWo4TmdBZE42b0otUjB3TVkyVHhscmQ4NmtvRmZ4bVVFV2xlM1UwX2Z3dkRxMXQ0NVpIeUpESkpJcDNyR3E3bUtpLVF1dklQR2hCOUJv?oc=5&hl=en-US&gl=US&ceid=US:en,ASU News,0.6369
Decisive Action and Change Needed to Reform and Rebuild a Better Lebanon - World Bank,2020-08-31 07:00:00,https://news.google.com/rss/articles/CBMi4gFBVV95cUxNZlRmZnFZb2lic0F0TEFrcmE5OVliZEEzYmtIcHF4WWloWmQ3YTdKRlljZFhBZFJSWlY4SjlDMEktSGNJWkRjeEdyUVc5aHZxZVpoT0psMnpVNVZlMThObVdqU01KbHFQMjc0WUFCQVVHRll6Wm9VT0I3c0kxenhFT2VsOS1fQk01OUcwNUtjLS1TUnJCNFR5akRwNDNqSUxhRXkzLXRrU05EaE14SkdtOG5TOGgxbS1VVlZmYjc2b2E3M25RXy1PbGg4VmFvUVduNUQyU3puaFdvMm1YcGNQaVVR?oc=5&hl=en-US&gl=US&ceid=US:en,World Bank,0.5859
Neuralink: Elon Musk unveils pig with chip in its brain - BBC,2020-08-29 07:00:00,https://news.google.com/rss/articles/CBMiXkFVX3lxTFB4YzRvcE5kR3h5bWlCVGE2Wm51NnFPQWYyd1dOSGhMaFZENFctdG80bDZyREFsR0JHV3N3VFZaYlRicy00d2pteTZvODJ4dGhVRkR6WnE1Nmc4M1RDdGfSAWNBVV95cUxQMFJMZWxUX0Q5aFVTYkkycm1URU9GOU1iR2JUQnZFVURad2NYMGhHTFB3Y1gyZ1ZhRWZfYWFGUmNHNlZ5YUkyU21UbzZDNEJPdU1KMmdySGplT2FObEVDc1RCbmM?oc=5&hl=en-US&gl=US&ceid=US:en,BBC,0.0
Global report: India sets new national daily case record - The Guardian,2020-08-28 07:00:00,https://news.google.com/rss/articles/CBMiowFBVV95cUxPa2JocjVmeW50bzBFN3BXVWZDbVJHNlRqZk9heExySUNRMV8zY3F4V0xvSUpIa2RrUWMyVmwycmV4MkRpamx6YVJUZFFob2JlTWxJeHhNbXBfUm5SbG5lLUpLTFVTZDJxSmJKbDRuT0EzeVg5RzAxUFYyM3lWTGZyR1VtSUtadV9udkU0U2w5dmxEQ25neF96dUw0TWRIWVpzNTBF?oc=5&hl=en-US&gl=US&ceid=US:en,The Guardian,0.0
Global polio eradication initiative applauds WHO African region for wild polio-free certification - World Health Organization (WHO),2020-08-25 07:00:00,https://news.google.com/rss/articles/CBMi1AFBVV95cUxQdzh2a1RvaWlid2VpandVWWVlYnlxZVRybUoxQzJxSi1vS2EyTkQycmVTLURGc1lxN3huY1otTDFzY29GaVoyeW5EODJhR0JQM1JtQ2Y5QWNGbmdwLVZmMlhqbmxzRjE1cHdZeUplLW00THNmZG0zbmN4eEFCZk54T1E2YTBicllWQ1RUWjcyR2hiTDdISGpOaXFNdVRRZy1KNDJsYnk2Y09SRHdqVjRqdFp2S3JYU2cwU29DWlBrOUN5TGkwaVpVMTJGa3Zlek12aDVxZA?oc=5&hl=en-US&gl=US&ceid=US:en,World Health Organization (WHO),0.34
Estimating mortality from COVID-19 - World Health Organization (WHO),2020-08-04 07:00:00,https://news.google.com/rss/articles/CBMijAFBVV95cUxQVFZJT2ZuQ3g5ek05dXRCZHZuZG12cnhaU0lLdHMtVTE2TFBRVzVBS2hxeG9rUUY5SEZpeTk4VEI2RVRib2IwRk9BUlpqeTY5S2Z5TnhPRm1faVh3Z0N5b0M2S1hrVFR4RWNwNUF0bjlzajdNZ1hUei1GY3VSOWcwVlFNNGZOMWt3WHlSWQ?oc=5&hl=en-US&gl=US&ceid=US:en,World Health Organization (WHO),0.0
U.S. News & World Report Names Hartford Hospital Best in Metro Area - Hartford Hospital,2020-08-05 07:00:00,https://news.google.com/rss/articles/CBMilgFBVV95cUxQN2tNZHVmQVRXY2tFM3hDa2ZIbjUybWt4bGNXaDEzZkdDdkIxUjBuUVhvejZCVTYxbHVRZzI2aDRTd2FkYkVZTFF2UXpQbXVybXFtYzFkY1U3cmxxSlM1cURBYUx0WE5WNzRZd1lKOWxjZHlpZW5neFpQQXpBakZjdFNlUU9SUXNEaklUR2EyT3FyRlFQTHc?oc=5&hl=en-US&gl=US&ceid=US:en,Hartford Hospital,0.6369
Chinese fast reactor completes trial operating cycle - World Nuclear News,2020-08-11 07:00:00,https://news.google.com/rss/articles/CBMimgFBVV95cUxOV1pFTF9CQUJGOEdTNHRKSE8tN0gyb3RtWXJZaGlBYllWSVRoM3FlQzB3cnROUkpyYW5IRzRZSTJBRGxqV3ZUMHpnTmh3MWNZNTZ3Q3FmdkpaSXpjSDNBWmNNVGhXWWlOc1lZNXc3WjNRbTZVX01XUHNsbkFOQXJ3d3oxSTBZbkZ1STgyMkp4bmN2LTE0bkluajFB?oc=5&hl=en-US&gl=US&ceid=US:en,World Nuclear News,0.0
California firefighters brace for raging flames amid pandemic - The Indian Express,2020-08-03 07:00:00,https://news.google.com/rss/articles/CBMiwAFBVV95cUxQWXhUeWZOYVVtRG82M0Zvc2dLOHhxWExGdVI2VzdaWFNBbUI3WTlWdzFZTDk5Qlp6OVAwSG9HdEZHdkFpaW92MTNTNmRTMEtldkpIcUttN1Z0RWpyaVdSZHJVTlVrbzJFZVhTR0tSSkxzYzk1eDVVeFZXYjlSX2VfMXh1ZXMwYzdqZ1EyMko4WXpyTnA3TFVzYXlhME9YSUZZMDkyZ2ttVTZvaHYzTmxPU3E4eVFJX3BoS2VZWkd6WXbSAccBQVVfeXFMUEpQeGRaZHI0TjJ6RjlmYVFKcVo5SEZUTlBiRklIb2VhMVQ1d1BzOVdFRENaeUZRSDllUDRmdk80V0tvLURSTDRSOFVOVDlXd2xWbkFaTkM1ek5EYlc0Zlk2YWhuQUt6YW5NRXpzWHN5LVhRX3VDT25YUk9tQjNfREJEa0x4NEJGdU9NNFQzeU1ManhWVmViT2FxY2ZWY00wTXB4eGt2Z1Y0UWhMai13WDhPbVZZVjc1UExhSjJaVHcxczM2TXhjOA?oc=5&hl=en-US&gl=US&ceid=US:en,The Indian Express,-0.5267
Alexei Navalny: 'Poisoned' Russian opposition leader in a coma - BBC,2020-08-20 07:00:00,https://news.google.com/rss/articles/CBMiWkFVX3lxTE1mWW1VY3lYc1NPa3NVUmJiOGdTUjF5SlRQVnVLWnY3dXhDRTljNGdTWExLa040akd0eDhYc3p4c28tYWdZMVgyVUJXTkowQ2pwVUlseXpLa0I2QdIBX0FVX3lxTFBtcmk3SzlFQzVnNnBxWFdzcUlBOXRKTkprU3Q4NXhTQ2lpX2hFVUl6aWFNTzVSU2NLcUJuQzJYRXctbEpaUWVUaXFqa1JZaFJuc2xaRnZSYS1BelR1aDlF?oc=5&hl=en-US&gl=US&ceid=US:en,BBC,0.0
Mali profile - Timeline - BBC,2020-08-26 07:00:00,https://news.google.com/rss/articles/CBMiWkFVX3lxTE1ZbkY4TDh4Vk1nQTNzQUYtYVAyWGtEMTF4OHBlMTlrSzZKQWJ6M2tsRmRiUk13WHpfVmkxSUFiV0tiT1Q4ZU9SRy05NmZIUmY4R3Z4UHAyaGxOQdIBX0FVX3lxTE9TbTJPV01WUHpFQmt3YURhWDhvWkdCNVVmeWVpZmdWbUk4QlVWaFlvSTNGYU9kTWEwb05VSENDYjU3RlNQOHpxRjQwTXAyU2hTYjNvRE01VVd2cXVrb3ZR?oc=5&hl=en-US&gl=US&ceid=US:en,BBC,0.0
Coronavirus: Ten African innovations to help tackle Covid-19 - BBC,2020-08-15 07:00:00,https://news.google.com/rss/articles/CBMiWkFVX3lxTFBKS1dPNlA1VHgtQXRlTU9ickVWYlB0cTV0ZllYMXBUZ1VJN0phSHozWk8tblpraWNPZW5JdWVGcS02dkVqdG5yWlBQRTFuTVV3Y3hONXUzb3dqUdIBX0FVX3lxTFB1MkFFWURpaEdGUnQ0NUxOWFJWc3JnS1JvMHZJaTNiRGFHZlZ2MTc1SF80RmxYSUF6eS1wbGJYd2NBc1RsVkVzNkJael9zc0FfWVRVbldEMXVfYVdTSmp3?oc=5&hl=en-US&gl=US&ceid=US:en,BBC,0.4019
Trump stokes 'birther' conspiracy theory about Kamala Harris - BBC,2020-08-14 07:00:00,https://news.google.com/rss/articles/CBMiXkFVX3lxTFBobGVyZVVVek1MNG00Y2pDUDk2eW9WbnJUZDNiTkdMMGtfRE1ES0tFUm42YWRTalBtZnF2eF85SDlsMTNQVUtxYjRKdkUzUjJiY0lhXzlidGUxU3lFa0HSAWNBVV95cUxNSGx0eUZlMkRkMGF0S01zMDlyOUZwVGF1TTllWGkzLTNaOFhmZDF5MllscmhRVko4Uk91SU9oME1RUTlRemx5TzlYUHV0V0pLaUtrN19ZTEt0UkRLLThfenA4aDA?oc=5&hl=en-US&gl=US&ceid=US:en,BBC,-0.5267
Lebanon: Why the country is in crisis - BBC,2020-08-05 07:00:00,https://news.google.com/rss/articles/CBMiYEFVX3lxTE5kOGp4Z3M2dVlhbzVyS3pyVDdaUWtMemtBTnIwazczUHNLSnU3Um13VXc4cDEwMV8tOG9UMjBndkxxRWdwNnBBTFZRaVBrTTIyOTBNcWMxVXgzZGRYajZrR9IBZkFVX3lxTE9IeldCb1RFZXM1Q1lYUVpwTGJJN29kN0J2aDMzcFIwa25teFhmMmoyQVBoN18wRmc1WGtlZEZpNUl3Z0I3ZjJxUEJoZEZRV0JDckxlMGt0UjBXSXBqSmhNaUduaTFrUQ?oc=5&hl=en-US&gl=US&ceid=US:en,BBC,-0.6249
What is the 'sovereign citizen' movement? - BBC,2020-08-05 07:00:00,https://news.google.com/rss/articles/CBMiXkFVX3lxTE55cXNUOEVRS29WemNYc0ZvbWJhRVN1UFdTZGdhc2JhMmhNZXVPQmNaOW1DQmlnQ0tXZ3NnRnBLbzJ2VFl0VVFSXzJnMGUwVFNXQnpEcWtWWlZQYk04MHfSAWNBVV95cUxQdkJHOG9MbWVJSDNuUVk3cDlRMkw0ekJmUUE2NHZFNXJvUDlhRkprRnUySGFROVFhM0p6dlViaGdvR3hKUGtCeFlTa0F4dGtha0NMSS1rcU9CSFBDQklLb3A1RE0?oc=5&hl=en-US&gl=US&ceid=US:en,BBC,0.0
How to report misinformation online - World Health Organization (WHO),2020-08-18 09:17:58,https://news.google.com/rss/articles/CBMirAFBVV95cUxPVWFvMW9zMEtKTTQ3U0txQXFXSG1heVhfVDI1TmdjdTNKSDZCaDhTREJvcms5QjJUXzQtSUlfRno1TmFkd3JCZGg2RE1SMmVXZWYxaGdLT0pLazVpWkZDNnBESTJhYTh6anhZUlg5VV85VWEyYVRwS0xMbG9kUU1CLUxBZzVTUUxCalVXdUo1VFRnVml3WnNrQ1M4Q2VRdTZzOExNSlYyR0wzeGl3?oc=5&hl=en-US&gl=US&ceid=US:en,World Health Organization (WHO),-0.3182
Pope Francis calls for world free of nuclear weapons - Vatican News,2020-08-09 07:00:00,https://news.google.com/rss/articles/CBMiqAFBVV95cUxPbGRrZ3o1WVpBYVdqVjRCTXplY2FWXy13bDJxUVdJa0RjT2NEZHlMc2V6ZVJUUGNxV0FwRktlaUlqdGdMMjlIZ3hMeUt5T1E5cVRNVmIwODFYU0ItU192dWl5WF92UkhKN1JzYTJfSXY0Vlh1bnZEZHhzalRDTlUxZW9nM191S1Y4N3JpNGExckVmVHoyN01HNEg0aU8ycTh5Yy1aZEQyRFk?oc=5&hl=en-US&gl=US&ceid=US:en,Vatican News,0.1027
Bat Boy Lives! An Oral History of Weekly World News - Mental Floss,2020-08-07 07:00:00,https://news.google.com/rss/articles/CBMiiAFBVV95cUxQMHBIZ3hqWWprcmMtSEtvbk1yNm1QbjFxRUxRbEwxYnVYUFVFc2RIRmV6dUtnRzB3QjU4SXpYVGJfX01qcWs2aXJGZzNGUzVUcDZwazhkeXdsMzhTQ2J5NHY1WjRPc2RXTW9MVXdkRTBieVdoZXlVOV9YZHJIUVdqOXRBeGxQcTZQ?oc=5&hl=en-US&gl=US&ceid=US:en,Mental Floss,0.0
Beirut explosion: How ship's deadly cargo ended up at port - BBC,2020-08-07 07:00:00,https://news.google.com/rss/articles/CBMiYEFVX3lxTFBKNXctUkRJYTZHdjRxLUJBakxpN1FOX05Lb3Q2Ml9SWFFsQ0t0d1B3VC1KbGVBMDdEVEFkZzNKX0lWZTlwQW0taE4tbF80ZXJIQmJmb0VDVnlBMFlsampVcdIBZkFVX3lxTE5abU1UbElFX1lXSFdWUUxPb3RhZWttMnZRZlFiSF9xZ3Nqb2tFLUUxMl9CazBlU1BYZExIRDZ6cW1QMUVGZ1Zka204UmJVYjVMWm9qMWJ1YzBiZlBQUkE0NldEZl9Rdw?oc=5&hl=en-US&gl=US&ceid=US:en,BBC,0.0
Ten countries kept out Covid. But did they win? - BBC,2020-08-23 07:00:00,https://news.google.com/rss/articles/CBMiV0FVX3lxTE5KUUxTU0RLVHdSQTFLQkg4Yk1xdFFUNnVadkpjN2N4YmVlU3NySTBLZWVCTVlDLWZjbm1qUkx3RjhDXzh0dHdaWXJNb1lPaWxHaWZHbWktVdIBXEFVX3lxTE00a1l6cFBMQ0lUeGxfbnJDYnRVc1lMM3RrRzBIemN0UlYwMTh0b0ZBWjBZRHpYbWg4eE1FMDRJQnRRTFNaRVFkS1dvOFhXMXBOXzEyUnMzR05DRktl?oc=5&hl=en-US&gl=US&ceid=US:en,BBC,0.7351
New World Preview - News | Official New World: Aeternum Website - newworld.com,2020-08-20 07:00:00,https://news.google.com/rss/articles/CBMib0FVX3lxTFBqbENpeEZxcEt1bTNEZlNEcUxCcGVTWVZJUUxpRFF5Rjd3TTVuWGRINmZIX2lsTHZ4LUNMUFFPenRqU0hwenFxVmhzaW9oRktaUjlEblZJZUI0NEV5NjMxMURlMVJTNWMyS2FLdkdIcw?oc=5&hl=en-US&gl=US&ceid=US:en,newworld.com,0.0
Amazon fires: Are they worse this year than before? - BBC,2020-08-28 07:00:00,https://news.google.com/rss/articles/CBMiY0FVX3lxTE9pNmhzT2d5VUQ2N1BzSWdrclJkUElTeUVmd0JpR1k4d2wzd05CWHE1RVZvb3BYTmRDZHF1MzZKcGRTVWt0QW9EZ0t1amRtek5CckE4Y2FpdGJfMlByNUpvcjdZb9IBaEFVX3lxTE1BdThkY1JZY1hIN0VwTzF5elpYc1E3X083MEg3ZmNPSGs4anY2TTFjTmYyODU5TjVGQ29nRVREWUdfbHZteEdsalZicjUtaE5JcWpQTTNHbndLTWE3TmM4OF9uWG9lc1ZL?oc=5&hl=en-US&gl=US&ceid=US:en,BBC,-0.34
Airbnb Announces Global Party Ban - Airbnb Newsroom,2020-08-20 07:00:00,https://news.google.com/rss/articles/CBMiakFVX3lxTE4tY1VRcW1wYXMwU0NNdW1OU0ZQcEJyOGpKTDVkMUI1NGYwaVdVQ0lPaDJiUW91VEdlVlZVaHQ3WGlIOFNtUENqVEgzaExQcDZiSVAwbHNvUE5sRkd1SWFsMzFhSWxQMC1ucVE?oc=5&hl=en-US&gl=US&ceid=US:en,Airbnb Newsroom,-0.2263
Israel and UAE strike historic deal to normalise relations - BBC,2020-08-13 07:00:00,https://news.google.com/rss/articles/CBMiYEFVX3lxTE9kUFNyUllPWFctVEc3czVRa1pRUjkxcGpVVVhpUlR5aG9YVnAzai1lZWZNYndUNGptRjRVM2Nab3RhbkVObmVCcDZ2aUsycVBfYTNraEdkaTRTYmRFM1UzWtIBZkFVX3lxTE95Y29FVU1XVktHV3B5cENkdzZxaDVVcGdRRGhYamdYZ0E1Y0g3N2h4SGx0UmhSUmV0T1otUDMyUE1ITHNvYU1YVzE5cGpkRjVROXFrUThNNmFzbC1tQ0NMcXNXenN0UQ?oc=5&hl=en-US&gl=US&ceid=US:en,BBC,-0.128
Africa eradicates wild poliovirus | WHO | Regional Office for Africa - WHO | Regional Office for Africa,2020-08-25 07:00:00,https://news.google.com/rss/articles/CBMicEFVX3lxTE9uX1daajIzLUM0dVJwUHhWOTBZazY3VzQwa1IwVlI1Um56bnFwMFhqN0NJLTF5ZmNhLWtXWnliN3JoblRQSDBMWThiTEx3c0Y1SERjelBQS3FwazkxdWRPNlhkVDBxUmgwTmFZVU5kN2M?oc=5&hl=en-US&gl=US&ceid=US:en,WHO | Regional Office for Africa,0.0
Chadwick Boseman: Black Panther star dies of cancer aged 43 - BBC,2020-08-29 07:00:00,https://news.google.com/rss/articles/CBMiXkFVX3lxTE1ES0JRUWF0V3IycjFER2xqYmtoNkhXQlhfMmhFUlVIZW0xV2pnYWkzTVVGdHlGREV1MXlsWXA2dzFxVXQ4TTdpdUNSUFB1V1pYVXZVbVRJNkFIck4tMmfSAWNBVV95cUxQWURfeFdTTllZaFk4VzZOaGJtemZZamhmMEY2Ukh6Sm9pVmFia2JabjVCejNyR1JRci15QU5WRlIzZkNNODJaNy03eVN4ckZ5MEVwOVdRYVdvU3MyOVEwbmtNMjg?oc=5&hl=en-US&gl=US&ceid=US:en,BBC,-0.6597
Pope at Audience: Healing the world is an opportunity to build something better - Vatican News,2020-08-19 07:00:00,https://news.google.com/rss/articles/CBMitAFBVV95cUxNemdKeEwtd19SaHNHa2dOUHVxTG1FT2lLRmZDT053YjNrV0ZPU0o0cGVxMUhBalNMOFFZVk1VamQwRkV0YW9tTVdQbVpxa2FEQTFTQUlkUXNLTVZwV3RqOVFkRkx2RC1pM2JBS2VMLUZITy1tdEN6YW54aEhYemVjQnBSSHJ0OTRNeWFnOWVLU1h6OE41RXZNSktwVHF2NjJqZkljN0NGWmlHQjE3R0U1V1RCVG8?oc=5&hl=en-US&gl=US&ceid=US:en,Vatican News,0.6908
"Beirut blast: Dozens dead and thousands injured, health minister says - BBC",2020-08-04 07:00:00,https://news.google.com/rss/articles/CBMiYEFVX3lxTFBPVl9XZjRYVmFydkxlQzJ1M3ZadGdtM3llTk1WbG5UdEpVbHBwcVYyLVR4YnRfN3pfR2dxc0dvUkZqb2k0a2dNVzdreTJDUFN5czY5OW9OcXp3MmE3cVBPWNIBZkFVX3lxTE80X2M1ZjljbzQtdk1zVHlHRW9lRWFsLVRYRG9YcTVfRldEcXJqUi1wNnJUMzJDQlp0RkNHMHZKaVQ3eFdsektwV2V6OGp4X0xPakpsT3NDd1dCX2FscnZxenJQQUVhZw?oc=5&hl=en-US&gl=US&ceid=US:en,BBC,-0.7906
World Population to Reach 9.9 Billion by 2050 - SDG Knowledge Hub,2020-08-07 07:00:00,https://news.google.com/rss/articles/CBMifEFVX3lxTE1kbHcwUm1QYXFlajBpN1M0UklNenVkMV9IOVNaWEJyOWY5Yy0tTUxvM201OWNZNnNlMHJfR3hBa1p5c0dMb1FCRWlqSkNpZ2p5SV91Ylh5SlltcDJ2WTNOMUt0eWE3WUhEOGVFWnZzTVdYeHU5Vy16WHIzdjA?oc=5&hl=en-US&gl=US&ceid=US:en,SDG Knowledge Hub,0.0258
"Apple is now worth $2 trillion, making it the most valuable company in the world - NBC News",2020-08-19 07:00:00,https://news.google.com/rss/articles/CBMitAFBVV95cUxQQXZfMC1nUWpHUXg1anBYd01OQTQycTg4bEU4dDFSWDhnRVpCSzhtMTVibzh4SXVEZlptV3FqVU9wekdJNDIzY3B0MDN6RXh0bjc5cU12OVd3VGF4Y3dUZjJqTDFGXzhfTWNOUldLUlRIcmtxMU84SGRMcFVDanBKZUV0ZXBBZWJ2WE9keEVwWVlQMm13UWpTMS1aNWw3U2Utenh5TzJLSnozbkwyR0JzLUNveHDSAVdBVV95cUxOdTVoaDlmLVlxcHdRZGJ2TmUta29ZbklUVnNyeFc2REpjekdJZm1jbGRwZHNiZVBodHVuSWxjaU5nS2lKSmo5TU5LZVFyakV3M2hTS0plUjg?oc=5&hl=en-US&gl=US&ceid=US:en,NBC News,0.6478
Mali military coup: How the world reacted - Al Jazeera,2020-08-19 07:00:00,https://news.google.com/rss/articles/CBMiiAFBVV95cUxPMk1rTzhmcTQ3UzBFcnZTNFk3MS10a2hHaUl4QTBTMVhYS1pwQTZ4UW5tZ1lFQWxYdGNMTFhpVGp6dnoxUXRMdmNzdzVuVkdWUHJ4eWVtcFhZSXFjNk45aFBsSG5COGRYWEVFTTdNbEx4TmZXc1g4TzhYb0wtUnBXeURTV0lhWXYz0gGOAUFVX3lxTE5OcWszWGszS001VE5NOUpweEQyelRhdV8xM2hzRnVYVlRtdFNTY0NvQVRSUjBsc0M0cjR1RGRCckc5YWhaTnNpNGdpdTEyZVhfUWVGaUV5bEVLX3ptdlMyWFh3b0wxanotTFRwSGtVR2tsN0RyWTVPNDYtZXJhY1Y0Z25KSFE4WUdsek9WZFE?oc=5&hl=en-US&gl=US&ceid=US:en,Al Jazeera,0.0
NRC nears completion of NuScale SMR design review - World Nuclear News,2020-08-27 07:00:00,https://news.google.com/rss/articles/CBMimAFBVV95cUxNUUp3b1VUVVBvOFQ1dGlJd0p1bm9tX2hFZkZQTVdTbkN1ZlZHcXdyVTVJNWZ5VXl2NDJsQ3piaFNKc2tiUWtjZEpheHNhQ3RMbXJPYXZmQTJXZmprenhoRnFaOWJ1SlpEd0FDc3B6cU52Q0pXWWdlLWFqX0dneGM2WUtEcUhYYTJONWozMFRZeXdfTllsZUNwWQ?oc=5&hl=en-US&gl=US&ceid=US:en,World Nuclear News,0.0
Black Lives Matter pushes Japan to confront racism - BBC,2020-08-27 07:00:00,https://news.google.com/rss/articles/CBMiV0FVX3lxTE03VHFlZzVwRUl1TUVGX25VZEUzYVhRZHBvNG5kd2Y2N3J0RlBvZ3NsWmFFMXlvaXc4dHdDTVdoSHI1Z2ZQRlhFTHdNYmdGTGJXbkEwNmpkSdIBXEFVX3lxTFB4elFSRGU3ZFE0bkc5NmlGLV9KRmZIMkNDS055RW0xcS1za1Qyb0ZvOWM1VjZ4Nk9VekY0b0tYeF81ZTdkTGNRaDU3dHNiQVFKa1NZS2dndUhSVlZT?oc=5&hl=en-US&gl=US&ceid=US:en,BBC,-0.6908
"How the world reacted to UAE, Israel normalising diplomatic ties - Al Jazeera",2020-08-15 07:00:00,https://news.google.com/rss/articles/CBMipwFBVV95cUxNd2haTVlKMDk2Ykg2RXhlQ2p1NXRxVXZ0MmRlVUh6MXVpczIydTdnTzc0TEVYSDdFdHVLSTZTeTJOZEIycDN6bmhiaUZxU0JnRDQ2d0s5ZF9HalhidG81MXZJaVBURVZUTEtOMHRRbm4tOEFNcUswQmlCQUZ0cnJBTi11dXdjS1A5LXY5U01lM3ItaUtha1pMVElvQjUyOExqTnlrZjBJNNIBrAFBVV95cUxQM0FpMEllWlFKMXZxb2NQS2R2amg2RDh0akFPTjdJci1QOXNmMVFEWTBsVmRRZFh2UWtDVXFXbWRHOFZDZVlDZ1lMbFNMNnJrVnpzSlFpS2JzQUotOUdUVmtNOTl1SGduenYyWEoxZU92S3Rua3dzcmVhdFJtMlg5dllMWVlwLUNSN1VCZFdId0xSNFB0d0pORU5ZSG9yN096bU1qUEVJeVpkcTdj?oc=5&hl=en-US&gl=US&ceid=US:en,Al Jazeera,0.0
China launches 'Clean Plate' campaign against food waste - BBC,2020-08-12 07:00:00,https://news.google.com/rss/articles/CBMiX0FVX3lxTE8tQzhFbDVxeGNDei01SG9RMGZSQ2EzZ2R5OTNtZWRCLWlLaDV4dThtUmlkR0NGcHFsekpFYlhXWFpEWC1DTmZPR0owRHEyY3M5RUhGSjJqMGx2TEdDS3B30gFkQVVfeXFMTVdEVkl3Z0l6VFNsZks3MlpmSE9GMENGaUFKZk42WXBpdGFuanJrb0VvZjlYZnNkcmNCcWNKTko2WTFfWVVvbFRFb2llVmNlak1hRDU0NVNQdjBsTzZIcmROTnB1Wg?oc=5&hl=en-US&gl=US&ceid=US:en,BBC,-0.0258
Surge in passport sales delivers Vanuatu a record budget surplus - The Guardian,2020-08-20 07:00:00,https://news.google.com/rss/articles/CBMirwFBVV95cUxQUktMNjEzUC1rVGJEX0NtcTZrWDFhTEZFZmhpRmotR2habE5PTHpySGp6UXh3VzhfcFNjd1RpR285a1RScmMwTVFFSUNLRXg1RmpTNFdQSXBkdWhuVmVGNXllenF2WUVwWHh6OTlVbjFBeGtLbkZVcms3UV95d2hmbXIxbjR3RVFLdC1zVkN0RkgxZ1dLMGR5WmpFN2hYV3h2RVpKR2trN0xKQUYtUldz?oc=5&hl=en-US&gl=US&ceid=US:en,The Guardian,0.0
Thailand protests: Risking it all to challenge the monarchy - BBC,2020-08-14 07:00:00,https://news.google.com/rss/articles/CBMiV0FVX3lxTE1GVzZKRVE5NHVhWWFWay1IY21BUFdTeXdfMVRZc3hYM09tYTQwYkEyV1BFcWtIR21WQUZzbGNpMjhlWktTeDJIbHRZczZwcXVLTWRIdUhHONIBXEFVX3lxTE5LTHlKSkhQcGF6UGpyTUZIeWppRi1wWW1td1RPNGw1TldpdmNLWTN4OHowbVRCT0lmRGc2OEhqbExVOXB6WHJBRzA1dW5TZUY4cEpPTV9SVWNTTlZu?oc=5&hl=en-US&gl=US&ceid=US:en,BBC,-0.4404
Nuclear generation in 2019 close to record high - World Nuclear News,2020-08-25 07:00:00,https://news.google.com/rss/articles/CBMikAFBVV95cUxQTEt1bXdCaGhqYUxkSXNBczl0RklYSHpyanFtQXVsb3pGVjRsY0p1MkVWdklNeW53MXhHSi1aalRRd0RZUGRYWHhodUFhOWdoaFBZcXQ1WllmcFJfUTBlN05aeWp1Slk1YVNPSnJnYms5c09JYTFXWTRZcUNvekM3RGY4dlN1NTFGWHZpRU1LMW4?oc=5&hl=en-US&gl=US&ceid=US:en,World Nuclear News,0.0
Wuhan coronavirus: From silent streets to packed pools - BBC,2020-08-18 07:00:00,https://news.google.com/rss/articles/CBMiX0FVX3lxTFBUOGlFRlBKNnVpZlF2dmxCTVRkNUdqd0NTMTc0RFp3U2xEbEJHdnBnemZaZnowcldGVjBmemdEcUM1ZFQ0bDZmMGNYcGJCRzZfQlc3NGFxcXE5aWt0R0tV0gFkQVVfeXFMTnIzZ1Q2YTBCMEo1aWppU1JuWlVPSkUwaEptU3YyT0RVUmFqUnRIbFdoU2hheGFuNEgtYkJfZm9PN1VrQmpSaGVBaWVWN1p4a000cEdDa25Fb3oycUVnQVptenFKSw?oc=5&hl=en-US&gl=US&ceid=US:en,BBC,0.0
Madagascar president's herbal tonic fails to halt Covid-19 spike - BBC,2020-08-13 07:00:00,https://news.google.com/rss/articles/CBMiWkFVX3lxTE1UYmZKQXE5S0Nyeld2YVFLN2tZV05jVW1iQ2ZLY1RGWXhsWFByMU82RFBobS1lMmF6LXdxcDZORkNrc3VZQXpjcFcwSnduRHhTeTBIU2ZaSFJIQdIBX0FVX3lxTE85OGgzWTN0aUQ1ODRUYlFMRk9uXzN1OEc2V2Z2aGc5SF9jMkMwYWtyQ05wOENJNGp4QUZBYUtQRzNaYmZMZ2JHNXdOcjFDeGFmT2pNbzA4Qld6NENlMlVj?oc=5&hl=en-US&gl=US&ceid=US:en,BBC,-0.4215
"Back to class: Despite coronavirus surge, Europe reopens schools - The Indian Express",2020-08-30 07:00:00,https://news.google.com/rss/articles/CBMitgFBVV95cUxPbUZ2QW1fdWpSQ2ZXTHNrWk1WTnBaQkQwODBZeUs4M0syM056dlNDYkRmYmhPRUxKQ0QzdmtxeVdmV1pieUF2Z3hIc3BOcVc0NEhuMTlkZzhEMllfejQ1SVg1djFLaTExZWcxNm9FT1dxY1lyUm9KWVU3TUdJZ3p0UjlQT0NTeWRuUmUzNzc3TTlPaWE5Tll2V19VT2hiNzd5Ylc1cVVTanhyWnI2ZzhzWmN6UnRzd9IBvAFBVV95cUxQTnMtWC1jV0N0WkZRYXQzMUJ1dVNKbmE1SldDcFJRVXh1NEI2MVVVczNWZ2hYYWl5ZV9FMXN5Y3NSeWMxX3Mtell6OVBPZmltUXdRN0ROaEw2dmd1SDJYclZHcGlRbTZMWHlqcFkxUTBtb09sYVNNSk9SNEhmZlVPU0VBc3hYMkZPMkR5bnhzelMxc2JUVVB3ZjlBU0lURWlnWlh4WDQzV1NuQ0x4cUpHeEJCTEhnUVJRY0NodA?oc=5&hl=en-US&gl=US&ceid=US:en,The Indian Express,0.0
7 reasons why meat is bad for the environment - Greenpeace UK,2020-08-03 07:00:00,https://news.google.com/rss/articles/CBMie0FVX3lxTE1nWEtKam9CNlFsaFFTRXNCdnV4dnR0ajhsN0VIWUNnZmN4b1YxbmhGNVN0eTR1YXlwV2xCZ1NRZjJoeGhDd3JnR2FSNzlLTlpyaFZOSHpOOHc1SW1DanF1enZDVjJKTHh4bjVHTEpSV2FZUWc4SGtuOWI0WQ?oc=5&hl=en-US&gl=US&ceid=US:en,Greenpeace UK,-0.5423
Coronavirus: Iran cover-up of deaths revealed by data leak - BBC,2020-08-03 07:00:00,https://news.google.com/rss/articles/CBMiYEFVX3lxTE1NZHhxMHYxZWo1SU9GWjF6LVlSc3h2VU8xZGtNSHlwaWJibVRBUHh6S1hlSHM5S0JpcFFuTFctaU5ESjg1ZC1UUEVueWhPcG5lRENrVncwNmZJQ0lRRXJpcdIBZkFVX3lxTFBkdzZsTVJLZ01ETUxQWktNZFZvSWo2elhLc25UQjlTaTNnd0R5RXgwcmhMSzdSM2ZiTDFfSGZSNVZ2cTRDNEZCamlTUzRNbnF4WTFwY2ZWbjBqdE5BZWdJbk9wQk5idw?oc=5&hl=en-US&gl=US&ceid=US:en,BBC,-0.5574
Belarus election: How Nexta channel bypassed news blackout - BBC,2020-08-12 07:00:00,https://news.google.com/rss/articles/CBMiWkFVX3lxTE1VRWQwVzBnYkc0ZTRqU3lHUHF4TEdLX3hycmxCRVlsNnp1WlYyNllIcDVjMjc5WUx0dE1iNGhUenZJdGw0WGZLcW51M2MwdVI5VkloV1Ayc1FsZ9IBX0FVX3lxTE4wMkRiWFYweU0td0ZOOTlkdWhnX080RTh2dmNfY0JRWXVSaXg0elN0RnNsNmpOd1FGYUNJNlcxZWxCVVlGTTJKa3U2dTVwUkcyZTVIaWZWaDFOQ3d2Rm80?oc=5&hl=en-US&gl=US&ceid=US:en,BBC,0.0
Why the Mauritius oil spill is so serious - BBC,2020-08-12 07:00:00,https://news.google.com/rss/articles/CBMiWkFVX3lxTE5adUI3b25mRk5hb1JCU3BwaXpWcFBBT1k5eEdWcmV1QkVjVVN0V1pucDdvNlhQcll4SHBXeXJCb0o4aUR2ZmJ6eHUxSnh5WXdCUll1UF9ZUHF1Z9IBX0FVX3lxTE5HNnFNZ1ROYnFlU0hDSFJKSFZJSkZWOFJ0SC03ZFF1cHVXTDhFdGVmTE5PVTRTNkk1UVFyc2RGQjZKYzRLM0ItLUpDZE5LX2Q1ajcxdFVDc3N6Y0RudUVZ?oc=5&hl=en-US&gl=US&ceid=US:en,BBC,-0.188
UCL engineers set new world record internet speed | UCL News - UCL - UCL - London's Global University,2020-08-19 07:00:00,https://news.google.com/rss/articles/CBMijgFBVV95cUxQR1pNelRuWlJSbUhLQVhTcVBjSmxnWXdtS2NTTFpxWmdoNHlpaU5IcTk5VExiNFdobjhlVWlHQlcwb3lNUmRDS3dEdHBXS3hMTjRZNWV1LTlvSmRURGpJLVF3YVNnV2hGQnZQMmY1b2UtTFMtTnpRNXRSTnIxaHl0TWpKZjV0MVZEbC1zM1h3?oc=5&hl=en-US&gl=US&ceid=US:en,UCL - London's Global University,0.0
Veterans part of Team UNBROKEN in World’s Toughest Race - VA News (.gov),2020-08-18 07:00:00,https://news.google.com/rss/articles/CBMigAFBVV95cUxNX2o5U2YxS1FvRlpxaV9YV0R0TUd6YmhuUlM5NElTdzJzemVDajRwUEFrUmYxX3hzbFkxSGNjdUhLa2JVWGN2eWpMV01YYnBZb3Nvem1KQk1HVnR3eDRMcGFMV3ZkR0cyNXJfN3BTbUhKZUJweXlkbFRQalFfYWZ4dQ?oc=5&hl=en-US&gl=US&ceid=US:en,VA News (.gov),-0.0772
Christchurch mosque attack: Brenton Tarrant sentenced to life without parole - BBC,2020-08-27 07:00:00,https://news.google.com/rss/articles/CBMiV0FVX3lxTE05Y0diSERqeWVKbk5BYllZcm9Da0IzNTJZczJkTXJzR3JxRWN1amZBQ0pkRF9kNGM4SG1kN3R2aGtPR3M5UW9LUDMzSllLeVVoX1haS0lkMNIBXEFVX3lxTFBWbDh0N1B6ME1RYVh2WldaTVBGOVhWYmstemFwVmoyM1ZJa1RVcXpiVlVYLUR5RFZRV1FjcFQxVWlOemZPUEVMNDBPeHhSZHVpTmVWMjl5M19jS3dP?oc=5&hl=en-US&gl=US&ceid=US:en,BBC,-0.4939
UAE's first reactor starts supplying power - World Nuclear News,2020-08-19 07:00:00,https://news.google.com/rss/articles/CBMijgFBVV95cUxNOUhyYk9CWS00VmxRQ3FiRXhXSTNYTHFEamtFR0l1dzhVVUs1RDZpY29acFp6Yl9mLUNTN1F0QTVIZnFrMDFjTW1qOTNLb0cxdDQ4eDV4WGxCZlMweGxXWlczWm9ZdEUyZm5zeThudEhrMVhnX2tIcENrQkhreU1Ta21aOUdxTnRvWmg2QWFR?oc=5&hl=en-US&gl=US&ceid=US:en,World Nuclear News,0.0
Beirut explosion: Lebanon's government 'to resign' as death toll rises - BBC,2020-08-10 07:00:00,https://news.google.com/rss/articles/CBMiYEFVX3lxTE5UeV82Snc5V2hMcHBueExsWGdJbGhCRnZ5NnVnNk0xdlhiWHBfRWozX3FJZ2xMa0NoOC1tSFdqMUVCME5XLWZtWmpYYUlNVjdkOXR4OEt6TEM3VUdZZjh2UNIBZkFVX3lxTFB1bURRTW9rNGJoaVFLSTVfUmlrRmE1Tk1IRm0tNXMtZTBhNi1Qbjhnal9oS3VmaXBsck1TYkRXMXRCMmFjSTBpOGgzb3VRd3Bfd0pEUlBZWDlZWjZaOU5kOFNLeHJrZw?oc=5&hl=en-US&gl=US&ceid=US:en,BBC,-0.743
Coronavirus: Donald Trump sidesteps Congress to extend COVID-19 relief package - Sky News,2020-08-09 07:00:00,https://news.google.com/rss/articles/CBMiswFBVV95cUxPendERmtuRURuVElGZ0l1X1VJd0lwdWRUMVNzbkJGZUFRQUNMTlhBQlRZUkpHcWhHdUdUcUE2M0hmcjVFcGhUeG9GZUIwWjlYMy1OT1Y1UXFyTzNvOURCY1dTcF85dHJ6Tkk4Z3BKOFdJQjREd3RxcUhUWUtuNHdaWHFJOUt1cmUxX1U0UG03V2xlVE10elJ6M0dnRWFQNXZJdF9lQnBQQzNjZnJOb0NrczBONA?oc=5&hl=en-US&gl=US&ceid=US:en,Sky News,0.5859
Being a Chinese student in the US: ‘Neither the US nor China wants us’ - BBC,2020-08-03 07:00:00,https://news.google.com/rss/articles/CBMiXkFVX3lxTE5ZbWxRa3dKRzJIbVBVQkdVUzQwekRiYkFKeE5MeWlCbll4ZV84U1NUQlB3WFFlVXIzV3pSaEF4d3VNMWVrc29pUWgtTTY1Z1lzWXBmZVNGRWdiV0RCdXfSAWNBVV95cUxOMkFCM055RTlLejJjb3hQcVMxUXItTFVZamFTb3UxU2FoTE1Ed2oxYktJb19kb1UzUEh6VDhHamFKM2tOZHdMd0R1OGRxaDdnLWw1bUpucDc5RnVidFpGdHR3SWs?oc=5&hl=en-US&gl=US&ceid=US:en,BBC,0.0
Coronavirus: Youthful Pakistan appears to avoid worst of pandemic - BBC,2020-08-20 07:00:00,https://news.google.com/rss/articles/CBMiV0FVX3lxTE9QVW41V2V4MDZhTXk5bi1EM0xNLVFFSVFKOG9hZXMySHBVS09fd1o4RHFjR0JaeXRsZi1iakJqcklkRWplOGhrelhOanlESUlJWFEwZmM0UdIBXEFVX3lxTE9lRzk5MjU0XzlDSlU3RU5ZdTBrQ0dmU3gtU3hIRDhDMDBpRXp3REo0b2syd1ZZRkVISDlLbURWOEQ0RVNsd05DLW5haGZ6MzNKaERVVWNPYjJHYVBr?oc=5&hl=en-US&gl=US&ceid=US:en,BBC,-0.6124
The Top 10 Most Surveilled Cities in the World - U.S. News & World Report,2020-08-14 07:00:00,https://news.google.com/rss/articles/CBMiowFBVV95cUxOeUg2TFJvN2hhb3Myc1ZkUDNVTnVTdkpjeDN4U1ZvUDNYWUtDUWxQLTdWUmRaOWdhTkZnckRWSmN0V09xRUZxZ1RVUl9xekFiX2w5RHlHMUJ0UDFick82Y3RmZkxBdTBwMFZfa1NnUWhHX1B4d0xtZkJGZGpXcHYxOGpMM25pOEtCUFZGSUVLV1NleXVXR2F2aXBrYkN0SXRyZy1r?oc=5&hl=en-US&gl=US&ceid=US:en,U.S. News & World Report,0.2023
Microsoft Flight Simulator: The entire world in a game - BBC,2020-08-17 07:00:00,https://news.google.com/rss/articles/CBMiW0FVX3lxTE9ham9jdTBaVFFvS2t6RWN4YkVfTVp1eXR3bFZhX3E3RERXcU41UjE1cWJmMVhwU1RNZThZMXI0cU8wWXN2TVl6bGQxY2JWMkt4SnFaeVJYOXZkamc?oc=5&hl=en-US&gl=US&ceid=US:en,BBC,0.0
Europe's migrant crisis: The year that changed a continent - BBC,2020-08-30 07:00:00,https://news.google.com/rss/articles/CBMiWkFVX3lxTE9KUHNmOENGVjhOUG93Z3UzRk5GR0JZUHQ4RXJSN255eURydmhsSTlzUUFNV2ZYMFcwbEE5a0NGaW5SSDRVVEptaXdzbW5FNENWbE9vYWsxM1hzd9IBX0FVX3lxTE9WelcteGdFVnVZNWdrQUV5SXpPX0ZYYXN5TnRHeVB2UGZTRnJmWEE5VlNOYVFIaUpUMjJpWi1ZcWZzaXpqUHJXTmt6NENNWHJNbkhaYjJUb204TEpPSUNR?oc=5&hl=en-US&gl=US&ceid=US:en,BBC,-0.6249
Understanding the full value of international students - University World News,2020-08-20 07:00:00,https://news.google.com/rss/articles/CBMid0FVX3lxTFBPMm1EODJaRks3WFd5RWM5b1I3aVVtTjRKX01kZVdORXIyUnRkNjNZb2lDWEU3ZXFYU1FndUZjMWpaZVBlM0hEMUtTR3d6Vzk0RFd2eHhxNklUYllLdjBIU3drVzJnM05DQVZUWnc2QjBBVnFJMFVJ?oc=5&hl=en-US&gl=US&ceid=US:en,University World News,0.34
US calls for shower rules to be eased after Trump hair complaints - BBC,2020-08-12 07:00:00,https://news.google.com/rss/articles/CBMiXkFVX3lxTE1NRmlyVUxEQWNPQWp1Rm9xaEhPQTFUaS1hMG1pbWxlcWk1MWN5NllNRWFDOGZFdHc3QXBkSWQ5MFdoM181VmhudW1RazAyWTc3a29Td3VUV2tYMGh0SkHSAWNBVV95cUxPa1hiQ2h0SXdlR2xOdUN5WURBR1R5U3NtUmlDTmFXbno0SDBKTWlzTlZXS2UyMUh0SkpxWkZ4bVN2NUN0ZnhyNmM2ajc1VUltRGhtemZjWVQ5cVlfMWRBYTNZemM?oc=5&hl=en-US&gl=US&ceid=US:en,BBC,-0.128
Christchurch shooting: Gunman Tarrant wanted to kill 'as many as possible' - BBC,2020-08-23 07:00:00,https://news.google.com/rss/articles/CBMiV0FVX3lxTE9jajlfMEhPdklSMDI0R0psRXY2dDdKZkJGMGtWU0p3YlV0aHhtRVBOOEZUeTJZT19hU0pwMm1sSFIwUUd4VlFoYU0wMXFTcnVxMlFxSmJ3d9IBXEFVX3lxTE5hTlRCMTBJbU9tTzR2cmxhVlBxc0c2dzd1T2VaYTZLZlJlT1duX0kwQ2lDTGV0Y2pKN1o2SEZfQ3JrV2JtSlBEY28zLXo1ZXZXYnZXUERCakM3N042?oc=5&hl=en-US&gl=US&ceid=US:en,BBC,-0.6908
China Uighurs: A model's video gives a rare glimpse inside internment - BBC,2020-08-04 07:00:00,https://news.google.com/rss/articles/CBMiX0FVX3lxTE1ERlFpVXBMcFVGc21MbFQtOGZvZm5HNTBuanJLdEdKMXlKQ2tOUWRVbW83WE5JLUtDRGJoU1RxX2M3Qjd2RmQtUTBYRlZESll4Q0xXNmRNUDdLSnNxcWkw0gFkQVVfeXFMTklfSzNaX1UxNURtdXFISGh2ZGtUVUJtaGIydmlRdjhMYWNpb1VCR2pYRmhiNV9xangxaUhmbVBhamFYdTE4N05vSmtoNk9Ub0xSQ1ItUVZaN1pEYzUzNFYtWUtUcA?oc=5&hl=en-US&gl=US&ceid=US:en,BBC,0.0
"'Highest temperature on Earth' as Death Valley, US hits 54.4C - BBC",2020-08-17 07:00:00,https://news.google.com/rss/articles/CBMiXkFVX3lxTE5JU1hUWm1iM243azhVWkgxR1dySWNWRWJHUVJCNnI4Q3BVcWt4WXRoZ0I4aVU2QVNSNUtOZVdROTNmVm5pcWduNFlETjNDaXg4d054M2xiYWRreng3VnfSAWNBVV95cUxPUzA2OEFHOFJxMjVhZlJPNWQ1dkRGcUJjN21DTkRPWW1XazJWam9VajFjaF9zdFRaelRUdnhMOHFmR1dteEFaLVhKTFJ6cEVTM3ozcGNHcUpZUzJCZGY3SzZwWFU?oc=5&hl=en-US&gl=US&ceid=US:en,BBC,-0.5994
"In a COVID-19 world, which generation is coping best? - PBS",2020-08-20 07:00:00,https://news.google.com/rss/articles/CBMikAFBVV95cUxPRV8zVGU0N0lrWG9VOEZHZkkyRUp3dkNKNkRSNHdOUE55SDdtaXRsbVk3bXRRY0YtN1dPN1Z3Tk9DMGRuVE5OT3o5aXZ2d3lGdHpyUFBHTDBxYURfNFUyYUFzLWZhb1JFdUg3c0E0RUtuYXhwaC16Y1J1ZkZsa1lXbk9yNTJSRXJwS2l5YkRvZTk?oc=5&hl=en-US&gl=US&ceid=US:en,PBS,0.6369
Is U.S. health care the best or ‘least effective’ system in the modern world? - PBS,2020-08-31 07:00:00,https://news.google.com/rss/articles/CBMiqwFBVV95cUxPTnhFR3ZtZF9wUEZkMGxWYUhvOWFwMFVQdks4QWpibm5aalh6aGRvSFN0T2NHc3V2b3RnVXNXR2prM2l1dmNVS3Z0c0dSalRLbnQ2OHhqRDhMVm1majRHQktDSktkUGxsWl83cWNVVHo4UzAzcnZ2ZkxqRFdtQ3FCTTZZeW1XTHNYbHhvbVI4dEZzRmNNZmdsYTA2NlNVUElld0p1QS1yVGx6M2c?oc=5&hl=en-US&gl=US&ceid=US:en,PBS,0.8126
Young people have a major role to play in ridding the world of nuclear weapons - UN News,2020-08-10 07:00:00,https://news.google.com/rss/articles/CBMiV0FVX3lxTFBZRjBLRnQ3SV9ENHJ2bnF3cXItaUZPUTRHUUNrQ0NSZ1B6RFNSM29SX3hVcG1yMmtCbklMRTFjeXctODdpX3lGTTVIU1NyajlJOW9KWnlJaw?oc=5&hl=en-US&gl=US&ceid=US:en,UN News,-0.128
List of approved competition shoes published | PRESS-RELEASES - worldathletics.org,2020-08-13 07:00:00,https://news.google.com/rss/articles/CBMilgFBVV95cUxPNHlGdUFDZ2w1VVRoWWdsWjNYOWF6a0d4NWRpdFJleEFzQkZySTdfNmg1VElkT0lCUVNUNmJGUXN1M2dfT01JRDcxNWRRNFI1eGlrakplb3FJRDRBcHdpZDFKQ083N0dzNjhOTzhLbzZsOF9VY3hBSFV1WHptTUlsaTNrWWFlOG1JbTJqeVdlbC1Ha2JjM1E?oc=5&hl=en-US&gl=US&ceid=US:en,worldathletics.org,0.4215
Most world maps show north at the top. But it doesn't have to be that way - Australian Broadcasting Corporation,2020-08-01 07:00:00,https://news.google.com/rss/articles/CBMiogFBVV95cUxQN1p0MlZXdWxVaGk5alpub1hnaTJDRDlNWG4tT0FGSjBQX0tOVkktTEhiN2VRcFJsY0VHNUg2T01kVUUzUXBBVWlJQXF3RVdPX3JscVE5U21mVlVBbjZWdUVFajA1TUN6VXNULS1fM1hjQVh2eEtzcjh6eVVabU1WeDVrMWIzM21ZaTl2a1pwUEg0N1FCUFlMTjJTR3VTblBmSkHSAVBBVV95cUxNWDVzcFBCTUcxd2dYMi1tbzhXZGNhbF8zdVEtZUxWeUdLWHVIZ0R6UWsxcGVoS0cxbTBNVTljLVhBX3Jhb0p5N3B3LUdyT2hkNg?oc=5&hl=en-US&gl=US&ceid=US:en,Australian Broadcasting Corporation,0.1027
Coronavirus: Putin says vaccine has been approved for use - BBC,2020-08-11 07:00:00,https://news.google.com/rss/articles/CBMiWkFVX3lxTE85d2NYNkk2RG5NNUhLQkNCdXBfR0xTdHJyTWhpMjMxTl9QUFA5X29ROTBITl9BVXJwQzZsMWhGa3piczFfV0xQaThia0c5QWNnWmtLNUJoN1N0d9IBX0FVX3lxTE5hQUxsSzk3dGdNVWd1bTVfODlaOWgyZDY3RlRNVEZoYWk3aXNIX3NrWkZCeFNCc2JDVkxya1VxNGZEWU5NUmEtZlJreFNIZ2FFUjdWaERzN0RnbFZ1VEZB?oc=5&hl=en-US&gl=US&ceid=US:en,BBC,0.4215
Kim Jong Un’s regime baffles world with contradictory signals - Hindustan Times,2020-08-27 07:00:00,https://news.google.com/rss/articles/CBMi0wFBVV95cUxPNU8wUDFYeGNTQ0J1dGtYSFVqc3NFQzdtbG83NXlRUUFpU1BYYXF4cDE1NGJiWXRwNXhpdS04c19tdEREWERuSGtwYnpkMjhYakFKdFhSZXZjTTN3SFduY0s1MjlDczRZckVZamZhQnFVdFk3NE5xWnhWUFNMZmY2ck9wcndhYTVPOVJJSlhOVTRKS0tCUVBSSmswWWpuZlJaQ2h6MjY5dEl5M2F5NnZvdnhBM1RORHlVbnQwOV9ZeUZBR0JaNHRnaEQ2VWpWNEx5TVNr0gHYAUFVX3lxTE90cjVWelYtY0c0dldnNDZrVV8tLW84SC1SUHlmTnBOc01NeFFkZTRPZVVUODhicDVoMmVVVU8wbTRRdXRsekh2Vk5XbkZ0M0N0c25nR0JEd3Vqa0tta1k4Q0FLT01UTk1meklpWS1GOE1ibElGMnhiX19rSS11T3NHeXNXYUFXZHVEY01tTnZXNHFzQWFPeFZONng5SHR0d3k1NHZ0NzV5dHV3Q0p6MTJicmsyQ3cyc3JUVnJReFprdFV4a0tsZ3VVNXRqYlh6Z1JUZ0VYRWFvOQ?oc=5&hl=en-US&gl=US&ceid=US:en,Hindustan Times,-0.34
Barakah: UAE starts up Arab world's first nuclear plant - BBC,2020-08-02 07:00:00,https://news.google.com/rss/articles/CBMiYEFVX3lxTE5yMFRDMUpmT1ZrblUzU0JUZHFOWVZXV282RW0tOWpzMEhyVXNjZ3FTeVF6NW1MckZXYnptYnBJQjh3blpaZ2J1YnlUWUU5S0VtRTk1T3QyU1pieEVjTGpHWdIBZkFVX3lxTE5ZWmZvdHBTT2J4WnR5UEhMZzA0UFVyUnRIa05XUUs3RWV2TjV1OUpkZVBHMjBxZmstZUh1TlA1amxrc1ZVRFFUY1ZMS1Y1ZWNwRU5DYTJlOExYa3pES3Fsa0VSTnhzUQ?oc=5&hl=en-US&gl=US&ceid=US:en,BBC,0.0
Shinzo Abe: Japan's PM resigns for health reasons - BBC,2020-08-28 07:00:00,https://news.google.com/rss/articles/CBMiV0FVX3lxTFBpajE2UnVqMmhrVlZnc3BsLW4zcmJqeFVrSU5McE92UVV6NW5tQzZ6bWd6aUYxNGpmQUNtWmJuNEkza1VFNFBYT0dRV3RpZFpzNEhtWDFuTdIBXEFVX3lxTE1yMDVvdnNWRFBydEJybUs1bzZMR0Z1QWljYi04RERiVlk1UTdBajNERTBGMVdUbmxrZkpZcEI3TzhnT1prS2hCZWNYdWJ6dHZFT0lfT2tDV0FpVEZS?oc=5&hl=en-US&gl=US&ceid=US:en,BBC,-0.3182
Turkey-Greece tensions escalate over Turkish Med drilling plans - BBC,2020-08-25 07:00:00,https://news.google.com/rss/articles/CBMiWkFVX3lxTE1WeUVWQzBXOUlvSEFFeEJtMGdWMTBfenFqTEJlQ2RBTUNrTkdpSGx1VW5MLXFZeTNjNWFVSWx1TWF2SmNxOHk0Mjc3X2lVaXdNaGdIS0ZOWlhQZ9IBX0FVX3lxTE00X2xlOXQyQjB4dTZiT3dkZzlwQXpoQnN6Z1MxVkh0MGFPMDhZd0lSWlE4VWFVTEFsMERJcjJqVmFRUkhWU0I0eDFiSndGUmRrLWYzSnBSTVlXTl93bHlF?oc=5&hl=en-US&gl=US&ceid=US:en,BBC,-0.4019
Fact check: Camping World CEO is misquoted in viral meme - USA Today,2020-08-31 07:00:00,https://news.google.com/rss/articles/CBMiugFBVV95cUxONmxhSnF5d1dUVFh6cEhDWEtFdC1kOXpCVVlIcTNOaFM1SERZV0lkVFNlWkNmQlNqcDAwTG5SOF8yZHA3SmFaMXFHVVN2RTF2UGR5Y01PVTZUMldtZ09yVThuTEh3aFhWc1poSGZ4NWdTQjFwaVlUQS1oekMxQW9hZTRDNDV4aTE5Q1d1cEFZcUVTaTM3NXVXejVZdWNKNWlpOFZQZ2tvNnZlc1l1M3BqX2p0VzZadXdwb1E?oc=5&hl=en-US&gl=US&ceid=US:en,USA Today,0.0
"Coronavirus: Brazil becomes second country to pass 100,000 deaths - Sky News",2020-08-09 07:00:00,https://news.google.com/rss/articles/CBMiogFBVV95cUxOLV91Rmd3aVRnNUlEUk9vU0VKTGhJbWZWY201aVV1U3pqWVU3WWpqNUZVNHBnR1FzOTNfVGFDeUtiLVVfM0ttdFhZejR2UUNRZGRiM0ZCanNiU2V0QzM0OG9mVHhPeEhTTUZacnY4Sk9aMG05RXRtQW5iV01NcDh5Wk56cG9mOGRMWFFrRlU2bzgyMnJSWTdiNWtmZ2dVSHBPa0E?oc=5&hl=en-US&gl=US&ceid=US:en,Sky News,0.0
SMR-160 completes first phase of Canadian review - World Nuclear News,2020-08-24 07:00:00,https://news.google.com/rss/articles/CBMilwFBVV95cUxPZ0F2SDB4MGxLbUlFVjkxdFV6VXJUWDNZQnhzYWlLakFDRjQyV3VEQWVGZmMzWmR1RElHUWk1eGVFV3d2VEMwWS1nWTFJU1EzZmJfOWZUaDlLcUNnR0tPSjNETl9JbTBlUHlaSEdkQ2VQYXl5NW9hNWlCdkE4alc4VUlDcjRFOEFCUkNlVmFLS1g3alRoTU5r?oc=5&hl=en-US&gl=US&ceid=US:en,World Nuclear News,0.0
Kenya's Victoria Rubadiri wins BBC World News Komla Dumor award - BBC,2020-08-31 07:00:00,https://news.google.com/rss/articles/CBMiWkFVX3lxTE1QTDIzakxkeEFOeTZ0cE5qT1BSb0lDSHRXR1RaeFdrMkdSZDZadk9UWDBmLUFpN3F0dk53UmkweWhzd19kWjNkQzNtcTdRbUQ4SDh5YXRoM1Rhd9IBX0FVX3lxTFBwQVZ1eWtOZzRaaUlxaUE4Ym83aGVfMUNhSUp4V0tnTm1salNhc1ptUFF6RHZxWmRodlVuWUJzUUNnUzZKaEZoR3NnZzg3NVFPRlFEZENSOXQ1bFdDeVJj?oc=5&hl=en-US&gl=US&ceid=US:en,BBC,0.802
Coronavirus map: Tracking the spread in the US and around the world - ABC News,2020-08-07 07:00:00,https://news.google.com/rss/articles/CBMikgFBVV95cUxOdllfLVcxUFZ6TTdKN1kwRlZhZ2l5alo5c0pieTRYUHo4MF9XLXB3c0lhZ0RUQWd4MmhadnQ4V25hby1PZU5QeExMdVZ2UEdzR3YwcWpJUTlvMkxxa1I2VW1JODJiZFRwLUswY0I3Z3RaMGFLRnAwdGFKRV95ZWczMFFyUE9aTWZma2c3ZHBId1BQZ9IBlwFBVV95cUxNbkZnQ0JXR2lyOHdMd0NnS0c2ZlVGN1ZNYUpveTkzbk9BRFZ4YzVpS3RSRWdfcHVYSWNvUVVkTTh4TTFSMWFxcVJQTURnZGo2OGJqUHZvUFhkdWltMHBYTG1FYk5TOVJVSEZGT251dDh3bWZZSGhqcXBFSTFaUWlfYk40SVhTaURwaWVvdGlYTFc4X1R0SFlB?oc=5&hl=en-US&gl=US&ceid=US:en,ABC News,0.0
Global News Director Announces Resignation Following VICE News Investigation - VICE,2020-08-27 07:00:00,https://news.google.com/rss/articles/CBMirgFBVV95cUxNSVFSc01ISzlkRUZ5ZHV4TDZ3QW9hUVo3SGM2cTQ4bnZjeEVIRFVGVXpsV0pjMF93WUJNeFdsS2Y2d0wyX2xKRkhKQVNfY2FBa3huZzg5UUN2NTdTYV94ZWFsVDMzMm5yQWltdDR2bjVsWF9saEtlR0pWLVlRdWxvUlJGTHNQVTdCSmFRbEM2LUVWM3lWbVJpWE9GU3R6akpldnJOUndJTC1IWlVJWEE?oc=5&hl=en-US&gl=US&ceid=US:en,VICE,-0.296
Man who believed virus was hoax loses wife to Covid-19 - BBC,2020-08-24 07:00:00,https://news.google.com/rss/articles/CBMiXkFVX3lxTE1FYng5eEdZNmJrRmRSS09RS05Sdjg2Zl9TRkstcXFqQ0hyd3FPd0RNdzdGRHRUY1BfVEhpdjdRY3JwUGhfMEVhdzBaZDdnV1ZhOFNJVkgwNUktdDdiLVHSAWNBVV95cUxPMHZlTUJxYjZxcG5qazh4d0tnWXptV0ZCZy1YemhESjRCMWFDRmRSN0RKeXJPd1N3VURTOXZnRGhQTGsta1pXN0hPRnltUlhvejBpUGY1dVNxYkNmRHQxc0dIdVk?oc=5&hl=en-US&gl=US&ceid=US:en,BBC,-0.5267
World ‘dangerously unprepared’ for next pandemic: Live news - Al Jazeera,2020-09-14 07:00:00,https://news.google.com/rss/articles/CBMingFBVV95cUxPaFFNN2VuNzA5VC1QQ2Yta2NVVTdlcU5FcFJrakdQX0luRmlXRk1mNTRVSmE2OVF1SUs1YzEweURTaFZfQmJQemE4N2c3aV9FMWRYTmdPbDgwRlpMRllJQ0NqWkRDMVQwN19CZ2pIa0piWnBiY2hFbFQzRU1VblJzZFFzTkRLZXVWanl3QlZxeW5vRG5TWHFQSjNjSkowUdIBowFBVV95cUxQekx2RmVrS29SaTFBbmdGSWZGeWthQm16MWhsbFA5Nkl2R1lrTVJpZlNzVEJVLXdpMGZIQlpOUHl1MXUxOWpYRjBMY2p3WnhqZE1yWkJhUFZkV2pjNHIwb2w1Ym1iWGV2SDJYSnNPR1JYYkMyUkwtemZJbWU3SGZWS0lYelhsclpHUHd4Y0RrTmNnUU42NU9GWGVvVmszZVU2aW04?oc=5&hl=en-US&gl=US&ceid=US:en,Al Jazeera,0.0
Managing the COVID-19 infodemic: Promoting healthy behaviours and mitigating the harm from misinformation and disinformation - World Health Organization (WHO),2020-09-23 07:00:00,https://news.google.com/rss/articles/CBMi9wFBVV95cUxOejlUS2thMDdTSWVDVy1oUEtVaWk0X1VOWmM5cWtkMmhUSDZrbGV0MmhUbUpSZTlxd2ZpVXM4bDVFUGVOQ25Da19rVVRtcXdwMEZGd2RSZldoejF0aFk5RnNmam5ka2UxWXRRc3FCdTZ2aDFaaVVkcU13TjlMMjFObFJLejZGSXJYdG5scVhwTjNoTktaX1ZJUWVlTndMd2pzdEZvbUQ2MnJiSjdqWS0xUVdJQWpnY2pabEpkWTZ3enlheVc0TlFxVVdQQWZHdmsxSEVhNjhqUVVDZ0EyWUFSamNiM2xxZnVPNndZMDA1bFh0b3YwV1p3?oc=5&hl=en-US&gl=US&ceid=US:en,World Health Organization (WHO),-0.1531
"Howard University Soars to No. 80 on U.S. News & World Report Rankings List, Achieving Institutional Best Rank - The Dig at Howard University",2020-09-14 07:00:00,https://news.google.com/rss/articles/CBMi0gFBVV95cUxQZ1ZxejJORWR3VzFUTFRFTHBXRE4tRFJmck05MUZuMWVaQWtfaGdYY01JRjVvZDNGTk1HMEV0WExmQ01lZFRqcllXSmlnQm1Fd0J2QUhzRFFSSVZ2Z0oxVVJmdUUtNXVHQTdRTkdfRW1rbFV1RHZnSXpsTFQzZkRNWkY0bzB0NW91d0Q0Skh2b1ZwaUtuZ01DOVZaN3Q2bXVOUEhqLS0zYmZVRW9mVmdfWUk5TnhjSU5YRi10LXNiMVBZbjFxMFdqX3loTk1zVlk0ZXc?oc=5&hl=en-US&gl=US&ceid=US:en,The Dig at Howard University,0.4588
FAU Moves Up in ‘U.S. News & World Report’s’ List of Top Universities - Florida Atlantic University,2020-09-14 07:00:00,https://news.google.com/rss/articles/CBMijgFBVV95cUxPRW5GUkxpQ3FjdDBZOGtqNE9uNHhUdFJxQmdoRV9jSFNfeXBVSk1jX1c2VHJFWG1VenZfZVBROTN4V0lSSkN2b0MxRWdaT2hEaHd3d1RsLXY4c2ZMNXRVTUFnM2syYnpmdXgtQTQ2OGZ4OEVnVUVTZlNuQ2ljdXBLTmNvZWdMNGhWLTFjSUhB?oc=5&hl=en-US&gl=US&ceid=US:en,Florida Atlantic University,0.2023
"‘ABC World News Tonight’ moves to main part of TV3, gets new open - NewscastStudio",2020-09-09 07:00:00,https://news.google.com/rss/articles/CBMifEFVX3lxTE1WZkw0U3Q2dExnUnc5Q2JVQkxFclJ5Mm9UVUwzOG1mQk9lRXBMMkxuNkdvN0lNMDJGQ21mMk5wZTQ0R3ZsWk5rZ2hyaFNWSnJIMEM1ZUdMZl9KcU5uSTBqLUJQamMwcWp2RHphd293ZWZlR2wyaTNBWlRkYnM?oc=5&hl=en-US&gl=US&ceid=US:en,NewscastStudio,0.0
U.S. News & World Report Ranks UH Among Best Colleges for 2021 - University of Houston,2020-09-15 07:00:00,https://news.google.com/rss/articles/CBMilgFBVV95cUxOcGM1a2tDNzAyTC1HREctb1ZDeXREUVl6WkM1YVdWRTE3UXliQWViV1Y4YUowYVItZ2UzQ2xET0RxX1lGVDk2WEd1ZTJsZFUyOTJOLTRPOS1wMlY4WC1sZklSOUpRVGI1TlhkX2xTSTJ2aWI4My1WaVJ3dGNaNmlDLVRrT2M0TjM0Z1ptdzc5UHZKLXN0a2c?oc=5&hl=en-US&gl=US&ceid=US:en,University of Houston,0.6369
U.S. News & World Report Continues to Rank BSU Among Nation’s Top HBCUs - Bowie State University,2020-09-16 07:00:00,https://news.google.com/rss/articles/CBMirAFBVV95cUxPT3BqT2VMZzE2bFljX2NIOVlubm50QmdIaXoxc21rbWJSOWYzVUxRYXJoRVo5OG9OcUEtU2o0c0pQUXd6bDR1a1dTMW90SG1Mck01RW5MdWR5dFhqVnNIUjlfazFzandDOUQ5b2RHbUlBUThXUVBhRnM5dWlJMEhJdExmb2pwaEtDSG1MSThZcU1Wc3NHRUl2SkNkUWl3a2pockJHRjY4OUR3U0Y0?oc=5&hl=en-US&gl=US&ceid=US:en,Bowie State University,0.2023
"UC Merced Moves Into Top 100 National Universities Ranked by U.S. News & World Report - University of California, Merced",2020-09-14 07:00:00,https://news.google.com/rss/articles/CBMipAFBVV95cUxQTkRtbFlqZnFwQkRCYV84RUxYOUtaSnZMbTBlY2FHbnUyR01ja0t6VzVGVEVzNHgyVmhNYWRRdGNWSDE3aXdRODRhNkM5WXpOakpVOEV6RmMzank3MHVaZjlEckg1M3FDYUYzYXpROFF5RmNMSUZoSHhMQU5oazNyTi1vcGJZbG5wdndFSWM2NG9PblZ4M2FrYm5rSnlqSmoxeURzQg?oc=5&hl=en-US&gl=US&ceid=US:en,"University of California, Merced",0.2023
"ABC's ""World News Tonight with David Muir"" is season's top newscast - Axios",2020-09-22 07:00:00,https://news.google.com/rss/articles/CBMif0FVX3lxTFBtQ0duWWxIU091LVEtVkUxZ1FhdHhpWVVJaVlaMEllbTJwbDJTQ2VBQVRieVhaaUdjVUNFVmVKR3M3STMya24tUHpubTlTYUJkazZQV3BqVDkteXZ2a2RBRk15OE9tSEZscUY0R1BPOVc2TGNSRDdMYWcwcFhyRFk?oc=5&hl=en-US&gl=US&ceid=US:en,Axios,0.2023
ASU ranked No. 1 in innovation for 6th year by US News and World Report - ASU News,2020-09-13 07:00:00,https://news.google.com/rss/articles/CBMijwFBVV95cUxQeUE4Nzd6VG93RE9ncWNLS0VKTUdMODFrRVpXUzVjVmJ0UUtySEdtLTFUaDQ0c254QjEtSExfdjI4LUJmcVlhVkRna0R0bzlKSmRfOVNXUi1tcXh6d01YN1RfRkpxOHZmTW9ZbThNRjRLYVhxZFFvNjNFcWRYa2NNd0xaa0t2WGtmWjUxaWYzNA?oc=5&hl=en-US&gl=US&ceid=US:en,ASU News,0.1027
"CUNY Earns High Marks for Quality, Affordability and Social Mobility in 2021 U.S. News College Rankings - The City University of New York",2020-09-14 07:00:00,https://news.google.com/rss/articles/CBMixwFBVV95cUxPVG9TOGY4Q0ViVkhNcHEzTmp0N3lhRDRGWGs5N2FUN2VaVmJuODUyNC1KU2NVbjFuTDVqelFjeEZaaFdVNnR5eTZnS3JvY1NWNmRNUFZNajRyVDhIRGdybldQS2xFb3VfTENyc2d4VFJvT19pNkp4bGpmb19tTEt2MFZsaDd6VC03UzN3cjRkdjRuS1hFVFVuSDBfaDJuUTVKbkVrMFNJYXpKT0pXWHJHM1V5ZHJqNlFlYUhoREFPWVVkQ2NYMU9n?oc=5&hl=en-US&gl=US&ceid=US:en,The City University of New York,0.0
U.S. News Ranks Elmhurst No. 3 Most Innovative in the Midwest - Elmhurst University,2020-09-14 07:00:00,https://news.google.com/rss/articles/CBMiogFBVV95cUxNckg4NU41dW1fd2thb0RPb2NRSTZqT2VGQTBJS3JhT2xydHVZOXgxVWZWWkZmVTI1Y2ZnMlpFNzJNUU4zWGQtcl9IdElWU21Ubkd5VDFwWndNRFF3MEh0djdyT3lydU9FUG9GeXotNjh6b1J1WVpCSUh4UWF5aWJ5bnY1XzVUMkk5ZG9EbzBHQkt6cHJlN0xLd2oxYVA0bjZBUEE?oc=5&hl=en-US&gl=US&ceid=US:en,Elmhurst University,0.2484
U.S. News & World Report rankings: Purdue nation’s 5th-most innovative school - Purdue University,2020-09-14 07:00:00,https://news.google.com/rss/articles/CBMi1gFBVV95cUxOSTVrVkpLY2tPandqbFM1VjlXSmh6aUZuY2t2Wkl0NjlIYlAyYWFjVndtNVVzbWM3N3dRTU1YU1ZRSHdfNGFodFh4MDZDdlIyQ0VkbkZmNmJSZVJlazlCRXExUFFzdHRHcGZ6TlNFTHJpeVVLbml6QXhtUFhqc2xwLXlscFdqUm55bk1sQ3RXZnBhWl9BM1pjX2RPdTBVbzhLS0tSRENQQkxlVVU3aWNOUDNWTTRTSkRpS19vekwyemctSGd2UkZvX1ZuellXckZNd24tNFR3?oc=5&hl=en-US&gl=US&ceid=US:en,Purdue University,0.4404
Caldwell University is a U.S. News & World Report Best-Value School - Caldwell University,2020-09-14 07:00:00,https://news.google.com/rss/articles/CBMilAFBVV95cUxOOFlLUndueUN1aHZWRDRRTTlCVENwMW9vLUt1N2RmeVo0NXpUaGI5X1pCTk5GVXNESHZJRm1ibDd2Q0lQZXUyby1PVlpCSjcteXdSQ1NMVGpUMEREMkZ5ZjU3UmJlNkdRcWVDcWZRWEtMZGppZ2cwYlF4TnZRV2lEV0V3T1dLQlFuTFNuLXJpWTlJaU1C?oc=5&hl=en-US&gl=US&ceid=US:en,Caldwell University,0.0
U.S. News & World Report Again Ranks Santa Clara University Among Top 15 Percent of Universities Nationwide - Santa Clara University,2020-09-14 07:00:00,https://news.google.com/rss/articles/CBMijAJBVV95cUxPZFlSSTBHUDNNckx5X1kyYkowTGU5cnBKcFNGNHNEWmJRUkxGcVZVcHllT1BDZGxwVHNVbmlqRE9rQjNrcGpNdjRwZEpVTEJOc3dtQmVXZ0hmOWJwUjF4T1I2Y1ZoLUlNUFRTc09VVzVLNzZkWHhlV3ZqeWNfdWg3S2hIWWc0M3hTYXhISC1rbmNVdFhNNXV5X3gzRkZzdnpISTJuaGRXeGFmdEdlMHNSWUo3YVZrdGctUTdxbEVUQ3F1WEx4UkN4cnpiQ3BkaklQa1RZcEZfdTg1anFkblN1M2MxTTFZUUY4NElZQlhQeHVGbEtSNHhQTDg2ZWJmSDVveFFuVWNnd0VDaWZV?oc=5&hl=en-US&gl=US&ceid=US:en,Santa Clara University,0.2023
Purdue University Northwest recognized in U.S. News & World Report Best College Rankings - Purdue University Northwest,2020-09-14 07:00:00,https://news.google.com/rss/articles/CBMirAFBVV95cUxNYl92dXdhODJlTm5BUUI4MnhyTFFacGc1ck5kLWFSalU0N0tIZmc4c0pJbWJWV0pOYWVrdkM0WTlmdHhoSWVLVG1ZOGhwd3l2MDdBTGxxcDU4Q0lXYWRrVEVIWV9oXzJIQ3hCMXRFcVZSLXRWWnl4VS1rZ095LVpHbTE3b2tJNEFuclFwS25EQnFnbl9fS20tX3c5YkFOQWlDcGRpSnhub21lNm9B?oc=5&hl=en-US&gl=US&ceid=US:en,Purdue University Northwest,0.6369
Lynn earns four awards in U.S. News & World Report’s 2021 Best Colleges ranking - Lynn University,2020-09-14 07:00:00,https://news.google.com/rss/articles/CBMihwFBVV95cUxOS213NFJSNHQtUVQtcmIxVWJGV2U5RlBDa0E1dWs2dEdmQnN3OHNrcEdycWpiQU9uYWZxaFNNblFDRU9rQlMzNE43ZUhGRl92eFNJVXRMTmxEZkFCWWVGZlBTaHlVaHpxYUFCMWZwN0lUQVc4OE94OEFWOTFLQzVtZjN5VEU3TjA?oc=5&hl=en-US&gl=US&ceid=US:en,Lynn University,0.802
Countries urged to act against COVID-19 ‘infodemic’ - UN News,2020-09-23 07:00:00,https://news.google.com/rss/articles/CBMiV0FVX3lxTE9jVEEwR1VSU3R0S2dkWjZDakFEU1EyVEFPMUNYaGVDLWQwZXNUOGRYLU11ZGotTGpyYmN3M1U1UEJlYVNFdkUtOUhBNWhjU3VlU2MwVFV5Zw?oc=5&hl=en-US&gl=US&ceid=US:en,UN News,0.0
Why social media has changed the world — and how to fix it - MIT News,2020-09-24 07:00:00,https://news.google.com/rss/articles/CBMiY0FVX3lxTE12TmhFT0J3ejFUN2s3b3ZyRHBZa2s4ZDAwZlJaVXlQb01SU2FZejA1NldTdlUxbVd2WlZTQWFPMVBrOUxrNGJ3bzRxZnltYVdteWotY0JIUTBTc0lwTTFzTWxwOA?oc=5&hl=en-US&gl=US&ceid=US:en,MIT News,0.0
Keep health workers safe to keep patients safe: WHO - World Health Organization (WHO),2020-09-17 07:00:00,https://news.google.com/rss/articles/CBMilgFBVV95cUxPamtHUTRWZnpGQzFqRUI3OXNCSlJhUUhzeEllV0tCaUZVOXRSb3NKSmlSQUdqNzI4MG9oYkc0Y1RHcHpPY1FMRE1sYjc2azMzR2JaWlA4bUJKYkVmNVpUODFGUkx3OE9DNVpHNlF2dnVxdWplOTN6UkRYaGM3VEpFcmNRZi1NME0yY3ZEU2dRdXpHMlhNN1E?oc=5&hl=en-US&gl=US&ceid=US:en,World Health Organization (WHO),0.7003
FAMU retains No. 1 public HBCU ranking from U.S. News & World Report - Tallahassee Democrat,2020-09-14 07:00:00,https://news.google.com/rss/articles/CBMivgFBVV95cUxOV2c0VU9BYnZQOTJuMEpubm1QQ1BSZWZjQWdPSXFlSlRVak9qMXNSS1NkcnYwTmNPUjMtVnJrS0xBN3BVdHRJaWs1c1JUQTl4UWJrLXcyemU3Nm1rM1hoS1Qxd0VaVGFCaFFLU21lazQxS21yRzN2alBLY0E5MkZodDdBRFJGa0hielVyMUROZVNaSkFMeG1HY1pJMVZmcEpadk9fU3B2dW1kdnNRSW91WDluVVhhaW5MX3lCS1BR?oc=5&hl=en-US&gl=US&ceid=US:en,Tallahassee Democrat,-0.296
Helping global publishers accelerate business growth - Google Blog,2020-09-17 07:00:00,https://news.google.com/rss/articles/CBMivwFBVV95cUxOSy1xeEZJbXc1NktrVXVmcWJraWtmX2pCVFFTZzRWOWUxeHZWXzZsM0NGczctLXVRRTc3NnNiM3lSZ2ZRUnZkcnkySWNNbDlTN0F3VUNzOWczR1ZQNDN5aURrbmNKbXctRzRuYVBnX3JEa2xDRVN2VTVVUjVFLVA4d2xicS0xWjRLbVFfYTk0aTdNZ3VSXzRCRlEwTG5ud1VZSVkxQlpzcjZETWt4MXpLNlUybVhVR3FubTVpbkhRVQ?oc=5&hl=en-US&gl=US&ceid=US:en,Google Blog,0.5859
Mona Kosar Abdi Named Co-Anchor of World News Now and America This Morning - Adweek,2020-09-09 07:00:00,https://news.google.com/rss/articles/CBMiqwFBVV95cUxNNjZnekg2RnpHajVIZ1pleHlxT3kwUzlnSU5XWWNVdHU2ZkpHRWFfQ3I1aGd6ay1VZ3RNYkVWNjRZRVYyNlhBMUc5N0NBSDE4N1lqVFVVd0hYc2NWLUtkbXl3a3Z1ZEF6QTlJNUJkMmFiVHd0NmlWZEg3M20waUh6VG1TY3NjY0pZenF0ZDVpQUlfQWZMdHN6NXM2MU1HM0RqVURMLTFRZ1g1WU0?oc=5&hl=en-US&gl=US&ceid=US:en,Adweek,0.0
"CSU, Chico Moves up on US News & World Report Best Colleges Rankings - Chico State Today",2020-09-17 07:00:00,https://news.google.com/rss/articles/CBMiXkFVX3lxTE1lZTZGcmNkaTYyTWg3MG9TaTdnLXhhcGkzdW9DYUE4U3hOUms4Y0ZkeDhCamVIRnRfZWR6MEhpelRXcDItYjE3aVZQY3ByRnVUV1V0Qnc3UDNma0Z1MXc?oc=5&hl=en-US&gl=US&ceid=US:en,Chico State Today,0.6369
UF ascends to No. 6 in U.S. News & World Report rankings - University of Florida,2020-09-14 07:00:00,https://news.google.com/rss/articles/CBMiTkFVX3lxTE4tN3NodWdjV0NCV2RpSlBlMlh1azJqMUlYdXRZQUc1NlVLN21wcTlJRERqY0FOOVBZTG9iM2NNaWdhSVZDdXNzNTNMUm8zQQ?oc=5&hl=en-US&gl=US&ceid=US:en,University of Florida,-0.296
The Failure of Putin’s Grand Plan - U.S. News & World Report,2020-09-22 07:00:00,https://news.google.com/rss/articles/CBMimAFBVV95cUxQemc1eUVuMnBFU2hfQkpoaWcxcmRPdWc2bHNBOVlSNlhQV1EyeWN3VkVScVNzQlhwVmJ0QnkyMU15ZmFLbVRUX01rek16TW8yUTlXeE5jTzFXYnBGWlB3LV8wWkp0cXVSVU9BQ3JHLU50TUI3dkp5SVJTZVY2dlNGVE83ZWU4YUxOcERoODdRZTRrNnlVXzFJcw?oc=5&hl=en-US&gl=US&ceid=US:en,U.S. News & World Report,-0.0772
Belmont Nationally Recognized Again by U.S. News & World Report for Excellence in Education - Belmont University,2020-09-15 07:00:00,https://news.google.com/rss/articles/CBMitAFBVV95cUxPR012LW9DeThVd3ltalF1V2ktXzU5N0xtOFcwbjd2c2pyaERyV2otWm56UjUteTJSQW44T2ttNUllRi1VNnNNdm95M3lpTGhoWkxxSE00b3BNdWZ6U25SNENOR05tNlRZTWkwM2VOdlpjMWpSWUdyNkF0R1ZBRHYxelF0QnRsV20yVUVnaEwxM1d4cUpoV0xXZlRGQVk3MWNxdnhSbkZJVzlOVWZId0taVE9TVTg?oc=5&hl=en-US&gl=US&ceid=US:en,Belmont University,0.6249
UT Dallas Rises in U.S. News Best Colleges Rankings - The University of Texas at Dallas,2020-09-13 07:00:00,https://news.google.com/rss/articles/CBMimAFBVV95cUxNalFLQXJQb21SSThfNGstLVFrLXBFSjJWaG5PQmZGSXdmRjRBUHJpUFJZU1pKLWZISkZQU0hDOFg4NXBsb0g5VHFUcFhFSUhMZDU3R2Y1Y21mZWRXTE9XOTBXMnB6VGRrUkc5SFV5ZDlON0R4T3FRY3FpUUk4U0tLWUxCSlEtME12R09zNkVxSFJVYktXRkhkSw?oc=5&hl=en-US&gl=US&ceid=US:en,The University of Texas at Dallas,0.6369
Columbia ranked #3 in US News and World Report's Best Colleges Guide - Columbia University,2020-09-14 07:00:00,https://news.google.com/rss/articles/CBMiogFBVV95cUxQdmRzaUxfVVhUMnltZ1ZMUGdabHpfcVVfUHJoTXRrZWhybHMtaWxPT1FTcWVIVG56VFZXbUk0Qk5wWVJFX1FEaXlEN0ZaZ252cjl2X3JwTzYzZzZXTzljakVtTXFpWGpjeWhpbl9MUktmVlYwVkx1ajVCM1MycmVEdWs4RGctdWtzb1F3XzlqWE1uX2JLSks3YkhSRXZoQmcwN2c?oc=5&hl=en-US&gl=US&ceid=US:en,Columbia University,0.6369
‘World News Tonight’ returns to familiar sound - NewscastStudio,2020-09-09 07:00:00,https://news.google.com/rss/articles/CBMigwFBVV95cUxOaTAzZzFvN3VaemdraE91T0FkcG9hWFF5Sm9uWE9pZF8wanpqYXJvQWpaWXVEVDBFS3VvVXJtcWxxaDdSejlWMzRwNEU4dkt4VGxhZmZEMGRiUlY2WjFYRnpTSGZyQTc3VkRLcWl2WnF2MnBNM3drd0NNNVI4eGN6RnZpSQ?oc=5&hl=en-US&gl=US&ceid=US:en,NewscastStudio,0.0
UGA rises to #15 among nation’s best public universities - UGA Today,2020-09-14 07:00:00,https://news.google.com/rss/articles/CBMiXEFVX3lxTE9jT0ZFNlFYZGZ4NDRHSVdQRXNELTctNkZLMDlqU19BRjROZUc5VEhteXpLb2tVRjdxb2FDYk5mTXJBNHlFcjVyOFZWX3VrZmI4dTZnM0FIUEVDZE120gFiQVVfeXFMUDMwc0h2WHcwN011SmNXWWNyejEzNnhGdkJKRkotUldSY2JSSzRBOEpOV3VXU0FtekVrZk1PSVJPQ3lEMVpPY0RKRS10Yy1wTUJkZ1B3MGtEaGtxTlZEeXRIQmc?oc=5&hl=en-US&gl=US&ceid=US:en,UGA Today,0.6369
U.S. News & World Report Ranks Brooklyn College the Most Ethnically Diverse Campus - Brooklyn College,2020-09-20 07:00:00,https://news.google.com/rss/articles/CBMiugFBVV95cUxOWmZzVm1KaFhjVWlmNE1jYTNDS3lPM2VPRzdqeV9FZlJ3UHJOOUFjaFY2MlhuYmx4cnczQUh1VFF3N0hRRk0xX3VINk4yMEVuU2x0UTJTQkQ0ZXF1RTd0RTRwQ241c2lxTFd3V18wall2a2x6Nkh5Y2hRdEhGMVhYSWxqSG83QVVOUUhpekU5V0pMamRSa3d5VU1jR2pRU2lsc1hKWWl1Yk9nUEVBWWRNWWkwcWVYTkstc2c?oc=5&hl=en-US&gl=US&ceid=US:en,Brooklyn College,0.0
CWRU falls in U.S. News & World Report rankings - The Daily | Case Western Reserve University,2020-09-14 07:00:00,https://news.google.com/rss/articles/CBMie0FVX3lxTE5Yb19WeDYydTZGaHJkU2ltYkFXbkhKek1CTldkTE5WQXRlT0NGWDQ0NThpY0tnV0FJbUwtMnV0ZTZlNmJ4d25peU9VMEhjSE51ekktUVRqSUpITWJSRnV2RVF5TmZQcmRSdTRqWEpTeFFQZW00S1dyTC14NA?oc=5&hl=en-US&gl=US&ceid=US:en,The Daily | Case Western Reserve University,0.0
"California and Oregon 2020 wildfires in maps, graphics and images - BBC",2020-09-17 07:00:00,https://news.google.com/rss/articles/CBMiXkFVX3lxTE5McFZqLWF5TTBIdTdHVG9RaHk0SjdjdUJfb1RodFpBUkpiRkhKaV9ka0RyUU1CeVVzamJzTS04OWVwaXJIZTFJcXVtQzk0UWtEVFFJTm5RbG5jWFZmR0HSAWNBVV95cUxNMkRSTjR0bHdJU1U1dHdQdGJSbUV2REwxRzh0LTNFcWw5UExNcGJfOUYtS2Ria2NNcE5hRlNGQVBPRGhUY1lzTG5oVS1BTG5QTkJCR3R1T05ZRzVfNmtvU0IyNGc?oc=5&hl=en-US&gl=US&ceid=US:en,BBC,0.0
Germany lists potential radwaste storage sites - World Nuclear News,2020-09-29 07:00:00,https://news.google.com/rss/articles/CBMikwFBVV95cUxPZ05ndUNFLW5EWmktM0FFcFB1aXRLdTZhVWxKbHZUSmppemhpYjd6cWw5d1M2RlBYQ1EyV00yblczdFBZYWYyb1JnU1FzbTRqSndBcmMyd1NjNWtiREF2OXBUa3NHRklwcTZJa01QejFqaUxKNjd3ZWQ5dzJDY1ViQkZTZzlFSWdJR19mdzdkcUpDT3M?oc=5&hl=en-US&gl=US&ceid=US:en,World Nuclear News,0.0
City College surges on 2021 U.S. News & World Report rankings - The City University of New York,2020-09-14 07:00:00,https://news.google.com/rss/articles/CBMiowFBVV95cUxPYnNSOU9RcW5PSmxOTkM0V2M4eFZ4a09Pc09IWm9UOUR2dE1XVDlGeTAzcC04b3E0MDZhenpaRFJWcVlEREEwNDlIeU52WHQ4SFk3TXBNWjlVVUxWSmNNYVdDVWlBTkJZcktnU0FlWi0yakpvUVRuSlRSakpGOU9iVFU3aW5kbWZFWC1fUmdybGZwREdYQjN6YjNZSHRxNk5ucnJR?oc=5&hl=en-US&gl=US&ceid=US:en,The City University of New York,0.0
Boise State CS and Engineering Programs Make U.S. News and World Report Rankings - Boise State University,2020-09-24 07:00:00,https://news.google.com/rss/articles/CBMixAFBVV95cUxQTnh3Q3kxQllRT19pZDBJemhIc00zRVBjeHVydXBFYm5RRUk1aUhsQ21hVGtGYjY2djVNRS05bXFqOF9YVkVPUDJxUWNKYmhyUDk2VThBeVBMMUFNSnRDVFQ2NEtRNWFaQXpnNVYzZHpYNlRreWFLVnc1Zl9mOUJ6bGVEM3FzcnNPaWJ0cldlbFdzQm1MSldqZVI4X0tZcmpBaWJYMzZYaTZUOC1UTUZqQUJzVzJlOVBXOTdUemtWT0hrQnFQ?oc=5&hl=en-US&gl=US&ceid=US:en,Boise State University,0.0
A&T Rises in U.S. News & World Report’s National University Rankings Across Multiple Categories - North Carolina Agricultural and Technical State University,2020-09-14 07:00:00,https://news.google.com/rss/articles/CBMidEFVX3lxTE5Eb1l3QzlMRzJSeTh4bDAwOFFUNTdOQVZBLV81TjFRUjZrMXR1UTRrYUdOeEJjWTBtVms1d0hOWVpnOFVmUzZYdXd4d3hMS0xqbXg2ZW9CWHFqUklhaThZYmdXbWE1clltWkg0OWFNdUdrdU96?oc=5&hl=en-US&gl=US&ceid=US:en,North Carolina Agricultural and Technical State University,0.0
COVID-19 pandemic: countries urged to take stronger action to stop spread of harmful information - World Health Organization (WHO),2020-09-23 07:00:00,https://news.google.com/rss/articles/CBMi0gFBVV95cUxOc1RTNkh4VVBKVV9WcGllLU1vZGo1YWF4aFZIazFjaVRQMVM4cGhRWjdXSWpTczYwWTRVZVEzVDZXVkJXaUkwc0o0YzVWN05mWERnanJVTUFCZHNodURTdWl1NHl1OURLbk92dFJzMlBQM0kxNllMZmV3R1BZakNGUzZiRENZU1hUbUdYTHJpbzBMOVg2dk4tQVVNMG1oM0FyclR5UTZrWjliWk82Tnl1MGRsTDdwY2M2czRwM0p2SlRYd0pZWjhHMDRmbk9wRXN3YWc?oc=5&hl=en-US&gl=US&ceid=US:en,World Health Organization (WHO),0.1027
"For newspaper, the world is local - The Arkansas Democrat-Gazette",2020-09-20 07:00:00,https://news.google.com/rss/articles/CBMiiAFBVV95cUxQRGlpT2RtUzR6dFljZTZ1Qy1ZQS1wdld5NWxHNVN5Z0xwRkdLUTAwVFpHcTRYWjFIS0dQelJsTzl1TzhHZXRGZEJQSHozODZabzc4cXlDRmtGYnhLN0NBM2dsZFc2OVNYMGo0aENNdDM3SGptek5pZ2pWOUswTGZ5ZnpIaHFOUHBp?oc=5&hl=en-US&gl=US&ceid=US:en,The Arkansas Democrat-Gazette,0.0
"Augustana University Ranked as a Top Regional University by U.S. News & World Report, Midwest - Augustana University",2020-09-14 07:00:00,https://news.google.com/rss/articles/CBMipwFBVV95cUxQdTQ3NEQya3ktamoyeWlkNzdyQmNSVGV0NUtxdS1hLW5CR1dkVDE3VDVtVDBJdC1kWmxxbF9melo0amhfLUZnOUlRc0RMVU5mbTVha3lFVWIycDVYNUo0MXB1aE5FaXVVak50Sk1nUEM0czRpQW1meFdRMUJOeDlnR05zRlhoVTVIeUlLZnRhS0dOaGZPLWVoVGZFblV2Wmt4RVJabUJ1RQ?oc=5&hl=en-US&gl=US&ceid=US:en,Augustana University,0.2023
U.S. News & World Report Ranks PC Among the Nation's Best at Social Mobility - Presbyterian College,2020-09-23 07:00:00,https://news.google.com/rss/articles/CBMiswFBVV95cUxQVnlROFJsSjJKTDdCc1pHUFg3Y0ZGdFN6NE1SSU1SVUVWdDBYemRTbk9FV25EelIxU2RubVhvN0I3cDM1c2taYV9oWXhpVFNNSFdieWFjSWYzZUozdDZfeXhIQ0dJLWxlcTNSeWNGWkVPbklZdGIxTlV6Y3FTTnVld3pRby1GTUdTdHFlYlEzZkREbVJESmRTM0JFOHhGV21QZnYtdy1nWGlqWEJaenRYb3BORQ?oc=5&hl=en-US&gl=US&ceid=US:en,Presbyterian College,0.6369
Drake ranked among top universities in the nation in 2021 U.S. News & World Report ranking - Drake University Newsroom,2020-09-14 07:00:00,https://news.google.com/rss/articles/CBMivwFBVV95cUxONHp0YXdrcUFDVWdlcmlOZXEwLXFnNTk0MEdjV180d2NPOUdXSUJuM3MyOFdpc3p2a0FiY09TT1BOS2wyQXp0RTdoQ3poMkY3Nm90bmNzSGRfNFpwZ21ra3dfLXFkd0pRY2RySXpMRmZwRlFuQndmMzQzWWJzNW5Ub1NScWVOYlFhdzN0WVFRY2lCeUhpMExxdWRFNzcydjlMWmhKUEFrYktja1dMRTlVVUFCVE1HMXR2T3VfSWsyMA?oc=5&hl=en-US&gl=US&ceid=US:en,Drake University Newsroom,0.2023
U.S. News & World Report Names Delaware Valley University in 2021 ‘Best Colleges’ Rankings - Delaware Valley University,2020-09-15 07:00:00,https://news.google.com/rss/articles/CBMiqAFBVV95cUxQZGtITEVKSzhFQ3dpWmc4QWtjRkNhZk5zWmpWYWtSdWVLMnZOWkxBYXVzZWZPRVhGN1FZZzl5UjlLNnExbzdXNWYxbjdQYXluSUdjZUpLc0hkNGxJLWotclVGUmtHSmtZRGw2Nl9aMHplTXFYQ1REN0pYeTBVaGFfdmFiMGI0N1FtVDNqZnNMQWhzTmtDYjNhM3RjcVdxMVp0MXNhNEtWOTg?oc=5&hl=en-US&gl=US&ceid=US:en,Delaware Valley University,0.0
Why black Americans are more likely to be vegan - BBC,2020-09-11 07:00:00,https://news.google.com/rss/articles/CBMiXkFVX3lxTE5ydkV0MDVxX0lxWm93ZGJVc1F5a1dCcmxfcHVteDZlXzJHNG1WSndwRENjbVhzZzNUZmxuWTNYUldpMHVtODJQMlFTWWstaXlfZGFiM0lkODA3ZVpFU2fSAWNBVV95cUxOMDB5aWlQaUF4YVluTjUwUHBsRW5aWTNhSFJKM2Frc2VQNUtwM19NLWVhekQ3c080TUVucU1BM0VOb0pRYmFETnJWSUQ5cldVYTM2RjZFVU9PTmxVM0RSOHczdHc?oc=5&hl=en-US&gl=US&ceid=US:en,BBC,0.0
SDSU Up in U.S. News Rankings - San Diego State University,2020-09-16 07:00:00,https://news.google.com/rss/articles/CBMia0FVX3lxTE9QVDdKTHRxRjl6bHpVRWdHdUpMeS1JU1pSU1hzdDRvb3dWd2p0RmZnb3pQNmhsdDlpRHEyWEJ3Z19Ka0FldnZKMEVRZmp4SDVhdDZPbzRxamNfLXhzbWpKbnRRUTNqRUlUMXVF?oc=5&hl=en-US&gl=US&ceid=US:en,San Diego State University,0.0
TCU Rises 17 Positions in Latest U.S. News & World Report ‘Best Colleges’ Rankings - Texas Christian University,2020-09-14 07:00:00,https://news.google.com/rss/articles/CBMirgFBVV95cUxQaTg2MTBfSGpWVWYxM0dLTE5BamhIMXRyR0ZxMnk2d2tBZkRjTEN4bU5mdi0tTDJ5YWJINGdjNW90akN4LU0wU1BRQWVLU0xTcmdoeHFiQlRlYWdKTi14T0trN3pGeGNIS0hnMW92RFF2V04zUndNZWFCMjRhSG8tMnQtbmxfcDFmM19rc3VSREtKTnJka2hMM25TOXQzT3c4Qm1NTGZGYms5bFR4OVE?oc=5&hl=en-US&gl=US&ceid=US:en,Texas Christian University,0.0
Did anyone really win the first presidential debate? - Northeastern Global News,2020-09-30 07:00:00,https://news.google.com/rss/articles/CBMimAFBVV95cUxQMURQSVBKb1N4LXdlcHZrVDllb0pFR25UUFlnbzh0N25uOGtKdFdrT0hRTGgyOGZIdmlORjMxcUE4TmsxSjhnUXVVYmJVZzFwNFYxRWRYSV90N1BHNkV4czd6eVVxOUJFVzZqT1o0SVV4d0pOTmVJUXg2alJwbTB6ZWk2enhFVzFLT3g1emdlc1RmYVlIOGxMXw?oc=5&hl=en-US&gl=US&ceid=US:en,Northeastern Global News,0.624
"US News & World Report's ""Best Colleges List Ranks UST #18 - University of St. Thomas, Houston, TX",2020-09-15 07:00:00,https://news.google.com/rss/articles/CBMilgFBVV95cUxOWURWM2djVldHRUhLSXF4Y2otLVN1bm5NS3BYZzhaVFZTUTc1NzRPRUVQVktFWGVnU1hQWXgyYzJJc1NYbHRRM2tIWFc3dmZNNXpFd2ZqV0RFaVpUeEVYNVdoT2VZajhTUGRKZTd2RHZxYnhaSFhVZE9TRVNVa3FpNG9Wc2M1QWxGdHYwQzNLODZVd2FfR2c?oc=5&hl=en-US&gl=US&ceid=US:en,"University of St. Thomas, Houston, TX",0.8143
LMU Ranked Among Nation’s Top Colleges by U.S. News & World Report - Loyola Marymount University,2020-09-14 07:00:00,https://news.google.com/rss/articles/CBMipAFBVV95cUxQeC1UMGk3UWRGdVZtX3F0aWQ2ektTZVJzcGhOcTBoMTZhSnhjUVdxV2dyM2pXUVNoS21FYmRoS1JnTUNIMlFzUkE2NHI5dlVGUHpFN3FCeFQ3cGpCN3dNVUkzSXBHSzEwXzk1YmdXV19oUDBVbTVvaC1BR0g4WGoxQ1c4MGdSQTZMc1ZQZk1LNm9YZHVQdXdEQ0pxWmdhQ2I5TWp0MQ?oc=5&hl=en-US&gl=US&ceid=US:en,Loyola Marymount University,0.2023
Changing higher education to serve the changing world - University World News,2020-09-12 07:00:00,https://news.google.com/rss/articles/CBMid0FVX3lxTE5zMFVSVlRSN0hWY0ZhaVNrX0tWM3JrYVlLREYwSTVSUXpRd0lxZjd0bHlCempSRFg1UGVCWlpwak1HZnpxNHdqa0tTNzJvZmpEWnpycVk5QlFIZlZJREowT2FvNEl3TXBGSjJZMVE2SVRLN0drQ3pN?oc=5&hl=en-US&gl=US&ceid=US:en,University World News,0.0
Armenia and Azerbaijan fight over disputed Nagorno-Karabakh - BBC,2020-09-27 07:00:00,https://news.google.com/rss/articles/CBMiWkFVX3lxTFB0eW1XUU54Qm5ibGZBMkh3d3FrTm1xRmlYd1BqU2xnYXNMRlZsLXBXOFdFM1IzZTVjeko0VmZ5OTJ1QkVJUTJJN1FQdFAyNE15N1BQOHVLb01ad9IBX0FVX3lxTFA3Wm5CYW9nYnhPbXNjRENMUjE1cUZ3TUFkUXNCbHVWRV9keDl5U3JDdlBjbmJQYWVUUmlOZWRUanVoREVueUU0a0Z0VFZTUHlSU0pnZnR4QklWU3VEWGcw?oc=5&hl=en-US&gl=US&ceid=US:en,BBC,-0.6124
UCLA ranked No. 1 public university by U.S. News & World Report for fourth straight year - Newsroom | UCLA,2020-09-13 07:00:00,https://news.google.com/rss/articles/CBMilgFBVV95cUxOV1d3b0owT0VEaGsxSVB4T2ZtcXpOWWZGRHlwTDVQcmdmLVVpek94Um8yVm52LVZBTWpfOWVhaEV2TEJYWElYSEJ0Zm5mNDlnSk1kalRzUUMzOF9kU1JMVFJtUDEwbHVqWjVKMlo3Y0dmRzVjWHV3UnJ5TnhnWnUwcUpZMzh1NTJNTGVtWXFrRWZfbG0xNmc?oc=5&hl=en-US&gl=US&ceid=US:en,Newsroom | UCLA,-0.0772
CSUF is Fourth in Top Public Schools: U.S. News & World Report - CSUF News,2020-09-14 07:00:00,https://news.google.com/rss/articles/CBMimgFBVV95cUxNMy1LVkFDZWMyWUc1WGZjOUNBc3dDUTREbGE0LUp1RWJYYUcweU1CN1c3a01FMS1JX1VLSVN3d01oTDIxamY5REd3S0dVbW9SaV9rQlRKaUY0eGNKS0szMkltR3FYalBEVW5ST0pHWUNZeTJnMVQ4ZGdNSjhKazktR2tEeVZSdUMxeU80OGF4bm9YZGNXakxsV19n?oc=5&hl=en-US&gl=US&ceid=US:en,CSUF News,0.2023
U.S. News & World Report Ranks UC San Diego 8th Best Public University in Nation - ucsdtritons.com,2020-09-14 07:00:00,https://news.google.com/rss/articles/CBMixwFBVV95cUxNcEJVc1Vad29OcEtzQkZmT1o0ZVpsVHhzUERFVTh6TjVkQjFocmlodlAtN2swemR6ejkxRTNhYU5CYzZ2LUluWFZ3bFJ4ZzctTUVqOTk0Y2s2ZndRQVpQUmtoaGhMM0ExMmM3MmlXVC1ZWmk0WV9RSGZqbm1yWHJGQ3dDZHNmN1phOWRUWVJxMXdHdFBRZ0xOdlI5MHRhUENKZ2gyMXlPc3I3Z3dqOGVjajBFVUNVMURXTnVkZ2RMNG5LMFNZaWlN?oc=5&hl=en-US&gl=US&ceid=US:en,ucsdtritons.com,0.6369
University of New Haven Continues to Rise in U.S. News & World Report's Annual College Rankings - University of New Haven,2020-09-14 07:00:00,https://news.google.com/rss/articles/CBMiggFBVV95cUxQb1h6Ml9SalZKWmxLOEhPNFc2MzBUTm4wc0xxRDZaMVFYemYwdEN1a1d6a2Y0bEZYNlhFb1o2akxEZ0FSeEc1RnN6R1ppMmdIdV9CWXQ2WGFacHF0eFEyd1pGaDhJRDEtUC1FM25Hckp4OVppSVkyeFNHU3pQQmMtUFJ3?oc=5&hl=en-US&gl=US&ceid=US:en,University of New Haven,0.0
LSU Recognized as a Top Tier National University by U.S. News & World Report for the 13th-Straight Year - LSU,2020-09-14 07:00:00,https://news.google.com/rss/articles/CBMibEFVX3lxTFBZOV9nS1dmcWdqNEZjUXFUZjE4MnVzRDVyN3g1YUNoVE1FQnQ4N3hpNUdJWFB1b1BWb0FLb2VPdzh0TFdIWk9VbW9tcERNWUJJNUo0dk02ODUtMXdQZGVpZWRtVk9HQV9RR2FWcw?oc=5&hl=en-US&gl=US&ceid=US:en,LSU,0.2023
"The world is running out of sand, the second-most exploited resource after water - Northeastern Global News",2020-09-29 07:00:00,https://news.google.com/rss/articles/CBMivgFBVV95cUxPRHI2dk1HZTJVeTNKT1hmZ1pYMHJjeVR4SE9tdUJhc0JlMzdOMlR2V3cxSk8zaXMtWGMzN3JscXpUV3BVRlBtSzJCNkE3a3phREJoZFhaeVJqT3RadzhSZ0psdE1XWVpLOS14OXZMZk5RZGlQV19hWXB3b0o4d01hNmluQm9FeE9OS2RxRTk4ZkZTdXBueUduaWd5Rk56OThxSmN5VEV5SVU2UUtGa05YSnByc3VUOG44eGhUNU5R?oc=5&hl=en-US&gl=US&ceid=US:en,Northeastern Global News,-0.4588
"Georgia State Near Top in Innovation, Teaching in U.S. News &World Report 2021 Survey - Georgia State University News",2020-09-14 07:00:00,https://news.google.com/rss/articles/CBMitgFBVV95cUxNVXZYRUwwS3RxYmJILW1SbDFlMF83cFZJV183VmNoSEtkM24wbnA2ZnRBdHJVQ2RJZ2hQY3J0b1RETGZzdjg3THc4ZlFUVTQzRk81VkhUVUNVQVd3dGZCQUpDajRvT3Q0dld5VHZOS1pacHg0c3ExQ1pvejloUkliblBLSTdmNXZfREZGYXNpdW9CWENQRUp0RE01TFhGYTVmTUxtR0dzVTh5ZGwxdm1YclRab29fZw?oc=5&hl=en-US&gl=US&ceid=US:en,Georgia State University News,0.5267
Pepperdine Maintains Standing as Top 50 University in 2021 U.S. News & World Report Rankings - Pepperdine University,2020-09-14 07:00:00,https://news.google.com/rss/articles/CBMivwFBVV95cUxObEdpZkxyanpiYXZqRTMyOE5JS0ZfWDJHbU9QSFgzMDNVYUhDeFBrXzZULTVhNjRCUEpMQXhGY3I5dks5TlIwSVR0SHBCWDZBVElpUkN1bDIwMV9TNzZnMzd3ZmhMeFo0ckk5V1JTWjNTZTNKZ3FJdDktekV5V183VXVRZzNGaUJyUlN2Z1YwSm5fcnd2Mk1WdzhWYTFDVERvQnVZQ2VUVlp5R05Yem5nenNCU0EyTVRyVFhZX3AtTQ?oc=5&hl=en-US&gl=US&ceid=US:en,Pepperdine University,0.2023
US News & World Report Ranks SUU 3rd Best in Mountain West - Southern Utah University,2020-09-14 07:00:00,https://news.google.com/rss/articles/CBMif0FVX3lxTE9LYm55X0RyRW03bUVRS2FUQWVmeUhVV3VPOTlteVZzVEtXYlZTYTd6YWhGRFJPYnE5M0tWWUw1SDJMNmJBeWc5YlVhR29Mem96Vm1JRTBPdndmN19xeVhVTWsxN1NuVDBucG9fckU1dTVacW1pR1pNQVZOOFViU3M?oc=5&hl=en-US&gl=US&ceid=US:en,Southern Utah University,0.6369
A global pandemic requires a world effort to end it – none of us will be safe until everyone is safe - World Health Organization (WHO),2020-09-30 07:00:00,https://news.google.com/rss/articles/CBMi4gFBVV95cUxQQmpSTW5SOUxFaWMwYVhScktfQTRKdXkwVkR1bGU2RzNjRXllcXhlTnJtakVpc01XSHBXa1k5U0pOZWFPY20wV2VoYzNtWXJWOHJzUE1pRTRpeUZIVXdTNUR2bGJQSVU1aDR4WkItRlIySUJkaEtMS21ma1Q1bWM4d0N1N3VGSUhWR1lGUWhJc1FFQmVjUVFOUFk1WXFOQ1RheWlJXy00RnFlNncyU085TzZnUVpDVTFuWXVFajcyUnRqSzFVdkZucWRLM2F1S21ualYzbl8wMkV1LV9fNG0yU3hR?oc=5&hl=en-US&gl=US&ceid=US:en,World Health Organization (WHO),0.7003
Ruth Bader Ginsburg death: Trump to nominate woman to fill Supreme Court seat - BBC,2020-09-19 07:00:00,https://news.google.com/rss/articles/CBMiXkFVX3lxTFA1VmRsVmpQWG1zRElhbjBoM21rUi1URUFoQzItUl9lQ3JWdnVTazJpQ3BORVZhMFVxeXYxMUZyVWNuaTMxODlhQWNrM3RuZlNORDZ5VDJta1dZdHVsN1HSAWNBVV95cUxQdmRseFhLT3VrUkV4ejhTc2R6c0Nia2k5WUlob3VPV3BtM3Zsc1VuZDhtV0w1b2prelY3M3drTzJ4UGZ4MnlTUkNCcWZHNU5YRXdsYktBVERFYWIyWTJ2ejRqeEk?oc=5&hl=en-US&gl=US&ceid=US:en,BBC,-0.0772
Disney criticised for filming Mulan in China's Xinjiang province - BBC,2020-09-07 07:00:00,https://news.google.com/rss/articles/CBMiUEFVX3lxTFA2RmlPRG56dE5jaUVjdGRvVzFVaGE5Z3RuLUljOUVYVHNsUU1sZ0RxcmpXaW5IcmR3VU9EYkd1RlR3c3dtVDJCOEhfcFRfdkw00gFWQVVfeXFMTWZ0Mk5QdjJvOTFydFM3ZEFjRF9NQ3VCbENEQ3VuWVJxRGZpNm5ybGdKOGhzR3BOY3JyVHYwM290SjhSY1NVVDJhdFRlbXZVekN1aXF5TVE?oc=5&hl=en-US&gl=US&ceid=US:en,BBC,-0.4215
U.S. News & World Report Ranks Chapman Among the Nation’s Top-Tier Universities - Chapman Newsroom,2020-09-14 07:00:00,https://news.google.com/rss/articles/CBMisgFBVV95cUxQV2UyN1BHTmEwVmg4eHBXOTM2QzhZaXpxUVpRUVpyeF9EUkRVdVdINGpNOTJxWVRLMVpES3RzMW9CNzVVWjE2UkZ2S01lS2lUTFBkazlldkZ5LXhCQWt6YkI5SGs5ZjRPbXRFb3g2UDNLeWZMSmFpc0JBUDlELWwzbjA1b1otdU1MX2h2YXA1VF8wWUluVTFUbWl4b21ISFp3Q3Jab09mSno2dGNQaTdMRjJR?oc=5&hl=en-US&gl=US&ceid=US:en,Chapman Newsroom,0.0
No. 1 National Ranking for College of Idaho by U.S. News & World Report - The College of Idaho,2020-09-14 07:00:00,https://news.google.com/rss/articles/CBMilwFBVV95cUxNNGh1MGRsYndSXzNYbDBJTjhDZlRiYWlXMlM2d1NpQ0VhanNKcnRqLVZ4TjRwSUY4X0VLZEV1bFRxVVBfSkM5Nk9tT011Q3ZjTnZSeG4tdkZ1NlVwRGZTZVRMcHJTMV95ZkVsbzdWNGIyd1ZrOTY3amZJTmFFd0NtZlVIZVJxT2xMUzZ3ZUpqLW91OHV0VGZF?oc=5&hl=en-US&gl=US&ceid=US:en,The College of Idaho,-0.296
Every woman’s right to a companion of choice during childbirth - World Health Organization (WHO),2020-09-09 07:00:00,https://news.google.com/rss/articles/CBMipgFBVV95cUxPX3N3TXFla2xJNTQ0NlRYVE5UMFZveUxTNWpHZkZiR09lT29Pek1lZUlTY01HQmw2dlJFQlpxUHdMbEJ0NmREaXN2azZKU1NMcVhiZm81bTlUSnllTmY0Wm12YndNWGo4N2NLVENvV3BuODdWWlpKS0VnYWRoUS1jOUJQWEFRaFZRTjdYTEZQLUlsWWMyQlRtM0dzZXNWUS03UFI3TlhB?oc=5&hl=en-US&gl=US&ceid=US:en,World Health Organization (WHO),0.0
Action learning in the virtual world - MIT News,2020-09-14 07:00:00,https://news.google.com/rss/articles/CBMibEFVX3lxTE9ndTJHUi02NUl1TVF1UC1HdlhlREN5TWNneHNjNHVlYnM5ZVd4RUR6MUdZUlU4V2t1Qm8wOHhqWTh6TmdOQlVjaEFPU2FOYVVxQ2NHd0lteFRnSnRYNE9PaDVlQlJmbUUtZGZ5Rw?oc=5&hl=en-US&gl=US&ceid=US:en,MIT News,0.0
University of Richmond Earns Highest Ranking Ever From U.S. News & World Report at #22 for National Liberal Arts Colleges - University of Richmond,2020-09-14 07:00:00,https://news.google.com/rss/articles/CBMihgJBVV95cUxQWXFTUFRCSnFyT3YtSDBBMEhxMmtZTVJmd0RxWDhiVXY0NmhydFJHVHFkem5FQXIzcHFoREhVQm9ZOGlzWXJSMXVhcEdEaDZxMmRIU1JYTUtsOWNTbml4d2d4T2pvdUhiM0xIV0c3QktNNzNYOXZGRUZCbDdHRTY2RkN1YWQ4NHJCaWM0OVNoWlVYYW9lR01abUV0NkJ3TzhJaTRhS0g0eHFIdU1GLXJ2ZldFQXdIcTNCSERYVGlBdk43aWd3am5BMzVTa29OdlNIdWJhUWRiRUk4aUhVTGUtU0hVODc0dnFZbFhEbXBFaUNzTWZieV9oRmNTVHQ4YkY3UXJYQUlB?oc=5&hl=en-US&gl=US&ceid=US:en,University of Richmond,0.0
Tuskegee Ranks 4th Among U.S. News and World Report’s Top HBCUs - Tuskegee University,2020-09-14 07:00:00,https://news.google.com/rss/articles/CBMilAFBVV95cUxQWE0yak1RdmliSlZFdS0zeXVzdWF3dkpkYWNRMWVuV0pDbEFRRmxwb05rQ0VKU0dmYUFabWt5V3Zya0RraWVBSUdra1BOS1BQNEJiWkp4VGtkYVh2dXB5ZjVURXktODJZWFZRSnFESi1uOUJyWVZjODVlcXBrZ2hQcU44SFhhdmhpcmNKUDBtc3NlNlNU?oc=5&hl=en-US&gl=US&ceid=US:en,Tuskegee University,0.2023
"Guardsmen Serve Throughout Nation, World - U.S. Department of Defense (.gov)",2020-09-14 07:00:00,https://news.google.com/rss/articles/CBMiqgFBVV95cUxQd1MwaHdRWlhhYnVxbjNncmJ4cUxBTzRJNEx3Q01idGRReTJVYVBPQWlnWG0xU1IyWlN0YVk0U18xdFdGRW5lZlM5bkwzXzBvZlJScWYyNk5pV2NRZkFMUEhMSGFuM1poQUt3RFZhd0FVQ2YxZmtpSXRpZ0JZQmt2XzN6VkFmSzhKazRUTjJQbUdXWVA3LWNQVldobERUSnJhZTI5RjdRQ0xiQQ?oc=5&hl=en-US&gl=US&ceid=US:en,U.S. Department of Defense (.gov),0.128
Lees-McRae ranked among top regional colleges in South by U.S. News & World Report - Lees-McRae College,2020-09-15 07:00:00,https://news.google.com/rss/articles/CBMi0gFBVV95cUxOenNkN2kxaXluWmpmeWYyNjk1a3A1RTlENUZQc3dWMEdvWE9ueHBoQUNsS01VdmU3YzVkZ3dUcUptZG5YdzhpS1FOVU1zSUMyNTY3Q0JLQ0xYQy0yMFhZZWNTOVpfTk5mWi1OT1h2eW4tYlNyNVplTmtfSnBqTDNXa3pjaUJKenRMU09IbWlpYmZWc29EMEZvM0IxSnEwNWNXT1NGc0NXX3gxakozV3FlX3JLM0l6TWpMZV9sRHk0ZG9manFGRDNwZHNITzJRTzJDNGc?oc=5&hl=en-US&gl=US&ceid=US:en,Lees-McRae College,0.2023
Agreement on ownership of Summer equipment - World Nuclear News,2020-09-02 07:00:00,https://news.google.com/rss/articles/CBMijwFBVV95cUxOcTZrVVM5OGgyWG9wLWJtRjBYc0hSaXpRNktkMW5Ic1lueUQwX3luT0JHTWU4bzF3YklJQ0NsMVE5VjYwYkNYcTc4T0ttVGR5ajNqc1JzQ3piOEhib18xaVBhUFVkQmxyNmdpdGRCTFhEc1l5T251eVJIeUhMTlVDQ0V6ZU9hY0xzTWg5RXNHSQ?oc=5&hl=en-US&gl=US&ceid=US:en,World Nuclear News,0.4939
Coronavirus: Oxford University vaccine trial paused after participant falls ill - BBC,2020-09-09 07:00:00,https://news.google.com/rss/articles/CBMiUEFVX3lxTE04UmhyTjNCQi1MWDBvS1lRWE93cjQzdmFoSEdiY1JNd040aHN0a2J6aXEyYWhZOXlDbUN4anVvWnl4aDhsRndDYV9MQmV1SEZJ0gFWQVVfeXFMTTVZSk1NUVFxbzY5ZHJubHNIVHZ0U01YUEpFTWZDenB3aDM3aFBmTnZYRWp6LThwYmtwUTNYSmZZQ0M1bE8yTTZ1dzZzdDRmNHJUSjZ4YWc?oc=5&hl=en-US&gl=US&ceid=US:en,BBC,-0.4215
"Ahead of biodiversity summit, UN officials call for action to preserve the natural world - UN News",2020-09-28 07:00:00,https://news.google.com/rss/articles/CBMiV0FVX3lxTFB1LU56a2dlalkzTEYxaG8tRHAwNXV6UlM2WktYcEs5emg2QXJHWncxd3hZcXlGYktJZGt2NlJoeFotODljbktXVXRjNnZ4WGF6VVp3R0FTdw?oc=5&hl=en-US&gl=US&ceid=US:en,UN News,0.3612
Research Thursdays - “The World That Fear Made” by Jason Sharples University of Pennsylvania Press - Florida Atlantic University,2020-09-17 07:00:00,https://news.google.com/rss/articles/CBMikwFBVV95cUxQbF84a3lmaExmSUlwYS1KRERuMVYyZHhPQVk0WU5KQ3JpTEFrZEtKSEI5d080YkM3NWZiUXQ4V1Q4MWZVYmk4X2RXOGlKbjU1aFRrV19OZy1UeHpZQ2lmZm1WdHI0OHUtX01NWVdBbk9RZEtzSm9CdTJiMnRxeHJyRVh4WUItYnFHaDBuZUJhU3YwaTQ?oc=5&hl=en-US&gl=US&ceid=US:en,Florida Atlantic University,-0.4939
"NVIDIA to Acquire Arm for $40 Billion, Creating World’s Premier Computing Company for the Age of AI - NVIDIA Newsroom",2020-09-13 07:00:00,https://news.google.com/rss/articles/CBMiygFBVV95cUxNZnhpdDk4WGJpSjRwa2p5LVpla2VlVWRnRXBQQ3lsYm1fd0hDMHVERVFXbk5GWEJXcTBvTl9BMF92aVZKdW5RRWFXcWJ2WkZGcmNhUTBET1daaDMxOXktaTNHWEpUN2RkUVlXdWlGWkZjYl9yYURWWDE0UTBOeUd0ZHFFeGdtR3k5ak9oOGtZUzRrTzdyZzc3N0lRQ2JSaFpweFZCWE9FMGtPTkZsUWNUQlNTTDIwT0dWRlpOQW9ILVg2Rko5S2o3emNB?oc=5&hl=en-US&gl=US&ceid=US:en,NVIDIA Newsroom,0.296
2021 U.S. News & World Report Rankings – Embry-Riddle Claims Top Spot among Nation’s Undergraduate Aerospace Engineering Programs - Embry-Riddle Aeronautical University,2020-09-14 07:00:00,https://news.google.com/rss/articles/CBMidEFVX3lxTE9aZzlCZ1V4Ti1BbVl5THRUYTRtRGlDV2hoZEN3MzhJaEJ4dGl3ZllaOWpOLV92NUtRaXgzUUtpMnMyMEV1MlpRMEFRNk52ZjNOQVgtYUc0Yl9KbnUzZ1hOZjhnSUJFSDNxVWY1MnBJZ2JQOHhO?oc=5&hl=en-US&gl=US&ceid=US:en,Embry-Riddle Aeronautical University,0.2023
ABC's 'World News Tonight' Wins 2019-2020 Evening News Race - Nexttv,2020-09-22 07:00:00,https://news.google.com/rss/articles/CBMijAFBVV95cUxPTDZCZkpoSUtkMTdmbHdFaER6Q3NTazFLXzhBREFObXppc19NVGdEdjNldTVGaWVFTnk2Nk0wVzN1TDBSMFpOVWxYU2htcXNJeDBNSlBRbmRRMnpoZncyN1J5NXRXZ0x1SXRrenh0N3FSWWpObExiYXp6TVVLWnRiNjJTWFRwSmpyNERScg?oc=5&hl=en-US&gl=US&ceid=US:en,Nexttv,0.5719
"""Come and See"": theme for World Day of Communications - Vatican News",2020-09-29 07:00:00,https://news.google.com/rss/articles/CBMiuAFBVV95cUxQNTZBS2U5TDIxcVgzNVRBc1VBT1B4czZxMG8xTWRES2p5QndFQ1BjQWdVLXFCSnZHUkVPMHR6SG96Zmtnc3pxRGh2WEJoOGowZ2tKbUhET3dIeTBlYUxjMFdwX2ZrWFNPbUNLWGJhVnM0c2pkbTBoUE02bzlodjJJUjFIZE9BX0xqTUx2LXdKSTNqS3hlSlhxZXdydFVOUDcyVERyYzFYdnVULTctcUJ2M2dOcHpuUlRE?oc=5&hl=en-US&gl=US&ceid=US:en,Vatican News,0.0
UR earns highest ranking ever from U.S. News & World Report - UR Now,2020-09-14 07:00:00,https://news.google.com/rss/articles/CBMijAJBVV95cUxORHRBcVpDVnFvT3N5NWNsbXdLamZzV21GYXExbHQ5MlNBMTA4amZaVE90QmRDeWZ3YWdkRThPbWFrZnFiOFFHUmFVR19iaDBJazFGZ19zYWdRWlQxcWl6OGNXWDctZ0czNTlFYzZMQ0dhOGI0VEVlM3JPVXRXYWRuMWl0Y0tpSVRRNHBTNHZLbDlaN2dMX3Q5NHpsQUIzUXdNNnFleVNlUlVEbzhLTFBMMkthMTFaLWluSFktdW5JWVRpcndyOUFDeld6aXdMOHR6b0pQYmo3QnY0b0NPR1NKS1VSMnNidHJEUGpiNWprQWhBN1Q3d2J3VWI5TTlDUXBWX1czaC1jOVJTbml6?oc=5&hl=en-US&gl=US&ceid=US:en,UR Now,0.0
"Former WSET reporter named co-anchor of ABC World News Now, America This Morning - WSET",2020-09-09 07:00:00,https://news.google.com/rss/articles/CBMiqwFBVV95cUxOVF8yWFgxZGo3dFB1QVVqZGhDeVlNRzB6dmV3b0hhWkljYkhmTUs5SUVWdGRsSHU2VTRwV195amU4VnduSl83ZWtKYV9yVHJ0RUFkaURCWU9GMUlTVFdlWU9FU3VETTV3azVvNi1IWS1XV2loSWV4ZjRvcDVoSGFRV1R1VXB3ZlZxOG9hSEhFcHIzZnRKZkc1MnZTSjRLSGpEM1pwN3JBckpUTGc?oc=5&hl=en-US&gl=US&ceid=US:en,WSET,0.0
Tobacco responsible for 20% of deaths from coronary heart disease - World Health Organization (WHO),2020-09-22 07:00:00,https://news.google.com/rss/articles/CBMiqAFBVV95cUxNYkE2RFJjei1ibWRyamRBY3k2VVFBX0pZNDI2b2htUDU1bzFJQ1FNaHJWS25SM0hvZVJ2M3dnVDFOa2gtY1pQWnFxRzE3NVc5eUlpcGk4eFNtUFZZblZwZWlkT3RmTXFkWldqbzlQdjR5NFRMY1FVVXkwQ1o1R0lvcHhhRmRTUVp5UEdBb2x5V3lDYWtlQmgxbmdGRUVqc0VfUjcwbll6dG8?oc=5&hl=en-US&gl=US&ceid=US:en,World Health Organization (WHO),0.3182
The world must not be ‘neutral’ on enforced disappearances - UN News,2020-09-21 07:00:00,https://news.google.com/rss/articles/CBMiV0FVX3lxTE9ab29tcG1GY2RsaEh4a3dwYUZnWnhzQ3RwRDFqMlY3TDNDanpTU3djTUNuZEkyTFVRWEM4b1k1bEFXYnZlQUUtMnRvU3BJNEZMMnNkOF9sTQ?oc=5&hl=en-US&gl=US&ceid=US:en,UN News,0.0
"World isn’t meeting biodiversity goals, U.N. report finds - PBS",2020-09-15 07:00:00,https://news.google.com/rss/articles/CBMilgFBVV95cUxPOVoyR3dpZkYtaUpUZ1EtY3M5YnNJSU0wVmRhMHJ0RXhsXzk0OXBxbHdjOHY2bTVSRVBQYW9GMmhxa3VkSERtQVUwc1Q0Q1JQUy00TkFRRzdPY1AxVk00UXp5VFc2RVhHTDROQnJCaDZsMWlxcDNYWVdjSkZ0QnNKRnR2amVzWnRfVEFVMmREa3hramtXWFE?oc=5&hl=en-US&gl=US&ceid=US:en,PBS,0.0
UT Programs Rise in 2021 U.S. News and World Report Rankings - news.utk.edu,2020-09-14 07:00:00,https://news.google.com/rss/articles/CBMidkFVX3lxTE5nRXp4OVRxUmN1NHQ0bTM2ei0xODZIcm13ZXE1SldRSy1HUjFDaW9GZlJuWk13alNxVVpwWGItZkhQeUYtLTVXRVdlMGFQT3hwVDczYkdaaXpZLXdLaVp4YzROZ1N0R2c2aHk0MDhsdngxa1l6TUE?oc=5&hl=en-US&gl=US&ceid=US:en,news.utk.edu,0.0
City College surges on 2021 U.S. News & World Report rankings - The City College of New York,2020-09-14 07:00:00,https://news.google.com/rss/articles/CBMijgFBVV95cUxQRUxPdm1aSTY2dWthdnBrbzR5LWQwTTVxUHdpT01IUjc3T2Uza0pnaHJ5ODg2VVkzR1ZsR1dEYWE2UXl6Zng3RXFJaXdjNmhMWGNRaG90RkZjdl9zX1Z0SlgyUzl6c1UzU0ViUmZXU1hLb29kVU0zVk9SV0Vxd1VJdkNRSW5nWGhoY0NkZTBB?oc=5&hl=en-US&gl=US&ceid=US:en,The City College of New York,0.0
Cal State LA continues impressive rise in U.S. News & World Report rankings - Cal State LA Newsroom,2020-09-13 07:00:00,https://news.google.com/rss/articles/CBMisgFBVV95cUxPN3lxaWh4Z2l0SG90MVdCbkxDS1NQZFcySzM3ZkVqck5Gc2o3RWN1NE9XTHNpREdReHdTSUxPdWlEQURhWUNCbkx2T2QtMno1Uk5pT1hObmVhVDFheW9JY2VPajFLQzhrbkRhNjJxamdFQTJqcXpNWmNsWWRSZ0ZHODBQMWtKdXY4blJWR3JVUnRScUdrQzdQSE9Dbmwyc3dGUVRtT01fYk9nYXRwUnF6enVR?oc=5&hl=en-US&gl=US&ceid=US:en,Cal State LA Newsroom,0.5106
Hofstra Among US News & World Report’s 2021 Best Colleges - Hofstra University News,2020-09-16 07:00:00,https://news.google.com/rss/articles/CBMilgFBVV95cUxNWkJ2TktpTWx4VDNuR0RWdFcxS0lSNDAzek13VEs0YWl3bzQyOFpzN3dpX1BXbXRrMnpTYWJCZElTYjJjMVJmbExoRkNNeXFyMjUzZ1BaQUwtQTFkZ1JkOGVCMmF4R0RXWEl1bGNXVUNtX24zZk1WRDViU2gyY19XQW5aalVjWnFBOVRUdTgyMGdnOGhIWFE?oc=5&hl=en-US&gl=US&ceid=US:en,Hofstra University News,0.6369
Stetson Moves Up to No. 4 in Rankings by U.S. News & World Report - Stetson University,2020-09-14 07:00:00,https://news.google.com/rss/articles/CBMiowFBVV95cUxPaWdOdXA0cDFLVVhLbFhCdDZzT1ZmTW5Rc0xpTk1WS1N4cW10OUo2U2R1cFFLLUZlaGJOZUp1WDQ0UFZUQXFwcFhiRnUtekQwdXBqNVMtMFQ5T25uNmF1UzBWNHYtYVI5QkJSdUxBbkpaQUxHSFd4a2dOSFJ0d2l1LVFXVDRRLWJBczAxZXcwWGVEejhHODFjSmJyRHYxRmh3dFNR?oc=5&hl=en-US&gl=US&ceid=US:en,Stetson University,-0.296
"UN chief appeals for global solidarity at General Assembly, warns COVID is ‘dress rehearsal’ for challenges ahead - UN News",2020-09-22 07:00:00,https://news.google.com/rss/articles/CBMiV0FVX3lxTE51QndfWENkMzNvRksxU05VNU45OHljWHN6T3ZIdkRkempPcDJyOTdYMm1SOHR1R3V2OTN2bDJPaHZOcUlGVVpoenJ6WDZsNFU2SHRfamNYSQ?oc=5&hl=en-US&gl=US&ceid=US:en,UN News,0.2732
"Bolster fragile world to emerge stronger, UN chief urges, marking Peace Day - UN News",2020-09-17 07:00:00,https://news.google.com/rss/articles/CBMiV0FVX3lxTE1KbUtiZTB3cmVlcFY1QW03SnE5YkdjVTRDdlNmNl9GS1VhS2RNMkZKaWdwXzVrSklJa2l4QkNkLUk2SFlyNklWc1dPOElEMlg5Um1nczMtTQ?oc=5&hl=en-US&gl=US&ceid=US:en,UN News,0.7269
Trump panned over reports he called US war dead 'losers' - BBC,2020-09-05 07:00:00,https://news.google.com/rss/articles/CBMiXkFVX3lxTE1oWGFBZmVKbng1NFFqTjJhUF8wZDJOWWl6bDFzMHpmS2k2SnNlRTZyTzFiaXhaaXZIRURzcExVaFQwMmFVc1ZzUFZsYkxjR2dKd1hhOFcyTG9nR0tldEHSAWNBVV95cUxORG9GOWF2cFRsTF95Q1JHZk5zYXBmWm9ZMmR1ak8yWGs0OXViZWhzT3IyOWpiTjB0U213SkFDczJCSXVLZkNkejdTcnFJNDI3bGV0OXRzSGlieTJRX0Y0WUlYeUE?oc=5&hl=en-US&gl=US&ceid=US:en,BBC,-0.8481
ICE whistleblower: Nurse alleges 'hysterectomies on immigrant women in US' - BBC,2020-09-15 07:00:00,https://news.google.com/rss/articles/CBMiXkFVX3lxTE1jZGtHMmloRFFhSHlYVHZEaDFibHdFSk11Yk5iYmxfQksxRXNNYWdrOW1jbkdLRnEtb0l0eEk2WFpkRFdTZTFGcndHSWJ2OGh1VXpvb3hmV2pwT0tOOEHSAWNBVV95cUxQaklod21PbktPZjluN3F3ZUZtS1ZieDFxc1JGQUpLVWQxU2dRNnQ4cVU5QzAybDZYRld2TUJoakVoX2FpZVVQSTAtX3I5SzNWQ0p0UHZuUGRIUkx1c3ZHcVBEWjA?oc=5&hl=en-US&gl=US&ceid=US:en,BBC,0.0
Boost for global response to COVID-19 as economies worldwide formally sign up to COVAX facility - World Health Organization (WHO),2020-09-21 07:00:00,https://news.google.com/rss/articles/CBMi0gFBVV95cUxPQnpMM0pMaWtoMFd3OTFUbjhKMFU3XzUyNjFVVUNiOW85YXVCbjBIdFlhQVgyRWNadlFVM25oZWw2MFFaZHJzY1BLNklFN2ljT0VPMlVKNzVGOVBGeU0tWUg2MlNJVmY1d3B6Rlh5ZnVYSTRrS1I1ekhObzRjUFdkRzFTZnpMQ1FPWHhwaDhVX3NlcGxwVnY4MVRGYUgzZ0xqYk1TVVdKcEhoZGZnVDEzcDZoQjZxYVdvQ2ZPcG4xYWlDT1dMdHZuRkI0Z192MkJxVmc?oc=5&hl=en-US&gl=US&ceid=US:en,World Health Organization (WHO),0.4019
Expanding access to the world’s top medical minds - MIT News,2020-09-25 07:00:00,https://news.google.com/rss/articles/CBMifEFVX3lxTE1VVk9SakNnZFlXc1dSVXJaRWNtR2JDQzE3WDhvdWxhcE5nN000ZERMTE5UcVFMT2tTN0RsQWMzSm0zaklQaXh3dFZRaGVRQmxwa2VCaERLZ3pMVnFXUjhyWmRmLUFwb25HSEpZcGhzUG1TZk1PbUlkMWdQRHQ?oc=5&hl=en-US&gl=US&ceid=US:en,MIT News,0.2023
"COVID-19 could reverse decades of progress toward eliminating preventable child deaths, agencies warn - World Health Organization (WHO)",2020-09-09 07:00:00,https://news.google.com/rss/articles/CBMi2AFBVV95cUxNQnotYlJzaVJyZkMxWml3LWxVdUhkMGphT2JYeWFFbjk3Z3lIZU51OGhwa21Ua25GQ01DVjRSTWhKbGNLOTBMOFJ3RXNhMkY0RHE2dFpfcDRyT3F6dl9LQ3k2X3p3bWVLWHVYVXFjTGZUZS1rLWg5SWtqai1JZEp1Q3hZT0V6bkhqc1VKX2VwSzdhbjU3OVlPemRPTnQ5RUVoRFhXb0gycWxzV1F2eDhhbXdqYnRuWWlhd3FnUVZaUFVlWUl4eEtqczdVb2RHZEVwZ0Zva0hGS0s?oc=5&hl=en-US&gl=US&ceid=US:en,World Health Organization (WHO),0.34
U of I System universities rank high in U.S. News & World Report - University of Illinois System News,2020-09-14 07:00:00,https://news.google.com/rss/articles/CBMiW0FVX3lxTE05N05vS2d2WHpxOGdNU1F5ZnRWdGVLblFlOExBczBqZ1NOVXNVR2U1UV9ISlh1RURyeVdyOFhBMHR4QWl0S3VUcEd4UmN0MTdndWRnSWJmdEs1SUU?oc=5&hl=en-US&gl=US&ceid=US:en,University of Illinois System News,0.0
When will India build world-class research universities? - University World News,2020-09-26 07:00:00,https://news.google.com/rss/articles/CBMid0FVX3lxTE54TGpkRWxQU2xxVXBDbDBVWWdnY0poaUR3c09aTm9iajdnUy16eW5xb0htRnh2TDhJV213ZFRMNUNPX0NRZUF4VkZub01HN3RiTFVfeVZPN2puTFE5R2FKajVCZmZtZ1VvWk05WXhfNC1vNktySG1N?oc=5&hl=en-US&gl=US&ceid=US:en,University World News,0.0
"U.S. News & World Report Ranks CSUN Among Top Public Schools, for Social Mobility Impact - CSUN Today",2020-09-17 07:00:00,https://news.google.com/rss/articles/CBMizgFBVV95cUxNaEQtWXJSelFET0xXdUptdmFjYkVqejQ3ZDdidXVLV1ZHd1VHb3hONzh5aXQ3bm8wdEkxYk4wZ0VrWmF2bFhDVktxUTNIZVpwdzllYnczN3dUQUhMQUI4WFNvWHQ5UmQxYXA4RmVZcUMwVXJweEpNcW5ZWFZzXzhHTUg3VlhadXJRdVQxX3ZTX2IwOXVoUEFLQ1QxUkV3dTN3UWpwQjBTcFl2TTRCVEcxeGVoeHZGRUJpZG94TWZQTlh5M2MteTNEYWhkQXRhZw?oc=5&hl=en-US&gl=US&ceid=US:en,CSUN Today,0.2023
"Impact of COVID-19 on people's livelihoods, their health and our food systems - World Health Organization (WHO)",2020-10-13 07:00:00,https://news.google.com/rss/articles/CBMiuAFBVV95cUxOTnZGUm81VlVIUE1vZkhyV2lLeTUyU1JsS19JaWN3NWxIVnlfTDBmZHZBSmdqaVY0NWRONzZld0R6MVBJRmpqUXRWMy1IZGpiR3lMUGlQalNkVEVUNlM1TjhCUXByWWFiR1FSU0w1YV9Gb1BsUlBIS21SQ1dpeVVGZTJ2T0psV0NTeXZLV1ZQTUlvc2h1N0JtYXR6UU9zeHNOb3FCYmFaWnpQT19YbTY1bVp3Ul80enVn?oc=5&hl=en-US&gl=US&ceid=US:en,World Health Organization (WHO),0.2263
U.S. News & World Report: UC San Diego #1 for Gastroenterology and Hepatology Research - UC San Diego Health,2020-10-28 07:00:00,https://news.google.com/rss/articles/CBMi3gFBVV95cUxOXzA2Y3dFWFB1d0hvMmFBc1dodXlsLWNucXJaY1U0c2tOQ3VHN01SSDhldkZoTS1iT3BHNFN2TGNFMC00NnE0UEREam9CNnpJaC1ndVdSRVZEMFNxNmVuSWl6enlvR29SUkQ4V3JsR3RvRmU4eGJhUV80QTRVUGk4emtEMW5uR1Nnd2F3MTdPeVYyMWJaWXdXNnFIY2hCdWtjOHNFZnhlSGZDbDV0OWpGaHlHNmo0cDRtcEZ4VGxDaWZndkJFN0RGbm9raGxZbHI3TGpBN3ZhRU93T3E4ckE?oc=5&hl=en-US&gl=US&ceid=US:en,UC San Diego Health,0.0
COVID-19 to Add as Many as 150 Million Extreme Poor by 2021 - World Bank,2020-10-07 07:00:00,https://news.google.com/rss/articles/CBMiugFBVV95cUxQOFlpN3hwcGRkLU1FTGFKYVNKU0FGTG4yejJUNm1BSGdWSGR2YWNlU0ZRbi14SkF0dktVWFotLWRwSUhCUG9PYlc1UlBQSVNPcUoteDN0RWxua0Z2WWprMFl6V1VJYW1jQUh4cUhEcE81OHhoYWxyXzBjc3FnbkJrak1BazRRZktlWnB3Y2ZlUmc3akZjemZmSVVtbjAwOWd3WHRJX0ROUjRnY18wNDJQMFROaEFrQTBGVXc?oc=5&hl=en-US&gl=US&ceid=US:en,World Bank,-0.4767
Try To Remember: 5 International Stories The World Watched Before The Pandemic - GBH,2020-10-21 07:00:00,https://news.google.com/rss/articles/CBMizgFBVV95cUxObktLWTFOY2lNYS1lbGpHenZEeUM4UjZ4eU5DLXdLaHFoR0hRaDZFTExVUXJJYWU0ZjRRb0JmeXZpbjlfTFJWMTM2a3Mwb0lWVkhHWXpCX3pfNXphajVVSjRhblh4YUtiZTFGNkl4djVfZ3ZiV0ExOTRZUFhnV0o2N1FSMGpOcjl2Rk14ZUxwSHNlazBUdjJidnJMUzA2ZlZkTGJYd1JnLVpuT04zTUF2N1ZPZWVBWjRXTFNBRWk5ck80RnlwWnhfY2FIdVJpQQ?oc=5&hl=en-US&gl=US&ceid=US:en,GBH,0.0
US election 2020: Has Trump delivered on his promises? - BBC,2020-10-15 07:00:00,https://news.google.com/rss/articles/CBMiXkFVX3lxTE5RWmJjXzlBRzRzMTNzcU8wRkxianlUcEJPMUFkV1dpU184UjRrUENTRGwyNmFDQjZBendRd0t1TW9CSkJlbmxuYWVjakpKRjRteW1ZOW1aQlVvbTh2N3fSAWNBVV95cUxOUVlsS1U1T1VWWlAtSDhnT05CTUhNNXZ0WEJaY3g1dkQ1bHhUYnktRzFZLWsxV01mdkx3Mmphb2NIV2NBSWtRaGxmRWlYNWxhaE82bW9vbGhCTUt6TUNobkdwTGM?oc=5&hl=en-US&gl=US&ceid=US:en,BBC,0.3818
Global majority seeks trustworthy news but may be vulnerable to disinformation - Ipsos,2020-10-14 07:00:00,https://news.google.com/rss/articles/CBMinAFBVV95cUxOcjk3Mldnd3o2MEREcU1uamZ4TTRicW52bjZvU0ozUTBiM05RTFRZamxjVXNNY0NzcXU0VHpKOEVYU0kzT3A2ZXVRbDNkNzQ0TkhORlNBYjN1eDhmTUlYMkRvYmttWXpFeEtLd2QxMDZ4eWdpQ1N6RV9kazlUTEMxT0psekdyRWZzUF81T3JCSFo5VGk0Tmc3b3NDcG0?oc=5&hl=en-US&gl=US&ceid=US:en,Ipsos,-0.0129
W&L Student Interviewed on BBC ‘World News’ - Washington and Lee University,2020-10-14 07:00:00,https://news.google.com/rss/articles/CBMic0FVX3lxTE84Q2J3WExtWTZZdUVJNFh1bWVGOWVqckwyS2dFOFVJQmFLeU9pRHFJdDVoWnR0VnpwN3htZnNncmUyU3BMY2FkUWphRnlfNFJjbnVIUUl5ZVY4M1lsZUhseE1iY1lyYnhPNm5ZaVUyWFhha0k?oc=5&hl=en-US&gl=US&ceid=US:en,Washington and Lee University,0.0
Why the downturn is good news for subscription companies - The World Economic Forum,2020-10-06 07:00:00,https://news.google.com/rss/articles/CBMiigFBVV95cUxNam92THhsbXR0MkIxTlc2bzA2QU5ySUJTWkxjOEtsRUdkT3hpTXg4OUNrbFlaVzl4cFo3ZGoxMTBJQnRqZHBSaWVoUnhqZVBRRzhXeW1peWdXeEMwc3RwLWNkcXlWM3I0cjV0di1BbXEwNi0tY3htQVJjVkNwZXR6cWQxaktOM05kMWc?oc=5&hl=en-US&gl=US&ceid=US:en,The World Economic Forum,0.4404
UH Mānoa ranked among world’s best by U.S. News and World Report - University of Hawaiʻi at Mānoa,2020-10-21 07:00:00,https://news.google.com/rss/articles/CBMiYEFVX3lxTFBFc2ducU5scWJpUFNvUllGZVhaR1JqRW00eXBIb3htSmdwX3o4TGhQeFVqaF9yczhfZWhfenBVckNORWM0cUVUMFVMYlFkbnl1b2VTTVhMQVpTdXJMYzJYbQ?oc=5&hl=en-US&gl=US&ceid=US:en,University of Hawaiʻi at Mānoa,0.6369
Our $1 billion investment in partnerships with news publishers - Google Blog,2020-10-01 07:00:00,https://news.google.com/rss/articles/CBMijgFBVV95cUxQVTBlWFFJQWhId2R5V0gyZDhYeEx0azhkSkxEaTlwQVlrWHhWWVlaTTNJTm1QaFVHVm1LVG5TeHM5WEZqenRaME9jUWVrd3RwU1MyS1VBUVJlZnB5cFpmclhQeGg5UUdGTXl5bENGZXJSZVVGbHRsQW5TbFNrWGdIc19mWFVrSWNtN01TM0Zn?oc=5&hl=en-US&gl=US&ceid=US:en,Google Blog,0.0
Michael McConnell on BBC World News with Mike Embley - Stanford Law School,2020-10-29 18:07:34,https://news.google.com/rss/articles/CBMijgFBVV95cUxObnBvZlBYa2h6VkpITWYwaEc5WEowaGEyVHV5cElPUzNBSUg4SkN6dUd2QVdoX241dTJjVmtqRlB2Y3hNM3dOM3dpU2tTSGltUW5nNUcxbzVWMEl1cFJfX0pUd3BQWWpoMXBXbExnRUtFN3BoLXlVOG9lNUpnSGRyeUhTUGJhNnI2X2F4a0xB?oc=5&hl=en-US&gl=US&ceid=US:en,Stanford Law School,0.0
Are there positive benefits from global warming? - Climate.gov Home,2020-10-29 07:00:00,https://news.google.com/rss/articles/CBMilgFBVV95cUxQTmFacGZiSHVSbDdOYzUwcFRrUEF2aUUwYmw5dFFMNXZaTHdQSEU1cFlQX0UtbFJaWVRVeEZ4a3BQdkNvZGVCU0ZWbUpKLVpyeTh3cGV5eXRGcTJ5X3h5UXVQVGJfNXdXN29uejZLMGs1U2hVLWk4bmItdGJnXzVOU0NUVm13VnVFeXRZWlNWdzJfVWtjdkE?oc=5&hl=en-US&gl=US&ceid=US:en,Climate.gov Home,0.7783
COVID patient’s heart-lung transplant is world’s first - VUMC News,2020-10-08 07:00:00,https://news.google.com/rss/articles/CBMijwFBVV95cUxQXzBRMXM4SkpWN2YyZy1KS2JZZ2Y2OU1zaXVlSE40Ul9rUHNqOFRSVUQ0dkVZQWphQmN6WmhicHBqWXRnUmxveEtXbXRXaEZQS0VRWmJkYkVxNlRxeGVab1lXQTBvOXl4d1N4T2hORDJXMjk1bnloa21OaVY0UUV6ckdsVW5Ja3FzVW5kN21tTQ?oc=5&hl=en-US&gl=US&ceid=US:en,VUMC News,0.0
Coronavirus in Africa: Five reasons why Covid-19 has been less deadly than elsewhere - BBC,2020-10-07 07:00:00,https://news.google.com/rss/articles/CBMiWkFVX3lxTE1GaV8wdEdMZWV6dWRUQ1ZuZGNUUkZZRU1qekI4NklZRVdZeDFYRFhXRWxCWDlFTmJ2U1Ita1VqcllnczZkUExUV0cxTUVreDJYUUhXNEFmalE0QdIBX0FVX3lxTFBxVUNxaWJ5NDdoaHdBUjczQzJsVGxOdWk5TWJIYUdlenB0NGVENUdTNGY5cU51WkdiTWhuLVpLVGhTQWVFdjlEeWRoNndGYzBXeFdZVlNSUHFrYVNnUWRz?oc=5&hl=en-US&gl=US&ceid=US:en,BBC,0.0
WHO: Global TB progress at risk - World Health Organization (WHO),2020-10-14 07:00:00,https://news.google.com/rss/articles/CBMie0FVX3lxTE14UjQwc1hrT3p3ZzFOVF9qQzVyb3VIQWhpakdBTGt5WkhqTTd4WEs1WFJUUnU5SlNLSzZaVVBmLXZJd1Y0ZU9hdVRkYWxhd1JPdUJfbTV0R2FNazlUenJ1eHZESGQ4QnZEQ0NZTmJvRmIzaGpHMHpUbkFITQ?oc=5&hl=en-US&gl=US&ceid=US:en,World Health Organization (WHO),0.1779
"COVID-19 disrupting mental health services in most countries, WHO survey - World Health Organization (WHO)",2020-10-05 07:00:00,https://news.google.com/rss/articles/CBMisgFBVV95cUxNQXJWNS1EendTTnktNHRFOGthMXREcFV3X3lZTWVoalNTRDNONkxtbU1VWHlkS3lxUmc3RlBDd3RvMm10TDhFMHM4UVU2ZXJQT0JXUDBJYzhmVV9HWTl5WXNIWEtVQVU0TjJOOGZxV2dEOUVjZ2hCOHVEOExTeDBfNTRnV0YxWDNucE9VNHZmcTBIVHNITVk3T1I1eDlBUkFGamowVm1QNTc2bktlc2dtS3N3?oc=5&hl=en-US&gl=US&ceid=US:en,World Health Organization (WHO),0.0
Trump wall: How much has he actually built? - BBC,2020-10-31 07:00:00,https://news.google.com/rss/articles/CBMiXkFVX3lxTE1kem9tT0o4Wm5UZGVxLTNOQ0ZfUk9YcVNqQ0dGVVJuaFJpbXN5Y1lkNnlJNzNJNzVzbkpWOFJnME5ZU3Z4LXhpUjJDWmhpbU9HUGstdm5Wc0dVWnZlS3fSAWNBVV95cUxNU3E4YWRFbmprRnZtTW1VbmZSZHRxVXJNYWxRdkdLVEEyZk85VDduS0J5a3J6empSM0RJZ2NnUV9qQUhZWVlhTGJKN1BOelViM3c0eVE0Ny1LNWFjLTlvV2J6OUU?oc=5&hl=en-US&gl=US&ceid=US:en,BBC,0.0
"One stillbirth occurs every 16 seconds, according to first ever joint UN estimates - World Health Organization (WHO)",2020-10-08 07:00:00,https://news.google.com/rss/articles/CBMivwFBVV95cUxOSV9sVThlZ0pZZ2Ftem9aSm5PZVV4M1Bsa3pZRVlRT3ZYZnhELXRIRGxJZjA3d2x0MVliZE4yMTRMaVJIZFdmajEyVGlwMDhCRlk1LS1maXhqWVFFSXVPWVo1Q2ZnSDEwV2lvX3FUbEtrRkZISXJaRExtMDhYWnBZWDcxNGF0QXJaMG8yWVZhZFlzRVhqd1A2ZGtxWnJyeERZT1ZtdWppeWVlczRMYi0xWkhRWGdKMWI1X0VrZWoyMA?oc=5&hl=en-US&gl=US&ceid=US:en,World Health Organization (WHO),0.0
Trump comment on 'blowing up' Nile Dam angers Ethiopia - BBC,2020-10-24 07:00:00,https://news.google.com/rss/articles/CBMiWkFVX3lxTE5pQXR6ZHQ1bjhaTUF6OWlsQjJ4MEpVVGV0TXBnWjVKNGVILUdKZjQ4VjdxS1lEaGFfWDZXeElVT2QzU1hoX3J5Y1ZFTU95NnpHZkN4aWRneGtZQdIBX0FVX3lxTFAyamVDYk53TVBfLWNyaUJ5dzJlMm9OM2tFdXVpd3VLOFpyc2ZORkxFa3g4UE5KbTVaNzM4RHpVMzhhWExXYnExb3YtRklDZC1kQXhmakVGSzViUTMyb1ln?oc=5&hl=en-US&gl=US&ceid=US:en,BBC,-0.5106
The best time to prevent the next pandemic is now: countries join voices for better emergency preparedness - World Health Organization (WHO),2020-10-01 07:00:00,https://news.google.com/rss/articles/CBMi3wFBVV95cUxObHVyQjQ3cUprdzFFMU1RQnNFVjgybl91SmJ4dWtUVWZJXzg4ckRhTGI2TkxKT2JvX1FFejJGMDZ3ZHZTSlNTMnhKQzlMNTBockRfTHl1SVUxejJRTkNYNjBuUkdPWXdkNERjbWxvOUp3Ym1kYkxsVmY3ellMaXVJYUxNODM2ejFtY3dITG5KeU9PTWFmcVAxelh3QWNMWXlQSnhGbFFOdThuX2lWQnR4b3FkSE55NlR5cGJpbVZwWHdubnByRGxNMzJMWDJHdFhRdVRidkEtaEpDQjJ4WmdB?oc=5&hl=en-US&gl=US&ceid=US:en,World Health Organization (WHO),0.7783
Are humans causing or contributing to global warming? - Climate.gov Home,2020-10-29 07:00:00,https://news.google.com/rss/articles/CBMinwFBVV95cUxQQVdlMWM5WklvM09aUVNSOW5uc3RCUTFwN3VKMEJRbTZaY1ZOTy1yMXVoNVNrVkxDYVNWUjFLeEpocjJiY2JzbGpnZG9PVEdHY3hLUXYyczZhWGNRUTNVTl9VUU10Si1RRGNaMVlGZmNEaER3T3JERFc5R0hKS0FBTTNJMS1vdkM1dE1DYjhkSlR5dnhTMWhEbzdOS3ZPSE0?oc=5&hl=en-US&gl=US&ceid=US:en,Climate.gov Home,0.1531
BlackRock prepares students to invest in the post-COVID world - Kennesaw State University,2020-10-02 07:00:00,https://news.google.com/rss/articles/CBMie0FVX3lxTFBCTVJBTWhaWmdZenFxZEptVjRzdUFTZ2ZtUEdZUzk3SFNjMUxXTFhQcnpWQWkzYjZHS0M0VHVtUElZV0FMRXhTV1J3WjJBYmVhc1J1Y1FSb3lGUzRudXVCVDlFZV8yMlJQOHU2VnN6cHNpMTJMdWx0YkwyWQ?oc=5&hl=en-US&gl=US&ceid=US:en,Kennesaw State University,0.0
"Shoulder to shoulder: U.S. News again names UMBC one of the Best Global Universities - UMBC: University Of Maryland, Baltimore County",2020-10-22 07:00:00,https://news.google.com/rss/articles/CBMirAFBVV95cUxNdmo2bTFlRFA2Yll1bVdmbllqcThCZmJlMnQ2dzh2ZDg3c2hpM3h2X3RwN19xNkdkNXBYR1BmbmlzN1VhaXJScU4tbGJGLS1xTndhS1V6aThwZE1WeHM5a1d1U3Qwa2ZDaHJhOUN3enRwekMzSWRXSUJQaFpfUGFFZTYyRTRDZjg1R2FZWjZfUlNpbEFVR2IyYUpWNF9DWi1jekVKSWdvbE8xb3Fm?oc=5&hl=en-US&gl=US&ceid=US:en,"UMBC: University Of Maryland, Baltimore County",0.6369
Global Action Urgently Needed to Halt Historic Threats to Poverty Reduction - World Bank,2020-10-07 07:00:00,https://news.google.com/rss/articles/CBMixwFBVV95cUxOdEdJdjhudGxIX096cXMxZlU0YW9aWkhUS2s5OGMtMHY0TkxwWXplTEVMVU84cU5kZmZFVl9tdEJEV1dVOTNrLUZMVHRnTzdzVlE5OEVXR2o3cmZjU0tSYXp5MUV3YXlzSkJpeGgxa05pU2FQQktHNEtwbDMzTDlWMlBZazVSUjI5SzJaSGh1UUMyQ0FqSHl5czQ4a1BHU285TkR6VElhZVNOT1dLWWdIc2gzVkZLemtwcndTZkhHdVhvLUtPX3hr?oc=5&hl=en-US&gl=US&ceid=US:en,World Bank,-0.7269
"Handwashing an effective tool to prevent COVID-19, other diseases - World Health Organization (WHO)",2020-10-15 07:00:00,https://news.google.com/rss/articles/CBMivgFBVV95cUxQWnlBVW1NOGp2eVlLQ1NtQksyb2lkNW83Z016ZFFpQ29adjFLb05qQ0F2MUhrTC05cHFOWUtmdW9CeGVCLVFHMEFhRURwV1lOUkwtZlZIOTJwYi1lbEdhZkE2Y0NyZk9jMGZtSGIteXkzUF8xcmQ3QWRJSGFJYWNHTHJLaE53VENaV1F1cG54emw1UWZPd055RG9jV05Tek5hbVVuTFFaMVlpclFhWHMwTDhmSTVIcWRzSmQyVjNn?oc=5&hl=en-US&gl=US&ceid=US:en,World Health Organization (WHO),0.4939
U.S. News & World Report: How Wildfire Smoke Affects Your Lungs - Cedars-Sinai,2020-10-12 07:00:00,https://news.google.com/rss/articles/CBMinwFBVV95cUxPUUFVaTNNdEhfbWhWY0hZTlFIS2l3b1F1WktEUnBYMTludVNkWDdnZnRpeFlpbmI1bTJDTWphVUxxcDlabFVjQTBRb202bk50dFdNUkpQdV9mSFBzMDhZdVRtMDh2TmFCNXpyTlQ2VGIxb3lKWnFqSDItbTJxWmtubTBDelZ1dmMyd1NMbmNJa2hvNnQySzc2dUN5M2NOajg?oc=5&hl=en-US&gl=US&ceid=US:en,Cedars-Sinai,0.0
4 Current Affairs Podcasts for Curious Children (Published 2020) - The New York Times,2020-10-24 07:00:00,https://news.google.com/rss/articles/CBMijgFBVV95cUxNcDUxZVZfV0QtQnNUR2k3R2F4QXVaTDVBaC1OZVM3RUVZb3ZYUW1aV3BhR19ncmEtcFFDR3hRdjZFUGFLY1dOT1dKSk9fQ3dXTk5pMFVfeVB4TkJTNEwtd2oxMzUyNDAxOVFuaVREX1pQcTBzWjRTdkNaS2V4WE84aFBqM1M3dXBmWC1adUZB?oc=5&hl=en-US&gl=US&ceid=US:en,The New York Times,0.3182
Jubilation as Chile votes to rewrite constitution - BBC,2020-10-26 07:00:00,https://news.google.com/rss/articles/CBMiY0FVX3lxTFB5YzFONE9uWnhyVVptT0dQSm5vZDJ5NEJ5SHJmaVFqWE9JMFFjWlpGSEg1Uk5ZS2EzNHNQWUJRRVZkTl90RjA4NW00cFVIYUt4OVlsR1hlU0loYm1KbzAtZmh5a9IBaEFVX3lxTE4zRTRVNDZuQ0VzT2xNd0xXZGU2aWVyLXVQX25BZTFtX243QWlKcHF3elRNa05za3laUS1IQ3RKZ1lNanoyUEJXdTh1VVlUYlRaZEtvejhRaldOX2xOMWpQal96RTRhdWpa?oc=5&hl=en-US&gl=US&ceid=US:en,BBC,0.0
"Saudi Crown Prince Mohammed bin Salman, power behind the throne - BBC",2020-10-06 07:00:00,https://news.google.com/rss/articles/CBMiYEFVX3lxTE50Nk5fWFhlRHpNb0VaUEtHODNWTEltb2ctakg1ajh2LVM1X3kxejlxTXVfOXpmOWNhN1plZmF2bXItcVdNQnRqMHlCQmVsdjhNVlFOTFNjUl81dnJwc1lIatIBZkFVX3lxTE1OOFNuY3AwSEFJLWY3TGpJU1RRX1lJeW5Iby1EV2RmV3MyOHdGVGg1UnZuZGFTVVU1a0ZCV0hVczdOb1lrUGtsVHJmOG1fQmhxb1B4TjMtLW9UYVc1Z1NLWW9VUGJIdw?oc=5&hl=en-US&gl=US&ceid=US:en,BBC,0.0
"Hungary broke EU law by forcing out university, says European Court - BBC",2020-10-06 07:00:00,https://news.google.com/rss/articles/CBMiWkFVX3lxTFBQWm1ZOHQ0RlhUcGdxZ1hyOVVCWUFvN3Z1SGc0cGVkSjlNaDFYbXRiTm9TSXVTLUNDT0ZGRm1GdmE5aGt5Y2ZVZXJxRGFRd0UtLUxKN0ljTXRvd9IBX0FVX3lxTE80b20xN3l1Ymt3S2NqVk5OZkprR3VCbW44Rmg1N0h5RWRrdWtTYkktQ1dzczE0dGVBODRjUnlSa3ZzRF9zZTFmT240VUtmU2piVDFReTE3b00tdFNjR1BR?oc=5&hl=en-US&gl=US&ceid=US:en,BBC,-0.4215
Solidarity Therapeutics Trial produces conclusive evidence on the effectiveness of repurposed drugs for COVID-19 in record time - World Health Organization (WHO),2020-10-15 07:00:00,https://news.google.com/rss/articles/CBMi_AFBVV95cUxOdFhSWlJMZGhfOU9xV2syMV9NZHJvcGdnT0R0eEdFZUxubHNVYlFqY3RzUDhzQzhSUlVhWHV5QjFFa2Vwd3ZtY1d6aVhmOWtSa3A5ZVFvNUpMa3pGd3k5dmZjNHJGVEc1QllPM0xFTHI1NmoxWU1ncDUtODQ4aXZ0QmVFZDQ1bGJxYzlIaFB5WjNiY0RLMW9jakN0SmVrWEdyalpyYWk2TGdWSmpfV2tobi1udVcwNEJMMm9VN1l6bFFCU19mQy1jcUlSS1hSRTFIR1lqRHhHeDdJWnlQdGJWRVN4YmlUdWtwbW1lRnFLUzBTTkVTZU9pbFRCS0s?oc=5&hl=en-US&gl=US&ceid=US:en,World Health Organization (WHO),0.296
US West Coast fires: Is Trump right to blame forest management? - BBC,2020-10-14 07:00:00,https://news.google.com/rss/articles/CBMiXkFVX3lxTE5CR3JHYkNwR2FTa3pvZkFmMzdxaWJGNkVFNjZvS2xnblQtUUNoUW5JY2hycVNPUnpmUXBSZExIMGZxZDhJenV4ck5PS3AzeWI0S2pXaGFWRzNHNUEybEHSAWNBVV95cUxOeUdKSl9pa0NUMFhsck1LaV9xWkd4SmF0bG9yUU5jeS1YWDZLQlhRSlNndlNEcDlXcHVUTUlMLTZSWGUzQmlGY1lwWW9zZGlVVkZSYVVHaUxaUVNoRTVQNEdFcnc?oc=5&hl=en-US&gl=US&ceid=US:en,BBC,-0.34
Couldn't the Sun be the cause of global warming? - Climate.gov Home,2020-10-29 07:00:00,https://news.google.com/rss/articles/CBMijAFBVV95cUxQWHVUU0syaEctM1ZzbnhlaDRFOHJjbkR3MmFsV0MxclczU2gwX3BKcEt1VGV3ZVU5SkFTU01nV1lSVG16Y1l0NEhZcnpNeFdWLS1fdFotd2VKN3FLcVpPaW4xUmZDYlZSSU52a2VSblk5Znl3bW1FU3A5MUFwOTFhcVIxR2RUNzZ2WGk1Mw?oc=5&hl=en-US&gl=US&ceid=US:en,Climate.gov Home,0.1531
Wait is over! Dodgers win 1st WS since '88 - MLB.com,2020-10-28 07:00:00,https://news.google.com/rss/articles/CBMiZEFVX3lxTFBfelFhLVZWOGxUWktnQ1ZGZXJzR2J6ZG9WdzNEUG92U19TWmtWM2dlREgtZVduMjZsdzRrZk50SkM3U0JzNWZ0U3pPYzBMU2ZYTzdIakliU1QtNUx5VUtFRlR2WWs?oc=5&hl=en-US&gl=US&ceid=US:en,MLB.com,0.6239
Closing the Digital Divide: A Time to Stay Connected - World Bank,2020-10-26 07:00:00,https://news.google.com/rss/articles/CBMipwFBVV95cUxNSFI3THh6R215VkE4YUhoSlVOM2RwcFZGSEp3NjctUWlPZ3lTYlZmekJjeWhHcVhZUXA3cEFCcVpxT2R6S3ZCTWt0Zk00Uk9sWHhqRHZ1a0lJNWFNd3RoUmlVOFhOMElhOXdhOXpjTDYzZHVXeGZqeXBwLVJ2LWFOYXpxNTdMT2VIOWlraGJOSmxhcVhNZW8yakV1cE1YWnZIdGxYNlgtRQ?oc=5&hl=en-US&gl=US&ceid=US:en,World Bank,0.0
UCR among top global universities for plant and animal science in U.S. News list - Inside UCR,2020-10-20 07:00:00,https://news.google.com/rss/articles/CBMitwFBVV95cUxOZl9kbXN0VldsczVwVmV1T1p3aFItRXRkRV9LYVdyUXYwU0Jic1JsUGNRRlpIMjNEX29Kc2VSSjZkSno1c3JORkVON0tZczZ3a1FzdDZZUVIwQVJFWDAtWl9uN2wtcm9YVEJoWEszVXUzT0x0QmxvV25EaDY3NXFXZlNqMF9la0JuYXZUaUV0NWRwMFY1WVotTTZ2ME0xQTBRdFJqOWh1blU2R0FQRXdRa3BrWjdtVUU?oc=5&hl=en-US&gl=US&ceid=US:en,Inside UCR,0.2023
Tom Hanks Goes West in ‘News of the World’ — First Look - Vanity Fair,2020-10-06 07:00:00,https://news.google.com/rss/articles/CBMiiwFBVV95cUxNdVhDaUZXdTcyRVhEdGtjQ1Nyam15R3pJQ0hQdldnVnB5MTRfUWRvRTNvOEFPSmRjTjJNR2FUVlliM00xaDlDV2gzdUVrdUNGZjdlWHByM3g5bjBNUHNXYjBST3lYdmpWOHpPdDRlZ2lHakw1b0Zhdlc0bWFqbFpEMVJBa3N3Wl9wN1ow?oc=5&hl=en-US&gl=US&ceid=US:en,Vanity Fair,0.1027
Guinea elections: Alpha Condé wins third term amid violent protests - BBC,2020-10-24 07:00:00,https://news.google.com/rss/articles/CBMiWkFVX3lxTE81cHpGR0xIbGE5Rk4yQzI1akpWektiejQ4d1I2ZS1DRndyYklTSjFGVUhLV1JQLVJYN3JZb0JMYkE3UXR4T2R5WDBpT1VjS2dhR2ZtV2l2MkJ2d9IBX0FVX3lxTE15YWx1R0hVQld5ZGpWR0xNQ0RZZENiOERNNnBzUjFMc0RhaDNyYUFDanJFOVkzVUJpZFpZcktaZ0hkOXpMWjdWOUVMT1lBWGxKWFpFTDhYS2NQX09USXdz?oc=5&hl=en-US&gl=US&ceid=US:en,BBC,-0.2732
Lymphatic filariasis: reporting continued progress towards elimination as a public health problem - World Health Organization (WHO),2020-10-29 07:00:00,https://news.google.com/rss/articles/CBMi0wFBVV95cUxPSFQ3VVBzdzVVRkF5UEdOZGtNc0JYVVplRm5JeXcwN3dSOFlQdmYtUHhzVDBseXB1WE9WMzFVU1YybDV4aHVibzRzNmhZZEdHcVJiLTVEby1Dal9EbERTQzVoNkpYeXJ5cURuYzFORXp5QS0yMU4ySnRING9rU1pwd2FOd0l5LWZvMGo2OFhsTXR3WVdyOXhvQlJtRlhwVktUY2lrelNsZXJnOXpPUGVXcmZYVFh6cjNvYzBmakxDRmEta01neTJzS0dhWDVXeDhlVFI4?oc=5&hl=en-US&gl=US&ceid=US:en,World Health Organization (WHO),0.0258
DOD Kicks Off World’s Largest Dual-Use 5G Testing Effort - U.S. Department of Defense (.gov),2020-10-09 07:00:00,https://news.google.com/rss/articles/CBMivwFBVV95cUxPaU1DWkpFVl9XZHFTaGQ1NVVpN3FBMk9WSVRpT0ROTXdRSFd4LTFvQ3lEVmF3ZDlfZjU3X2xCbXBwTzE2OG5CUVBScTloWFI5MTFZTThzTWRtMEhZRHpyLXNYeVNKQXpBcUY1X1Fpd2NNYUpvSE1KN1FUM0Fsb2xZUEFOMm11TFg5ekc4RkoxTVZpME4xa2VLZTFZcFVXSmc3b2lzNnJyRjBBazBhcU5rTHpZYThob3ZJOWJBaEZGaw?oc=5&hl=en-US&gl=US&ceid=US:en,U.S. Department of Defense (.gov),0.128
World watches the U.S. vote: Why the election matters everywhere - NBC News,2020-10-26 07:00:00,https://news.google.com/rss/articles/CBMiggFBVV95cUxNXzJGU2U1UGJ2a3hhZVM0YnVxdHpGTjMzN243MW1CMTNrbmVRM01oamQzTHJwVUpHQmtaeURLRWIza2ZqcFcybGN2eWNrVjQwUUV0WTNlX2xvU1VFSXRyLXk1MG5BNko5MFp5X2hrMDRKNDNOTnJjOUJ1NjVXTHRCbTh3?oc=5&hl=en-US&gl=US&ceid=US:en,NBC News,0.0258
"What is an ""extreme event""? Is there evidence that global warming has caused or contributed to any particular extreme event? - Climate.gov Home",2020-10-29 07:00:00,https://news.google.com/rss/articles/CBMiwAFBVV95cUxPdndLUUJNQ0RwMHVfNkRUejAwQUFyc2d5UUNlYThVWV9VUkhRcFhEd2hVWFRMbjNZWkFhNVdoOWNBRy1MLW5SeFZRWFUyZDRGWDQ2ZVBpYzE5ZHRqQmdFUTZCbVlVWE1naGtyal93X1QxUXdzLXhGdHB5VkFPdTZwWmNwUGxIRjdsVjBYbUFFYkRPUHVqUUx0NFRoRjZFTERKUzNoRnlLdDlkYjVYTEJoQlY2ZHA4b3FoblI4TnZQU1I?oc=5&hl=en-US&gl=US&ceid=US:en,Climate.gov Home,0.2406
ABC News Live Now Available on Samsung TV Plus - Samsung Newsroom,2020-10-28 07:00:00,https://news.google.com/rss/articles/CBMibEFVX3lxTE9EZ2xTeGNEdzVaUDJSaFlFM05iSzNXS2FaRVg4S2FjSjhsSkNzWG0yYVBIbENxQjJBUll1dVVrUXZXaHlCMndUQXl4N3pPSnBPR21icnNodWNIeWRBNTlaQzBhRHVuSUVXVXBSWQ?oc=5&hl=en-US&gl=US&ceid=US:en,Samsung Newsroom,0.0
Breonna Taylor: What happened on the night of her death? - BBC,2020-10-08 07:00:00,https://news.google.com/rss/articles/CBMiXkFVX3lxTE9CR2FhdnlNdTlNTnctUmNONy1yQkxjZFBxem1GTTVLaFZWb29hSC1Od3pjaEJEWUlwSWRYQk12YVBBQ0Z3X0dETl9XdUZ3d19pY1BMS0V1aDdFLWhjZHfSAWNBVV95cUxPaXBFdFFieTYwajVLcWpSNGRnR01qN25NeF96QWgtUy1BdE9qalFkQXlURnpKNU4teThfMzYyVVgtYUl0LS05MlJsTmdYODBjaE9XUDQyellPV3NjWkt2MjRueEk?oc=5&hl=en-US&gl=US&ceid=US:en,BBC,-0.5994
New multi-million dollar island campus a ‘significant’ expansion - University World News,2020-10-15 07:00:00,https://news.google.com/rss/articles/CBMid0FVX3lxTE5MbHc5TjBvOXhFek5WTE51SjZpVzg4V1dWT0QtQURNdVZOTWtDNVlsUGdWN19PdmVnZnpYZ3dYUzlQUFhYZzdta3NPOV9pa1ROUTJkMlNzaGxqZzR6Y2NNNl9LeFlOcHBrQ2NkWk9vUmtwYTVzdmFB?oc=5&hl=en-US&gl=US&ceid=US:en,University World News,0.0
Hathras case: Dalit women are among the most oppressed in the world - BBC,2020-10-05 07:00:00,https://news.google.com/rss/articles/CBMiX0FVX3lxTE81a3VDNVN0b2VmRlQyaURtLUVJanZrZUNWNFVYWU5IbllXWEZlakJGbXduNDBFbG5MQTVodlEtZzcwX0swUmNmYTdlaVNQNkU1VjJ1VDJTTzYyWnRiS0hj0gFkQVVfeXFMTmlKaEFTdUVSd2FkTzFpb2NxQ1N6OHJUUmxOUjdNWWpMcEhfVkZIYjlSTUtCODI4QkFQSWp6aS1rbGZ2MV9NWUJxbzU0NlcyWU1HRExFbWprMjJHLTEzQkVLSG8wZQ?oc=5&hl=en-US&gl=US&ceid=US:en,BBC,-0.5256
Inside the COVID unit at the world’s largest women’s prison - PBS,2020-10-11 07:00:00,https://news.google.com/rss/articles/CBMimAFBVV95cUxOQlY0NDEtUnROWHZLV1hwSWpKazdlZzliMlM2dmV3Q2RHUXJKTWp2TW1zWXZKYk5OR0xEMGJ5dDN0emFBLWNQWmJ4ektsTXJndnVmRzctQmhwWS1uZGdMQnktNDdkeWVIcnRqSk5mbk1MV0pxX3VzN2RYSXRVMkdadmZhdGhqQnZucDNMdGxMVnpUV0ZJci02eg?oc=5&hl=en-US&gl=US&ceid=US:en,PBS,-0.5106
Disney updates content warning for racism in classic films - BBC,2020-10-15 07:00:00,https://news.google.com/rss/articles/CBMiXkFVX3lxTFBDNWFBNDV4OV9qd2pxQWQ2cUkxOGJqeDh0UmgwSGJHdGRRdTNoallpU3pXbURUY3hZTXBHYU5wa1h2SnROZF8tbURkSm0xTkdDYU1DME1WQS1DdTdWVlHSAWNBVV95cUxNSlllcndMVHl1Z0gtU3FzbGhfWFJVaXNrd0N5MTR1TkcxUGVSaF9DajhKMHRhSVNYWTZhaGtRWG5OU01vblJfMl9LSjlrdENOVm1Fdm5MbThSZTNXZklxRWk3REk?oc=5&hl=en-US&gl=US&ceid=US:en,BBC,-0.7579
Thai protests: Tens of thousands gather again in mass defiance of government - BBC,2020-10-15 07:00:00,https://news.google.com/rss/articles/CBMiV0FVX3lxTE1FN1hNalBnQ0JTWHl6dlJKbWV6NlBiRTlTMkt5ZjFScGR2d3lTWE05T0p1UTdwUkRkYWcyck5vQkszeEZ4a1ZUcWtJWDVjZGQwd0FIdnRaMNIBXEFVX3lxTFAyQ2N1eEc2U2hxSTYyaW9VS0RwREtLZ0M1cXFLLXdGb0d3am92V3lWejl5LU9IaldyQXJLYnJRMVIxYVh5Q0YyRmVFSE44SkJMRWpYUWxpQUoxQjQ2?oc=5&hl=en-US&gl=US&ceid=US:en,BBC,-0.2263
Indonesia: Thousands protest against 'omnibus law' on jobs - BBC,2020-10-08 07:00:00,https://news.google.com/rss/articles/CBMiV0FVX3lxTE5HZ1IzcS01QUpJb3I2TnlLbnNNWmJycjh3UUZrNUcxSEdtaGxmZmZVdHk4aWJtbURLdEEwZ0FwRE5zaHd6V1JsbnBac2NZLTd6UHJRbmc3b9IBXEFVX3lxTFBQbndDdV9PcFh0aXBDbjRsaEJlQmJjazYyQzBYdFp2QWdDdU1NSHFlbzBScEl5dFhuMG8wWnVYV3BWWnZ2emU2QzY3RlZfaTJqeG5pUXdKcHR5NXpG?oc=5&hl=en-US&gl=US&ceid=US:en,BBC,-0.25
Deepfake democracy: Here's how modern elections could be decided by fake news - The World Economic Forum,2020-10-05 07:00:00,https://news.google.com/rss/articles/CBMipgFBVV95cUxNMm14Wl82Z2pyLVM0N2dvYzNld2tUdUQ5emRLeHlBZEh0bTE3V0pqOXJFYXhuVGpHR05xSmxQTGEyU2pnNWxkOFhjTW9OM0JsMEVRUU9wUVg3NXcwcVIxXzdZRmYwWnIzNG5mOUNPaXB5WG9ubVdaQW56d3d5QzNZQm5VVkpoZjFKdDhRd3hLYVlOQzJRbmNnV0FxSXMwcUVMU3djS2xR?oc=5&hl=en-US&gl=US&ceid=US:en,The World Economic Forum,-0.4767
Boulder Named Best Place to Live in Nation By US News & World Report - City of Boulder (.gov),2020-10-14 07:00:00,https://news.google.com/rss/articles/CBMilwFBVV95cUxOYWtzUTV2RlNvSjV0NUoybHlERnBSWGk4S0hqNE1NMHBHeEpLUFFSMExNeUhEX2pua2xOaGVIaGtvZWVENHZJRjlxZGFWZzVtTE1qRW9YdGJPOS1Tb3ZVWFFFMWdPaHRLUlJuODIwZnJ0cTZMUGFuZmNtb25mN3JGbThNRkVVU2Ixd0NzdW1NaGdaZk1XVF9v?oc=5&hl=en-US&gl=US&ceid=US:en,City of Boulder (.gov),0.6369
World Rugby approves updated transgender participation guidelines - World Rugby,2020-10-12 07:00:00,https://news.google.com/rss/articles/CBMiowFBVV95cUxQV0FoVXNXMUU4LVAtclMxcW43d0szb3QyNjlmNS1JRm5BTGRxVWR6TmtTMTZhWW9zMGhCRzY3aGxsQXl0cURTaUVJaUtvV3lfcEM4b1ZCUjRVZDZZNlpGMlN3SVkwTkVEalNxSDFROTJ5dzdNaHZsNVlMNzdldm9kck9RTkdlZW9CdUtzR0VFNTVPUWI5amlVdFZGb0E4aEQ1UjU4?oc=5&hl=en-US&gl=US&ceid=US:en,World Rugby,0.4019
"Extreme poverty set for first rise since 1998, World Bank warns - BBC",2020-10-07 07:00:00,https://news.google.com/rss/articles/CBMiVEFVX3lxTE8yU2ZqRV9zZkJSdk9oem5FaUh6LVU3UmZHZHpEY2dfRzF3S3ltWFV4NVQ4R2tpNEVGaTkzVnRfYWItTUZzaHpSS3d6VWFCQ0t0aHV4SdIBWkFVX3lxTFA4cnQwWHhyOVliRF9EdXA1TFR2VTFKaHdHaGx1b3NKZGRGQWpNWENBWE9ieEZHYlZXdXE3WXZSZ3ZiRzE3OGJQeWNvUGNPUnBaclB5c0lBcUtSdw?oc=5&hl=en-US&gl=US&ceid=US:en,BBC,-0.5719
Postseason History: World Series - MLB.com,2020-10-19 04:01:26,https://news.google.com/rss/articles/CBMiYEFVX3lxTFBhN3NYSjFHSGZLWWZWR1FrX3UxV3VvbHo4bjF2RzZwTmlIbjRDWGJVS3VvamFlT3lRVk05NVloUXlvODhkeksyQmF1S0t0S3ZfVUtRWWJpVGozZjY0RnVJRg?oc=5&hl=en-US&gl=US&ceid=US:en,MLB.com,0.0
US election 2020: How Trump has changed the world - BBC,2020-10-23 07:00:00,https://news.google.com/rss/articles/CBMiX0FVX3lxTE91V2E2SGdPM2o5VVVnM2YwTEVqbFNZdjkzWGgtSVNlTnd6elh2ekJKRUdxcTRfNml0aHoyT2RiY2VmYVdueVFyNU1GR19OR1FOLU91NnU0WkJtekNBckYw0gFkQVVfeXFMTUhJZ3VZR29IV2ROZ0tVcFgyQkNfMTJFTmdLelNnQ2xQNW5wOVVzTVhHRnd1VUM2ejlJUjh2ei1iWmt4cjMyTFZlWGJVM244c1lWbXVadVZXZmFNYTZpWTFNSjhNLQ?oc=5&hl=en-US&gl=US&ceid=US:en,BBC,0.0
"Shock, sympathy, mockery: World reacts to Trump infection - Al Jazeera",2020-10-02 07:00:00,https://news.google.com/rss/articles/CBMiaEFVX3lxTE9rekhsZlRnSW9XQjN1cHgxWmdZOEFJOTgzVGRaSG5HRHd1RE1Eci1UbjVyQ2NkR2tpOTd4czMwRXl3N3dRMlZYUzdWTUY4dDFzMUswUkdzOUR0aTdldzhpN0kyNFdRQVZ30gFuQVVfeXFMTXpoWnNEcndQbzZWRjhHWjJGa2RVMU8tVnJoTU84ZnZnRDlGZHlVOGpTTGViTGpnVVZRV242d0dfZEtpUHhrSDFCdl9mYWFBZnl1Zi03N0lzU0pZZUVVVG1mQ1kteFFLS3hhLVdUeHc?oc=5&hl=en-US&gl=US&ceid=US:en,Al Jazeera,-0.34
“Fratelli tutti”: short summary of Pope Francis's Social Encyclical - Vatican News,2020-10-04 07:00:00,https://news.google.com/rss/articles/CBMitgFBVV95cUxPeWZwMEJ4REs0X1VYdVVLeUlBSzlpZjVDQ3BlTlRCdnQ0OFd1T25ycC13ZERfdHl5ZnB2M1ltNDFjNUtFX08xeGFrUTRoSFloelZqUWFlX0pmVExlVURSNWMzNjFzN2NQOEVURkVnYklQNlpXc3NSRnIxNFJJckM2YmRqa0pkM01zaDZGaHhrVHVQbHFuQjVwV3d5dUd3UmVIX1ZHNGRFZzJNZU8ybHVNbGsxWHVTQQ?oc=5&hl=en-US&gl=US&ceid=US:en,Vatican News,0.0
World court continues adjudicating throughout COVID health crisis - UN News,2020-10-30 07:00:00,https://news.google.com/rss/articles/CBMiV0FVX3lxTE8xMzFkNkhQVEdzek1BMXBNU0hIRFE1VVpEOGFOQUhsNC1kWlhQblc1NlAwQVMycnQ3aU9fN2lNdlhaWm9ac2dubE8yWUlVSjhubHJ6SHZJOA?oc=5&hl=en-US&gl=US&ceid=US:en,UN News,-0.6249
UH Mānoa ranked among world’s best by U.S. News and World Report - University of Hawaii System,2020-10-20 07:00:00,https://news.google.com/rss/articles/CBMifkFVX3lxTE9ocDJuWklsenJtNXVnTXNfbUhSMDctTWdtTXAyN3paNFhVTmRBU21PNkhud3dNVDFOSnAtaHVmZHQxYy1Ncl9xR2xlRWZuQ3lBaXhqTE02Ml9xNlBHbWpNR2E3X2Z3VjM0emJibE5kSXJnU3U2OF85Y3hDd3JHUQ?oc=5&hl=en-US&gl=US&ceid=US:en,University of Hawaii System,0.6369
11 UCSF Research Specialties Rank in Top 10 in US News Global Universities Rankings for 2021 - UC San Francisco,2020-10-21 07:00:00,https://news.google.com/rss/articles/CBMiugFBVV95cUxPeFNyTUFNVHdqLUNGN2duYVJ6UXo2MGgyVWdUUHZRcVBnRVVtZ0NMdElnTmFKTEdBVzA5QTlXQkE5d2hoTjE1WnhWWl9ESDdVa2U1MTZTT2c5d0JXdUYtdlpZU19JVjFXbDByRmlhZFFrZzBLMWNITVU4QjFQYWQ1cGpaR1Q4TmFfSFVTZWk0RkJpUzFHRkF1RUVoTzZoQmJSMzBPZmVRMTAwNTJGR2FNVTFyNmRwOVV1Y2c?oc=5&hl=en-US&gl=US&ceid=US:en,UC San Francisco,0.2023
Coronavirus in Senegal: Keeping Covid-19 at bay - BBC,2020-10-04 07:00:00,https://news.google.com/rss/articles/CBMiWkFVX3lxTE5tT1pWSWNjYThMY01pZmJKRmNVX2lqeGd5UFp1MXRtcHZISTFKUkVqOS1iTTJvamNCQWh1bXZRZzB6QXRnRTlodHBLSWkwY3Z1bHZTMGhNR3EwQdIBX0FVX3lxTE5FWFRzYkM4Uk5aSmtORXlEWEhoU2hMOGx2dVNRV0pfMEFRYS1NOEN6b01XV1RULWZwbzRXU2tCWVRmTEl6YTc2UjdYV25Od0poMktQS3U2SEtwX2Q5b2tZ?oc=5&hl=en-US&gl=US&ceid=US:en,BBC,0.0
How will global warming harm human health and well-being? - Climate.gov Home,2020-10-29 07:00:00,https://news.google.com/rss/articles/CBMiqAFBVV95cUxObFpaUGhqR3dYa2pReEZqcUM2SHVsYlFDWGV4OVd4NXFwWG9IVm5nMkF3WGJWYjZsQmFUMUw1SlhTZ1I4SmgwaTZLLUdLM1ZFMDNaQTNQVlBtRXlVNFZwVHJXd3lnTTFqZDF6V3NVWHdBT1VKdmJNdjZEWkxSak5XRGJfM0xvZHpfMWt2V01PNkNwejllZHVBMU5ER254dnJ1X2NTcU5jTnE?oc=5&hl=en-US&gl=US&ceid=US:en,Climate.gov Home,-0.4404
Coronavirus: How pandemic sparked European cycling revolution - BBC,2020-10-01 07:00:00,https://news.google.com/rss/articles/CBMiWkFVX3lxTFBMVmpQaEI0cDdMcGlsYXBJOXdWZDUyUGNJeWpkXzU1cnBfTFc5d0Nxa0UzdjNHU1VoQ2dhNk1pV1U2T29PcWFTWm5qMjBFOWJMVFVjT3ZMU3lRd9IBX0FVX3lxTE5CN2Z5NElPMmJHSjR1cW5CZG84N0o0UlJtS1JicmZpWU0tbl9NVHhnQTd5dnozSzJQNmtWc2NGLXVKVXdUMmRTQXpoMzJJbGVpUWQxWGNVdVc1YUUxVVJz?oc=5&hl=en-US&gl=US&ceid=US:en,BBC,0.0
"174m Travel & Tourism jobs could be lost due to COVID-19 and travel restrictions, says WTTC - World Travel & Tourism Council (WTTC)",2020-10-29 07:00:00,https://news.google.com/rss/articles/CBMiogFBVV95cUxNdTRWQ2djaExXb0xoQ3hFaTdNVHFpT05RWHRUYmVGZnFkdmlqOHhPeWxvVU9aclA4YXk1ZXhfTGlpYnB0eVQ4TmVPZGVlcnJ2RzM4dFhwMF8tTXVtQ2gzeHlmaHRkU1g0QUxQRHRwYTdILTlQejdOV2lRZTFwblNZLUtGY2c2a3pKQTIyRmZRUWdiaUw1VjBvMy1oT0pNbWY0S3c?oc=5&hl=en-US&gl=US&ceid=US:en,World Travel & Tourism Council (WTTC),-0.3182
World Data Forum seeks to boost data capacity and partnerships to tackle COVID-19 and achieve the Sustainable Development Goals - Welcome to the United Nations,2020-10-13 07:00:00,https://news.google.com/rss/articles/CBMiiAFBVV95cUxNdDlhcnA0eVMtODZ4SnF1OHp6RXNqVmZjMWFiNkd4bzRaVVB2RmtZZTlWTXlocFp5VUJVdjdLck9mcERSQmFNcUJqNUVxSV96V3ZjVmFMUEd2eE9wZG53R0RDMm1WUmEwM0ZoZVh6X0hVZUxUT0VXSjRrUjc5ckktYlBtc3JPbE5p?oc=5&hl=en-US&gl=US&ceid=US:en,Welcome to the United Nations,0.8176
India Resists U.S. Pressure to Buy Armed Drones as Trump Looks for Foreign Policy ‘Wins’ - U.S. News & World Report,2020-10-29 07:00:00,https://news.google.com/rss/articles/CBMi3gFBVV95cUxPYWJNYmp3ZVVfazBTTUV0QmZ5RVRsNWdIRllLNWl3N3lIUlZqbTV3OTlpTW5hU2pDZk9VN2hjM0Nsb2FlZTlwdlllTTdSb1Vha19DNDVxS3V2SHJ6enlhd0ZYa1NVYldNcnVnSDlwWGg1UmFWS3k0OVljZk5uRTlmU0Y5YkwyU2oySW5jYVlSMTJSclp2Q2JIUkxyZTNDazI3eGs2RGxucGFTTlVaU1NTbUdYRmZBbk80Z2s5eXhmZE9tVXEtMkJhLTQzd05Hd3ZURngtVXhEVXV1U3hWc2c?oc=5&hl=en-US&gl=US&ceid=US:en,U.S. News & World Report,-0.296
NJIT Shines as a 'Best Global University' by US News & World Report Rankings - NJIT News |,2020-10-22 07:00:00,https://news.google.com/rss/articles/CBMijwFBVV95cUxNRmFGQXRIcUZaTHYwYnl2SHlnZU5pOG51WUsycHhhMDVyS2VkaFJuUzNPY1gyUlo5emhlMGlIU2FGQno0eGc4RkltQ2xpVzRzZDgzU3RnR3EyWW96T2QxNElzZmpIVXZhT3dHRkI3WDVCMGZYZ1VzYW9ZcUxjYVhnYlhTN0tDaWZLRk12V2Fzbw?oc=5&hl=en-US&gl=US&ceid=US:en,NJIT News |,0.6369
The world’s oldest university gives up some of its secrets - University World News,2020-10-22 07:00:00,https://news.google.com/rss/articles/CBMid0FVX3lxTFBtRFBMQ2xjdkh1SHdlQWE3SW9MWWdSVS1BRzFZUzc3UHE3WC10SHAzNnZ5dHRQNjd2T2JSNEJGVTRfZFpFUmJnVWVzTE1PajVtZ2VOQUwzOUMxeUR3Wk5yRndKZFFtQzViT3pVMnloN0dIOGJ0Sk4w?oc=5&hl=en-US&gl=US&ceid=US:en,University World News,0.0
A global collaboration to move artificial intelligence principles to practice - MIT News,2020-10-19 07:00:00,https://news.google.com/rss/articles/CBMijAFBVV95cUxNdjlnMFVUUDFqM3pBeTBYTHcxOXRaRnNCMUxudmE4VTEtZ3NFNzl3anFlVlprWWxuaTFLVnppcFBqY2hSN0c0RHFsTjU1VkVSNFpOdHBlSno0b3BFc01UNzJ1U0V0SG9jaHV3VDBlWkVQd2JNMlVnMllOMG4wOEJsWmZKY1I2WlRSX3V2Yg?oc=5&hl=en-US&gl=US&ceid=US:en,MIT News,0.4767
Pope Francis indicates support for same-sex civil unions - BBC,2020-10-21 07:00:00,https://news.google.com/rss/articles/CBMiWkFVX3lxTE1CWUZmeVI1RTY2ZjVuZ0hBUkpvZlJYUUFTS0FjWExEYWRObVI1VS1DdGs3VHRnM3JsLV9WNU96TUl2aDFnRkFyQk9KNHBZT010RlY5c3ZwdElxUdIBX0FVX3lxTFB4WVV0VnhUVFpYS3FpdXZPQnRNYWlIZ2o0QmZ1anJZcEE0NXRIVjktSFUxdHJrdFhURjFTY2g4ak9mbXZwQmhWclBkUzV0VFR3WjJIcXQ4SThES3pHOW1B?oc=5&hl=en-US&gl=US&ceid=US:en,BBC,0.4019
World Bank COVID-19 Response - World Bank,2020-10-14 07:00:00,https://news.google.com/rss/articles/CBMiiwFBVV95cUxQcDBNNi14c0tETy1Zd2Z1MXBfRUozOWYzaFlvNW5URjB3TWNpZW9ZdU1WUF9yaHN6XzVKZk0yZGFoeDNTQ2NJMDFwVTFXSjZzYXRBSFl4OVNHMDIxTnYtX2lRdldOQmJVd0ZLYU1QVjN3bGhOR1BGVFFsVUdqYUFjSExsSktCYUs3a25v?oc=5&hl=en-US&gl=US&ceid=US:en,World Bank,0.0
Great Barrier Reef has lost half of its corals since 1995 - BBC,2020-10-13 07:00:00,https://news.google.com/rss/articles/CBMiXkFVX3lxTE56MTJENVNtTTVTWDFBempQQjJyWUFUVVZyc0M5WUxuSGVZY3JJUGE3Z1I4YUhOMWgwMnBmekp0T2hXQ2ZGaHVrdEo0UHFuaGxhRHBfZ1pLMUJHS2VlbnfSAWNBVV95cUxPaExXR0hjZDJJX053cUZ3dkRnYmJpZDBoaVNPOXF2X2VJc1NPaVdOZFVoSERTRjNWN0FHcVFHbGNMeWdEaDJkQ0RVZ2J6V3VzeE9xaGl3OHgzUDJLU3l2aFlFT00?oc=5&hl=en-US&gl=US&ceid=US:en,BBC,0.3182
Global challenge for movement on mental health kicks off as lack of investment in mental health leaves millions without access to services - World Health Organization (WHO),2020-10-07 07:00:00,https://news.google.com/rss/articles/CBMiiwJBVV95cUxOdTB4U0hfVVI3Uk02R0dEUFNTdWtKLWc5ZC1ONUwwVTRQbkVuSlJTQ0RNOXpZTmNyZENaMXF2OG1XY0NFZTJCaHZRZk85UzRSczlEUG5vRUI3NURrc1RuYVhud1BZUGtJT09TdVZJYWFxd3RjYlJ0M2Q1TUZkRmVGdkRCSmU4V2Y5YW94Q0hadFBUTzNodUJwVWJ5WE1yVW8yWUFkRUJyWXVjamVJRkM1SzEzOExSdmZGcFVmZUkxWDhHcG1jRkdwRFJ3Y25MNlotSEdGTm5ZVEdVbHI4WmZLeG1GZHA3TmM0cDRET2t4VHVpTVlaTmJvTjdBOGlpRlF6OVVqcnV6MDFOSnM?oc=5&hl=en-US&gl=US&ceid=US:en,World Health Organization (WHO),-0.25
Swedish municipality gives approval for fuel repository - World Nuclear News,2020-10-14 07:00:00,https://news.google.com/rss/articles/CBMimgFBVV95cUxORFRzTGFFY1VZeEdPVTdPX3lUSkpCWHZNSnEtaHhEb1RwUTFwdGpWcFJUaktwYUtTSERTRU55dVlmc1ZxWkY3akJ2RFJMZjBKNlNrNjl5N1RvQm9EVTZVSm9GRzNOa2EyMV9PZU9OS0VaZ0hVS3FqUWVOYmR1eTd3SmZfX2VQUHlaM0tHWjhwbFA3ZkVfb2ZvQll3?oc=5&hl=en-US&gl=US&ceid=US:en,World Nuclear News,0.4767
Nobel Peace Prize: UN World Food Programme wins for efforts to combat hunger - BBC,2020-10-09 07:00:00,https://news.google.com/rss/articles/CBMiUEFVX3lxTFBzOU5XakVYa2dLc1VDb3VmYl9IUTdwTUNRelFRVWxJZHNBa295R3RuMlpJUnUwelZRdDh6UzRET0FiR0d2aFp0WlkwN2N5QTBx0gFWQVVfeXFMUGNmYnlja3JuUzFkRVZOVDZna2pNWF9ZalczY2l5TnJpMjlaZzN2N010Wk5hOENjaG1GeWFONzMzWHExb1B3Rmk3M1J2bXllMGRnX1JqY3c?oc=5&hl=en-US&gl=US&ceid=US:en,BBC,0.7964
World Food Programme: What is the UN body and what does it do? - BBC,2020-10-09 07:00:00,https://news.google.com/rss/articles/CBMiUEFVX3lxTE41WHg5TTRCUXBBUnRobE5jajB0bjJDNGVYRU1ZMEdERHhqRzRZSFFCeFVRQ3Nrd3dfZkk5QV93NUJsNWRMc0NUUUFVcWkyUFlX0gFWQVVfeXFMTW5XR3o2aWZyZFVoYU1JMGVETVE0eGhUMGgwSGRpdXp0NUsybGJRM0NxX0k4S2dFbUE1bkp4RFJFMnQwbG1jcjdmaGVFcXJqSGtSVVF4bXc?oc=5&hl=en-US&gl=US&ceid=US:en,BBC,0.0
'News of the World' First Look: Tom Hanks Treks Across the West - Variety,2020-10-06 07:00:00,https://news.google.com/rss/articles/CBMijgFBVV95cUxNNGp4aUpnSUdTcGRFenREU1VaQW03NndNZHdrZWtUbW9fOERDaXhEdHlXWkFkMVY5R0sxU0ZXOXJzNWZlTDl0RXJzQ1psLUVFb0dSQU9VZ0g3UURya0NmZG1UVExlTmE5djFyY1RfWnl5OUotNG5yaGFOWG1FMkdMUEhTTjJESUxDcE83X3dB?oc=5&hl=en-US&gl=US&ceid=US:en,Variety,0.0
"World Cities Day: Value communities, today and for the future - UN News",2020-10-29 07:00:00,https://news.google.com/rss/articles/CBMiV0FVX3lxTE1qNlc2Tll2cVVoVDdUZkJWdjBabDlvUUNLWm5jdlc2X2dpSWtmdUhteEdGTjI2bUlNcG1Db0pwMlZNVVUta2xpMWdpT1hWa0cya1FKWFN1QQ?oc=5&hl=en-US&gl=US&ceid=US:en,UN News,0.34
France teacher attack: Seven charged over Samuel Paty's killing - BBC,2020-10-22 07:00:00,https://news.google.com/rss/articles/CBMiWkFVX3lxTE5UTC1yNFB0QmZHRER3X3lEalpPTjZKbnVzY1FUQmZVbUtIZ3hKZUlUWmdlLTE0OHkzWFAtWjlRYm9sTnZMRS1IZlM5OUszbndad1loNGpwM3pTQdIBX0FVX3lxTFBoek00V1IxanpPR1B3MnVBdDEybTVibkY3eWxKV3V3NGtRVmF1MW9GWmVlWnZzai1TUFdhelM2Zjc0bkRYV3RMYjVHM0FmcHhZSXBzQjhnRDZ4anZqNzI0?oc=5&hl=en-US&gl=US&ceid=US:en,BBC,-0.8519
Armenia Azerbaijan: Reports of fresh shelling dent ceasefire hopes - BBC,2020-10-12 07:00:00,https://news.google.com/rss/articles/CBMiWkFVX3lxTFBsVzBtU1hzeVBzQ1IzTFdmaFRoU3diZmhLazNGV2o3eThPRnl3TmRGVkl4WkU4bmtZMDYzY0ZqR2RvRi1oU0VwNWVyY3hoVzltMWhfUUVSSkhLd9IBX0FVX3lxTE0zMDVUTmQ0MW1LLVYtUk5mcEJvTWp0MWduS1lCbG13ZWdWTU5WM1lZTWQyMFFNRkRVREpIdUh5Mlp6UlZuSGJGdEU3VElxc20wcGNNVUo3eDBvczZFVEM0?oc=5&hl=en-US&gl=US&ceid=US:en,BBC,0.6249
Trump Covid: How US news networks reacted to the president's positive test - BBC,2020-10-02 07:00:00,https://news.google.com/rss/articles/CBMiYkFVX3lxTE90XzN6bUNxaEtoYUhyZmJIclFaUGFHdUhNV21yOHFlNW5ESWhwNWJhQUdPSU9YTHBUXzJvblpJdmp2a1U2YUNHM3BHWXBwRENFMVhQdFB6NENlRUZ0c2V4OHp3?oc=5&hl=en-US&gl=US&ceid=US:en,BBC,0.5574
September was world's 'hottest on record' - BBC,2020-10-06 07:00:00,https://news.google.com/rss/articles/CBMiY0FVX3lxTFBTY3JIb05lR0twcGt1dWZSOHdmRnNhSkpHRFNPUk5mR1JRbHNja3RBcENGSms2MXVjWFFKQUZiNENvVmdITHFWY1U5dWJqWDNod3FGekFoWGNvT2N3ZG1xSFEyZ9IBaEFVX3lxTFBiX0NNcl9MOHY1NmlJeFQtZmVMcEJ3TlBvWTRTUkNITnFMQkpfX3dPaWFiTWNZS25lZ05GdVNEVk5JNFVWYjlRa2k4eDlLQmZJeWxzcjhJVGc4NmtuTl9FcjRobEJDNWdR?oc=5&hl=en-US&gl=US&ceid=US:en,BBC,0.0
Netherlands backs euthanasia for terminally ill children under-12 - BBC,2020-10-14 07:00:00,https://news.google.com/rss/articles/CBMiWkFVX3lxTE1SNW5UV24wdFBQMENxNnlvSGxrRl9aMU1BdFJEaWNrVm9kZVM1eGRpS1djYkpBSk9SNm9MSWxLRUtEaGdDdzRpbzhKVlZaazVkMnI0S0VXcW9FZ9IBX0FVX3lxTFByY3pkMjhOaVczZ1dISk82dDV5amxUY0xManhuSjNPTmVsMm1tZFpaYnNPVWQtZl8wblFiUHdDSndUalBnbVMwQ1cwWER2Ny1VZkhxM0NKNUIweWU5RERF?oc=5&hl=en-US&gl=US&ceid=US:en,BBC,-0.4588
Donald Trump’s son Barron tests positive for Covid-19 - The Indian Express,2020-10-15 07:00:00,https://news.google.com/rss/articles/CBMiowFBVV95cUxOSFRieHNGTnJWOEk1ZTNJQk5BTWRaSjlRTjc3T1Jsb0FzbUFXb1kybU56ZFVsaFJlSHBha2s3aWhRTDdZQzRDNEJTTDVacjhKZkZRdkFnV3pPVnBuLVhzdlFuS25mM3Y4VTg1V0FsWmZuYUc3YVNtWmNJUUd5YUtaNkxfNlo5d3JGbC1OWEp2dDhlZE5MWEw2SnQyWGdLLUg5M3BZ0gGqAUFVX3lxTFBRQUo1REhvQldDUmw0RmdfSlhlOWdXZlVqY2lhek05UW5JZDVPZXVuX3JSaFAybmFFZ053MHR6b0hudGJzd0ZtSmg1bzRNYTdUSXB2YkNoVHV6U3JHdUtzbTJxSmVWUlZxU000WHZQZHF3TGdwYTdmRllNeUd3TXBWSzdCaEFhUVVId1FTNEdFdm1BdnFJZ2lSUXdabTNBeFFQbWhsaF9pVXRB?oc=5&hl=en-US&gl=US&ceid=US:en,The Indian Express,0.5574
"‘Time for global solidarity’ to overcome COVID’s health, social and economic challenges - UN News",2020-10-13 07:00:00,https://news.google.com/rss/articles/CBMiV0FVX3lxTE91WnVRNTV2NlFBNXY3TUhQMUZnd21kdkpHaTlJeksyYUtCZ2hXclJmbmpua2Z4N3QyM0tnOElLTFB3RmdVcHFEX1RDd29aN09hZ0VoZ0RRYw?oc=5&hl=en-US&gl=US&ceid=US:en,UN News,0.0772
Somalia conflict: Al-Shabab 'collects more revenue than government' - BBC,2020-10-26 07:00:00,https://news.google.com/rss/articles/CBMiWkFVX3lxTFA2TnFLX3l0dUlSN1pTWkh0b0tXZlFnakM3Q0t1bk5rSWtGaEpzTEUzNjk1STQxR1JHb3p2QzdVMEgtVkpaS2hqSG9TRW5aRnZnZU5CU3Uwa2pNQdIBX0FVX3lxTFBzZlRlREtnTEI5MHh6Rk9sVDhuMi0xVlp3ZWdfUnpFbWdxS21oRDdSSWl6TC1IR3B0ZXF5akxveV9xR2JVZ1dyU0xVZWo2UVdadlRyVkV3Ml8wSW9ma1lv?oc=5&hl=en-US&gl=US&ceid=US:en,BBC,-0.3182
The maps that show life is slowly getting better - The Guardian,2020-10-17 07:00:00,https://news.google.com/rss/articles/CBMimgFBVV95cUxQS3p3YlUwcTFDVklQMVdrU2s1a3I4UDZqdkNCOHUxZFpQOWJ3OVdGU2VIVTBSWVZwQjV4RlU4XzR3cjdWbDVEYm9ZblNnNUZmN0pBU3l5VF9oM2dYX0w5THMteVQxVlNQUG1aWjIwQnJlWlRGdzdGMnk3aEpwWlVSRU11eXM2eC1XbXRxTjJLSF9MNUo2SUllSHhn?oc=5&hl=en-US&gl=US&ceid=US:en,The Guardian,0.4404
The World Health Organization and Wikimedia Foundation expand access to trusted information about COVID-19 on Wikipedia - World Health Organization (WHO),2020-10-22 07:00:00,https://news.google.com/rss/articles/CBMi8gFBVV95cUxQWTlNRnBVQTBBN0ZHY0JpNk1RS2VNN0w4YVROY05NS2tEWEFiNHNLd1pGZWwzUlloSVk1R1ZkLXB0S3RCRGw3dEMwR1ZLSnhfM2JoMjlzOTRvZk1BRUQ3dVZiM0FuTW1vLXRwZ2o3aC1vNUVWd1NNajFQaFFUbzZOeUUtOV96aldpa3dlYjZGTS04OFJnam1hUXU5OWI5ZmU5bEluRFZBRm9DXzRfaHEtSmd1TTBheXdNMkRVUzMyQkpJQlFhQk9GNElZU0EtcG9Cb1VZQlVsajFvYW9WOHVfUTEwRDg2YzhtdS1sbExXR0pjQQ?oc=5&hl=en-US&gl=US&ceid=US:en,World Health Organization (WHO),0.6597
Bringing construction projects to the digital world - MIT News,2020-10-21 07:00:00,https://news.google.com/rss/articles/CBMiY0FVX3lxTE9MVzU5b3AzQy1kdFJLOTFDcUtPaEJZOGRBQ2o3bTl2NVo5eTlYYXYyUXJObHV3cjlUb1dQbVVXMWV6eE16djdwd0JMclNaU2dXNXRncVhfQXg3S3BWa2JncHNJQQ?oc=5&hl=en-US&gl=US&ceid=US:en,MIT News,0.0
"Pope: The Church, world need Mary’s motherhood and womanhood - Vatican News",2020-10-24 07:00:00,https://news.google.com/rss/articles/CBMiowFBVV95cUxQWmZyak4xVzhnblVrZzRTVDFNdUVPSEFFcDU1SEQ3M1RpWmtvZzFoN1JsSEx5aWk5N04wUmdYdFI0WnBWaXZQdGZOMmNvNzkwSlBnN3lfQ1pUTERNN0kxMllRRWEtZWNuNkdrdmp5LVpSdUtKMFV0QXpIWFlfZ0hoaGgxS3c4RTlxR2trUi1pUGx6R0Q2czlXZjhKVGxNU1FJTG1N?oc=5&hl=en-US&gl=US&ceid=US:en,Vatican News,0.0
End Sars: How Nigeria's anti-police brutality protests went global - BBC,2020-10-16 07:00:00,https://news.google.com/rss/articles/CBMiWkFVX3lxTFAwbnFUMDVCR3BSSzkzbXY3VEJSWUpVMkx6Z0VtMVV5dHhSRE9tc3J4OElKYmJveVZSWXhmQXBSQk9teG01NGZ1bFZpUjNRUm9vWkJoaW9kcnF0d9IBX0FVX3lxTE0wOC1DYWF6Q2NJV1JoemhRSUFPejNGNXVBNHRkMWw5NWh2SVBIWUw0cjR3LXlhYmJ5eGU0QmN2MGYwM3JySWstb1g4T2xhcTBPZ1d4SVhvdzQzZ3FHWmlj?oc=5&hl=en-US&gl=US&ceid=US:en,BBC,-0.7096
Covid: Melbourne's hard-won success after a marathon lockdown - BBC,2020-10-26 07:00:00,https://news.google.com/rss/articles/CBMiXkFVX3lxTE53ckhRaUIwVkNXdWQtRWZ2Qmo2UEoyay1wVVJrZk41Y21sclB6RnhhS1hzUjYxNksyNXVrbVgteEtGVUxWeGxpZFZ6QVMwQlVfS0EzNzBSYkxuR3UxTXfSAWNBVV95cUxPSFZmQld2YzJjVlRuTERBU0NXNWw0VkY5Sjk2VHh1dTJfTFlYSDMtdDdTSWhMcHU4OFM4dGFKaE9CdmdqWWlEdXVqRk9BRnloblNvTWlzWTRLR2tDdTdkVFU3Q0E?oc=5&hl=en-US&gl=US&ceid=US:en,BBC,0.5719
Covid-19: How the Czech Republic's response went wrong - BBC,2020-10-26 07:00:00,https://news.google.com/rss/articles/CBMiWkFVX3lxTE1HVXdlZVNsRWl0T3M4Y3J0ekFJb0VtR2laM3BDXzBSSVNvZWp6MnctaUhyb1U3RGFHa09QQjJ0ZVNCdmFrM3dPOVdLOEJLWWZDdXBIaXVaSFV2Z9IBX0FVX3lxTE5yXzAwTFhEVHBUbkNnUjBqcG9rWkhPMUVOWk1MZTcxRlRCemxNbzdRWUljRUxKcEhmZVV6QjVEUnpfRDlHbVhkUE1GeGFWUUY0WlZQX0NQelVYQjc0aDNn?oc=5&hl=en-US&gl=US&ceid=US:en,BBC,-0.4767
The grim fate that could be ‘worse than extinction’ - BBC,2020-10-15 07:00:00,https://news.google.com/rss/articles/CBMinAFBVV95cUxOOVRNeUxmdy1zMzlQQWdFa2dsemFzSWFQS0NyalFYWXpKdEdaWjM5MFhwM0plWDRlTGdESkF3UllleFc1WEJsRzBoOGlUUlF1eUx0UGJwVlFpU01Wal9xenBnNXg4S0xxUktIOEVpLVNMb0QwbTBQZEhUQy1sQWdSbVMwSEc3ME1pY01FcUUxUUs2YUNJSm9PYVBkT3A?oc=5&hl=en-US&gl=US&ceid=US:en,BBC,-0.5719
Kim Sledge and the World We Want partner with WHO Foundation to re-record unity anthem “We Are Family” in response to COVID-19 and to focus on global public health needs - World Health Organization (WHO),2020-10-19 07:00:00,https://news.google.com/rss/articles/CBMisgJBVV95cUxOU2otM2E0V0s4dUZhaC1kc1lzNWl1WFlVVnM1Z0NJTHl0ZUdoeUdVajdfYUgwN3R0TGV0elpGTEZMNHdTYWZxS3NPUUpydGt0UEtnQTFlWUlLeElMUUN3OU8wN3BEZzFISmQtakotNlFjR0E4SHJaYkxUVmRVSDRlY0FrV3VnQXA5N0FfYTVQal9EVlRrOW1LNDZwZ0dQMnEzVEdwMzNCS3R5WWlrekRNWVp1YWxwXzc1WDRWeFQzTWFzazJWQUIzdmE1T1RkTG5fZzBqekdIcnN4a2NyM3VaUEI3dDhzcnh4cnhZbEF3RjhvU0NEcy1ZclYtQ21LWWZLeWFnUWQ4SkRhM1lNLU12TlBjSTZ3dVJQVHNMTUZ1RUhvZWV1WEY1LWxnOHVtQ2Vtc2c?oc=5&hl=en-US&gl=US&ceid=US:en,World Health Organization (WHO),0.0772
First Hualong One reactor achieves criticality - World Nuclear News,2020-10-22 07:00:00,https://news.google.com/rss/articles/CBMilAFBVV95cUxNSlIzZzU1eGNiWTlDZlBYS016RDNZdXdXeDZiZ0c0WXl6bWFEVmlROU40cC1vX3NQaWVETWZWNHpmMzVJMmJaUy0yU1ozWlpTSlhNWkd0Y2UwLXRHMGdISW5ybTZfZWR2TmVGSUI4TWZ5bGJ6T0pwdHFZczFKcW1NdkxuZERQQU1yM3VIN3lhZzZCUHBr?oc=5&hl=en-US&gl=US&ceid=US:en,World Nuclear News,0.0
France's Macron vows to fight 'Islamist separatism' - BBC,2020-10-03 07:00:00,https://news.google.com/rss/articles/CBMiWkFVX3lxTE9qOHZQMWJTLUdzdzNDdndpQlVpN3lTSVFzZ0VKbzZ6UHVGOUtZOEZieHNzR0NEcnJxaXJiM2owemkwYnRzbFJPLUFFdEUzeDNLdFEtRG9iMkd0UdIBX0FVX3lxTE9BUFI1OHdvS1dpd0h4MU5jQmtFbExaRnBxcllXakFLcXpWUmRrVlQ0VU5HRG1rSmd6aTNrNW1rSHU4TkVlMmNneVVQWVNLcFo5dFRaZnNlVXlOZXA2QS00?oc=5&hl=en-US&gl=US&ceid=US:en,BBC,-0.3818
Poland abortion: Top court bans almost all terminations - BBC,2020-10-23 07:00:00,https://news.google.com/rss/articles/CBMiWkFVX3lxTE9UbU5idWNIYkJpWGp1dC1KaHlaSlJUeXBhT2dqT0U1RDllRFRmMVRnTzl1ZzBmcG5QTFhEdVozWmlleTJndzhBVXBWVnN0X0p3aW9fUi04SGwxZ9IBX0FVX3lxTE5ma1FhaFFyTHo3ZFlIYWs2c1Z4bFFVMGNmclJpdWJQTmRFQXNtN0NDcXBfNW9XX3NKb1NzVkU4Vlo4bnhiX0c1SExHdHdFVVA3aEtlZllCZE5UU3VQZFBV?oc=5&hl=en-US&gl=US&ceid=US:en,BBC,0.2023
New Zealand's Jacinda Ardern wins big after world-leading Covid-19 response - NBC News,2020-10-20 07:00:00,https://news.google.com/rss/articles/CBMiowFBVV95cUxQSzdoLWhjLU54TFVYR1ZXNlZtWlZwREZmc2RzTzh5V3ZkNklodzQxTXFKWHQ3TUxFRWJMUFRCaTA1TWh4eUNHWnlRUVBGTUdIWE8wMktYbHU2SFh5Z2FkM2JxNndNX3RuV1JEaEtZZTVlUElhWl9NalI0SGdBbS1QdU0yWll5YWc5OTMtRC1vcGZsZk41UEh0NzBSMWJDc29yMFF30gFXQVVfeXFMUGh3b29wZGZLdlFsRWt5S3ZTalBKUVlQaFo2dG5Oc2tIb2RQYlJvYUNQSDRwSEZ6TnQ3OVJvQVhsbWgwTVdPMFVuVUJTbzhoUnUwUTBrczhF?oc=5&hl=en-US&gl=US&ceid=US:en,NBC News,0.5719
Drop in pandemic CO2 emissions previews world of electric vehicles - Berkeley News,2020-11-09 08:00:00,https://news.google.com/rss/articles/CBMipwFBVV95cUxQOXNxWEpPcWNBZlJVaGJLSEpaWHhNQUc4Z3ROWXp0RkphWjZuYlU1WjFWXzJuMnA1LS02VDBNajk3QnMyTUpGX0VSMWM4SUdmbzhpdjBabnZvb2pqb3ZLVUxnUmY4NzlCTjUwei1RNmlwNW1DSnR1Q2toNnJ4c3FiVXRnQ1g5c1lRaGZUQ3ZqVWpORmtOZ29DS0s1LU51em5mMFRXeTlCWQ?oc=5&hl=en-US&gl=US&ceid=US:en,Berkeley News,-0.2732
A cervical cancer-free future: First-ever global commitment to eliminate a cancer - World Health Organization (WHO),2020-11-17 08:00:00,https://news.google.com/rss/articles/CBMivgFBVV95cUxObVZoaXNNVjFyNUpBQlpyVXFlM3Bib0NaenlaaUZqcG5HUnBQZGI0RTBManRQRjQyV2lOYkZJak1HWDh6dUtpSmU4cVpnRGJsLUdpMVVBV3I3X09iUThSQXRDdXptLVRLdC1mWG1OcHo4R0xsOG5tcV93UFhyeDVCc1E0bVRYVVdVcU1ldmRkU09mNF84ZktscFBCRTdRNEY2MUMyZDNLeDdsS2Y5RjAtMkFPd1ZHd1RDQm5EampB?oc=5&hl=en-US&gl=US&ceid=US:en,World Health Organization (WHO),-0.4215
US 2020 election: The economy under Trump in six charts - BBC,2020-11-03 08:00:00,https://news.google.com/rss/articles/CBMiUEFVX3lxTE5oWmdzRjhuYjhzSVFsbVg2eFBzVzlYZlU3d3hmZFlGa0hDRy01clprc25LQjB1MlA5MnI4NFdsVnBnQXhUSTdwVVlNbGx3dVJu0gFWQVVfeXFMUG1ZMmRPLUFoUXhNdGdPMFVfZUlwd0FOd2FPcXo4U2R4c3NpVGh1eVhOU2l2eHJHVFppeGU5aUpDTFJicUFlb1EwbDY4X0Q5UHdtRHYtTXc?oc=5&hl=en-US&gl=US&ceid=US:en,BBC,0.0
Netflix Buys International Rights to Tom Hanks’ ‘News of the World’ - Variety,2020-11-11 08:00:00,https://news.google.com/rss/articles/CBMiigFBVV95cUxOMjdNMG1IM3d1Y1N1Z1lVaXZGZXhsMUFQNldpaUg2RkRZSDU1MHRlYmM3TzAyb0RWR0VzTVh4SVdOMVlOamNGZVo2T0xGSTM4VUJFbGdnaHlOSTJYbzZYeXhkUWhxZGIzQVR6Y2dKd3ROUFhvTDkzV2RNUWZoVjE4bUdCNE5LV0tZOUE?oc=5&hl=en-US&gl=US&ceid=US:en,Variety,0.0
The latest on the coronavirus pandemic: Live updates - CNN,2020-11-06 08:00:00,https://news.google.com/rss/articles/CBMiekFVX3lxTFB1VlQ5NzZiaHhWU3dfdjJ6VVFzdHkwYkxkWmxRWE1uRUw2OGcwQ3RwY1ZxdVlnM0VSZjZDVzdfQmtYQjVzRnFjNVR0a3JJdkhtQV9BdnBQT1luN0VWRjR0cHlJQzRjVUNlQTRQNWRUWE9tVllQUTRONDNn?oc=5&hl=en-US&gl=US&ceid=US:en,CNN,0.0
World’s deadliest tropical cyclone was 50 years ago - World Meteorological Organization WMO,2020-11-12 08:00:00,https://news.google.com/rss/articles/CBMigwFBVV95cUxNQUxtanhDNmFNMWl0R2FMczJVaU5KS2pKUVdtRm5vTTJueS1XT3BWUWZMOTNsbjVNLUxyX3ludnhLRmItcmV3c3poZEV0TERpdVpPaDl2aldXTjdhdWdrZ2VKZ2l0NlFrZmZmTEpjNEFNUGxQTDBlQkt4Q29MQmd1Y2tJMA?oc=5&hl=en-US&gl=US&ceid=US:en,World Meteorological Organization WMO,0.0
McNeese Makes U.S. News & World Report List for 10th Straight Year - McNeese State University,2020-11-02 08:00:00,https://news.google.com/rss/articles/CBMimAFBVV95cUxQQjBIQ3BiZGw1cWVkYVBDMFZhV1E2VlVwb1F3alYxRHhnSlFXcFRHZEdSTG9QUDFvNVpwaVhhOHB0U0JqbUlfc3lsSnFGZGRyYkRDVW5IMnVTemJySWYyRkhHV3RFcGlNd09vRFk0MjFBRHg2QTRLenAzVThmLVBBU2ZZSEVxQVAxb2k3bk9kYU5RTVRiM3Zjcw?oc=5&hl=en-US&gl=US&ceid=US:en,McNeese State University,0.2263
International Women’s Day 2021 theme – “Women in leadership: Achieving an equal future in a COVID-19 world” - UN Women,2020-11-10 08:00:00,https://news.google.com/rss/articles/CBMikAFBVV95cUxOSlVqLTh3V0tFRHJBQU5BOHh6NGJYT1MzTktjRDM4WUdlRUFtM1MtLXhxd3RCekJlam11RWNQRVR1SUxnV2ZOel9TRTFkQW1NWlI2UUVVNFNURndEZnJ0dnJGTzd4c3owVE43RWVKYlM2R0xKT1ItVHQtLTUtRElBVkdMVzRzR0RQLXc3OEU5Rmk?oc=5&hl=en-US&gl=US&ceid=US:en,UN Women,0.0
Students collaborate with peers around the world - Stockton University,2020-11-12 08:00:00,https://news.google.com/rss/articles/CBMifkFVX3lxTE9rZ2o2dnRwV25Fd3N5T0VoaGF5cWpCWVRETHV5V0VFem9vVXhzZlUtMTg2U3BWbkZ1cXl5a1JVMnh0VTg0dm5tR3BzLVNoZzdUUFk1NzBXR3dCY1Z2aE9mWFNVOEYtT0t2VV9GeGZtdV9NMWt5bXBVS3I0Qi1RZw?oc=5&hl=en-US&gl=US&ceid=US:en,Stockton University,0.0
World Diabetes Day 2020: Introducing the Global Diabetes Compact - World Health Organization (WHO),2020-11-14 08:00:00,https://news.google.com/rss/articles/CBMi0AFBVV95cUxOTnhSWmtZNldCWVNxWlcwQ0EyWndLY3VzMElGb28xYmxDY1pzM1NMWTNQU3MwSmhhQm1yOEpSbERReXRPQmptWVhaZTU4RDU0VGFpYXFqbjRfbFpUVUZpRFQ2YmdVYWMyWlZkN013U0U1RTF4WXlaQXJSNGFOVmFfTl9DcVlRYk1qTW84clRaSGhrZENKY1BnNWpyMzBZMV84cjlVamY3UktERk1KODIwQVZwS1dCRzhaeTYtd0g4c0d0WGwyay1qSjdwWlRMbUwz?oc=5&hl=en-US&gl=US&ceid=US:en,World Health Organization (WHO),0.0
US election 2020: Do postal ballots lead to voting fraud? - BBC,2020-11-06 08:00:00,https://news.google.com/rss/articles/CBMiXkFVX3lxTE03X3pWU1pSWXlnZXJ3STRKNzVETzVZQ1ZjWkxyaDdHUllmVGQ1LVA1UWstLVpWUl9McnhPWE1qdThCMTRXRFBtaHVIZzc3aS00bmlRSGtlUkl2X09OeXfSAWNBVV95cUxQNE0xZU9qOUg4dk9yd3NjRnowaGxZRmU0UGU1NFBFN3RqaDFtb3JVV3R4MHBtajRMenJKMG03ekFJOHc1aVY3S3JQZFJMek4xVGxUQ3N3RzRGaU9VVHdaSE1ndmM?oc=5&hl=en-US&gl=US&ceid=US:en,BBC,-0.5859
"WHO Director-General calls on world to ""choose health"" at resumed 73rd World Health Assembly in the Year of the Nurse and the Midwife - World Health Organization (WHO)",2020-11-09 08:00:00,https://news.google.com/rss/articles/CBMiggJBVV95cUxNTWg1R01Ta3FScWtOaHJDSTIzUzZoeGZlX001eTdiRVVkXzFzM25WVHlocDEtNWNmbkZZYVJkTUIyTVJTZWN2TXdWNDQ4R0lYVDBzOEN4NklUM0RmYm83MnRQaUpqMlYxTU5JZTM1cXlzS0NuUkdUcnhwR2o4ZTVUMFJIZGlkd2RnRmZhYk9JX04td2Jqczc0YldJTHZNMjZ1d01oMlRLRk9Kczdlcng2SXZWZERGLWY1Mklhemdsa3hiUjhBR19rb3VqbkNGa21odWJucHAwamRtQkZBeFhwcjJZV0FIVmI2QUdwOVhKMVRfd1dIUVE0SmViWmQ2bHotVlE?oc=5&hl=en-US&gl=US&ceid=US:en,World Health Organization (WHO),0.0
Climate change: US formally withdraws from Paris agreement - BBC,2020-11-04 08:00:00,https://news.google.com/rss/articles/CBMiY0FVX3lxTE9FYXk2OXpfOV9lOENLX3NxOGI2QUNXN3RDa0h0ci1OUGNScENjNlNYQVBOVks2RWxQa19yZ2pRZ3RQY1Nmbm9ibkU3SHpJODRLZW5SWHpoSG1ZYTk2dnZzUGVQUdIBaEFVX3lxTFBVWEtHd1ZDRmRuekdOQ1RLU1VDZjBwVnIxS2tSSDNiWDY0RGMxalJ4VlkzSnJLYUFkYW9kSTV1elR0bU9wSkw4MFRRd2dkV28wX0tVVHZiMUZoQ2dvMGF6UTFEdnlJdzZo?oc=5&hl=en-US&gl=US&ceid=US:en,BBC,0.4939
Launch of the Global Strategy to Accelerate the Elimination of Cervical Cancer - World Health Organization (WHO),2020-11-17 08:00:00,https://news.google.com/rss/articles/CBMi5AFBVV95cUxQbFNzaFB2OVZzc0c5emdyNkdNaUw1c0Y3Rkc4d3VSb2JrNmxaU2RmR1ZFSVFvUnRub3RlREdya1U3QTh6TDdIOEtPUTZReW9vaFVDR1lGVC1UdzJDM1ByVGJleEtXemNEWmtUdGZQMlNSZy1GY2lETnpXYW1WampIWktieGc5THlvTFZSN3ZvVW4yQi1hYW5NVUZpLTJ1UHNldEthdnBDTTEzVER6OF9xYlBLNVd1YUd1VTRhS2dXMVhRSkN1Rm9KVzE5T0R4QjVKbXoxU3IxVzZtVVdnaWg2ODZGRVc?oc=5&hl=en-US&gl=US&ceid=US:en,World Health Organization (WHO),-0.6597
US election 2020: Why Trump gained support among minorities - BBC,2020-11-22 08:00:00,https://news.google.com/rss/articles/CBMiXkFVX3lxTE9IelpIOGYwOGVvZkJLN1FyRjlsQ2U5cDhLQ01wOExseDNYeDdqblJIRGZyS1ZkTGc4bENfRjFNZHB1czd2OTJ1czNaOVlfaWsxdzNrTUl0UFpCOTk3VkHSAWNBVV95cUxPQ2xNMGRkOUtPUTZFS3A2RXhPeFRxVWxrQ2EtUWpTWVhCMEVvSG1OS29xbDhJUjBMbUVOMDhldDg5UzBQbWVPa2l0SzVaTUdRM2JBNmlOQ0hQaHEwdnVwcm54LVE?oc=5&hl=en-US&gl=US&ceid=US:en,BBC,0.6486
World leaders join forces to fight the accelerating crisis of antimicrobial resistance - World Health Organization (WHO),2020-11-20 08:00:00,https://news.google.com/rss/articles/CBMixgFBVV95cUxPc1VheXRXQWJRbG9SRS1HQ2c0MWZPb1hXel9JNS05bHZ3OEo0aWwxUWRJV3U2WTZFUHQxU0tJUVVzZU9ITzB3VVYxZjhIOTRKclhmU2d6Nk1OakVJUzlmVHdDZnBIanJDdHVLc1FfNXFVZUxvZWxZMW0tUVFPaG11UmJXOHNEa3RVVnRQS1hsaFNpMkRYRzc1TEV5aXlBVDIyZ0VYOHA3SW16QXFtZzV3UkE0Mk1RYXRwaXRxVlFKeGcyVVFkYlE?oc=5&hl=en-US&gl=US&ceid=US:en,World Health Organization (WHO),-0.6705
Mohsen Fakhrizadeh: Iran scientist 'killed by remote-controlled weapon' - BBC,2020-11-30 08:00:00,https://news.google.com/rss/articles/CBMiYEFVX3lxTE9fSFhtcWFJclVXb2xCUThHQmNGdVNway13ZTU3VjhVemk2aE5HQWJ3RWgwWkx4UElhcWZieHJwN3RnYlNndXR0WDBGNWYzU0Q2Tm5XdUNDMENjTjZidGVpT9IBZkFVX3lxTE5rczlGMkp6MzFnTGlqNzlBcTJ2UDBPaTlhallHYVY5bDBMT2hTeFRMWkxIZ1Ftd3J2SUc1SzJCb2ZFdzNzY2NaeC1SckU2R2hhamhKN3dFaG9tMVpTUU9zWU4xenZsQQ?oc=5&hl=en-US&gl=US&ceid=US:en,BBC,-0.7717
Every move counts towards better health – says WHO - World Health Organization (WHO),2020-11-25 08:00:00,https://news.google.com/rss/articles/CBMikwFBVV95cUxONE1HN1FvN0ZlZXJ1dE9tM1lnZXJ6T2NMV0t4TUFEb1lrY0ZuMjdqRjJBSFFfQUNTRHdkZDNuenNwckdRVl9RNVR5LVJHREJJdEpqVEJwLVQ5cm0wUUJkRDQ4NVM0czY5Q18tTTFhNzYxeS1FUndFbGxIdXBTWm50YkRqa3F0bFk2b0tVdW0yckI3NlU?oc=5&hl=en-US&gl=US&ceid=US:en,World Health Organization (WHO),0.4404
WHO releases new estimates of the global burden of cervical cancer associated with HIV - World Health Organization (WHO),2020-11-16 08:00:00,https://news.google.com/rss/articles/CBMixgFBVV95cUxNUVBSendsTDMxX0dKbWlOZTJ6SURWOU54bDF5b3liTnRmQlJiZGtJMFBmN054VXRlU2hPY2NEQXB6T2x0NTJndng0RFVweXphRF9YRlBxU0s1dDRWXzlZM1ExcDdXM2doMHRRVlI0emxwZW5wWXFGVGx5aXZuMXVJVXNZX2tSV2s0SjdKYlg0MmJXVm55NHMyeXRtWm5lcXdaUUxOd0JvXzdaS0lGdHhXMjJlaDRGMU14ZDROZkpiYTdWMEZKcVE?oc=5&hl=en-US&gl=US&ceid=US:en,World Health Organization (WHO),-0.8074
Worldwide measles deaths climb 50% from 2016 to 2019 claiming over 207 500 lives in 2019 - World Health Organization (WHO),2020-11-12 08:00:00,https://news.google.com/rss/articles/CBMixwFBVV95cUxNT0g4OWFTQWJDZGNwV2ZodEJaeHZSeWNMNjRhOWZlbm5BNVNsR3J5NjRVZlMydk5YWU5pVkdwTmU4WW5UZHhzQXpzU2d0aG1Fel9tWDNlUjRmZWs0SXJWcF9KTlhVRGVTa25kNlRDYzJjX3FhS3hydjktRzFRbGxsaTAwWFNITmJaZ1gzM0NCakplVVNVNU4yV09wczhBWUFFalBCU2FmR0lVd05YZk5oWXJFZnNuakFLcVNtbENFZmp0TGNsY3pF?oc=5&hl=en-US&gl=US&ceid=US:en,World Health Organization (WHO),0.0
World’s Smallest Atom-Memory Unit Created - UT News,2020-11-19 08:00:00,https://news.google.com/rss/articles/CBMiggFBVV95cUxPLXhDU05oRVBUOG1nWk9FRmpWaVZSNHlWM1VVVzAzYmNNbGRuTnI2akgzNk9Kd2czQkhTSTdmSlFDNmdIMmQxX1Boa1hnMG9OZlB0U09MZk9seUJLZENtN2xxSjFEV2RrNDNQNTlZZ2pKSGJWSW5Td2pwWWV2NnBqYXNn?oc=5&hl=en-US&gl=US&ceid=US:en,UT News,0.25
Digital technology helps blind Veteran experience world - VA News (.gov),2020-11-19 08:00:00,https://news.google.com/rss/articles/CBMiigFBVV95cUxNSEw3RUZlMnZseklXaFBuWUx5QTFHeVF3UnduSnhNUjhjbWxacDVPX2pKVGJTMGlROWM0VFc0YmtfaHpqRlgtYVYydWU3aGFvYWtoeG93bS1iem1nNmNfOTBpNEZkbXdBbVRIT0Z0SmUxQzJvOTFQb1o0R24zSURtNFdIOFk5Yndjcmc?oc=5&hl=en-US&gl=US&ceid=US:en,VA News (.gov),-0.0258
RCEP: Asia-Pacific countries form world's largest trading bloc - BBC,2020-11-15 08:00:00,https://news.google.com/rss/articles/CBMiV0FVX3lxTE9CX1BDaHlSNW9nNTMtYnVNZ0oyXzVuNTZZVmJnMWZZNnRDdkdCeEFpVmJISVFwRlZxVjhTbmNpcVVpdTh4VlhIc2g4UVROX3FXSVFDUE1ZUdIBXEFVX3lxTE1Db251eC1IVjJUekJxTFlaVUpRdVl5RTYzd0dKVTJmSUFVUml2Um5GQTZfcy1UOGl2WmFQRjA2UEU0Z2h3Zk9xNnhmdTk2UVhXVWluRXBsTm16ckwz?oc=5&hl=en-US&gl=US&ceid=US:en,BBC,0.0
Coronavirus vaccines: Will any countries get left out? - BBC,2020-11-22 08:00:00,https://news.google.com/rss/articles/CBMiUEFVX3lxTE5aSHlsWXdYaENQVTdlamI1cVF3cDhiRmZUOFgwNGU3dW9sT2ZjbTgtZnpDU0duWTMydHotNUdCWkE4TGZOSmZMMngtYXlEMlZh0gFWQVVfeXFMUEZWWmpKNFN2R3VNN0RITVdXYlNINExzWGhzWm90TmpMNVVSclYyWk1WZVpHNDZ0eWVBdUVrT3hQN1Vfc1BjZUxnSHBxZVl2N0tXSWd5N2c?oc=5&hl=en-US&gl=US&ceid=US:en,BBC,0.0
History Thursday: When news of the World War I armistice hit Ohio - Ohio Capital Journal,2020-11-12 08:00:00,https://news.google.com/rss/articles/CBMiqwFBVV95cUxPdHBoOTJwSmtlaHhsVHA2R0l1NXFNMFcwLWxKU01mSDFncWc1ZnRLZzJ2VmVpMWsxbExoaDExcHFMemZPUzFVOUNKQzV4ekhCOXdfWGY0TGxBOTVoREN2ZWNIUDUtQWtUdEk1NXNiWkowUkpSa1IxQjg3MUdoX0JpUF9BbUVtWmdRTXBYRXcxUjNzNjdBMThlLWpZcnRnbnFDLTV0aUgySWhsaWc?oc=5&hl=en-US&gl=US&ceid=US:en,Ohio Capital Journal,-0.5994
Poland delays implementing abortion ruling after mass protests - Sky News,2020-11-03 08:00:00,https://news.google.com/rss/articles/CBMinwFBVV95cUxOOXNVWEVrVTlTSkE0WmFWUm8xV21MOWdKbHVRRG5DazdIWjBiODlSTFVabUk1dWRjUV9QaWszXzMxVGNsTEdRbWNqLTZ0Mmd3aVVPS2owUHl3NG1Iek83dkxLSC10TTZRQUZkaTc5VFBnby1WMHMteXpJS3ZrdEVSSW1vaXV3ajhBczdYai15VVdXTFNNbGdNbTBROTg5eFU?oc=5&hl=en-US&gl=US&ceid=US:en,Sky News,-0.2263
The burning scar: Inside the destruction of Asia’s last rainforests - BBC,2020-11-11 08:00:00,https://news.google.com/rss/articles/CBMiV0FVX3lxTFBRdldCdGhJX3FhRGxvLXhMaVN5UUxRYjh3aXA1Z1VxM2Z5Y3hBUE1PTDVSNXMwVGZpcTNGYVlXRHlYb24xUS12ZkRIME13UkRlY0U4c2owVdIBXEFVX3lxTE96eWpCZEhfSVdGclBndHV6YVRPdHRfR2lzVi1UR1JIM0liU19EQTZsYzhSYjdZcGh5WjRnTXZRUGF0MFNrUkZ2VzhpbzhXc1pUTDFmTjBUalpOWUla?oc=5&hl=en-US&gl=US&ceid=US:en,BBC,-0.5719
Australia's newspaper ownership is among the most concentrated in the world - The Guardian,2020-11-13 08:00:00,https://news.google.com/rss/articles/CBMixgFBVV95cUxObkZxUXZ0UVNybDRFZ3Fod0kxUjBvTVZQX25Qa1RUa3BlN1k4TzRjaDBDSkxkLUJ1X3hXQ1NnS1NmajRXZ3U2SlVtRjZFTGlWSHlsWWtjSW1ELVdJcUVzR3h4TUFseUMtTUpSeEQzRWo2dV9udEZjdXh4YmNwUUlHYzlqR3FHZGI2ZjkzZzlwWEZMRXc0UmQwb21TNWFKTWFIQjJrSjBnT1lMVDJZb2JWbmI1aWJLU3BRcXBfQWFRZVJOMUtidGc?oc=5&hl=en-US&gl=US&ceid=US:en,The Guardian,0.0
Catching up with World War II veterans a year after their return to Normandy - ABC News,2020-11-11 08:00:00,https://news.google.com/rss/articles/CBMimwFBVV95cUxQVVZ2SHFBX292c3dCUVgtanEwODI1c0VrNW1UTnJCQjVLOXhKSmxFdUF6WXVLMGxEMklldjVKSm5Pcks4WmxTQkRXZzVUNjVRS09wS056amFTX2lrQXJwTWR1cFFuMnZVZW5yMFhfdlI4OWoxaEdWVTNzMlZjMGxUalItWHhWOEprR1FoTzVyNUJ0YlVVZzR3TTdwSdIBoAFBVV95cUxPWEluMDZDV2xPcU94ckRxdGpuRkJnM0pIWnRjYnM5ekpJazNwZUFRM0xSazUwVFNIcUVuY2hNTEV1YzFxbWxMakYtX3pvTmY0c2E5RG9SdFRya0l4eDFvV1piRnFjSkk4WGhiRTh1Skl6X3FubGFTN2RnRTItR0FycDJLS2dvRUdiWjMzRC1VaWg0LXdqbHlFWk1fWXNIaVdy?oc=5&hl=en-US&gl=US&ceid=US:en,ABC News,-0.5994
Global warming bigger threat than coronavirus: Red Cross - Al Jazeera,2020-11-17 08:00:00,https://news.google.com/rss/articles/CBMilgFBVV95cUxOR3E1dzdxN0tfYUNmemdrNkE5YmRNTVBFSUtKZVFsWDgyOWM1V3Jqb19XcnRpeXFVSGRkbnlWRko0X1psV2RFWjJ1TnNvTXBjaGd2Umt5ZUhxNlhnTGgzYm5KRTQ5MW90NXI2dUlUM0t2dV9wQmNWOXJDT1JHY1NRMnFjVzNiYndJVkMwdm1UMUpYVDBIb2fSAZsBQVVfeXFMTWVTUENETXZOZXFzaHM4YXhuZHI1Z3dIUDQteWN2YmNVOXJIQlN0elpLTWZEX2JqYmFQRkE4WXZfSThOTW5IS2ZsSjlibWVKakswSEVraFJKV2tJdmpYbDYxaEo4Y3VIQXZDbW04S3piT0YzQlZDNUt3bk5IVkVYY1lvcHpKMGZtNllSci1Gd3lqN0NYcGI4OGNsb3c?oc=5&hl=en-US&gl=US&ceid=US:en,Al Jazeera,-0.4215
Indian factory workers supplying major brands allege routine exploitation - BBC,2020-11-16 08:00:00,https://news.google.com/rss/articles/CBMiV0FVX3lxTE5SWmc3d3JxWS1DS1FRNElFaHlaTWJXRU8tX2N3WlVjTUhLRlVaYTAzUGRQWGRCblBHeUdhUFhGYjBkRjIyYmtxcW1IM0FXX05OeGlSOXFuRdIBXEFVX3lxTE84cFlDbDB4d0x0Q0ZBbjZJTTVReXA2YXU1VjJSY0JkNmJ4LUhaSmxRV0VXUy0xOGpZaVRGbDBQQUFjSE5KQ0Z2a3pFRmp6cVBMUjdUdmNXdndBa3A2?oc=5&hl=en-US&gl=US&ceid=US:en,BBC,0.0
Your Right To A Better World - World Health Organization (WHO),2020-11-18 08:00:00,https://news.google.com/rss/articles/CBMieEFVX3lxTE1yRnpUNzd3LUlqUVRpUkVlSE5jOXpiT0RhZlRnQ1pkSzc5Q3pVUDVSSGFIT2IyR2lPbExncklGSkQ2Q3BhM0RKRWtGd0RqNnZWX1lwSFUxTmR0RkUzVlh3VWxfWmF6MjVKd3pNckhMZEd4dGMwWkM4Mw?oc=5&hl=en-US&gl=US&ceid=US:en,World Health Organization (WHO),0.4404
Coronavirus and gender: More chores for women set back gains in equality - BBC,2020-11-25 08:00:00,https://news.google.com/rss/articles/CBMiUEFVX3lxTE9CQWozdTZhT1ZaX05jLUV2Q3ZQWGNqOFpTQTNRMEo3NTZDeTkxYkh6ZHZ3bU9BNVNBQkdIelc3aDQtY3ozaTFkelhxcjZhX0dE0gFWQVVfeXFMUE0ySTU4VzVjcnZCVEdRUEhqUjg4Q19jdUtsWDl3SFBDVHpEdnJ5UkRRMGdMMmhsb3ZBLVJRYlRIMDVYczRMbW5rUlBtVGRQX0t2Qk1BOEE?oc=5&hl=en-US&gl=US&ceid=US:en,BBC,0.34
"Iran enters new phase of uranium enrichment, ambassador says - World Nuclear News",2020-11-24 08:00:00,https://news.google.com/rss/articles/CBMimgFBVV95cUxQQ3lsdWtxc2dYUE1oOXNWT25hWnZEYXFnSmxwSkQxYkpfaGNuZWFIaThtZ2t4cGpST2FHNWFPNHhfeTZPdGtGNllUcHVrdnA0akFVczlsbThZZUV0Zm53VC10YVBJM3YxNjhpMkp2UThnRUZCOW92R3Nrc0ZZYlgxYjd4eDVfOTFwXzl2ZTY2Qll0anZQX1E0dmFB?oc=5&hl=en-US&gl=US&ceid=US:en,World Nuclear News,0.0
"""Global Arrogance"": Iran Slams Israel, US After Top Scientist's Death - NDTV",2020-11-28 08:00:00,https://news.google.com/rss/articles/CBMipwFBVV95cUxQNVRjYWVwZ2lHVm1FNzZfbWhNMnJlWUJLT3c0QlAyQ3NTX180VkZwOU40ekhuVDhtTXZlN1VpdGVhRGdaZkk1OTUxNENfa09RSU5MNDFReTZPZHR4MU53VG1uV3I2bENIRndDVjNVZ1pnamRuR25UX19nU2RMYnh3aG5Tdm1Ka2VWRV9CSDJNLW5ZX052UDVBYjByeTJXR0JoeEhlZzVEdw?oc=5&hl=en-US&gl=US&ceid=US:en,NDTV,-0.4767
Armenia-Azerbaijan: Why did Nagorno-Karabakh spark a conflict? - BBC,2020-11-12 08:00:00,https://news.google.com/rss/articles/CBMiWkFVX3lxTE5XdjJUbzJhTjkxLUR3V0p6UHdIZlhXSnJybmVJcTlzSTA1VzBjWmtHdVNybE1KWHF3aTFOVFhZUzlFTUpjRFBmX0JzZlJxNGpySC1fUEkyTnhMZ9IBX0FVX3lxTE5ad2xtbGdZYWJGUzVZQkJ3bXoxMDJRcENlUm5wakUzWExmTGR6YVdFRWU0X1lIWERhcHRvYVNMbHo5Um5UbHZSS2loenFTbFdPMWhZY1NCM1ktUF9tYUNF?oc=5&hl=en-US&gl=US&ceid=US:en,BBC,-0.1027
World Antimicrobial Awareness Week 2020 - Handle with care: United to preserve antimicrobials - World Health Organization (WHO),2020-11-18 08:00:00,https://news.google.com/rss/articles/CBMisAFBVV95cUxOUDVnRnRjT3pjMGlxVVdFdTNkaW1NeTNlSVl6cEdWeEliUXhfRkRiVkoyel9ZZFgyMG9mMHYwQ1F1OVdwVjljWlVDTGp6RVI4akNYVzdOUC04bDlzc2YwYlZZbkhyX2R5eGtYRFlsVVhXdm4xNWJWdUo0c0tUVTJwdFQzQ09LNVdscVY1NzZBVG5reDBiVTNBbTVYSTVUZ0xWeVhuRTVmTGlydjJ6S3ZXcA?oc=5&hl=en-US&gl=US&ceid=US:en,World Health Organization (WHO),0.7184
Mike Pompeo voices confidence for ‘second Trump administration’ - The Indian Express,2020-11-11 08:00:00,https://news.google.com/rss/articles/CBMirwFBVV95cUxOako3c0pDWUcxbWY1d3RGSlhSTjhhVXpteWtOQ2FGV2d0eTlPVUVWWW5URThCcUZMWS1vWUkzUWNEdVhGOVdZNVhZVmVMWEJkS2RIUUI1YjVkOG45OXVreFpwU3dBZDlkOHhyMlNjeGtmQ0NVOTk5VkRsRmd4RHVuWXF2dFRnRWhMdGQxN2NtRDNzS2Z0c3o4LVJ3N1RPUHp1RGY5YWp4LTJnVlZxQmRJ0gG2AUFVX3lxTE56TFA1Tko1VTdWNUQ3WXBRMHVpd2pkV2c4MHAtcDk4RlNtSG1RMmpsS0cyQ1FGQUlyQ3hvWlJJdEZlZ1g5Qkp1VVFucldEdVRYZEg5Q3hfZmpMY1cyUTJwdjk5c1lXTmJSa0tWdUVLalVjRzdwUGN6Qlk3a3duc0ltVVV4UEFkQlNNOUpNQThYbW9VdnlKZl9DeFl6aG1HRms1RUI3NmNrVnJFakxfQ0hJVWExU2xB?oc=5&hl=en-US&gl=US&ceid=US:en,The Indian Express,0.5106
U.S. News & World Report names Budd Terrace at Wesley Woods a 2020-21 Best Nursing Home - Emory University,2020-11-02 08:00:00,https://news.google.com/rss/articles/CBMiqwFBVV95cUxObDFKSkFQYktkaUFvSy1jaERvS2FveUlGWWhRdnhSRW1TQ0dpVEhtVGR5MEJDc3FURWwtZkltN3NxaFNFeG1FUDhyakxnbk1GT3UtRzQ3ZDlsbFU4Sk1fRENwX2pLZjNKS2lRYm5pSkMycHctZ2Z0RjNPSUMtSlFxNGVqdDhneV9rbFlSb0FnQzhoWUdHV2Jpa1ZleDhjdUJPMzViNXktT2FHZjQ?oc=5&hl=en-US&gl=US&ceid=US:en,Emory University,0.6369
China sends 'world's first 6G' test satellite into orbit - BBC,2020-11-07 08:00:00,https://news.google.com/rss/articles/CBMiY0FVX3lxTE9SNWxjcUlwaWNMd3RhVmZXY3JoZUE2bjc2QjVSNVBlUmlyNFJOWkRSelZrNDBfQVZabk02N1V0cU5vVzJOeUZ3YjVkcldsbFgzOU5YR2Zydzh6Ry1FVnB2SlR1cw?oc=5&hl=en-US&gl=US&ceid=US:en,BBC,0.0
Tigray crisis viewpoint: Why Ethiopia is spiralling out of control - BBC,2020-11-15 08:00:00,https://news.google.com/rss/articles/CBMiWkFVX3lxTFBFZUtTODZ2MHdmZG41MjVrWXRCRDNweHVXcmg5Qy1kYTloaHRVR3Z4SnZSV19XM25iRnI0NnZ2WmM3eEN3Njd2a3hLb2d4VGxQeWtldE1hVUZYUdIBX0FVX3lxTE96N1dYTElNajlhMWNNeXlMUUx1TWtMMWwwZ1BtblNwOEdnOXdLYlpvUk9qRmZ1TjNtZk04QU10YXpsM1BXeFA3aVRsOC1ZWW92M1k4eWVCcmVKX0JyUFIw?oc=5&hl=en-US&gl=US&ceid=US:en,BBC,-0.6249
The man who told the world that news should be more optimistic | BBC - The Guardian,2020-11-27 08:00:00,https://news.google.com/rss/articles/CBMiogFBVV95cUxNdFVkYW1xN1U3dG1IMmp5UDhra0dyNVdyUDZGWU8yT3hIWDFPYjZ3Q3pNRDdvQWRYN3lQaXFyT3lUYTM5bDNJMk1WVXRtOW9zMGN6Z0R6ZzFQc2xiVEFlWk1qRFpyQjF6UnlNSlFURnQtYko3c1AwTmpPTENyRm4xNmxkWDV0dTNPeVAyU2Vza1dOeFNoakpnTkZrbXMyRUtlRmc?oc=5&hl=en-US&gl=US&ceid=US:en,The Guardian,0.3804
‘Extremely aggressive’ internet censorship spreads in the world’s democracies - University of Michigan News,2020-11-17 08:00:00,https://news.google.com/rss/articles/CBMinwFBVV95cUxNaDJHSlNPcnVlYlFycnExMTBBQk1fczU2MzNlQWJ6c3JEOExIWmhyazlnQTVEZVplMlQ4bDg1aHFEeDNLZS1VS2tRSHJPQ3RYbjktRHRCeHVjYkh5RzBpblczNGlkYzduLTl6V3RzaHQ5UlRmc0djRTJTbW5KQVhWSC1WYWt5elY2ZjF4THJHQlVKWnFFQXEwdHNEQjJMZG8?oc=5&hl=en-US&gl=US&ceid=US:en,University of Michigan News,0.0
World's only known white giraffe fitted with tracker to deter poachers - BBC,2020-11-17 08:00:00,https://news.google.com/rss/articles/CBMiWkFVX3lxTE5pTDczQU1jZVJnaDlQZEpkZ1V3SXk1UHNKTDJaUVhmaDZZMmhPSDJNVmlJWU9BOU1KcDhlTHlmOEo5TkZhZVIyOXlxekxiUkQ4WHA3SXlidDd2Z9IBX0FVX3lxTE9aTDNyaEtTeS1iQ0lMLTFpSHJCaE5pMnJFMi1GSDdiNE5zVU9BSVp1TUlzQlZuUlF0ai1wZ3hUa29xODVOUE9MUjhaUmhQZmRPVUtpa3N1blROVnFIb0Q0?oc=5&hl=en-US&gl=US&ceid=US:en,BBC,0.0
Brazil's Amazon: Deforestation 'surges to 12-year high' - BBC,2020-11-30 08:00:00,https://news.google.com/rss/articles/CBMiY0FVX3lxTE9haW5OWFdkS1BHc3VraE9rVVo3Z1VoQWhpbVZUTzY4RHFKNGJTNEZ4QTVfOENBRXhXQzlrOC1fWWdoQjZoMGVRTV95akpZNTZPUE4wNTBWS21SM0FCaHdzR3Q2QdIBaEFVX3lxTE9RMnJfaUpNWnU5akZ3NjBMeHdSeWVmaUZFY0VOVUdoRmFNU0ZhYm9DOEY5YjB1dW1wNUNIWF9vWGwtRFNGT1M4SkJmZm9RQWNhWndyVHF4cWRpZVQwQS1KNmN2MHo2N1lt?oc=5&hl=en-US&gl=US&ceid=US:en,BBC,0.1779
UNM recognized in U.S. News & World Report’s 2021 Best Global Universities rankings - UNM Newsroom,2020-11-02 08:00:00,https://news.google.com/rss/articles/CBMiqAFBVV95cUxOcnRVbXlNOXg2Uk93dGFnR1B5VjJXaHpCRTFJX0s0dlBLd3lSNGVacGY0MUs3ZkpkR3B0QUs3eVhtSzlieFJfUWQ2bGhYMzlrWDJsbWlUQ0NnZ1A2Vk5XQlNvb0hoeUZNNmRsdU9IRWNLN0phTUdFNVE2d0hGOVJZLUpieXBIU0hFUXVkWE91WlFyRnlON3RPMFo2V2FhdUtHNktlRnEwVzY?oc=5&hl=en-US&gl=US&ceid=US:en,UNM Newsroom,0.6369
2021 designated as the International Year of Health and Care Workers - World Health Organization (WHO),2020-11-11 08:00:00,https://news.google.com/rss/articles/CBMirgFBVV95cUxNc0Fab1QwVmRJRDFlRFlOUDRick53c2lGZTNVWFZnWjJXMnBvcXFsRGRtTURFNkIxeWpZQ084T1diMW1vSUdkUGEyanJoVlFxaXlZX0UzNUJIeXRidnMwQ1J0aFpBVnBqLUNFQ2RVTGxkLWpkbTA0S1VQWGRwOGR5WVNCUkdpOHhneF82VDgwN3ZqV1NTTkVmYmdpSVJJbDc5LWhLQXBOS2pkeVF6TEE?oc=5&hl=en-US&gl=US&ceid=US:en,World Health Organization (WHO),0.4939
"""Joe Biden Will Be A President Who Represents The Best In Us"": Kamala Harris - NDTV",2020-11-28 08:00:00,https://news.google.com/rss/articles/CBMiswFBVV95cUxNeXppOEFWNlA5M2x6NTdZMFRxM2UzYUhtYXVpNExXdXZiRGJsVXBlMmJxSFZ6M0ZJb3IyUGctUkJ1OEFxbWJLeWVWUTJ3TW9pa3pnaHRXWnRQcjhPd1hveUlpbDhZRlNuS0JWYnA1aDB1MXppNjlmRi0wM05OQ2RuOXpPblk0Z243X1dNa0VOM1FtS0VJM3EzV21WTHZycGo3UHZ4Zm0zdC1yVmo2Qzc1dmFFdw?oc=5&hl=en-US&gl=US&ceid=US:en,NDTV,0.6369
"Remdesivir no COVID-19 silver bullet, says UN health agency - UN News",2020-11-19 08:00:00,https://news.google.com/rss/articles/CBMiV0FVX3lxTE5oTkUwZ21Tb3VSemN5bWpHd1pfMnNlQ2w2T0dLS3lqWUZ6eWVBdnRRcVJ2LXVuRlZ1WnVfU3FLbEt0SlYwM3RsWTRFMy1STUNjallRYjZtbw?oc=5&hl=en-US&gl=US&ceid=US:en,UN News,-0.296
White House Planning For Second Donald Trump Term Despite Defeat: Official - NDTV,2020-11-14 08:00:00,https://news.google.com/rss/articles/CBMiswFBVV95cUxQQWlPZmlSbTZrOTVXVno0aHdhbXBHdFNUZUdBLVpWQk1UakI1MzU1X19FX0xVMEFtVUFWQlFFeF9GbGVySWZoZHA5c2gwQmFPaF8tWG5UcExiZ29HOGU2aVhrbTJxRVhMOUc1eFhDOGpXZ3ZSdHhOUFBhamRPMlpqVFpmczVFekZxZ1VjZUxDeFFTZXcyYTgwN01oUVlvaHBEM09FNUt5aldnbGlXTExJamtOTQ?oc=5&hl=en-US&gl=US&ceid=US:en,NDTV,0.357
Edith White: World War II Code Girl - VA News (.gov),2020-11-05 08:00:00,https://news.google.com/rss/articles/CBMibkFVX3lxTFBMb2dsc0R4MENBcVBBTEUzWWZIcVdrb19iR3RxYmlzNjFOMmxKMGhsbG52MUlVMWtIbWpOSElTN3g2OWQzSDh3eERqNFc2c3Mtb29NdUlNYzJRZTZxeVpkY1laVFFUNnFXNmMwQVJ3?oc=5&hl=en-US&gl=US&ceid=US:en,VA News (.gov),-0.5994
Tigray crisis: Ethiopia orders military response after army base seized - BBC,2020-11-04 08:00:00,https://news.google.com/rss/articles/CBMiWkFVX3lxTFBWRGxUaGR1eXdpeGFHdzM3UEhXbVF6eGFiRDZaU01zSU1zaFhiSDc1bWd5emxkcE56cG9Ed25CSUFZdWcwWThFSXZNd1duNGU2UF9CSnNDWVNOZ9IBX0FVX3lxTE9iMnZ0bTljU1hkdFlodHZtNnU0UUtxTWlOOGRmeW10dXVJSFh3LVRWX1VSdzhubHpnV2ZwWDBLdnRvQXNXNG1TZk5wYWVKU1FLVnU4WjFjWVpHWW9UVnE0?oc=5&hl=en-US&gl=US&ceid=US:en,BBC,-0.6249
These Are the World’s Most Expensive Cities - U.S. News & World Report,2020-11-17 08:00:00,https://news.google.com/rss/articles/CBMifEFVX3lxTE1HeTdxUk9jcjZtSnpuMllHWUZGNUo1OUxwSHJMUzVwcDV2OU16Q2E3R0g5c09LaFhKVEdUcUdQdmhwUG94REo4ZVBhQVJHUG1NcXlhc3MwNHA1Zng2clJ2SGY2NTYwYUxabXpzbXZxWGQxR0NGYjVuRS1ybGI?oc=5&hl=en-US&gl=US&ceid=US:en,U.S. News & World Report,0.0
A Tougher Road With Biden: The World Leaders Who Banked On Trump - NPR,2020-11-03 08:00:00,https://news.google.com/rss/articles/CBMipwFBVV95cUxOcVc4U1ZBU2Z0bGRxbGdPTndmMEdubWc4aGlSUWtCWGxpemgwcWQzbjVHaXFxREpMRzV1d0poLWxpRE1FRC1xZ1l4TUdSeDNpamNvdi1YQ2dGUzhsdGVMSmZUUUxMSVRsVWd2OXBSeTFsaWp1M0NzdWttaG9OcDRTM2pNM3VPbFg5X2pYdzQwTVJ0TUdUZkZDbDdXeEJuTzhIamhDVExnbw?oc=5&hl=en-US&gl=US&ceid=US:en,NPR,0.1779
"Armenia, Azerbaijan and Russia sign Nagorno-Karabakh peace deal - BBC",2020-11-10 08:00:00,https://news.google.com/rss/articles/CBMiWkFVX3lxTFBwTnNKSndyNHpVSHM1bUNPdHVtTHlFUzl0NzlTaFBhSHIwZUtQaUtibzlReWZZVXU5QVN1QzVaUEo2dDVjenA1S3E4SUZkY2ZiSnNlQ1lzOC1Ed9IBX0FVX3lxTE9tR0hlZ1k0aWFRMmdQd0xwd0R1NVZqdkg5Y3RFQU13anFqRU5ONzl3N3V4WUp4bW9vQjVHVjdzZWNRT3dOb0FVVjdUakVUYlNOVUw0NjlZV2NyTGNBWm93?oc=5&hl=en-US&gl=US&ceid=US:en,BBC,0.5423
What to Know About Creative Writing Degrees - U.S. News & World Report,2020-11-02 08:00:00,https://news.google.com/rss/articles/CBMiqwFBVV95cUxQMVk5WE56ZkZ4aFBwcWVFMFhSekxxM1kwNGhESVZYYTBBV0xOUG9lWWJJOWxDODhuOHlRT3lJdGFQcDhxS0t0MDE2ZnFjODFfZENKVE5OYUhBeGhLWWZUc1ZVbm1XeXZTNDFIakdNOW1PWXB3T3ZoOG0wQWJVMHd3RnAwZDVZWUM3a0daUndzUTlNYmR3eGhEalAweVk5eW01SnpZbEpVQkRNb0U?oc=5&hl=en-US&gl=US&ceid=US:en,U.S. News & World Report,0.4404
The loyalty oath keeping Rwandans abroad in check - BBC,2020-11-17 08:00:00,https://news.google.com/rss/articles/CBMiWkFVX3lxTE12WUZrcHUydkRHam12UXR1UUY5SXIxR0xQT29CeHVrQWNNeTZtRTVONHpyc1FwSFVoQmhIeTUxVWM0SFNVdDRKZS1aSzR3X1hWU1B3WnpNX1hjZ9IBX0FVX3lxTFBxcXV6TnFxOWFlYlBVQUtUV3VjVC1XU3JWWXlxZGdqOUhTb2RncHo0dHpnYzJyR2VCZUwxN2IyZC1WamQxX0JaN25RdE5YTVk2VmRobDNYdWk1NFpub1FF?oc=5&hl=en-US&gl=US&ceid=US:en,BBC,0.5423
Iranian parliament orders increase in uranium enrichment - World Nuclear News,2020-11-04 08:00:00,https://news.google.com/rss/articles/CBMimgFBVV95cUxQd3hNRTFfRndwemJ0NU1XRUxUNzRTUUJfNVlqakswaXBJMHotV3JlRGJXdXlfSE5TV0RXN3RzUzgxZ3l2eGZrN0l6LW1NSk1mai1zNFZ3UjFBMmgydjMxeFQxQmxhWlpxTkRBa29yQmpJSmJxMjRUQ0hKdjZ0aGVFWHc0bkJSZmE1S3BScEVwMUxXWkdLRUt4NDRR?oc=5&hl=en-US&gl=US&ceid=US:en,World Nuclear News,0.3182
Onion-style Arabic satirical news website launches English edition - The Guardian,2020-11-20 08:00:00,https://news.google.com/rss/articles/CBMivwFBVV95cUxNTVU5Q2JqbEZEZFJ6em9tVTlBX1ByTThBNXhYTWdPRFdfSDVSY0tWa2NvZWJTZXhZQ2UzeGIwVk5haWJhQ1IxNDZRNmNjS0lRaUEzZ3R6Qlpwb01EaVR0YkZkdXdCQUR1WWVmclNuejFUSWYtOTAzWkZTWWtPa0haRmp2R0E0QURwSmlIaXotTVd6SVNTU3JpQVllUzhsazMyUWJqa0dReGV1b3l4VzA1dFpNUnpGM0R3RkZFcmxURQ?oc=5&hl=en-US&gl=US&ceid=US:en,The Guardian,0.0
Militant Islamists 'behead more than 50' in Mozambique - BBC,2020-11-09 08:00:00,https://news.google.com/rss/articles/CBMiWkFVX3lxTE40WGRLMXVkWTUzTUJtTVBEMmFTNllReUJ6SnZNVjI1d2xGLUhHUi02ZjM4WTlhaHBvSnRxYlRCT1NHdU1yNEU0ekNuRVRabVNDeUU2ZE45Ui1sd9IBX0FVX3lxTE1RY1VjUWpyTmk3RXFzLVdRSGRBR0Y2Snh3TkpnVW5XZFpXRWo3NmVQSWVEcHNVWXFCLWtRZUduQWNtcGNJVkRoejFNeGZTZnZMQ1lGZnRQOE1Fc3c0aHpN?oc=5&hl=en-US&gl=US&ceid=US:en,BBC,0.0
"Under pressure to recognize Israel, says Imran - Times of India",2020-11-17 08:00:00,https://news.google.com/rss/articles/CBMivgFBVV95cUxOalVMX0pFZGNFbm45aGJ5dzAxejg4Q2xEdVV0NjlDa19sQndabU52eDBvcUZmLVJQT0ZrZGpNbFZfM055eEVTa0MxSDJLbXo5V2xNT2g4cUFhNmZRbTlLWUd3RmJiOVNVY3h6NXBRTjNnVnlmSjdlUjF0MmozN1JMTGJ0OEdkdGg2aE55dUtMaHlIWXltV00tQ3c0NW0yRzVmOElsOXZwMWZBY0U1ZTlZbUw5T1lEVF9teEtIeUF30gHDAUFVX3lxTFAxZ05relFVb0pKTDkzaXV2ZGptYTVSdkVlUFBUaFp5UFQ5TDhKM2d1eVpMS1VCNi10clExbzctSU9KX0Zkems3VWxzTUNuUVNrNmwtMkM1ZjR3bm5GWlpvMk5FaHB5djlxSkp1OERZTGROaEVDUU5MMHhJczhiSnMxTHgtRHRXYm80MmRLTmQ5d3Fwc25FX0pYcXAxMzBralY2dVcxMjdSVW15Zkpta0dTallqa0FFSl9YSmJxV2MzbWdHZw?oc=5&hl=en-US&gl=US&ceid=US:en,Times of India,-0.296
Chile's Mapuche indigenous group fights for rights - BBC,2020-11-25 08:00:00,https://news.google.com/rss/articles/CBMiY0FVX3lxTE1IM2U4MWdJVUNPYkRFOHRRN1ZQcGdSTnQwR2ZoV0hvUWpOeFc5TG13NFBlYkc2UUJEQ3hyOU5KRXRsbXpfLW52cm15ZHladUU3RHh2M09Jc1M2aWpXTG5CUGF2ONIBaEFVX3lxTE5Pc05Cb0F2Ty1UYkNtSXFKVzFaSlgyYWg0Mkd2Z1AyYUs4bHgyTVFOTVcxUHJ3SEc3c25BQXBRWHdPd3VYRUxsSFBCWTJoNi1jdEZEcm85ajh6VWk5R2IxZTRKb0NlZjkw?oc=5&hl=en-US&gl=US&ceid=US:en,BBC,-0.4019
Australia demands China apologise for posting 'repugnant' fake image - BBC,2020-11-30 08:00:00,https://news.google.com/rss/articles/CBMiXkFVX3lxTE4tOWJ3MGlTUU5TX3M5OVVtN0dsdEQ0MVNkZGNrenJTcUlDSnpQbFgwaU5MNmpESzVxbWVLSGFzM1JudS0yT053Uzk1SGEyaDlsQ3J2ck55RmRVamJ4S2fSAWNBVV95cUxQTGZ0NmZva0o1MHJkd2hwSEhyWDdaUGYzMGx1bGw2cTVUdTdudWl3ZW5DUGNKYkQyV1EzSnRlUGZmYzdGdTZ5Qlh4aUM0bFM5SXlrR0FXa1hyMGVrb0JaUk12SkE?oc=5&hl=en-US&gl=US&ceid=US:en,BBC,-0.128
UN-backed fund to address crisis in global sanitation and hygiene - UN News,2020-11-17 08:00:00,https://news.google.com/rss/articles/CBMiV0FVX3lxTE9OZWtfRU1LTzd6UHdfbU5VeHg2dFh5UHVqVlFEWk5QT1NVQzJiNjJuTGc3eUQ3UjItUktFdm9wLW1IZzdBMkZoNWZyRWtwMVhINWZua2dvMA?oc=5&hl=en-US&gl=US&ceid=US:en,UN News,-0.6249
World Bank launches ‘Accelerator Program’ to improve global foundational learning - World Bank,2020-11-20 08:00:00,https://news.google.com/rss/articles/CBMi2gFBVV95cUxNc2ZkaUhsZG1QU0hUVGlvS3YyaWRMUXJ5a0lOSEhtNkoySFBZakZ5SDFQMExtclMyWVlUeFhjWDNZZzJzc0Vod2xHckJzb09hSzduVUhBLVl4UlJYNmx6TmdWMEdrZGZxdWU2SEhVRlRGN1VJUllFT1JCdmZSdmRuTzdxdmNwVmhjZDBmNmZ4N0JlYld1YmNPdDBDMmtEdUctRWFfdWt5ZVdZQVNHS3FPNkQwY09XbXo1b0dxX0FhVWFTbFBocFVPSkdZdUJfbnE0blJLNlZqOGFMZw?oc=5&hl=en-US&gl=US&ceid=US:en,World Bank,0.4404
US hate crime highest in more than a decade - FBI - BBC,2020-11-16 08:00:00,https://news.google.com/rss/articles/CBMiXkFVX3lxTE9OX3pQNjJEdGRoZ3J2bmNnR2o5YlBXZnlrWTRQMEoyVTdmdXdpNWg0YWtZbURWVDRKUEVyYW1fMmxidUdyM1NaT2IwcWc3YUlfMENMS2dQMDdKSTdaVUHSAWNBVV95cUxNNFdueG5jMGNtM0JXM2NIRzVydFhsZXhHUUZQcUNsLS04YUt3WGVrdlVHVkJiajloZnY0M0p4cG1kdGpxZFdTRjE2SHBmWjdvQVpTeXRRdjQtZ1JvYjhmVUpIZXc?oc=5&hl=en-US&gl=US&ceid=US:en,BBC,-0.802
Cybercrime To Cost The World $10.5 Trillion Annually By 2025 - GlobeNewswire,2020-11-18 08:00:00,https://news.google.com/rss/articles/CBMiywFBVV95cUxNemU0VElONFVuLUNpNi1FVDllZFR0dDVsUy00QmJzWGdUYlk1cmgwTFhFYWZYNkEwQU5WRmJtZDdTaVpLLWR6MVZBandseW9CZ3RUZzN0NHI0NVVVNHE5X0hPd2dIejE2cUZvY3Y5bm5jVkZjN1hPWU9IYXdWTWM2NGo0a1BVc1BuY3FiLXVXbGpRS1RKelB1dUpMeG9jXy1lazBta1QxTVpxN2Z5WnVRTjhXaFQtVmxZUWtnUTh1N2lDMVlzN0dtODBzbw?oc=5&hl=en-US&gl=US&ceid=US:en,GlobeNewswire,0.0
Nagorno-Karabakh: Russia deploys peacekeeping troops to region - BBC,2020-11-10 08:00:00,https://news.google.com/rss/articles/CBMiWkFVX3lxTE9GZUVySnpsbkVUNWpwVmtSRTdJdi1JYURWM001a2o3ZnYxLVdtRlMtOGVjUklNQlBxOHdsNkRxSmpzbE5BMDYzUEt3OUo1QXBwcFF5eW1VbEdXd9IBX0FVX3lxTFBDZFJUc1J2eWdnbGFfN0NRbWNkUmNfTXVPOFhJMld3dW9qVXo1MUYwcnBEcUg1cTRaZ2h0RnhKRmRtM3RMUkRWVG5mV284allDVllqMkVHZktNZk9oU3JB?oc=5&hl=en-US&gl=US&ceid=US:en,BBC,0.4588
Stubble burning: Why it continues to smother north India - BBC,2020-11-29 08:00:00,https://news.google.com/rss/articles/CBMiX0FVX3lxTFBnVlZrOVhXdWxzbXBNUURmcTNQLXVNZGdOZDZSdU1rWEwzN0piNFBhRWN2NEVvTmhtYnRURnZrcmZLR0JNRm5RcEoxTmlzd0o4YWZCQmJIUzBra3JRRklJ0gFkQVVfeXFMTTlCS056OEEyZzJyTGRiVHpJSXVJY29pUzBpMHp6Zmtzd2VkaHNNcHNpYkdKN1pyRjBFSWswQVJvRkVGbEVSRW5xMEk3WjZqdWx4aWw1TzdibFdJRFE4NWtYWTdDcw?oc=5&hl=en-US&gl=US&ceid=US:en,BBC,-0.4215
Myanmar: Aung San Suu Kyi's party wins majority in election - BBC,2020-11-12 08:00:00,https://news.google.com/rss/articles/CBMiV0FVX3lxTE90ajUtOXQza1MxTzVhbzdoN1p3Nk43bXhlQnlXdkRMeDlKd1VMdFJfbm5YdDRaNWtya2ZaMXNIazBzb2JLSUdNeDNYMktuSmFfZDZKNGJ5c9IBXEFVX3lxTE9OWmlEUkV4bWNDdU40RWJFLWxucGNuNGhaY0FoeDJOVmktX3hiVnN6bFNDVTh3UzZJZDBVSGxyUXhjUWtsLVQyOXZoM2JaMWItTFprX01yR1l4Vjc4?oc=5&hl=en-US&gl=US&ceid=US:en,BBC,0.7506
Trainee doctors from Cuba perceived as ‘foreign and incompetent’ - University World News,2020-11-19 08:00:00,https://news.google.com/rss/articles/CBMid0FVX3lxTE44WXlSQlVUdXNpbTY2S2hhajQzVy1qX3NiVGFtU1VsX3FFRWFUaTd4Uk9xWUdEaFN0YXJ1ZVVRSE4wN08wMndENzdFM1Z1OVA5Z3BmdEdTaWpmSmhpYkJrOUVzaGJUcnNKelJMd0VVUWNiUUhmSnpF?oc=5&hl=en-US&gl=US&ceid=US:en,University World News,0.0
Rolls-Royce enlists Exelon to help deploy SMRs - World Nuclear News,2020-11-10 08:00:00,https://news.google.com/rss/articles/CBMilAFBVV95cUxPVkxFWGZLdjJPVS1Ndi1LbWxjTk9LTVpCcTF3VXREMkViX0FrWUxiSEdCbG8zVG1CZFBucHo3QUlCWkhfbkJxbTM5V2FoQkhTNTVUUEZ0UlhhTWZQamFkeV94Sy1id3JkZGxraVRKU3dONDVfczdualBMTzZrcUx3eFJBMGk2YlJJMjIzWDVicVhUenJT?oc=5&hl=en-US&gl=US&ceid=US:en,World Nuclear News,0.4019
"Diabetes increasing COVID risks, showing need to strengthen health systems - UN News",2020-11-13 08:00:00,https://news.google.com/rss/articles/CBMiV0FVX3lxTE15R25JTE1iQ3RsT09mdXdsM182MzhqNzk4X1Rlc3F1N0hWbXFQWmllQ291TUNseFhSRDVOYjROSUE4RVVfN3M0ZlZOc3ByR3N3Rk5kVGpLOA?oc=5&hl=en-US&gl=US&ceid=US:en,UN News,0.0516
Twenty-Six NYU Professors Among World’s Most-Cited Researchers - NYU,2020-11-18 08:00:00,https://news.google.com/rss/articles/CBMilwFBVV95cUxNaWtsYTFaM3BjTjYzX2xhX3ZTOEVuTnBqbXJMRE9qeFNwcFlMNDk0Q0ZEcXJCMi1GV1k1X05jN2xDX1B1bXpWMW1qelMxNDYwMV9EdFQtbDdwRG9Ic0NWSEVIbGduMm0xNWtfb21QQzl3U21raF9KQWtFdkhJUVRUQ25hT0R6SU1MTmluRUFodmtSSVMwYWk4?oc=5&hl=en-US&gl=US&ceid=US:en,NYU,0.0
Edward Snowden seeks Russian citizenship for sake of future son - Sky News,2020-11-02 08:00:00,https://news.google.com/rss/articles/CBMioAFBVV95cUxNdlJ2SjNtVnhzSnFzNXBoSEFrOVVzWFpTQXRER3NydUFGNmdpR3NmM0FfeVlpMWo4Mmp3RzB0LUMyZU9YdzFpd3lmQWdqbzY1d0FNckF4Y3pMUy1kYmpCbmN0eVRlcXdkRkFGQ0hIdkJOcTU1MW5DTnNBV1dPVkFQSF8zdjJiMmI2UkhPN3E2ZUxGZm9TOVpWdGk0eFhsc2pT?oc=5&hl=en-US&gl=US&ceid=US:en,Sky News,0.0
"As Biden's victory is hailed, some prominent world leaders remain silent - NBC News",2020-11-08 08:00:00,https://news.google.com/rss/articles/CBMirgFBVV95cUxOdHhjWnIzMUlBYndqemlLZG5UR3FzSFNJZkhMQVBYWEsteC1tM0JZV2NtTnVMQmFVcXhObDVJVFNXWXZWX1M1ZXh4Zng1Q0J6SWxQRHVWMy1rT1A2NGJMNkIzdG9rbHR0MTQ3ZmMwMHRMZ2VGV3ZIYlhzcnczaDhVTFBsWWtXU1MzRkNObW02SmFWOWs4YTFtRmVmLVV0eElQNjBMczAzWDJ1SmRwY2fSAVdBVV95cUxOYUoxTHZEWGVIandLVGk4QTJUX0FSUnQ4XzZVeDlJbURXN3dNU3FxTVlzT3ZmZ1RxdmVpWlhXN2IzUE96NVh4ME0xU3YtYzFIM3NxUUJlMW8?oc=5&hl=en-US&gl=US&ceid=US:en,NBC News,0.4939
"US election briefing for Australia: Biden era begins, but Trump fights on in his own world - The Guardian",2020-11-09 08:00:00,https://news.google.com/rss/articles/CBMirAFBVV95cUxNc1JkN0xYMEtpTlJqYUMyd1JaN2xGRHZwYzR2RlNka2tpbE9lbFBCSDhEaUNJNkpxSTFFR1E0QkRyNEsxenZzVWNhUFRxWHBsdVVxVXJMUldmZ3dhR1R4Z2s4YThRMl9HSnFCNDhMdlI4ZU5SNVJNMnhUdnB0NVFQWHJTMUNQclI2YXQtU2w5dGpnN0UyYnAtYTVNdDFROVdUa254SGZEaDZycHlY?oc=5&hl=en-US&gl=US&ceid=US:en,The Guardian,-0.5499
Samoa records its first Covid-19 case – imported from Australia - The Guardian,2020-11-27 08:00:00,https://news.google.com/rss/articles/CBMiqwFBVV95cUxQRU9RQTk2OThxWVVhdlRzQUZETWliOVlRdmNiU0FBcC1FUGM2N0xTOGpoOWM1UGVkMzR5VEtHMEtFQno0LTh2cGxNTVBsRXRoLUlCRmt3RVNvWHAxWEtxMmpVT3RuOEVSeEprVFlPQWEyY0wwVEFoSEhIc2lwWTJZaXdjSGpXeFRuQXhjVjRZY1I0UnV5S3p4b2tfVkZzT0k0MjZCc2gxT1JWeEU?oc=5&hl=en-US&gl=US&ceid=US:en,The Guardian,0.0
The coronavirus pandemic 'Great Reset' theory and a false vaccine claim debunked - BBC,2020-11-21 08:00:00,https://news.google.com/rss/articles/CBMiSEFVX3lxTE5DSzFvVTMxWjlHRU5fbS1UNlhTakp1VmZoeERHX3BfcU5PaWVITzZRZnhCMHdlSUJWSTZEX1AtVWtUcDdFLUtrYdIBTkFVX3lxTE9rUEh4aUtKR2JWakVTSERhdFhEclZtOXQyN0J0YVRJbm1jeEJhaENXT2hyU01vb19zcXc0bEk4anZLcWFGT2daZHBiR3k5QQ?oc=5&hl=en-US&gl=US&ceid=US:en,BBC,0.6249
France's Macron asks Muslim leaders to back 'republican values' charter - BBC,2020-11-19 08:00:00,https://news.google.com/rss/articles/CBMiWkFVX3lxTE11RGhPNGxXMkZxSFRnazNlb05tbWxoMjZVWTFENFlSSENibU1MVkstekRRNDVfVUg5LW52TnBUTEdHcUd4TkJxcnBRTDB2c3p6aGlDdXd3T2dtUQ?oc=5&hl=en-US&gl=US&ceid=US:en,BBC,0.4019
Coronavirus: Denmark shaken by cull of millions of mink - BBC,2020-11-10 08:00:00,https://news.google.com/rss/articles/CBMiWkFVX3lxTFBlN1B2X05May1uZG01QXhzWkNrcTZWXzktbTZvQ2xXZ2x6X2NIQWhvU0o3SEIwNjdWVG13VHNfWGYtQ2JaaVBMcnpmZ1V3VnJDX0ZSSGliWjN1UdIBX0FVX3lxTE42TjNsRUp3akwtTC1NT3Y3eURBaHFVaVVBdFFzSElfY3JmM2xrRkFKak03Z183UGlTTllNdHg5bExqQXc2YVNHcEpzalF1czN6WERVWG5oSktKQWlXYlVj?oc=5&hl=en-US&gl=US&ceid=US:en,BBC,-0.0772
Japan's Fugaku Retains Title as World's Fastest Supercomputer - Fujitsu,2020-11-17 08:00:00,https://news.google.com/rss/articles/CBMijAFBVV95cUxOOE5aV2NiVE9wQ2drUEJVN1MwMFIxdm1zNXp5MXZTNkNzM3lRa0VsemU1XzRRUERvTEppS1pubzM4czJXUVV3SVpVVGtkZTBQcC10NXNLVm1GT2IyekFldm4wZ3hXcC1OYUQ2ZDJ3VElEbXZURDkwQ1RsanF5bXh1dVFsYWpIMkQ2cGxtVA?oc=5&hl=en-US&gl=US&ceid=US:en,Fujitsu,0.0
‘It is time for Donald Trump to concede’: Barack Obama - The Indian Express,2020-11-16 08:00:00,https://news.google.com/rss/articles/CBMiogFBVV95cUxPWUI1RTVEc2c3V1FBem5jeVlPS1VfMHVScUdxUFNQTktQRlJKNDV0QVVJN1lOVWpVM3NHTWxKLTNvXzJQNGNQNEJhN2VkbkhsMmJIQ1pWQUVhd2ljMGkyR1YyaGtobVQzY0Jwc091NXFxYzJ4OWtCcHQ5SFpmV3MwUW43N2NOaHJCY3UydDdIMWtZeXdzaXZjVUhJNHlPbm9WeGfSAagBQVVfeXFMT1FHUHVTNy1IYXk4QUhmVU9sSC1jY0pHVW80ZHh2WWRHTHNBMjJLTEItWE1xS2lTWm9VTTRsbnBqRGQzSmxoR0xRMnVqQjN3enpaTlZGWWtzaEYtVjBoWkJRQVBibXZodFhRNmVSbVdwR0VuVWVTY21yRlBEdWM5YWZ0VW1FTHN2QUdqYWFtd3diRVB2SFZOT25BdEFFbG9UVlJ4b011ZU1K?oc=5&hl=en-US&gl=US&ceid=US:en,The Indian Express,0.0
"North Korea executed people, shut capital: South Korean agency - Hindustan Times",2020-11-27 08:00:00,https://news.google.com/rss/articles/CBMi0AFBVV95cUxNVXBpeEdYMjFCdGtMbnlZV3otcmFiV211OXF4N3NQX0hpZWRkb3pUSkpOajhOb0FpZzhYT3RlOE9LQTYyMlY3WWQ0dDRKTTE5bUNHcU9YVFp2WnJiVVRvNHEtMGdRR0wwZDVVeC1DcWJKbGMwTGg1NXQwUkM0UmJxbGl1WGdkMENBc25yTld1MjZFS0xzTWhoQ0ZxMkE2VFlMNFFHaURJejJrQkdVQzBrbGZJZUVsd19vc1dmbGhiekx4T3lVUDRKV0FqOU04dDJQ0gHWAUFVX3lxTE9TRnZsbS16WE9aU1R4SWVVVXRXbWswNE5JbVVHZGJ2dmRGMEJUcWdNcGRYNkJlelV0Yldhb0hvbjJoY2JGdDhqRnNWaVRYdDVNMHN0cE5MXzF3Z1VMWThJR1VHSGJKYW1hcTc5SC1pLUlSYkZEQVhuMGd2YlNGODBJYzkyemhuUXRtTHhBYkkyaldrR2V6Ty1EZUtfR1FUOWJZbVU2NmFja1p0YWZkbWotV1B2S21Ub0hVRlBKclJkeHd4blVmLVNiLUdNR3dVQ2NreEV4YVE?oc=5&hl=en-US&gl=US&ceid=US:en,Hindustan Times,0.0
Trial results reveal that long-acting injectable cabotegravir as PrEP is highly effective in preventing HIV acquisition in women - World Health Organization (WHO),2020-11-09 08:00:00,https://news.google.com/rss/articles/CBMi_gFBVV95cUxPdkFpUnhXOEhTMW9vZklnMjJkWnhsV21DYzFGaE41UjJiTmE4SGhBTzlKclBYZnVObGNGQ0tZY0NfUTg4RXhLNWs0SnZXaldHY0hSM0JNWVRUNUxLbnlYM1ZrZVBlRC02VUF3UDFfOWFRQy1Ca2pvZGxXUXhzTnVBUzFhNjhxQ2wwX2tybGZ6WjBtck5UU3VnNkc1SGxiQmsycS1BVWwzVUV6NjV3SXF0SUd3SVMyWk5RTlVMMUVCS3lpUGxkaEo3LUUwOHU2WDZsOU1JdUM5aXZSTm82RkdaTm9HeGdqLWU0VWgtSUlSeFBqcTg4Z2pZM2xJdnNJdw?oc=5&hl=en-US&gl=US&ceid=US:en,World Health Organization (WHO),0.4641
Viewpoint: Russia and Turkey - unlikely victors of Karabakh conflict - BBC,2020-11-11 08:00:00,https://news.google.com/rss/articles/CBMiWkFVX3lxTE1IOTNXQ0FReWZ3MGZXbkthTTBHQlFxaFV1SEg3M2NocVo4Vk9JNnZodkh3YjExRWJ1VUM3aGtoTktJaExnQjBJVWdMMVZRQ3dKMHYxeDVxbFdiZ9IBX0FVX3lxTE0yZ1RGLXBpUjdNMG5iTk1uRnN2dG9rVFpHU3hFU2cxN2ZPanFwaVNjbWxibjJ6UXZnMkxQRWZKbHNWelR3eGlhNEpxeWkxbmJFYXdTVzQtUHhnZEctWUZR?oc=5&hl=en-US&gl=US&ceid=US:en,BBC,-0.3182
Metal monolith found by helicopter crew in Utah desert - BBC,2020-11-24 08:00:00,https://news.google.com/rss/articles/CBMiXkFVX3lxTE43T0pTZ0Exd0c3a25vd1c0cTZNTU9Rb01xd2Y1X2FTNk5pUndKZHVNaEZWTmpyMGdET0JqSl9VRXVBdF9ua0hDclgyVnZNWEFNb1JaQVRMbF9WMmdVbFHSAWNBVV95cUxQZEFJb1FWaUI5bHY1eGVBSWpTdlFBTjk1UjhjS2hsQkNCRWJ5dTFxeWNxX2l0cUFEUUtMQnNITVZZYzIzOUI3N081Q1NCY1lKenVRT2thQk9oY3lQQURSMWZLZms?oc=5&hl=en-US&gl=US&ceid=US:en,BBC,0.0
Pompeii eruption remains discovered in ancient ruins - Sky News,2020-11-22 08:00:00,https://news.google.com/rss/articles/CBMikgFBVV95cUxObEpaVVZJZWF1bVctWHdmT1RKeXRGcUdiODVmUWhfbTRDRXRLVEw2Q1ZsWTFnYjI5RkRONTVLay1LZFM0eXQwdXNQTXg1M3pmemw5Z2hBQ2wwUVl5V0NJUUI1cVBlS0Fabmo0XzkwV1ItT0haRGxIaVQ1Y0tZV2hZcWJQUE52VUtGUXVHMm80WEYxZw?oc=5&hl=en-US&gl=US&ceid=US:en,Sky News,-0.4404
Diego Maradona dies after suffering cardiac arrest - KOMU 8,2020-11-25 08:00:00,https://news.google.com/rss/articles/CBMi1AFBVV95cUxOQzdaVzRuVktKSzFmdURrZ082bndkYmxWV25hSDVVbm8xUFVaY3hTRHpzUm1NQlVfcGpwUkE3aGJmN1BGRG5HQ0JySk5HSnFtbHhJNUVDSF9MYzgyWVdPcGo1Z1k1T0U5cmpqeXJEYUtYYmJiSjBaYTdZMzhJeHVCckIyc1AwZjRPTUYzVzlhc1c2bjJQWC04eXRmRnBYd1o3aXdIV2t6OW80Vm9KSzZhYTBDOUwyeDRDU0ZtYXNhM0QwNUhBN19zS2hya3RSZnpFX0huX9IB2gFBVV95cUxPaF85bDcyaC1pYWlDM2NqQjVLQWoyOC1URzVrN1dZOG9mcWhEdmxuUXRLUE50WVFXN1lNOFJ5dTlVa29FSklpdkJ6VXRtMmhxWk9SLTVfS1NrTlpIeFpHNVN2aHgtZEZiMFpOZGxPZmtXY2kwYmxBckxKaFJGaXhtdF9YaG9RRnJQVUR0alk1S2FpTlVsZmJmN201RHdONHVmUkgzTUZBQkExX0kzcmZCNkRxLWNiY3lSdnFFRVYxQzlJVzF4aHZlSkR4VW4zaXljUElLVkFidnVXUQ?oc=5&hl=en-US&gl=US&ceid=US:en,KOMU 8,-0.6705
Oxford University breakthrough on global COVID-19 vaccine - University of Oxford,2020-11-23 08:00:00,https://news.google.com/rss/articles/CBMilgFBVV95cUxQTjFFUDk0dndrLTR4NFBtVkhjd1RwbVYzREZxTV9mS012MGJQa3BaelMxRWlKM3hDcFBnQ0NNa3dNaXkxcTMwUmsyUnUzNGZ4eE9fSWk1SUNxbEZGUU51MzNPY2NYX2hjTmpNUGlETnVhOGxHNXowNWkxUlVERDZJUDVCaERVa0t1ZGJfZy10c1J0d2FWQWc?oc=5&hl=en-US&gl=US&ceid=US:en,University of Oxford,0.0
Hopes rise for end of pandemic as Pfizer says vaccine has 90% efficacy - The Guardian,2020-11-09 08:00:00,https://news.google.com/rss/articles/CBMinwFBVV95cUxOQVNoV1ZQVEhzdGNEVWl3X0VQNnhFbVdCYVAtc25sRThfYjMzM1djZnlWQ1pSMmdWekFYRng4YXJURTdqMWhwaHVId2RCM1BMbUV6MVpmbzRjT3dyWDFQU18wVGgwQndOUmMwU3ZkcmdfRzZjZTVULWpfZWdYZUhIZGhjTG13d2hjQ09uS2JjanNiby1VU1o2SURBMGJrM1U?oc=5&hl=en-US&gl=US&ceid=US:en,The Guardian,0.4215
100-year-old World War II pilot says he still flies every week - CBS News,2020-11-11 08:00:00,https://news.google.com/rss/articles/CBMiiwFBVV95cUxQZm93enVMbzA4a2ZxU2VMWVRYUXJST3l5SDFGVUhnQjZTYTRvM3JqYVY4VVg1QkxQZVdPSURqVWRYcUFUQ3pwTzNfbDdqQkxTQ24tUFI4U09tWHc0ckRPamVfRVlteEd2QURjdTNNVGV0SXV6SmhTNFd5d0FlUkp0eXZraUJQWXV2QXkw0gGQAUFVX3lxTE5hN3JEQ0NIbzV2cE5IVWZhaHZLQkNMeG1BS0pRWGotMkthdlk3WFVTODdjUDlQTVFGZExObkVkR3hnbzl3ZHBVU0JFbnRKYlpnN2dxNmxGMVZ3QlFhWlpUbkFMUS1RTG9LVWQwYVRYOG9FeVpKdF9pX2sza3VHR2s4bVhPdTNROEFYYnFseERaQw?oc=5&hl=en-US&gl=US&ceid=US:en,CBS News,-0.5994
A world of banking in your pocket - HSBC,2020-11-23 08:00:00,https://news.google.com/rss/articles/CBMilwFBVV95cUxPakxxNDA2SUdTOTdoNlZCVXFxNjJpVFVqVTY5aF9CX3lxWE1LQVlZVjR1R2xJdlFNcXQ1X1V4RWxZUGFsZnlGNE1fOXgyb3Z3NDZONnRmVnVnXzVqaUhOR2lReEQybDhEczdUcGwzSVM0N3NjRW80dEJUeU9GSFdzSnV4T081RUNlb2NFOEhOSEpzMEhIYjJB?oc=5&hl=en-US&gl=US&ceid=US:en,HSBC,0.0
Developing a Global action plan to reduce the harmful use of alcohol - World Health Organization (WHO),2020-11-16 08:00:00,https://news.google.com/rss/articles/CBMiowFBVV95cUxORnNpOVhqODZjRk1FUVFFNXdKTkhYSmhvV0YzZXJVbjlDOWRHVXJmRERiVjRtM2kzS2NkelBZeEFyR01SbnF0RUxHcDdRdW93WEFCaHVaTC0zRmNSUGZVbS14dk9fZmJOTVctU3NDLWZicDNIWkN3akR1b08wY2ZfMHVMUWJ1SklLY0ZwWnV2T2w2Y2VkSlpJTUw0UU9sV00zV3pn?oc=5&hl=en-US&gl=US&ceid=US:en,World Health Organization (WHO),0.0
Vienna shooting: Gunman hunted after deadly 'terror' attack - BBC,2020-11-02 08:00:00,https://news.google.com/rss/articles/CBMiWkFVX3lxTE83ODhjNWtKdnpQUlBwMFhoZklkQWd6MkJVZGFraVRfZFZDdzI4c0trc19fcXU0Q3NuVWFHbzVKMnlNTlZURVdQYTNUalV2N1RhRUItUkhDdXJDd9IBX0FVX3lxTE9VUFdkSlU4VHpqdFVvbjZYNEJMWm85ay1Td1FaM1Vsc1VPZ21qdHNRVjdsTFZ6M1hfM1ZrWmVVTGxKM1NOQnFKdWRmdDVqc1F6RVlicEdNNFB4cTUxMHow?oc=5&hl=en-US&gl=US&ceid=US:en,BBC,-0.4767
"""America Is Back In The Game"": Joe Biden To World Leaders - NDTV",2020-11-11 08:00:00,https://news.google.com/rss/articles/CBMingFBVV95cUxQQzNnUklxMV9UN1pac0FmQ242aDBVaXl6TXFiemIxbnc5TzE0eXZjaGRvMjJ5QzV2Sm0yMXhVUGJkY0lGN3dQOGlyRUl6RUhuN051NkY1OWR4U01Pb2RULXNUTDlTU05lM3QwTDVXY1VQQnlnNTh0U2o1XzZqbFNCc2JRZVFnSkpoQ21TWjFlNU1fMnU2c01KdEpEVWozUQ?oc=5&hl=en-US&gl=US&ceid=US:en,NDTV,0.0
Denmark to cull up to 17 million mink amid coronavirus fears - BBC,2020-11-05 08:00:00,https://news.google.com/rss/articles/CBMiWkFVX3lxTFBlbWJLUTYwT2c4R0dDdnZuQ05kaldhSk1JMTJaOTVia0NmRjZNOVp2S0gxZ3FUVUdXdlJFZWc2X1FCN0ktc3J1Q0FhUzQ0SC14Njh0NHhXSFR1Z9IBX0FVX3lxTFBpLWJMLTVyT2VmaFpYcXJQR0I4dWl3dUZMbXhhZ2huVWxyNTQ2UFpIaWlnLWVjMWJSMnhWbllHODRZbXRlQ0JpTDkzdFRNa2NCdFZPSjhRaWNrNFhSTEU4?oc=5&hl=en-US&gl=US&ceid=US:en,BBC,-0.4215
Expanding Renewable Energy in Pakistan’s Electricity Mix - World Bank,2020-11-10 08:00:00,https://news.google.com/rss/articles/CBMiqAFBVV95cUxPM01SU1RjOVctbDVaRC1JTm5XOWVTNmdGdlZlV2Vsdk1TZEp2b25ZMmNsLVAzR2p3SXduMkF1cWUtNW0xdGtMc3NncGwzbGZPRWpMRXBOWWlvSGlvdnFIRnhLZzdIcmJzOGZDQ0tLeTJZa3Z6NTYxRXFMem5wLWVJLWVvdFdZdlpSakRReVdoT1AyRDFUYUNWZkxzLWlwS3hVWTJwQXVYLUo?oc=5&hl=en-US&gl=US&ceid=US:en,World Bank,0.2732
Azerbaijan’s drones owned the battlefield in Nagorno-Karabakh — and showed future of warfare - The Washington Post,2020-11-11 08:00:00,https://news.google.com/rss/articles/CBMi3wFBVV95cUxOVlp2Z1M5b1lfQUlNOEllRjZfRUd5LUZDa0pXa3VZRnVVVTU4SWRKcVlIUUM1MGd4T2FLa2dvWmdZTndmQ3Bwdkl6VHVNU0pySG82eDRzQWtoNnEyWHAwN1k2Z2EtOUNHTE1qQVI5ckNTRFkzUDd1Z2VnQk1ocEN6NDhjLWIxMFZDdkhDWXpKTFdnWFBMNnJqRkUwMzFYNjNDc2RjcWdSMV9LOWEwb3NaUGNOMlgyV2ItY3NERmZJcGJTcy1EX2xPeUZJbGlRWl9SRVBlNUdTUU5uUVkzd3hV?oc=5&hl=en-US&gl=US&ceid=US:en,The Washington Post,-0.5859
Coronavirus: Are Indians more immune to Covid-19? - BBC,2020-11-01 07:00:00,https://news.google.com/rss/articles/CBMiX0FVX3lxTE8xbHVWTnNDUk9uV2JQZGZZMld4LXdNNGJIdWVOdVhNSTZSWFMtb19DdW5zcVExVzV2MlJkYnhZS3REbmNucjFyRm5vTGo2MzJDc3FMdW5abnBCcl8xc0dn0gFkQVVfeXFMTmpvbXpCTWljZVBVcHh6RVhVM0Rfc0J3UTNjb015TzkwSVowUnVMdkk5Z3VMX19KNDBibUNjaFE5VUp5V2lKUE1jbFRxU2dFeExEUEpGMXdsaTMyUmhxM09BR3JjVw?oc=5&hl=en-US&gl=US&ceid=US:en,BBC,0.3597
Movie Review: News of the World - Baltimore Magazine,2020-12-24 08:00:00,https://news.google.com/rss/articles/CBMilgFBVV95cUxOWC1JS2haTURvSkN4QklDU2o0YTNZbVA3OUJPZlhzTDdhelphWGxxVnNTdDJxNFpNZUVfQnBKV3NMY0JfbWxTdVJrOHR5ZS1wYmpFSDVObVJBQUNkcXQ2c2ZEc3N2MTVraHJ1Mmo4ZlR1NkpVR1o3MmdLQmRnWFpNVVZQY0JPT3FpSDlULVIyYzg2Slplb0E?oc=5&hl=en-US&gl=US&ceid=US:en,Baltimore Magazine,0.0
"The keys to global journalism: curiosity, open-mindedness and a broad network - Nieman Storyboard",2020-12-08 08:00:00,https://news.google.com/rss/articles/CBMitwFBVV95cUxOelR1NFRpeXRxTG10SklMYW9pbUlGWmZKZUVQWjNVQklIQ2F6MmFXel8wS2VwM203bGduNFgyYnBIRVptUldCTW9jV2p5cEY5NzZRNzc0aTVrTnNkTWZ4bkUwUUxjYzUwUjdJUktQdU1XeWhnOThIaWtxWHR4RE9tODFoYkpaUEktUW5JUHFVQklsTmpSRGVqbzJuMkV4LWNOMkJMQ1hKTTR5NmJ4QUhyV3RpYU5SdVk?oc=5&hl=en-US&gl=US&ceid=US:en,Nieman Storyboard,0.0
"‘News of the World’ Review: Tom Hanks Does the Strong, Silent Type (Published 2020) - The New York Times",2020-12-24 08:00:00,https://news.google.com/rss/articles/CBMiiAFBVV95cUxQVVhYR0VUVFJhbWNUNGVTWmVPSGZNVnRjWnNzTFFTSkowVC1Xck1qWjZPZ0dDOWhsTUw5VXFNbGpWZmNhcmtyTklkUDZLMDlzWlJ3dzBSaEZMQW9JSmVaZDVUSDRUUk1ITG9wMlpSei1XR05XbF9mWW5wR1lMRmdNdWRkXzJTUmpS?oc=5&hl=en-US&gl=US&ceid=US:en,The New York Times,0.5106
The year 2020: A time when everything changed - BBC,2020-12-18 08:00:00,https://news.google.com/rss/articles/CBMiXkFVX3lxTE96dGRXRExjX1JlbjZmX285VXdRTGNEVkVTMXRNUDV4Y3dlVjBILWt6ellIMF9oSGNIMDVBem90VER1NmpjZ2tJbVJCN0IyLUpkbHdIdVdOalBVYVN3aXfSAWNBVV95cUxNRWNEeWhDdllocDFjei1JWHJpUnJFT0x6OTRad0hieHZGSGtPUlNMR09ZMkJVS1hPMU4zcjBjWnJMVUowWXJkRG1kUUwzWWFYVzdKb0JjUUNqMHkzbjdTQUgyUnM?oc=5&hl=en-US&gl=US&ceid=US:en,BBC,0.0
9 good news stories from 2020 - The World Economic Forum,2020-12-15 08:00:00,https://news.google.com/rss/articles/CBMicEFVX3lxTE1GbHdTUEhFTUFlSHk5T3IzSkRFZEtjRE95RW9xa25aaTNqelJFS0RVNGVZSlhjOUw1RmVjYTlHNUpCLXQxb0tuZ3RUVFk4dzdZaFVuUlVvR0RVbnIwelNVck84S0RXLVhFeFZUZ08tT0s?oc=5&hl=en-US&gl=US&ceid=US:en,The World Economic Forum,0.4404
What we think we know and what we want to know: perspectives on trust in news in a changing world - reutersinstitute.politics.ox.ac.uk,2020-12-03 08:00:00,https://news.google.com/rss/articles/CBMiwwFBVV95cUxNVDdSQzJDNXJGSW9qTW4tNk9VazU2RnVmMHExX09DcFVNQ3BoX19SSEt4QjNpc0RLcVF4UVBQUmFTVVpKQzR2cGtsRGhrLVRZRWV0cnlTMURtaHc3OWxFN3l3NGxxNVZ6SGJwekxpT1F1Szg4akdrMl9TNnRpYTZCd1FDMDhJSEFWT2FPV1JNaGhqaUdweUZuWWwwWW4yMEVnRnI0ZktkNGhtZVFrX25kT1A4TVFEeUZKM2lfTElMT19oUWM?oc=5&hl=en-US&gl=US&ceid=US:en,reutersinstitute.politics.ox.ac.uk,0.5574
Forge & Fury - December Alpha Update - newworld.com,2020-12-15 08:00:00,https://news.google.com/rss/articles/CBMiiAFBVV95cUxQMXJSdWcyeEduRWdfN1hNamU5NE9JeENCMlJ5d0hlWWJjZVdvNDdzZ1JyY242SjdMajFVMk9qcGpPc1M3TkhMWUtHYk5iU0V0RWFHYUhZZ2lzTlk1SURFcURid1RmdDZxOHh0V0k4MUxVcWdBZk5LTVNOR083MHpxUklXRDkxWG9h?oc=5&hl=en-US&gl=US&ceid=US:en,newworld.com,-0.5719
Find the Best K12 Schools for You - U.S. News & World Report,2020-12-15 15:51:53,https://news.google.com/rss/articles/CBMiTEFVX3lxTE9KRkROb1FGSGJLd05qWU1fcHdGNkd0eWdTVjlfN2RmWWVucjYtSHdqSi10T3owMmhCX0lsaUt5clVVNlFOckJTbDdxZFY?oc=5&hl=en-US&gl=US&ceid=US:en,U.S. News & World Report,0.6369
‘News of the World’ Review: ‘True Grit’ Meets ‘The Searchers’ in Dry Tom Hanks Western - Variety,2020-12-11 08:00:00,https://news.google.com/rss/articles/CBMijAFBVV95cUxNeDFpNEpGTHAtamNPc2FOaWJPUUpVZXVBelJnY3FJRDlKdzlxR3d4Z1VJZ3I3RzJtU0tCUVdBRjFQU3ZNbUdtWW9GOGcxQy1UVkg2RmpidlFnNWpUbW5iYmg1U0kxcHBoekpvNzFSOWJPWFQxZlE0U3pOVGNGMjRKbjhVY1E1eF9zNHBDTA?oc=5&hl=en-US&gl=US&ceid=US:en,Variety,0.0
WHO reveals leading causes of death and disability worldwide: 2000-2019 - World Health Organization (WHO),2020-12-09 08:00:00,https://news.google.com/rss/articles/CBMisAFBVV95cUxQa3huWXBSN3lMSDNKNHRKNWs4WFE5LVRTaGJQOWpBa0RFNGoyYVk2eTNnTmJWX01qYjB5Tlg2WnhHRG1SOTYtN0p6c2NxVjJZQ1dhbkhwUHFjUVRYUExuVERlWUxrVmREbkZFWVVwclctbkFuUlJJMjJOb2dOYUp5Tl82SE94bTlFa3VOckJyS2hhRU5Ba0lma1VvMTlLOE5pa0hrS0ZVQU1lcExvQnRJeg?oc=5&hl=en-US&gl=US&ceid=US:en,World Health Organization (WHO),-0.5994
The virus that shut down the world: Education in crisis - UN News,2020-12-28 08:00:00,https://news.google.com/rss/articles/CBMiV0FVX3lxTE52Y29Uc2pMa0puYmpiSnNJbFFtYXlhYTRpZElCcDRBWnJjR2JodEttc0JfWjNHNnZvb1hjR1B1MTVxNjk1QTlPZ3ZCbWRIbDBTOGFIa1ZySQ?oc=5&hl=en-US&gl=US&ceid=US:en,UN News,-0.6249
World Coin News Archives - Numismatic News,2020-12-01 18:15:23,https://news.google.com/rss/articles/CBMiakFVX3lxTE0yXzZpcDhUUWRHYWNWVmpNWm9yQzVuQlN4VFRacnhlX2JxY25OdWZCWTZEWVRkUzBFTDJhekdvZktIRVF0dUNzemROajhhdkxrNkRqWk9OeTVzMWNOOUgxZVFsT2swaUEyOVE?oc=5&hl=en-US&gl=US&ceid=US:en,Numismatic News,0.0
Assessing the Global Climate in November 2020 - National Centers for Environmental Information (NCEI) (.gov),2020-12-14 08:00:00,https://news.google.com/rss/articles/CBMiYkFVX3lxTE9kd2dzWHNMUXZXbWRVYWs1cVpub0VUSGlBMG16WnhXR1dNWGlVZXlCbnduS1JNOHVybHFBWjFkWlA1b3BnTUNiVVZIZnNmenNiOEQzSDBWNk1HVjFndzlLU0h3?oc=5&hl=en-US&gl=US&ceid=US:en,National Centers for Environmental Information (NCEI) (.gov),0.0
Seismic change: How Covid-19 altered world events in 2020 - BBC,2020-12-26 08:00:00,https://news.google.com/rss/articles/CBMiUEFVX3lxTE9mM3l4Z3ZhLTN0SkRqUzY4YWtXYVA0SzR3R1NnUktwOUpOQkRNeXpPRjdJZTRqajNvcnIxTzhsV2xiNUlBV0lPOVkyeFhJZHYt0gFWQVVfeXFMTk5pcWN0cURtWlphajc1OE1iU0xidFhaYTNha1NxZEVGdlEtZlRUNm5UemxOTlN1bW5YUTNJdlBuSVJuS3RZbDlNVzVnUVVkRmlsZlZkSlE?oc=5&hl=en-US&gl=US&ceid=US:en,BBC,0.0
"The virus that shut down the world: 2020, a year like no other - UN News",2020-12-24 08:00:00,https://news.google.com/rss/articles/CBMiV0FVX3lxTE1SbmJ0aFNCWTdhQlhweVJhOGRsOTdiZ0dFNmhhdW42cEtoblJZeHdUU1pheFJWM20tR3JWWmYyeFhjSXVCOW9lSVJYWVNzb0hhNVhXZWlROA?oc=5&hl=en-US&gl=US&ceid=US:en,UN News,0.0772
The Decade of Healthy Ageing: a new UN-wide initiative - World Health Organization (WHO),2020-12-14 08:00:00,https://news.google.com/rss/articles/CBMilAFBVV95cUxNYURkREpGOEhqNXBLdHNZbG5XNktmdHg5RXF5ZmFmNzZHalFTQmZ2NEx3REZlTERVeWx2dDdzOUlReXA2cm9vXzZkb1I2Z0tBUjZrTWhUMi1Fa2hFOExod3c3OWFzNWVmb1NOWkRDb0R0bTEwOC1hVGhwTmtaTzZ2Z0FRMDUtNXFOSUxjQWRQY2o0djVl?oc=5&hl=en-US&gl=US&ceid=US:en,World Health Organization (WHO),0.4019
News of the World is 'a beautifully old-fashioned Western' - BBC,2020-12-11 08:00:00,https://news.google.com/rss/articles/CBMiowFBVV95cUxOX2syR3F6aU5qVVZLdC1yelpkanpvcmtsaFZXZU5iSVNoSEM1U3pBaFFTSHpvdWVmRzd0aEdhU0dhaGVmYVB5OUV6ckkybmhFbXZxbzF6MWdqTERDalFPYWpGOFQ2VUlueUJTQ3ZpdHo1c2c2N3BfZjU0a1p4NVVxV1lYM3VWd3lzS09jODBNaEsxVGoyTEJLRGJNdVlZN2FUV0gw?oc=5&hl=en-US&gl=US&ceid=US:en,BBC,0.5719
10 global health issues to track in 2021 - World Health Organization (WHO),2020-12-24 08:00:00,https://news.google.com/rss/articles/CBMihwFBVV95cUxQLU1DVGJpY2VwSk1yeGxObF9rUEJWZER5Si11VnRjOF9qdUtPaUEtY01COWpYRjNGSGZpbG5uN19yZDV3dDhuWlo3OUhvRkc3RENIaVhCTjBQVmJqSDg0Qk91dzRidGdxMU56VjV1U3NOTzJvZFJuZlNNc2NQaTNOcjB3ZzNOeW8?oc=5&hl=en-US&gl=US&ceid=US:en,World Health Organization (WHO),0.0
The White House revolving door: Who's gone? - BBC,2020-12-15 08:00:00,https://news.google.com/rss/articles/CBMiXkFVX3lxTE1vdlBzcjEwTUJKWl84bGhWd1NzSnZmckotNVQtcXNyVldBSjR3Si1sanpkbUptUFJYQnhYVWdRdWtLSTVVTEludEFQZUIzckZMYmc5NE1YTy1RR0F3WEHSAWNBVV95cUxQLUdrQ3VyRFdrTk1wYjl0RW5aZU8wU0tQc012NThTb0FnX1B2VXFTSHdIaXZKMlNmTWwteExtbXpVVy1fc3FXbG9iOFZvX3l6Uld2VmYxUU14cm01Ym8wNkkwTWs?oc=5&hl=en-US&gl=US&ceid=US:en,BBC,0.0
Covid-19 in the US: Bleak winter ahead as deaths surge - BBC,2020-12-12 08:00:00,https://news.google.com/rss/articles/CBMiXkFVX3lxTE02M3FrbWFJMUNTRU90YnhuMnRuM18wMEVULVlnd3pzc3EyaV90dnlLck1oek45ZE02Tkhib3RKWVBJZW10bWxoeDQydHR6b2tLVWNvMGFLaEI2bzByUWfSAWNBVV95cUxNZFcxVi1hZ056V3lodTNnMnNydG1ZZUQza2ZXZjJnMzZaaFUzOHZURWpXbDZPTGl2VXV5VjlpdE00WmNQVnF2bDNsT3pJLWVvOFdpVVJhTTdyUEhEYnBGcUFNaHM?oc=5&hl=en-US&gl=US&ceid=US:en,BBC,0.0
Call for Action: Managing the Infodemic - World Health Organization (WHO),2020-12-11 08:00:00,https://news.google.com/rss/articles/CBMihgFBVV95cUxQNU43QUdXVnFRblNRVGM2V2hNRkRXSm1FWFE3UmJnQzloMVp1eTJLYmpKbk9hSXRuLURfMWR2Qjd0S1RNV1VMTUR6UWZBYTFsZ2VCRkhfSW1FcC1FamdHeGdfSVJFSW9mZ2hNUVlkTnRIWmQwREVqb0VET1NJai1jQ0RERGFIZw?oc=5&hl=en-US&gl=US&ceid=US:en,World Health Organization (WHO),0.0
Egypt President Abdul Fattah al-Sisi: Ruler with an iron grip - BBC,2020-12-01 08:00:00,https://news.google.com/rss/articles/CBMiYEFVX3lxTE1pNjQ4T2MzUnB3bmZ1UVEwR0pGeFJabkFkckF6Mml4Tnc5UEh0c3pJaTFmcTdxS2tLN3FudmEtcXZzVDQxbWVtZEFVeGZxaktjZ25fcFdOTHRxb3ViWXI3X9IBZkFVX3lxTFBjakJoOWdUOXk4Y2dXYWEwTFZKeXJjSzVpUE0wOU5jX0ptMTNqcEdvREs3U0h5ZzAwWTh6QklWQVFZV0RNeW5uRDBGbDVGbjhLdkVvMml3M0o2X1k4NW9UUWhsLVdyZw?oc=5&hl=en-US&gl=US&ceid=US:en,BBC,0.0
Citizen Scholars ready to contribute to a better world - Missouri State University,2020-12-10 08:00:00,https://news.google.com/rss/articles/CBMingFBVV95cUxPYWVmaU5pRzVKV1JfTDhjUEM4UUhZRXhWTWhpQ0hUSVZuQUgtX19PUmRBandGY3JMOE81azRITVEta2lzMXBsMHI3b1pHMmMzQUJPbkxGTVlTX3R0X2hDWkpkcEVOcnZnek83N1NoNDE4ZWVVUTNUVzlqcnZXenRtQnpvaTJodGRkWWlxR0JFWDVaMWo0NDBGcUhpd1k0QQ?oc=5&hl=en-US&gl=US&ceid=US:en,Missouri State University,0.6597
"The race to zero emissions, and why the world depends on it - UN News",2020-12-02 08:00:00,https://news.google.com/rss/articles/CBMiV0FVX3lxTE9Fc2M1SzdyQUZuR0lHU1JKVmdtU19nU2JFTkFCRE1NM014b09EY3B2VWFoNVpUQ1N3UjFIWkFzUjVpSU9DSDJQNDdaLVdZOVV3alhQczVLcw?oc=5&hl=en-US&gl=US&ceid=US:en,UN News,0.0
‘News of the World’: Film Review - The Hollywood Reporter,2020-12-11 08:00:00,https://news.google.com/rss/articles/CBMimAFBVV95cUxPeHBTaVRIZFZCVG9HNkNhdGZsSTRKaWhNekZvR2NrNjNpZVFFRGRTMXRGYjNlWGh6NFdnQnAxUWNoY2tXMDVMQWdhdkx5TE9sSDJuZEZtYUN5X3ZEWDlNRzV4X1NnRFlkanNlTkpDenh5V1RoUGNKYlQ1OFlSd1FSMnljM0NidVBLSmNwYmF5X2RZdlVULWYxSg?oc=5&hl=en-US&gl=US&ceid=US:en,The Hollywood Reporter,0.0
COVAX Announces additional deals to access promising COVID-19 vaccine candidates; plans global rollout starting Q1 2021 - World Health Organization (WHO),2020-12-18 08:00:00,https://news.google.com/rss/articles/CBMi8AFBVV95cUxQek1aMlRJYW9tbDJESXJYM2N1YjdBdl9aSzFVZnMzR2JBMGZtV2xJOXMxNVZWWjl3TXJtOFp2UGZqaFlGbll5R29ydmRobERNTEx5TVZodFBlNDRmdC1fbDFBWnZJX2R4MWdIZXg2aHJNckRVM2ozNktYQWZBZXUxOUpDdmM1blJ1RmNKMU5PWlRZZS16cTNDUUFqckNFVWxOVGNDVUM3bUVzbnRRN3k4UW0ydzAzaVRTR2tLWVdDUXlpX0VzNEJmMHMtTmZLdGFWZXVqS2lxbldqR09sbTRNdE1DbUpiWWVlQzlRczhSTE8?oc=5&hl=en-US&gl=US&ceid=US:en,World Health Organization (WHO),0.4019
The virus that shut down the world: The plight of refugees and migrants - UN News,2020-12-29 08:00:00,https://news.google.com/rss/articles/CBMiV0FVX3lxTE9mTjk4ZnJJYzZVNjlhWE12bEwyd24tYTVlYnBxd2xvMHNVSTg4WWtSYWxKTkN6cTluZTdPT3VrQTg3bXhmS2xpcmIwcDN2bV9OczRMT1c3SQ?oc=5&hl=en-US&gl=US&ceid=US:en,UN News,0.0
Baby girl born from record-setting 27-year-old embryo - BBC,2020-12-02 08:00:00,https://news.google.com/rss/articles/CBMiXkFVX3lxTE54Y1g3blNyZ0VIc2pKa25Ic0drNVdqNmU3UEhFOFFkRmhlc1hrS1ZpTDVLRl83dTBGaURTUV9ZVXAzV0RNS2FHTVp3VzlYOUZ1UlRoZnUxOEhBQ19LUVHSAWNBVV95cUxNRFRsUEdhOXlwRm1ZaVdscmlDQVowR2tlOXBxZGFjMkpLLVdWYmZSVERSdHhEQzREREFnckdEUUlOOVpLbFg1cmVLZ1V4MThpRmxuWnFjM19MNlFvcnJPYzJfcWs?oc=5&hl=en-US&gl=US&ceid=US:en,BBC,0.0
'News of the World': Tom Hanks steadies a narratively wobbly Western - USA Today,2020-12-11 08:00:00,https://news.google.com/rss/articles/CBMi1AFBVV95cUxPdDZ2VU9EWFB4RGdIZ1dtSnEtR1FNdTBMby1rZG1tQ1R0ODNGd1hpck5FRjNpWkJmNmhIUHFyLS1GZTZBUWYxX0hURll1OTNhZ3Rad1E3NnNIRGNSMFFKdEdXcFptRmVmeWotOFJzUUJsQ2lfUV9UdVBTdWNPb21fbGVxbVJSVExqMEd6b3JPYV80cnJfNmpqTFNfeDBERVRvTVY4d0VBWXN1S0FldnF6dFE5VERPbm1YeHJNa2JxYVRzdzBnVU8tclNhamk5NXZ0OFhHQQ?oc=5&hl=en-US&gl=US&ceid=US:en,USA Today,0.0
China Covid-19: How state media and censorship took on coronavirus - BBC,2020-12-28 08:00:00,https://news.google.com/rss/articles/CBMiX0FVX3lxTE5Xd0dUNEZ1X2RRWDZiNjUtNnpjOUw2RFFxT0lIR0lmWlRsMUNRNTh2RjRGcGtQRzdqUWlfOE9senQwNURTbGhWU0hrTmItX1BxVjMxNXdnRXY1cEl2aHhN0gFkQVVfeXFMTXliS2ZtcWxpd3Z1cWo5cGgyYXpGTE15dWNZbzhyWmtEc1V0dlRENlM3QnpwalpZSW1lRnFNUG5hdnlDSklYN21CazZfd05JZEpIblFVR0FuLW5nd2NJdFk4b0VKNA?oc=5&hl=en-US&gl=US&ceid=US:en,BBC,0.0
The virus that shut down the world: Economic meltdown - UN News,2020-12-30 08:00:00,https://news.google.com/rss/articles/CBMiV0FVX3lxTE0tc3JSTUFPVmRqQ1ltNUdoUURSb0pkcUcwMlh5OURiSnBuZnBVYUpWVV9yVkxaNV8yQTk5elNpR1Y1dGZhVEZVeE1VOXBaR3RFMUlYVnNTRQ?oc=5&hl=en-US&gl=US&ceid=US:en,UN News,0.0
World AIDS Day 2020: The way towards 2030: diversified testing to diagnose HIV early - European Centre for Disease Prevention and Control,2020-12-01 08:00:00,https://news.google.com/rss/articles/CBMif0FVX3lxTFByQ3lBelZYVzJMUWo3YmhkbzVfRlQwTWNPVks1ckM3TVRrbTZqY3ZWTnhlYUxQWkpxbEU5LWpZU1RqSjNBbnZaZ1FCTjVILVlrSXBnMk9PNktDWUhhNFdBRDAweTAtZ2xiaEw1a1BNaGxxSzRWWmh2UUhobTU2MXM?oc=5&hl=en-US&gl=US&ceid=US:en,European Centre for Disease Prevention and Control,0.0
What went right in 2020: the top 20 good news stories of the year - Positive News,2020-12-22 08:00:00,https://news.google.com/rss/articles/CBMioAFBVV95cUxQdlNkMThlUzl2UzJNS21ybkotMzFkTkNRTlRTazVxZkhxTUZid3daLWdYVC05UlYyd2g3X2xpOG9SUGlQM180UWpuS1NpS1dxd0tDTEp4b2ZoeXhXRUZhOE11OVdvZTZldnM0MHFxS3JZc3VZbTF2MkdEZkxGT0tJQlhXR3ZaYWdOLWMzLXZIUUM0TV85ZXFMOHhYRS1QY2w2?oc=5&hl=en-US&gl=US&ceid=US:en,Positive News,0.8074
The classic Hanksian hero goes West in News of the World - Polygon,2020-12-14 08:00:00,https://news.google.com/rss/articles/CBMidkFVX3lxTE01QUkyOUZNZEFTakJ6ak5JOGlKbXB3UzVlaGZqWW5PMGk4QzhGTG5RRDVOZUtLYXl6Umxid3RGMVNXNS11SWZPbnpsekZRX3RNNFhLeVItMmctblhmcDlVNmVlbVlwaEd1MThLZWd1ZWN2VXFJNmc?oc=5&hl=en-US&gl=US&ceid=US:en,Polygon,0.5574
"For Paul Greengrass, Releasing 'News Of The World' Is A 'Statement Of Faith In The Movies' - WBUR",2020-12-23 08:00:00,https://news.google.com/rss/articles/CBMidEFVX3lxTE9weG9vQjdicEhBN0N5TENscUxnNGlkbXpPRE5qU2wtdEJWMU40bldkQldDTjhGeWlpU09aRnBpTTlqNm5GRGhjeHNxa2RCUHB3N0JJSjlHbDNleF9Ya2psSlVFYmRjNmFsS0hDMEtScjhhZl9Y?oc=5&hl=en-US&gl=US&ceid=US:en,WBUR,0.4215
World’s Most Endangered Turtle Gets Some Good News In 2020 - WCS Newsroom,2020-12-18 08:00:00,https://news.google.com/rss/articles/CBMi2AFBVV95cUxNNUMzdE9RRlgyMXI4bGo5cVE2aFFranRHemRlRU9MWG5tTmhqZ1F3UUdhTUg3aURYNDVNYWJtRl9uYjRNN21oRUM4c0duSUdRM0RHQWJWdGl0N2lmNmtoYVFmcklWUVBLTDA5QTZScDdEbVg0LW43WFRqRUhROVU0Q0hwaG1FNkxnN09US2Y3ZUtDbzdBa3ZKTVp5MTBINHR5T2s2UGFoYXIyNGlqbExfZVRONTFERzVqWkc1d1RTai1xaTNDOGFOMlVpQkpxZDZLdU03SmJEZGo?oc=5&hl=en-US&gl=US&ceid=US:en,WCS Newsroom,0.4404
Will President Donald Trump’s departure be good for Fox News? - Northeastern Global News,2020-12-07 08:00:00,https://news.google.com/rss/articles/CBMiowFBVV95cUxNRjMwOV9GY1dqMkFUZkR4SjZTZ3FXc3NoTVF0bXdXekpDMmdYTEtMcWh6MDIzeGVVbXpyVHFENG8ybXVERk5ZYmRNODZnVGZGR0gyMUUyVDd6SmhKR3dnc0NKb2UwSkpmb2NwVjFIUDVVbF82YWZBTmYzVzl6by1EbEdPVHNaTVVyclU3dzRjN3d5VS05Rjhva1c5WjljaDl0M3lN?oc=5&hl=en-US&gl=US&ceid=US:en,Northeastern Global News,0.4404
"Hunger spikes, demand rises for US food banks - BBC",2020-12-14 08:00:00,https://news.google.com/rss/articles/CBMiXkFVX3lxTFBoSnotYW9oMnp0czBFeFlENXNIQWx2V2stQmxhclpnRl9WUVM5andSZlZHQTUyVnZBTGpLbzRxSi1JSjFweURSdzJacFlFZnZTQm15SDNSVktDNGFNdEHSAWNBVV95cUxPUzRUenpxWWFmbGgwZEJ5aHFhQWhPdXMySFZrRlUtM0I4ZlJUMUhUMDV0cWtmdHVWdk9KdEtVZGlWMlBZbU1zYTVldlJaNy1KU0xSdEZLcmxTUE5rTVVhNDBOUUk?oc=5&hl=en-US&gl=US&ceid=US:en,BBC,-0.3612
Climate change: EU leaders set 55% target for CO2 emissions cut - BBC,2020-12-11 08:00:00,https://news.google.com/rss/articles/CBMiWkFVX3lxTE02UkZRLWpaQkYxSXlNWjZTclFDUktMQ0tkR05lRDJZeHUtT0ZCRHNwRERNSmZ6T0Y2bGctczRGQlB4aklUUDY5b04ybDJhY2ZBSUUwYUxCeFpId9IBX0FVX3lxTE1SMFF6elc3RW81SXlCblNRMUhQUmxRTE41VjJfeU1WWWdraUFOcWprZDY2ZG1oLUFwd1M5dzVOUDJoNXZkVUsxU05odUd5VjB0amh3WHZFQkJNclZtQXM0?oc=5&hl=en-US&gl=US&ceid=US:en,BBC,-0.2732
Macron stresses importance of nuclear energy for France - World Nuclear News,2020-12-09 08:00:00,https://news.google.com/rss/articles/CBMimgFBVV95cUxPRk4wQ3V6QjBuT2pTanFoeXgyUUZzVE43ZXFoYTNYZWRWZHNkZ3QyaEVrUTBpVzZFcVRzYmI2TmMwRC00U3REWFlNdzR6bWNRV1UxWk9FX1p4UTZEZERKQTVrMUs4WWNhNXFZUzYyLWJoSTcxU2ExZlBxc3dMb1pqMFV2QTlrWnVIZ1pHLUUtbmF1bWpHcmJZbmJR?oc=5&hl=en-US&gl=US&ceid=US:en,World Nuclear News,0.1531
U.K. approves use of ‘vaccine for the world’ - PBS,2020-12-30 08:00:00,https://news.google.com/rss/articles/CBMigwFBVV95cUxOY0dGaUVNTGxZbHIzaDhMRE1SLTZVa1pVblNIZ0NGcXFUQUFhMHUyLVNpR0lNTFNVcW1ZOEFCNWVZOWVHT2tlUG40dkhnTjFoc0Y3MUdlZTJTajdSbTRFR1BiTDV6OVNkaGl6X2RKYUlBblJTVzN4aDUycGUxZHZkRXc2NA?oc=5&hl=en-US&gl=US&ceid=US:en,PBS,0.4019
The family with no fingerprints - BBC,2020-12-25 08:00:00,https://news.google.com/rss/articles/CBMiV0FVX3lxTFBic3RCcWFXZVNQbEZSNWp2bDhwM3Y0OEx1d0lWNXdkSll2aWtRQ1VkTlY5dnd2R1FlX1p5UUQ3d29WOFNRMlBwUHZuNDFBdkROUGlVOHhRMNIBXEFVX3lxTFBjNUIwTVhOTmkxS3pvbHpKRDlkTlZyUHQ3cXJ3OVV4eHlOcWg4aHFxb1FCcUZtMmhWM3lqc3NuTk5kM0hnb2tEV0xjR2FKNHJUYlFfcXhRcUdIbE9r?oc=5&hl=en-US&gl=US&ceid=US:en,BBC,-0.296
UN declares 4 February 'International Day of Human Fraternity' - Vatican News,2020-12-24 08:00:00,https://news.google.com/rss/articles/CBMitAFBVV95cUxOcklCOHl3N3hFZlRoRTNBVUdJV29DeVY4UU9qaFFUTGJMNkk3VkZpQ050RGVFN2lDYkFnVktjbW1RdWFwbWgzRVBhalpqeTl4Znkxd1YtdXl6dWR5U1FmOEoyUkZtazhYVmtKSnIyd1E2QkhtWWdqT1QzcVVMQjNQQ2NOX2lqRlNPNU5TaDhsX2ZhR0lVdGkyYVNNenB1Z3JwWHV2UDhnSm9qcGFWTFFSdnR2UmU?oc=5&hl=en-US&gl=US&ceid=US:en,Vatican News,0.0
Mohsen Fakhrizadeh: 'Machine-gun with AI' used to kill Iran scientist - BBC,2020-12-07 08:00:00,https://news.google.com/rss/articles/CBMiYEFVX3lxTE5DUlBYZE1HU1VldEtjX3hDdnljZnItUDlSM3VPYmFUalBHNU5IZktnR3VrV05OWVFiMXpOZlpja3NoaE5sQjJHNm1kb2tnc29wUFEzVVgwMGMwcm1JY3pwRdIBZkFVX3lxTE1qUUp6RVRCcktfeUlwUl8zZVJaajdqbXNFQ3VVQ3h3cDQ5LTRPeXV2ZlhqYjNxdVR3U2hmYnczdXhlOW1pMmFrT0NlRjBLamlQdEg5SmthemFpT2w4UERCTXF0OXQzQQ?oc=5&hl=en-US&gl=US&ceid=US:en,BBC,-0.6908
Covid-19: First vaccine given in US as roll-out begins - BBC,2020-12-14 08:00:00,https://news.google.com/rss/articles/CBMiXkFVX3lxTE05QWtQdGxFaW9kVDBoV1Y0SFRmVm5qZU9ybElqWUYzLVowMVFPRDYtQjZ1STBLY0xSWXhIdXZKZ0RzMGNoXzR1NXdZcktCV3RGVmVkZlMtNVBjUmNxdlHSAWNBVV95cUxPNTlPM2hvSXNDYTAzZHY2NEhKeW9seVQ2Vi1JeDdxdG9iY0ctb3ptZS1FWThRRm5ZV2lxSVhEZU5ZdkpHdlpJQml1ck9IZ0ZfOXRlMjh2Y2hDbm5HcDhHV3hiSUU?oc=5&hl=en-US&gl=US&ceid=US:en,BBC,0.0
The dead professor and the vast pro-India disinformation campaign - BBC,2020-12-10 08:00:00,https://news.google.com/rss/articles/CBMiX0FVX3lxTE1QaDhaYmJIOTJ5d0NFNEJSS3Q4OGpLTk04ZE5CYl8zOFN2ZDZhU0laMldzTnhyeE9pQmg4Mk9NSFd1MjkxYWozWFBZU3pCb0o5VVBMc1JfekJMR3FSazJN0gFkQVVfeXFMTmhwLWNrcS1uY2tzdVhWTUNPMnd1cFJ5ZDEyTUtTT04wTHB4dUx4UUhwVHEyVnFFUnlpMkNqYjEwXzUyZFRtaWZ1Szl0Uk1kNFdFbXJFTkVJaS11dDVMbXBRR1hBNQ?oc=5&hl=en-US&gl=US&ceid=US:en,BBC,-0.6486
Fed up with all the bad news? Sometimes it makes the world better - The Guardian,2020-12-11 08:00:00,https://news.google.com/rss/articles/CBMioAFBVV95cUxNclBIUG1ZS3daLVo0MkhNR09kaVpmaXhQMnZHS0FNTXlNam1ESE1kWndCTUFpWVMwSVdGRzR5azRNalRWQkxfRGFkWkRkeGRUakJ4cGJQSS1LMVk3dUFxV0JQMmtOTkltV1pHUU03eHd1T0ZIR2F5dmFRc2hpeHc4TUtQZTJ2dHdSZFhkNHNIc3NZMmVYeEdqYUJyY0kxMlFN?oc=5&hl=en-US&gl=US&ceid=US:en,The Guardian,-0.1531
Argentina abortion: Senate approves legalisation in historic decision - BBC,2020-12-30 08:00:00,https://news.google.com/rss/articles/CBMiY0FVX3lxTFAwNWJmOEMxZGxOSDdRSHpFNnlHZ2FPa28wTjlMS3FlakRUTUpJZzEwVjV4WHBxUDI2akFfNU1sZkVUUFh4MXE3T0NNdUs5WkE3d0w1OFRaOGZla2xwNEJ0TXpRNNIBaEFVX3lxTE9TeWJ3YmtvVk9WNC1fVGZzSHFhYkpFbVRienZzanRhcWtwc3ZOQ2pLRlhjT0J3SmN6X3hCQ0xXWS02bE1jZnU2bGdDX2R1clJDdVBnWG9RU1NGODVMSkxySllCalhxa01D?oc=5&hl=en-US&gl=US&ceid=US:en,BBC,0.4019
"Meet Helena Zengel, the 12-Year-Old Breakout Starring Opposite Tom Hanks in ‘News of the World’ - The Hollywood Reporter",2020-12-15 08:00:00,https://news.google.com/rss/articles/CBMi6AFBVV95cUxQMXM3QmZ5UFFoWlY0dk1jM3hnall2UkRwdnFqb3YxTXhFRjBJd3pfYXZIT0hjUlVHZEJ5QkVLeEwydWVFWWREbmtVOFNtdGdHYldYODJOOFYyZnJhM0piTm5kOFcza3dsTE1QemhJeDNRMjVNVzJacFpxZ29USjlNUEpRSnQ2elBRRVY4Qk51emxaR0VoNkM5N2xNU3YyUi1MU0t4ekY0cno5WXNXbmVLVEZJZkZEUEI2bGpyWm9aQWhTZ2RnNU1LbDN5RUhXLUxoTVN0X05RTE01dmpHd2JGWkVzY0otRkE4?oc=5&hl=en-US&gl=US&ceid=US:en,The Hollywood Reporter,0.0
#NativeNerd Review: ‘News of the World’ - ICT News,2020-12-24 08:00:00,https://news.google.com/rss/articles/CBMidEFVX3lxTFBaMk9lVkJCd0ZKNXZHdXVuc1pVQWJEdUJwRVNfR2VaOWlmdGxuY210eWZUenVSTGdWWVFaVnJPc3pXQnJEUERxOXFfekM1SUVjVlEyV255MHI3YTA0YXpBSEh4YkVBTHhDUjN1X01sU3JpaGJK?oc=5&hl=en-US&gl=US&ceid=US:en,ICT News,0.0
Westinghouse to dismantle Ågesta reactor - World Nuclear News,2020-12-21 08:00:00,https://news.google.com/rss/articles/CBMihwFBVV95cUxNMjJmU3B5b1Aya0hyVlU4a2VOUEltSUlSRmI1MktEMWRKdW0wS0pkbS1iX1draHBXdnhuT2Q5MWxhYW55M3RqSEZJRHRrNkRkUHRwUVBEdVFwT093aDBBelVkRWdqd09HZk1pLTYxSnJ4UHVjaVVBcVZkQjRwYWZpeGhqa2ViZ1U?oc=5&hl=en-US&gl=US&ceid=US:en,World Nuclear News,0.0
"Pope World Day of Peace message: no peace without a ""culture of care"" - Vatican News",2020-12-17 08:00:00,https://news.google.com/rss/articles/CBMiuAFBVV95cUxQVnhzVHl4R2VlUkdEbVd1cjRaaXVCaGV4WUM0ZHFjVl8wSFFHRlhJRmtwdFJXSnk2RUZpTmo4Y3pEdnc3bkU1aklxM3plYTNRQVZLY2l6Z0VpX29USHF2SlVhb0IwTUpQbkExLTZ1dzlwQ0d6dDl1NzNmVGVjbVBMWG96V3haMy1zdXJJM29aenpDTnNjU2Z3dG5xUjFlMzhyZEx0RnhTbHdKRloxQ3M3QTVmS1IxeG5T?oc=5&hl=en-US&gl=US&ceid=US:en,Vatican News,0.4891
Revealed: The cost of the pandemic on world's poorest countries - UN News,2020-12-03 08:00:00,https://news.google.com/rss/articles/CBMiV0FVX3lxTE5EdE5CbkZpVjR5UzFienpFWU5Ic0UtaFJ0T2ZDZE4yUlBJeTV1MVFaZzBlUDdNcndZdTJKQk9ZQUNNem9lUDlpTXpGektpT2VzNTdkQVloYw?oc=5&hl=en-US&gl=US&ceid=US:en,UN News,-0.5423
Covid: Argentina passes tax on wealthy to pay for virus measures - BBC,2020-12-05 08:00:00,https://news.google.com/rss/articles/CBMiY0FVX3lxTE9rM0s0ZVl6SVliOEk5T0Q3QlduNXZnTmtEaVdTOThKTHlBLUhyV3JzelJ2dS0tWkJPM2tHRVFQQjVPUThKQ3hzdzNtU1ZrSDhFemtOc0szc3psVUFCV2Z2bC1xa9IBaEFVX3lxTE9oeEYzT0tDVnluLV94SjNQekhsaFNFRlJKTDgyVGZUV1JYVmNScWFrNjM1cERmbTY3RHR2Q3RLZlRPV3dNbUJYbERMa1poc3JhVWIwS3pCbWlfdVM1azhNYkdPcmlFMEM5?oc=5&hl=en-US&gl=US&ceid=US:en,BBC,0.2732
Morocco latest country to normalise ties with Israel in US-brokered deal - BBC,2020-12-10 08:00:00,https://news.google.com/rss/articles/CBMiWkFVX3lxTE5MalF5T1B6Y3JJZzVZeExfSDdodExpT2E0a1lSZmtWQkk3OHFqRW82bVBNd1hpZUNiWFJ5VzBwYWN2MEFybFdvOEtIc2F0QUprSkYybkNlMWZFUdIBX0FVX3lxTE9vX1Y4N0dWeGk5blVuWHRyYjE5TGZGWFpzSk1pLTdpVVozV3pFcnhZNU5DNjJwcjB5eTB2T2xXU1RweThubTFQUEgzQUI2aG1lc01mSFNRWVZlYWRjM3Vj?oc=5&hl=en-US&gl=US&ceid=US:en,BBC,0.0
Covid-19 vaccines are being hoarded by rich countries — poor ones are missing out - NBC News,2020-12-16 08:00:00,https://news.google.com/rss/articles/CBMipwFBVV95cUxQOU85UFVVNGZ1MWg2VVF0U2l3OEMtZFJCR1lEaEpSR2FMX2ZhNnhqSkdTV215ZXZOWnlPNnFZTEF0R25Zb0RkX3F3aTNrTzVFUy1td21jOTBDMW9DQmhTUFFiSHBNVHl5aVRHT3FMNTlPeWFZV0xpU3l1dkxlc3k2ODVRYUdCNnpST3pOeE9mYTFiZmpYZExockN5SE9RMXpna3NiSHZZRdIBV0FVX3lxTE81N2JqR0laRW5Zc2FfNGExNURPbjRPZDgwMEsxdXFYVTZUSF9rcGs0S1N2eWI4NndMR3pHckNnU01JWHAxekJlRGY0eXNZMlFfazgyWFpvYw?oc=5&hl=en-US&gl=US&ceid=US:en,NBC News,-0.1779
Joe Biden: Covid vaccination in US will not be mandatory - BBC,2020-12-04 08:00:00,https://news.google.com/rss/articles/CBMiXkFVX3lxTE9FSW03Y1lCeVJjQjlwOFBNbDVMdEdVNmM3LUFpWGVJaEVKNmRza0FPVTJOa3NWVDluR3JnY3owbUg1Z3ZoNF93OUU3ZDE1YUdfNDVXajFjZ2w5QWhXN0HSAWNBVV95cUxQVllpTDNPVWxKZDlFeEhYdnhLeHd2dXJqdzFLaUNiN2RJM2VIOXoxZEM5VkVrc0RqVy1fX0EtT2Zfd2l2RHFsR2FiZWFiMDZNd3JkSTRHVm1pMjVEbm9yLTdNdkE?oc=5&hl=en-US&gl=US&ceid=US:en,BBC,-0.0572
Striking news photos from around the world in 2020 - BBC,2020-12-29 08:00:00,https://news.google.com/rss/articles/CBMiWEFVX3lxTE53WXBhX1JHVDBvSTdENnA2V01WTGd3eXBDZS11TnZjZUdCUy1UM051eUZmdmxNbkx5Yk1xQnNQV010NXIza01YY01ueWhqWGtHYll0RkxJVEvSAV5BVV95cUxPTThZR05mcnJxcVVTUTFBbEI5Uk9tNWJfTGwwd2JndFR5b0JGQk9RajBLT1BkLVBkZkRZM2hZeG5zbnFqWWd5RmRtS2dyYW8yeTJySldEY3cwN1RBUTVB?oc=5&hl=en-US&gl=US&ceid=US:en,BBC,0.0
Pope appoints four Bishops for English-speaking world - Vatican News,2020-12-28 08:00:00,https://news.google.com/rss/articles/CBMiuAFBVV95cUxNWXcwZzhoeGY1bjhJN1BIaE96QkxCYUtFQlRYcF9pZUFUV1JJRjBIMGJaYTRTa0FRWmpsZzFZVk5JSXFiaDdVR0diRzFJOXRQSVZLZnJkVjh6QlJXR211Ym5fN3RCSFBTQU9fNDBJLVkwOFlvclNIVThES2lJRGJ6b0pIZmVuamRsLTFiblBLNk5ONWh0VU9PdHNDMEFOemdNVFJabTBlT0ppcXh3aUhBWEhIYXFVbWRV?oc=5&hl=en-US&gl=US&ceid=US:en,Vatican News,0.0
Chinese economy to overtake US 'by 2028' due to Covid - BBC,2020-12-26 08:00:00,https://news.google.com/rss/articles/CBMiX0FVX3lxTE5HWlp6bFFaRHpjOXZ2bVhGZUs2Nkk1M1lucmFLSmhvUkRMRGRZYVRNaF9vZGZyR0hFVXIxUl9tNVJjMXpyUzNoZmY1UW5MZ1BrMG50bHI2VGtuWndqazZV0gFkQVVfeXFMTlE2c25Bb0UzXzRYdzNYQTU0NTFZUUdodjRuR08zVHpoaXA4d0Z1UkJkeUtXRzJJSDZMZXVUMVkxaUJvUHYyUnZrWDcxYUVoZ3pZMW1FZGJ4M3p3ZjJ2U25wMzM4MQ?oc=5&hl=en-US&gl=US&ceid=US:en,BBC,0.0
Universities should be drivers of local sustainability - University World News,2020-12-12 08:00:00,https://news.google.com/rss/articles/CBMid0FVX3lxTFBkMmQ2aUlxYThpUzJJS3QwcExMdlBPdldaUXJyek1lV1l3MFJkY08tVTdEMzB2Y0hrYklocmNPTTNqMjAzWTZlOVZQb18xSlhBS1RZUjhKRkFYS09xVEZkN3haa0VTakJyS1A0WHQ5YVRwRmVNdW5v?oc=5&hl=en-US&gl=US&ceid=US:en,University World News,0.0
'Havana syndrome' likely caused by directed microwaves - US report - BBC,2020-12-05 08:00:00,https://news.google.com/rss/articles/CBMiXkFVX3lxTE51T3RjR0p2eG1iRFlTSzdzVVBlQ1hUbXZXMlBNaUFCeWlmSmR4RS1tQ1FrRkpuTi0xc28tekNBdS15VVpkc1BodHJVMHpSLWdGM3lrR0EzZGNTQXlrOFHSAWNBVV95cUxQQjVTU19jUnNHcWVWODhTU0dtLTE2d253eXpmc0lUWnIyMmhEc3VaZlU1Z0pXVmxoLWltU1B2eUZXUXExT1l1OFR3Y2RuVkNISWZTU3B0ZDhJbVVEMEdaVjJJbzA?oc=5&hl=en-US&gl=US&ceid=US:en,BBC,0.0
Covid-19: China approves Sinopharm vaccine for general use - BBC,2020-12-31 08:00:00,https://news.google.com/rss/articles/CBMiX0FVX3lxTFBWMHRGc2FzMUJmUmktT2NfQ0tVa1FUNFVLODJOZnhpWXBhcDlXMkRodDRqZDhodkVSTjVxLURBUUlsMFQ5eFdaVVZ1dFZiYUxvOW5wTGJCLW82b0RGTHhj0gFkQVVfeXFMTTFzTm9QZGMxYWVpdXdnNEVQZjRNYnp0VF8zTnowd3FkVk1hNzAtUEU3Q1VJQ0twVy1CNU1tYUQ4cm4ydkt1cUdsWkRZVGxLMWxHNmxmaE1YWE5nQlQxOWVidXRybw?oc=5&hl=en-US&gl=US&ceid=US:en,BBC,0.4019
"Nagorno-Karabakh conflict killed 5,000 soldiers - BBC",2020-12-03 08:00:00,https://news.google.com/rss/articles/CBMiWkFVX3lxTE5wT3BNSFlTR2FHdXVxZWF2R2ZkcmlZQ1pjUXZMSGJDd0xiVFJicEs0Y2tvaWU5eElaTzB0VlJHbDJuYUtBblh5LWE1VWFwN0lEaE1fUzJUWkhsZ9IBX0FVX3lxTE13d1BBVEVVaE9GbXgxRDBucnZNVE5yYWswd3hTTU82bFV0dGdKcVpfd3YwNlhobE9XRGoxSlM2cUZBbldyTy1kXzRZMmZsNy1EaHFMdWFqRTJNNFNaNTRN?oc=5&hl=en-US&gl=US&ceid=US:en,BBC,-0.7783
The World War II-era Chicago school of meteorology that decoded weather forecasting - University of Chicago News,2020-12-30 08:00:00,https://news.google.com/rss/articles/CBMipgFBVV95cUxNNUw4ZDI0SVpYNWlyRno0cGVxTGNkSFJPakIwcGEwZzliRjBEd0FXY2ZETkZ6RUlrZWpia3VmMGdnR3F4SVJBUDZCSUtwOTEzNFVVazNCZ0wtT2UxVVN6Sk8ySXhBT08tMUJEMDlhdl95cktwa0R5SW9fTUhXT0pjMVdKYWJnVXBBVzYwMW9ocm80Tks1OW13M0JNTXRQY1ZDYTBhZWFB?oc=5&hl=en-US&gl=US&ceid=US:en,University of Chicago News,-0.5994
Measuring News Consumption in a Digital Era - Pew Research Center,2020-12-08 08:00:00,https://news.google.com/rss/articles/CBMimgFBVV95cUxPX2ZvTTJtQnFuZTZ0MklnMXRna201R3VIbUljMXZia19uV3RVdHBvUWhSWHZlZmVPMjhHVjhVQWIzUHdIS1QtenVxZkYyYWo1ck5wQVNvcFVjb3hsQXVLdU5mYnRid3lkRlgwQ0dGQk9QRGVNY2VOdHYySGp0QUR6VGVnaTN3SmtBa2dhN1pvY0IySzhvcExQY2t3?oc=5&hl=en-US&gl=US&ceid=US:en,Pew Research Center,0.0
Top 10 world news events of People's Daily in 2020 - People's Daily,2020-12-31 08:00:00,https://news.google.com/rss/articles/CBMiYkFVX3lxTFBHazJ4ZlFYZUtrYThOUkNvOEhYZzVkdlRqWmR6aFM5WWNFMl9RT0pxVjR2NklGeUE5LVd5QjBZTFRSbTc5X2toWmo0VE45eGY5ejhPR3phM1dIUkVoUGRaY093?oc=5&hl=en-US&gl=US&ceid=US:en,People's Daily,0.2023
‘World News Tonight’ Tops Again In 2020 Amid Boost In Evening News Viewership Overall - Deadline,2020-12-30 08:00:00,https://news.google.com/rss/articles/CBMigAFBVV95cUxOMmhKSnZ2WVEwUjhmRjFkV3ZoMFlfcDlUYm5UQkhuU01EVnFUNjJadGZraG5oOFdQTVhvLUdfYzJYVnpwVlpDTXpxY3NUYVgzQ0wzNUljcmJsVVdGS0poY1ViVk9Nd1QtMldsNDRvZnppY0kyMDJENWdBWEpHNkd1Qg?oc=5&hl=en-US&gl=US&ceid=US:en,Deadline,0.7184
"Global equitable access to COVID-19 vaccines estimated to generate economic benefits of at least US$ 153 billion in 2020–21, and US$ 466 billion by 2025, in 10 major economies, according to new report by the Eurasia Group - World Health Organization (WHO)",2020-12-03 08:00:00,https://news.google.com/rss/articles/CBMi5AFBVV95cUxOekxONnZ5LUlXRjgzczNfU3k2emc4QTZHcWtnajJzRGhRdU41cG5rMExULUxLMXF0VVJjcy1PMUlkNFZxdHFFTl9jek56TFhrV0NMVGw4ZHdpekgzSDFMQjYtTkpIVWJROGswMWNrT3FYZy0tdUpGNTMwd2FyOXBBLUEzT3dIZklyVGNRUzJZRWhOd3g3ODVENlE5am9HLVZrYzF3cTk3dVdYRzhjYkVyWXRHSFpSMDVoM0Q0OEQtTmpEdkdNQWY2dklFVWFTY3k0Y3hrQ3d4V21PZFdTcGpoOU9SMDI?oc=5&hl=en-US&gl=US&ceid=US:en,World Health Organization (WHO),0.3818
Trump orders withdrawal of US troops from Somalia - BBC,2020-12-05 08:00:00,https://news.google.com/rss/articles/CBMiXkFVX3lxTE1GUVVYS1IxS19PemVIY2tjZHBqRWgxUl93aV8tQ2ZOOHR1R1k5dThLU3Y2LVUtdDFDeTAwVlB0eXg3bmkzYmt1Sll5Z0VIUUlsZktsTHRQX2t1Y3pYYkHSAWNBVV95cUxOUUhCclk3YzQ0VDR4TDRELXhhd2hlY3hfMzh6X3pyODJfZ3lJcWRSNEZtdTZhNFhEdlBhaUl0T1d0UmdjUWZGNVRSQTNpcXJUUGZYd1ZSX19ja0tmQjl5TWhQXzg?oc=5&hl=en-US&gl=US&ceid=US:en,BBC,0.0258
Index reveals integrity issues for many of the world's forests - The University of Queensland,2020-12-09 08:00:00,https://news.google.com/rss/articles/CBMinAFBVV95cUxPRXdpdk5GSEFVNjByTThibVY1WTQzX2IzZXNyNEk0ZGFHQXNVbmZFcVN1S2YtRjVyMU5GU1Zac21ISWNsRlpyRm5YeXNMZl9ybllJVzh4d0NHNG9FVTA4TE85MXhhVUd5MFJLNC0tTWU0eWJGUzNPVy1BR09oUG1ESFhGblBrbkJyMl85OWlkdzFsTkxuSWNBTDRObmg?oc=5&hl=en-US&gl=US&ceid=US:en,The University of Queensland,0.3818
'Falling iguanas' forecast in Miami weather report - Sky News,2020-12-22 08:00:00,https://news.google.com/rss/articles/CBMijAFBVV95cUxQNGQ4QURrdGlOSTZlbHhmbGE4OWc1Z2YxMlJpOU43ZEVRQXBKSXZWa21hMzBZWnU4djlya05UUGRVSWE1S0loLVBLOWlXeFJYWVRnZVlIR2RDaUNnT1hpUk5yRDFyR3VjS01pRzlKSFZ0VXd1WTkwZHNTWnQzekpIS2VKanZwNER3eXhwdQ?oc=5&hl=en-US&gl=US&ceid=US:en,Sky News,-0.1531
"Almost 2 billion people depend on health care facilities without basic water services – WHO, UNICEF - World Health Organization (WHO)",2020-12-14 08:00:00,https://news.google.com/rss/articles/CBMi0wFBVV95cUxPMDZrR19waW9tTEl4eGlUb3BmYzhNd1BMaHQtU0V3Tk5ZZXFTTWVncDBENFc5RXhiaVJGSkt4eHlzZlFLSFQ0djBMSG1NTURFcmYtaHA5Z1dyY042dHJyNGdtel9wMEJ2WXQtbERBRWw3VUFsa3dMN3JCN1NnUFROM2ItWkVGZmpKcnIxdEl3eW1LUmEwS3ZhNlRVbEtNSWQ1Z1FhUHdjRWh3TUNwLVNEdk1jUWVDWnFnUDZSb2RKbGF6dlN1REM2ZUVzYTZIa1gtVWRv?oc=5&hl=en-US&gl=US&ceid=US:en,World Health Organization (WHO),0.4939
The best of the long read in 2020 - The Guardian,2020-12-22 08:00:00,https://news.google.com/rss/articles/CBMihAFBVV95cUxPczJfRDBMeVZVM2JGWTBCUHNMNnVHaTZPNmtlY1Vfa0RnVnNmZ3pFOHFyUk0yc3lNLUxFeWd1c1JLbThFMnVVX0t1Mk10SjIyZzBuZ0ZIaFBBd3JENzZSa1BPaFdURmZnNVl1QV9CZDhmUEZGbExnWldSSjhfVEF5OWJrY1Y?oc=5&hl=en-US&gl=US&ceid=US:en,The Guardian,0.6369
Sub-Saharan Africa leads the world on student mobility - University World News,2020-12-03 08:00:00,https://news.google.com/rss/articles/CBMidEFVX3lxTE9rYklIOFdUUVBfcHR2d3lxRU9vblBKM1EtaDFpdnczdnNXVmI2NDdURzE3VVlhZ3B3TkM3MTg4QVNTdHdyT0Rrd0E2RjM5c1RudEhSdGl1aGJFV0tudEdNWnp1eW5DakpSeVh0UTlUa2t4VDlX?oc=5&hl=en-US&gl=US&ceid=US:en,University World News,0.0
Twenty “missionaries” killed in the world in 2020 - Vatican News,2020-12-30 08:00:00,https://news.google.com/rss/articles/CBMilAFBVV95cUxPNG5UaG5aQkI1RUhQMmN5Mlo2bmhvNFlQMXFvd1JXRnZqODdqbXh3Zm1FSTI0QVV0T1N2akZOb01oQmpYR3hoWmp1TDQyTl9qemNLUndicEowMGlFMUFZdnZvSEdSN2kyd3g2bWdoSEEtOGNibG9lQjJuZkkxYzVoMl9Fc0hyOFNhTEVpYTBZeXRBOVp3?oc=5&hl=en-US&gl=US&ceid=US:en,Vatican News,-0.6705
Coronavirus: Swedish King Carl XVI Gustaf says coronavirus approach 'has failed' - BBC,2020-12-17 08:00:00,https://news.google.com/rss/articles/CBMiWkFVX3lxTFBWZFdHcDhrZFlEZlFvenlIMUtxY0VUUVVDNFVuczc1X1VMMGVOcURRX3RXbUdxbXFiZXU2NzlWMFViSy0ySXJtd3dsRTdUVURVNFJYbE9jaEd5UdIBX0FVX3lxTE5PUHlTdlczSDd2R2RJR3FVN0RHcjJqeUZwdXJqem5OTGVOeHJoeWgwSnBON05SRi1zMm1oSUVfbkQ1aUVPM05uUE83dWl4UnQtQkNoTGdDVG4yUDdPWVFj?oc=5&hl=en-US&gl=US&ceid=US:en,BBC,-0.5106
‘News of the World’ Wants to be a New Classic Western - Rolling Stone,2020-12-24 08:00:00,https://news.google.com/rss/articles/CBMirAFBVV95cUxNQ3ZWWVpOQmJPamJYaUdLZGNYME12ZjVwbDhnUklrYzhXbF9NRVI0UmFRNDktdTJpSnYxZ0Q4aXFUaHFNWUFhTlg2aHc4NE1meDFvbE95b2VpLTE1Z19GRENCeUNjM1d4X05KSXJiMmsyR19tTy04SGtRUjBYNWwyWjhDLTgxT1pQLVpXTTNJWTlDRmlJN3BfSzBwTFRrZXFOMndPeFVfWmh4cWtO?oc=5&hl=en-US&gl=US&ceid=US:en,Rolling Stone,0.0
"Billionaires should help prevent famine, World Food Programme says - BBC",2020-12-10 08:00:00,https://news.google.com/rss/articles/CBMiYkFVX3lxTFByOXpMNjNkY0ROZzJGd1BWakMzV0otaHdmTlJYM1IwbjVHV05FeVVNRjFHTHRQNHRidnFoUDVUWG5lSk9Ob3VPLTBfUzY2U3Qyb19HZDBWc2VTOTlmNHVtaDR3?oc=5&hl=en-US&gl=US&ceid=US:en,BBC,0.4215
China starts building second CFR-600 fast reactor - World Nuclear News,2020-12-29 08:00:00,https://news.google.com/rss/articles/CBMimAFBVV95cUxPVmoyXzNQVThsNy1HUE1MUEdRUmdtZV92N2VEMk5sdDJ5UjRpTnp2dWJPQ29OY29Qb3B2cEl0LUdRNHFvVklEZGdMaFFJNm84d00wVlNHdVZiMXl4aGFYUG1hQVFxSTRaSGxIT0ZkZTVTSFowYmZCUEVZdHlHVGJUalB5YUtSN01lb2taclNnMHNwek9yamhsYg?oc=5&hl=en-US&gl=US&ceid=US:en,World Nuclear News,0.0
Is Africa overtaking the Middle East as the new jihadist battleground? - BBC,2020-12-03 08:00:00,https://news.google.com/rss/articles/CBMiWkFVX3lxTFB2WWVfdTlCdjNpc1pKdGlkeHVpc3dmcjFEcE9oN3RnU2RiWDlHTzZQTzM1eUlUeDR2TndlQWo1c2xPSzRuWGFOSkM1SEppZ0xaVU1MLS15RXdSUdIBX0FVX3lxTFBoNjU0Sl9LbExHLU5wRVVELW03R0ZBSFN3QTh3d3diU1pkRDlibHJtUld5U3NwU285NzBRb01IQ2d0RVJNYUN1cFVLRm9WMDdSbFExYW01akdrT3lhdDhn?oc=5&hl=en-US&gl=US&ceid=US:en,BBC,-0.4019
Namibia: Man named after Adolf Hitler wins local election - BBC,2020-12-03 08:00:00,https://news.google.com/rss/articles/CBMiWkFVX3lxTFBMN0ZmeDdTVXFwazVuV2Vsb1Axd052VU5pRjNOb2I0UElfREZxSnVyZ09manZiOW5Gc2dQTEpSS2pQandMVElpSVhrdzNKczdSRjBBUm12b01JUdIBX0FVX3lxTFBmelkwZG5FWlU3NENuOG1KTkFvUjBzbFpjdHh2dk5RX3ViX18tc0cyN3RvTEUwVlpoWWFiX1pMTmFFYmZ0S1BFZTVvV1NzSUdoRlpPSG1BQlhoYUVGVmQw?oc=5&hl=en-US&gl=US&ceid=US:en,BBC,0.5719
Brandon Bernard executed in Trump's final days - BBC,2020-12-11 08:00:00,https://news.google.com/rss/articles/CBMiXkFVX3lxTFBwREtiMTROdkRhcWxtbUYzMk5xQkVYUWZwb09VeUFkRk1SOWVzOHplbXMwM05ZQV9ZVlVmdmNMY05COTZCM0RjQXc2Z29IYXg4TGdfVm9HTjM0YlRXUFHSAWNBVV95cUxOQVhtMFdOX195U3F2azJfUktVaTQ3Q21KYjRlOW90Q2QySmwtZFg4dE5ZeUJ5cGt6UTlzajBiX3NCOTBjVUJDajVwZkNZNUR5dHdkU0dHVXROc0dGZjVLOVU0R3M?oc=5&hl=en-US&gl=US&ceid=US:en,BBC,0.0
Alum Jason Mack creates the world’s largest glass Christmas tree - Illinois State University News,2020-12-18 08:00:00,https://news.google.com/rss/articles/CBMiqwFBVV95cUxOU3pHRE5mWXRRN25ueG5zbkEyRDFPcV8ydVcwTUhHUVE1THV4Mm1haW9LazBzTWtmV0RtVjBQMUZobzhCbjg4aVRIM3dLelhmUFpscFB5ektKT3haQkc1N2hlUHFzUmhoVWswUUFIc28yZFM5dmlmbm9FTHlCVkJrNFVGMXlxcDRfTWxQUjdlRGc3Z2R3eTUwc213LVVVeDJiaTU4WWx5RzhtdDQ?oc=5&hl=en-US&gl=US&ceid=US:en,Illinois State University News,0.2732
'Covid ended our marriage': The couples who split in the pandemic - BBC,2020-12-02 08:00:00,https://news.google.com/rss/articles/CBMiUEFVX3lxTE9reHlTUDV2c3VxSUE2eDNEY21STDJMbkUwSjU1UjlPVXlvU2JrekY5QzNJX21EZ3lRSHlZaTB1YTdueFZjQTBsa3lwTWlBZnVZ0gFWQVVfeXFMTktNU1ZtaGhEenJLUnplZVBUN0pvUWxwZUhEU1pnMk5mdHRpN2tEZHdMOGpPSWVZMGZoNUlTY0hRQ0Y3eEV2ZlpHWl8yU0tYSlliMERJV3c?oc=5&hl=en-US&gl=US&ceid=US:en,BBC,0.0
Covid: FDA approves Pfizer vaccine for emergency use in US - BBC,2020-12-12 08:00:00,https://news.google.com/rss/articles/CBMiXkFVX3lxTE9YWmJrODFGZjJkam9SUHU5Mlh3ZEpYWGV5WVVOZEZMWVI3cGJ5YWVKMlhQVDE3eTB5ckhLQVlxSHA1MzNCQ0tGMDZrZVc3cVNvY0hWZjIyeDZ2eVVuaHfSAWNBVV95cUxPb1FWZzZEM202RWxrNHVnWlpJYzZpdmdUVnl4b3pFOVVVRnNsdWo3WEsxbkZLakcwdXY4SUd2YXRTeTRRQkVCZFcyUzVDZm4tMDdrT29SMVRzSmpzdGdjVWFmcDg?oc=5&hl=en-US&gl=US&ceid=US:en,BBC,0.0258
Waldemar Haffkine: The vaccine pioneer the world forgot - BBC,2020-12-10 08:00:00,https://news.google.com/rss/articles/CBMiX0FVX3lxTFBIZUlYZWpmdjBxcEU2NEg4Zl9CQ3I4djBjWW1WXzg0YmtodHZFRmVwTS00VGJQUVMyRDV6QzhPZjhvTDVNMmdVN0tHMTdnNElRWUNCZjdGdmNsb205Zmlj0gFkQVVfeXFMTmFTUXlTMVo4UFpjT3VUczEzeUx6d0oxUXZGZXoyM3ladjBPb0JNY0NGLW42MEtUZTdSQkJlWDc3d1czX3BIVUpjdmFwaUxPMlN4djU1c1c1aEh4aUpGY3Jxc0VQbA?oc=5&hl=en-US&gl=US&ceid=US:en,BBC,0.0
Covid: Australian vaccine abandoned over false HIV response - BBC,2020-12-10 08:00:00,https://news.google.com/rss/articles/CBMiXkFVX3lxTE9pSlozVTdUd256UWFBNUJONDRUVnFDemYwRllxSGZBTHBoVm9ieVJKTU16NXRuY0p0QUh5aXlsMy01TF9WRF9OX3lkbDZzOGUydWwwY0hvSHl4RWdRZ0HSAWNBVV95cUxQX1hQWkJqNGotSklNbzVDcnBmSnB0VURQdGtDT2FvRmZMQzFGdmY5NDBTVnRkWV9GYWxBS1JwYmtfaXNTZF9hV1FXSTZKSGpHSllTOEZqSUhJajhnOGhvR3JxcHc?oc=5&hl=en-US&gl=US&ceid=US:en,BBC,-0.4588
Jozsef Szajer: Hungary MEP quits after allegedly fleeing gay orgy - BBC,2020-12-01 08:00:00,https://news.google.com/rss/articles/CBMiWkFVX3lxTE8ydGtYdzdiaVRyUFJtNFRWblh5V0pkQUtEMjJLTU85U191T3dsNWdXd0N1NnpHY0lJdlRsOF8zbWJTeWdfaFJjWHU1YTd5QzB5TEhzTjZZQngtd9IBX0FVX3lxTE10N2I5NlJ5WXNwVG9nS3h0WWVoV3IxZWxEMlNaODNVZ2tLTWhzTnYyZW9iRmh4MG9Gd3hDblhMSVNzNEN2aHpmWDg2X09OX0U1UGhQTXNZd2pXcDUzMFFn?oc=5&hl=en-US&gl=US&ceid=US:en,BBC,0.0
"Tom Hanks, Texas, 1870: ‘News of the World’ -- as usual, he’s the right man for the job - The Boston Globe",2020-12-23 08:00:00,https://news.google.com/rss/articles/CBMiogFBVV95cUxOV0RCWU9nRk12cGhZbGU0TVBnN2RpU2NuSUhqN0xpRG5ESGNBVjc1MXVYMTNkRGhPaUtlSnNlX0syRUQzOS1yZVFvV1hQMVNwZGhYbEJPV05senhncS1peVU0MWdCNTFsUWxUVXBuaE1wTnRJYzZWUXd3NGFpN2EzZ0FzQWkzWllPWUJXTGY2ZXFFVWZqZUtFV0pwLVQ3bU9XZGc?oc=5&hl=en-US&gl=US&ceid=US:en,The Boston Globe,0.0
"President Trump, You've Got It Wrong - NDTV",2020-12-17 08:00:00,https://news.google.com/rss/articles/CBMiiAFBVV95cUxQVXM5cXAyeGhEM043bDduMWJkUl9xQUg4dGFHczhZU3JXUUlHTl84dzVFbC14WjR3SWNYR3FfS3BFSWZvZ3VUMmg2MjV2ZFdweWRUSXh1UGQ1UVRKelUwX1FNdGszZHJoekRpZnZiWFNZMjQyNTJoaXIyanR6bjJTN2tHUlZ5VmVm?oc=5&hl=en-US&gl=US&ceid=US:en,NDTV,-0.4767
"Tom Hanks on News of the World, Finally Making a Western, and the Future of Movie Theaters - Collider",2020-12-26 08:00:00,https://news.google.com/rss/articles/CBMia0FVX3lxTFBHUlZwVXZKdkY1NlBHY0NHeHdaWTNLckZ3c21PM1pkYjViNmpkRHlHdGpJbGN4N0pteDdLcWhtZEdpTEdqREhpa25sVEZ4ZHNjOVlRMXFhWS00eDVyT2dkN2ktbUpmN0ZvMU5B?oc=5&hl=en-US&gl=US&ceid=US:en,Collider,0.0
Paul Greengrass News Of The World Healing Relevance To Pandemic woes - Deadline,2020-12-01 08:00:00,https://news.google.com/rss/articles/CBMixAFBVV95cUxPNkpJS21QODVSWHhVNXVBN2pYSmtVOGNXRnJLZEhNcW10dXdfQmFTZkRSY1N3ZnFVbE8xbFlkR2x1d2pyRlVDT2dpb0ZjMkFqXzRwdlVnV0NHQ3B0c0dhTVprbm11QU8tTWlfOGhNbV85TGs3ZGJxLU5VaE83QnRjVU52ZEt2ek4wbnFlZkxza05FZnVvdnV2bl9MVjdacU5mRjl3Y25IWWU3S1ZacmtaNXRyNC1FMHJxVlFCSVZURy0xUVR4?oc=5&hl=en-US&gl=US&ceid=US:en,Deadline,-0.4404
"4 Things to Know about News of the World , Tom Hanks' Pro-Adoption, Historical Film - Crosswalk.com",2020-12-23 08:00:00,https://news.google.com/rss/articles/CBMiwwFBVV95cUxNUFdrUHFLUEZsY3o4emJQY3JMd1ZTOEczdU5RNHhRNEtlcG1xYjFzNVgxdGJZV0s0cmNLVVY1WC1rWXhyaUYtb0dEUFJZR3dxYXo2aWtkYmdHYjhpWGxKU2lKVlBZR1FBZ3NlVjdDOURBV3Q1SktvaU1RS3pzbEh2UTJZVlNBWUdOR21Hd0tlazVPcHZ0TDJ2NFdHOFBsSTlkdTBMSmZXTlVPczJWLXpqRzI5VC1ZMWx0RU1EWXpPRlpiN0U?oc=5&hl=en-US&gl=US&ceid=US:en,Crosswalk.com,0.0
FROM THE FIELD: Misunderstood and mistreated; transgender women in Mexico - UN News,2020-12-28 08:00:00,https://news.google.com/rss/articles/CBMiV0FVX3lxTFA1VHl3cE82cE9FczhLbnhqclRRUDlqd3JGNTlnNmF4bWFGeGgwUnVodmJpekRiNEMwcHRFV1drV1BlejZ5WlVFRVRScXhGVUtaZktLMU1VWQ?oc=5&hl=en-US&gl=US&ceid=US:en,UN News,-0.34
Top 50 largest news websites in the world revealed: Controversial pro-Trump sites were fastest-growing in US election month - Press Gazette,2020-12-23 08:00:00,https://news.google.com/rss/articles/CBMi6wFBVV95cUxOMHE1Sks4QmppSDBLMi0zbm1EeFdYaGVsaDFvMTFJYWl6SjB4LWFrNDNEUVhLdWpXNlNFUmRWSGxuSzlWQWUtRHRBVU1QVUdPelhzSXUzS09YOXpNOWxyMGpsTXhXWlRxcTFZTFhkM3h6UHhxcDhnc0MtcGJYV3gyVXByQ2RPY3hESTFXWExyd0tiemdwdEdrT1UtX0ZFZmFqMU9zS3dMc3M5NGctQXNPTWt5YWJPa3RMU2N4WlRsWmE4dnFSb1duaVI3UHYyaUQyYkZQUlVzWWJ0Um1JaFFpcE9BTFBoNlBzTWYw?oc=5&hl=en-US&gl=US&ceid=US:en,Press Gazette,0.0
"World’s largest youth organizations, representing 250 million members, and WHO launch global mobilization to respond to disruptive impacts of COVID-19 on young people - World Health Organization (WHO)",2020-12-14 08:00:00,https://news.google.com/rss/articles/CBMiggJBVV95cUxOZURkZlhrQWdPbWdnbmJ0M0thTUNaNTc3ejdDQUJ0VlBiV3RFcF80dkJObF9oeERKR3hIc2Z4ck5TTGdhQ2FiRGVkS01hdE5PMzhSeTlsb3g5VUVxSlVzYnZpdGRreFpTQUZkQlh3bHhjcDBPUEp0S1dqT3RxUDZBRUtzUGd4UHRxUVU1UERDTUZJVDhlTlBmRHZPaGNUVlhfQ0lBTTRyb1RENkV1QWxON3dIeHpucHd1bUh0UUpSOC1Odno2VU4xLTBaZ3hfNXV3Q2h2OGpUa2VLb2Qyd25sTjUtX1hPa3hSOVM0TkZMaEhMREEzWE44cXFmWVBsX2tkb1E?oc=5&hl=en-US&gl=US&ceid=US:en,World Health Organization (WHO),-0.3182
Netherlands says it has uncovered Russian spies targeting its technology - Sky News,2020-12-10 08:00:00,https://news.google.com/rss/articles/CBMirAFBVV95cUxOWU5EUmVaRVNKX0dRenRQdXp4OHMycXEzRXY0UGlpV2FDWXRIUm43R3NDZHU5Qi1Gck9QblF5OVJLV3piRmdUbVNNSjlBSUlJb3VZdDYzX3B3X2F4LXRtc3lsUXlQSDVOMm1wbm9RRXg3VEtCZGdJUWl2QWZ6UzJHM1VDWmc4dC1HLTZteUZRQmJPNmRDc3N0NjljRHRxMUJ2ZHRIdTRjMnA1aVNM?oc=5&hl=en-US&gl=US&ceid=US:en,Sky News,0.0
UNESCO vigilant on potential impacts of oil exploration in Namibia and Botswana on World Heritage properties - UNESCO World Heritage Centre,2020-12-21 08:00:00,https://news.google.com/rss/articles/CBMiS0FVX3lxTE1yLTNJUmZEc2N2QUw4MklQQmZOZGFIVmtENDVCTEdiVWRKbUxBTnlMcDlKemgtOWFjMDJ3R0hmakJtNUZzNVZlXzJvOA?oc=5&hl=en-US&gl=US&ceid=US:en,UNESCO World Heritage Centre,0.3818
Faroe Islands: Inside the undersea tunnel network - BBC,2020-12-04 08:00:00,https://news.google.com/rss/articles/CBMiWkFVX3lxTE9WREJxTWE4eHhuOVd1YS1rN2xwTVNQdzg2MVRicUpjaTFBc01zSXduaXowVVFzemNSZTlpQUpRMlY4VDZaMWxXYjVJWUx3eHpsc3phWWtCMTB5Z9IBX0FVX3lxTE9DaVBlWG9Nc2tkanRkVnppUXNNcnFYR3pOZUNUdU1DUzc5WEpDWWkzWGlrUUhBUU56YVJLanJFdmpMVU13ei12RWo0Q0MxUG9MeGQzbkdNbURVSEc2OFZn?oc=5&hl=en-US&gl=US&ceid=US:en,BBC,0.0
