title,date,link,source,sentiment
Video History of the World News Now polka - ABC News,2021-01-06 08:00:00,https://news.google.com/rss/articles/CBMipAFBVV95cUxOajYwTXlnMUZiWWNJUlJ1YnoyLTc2a3NpUHhuU1Itd0Vld3dtcWlQcUF3OHVick5Ba25xSlBWQkJGc2o3ZUxyRHlWN3k0dWFDbW93WGhYV2tOX3gwMGREZHEtR2Vudy1kNzc2VGR0UWJTc2VOTllva01JeW9CX0VkVUxDdzhIYVZaLS1oU0EyQ2otQW9RYjRLMjN2NGMzdEtxd0dncw?oc=5&hl=en-US&gl=US&ceid=US:en,ABC News,0.0
Ensuring Everyone in the World Gets a COVID Vaccine - Duke Global Health Institute,2021-01-20 08:00:00,https://news.google.com/rss/articles/CBMigwFBVV95cUxQeloyMUVLV1ppb192M3BTZTZTTENwRFBtbmFzeVA4X2RYTzFmb09CMmFGS3VNUm41c0lwQ3IwMUoxOUZUdG1wRTNaeGQ3bnNRYUFjdldKd2NIWGIwelR0TUgyOG1xczVJTE54dDlBcVBESFhpdER6MklERnRxZFpUU1A1dw?oc=5&hl=en-US&gl=US&ceid=US:en,Duke Global Health Institute,0.2732
When will the world be vaccinated against Covid-19? - wellcome.org,2021-01-22 08:00:00,https://news.google.com/rss/articles/CBMifEFVX3lxTE5MM3IwVUszc1FhYl9RNF9raTk1STdtNEo3S0RiSHhMWlE1ZnZ5Wi0xNHpjdm00ZWFnS21qeHpDeEpxSTdKWTVTcjNyVXdhd1JGMTh0WG5WbG1lS2dJVzZlX3R4bGFSS3VtUUtLSmxucjZweEtJcU5uYy1hSTE?oc=5&hl=en-US&gl=US&ceid=US:en,wellcome.org,0.0
"U.S. News & World Report Ranks Embry-Riddle No. 1 for Online Bachelor’s Degrees, Online Programs for Vets - Embry-Riddle Aeronautical University",2021-01-26 08:00:00,https://news.google.com/rss/articles/CBMiygFBVV95cUxPc2h2V3ZsTUl6YVh5MmhLOVFicjlzek1HVkRobXUyci1aYnNvODhQUGRvUmVUZlN1cjZwanVBQWhiNUdsR0JGZWRhc1RZa2ZscWI0RW1xTEpPQi1kZ0dfY3NXM0pYZ2NQNmJmNmkwN0hESXhhUU1USVJ6OU80cG1BZ0FOUmVpMlJsVTFaRlF3VnhwNmFxcFplbFM3UEcxUEpJZEFQODlodjBhOHAzTi14ejdNUXh6Z1podGFCUmVIM08wQm9kV3U4STVn?oc=5&hl=en-US&gl=US&ceid=US:en,Embry-Riddle Aeronautical University,-0.296
Dr. Simon Adams interviewed regarding the military coup in Myanmar by BBC World News - Global Centre for the Responsibility to Protect,2021-01-31 08:00:00,https://news.google.com/rss/articles/CBMivAFBVV95cUxQYUdxODNfWm1YUnJmRDNyNndhTXhXVGI3dkdpTU1ybW1kcWR2dFNFTi1QVXVPNkZTa0FGalNQQXBnZ25rOU1Hd0J6M3djQkRUZGpvTUxHVk9kemZBbjhaNEl6LXFtSUxaWkhNTlJFYjc1UUVhWWFxOTVJemREa2pHbVRjQzlTSGFNSHl2Y0xBSDlfQThFeTJ5OFlvTnF5QnZhTV9nTFFqREJfdG5QREFGcHE2QUctZG1vSlpCMA?oc=5&hl=en-US&gl=US&ceid=US:en,Global Centre for the Responsibility to Protect,0.3818
PA Named Best Overall Job in 2021 by U.S. News & World Report - American Academy of Physician Associates,2021-01-12 08:00:00,https://news.google.com/rss/articles/CBMiowFBVV95cUxNOGJQbjAzVURDOTUyN3ZFSUt3OVFNRUxSVVNVX2RJR2NvVF8yQ29NX2N4OW1sSVhaWW14NHFqeDUwM2pLLVlBRGpEQ1RfWFFINE1aMmhGa3BGaFNqVDlVYm1obmpUeGpRanpTWVdBb0VlSXM3ZmUxQ1VTVG9wcmhoa1pyQVowMERJZ1FhYjRHd2xwOElwTC1Md203eDhtWDhZQl9V?oc=5&hl=en-US&gl=US&ceid=US:en,American Academy of Physician Associates,0.6369
Kyrgyzstan election: Sadyr Japarov wins presidency with landslide - BBC,2021-01-11 08:00:00,https://news.google.com/rss/articles/CBMiV0FVX3lxTE0yckN2ZS1VMlZvcEdpUHVfQkE1MlJWbmxWb2xwMUJZcGhFQjBGNEdjR2c0bGs4NnNsYUNHU1VHR0RkT3FVOEQwRTlJWUhQempXdUhsVEFZd9IBXEFVX3lxTE9TSGFzTDNaUHhsSHhkUXRsNUN0WU1YRUR3bTg3RVlZOFZXU2RiREFrYm0ybFN0aUxlc2R6OXI4RXJ0Y2EyM0dTbDltM1ZtbElWZEZ6bThwYUFNanF3?oc=5&hl=en-US&gl=US&ceid=US:en,BBC,0.5719
PNW’s online nursing programs recognized by U.S. News & World Report - Purdue University Northwest,2021-01-26 08:00:00,https://news.google.com/rss/articles/CBMirgFBVV95cUxOVlRkdVEwdy1fVG5LbzJ1ek1Mbk42TnBjemVYNEUtVi0yd2JtZGpUWVh0dHBmYThPblVxYzZnOXlGb1F1NWRhTnh5OHY0OGVQNW9ITFdpY1h6ZzNWMUd2UXRjYUxjR3YtX2I3dnV3bS1jWU9PY1Fuc2JNTENROW9WRERXWVIybkhLX1JVV3JHcHBmTlpqV1QzU2FlTDl6QWRJUVp4cldubXZ2c055aHc?oc=5&hl=en-US&gl=US&ceid=US:en,Purdue University Northwest,0.0
Pope establishes World Day for Grandparents and the Elderly - Vatican News,2021-01-31 08:00:00,https://news.google.com/rss/articles/CBMisgFBVV95cUxPM2NaRUFUSHRpb3JpYnNpUXVwMnR4ZFc4N1d1cHVncmQ5UG04ZG04am9LTHNBQnVUeHBqN3ZxR1FPczcxMlprUmlZUjFTUGNLcVBBNE9fRGRHOTVVWjNlN0NoNG5fbmFTM0VJQS00X2tNeTNPZzVWTU1kV045NkJZVGNUTzVhNzNKckYyZ3FpWFp2M21XSXNKOE9ENi1JVE43bXp2c25Ha29SNjNIdllNdGJn?oc=5&hl=en-US&gl=US&ceid=US:en,Vatican News,0.0
New global publications sign on to News Showcase - Google Blog,2021-01-20 08:00:00,https://news.google.com/rss/articles/CBMigwFBVV95cUxOVDV3WUlRMEd0RXhxWHlVZzFUS19KczZpeUNIdm5lNXlYdHdNTlJmb19MSW1NX2Iza1NkeE9mQzZnQ1JRZ3h3REpnZTM2ZFBGZjdQb0Nyem5kY3I0MEdlQXBRbXpZSFJFRmMxYU9LMVRqVjdHR3pzMzNPVkNYZ01VcUlySQ?oc=5&hl=en-US&gl=US&ceid=US:en,Google Blog,0.0
FAU Online Programs Rise in ‘U.S. News & World Report’ Rankings - Florida Atlantic University,2021-01-26 08:00:00,https://news.google.com/rss/articles/CBMihAFBVV95cUxOcnhodFJ0OTRCS00xVTdkcHQzSE4xRmwtcUgxR0IzYkhGR1l0dkhJR2VONHdESUdWSmQyaXdkTHdKWEtsSmxZQ1liWGl3OGZlNTRjMTZSSnhpU0RJTGk4OGJCYjBWLXM5S3JVUUVrZzBSNk9FX1pwdWRqVk5wNEpOUkpqamE?oc=5&hl=en-US&gl=US&ceid=US:en,Florida Atlantic University,0.0
Assessing the Global Climate in 2020 - National Centers for Environmental Information (NCEI) (.gov),2021-01-14 08:00:00,https://news.google.com/rss/articles/CBMiYkFVX3lxTE9EU25iVTNjZVBhZGI3SUlxNGYtb1M2N0JYeWlIQ01BbGZhZEx4VGtHRXNWVUhCS2VpSUNLWUdLYlhMWF8zZ21iN3BWYndxV3Y2cEtUcTNsNm4zMU01clp4bkZR?oc=5&hl=en-US&gl=US&ceid=US:en,National Centers for Environmental Information (NCEI) (.gov),0.0
World leaders express shock at storming of U.S. Capitol - PBS,2021-01-06 08:00:00,https://news.google.com/rss/articles/CBMilwFBVV95cUxNS1NUNnNNdmtQVWhXcTlQRlRXM2hOcjFhN2RXdlFMRUl3UWxfVEVxT09DM1hBYWRHVWFDNHFQQ1VkSXZ3MzFZWVVBbl93cHdQczNVYmpxLWZxUGtRY1Nib25taGNkeU41WTFsR3lTS3ViMHlXRGUxdzVidmkzMEs2dlFsVnZKQmJ6QlBsTmtnTkIxem8ydG1r?oc=5&hl=en-US&gl=US&ceid=US:en,PBS,-0.3818
Biden nominee confirms opposition to Yucca Mountain - World Nuclear News,2021-01-29 08:00:00,https://news.google.com/rss/articles/CBMilAFBVV95cUxOam5oOUw5N09JcFpRa0I4SjJuUFZjeHFOQXktTVJsQnFfdloyMHQ5TlN4MW9pcUJoc2c2NHBmWm5naFQ2ZFZ4YVBGR2h4YWRfWS1lR0UyQXJMYUJIN2xQNVozRzZjTmV1czB5azZ3TGRRS0VWUG9VR3JTbVhvOElCMm1QQk83alQxWUt1ZmlQOFRtVnlC?oc=5&hl=en-US&gl=US&ceid=US:en,World Nuclear News,0.0
Pandemic curbs trend towards ever-increasing migration - UN News,2021-01-15 08:00:00,https://news.google.com/rss/articles/CBMiV0FVX3lxTE5RUVdqdEdsdTA0dUdZZmVGS29WcXBVVmNWZlpielpfUW9OZUloNEtzOEZSWTR6aUtmT0l1d3AwQTFMQ0d5ZDlOWVNfRDJqS244Vk4yRnMyOA?oc=5&hl=en-US&gl=US&ceid=US:en,UN News,0.0
Online programs recognized by U.S. News & World Report - The University of North Carolina at Greensboro,2021-01-26 08:00:00,https://news.google.com/rss/articles/CBMiiwFBVV95cUxQLXk1RzFWVEFINGZoeVdoS0gtcExoVVg0bDNaZ2FpNlBVNmhpdnF2LTFJZG4xaWZTTkxCYmFNNU5FeThfZlZPeHA2YTZRQU5ubC1QczhYZGt1OGJlMWJDeW9LMkhUTUJNWHBzT2tISUpxcURzZEIzMlRYRjU4YnhXZjRVTkJoNms4bU1j?oc=5&hl=en-US&gl=US&ceid=US:en,The University of North Carolina at Greensboro,0.0
Twitter 'permanently suspends' Trump's account - BBC,2021-01-08 08:00:00,https://news.google.com/rss/articles/CBMiXkFVX3lxTFB4OF9EWXctVV9zX1Zlc2cyenB2YjFROEE1SnVGLXhtQ1FjdW5hd3Ewb2tLeThTQ1d4TXRmV09qUkpMTEhBUFNQZ2NJVmp6MXBIYVh6UTJIcEJjY01NZHfSAWNBVV95cUxNR2Y5RUJKb2VxdnBnR0QwaG5ZeEhxSFJZR0dFME1veVZJUmxFSnU3UlRnVFZQdHV6dWxDS3E4bm9YRS1INWJ5MDhLZU5xWXRhakduLVV5bS1kcXNIOVVLZHF4TDg?oc=5&hl=en-US&gl=US&ceid=US:en,BBC,0.0
Google threatens to withdraw search engine from Australia - BBC,2021-01-22 08:00:00,https://news.google.com/rss/articles/CBMiXkFVX3lxTE9yYkxDUUw1dWNxNDNkM3FCQTB6NmVfSldPWmJzLTNWbXU2TFpxbmhyYXBrUWFRdUF6UUZUMF9lMzZqbHF2b3NoM1czbEZPaThfcTQ5LWd1V2x1MWNtbkHSAWNBVV95cUxNNGZEVUp4dDZEd1NoWkNQQ0RPQlY5MVdXT3ZLRDRtVlJuV2ZqcEdoOUdNbmRPdHZHVlpRWG9xay1DTmlBRXdiMXEwZXZ5TVg3SW10cWszUGc0WjlhTXg1WE54YkE?oc=5&hl=en-US&gl=US&ceid=US:en,BBC,-0.3818
Trump impeached for 'inciting' US Capitol riot in historic second charge - BBC,2021-01-14 08:00:00,https://news.google.com/rss/articles/CBMiXkFVX3lxTE1aLVM2RUp2eWkzdHBwNllyZFVHc1ZIS1Z3dWt4SURNUTBkX3EydmczUXRGVWRFRlNaX0sxb3hvU0dpUDFJME1VVXZ3bjR2eTFUY0NDaUlzYk5sQ0dNVEHSAWNBVV95cUxQcFhUeTd6SktFenlCZHFKOTJvZmd1Zzc3Z1JRbWtXRURjbXFteURMX3VsX0xwM2VxYVVCZkhZZmVrYW5QWlZoNkxMWktZOHJzUHdrUElFUHY3eTlYcWZMOTgtZGc?oc=5&hl=en-US&gl=US&ceid=US:en,BBC,-0.5574
US Capitol riots: World leaders react to 'horrifying' scenes in Washington - BBC,2021-01-07 08:00:00,https://news.google.com/rss/articles/CBMiXkFVX3lxTFBLZktra0hXeDQyaG9ENFVBb0JDZ1BzLWViY3RmTlRTbkRkQ3VybWdzNkowRjlUNWR6eHVSc2kzSzZLRTN5bzRMZHFhbXhlekM3b0VkemJkcDNLalN6LUHSAWNBVV95cUxOUUc3alREV1l5eUJIdVRBUFJyS0pyVFZ1M3lMWVZCMEFLMUc4cXloYVUzeENTb3BPRTkwZkYwZTVwdS12Z1ltMmZqWnh6dTJ0TlA1dTdyb2pzUGk4Tkt0TUEzWnM?oc=5&hl=en-US&gl=US&ceid=US:en,BBC,-0.5106
World’s Largest Lakes Reveal Climate Change Trends - Michigan Technological University,2021-01-19 08:00:00,https://news.google.com/rss/articles/CBMikAFBVV95cUxQY3NidHVVMHl3TTByUzFVZHJsQ25BaTV6eVhPcEQ5Y3I1cFNvZnpncUotZi1mbTNVMmZXajhsVDhSa3RUbGlPMF9FYVFhUENWT3hiZ3lTOUotal9XWHlEdm9UUC1HNEpOX0YxQUtrQ0VkalJoSkNIcFVMN1cxNXJjdlhZV3QyYjJ1SWpYNWN3ME0?oc=5&hl=en-US&gl=US&ceid=US:en,Michigan Technological University,0.0
World Health Assembly endorses the 1st ever resolution on meningitis prevention and control - World Health Organization (WHO),2021-01-13 08:00:00,https://news.google.com/rss/articles/CBMizAFBVV95cUxQbXRSU1ZRQTczSDlCQlFmS196aXFqcUtWODAyNFNYQXdkWHJxcjZIeUYtdlF6SE5ZSnRTbk01OTdhUkZORU9OeThBOVh2c3RYR21yMXg4SzkxUVY4Vk52MFpuM3RFSktLUVVQS19hb0Rabm5Zbm9VVFEzODdMZ3RINGFsa0xZbmRwazgzVllMeVE1VEcyT2wwbEwtMTVtOFdjZnNRUDVpeXhnQ0kwS3NIZFJNVlNXSHVMR1BEaktIVmlfTXduakVXT2hXNmM?oc=5&hl=en-US&gl=US&ceid=US:en,World Health Organization (WHO),0.34
"In the News: Teeter on 'Christmas Carol,' alum Broadway World profile - Webster University",2021-01-04 08:00:00,https://news.google.com/rss/articles/CBMigAFBVV95cUxPVUdUekM0YnNNMVdHQmVYeTNfci0ySXlJNTJFeVFBdjNwaFlKdVRaUmtjcTlkMFJCTk8wVVRWZGtuTmUzWmFlWDZCaFBodk9aQXRqM015aGdyUkhDUmV0cTV3dTB5UmRFZk5qRllSenk2eTNNX28xZ0kyVE55Y2x5Vg?oc=5&hl=en-US&gl=US&ceid=US:en,Webster University,0.0
2020 was one of three warmest years on record - World Meteorological Organization WMO,2021-01-15 08:00:00,https://news.google.com/rss/articles/CBMieEFVX3lxTE1FWDRkTFA3TDhqYzVyWEJUVm1odUI1VXA5clZfMzJITUN2aThiU0hVOE9jVU9mamtyaDlwR2dzTHVHSUZpWkRXTFFKc3pDMzRmWXp3RWt4aml1bzlFZXMzcUpmaHA0UzF0SUI5S1VrTG9TMTZRb0F4Rw?oc=5&hl=en-US&gl=US&ceid=US:en,World Meteorological Organization WMO,0.4019
Professor recognized among the art world’s top influencers for 2020 - UC Santa Cruz - News,2021-01-08 08:00:00,https://news.google.com/rss/articles/CBMiVEFVX3lxTFBUcS1aRnhlQVpmcXJEWDgtQzVmeWo1Umt1Nnd1TTZkaFNRaVNxUjJYLVI2cmk0R01mYVZOcU5lSEhqS0Jkb3luX3MybWdJc1lYbXQxWA?oc=5&hl=en-US&gl=US&ceid=US:en,UC Santa Cruz - News,0.2023
The digital switch? Why more Americans are logging on than tuning in to get their news - The World Economic Forum,2021-01-21 08:00:00,https://news.google.com/rss/articles/CBMilAFBVV95cUxPazJMTDkxbWdob0JZSURUcmxtX1prbjAzWl9HbnJxMS1YdFR1ZXF4OEdCSWJyRE5NOHZpaW9EdU5SWDEwMkZqT3BrNDc2TWp6T2diZkZXSjFwN2xpaG4wNlVKS21vdTZ0M05QU1NtdURCVVhBTVpMbGFwd2VkTFFPNTM5VFZsSnpIYnNzN01ycktybDRl?oc=5&hl=en-US&gl=US&ceid=US:en,The World Economic Forum,0.0
Biden signs 'existential' executive orders on climate and environment - BBC,2021-01-27 08:00:00,https://news.google.com/rss/articles/CBMiXkFVX3lxTE1XOEVRaFF5c1BTNWIwNjI2X0xJMDJfdFdzdkU0MGlkN3ZyQ0I5eGJxV0E0WmVKTDY3NlRBRV83eTh3WVM2dllOUnBFUFljTjl1NF84Znk4SmJIaFR2a2fSAWNBVV95cUxPaU9lLTRNLVhhc2dYdWdPY1hlQWlqS3luWmpma2dCRHE4S1M3YlMtM1dtVnFBMm9kVERnRnRZNHhNYnRCb3JGRS1STGtBZ0NRdnlWZEk2N1FMamtOSWxOa1M1SzA?oc=5&hl=en-US&gl=US&ceid=US:en,BBC,0.0
Covid-19: Was US vaccine rollout a 'dismal failure' under Trump? - BBC,2021-01-26 08:00:00,https://news.google.com/rss/articles/CBMiXkFVX3lxTFAzaWpva3dwM1lsZ2tLZzV6RHJvaGlUUWl3MW93NV9pdU42QmsyVFc1SHZUb2gwVktHemg2WEh2WEhUOHRMZnIxeFByUnVaeVVWTzVXckhvbFFMbXJGOHfSAWNBVV95cUxOSVYtZ2hBbW52Qm45ODhlTVhTcHY1X1F0U0RDY3BVcEMyR1FPNVUtX2x4bnc4NHEwRUlpTnRySm9Bb3VTYndYMU5EZTFKZkQ2THJ2dDU2VHQ5dUFkSXpPcTNLTGc?oc=5&hl=en-US&gl=US&ceid=US:en,BBC,-0.8074
WHO recommends the dapivirine vaginal ring as a new choice for HIV prevention for women at substantial risk of HIV infection - World Health Organization (WHO),2021-01-26 08:00:00,https://news.google.com/rss/articles/CBMi-AFBVV95cUxPSlo3TDY0eTR3MWZtZ0QxVGRtMFMyTlp0akZsUDZBWndycWZ1TjR5d1RmSW9TYTh0bWVTNXYyRnl4SWVaaF9MbkxWczhsZ1d1UmpMbVZkYmZSYzRTRnh2YUFndUZjdFFkOEowREhiSm83WXhuUmdoNkJiMTYzM2ZJSlhsZThzSko2VEplNlp3V00tLVdOVm1rZnM2QkJ5WGp3d1pJazBVZi1ib2RuY1ZreldkZzl1OF9IZjZvUkFIZkw3b0dMLXlrYWxIbmk3d1B2MG5sMEJJU0l5TmNMaEFWei1kcmNjcm53Zy1FNktmOWFscnhPX3lBaA?oc=5&hl=en-US&gl=US&ceid=US:en,World Health Organization (WHO),0.1531
"WT No. 1 in Texas, High Nationally in U.S. News & World Report 2021 Rankings - West Texas A&M University",2021-01-26 08:00:00,https://news.google.com/rss/articles/CBMirwFBVV95cUxOOTRXYzRTV2YwSGlyZExDbjVIVXV0TnBPdmZ6WXNTT2ZZeHFXZ0RqWW9BWnVjOElTdlExdGZnVi1xUVNyakswS3ktd2Nrd05NWFVVR2NleW1YMld2eDcxTlZaWjlKcnJoVktiYnlJWm5KcmNibWVUNnA1cXBfYjV2RDZvZDNTZ2p5UFcwbi1DMXZXYWRGelJLS1lzQTU1N3JwVkZvTUZwb3hxbldkOUJ3?oc=5&hl=en-US&gl=US&ceid=US:en,West Texas A&M University,-0.296
"U.S. News and World Report Ranks CU in Top 20 for Best Online Nursing, Leadership Programs - CU Anschutz newsroom",2021-01-26 08:00:00,https://news.google.com/rss/articles/CBMimgFBVV95cUxNRmpuYmJIbHVXYUl5RmFydTRHOTQ0d0xybXhITHVjcUFVSXBnN3BOVDczSlZteE9BUlp3M191TzRzVFhzZEpKYlZfcm1UelIwTzdSZGQxM0xVazBqeVhNZDk1T2VPcWd1N1VFU2dXWVVMdE9NcDdtUUVQNW5UZDZ2aWxKS1NkTHJuMW9nUzNpcGNQdWZWd0FTY3F3?oc=5&hl=en-US&gl=US&ceid=US:en,CU Anschutz newsroom,0.7184
Armenia plans to extend operations at Metsamor unit - World Nuclear News,2021-01-20 08:00:00,https://news.google.com/rss/articles/CBMimgFBVV95cUxQNWJmel9uQUUtRW4yMk9YZ2lzbW5xWGFaMlEydEtoaGZfM2RCMEpiZm5wbmVudm1ZYW9wbDRkQy1tdzVNR2RJaEl6UHpKaGxFaVR4dlhZeXZ6YXEwNVl5eC1FLU95ZDdpUS1seERwWThpQWpOdVVBWTFNUEJFbVRGamczeFRVWWRMNk1DdTVHSFMxVlBYT2VxdFZB?oc=5&hl=en-US&gl=US&ceid=US:en,World Nuclear News,0.1779
Board game tackles real-world problem of gerrymandering - UW-Milwaukee,2021-01-14 08:00:00,https://news.google.com/rss/articles/CBMigwFBVV95cUxPRE5KbEJab0pINFJpZ0hOOXVLdmctTUN0dkY4T3RUQ21oMDNuZDFqYmtBZ1BMb0FxNllJQy1oR1BRRkdoZGpxcUd5X2tYMU8tZHZjT1JCTmJMY0lRd3piRk1YVU9OQWtVOTJ2Skd1WmRkb2lXRnhNbVp3OGpXa2ZLbXJNTQ?oc=5&hl=en-US&gl=US&ceid=US:en,UW-Milwaukee,-0.4019
Biden: Trump wrote ‘very generous’ letter before leaving - Times of India,2021-01-21 08:00:00,https://news.google.com/rss/articles/CBMiwAFBVV95cUxPQnZPUFYwNjUzMmV5YXYtOVVFaFU2ZkM5RjZod3I5X1R4cVo1aHJINDRGZndOak5lRExQS0ZtcjdPNHJlT19HN1FuNWNJbzduakphSUlLLTJZM3R2Q1diMmFiQUt6YU5JakZ5NXFWVHBMZW1QMm9VRXJURHA4REppZ3MyQWxsRDhiS1NQN1dKNm4wZ1BMSzBoU1B2RnhHZXVvNzZkRFNGTi00XzY1Y2NlS1pZdlZvUDROdnZFcHJNYzXSAcYBQVVfeXFMT21LczQ2ek9qc0VScGNWeFBYN1FidGtUQjJtMUZQaGR4WjNsekdYaDFZc2duTTRGVU5Odkd3bVc2UFVwMkU0cHRjM2tnOC1aV0ZwQUZpTkh5Mmw4elhjS0FkbHlyUlQ1VzRuMWlmVGloWDBoWVhPU0pWbXUtTHFnTXowd2FmNUQwd2FDM0cyNXMtMGZaUkdTdDUxNTlCclgwdFdWRzhXZU53dHFvTkMzdGJXNXlRdVc1U1RnOEs5ckpPQk56NVlR?oc=5&hl=en-US&gl=US&ceid=US:en,Times of India,0.0
Statement on the sixth meeting of the International Health Regulations (2005) Emergency Committee regarding the coronavirus disease (COVID-19) pandemic - World Health Organization (WHO),2021-01-15 08:00:00,https://news.google.com/rss/articles/CBMinAJBVV95cUxQNFRXeWNMdlJabVl0MzJsbTh5YlhkR3RiMm9BdWpfbS1VQXZKeTcwQml3RkEteU1WWWJqX2ZsU1lIVnNuWmQ3c1lic21pNy1SZk1JTFBpTVZCVjFDbWpDb2tqTUp2OENWNlpHMDZjX2Fwa3lWeXJkeW91cW5uOEEyNHIwUEVRNmVWUmJ6QU5FYmxseDNSNGQ4TldIYVY1bnBBLXNoY3EzRUdONU9TWWJrLVFYZ3cxck02UTV6VEZJTkYxcWQ3WF8xc0RnSlY3cjVuYlpMa0JpQ29vVURuRzM2T0Z0RGR0Nm0yWms1OUY2X0pBMWFKbFRmbW9KOElObHhWeVlfeERVRGhiYTBmOFdlX3VLZW1tMHBsVjM1Xw?oc=5&hl=en-US&gl=US&ceid=US:en,World Health Organization (WHO),-0.3818
A world of possibilities: Global studies prepares students for diverse paths - Binghamton University,2021-01-27 08:00:00,https://news.google.com/rss/articles/CBMiugFBVV95cUxNSXdiZVZscERjMkltSXRfZTY4THpYUkNHZFNWMzBNN004SmNXWmZZdGh4U1l2aUJONkhhS2tRV0pIS3k3cFdRaTFwcTB3M1lWQnlUS0EzMlNYcVpjcUxWMTlJd0p3d1d4TUJobEFBS1Q5WFMwU3J0TDhmVjZOczNZc2dPelQzV0s1OGpRQmFTMkNrZ3U3akJUNHJfR1VzdENyZU51Ykp4S3ptdFFSZ01GUDJYS01NQkgxRXc?oc=5&hl=en-US&gl=US&ceid=US:en,Binghamton University,0.0
Social media manipulation by political actors an industrial scale problem - Oxford report - University of Oxford,2021-01-13 08:00:00,https://news.google.com/rss/articles/CBMiugFBVV95cUxOQ0lDRHRyaGl3NWRHWk9GUkxSeUwyVUhobElrZHFjYWU3ZW5NajhBXzAyblAydmM0eURBb2ZJUTUtQmNCQV9VaExZX0hlNGRLZE9oRTMtZE9XdkFTaEI2aDZkUVc4dlBOVURYeEgxVm00SmFTczFBdmdwWDJ0Y1p5YVVkWVFBOW5LT0hiU1VoV2RDdk5heTIzbk1Ub0QzYUJiMFZzMG0wV25jUV9JbWZmR2hERll3SGRXeHc?oc=5&hl=en-US&gl=US&ceid=US:en,University of Oxford,-0.5994
"If the news gets you down, why not try the ‘olds’ instead? - The Guardian",2021-01-15 08:00:00,https://news.google.com/rss/articles/CBMiogFBVV95cUxQOVdKRnhQUXRfdDVFRDdDWHM3akF1TEdrblNrLUdvdW1GOVB1c3huQzF2eGJJa1JsbzQ1TXBxM3N5NUZxWmJGTTNmbmlib3JKSFAxTmZSeURvVVh1VE5GdjE0RzdDZ3NWNFNLY1B4Y1paZUtvV3NZVWVVcEdfUjdBRF9tQzdqTDNOeUltVDE5Sl9mQnpxWFJFcl9kZUk0bDllbmc?oc=5&hl=en-US&gl=US&ceid=US:en,The Guardian,0.0
"Urgent, Effective Action Required to Quell the Impact of COVID-19 on Education Worldwide - World Bank",2021-01-22 08:00:00,https://news.google.com/rss/articles/CBMi4gFBVV95cUxPbWNKc0tYX0pTQ1pnd2dZVmRidGxNU0dKMk01RFF0X0tRSFZxbGpZSDVRamJhWHZ5SUpldUpJOFZ1aDFOSUs2Nkg5d1BEd18yWm5DX0xaMUN2QWdnM0JBaks4RDVxQ19XLTZNeXFRV3h0dHBpLUtMLUhtOXI3RS03NmlVcTlhZmcxUjQ3ZUtjczI1cUlqTklBS2ZXdXJNTmZoMjBzdnNhd1FJSlRLQjhUNFgzQjlPYmRlVW1RQm0zWElQb1d6cVRUMFVUVnVNaloxZE9NVmh5c2I0Sm9hczlBXzhR?oc=5&hl=en-US&gl=US&ceid=US:en,World Bank,0.5994
"A Subdued Recovery, with Damage to Undo - World Bank",2021-01-05 08:00:00,https://news.google.com/rss/articles/CBMihAFBVV95cUxPclFtUVg1Qm1XcVJCcmlNTWVjdlhoZGtQay1kc3pFT2FBZnBQSVQ0Yy1MTmN5eEd1Zm5qYU5aLWFmald6TDRHWkZSVDZqZjczOHg2RExzY3UxaS11ak9XRXlsWWNOeVhWX25FUFZpMzllU1dadm5vcFVZUUd2TXFYUi1hWWI?oc=5&hl=en-US&gl=US&ceid=US:en,World Bank,-0.4939
UTA nursing program a ‘remarkable asset to Texas’ - uta.edu,2021-01-27 08:00:00,https://news.google.com/rss/articles/CBMilAFBVV95cUxQbEpxRU93UVZwc01FZEZhaVlMQV9HRHk2MnU3aVVYeG9CTDVxRUkzZ0IyS1djVjJFZDBfcFpOcXV1WVdrbVBNLVdzZktFTFdPQmhGMnU0Nng4RHF1bGlab2o5Vklmd3hWanY3QlQwaERscldzUWhZZms1SnlOUFJzbGlRSldCbm9nTm9FT1BKMERHakY1?oc=5&hl=en-US&gl=US&ceid=US:en,uta.edu,0.3612
UCI to build world-class hospital on Irvine campus - UC Irvine News,2021-01-21 08:00:00,https://news.google.com/rss/articles/CBMiiwFBVV95cUxNUW5reDEyc1dON0s0NHJSNmZ6OUttbGtuY2FtTXlwN2V2OUlyclBubjVYQWZQU09qaHVCRnJ5dlU3SXBpUERKYXNpcEJuUzZEWUp5VUhyVGR3ZTZjZHJ3dUgtaVBCODhON0dmaExEdTlVZU0weUZJZWVKNG56Q0Jub2E3Y0tfMmZ6QWZr?oc=5&hl=en-US&gl=US&ceid=US:en,UC Irvine News,0.0
Wilmington 1898: When white supremacists overthrew a US government - BBC,2021-01-16 08:00:00,https://news.google.com/rss/articles/CBMiXkFVX3lxTFB2SWYtMGlGY2p3c0ZNaEdrczJHdXNxSW0wbGRoTGFSeVlxTnlWOF9DcHJMeE51TWJPck9ITDVneDAyN2ZtTTV6T1dkNFpPWU03LVlhbmZzZ01jV2FSRVHSAWNBVV95cUxQRkdNWVhvYV9LNDZLM3A0MjROSFQ0dnVQcWE0Qndia0I2d0pVdWZjMWhDYk5yeVY2TXJkNGJjZDdnclVQcVBUSjJYZzYwNW1kTWd4OHEtWnBZNi0xcWttdVFIck0?oc=5&hl=en-US&gl=US&ceid=US:en,BBC,-0.25
Capitol riots: Pro-Trump protesters storm the US legislature - in pictures - BBC,2021-01-06 08:00:00,https://news.google.com/rss/articles/CBMiXkFVX3lxTE1sNl9zaWNjLWFEaC1HUU9zWUc3eUFtM0dtazNSUjRqYnk3WUVibVBwcDVZczVsd212enktbnVCQUlnNndWdEJwYlk4SkVLR2Nic1FTcGpGbTcybC1UMUHSAWNBVV95cUxNbmJfWU80ZlpLLVcyMEFqMG5VdlBRYzVPcThUNy1qUzdCbTloNHNjb29EWkJzTEQyVnZlTXd4TU9aZEY2b2pxbG94NG5RVkJMdzN1SzEwZmdKeFA1NTEycG56c1k?oc=5&hl=en-US&gl=US&ceid=US:en,BBC,-0.6369
‘Disgraceful’: World reacts as Trump supporters storm US Capitol - Al Jazeera,2021-01-06 08:00:00,https://news.google.com/rss/articles/CBMinAFBVV95cUxQdkszdXVaS000MzZfYVRRNU5aeV8yWHd0bVBDYU5XYko0dXRWNERqclQzTjlxaGM0QUdNSVhNRTNvUkZTQW5pNXNJZUkwaTkzUWI4SUFBdGV3UmFYTzM3b0twSUl5X1RVdDhYRVN2eFJDQld2aWE5a2VPeFQ4M2JESDJZZnAzUE5kRkpBVnNHdGZ6TzQzWFJCcnRZMnLSAaIBQVVfeXFMTW15VmMwWFlxc0hWb1JzRnhuLTVTTVpGYnlxaldxdWR2LWZDdU84WFQwamxFU3Bzc0VYM1JHR2lDSWRsYTV5aG1zdzVyLXVlOVl3YU5ZVEctbnhBZ3lhM0pEekZhV3RaVDJXSE9Qb3BlRjdTbXV1TUx6aEhoVnJiOXZBRklsbElfRU5OZlN5N053N1lWb0RHWUgwY0VvUUkyX2Z3?oc=5&hl=en-US&gl=US&ceid=US:en,Al Jazeera,0.4404
Virginia Tech secures top placements in U.S. News & World Report’s 2021 online rankings - Virginia Tech News,2021-01-26 08:00:00,https://news.google.com/rss/articles/CBMid0FVX3lxTE42akJ6WTlKTFZrZ1dtcVVQcmRfOVc2T3FtM2EzOVpLV0dJLVJqSE5nZmo2bjg3cldNakE2QmJMdWx4bDh4WHl5LXEtZnBXVmJjYTBzRUdQV1RHTFNsbW80aVdRWVdMS3NSRUlFcFNFQ1Z5QzNtTldB?oc=5&hl=en-US&gl=US&ceid=US:en,Virginia Tech News,0.4767
World champion beatboxer Kaila Mullady to deliver Carleton convocation – News - Carleton College,2021-01-07 08:00:00,https://news.google.com/rss/articles/CBMirgFBVV95cUxPY082VHFjNmg2VlNHYUtGUHhyaGd0M0ZCME5pUjRRNDFlbkNkbmpzanpMYmpfM1R4TjdvY0h3MFRKUEJhNjEzTkFQMDI2YlZ3Snh0UE9uZGlJeTRvNjFHLVUzbnZtak96alEzeUZKd2tiTzgzYktMVVdaajhyWTlRX0VSWWRfTmZqY0VTejNWQ3c5OHRqT2lobFpLMEpSb0V3alFPdGZEOU85N3lqOWc?oc=5&hl=en-US&gl=US&ceid=US:en,Carleton College,0.5994
Guterres urges world to ‘work together in solidarity’ as US moves to rejoin WHO - UN News,2021-01-21 08:00:00,https://news.google.com/rss/articles/CBMiV0FVX3lxTE85TExtbGhhakFONzVfeVhwOGdxQUhwQVFKZWZsSXVja0ZmNjF5UEtQaURvaGdKcU1qTmdwaEQ2elVCX3NDZDFJazFiT3NRNnpSNlAxSU9wUQ?oc=5&hl=en-US&gl=US&ceid=US:en,UN News,0.0
US$246 Million to Support Poor and Vulnerable Lebanese Households and Build-Up the Social Safety Net Delivery System - World Bank,2021-01-12 08:00:00,https://news.google.com/rss/articles/CBMihAJBVV95cUxQQlN3aUxMYmd1dVNOT0pCbDNGUF8yNDRSQ3Q4SmNxMDFlQWRENVRrQ1hNUkJ0TFJELUpzWklpb2x6a2E2ZUVuYWRnVm93Y1pIbnBfdTEzVkpyMzVFNGVmcWxOUGZ1U011SHZoakRVSGhJbVBBcGVqRFY3SVVyZkw5Q0FIUWFyWkVMWDZMNVRBWXNtQVFUb3RpUk83aThuWWF5YWZ2RGJ6ZWpvb05qbHo0RzVVdElTUVB3SkhWRTNoRVRsOVRxY194endUYm9fbHJmWXRhNEZwWTNIb0xqSDktRElldHlqemh6aVRyZUV1X0phMjF4ZEg0UUhRT04zS2hDT3ByMw?oc=5&hl=en-US&gl=US&ceid=US:en,World Bank,0.128
Dutch Rutte government resigns over child welfare fraud scandal - BBC,2021-01-15 08:00:00,https://news.google.com/rss/articles/CBMiWkFVX3lxTE9nVENiLW5FdFB3R2h6ejBzbEs1cEpERFVtY1BIbEdlS0ZCSmxnNG95cEVnSkdWa0RRSU1TQkZwRlZ0VUlvcWlVRHFFaTgwdXM5NFpZZ1hsUDJSd9IBX0FVX3lxTE80QUpYUU0zNkxuWFByMU15X0pzRE9aRm1WRS1jVzh3d3kyb1ZnZ1g2Vk5RcFE4eWpLWnBFcm9aVk9ZQ1lkNDAtM0RmUHNxaWQ3QXVJd3lFZGcxMmlULXow?oc=5&hl=en-US&gl=US&ceid=US:en,BBC,-0.8402
Capitol riots: World media see Trump ignite an 'insurrection' - BBC,2021-01-07 08:00:00,https://news.google.com/rss/articles/CBMiXkFVX3lxTE03dEtwVkd5RGxMVmpNU1RfVXZoWVIwRWoxMk0zRDZpblk5YVFJMlE0dm50OEM1dVZ3ZklnYS1vYUJvdGZ0bWp0ak1XbkptZ1pEVWpqcm43ai1rVUZvZXfSAWNBVV95cUxPZnZOakF5QXc0VzRPRDVVRVI3TktQNkVnaUJRUHQ0eWhpZXVfZGl1R2YxQmNUbTctZEluNGE5ZF8tczRwZjYwSTVjNDJzWU5yOGxNNmpnZkI1UUJ5dURkU1FqalU?oc=5&hl=en-US&gl=US&ceid=US:en,BBC,-0.5106
OHIO programs earn strong rankings by US News & World Report - Ohio University,2021-01-26 08:00:00,https://news.google.com/rss/articles/CBMikwFBVV95cUxOMFliSWt0dXg0TnRJY1ZQMWFQcTlUSUZPUU51U0VrMDJKSzVkdHowcHFsaU5tRGg5c0Itb2hOemJSWmd5WmxiendGLWRHSG1lR0t0Z2xVcjlfdlh3dlowcldJSERJcjBOY1J6dUNQSzNQRGQ4R1g0RXpjemZLbFp6YnlTMUVPU2RQZzBrZE5WNXpvWU0?oc=5&hl=en-US&gl=US&ceid=US:en,Ohio University,0.5106
Park Geun-hye: South Korea court upholds 20-year jail term for ex-leader - BBC,2021-01-13 08:00:00,https://news.google.com/rss/articles/CBMiV0FVX3lxTFBlUF9XRVpFaFNLSlNRNkhzMTE2LVlUVEp3YzduaU5iUTB5UGJBQS13RUtEWDBXUGRMeC0zTUxsenBYVHl0UTFCc2JnMWI2d2U4ckN4aS1Ma9IBXEFVX3lxTE90cnEwVWpubmdzSmhnWEppb1prMHZHeHZxalJPMWdHcWNLTTVDZFhfRDRxWjJ3R0ItMFlIYkJSZ0psWjRJMkM1Y2xCdkUwOTlyNU41TVplN1UzRHBn?oc=5&hl=en-US&gl=US&ceid=US:en,BBC,0.0
US historians on what Donald Trump's legacy will be - BBC,2021-01-19 08:00:00,https://news.google.com/rss/articles/CBMiXkFVX3lxTE1SdFFvR2pEdUVyOTY2b0VkU01WT3dkNjBBOFEzRzk1MVFKb1pxZXpoeFNJRllybHdobFU5WjZRWUhuMXFlYkM2QW9TaFdlN0x1R2JsbkVGOTloWkRCNFHSAWNBVV95cUxQd011dkdoUWNuQ3UxU2hXNlJkYWhsTTY1aVhLQWQtQXQxUUNSNnVxQ3pGYk83UnpGRGRPMHFWLUlQWDVRbHpnRDlZUm5mWWdVM3haRkltTmVVZnBfbWJLbGtLekU?oc=5&hl=en-US&gl=US&ceid=US:en,BBC,0.0
Sinovac: Brazil results show Chinese vaccine 50.4% effective - BBC,2021-01-13 08:00:00,https://news.google.com/rss/articles/CBMiY0FVX3lxTFBKd2l0WkVFeTFuenlVaHh2amZ6M3VqWnlwSm1NYkwzNWlPajBwS2dOcmVRZHRoTWdEbE81cU9tU015T3RpeU1SeWtmRFpqMEVUMTdXVnllc2IwSDJTYjc4a3A2SdIBaEFVX3lxTFBYM0Q0Z20wVEFqNUMteWNWVDRWLWtsalNZcVh1Q19heFUzdmNsV3Q5VU5XS09YcHJ4T3B4Q0paazhkU2NUUzNLRTlyQ2tPSjM3Z2RIZzAxU0RDWDE0X3k4SzBoRkE3Vy01?oc=5&hl=en-US&gl=US&ceid=US:en,BBC,0.4767
OHIO Ranked Top 50 Best Online Master’s Engineering Programs by US News and World Report - Ohio University,2021-01-26 08:00:00,https://news.google.com/rss/articles/CBMiugFBVV95cUxOaGVuR0tHRkFZOHRWZE5hSnRIbXptY3g4SnNZTjlwaEFkZUxneUNva3BNWDB5LXo3UTBEVkRxY0h4QW5jalFPdFZCby1oQXd2Vk4xX1FvRm5lRFdUUFhsZ05iTkhVbzFoNmw3d0xDRGlSSHUySXVZdERPWlZ0elo5LUlqa0JmNzI2TDFMNE1TaGFiZVRVd28ybWhrekhQaUQ0VkJHQ3RiS1hNLUdMOGVWdXRxT3RBZ1FfYWc?oc=5&hl=en-US&gl=US&ceid=US:en,Ohio University,0.7184
The different types of COVID-19 vaccines - World Health Organization (WHO),2021-01-12 08:00:00,https://news.google.com/rss/articles/CBMimgFBVV95cUxNR2VRTlU0VGhWX3dIem1oNFJhNjU2eldUS25MNEhVWHN1TndWZ3ZWZmJuWDBNczhjcnNKTENQNUJYVWZXaHhfYS1iSHloM2dCcWEtR2FZTmFNQVctU013bWs5N2ZUSlk4MFJlSWJoUVllcVpCX2NWTFQzdUhkaEFaa2FaLTB2N2ZFLUh6RGxLTjVBVUQ4dGVUQWdn?oc=5&hl=en-US&gl=US&ceid=US:en,World Health Organization (WHO),0.0
The 65 days that led to chaos at the Capitol - BBC,2021-01-09 08:00:00,https://news.google.com/rss/articles/CBMiXkFVX3lxTE9iVjV6YUhwWlBLMG5oQlFZZ1Z3M2pUOGV5X1ExNlBtQmRYZjkxU0RkM1U1Q3hOd3ZVeGZIZXZoam5GZ1N0Sk93bHFsbDRJdEgtOTVxM3pnUlNyU1ZCWHfSAWNBVV95cUxQQXYwUWo2dVUtaHItTk5QQjFBMUw5S0hFMXB2VGVyLVZGUFpMNFFpZGZQTTZPNFl5eXFXOVZDYk14YVV3VDJtNHpMOHQteHo0aFRvdHV0ODhyWW04ZTRjTERvMDQ?oc=5&hl=en-US&gl=US&ceid=US:en,BBC,-0.5719
‘The world’s most powerful weapon’: N Korea parades new missile - Al Jazeera,2021-01-15 08:00:00,https://news.google.com/rss/articles/CBMiogFBVV95cUxNR0lCTHlIZGsyN3I5X0NEdEtSTFBuUUI2Ym5nOER5SlRBOUNhRXJBa2dxZmN4dENPaEZLUDg2d3BUa2RDRlByX2s5eEVOY0RVemROT2I2RE53ZkItQWVXbnVDcUdUZDl6U29LWThMbWFwNzFNa0EzSkZrY2szd2hFaXVTcG9BbDBqOUFzWHlIbUJ3bERQSnI1QUpMUm1CLTlWaGfSAacBQVVfeXFMTl9GNElQWVRnN2FLOHZocE9zN0pORTA5S0hqOXpxQm5ULVpqTk9zOFE2STBtT0FEY0tabGdJZnZvbl9RSjlBVmFkMURzVmlSWnBWb2JqZVhfbW5kNHRaMFgxcnNxZjFsd1FxSFREa3JVUGVjeUpmM2Jnc1lGeVIyUl9zODhSVTVHOGc4ako2WllyTTJCZ0tFRmF3WERiMVplUG9aNkgwS3c?oc=5&hl=en-US&gl=US&ceid=US:en,Al Jazeera,0.4754
Covid vaccine: WHO warns of 'catastrophic moral failure' - BBC,2021-01-18 08:00:00,https://news.google.com/rss/articles/CBMiUEFVX3lxTE8telkxNjg2UXNWeU1BOWhoaTQ4ZTZCUGM2ak5NM29IdGVzUlBQeGE5Xzd3VzZXMUJDaDNDT1FOMFpHdDRBeWRXWnkweDA2SnNL0gFWQVVfeXFMTzY2WDV1c0JpLUdMTWhpc0p6MFdDRWZ1TkRCenNpbU9Lbk55R0hoM3RobmU2akFZaktrdnI5ZGlSNzkxMFUyYWJURmJoMGhmamZYVWxsMGc?oc=5&hl=en-US&gl=US&ceid=US:en,BBC,-0.7845
Reuters becomes first global news provider to offer content on Google News Showcase - Reuters,2021-01-21 08:00:00,https://news.google.com/rss/articles/CBMi1AFBVV95cUxNTmNtQlJhc2lkcHZKb2l6czFIb2I1ODNwVHNLRUhiMGhrQTJtWlBzRjdxVm9oYlJ2WjZmMWFVMzROOEFzV2NxM2hjczZkTmFwUkpkMEF4MmJZZHlJcTdSZUxwQjlMc1FuZTBUX3RzcEN1YjhhTGh3VWdzektDeHJvUktzUlVKWGtJdFVzYU40eVdubnVFbWtXbUoySlV2RHNvcFF0V3VwSEczcl9vMGNVVkx2S0pSVG5aWDB3TkpnckRwZU4xdFVIandJY3o0WWhPUkxfdQ?oc=5&hl=en-US&gl=US&ceid=US:en,Reuters,0.0
Westinghouse doped fuel pellets move towards commercialisation - World Nuclear News,2021-01-22 08:00:00,https://news.google.com/rss/articles/CBMimgFBVV95cUxPenB3eUlEUzNZT2NwVnByd2dwUG1qeWdSeE9yeVYtZTZnVVMzeGJOWFlfaFdfUC1GdGNIRjNQQjRCZUEwOVAzSXZPRjM0WUM4aGExWGxPQm5XdExnR05xaWE0YlNuV2dUaS0yQW1LM2JscWcxQ05RWmgzc2xLcmtkajMxa1B1NzZENXEwNVlFYlRfWUtzTVM5THRn?oc=5&hl=en-US&gl=US&ceid=US:en,World Nuclear News,0.0
UN: World facing ‘catastrophic’ temperature rise this century - Al Jazeera,2021-01-14 08:00:00,https://news.google.com/rss/articles/CBMikAFBVV95cUxPbEFMYlZKZ2NBYm9ndXVLeUZSZ0lOeGhBOXBjQmFWVnBIRlhtVGFWZFpRektQa3ZYQWdOWWlPMUN3WmJBaGJBUXpXalRzWERRNzJBd0hpeVl4ZlFTY2dQbFN6eVVpZWdja0JTS0IyemJwb1JfN2pqNFp2WjQ2TExvNnA2UWtQQk9YaTIzbnhqakrSAZYBQVVfeXFMUDg4X3hBOS1PdmlMQ2lRdUJ0SUgwUWQtSFNjVnBBN0Y0cXJMRElpemx4RDNjMkxaVUZGWmxYNFRmc1BwaHFoWUtZRGwwWHpZN3kyNElwc2VUcWFfblBGLUo5Tk1QUUlIcllrU0pZV2ZOLTQ5OXlWVllVOXB5VUk5Y1VBYm1uMnB5VW1aNl9FWW4wMFpPUnlR?oc=5&hl=en-US&gl=US&ceid=US:en,Al Jazeera,0.0
An intro to the fast-paced world of artificial intelligence - MIT News,2021-01-19 08:00:00,https://news.google.com/rss/articles/CBMigwFBVV95cUxNcEJvbjVoLThZYjd6QlJDaU5fdGlfM2laQ25oTG0ybmhvbDJ2d0FuNUZHQzgyOFo3SEdaZlZnbGdjQUhENG5qSjlaRkI2ZlZOWnJUcXZ2YmZlb2xKOVJsZl9pSUhWVnJ0LWZTMENBc0VmS19VaTZDSENoMV9Lb1NWNzBGTQ?oc=5&hl=en-US&gl=US&ceid=US:en,MIT News,0.4767
Covid: Dutch curfew riots rage for third night - BBC,2021-01-26 08:00:00,https://news.google.com/rss/articles/CBMiWkFVX3lxTE04TlJycUxCQjBrMW1POGdoMUNSYlBGck9odWh1anBSSHpZUjR1TTI1MDhWRHhtM3daTjE3Sml5aG1oNnJYTDZkZ3haeS1Cak5ibEZma3VySXFoZ9IBX0FVX3lxTFBLSlJZcEhqaGdPWW9xeEdHcThtOGpySUYydkZJT2U3MWFBVHlNWHZERFBuRUlZUDhHMGVXak1WekdUTkNGNXJ6LTdqUzQyWnlpbERMdUxIRm9sVTl6NUVn?oc=5&hl=en-US&gl=US&ceid=US:en,BBC,-0.7845
52 arrests made after Trump supporters storm US Capitol - Hindustan Times,2021-01-07 08:00:00,https://news.google.com/rss/articles/CBMiywFBVV95cUxQSHNmQ1J4VC0xemFtM2lxRDF1bHNYd0RudElTZ1Y5ano1RDRCRzQ2ekVWRV9CVkVPdGstd1ZjZ2s4aFhtRzJLQlNhVDY1SnN5eUpsdEdFQzJsb0gwQmU4ZEhKMG15TTdKMW4zWXZoQ1ktNmJ1REhIUDFOTnN5UHpNemd3N1N0Q1o1NkViak4tR0oxbGg2QzBjeHlJQ0gyTm91RkRTWlFaVmw1ZzV4Rk5NX3dRUi1pcGc4Zl9pamFwQlRqYzl5NTVtWmk3b9IB0AFBVV95cUxNTVVoMzgxRmgtUzJoVFMwdVZTeGc2NmNROHRWdVVoblVBZ19yak9SOVpDSkItVkJCMFNQVExfX3JVbkRLRlY1OFJxY1ZsaEZEUTNjcVVKSy1LYmRwejBSYXlobTFHOW5JSXJCNkhDZE04Mml4QXNvQUJSRENBdVpxdnZla2pkTzd0RG9ObFJCMEs1UmkyR3hrZ3kwcGIxMHFqUzFTeloybHV1WXpZbEpySTR3di05TVlRRzZLdVU4aHNLTWxRbV8zYmdwcDVXdVZl?oc=5&hl=en-US&gl=US&ceid=US:en,Hindustan Times,0.0
US carrier group enters South China Sea amid Taiwan tensions - The Indian Express,2021-01-24 08:00:00,https://news.google.com/rss/articles/CBMiqgFBVV95cUxNY2hLdmtBcklUWDdzc0hCZ2Z5dlZCenRsM2ZRc2ExcHpSLWJuUEdaWGd2X1dQOU95Y2lEYkctMTRPdktncFV2NERVZW9xRHdVUXd6elUyUzVVSDNHNTZkQ0tZUjNOdVhnVlZ1ajNYRmh2TEZzeGJfUUlsV2NybGstUDZhcUdyUFNDQkRBVFlGTXZfclA0X05oTk1VV0drYW1GamZDZi11eEVGUdIBsAFBVV95cUxQRGN4N2lZdl9XdEdhMk44a0pyQTItSVd3bFdfSTZYVXdSclFOcFVrRVRyR2xSZkFrQXJhY0NhUTk5RXhOUWNRRkZWazBuUVVQNTl6cmpMN0NuS3JsOU93TVUwSmlGYlVwNkZNaXVEVW10YVF2bzlJZ0Q5b2NyRThsZkxNdk90d1R1V0huYkgxejZOS2hLNGpKNmZYS3dWdEJLUkFfWVZodTNJNm9DazRjNQ?oc=5&hl=en-US&gl=US&ceid=US:en,The Indian Express,-0.4019
Biden sets to work on reversing Trump policies with executive orders - BBC,2021-01-21 08:00:00,https://news.google.com/rss/articles/CBMiXkFVX3lxTE1JUXBPbkR2T2hFMXBWMmprR19WY3c5cFZPSTZabnFBSjQwVTFfMERucVJ3LWUybWctVUE3TUhIZHI3a3RsMHRYMzB1d2RHRkIwcjI2WDBXb0l5cFlzQnfSAWNBVV95cUxQWmFPVnZRNGRyU29HQ3pIWlBpclByN0NWd2ZSZEdmbXpheE90bjBfaHQ5aDRROXRVc2dVUTJaMzlreGVmM2ZVWVhWZGJUT2tqS18zMHdXU29YRklabkZ2LU5Tcmc?oc=5&hl=en-US&gl=US&ceid=US:en,BBC,0.0
Roeder Named Among World's Most Highly Cited Researchers - Carnegie Mellon University,2021-01-19 08:00:00,https://news.google.com/rss/articles/CBMilAFBVV95cUxPTGhoZ1ctSTNmVVpLUzRaTjJZVURrY1k4Y2xLRnh6YnhUbHU0R3ZnU0xEdGV1NHVLelVCc3plOWczMGFjenRfRjRaTTlWUmRLWVFjT2Q0Z0pmTGNYc3YyWlR2MXhsUk5DcXVNd1gxS3FJcURwenk3ZG5iNGZveWdyeEFuQ014b1VqdGhfQWhScWszZlJf?oc=5&hl=en-US&gl=US&ceid=US:en,Carnegie Mellon University,0.0
Wuhan lockdown: A year of China's fight against the Covid pandemic - BBC,2021-01-21 08:00:00,https://news.google.com/rss/articles/CBMiX0FVX3lxTFBReDJYbUUxVEJtOU51YkktS19SQl9KcWVhT1VqMUV3SVUzZ0JFTDViUnQ0NkE4bHpBMUwtMUMydmZCVl9uempZZmNNc1hKbVc5SVdpWklnbl9qdnNPb25z0gFkQVVfeXFMT0M1MnpKNzlwc29fdGtuVVN2WDNNbkRxZXpUUlFWMGhBSHJUN0x6WWs4QjRfX1lnaFI3RU5MZFhjcGdNSWJLWUdrZG9UMkVYUFd4VDctaXJmQlVhRU5fcEpDX0xmbg?oc=5&hl=en-US&gl=US&ceid=US:en,BBC,-0.3818
"Pope: World needs unity, fraternity to overcome current crisis - Vatican News",2021-01-11 08:00:00,https://news.google.com/rss/articles/CBMiswFBVV95cUxQcy1CNUJlMWFyRkx4V0ZaV042NEFia2Z4VlpiMDNXODI1eGxUYmxMZE9PTHp0a25nUmcxeElVMWkzTktUa1FtYnEwdGZNVVBQSzFZeGhDNjVuTnRCNS1NWHBmS3JodnlkbkxIbVU0dmo1VVB1NTlzMUpQUzc0VG53dFRSYTB6ZExLU2FkeDR0eUJsY3ZGWHF6UTJvNW1SUk92MnB1c0d0NHVLR2cxOXF5OE1OUQ?oc=5&hl=en-US&gl=US&ceid=US:en,Vatican News,-0.6249
The World Is Dangerously Dependent on Taiwan for Semiconductors - Bloomberg.com,2021-01-25 08:00:00,https://news.google.com/rss/articles/CBMitAFBVV95cUxNbmJQT0lIdy1iM0VHN00xRlRENTMzWHdYQ3JvSEczMExxV1NwR2pTUW9LNFV0aDVJWnBCLWIxMnpCMTJnN21ELXpqZzFWME5uWDIyNVBBUXlXNFFrckR4aEhXeDg1QmVIb1N4R1hMelEtRHBPRVh2SjNUZkNJeE9yc0xic3djVWRBdnl4eTh5aERNNG0xdHRRaUlVRGN5TGhMa3hLanFGcUhTUWJkNWd5TWdlTWU?oc=5&hl=en-US&gl=US&ceid=US:en,Bloomberg.com,-0.4588
"Kazakhstan’s Economy to Recover Modestly in 2021, But COVID-19-induced Poverty on the Rise, Says World Bank - World Bank",2021-01-29 08:00:00,https://news.google.com/rss/articles/CBMioAFBVV95cUxPNlZ1UGZ6QS1UdTZjZVBoRUF6emRjWmpvS2p6Y3pDTXFHbUpXMHVEaDJSUGIxa2xzaFVSOF95T2JqZU91SXJtNjNKTktfaXpGV1U3X1ZHajNJS2MxTm52bnBUcTNCV1ZNVGFSblZQcHdHdTNNdFl2YUxiVlNuZjZNcEZGN2Mzdmt1RUFZTFdzWk5kdjlJVERRYWxfemt2WWx0?oc=5&hl=en-US&gl=US&ceid=US:en,World Bank,-0.6652
Coronavirus vaccine: India begins world's biggest drive - BBC,2021-01-15 08:00:00,https://news.google.com/rss/articles/CBMiX0FVX3lxTE1yMVlhcmJZbUZhcjRjRGg1b1RsSkRBRHp3NHQxQWFkOFhLd19wZmx5RTFsUFZOVW85YmF6VDRaemRtRG5rbzdtSUZEblczZ2laX1B3N3ptaTVWQi1xQ1Qw0gFkQVVfeXFMUDhheGJ5X3ZzVm1jR01FWTh1Qm5kNG9CdDJuQm9ia2tFN0t5RkNYOWMxOVk0cWNfdl9NUHN2QVN3aWtVcTI5TFlCYnVnb1JUUW9aY2Q3WXdtM1E3aHd3NVdYR3pQWQ?oc=5&hl=en-US&gl=US&ceid=US:en,BBC,0.0
Tom Llamas Signs Off From ABC News Amid Reports He’s Headed To NBC - Deadline,2021-01-31 08:00:00,https://news.google.com/rss/articles/CBMiiwFBVV95cUxNZC16X0p1aVhBa3M4d1RFa3VGbHJQdDNWUE1IWmoxTzlMcGlvTjN4U0pnS2lYcGJydmRwWW93ZEJXdURSNE95YkdZMXRGMFRuajAxcmhjMzVFeUJLZEJiRjNUeUxJME02dkYzd1M4TG9lLTdsdzNjaWdmX2N2OUQ5ai1aM2cxOUlmWlE0?oc=5&hl=en-US&gl=US&ceid=US:en,Deadline,0.0
WHO issues new 10-year plan to end suffering from neglected tropical diseases - World Health Organization (WHO),2021-01-28 08:00:00,https://news.google.com/rss/articles/CBMiugFBVV95cUxPRmtzQ1VkUkh4SDg1VXRId1NUQUZpeFpzLWc5U2szT1ZpQmFPbnZzbm1oa1lYRDRJYnAzNVRCeTFjNXhNbXFVYWtBakZfVjJGVFR2a3JESFJBYmx3MGo5ZHZiWDJOQlRsU1dFa1NNWVA2bU5laGpNWXQ2ZWk5WGNlQ0hnc0hJQk5PY1hXdkZMRWRwR04xRUdkWEpveU5wUlNNRnVHZEtSTDg4SDZFTjBMNkQ1MTNkU05Sb0E?oc=5&hl=en-US&gl=US&ceid=US:en,World Health Organization (WHO),-0.7579
Meet Tom Hanks' 12-year-old 'News of the World' co-star Helena Zengel - ABC7 Los Angeles,2021-01-12 08:00:00,https://news.google.com/rss/articles/CBMilwFBVV95cUxPVHhEMmRMYWFUb0VJdmxTc1MyY0JuN1ZfbkgwQVpXakMweFVSZUkzSG1kR3RJcWs3NDlUSVgwdlVmZnZjMEs2LTZJMVdPNFZRMW01V0hIN1NHaFhWZXRNVEN2bndCQkRDOXJOYzVLMk9VU3FuUW1telpzYlhKdWVaRk83MjZDWnFSV25xR2hWT1UteEZzTmZv0gGcAUFVX3lxTE5CTmU2Ny10ZlhicjFiNjk5UUlIcDU1MWU5MjRGMi01SHIzMGpFX2x3RUZvc0FBdHNtQXRSRnR5YVBVQjNXVlZVRzBDWkVTVWZ2dzJBRkhjTGJrbVZkTWVfMUNTeThXNWlXVDU0YWlyeG1GS3NXZThhYkVhY3VUUlNDMk9NLTB0Q3ZDX3dDTFd1eVRLMWE3RnRVc1dwdw?oc=5&hl=en-US&gl=US&ceid=US:en,ABC7 Los Angeles,0.0
HE can do more to transform conflict and build peace - University World News,2021-01-23 08:00:00,https://news.google.com/rss/articles/CBMid0FVX3lxTE1XM0twVExuN1hiMkItQktYSWUtZEVIQ3dsQnk4WlJLMUpVNlVCZ29JdmRFS2J4NUlYVkdCYjIxVUo5d2JHU1V0ZnFacE1oQUhnYmcyRjlOSTQwcVhxdy1WYVc1dlRqR0EtQUpLTzc2WlFtNHM2OHZj?oc=5&hl=en-US&gl=US&ceid=US:en,University World News,0.235
'QAnon Shaman' Jake Angeli charged over pro-Trump riots - BBC,2021-01-10 08:00:00,https://news.google.com/rss/articles/CBMiXkFVX3lxTE5vVTRmeXJDcG1Bc1p4UHM2OEExbW92U2VKTFl4MzZFeU9fRWgwcHJneHh2TXItY042Z2VjSXVJVjJ1LTFiTy1SanFqYkx4ZlIyek4zcTBRZFRyUUtDU3fSAWNBVV95cUxQNHpWMmE5M3VlQURsZFVpZEJrb1VieXNmVk0zQ2Z5RG82N1BLX2x2NFliQzM4SV8xRFJRSlRLTjJ4UENWZDRmSk5Fa1hXYkNHUGpGYUtRQVZZWVBjbTVkbWo3OFE?oc=5&hl=en-US&gl=US&ceid=US:en,BBC,-0.6249
4 ways Johnson & Johnson has worked to make access to medicines around the world more equitable - Johnson & Johnson,2021-01-26 08:00:00,https://news.google.com/rss/articles/CBMilwFBVV95cUxOYnRISFpmNVBkU0lBaGlOTE1IbWZzekZ5SlVKYlUxeUYyRkxVb3ZYa1N6QUlDV2dmQUNTcHNuV0ZndGZkRzNWemU2Z2I5OXFCSkRaWHVLeFhrZjYyd0VyVDZCY0h6anBuSmNCSUpHOXY3c0JIZHZKUC1lYjN3dHNEb3h6cDAxMUFWbndDd0QyNDhSZW8yQnlR?oc=5&hl=en-US&gl=US&ceid=US:en,Johnson & Johnson,0.0
A ‘bad sign’: World leaders and officials blast Twitter Trump ban - Al Jazeera,2021-01-11 08:00:00,https://news.google.com/rss/articles/CBMipgFBVV95cUxPVmtiVFFncDNpSk5qUlpoV2ZUbS1fcmJSbVhsdzEycDc1X0NUaFpjNEFVMGxKa09sSXVsM1pVdzBZUEZJLXBZaVNpRmllbGdncG91Rjd0eklhSHZIX1pqYTNaelZYUXVFX2dsMmJMeGs5MEhlNURTS1VlNFhFam5GZHdCQUFpSWVmYWxHemxNTGFrUU1sMTFSbFVoUGpWY2wxejNDN2N30gGrAUFVX3lxTE5RWl8yYTZrc1JjaGJYb3J6U194SDBIeTBpZjltSWtUbmNJSFVKdjNQYmpSQjZxa1JJdkdQOWRVZ2JiTXB2OENhMDBwM1hYT0VNQjJUSUdOTW5uQTZUSG1zaEN3SHl5X2lWS0lRaW8tNy0tWHVYdXktZnNzT0tKRkh1UUZjeFIxb1RkdlpkOEtzeTVRWFotNnZielNDdUVFa3lFRW9HeGtsQmVhSQ?oc=5&hl=en-US&gl=US&ceid=US:en,Al Jazeera,-0.5574
CNL completes HEU target residue material repatriation to USA - World Nuclear News,2021-01-26 08:00:00,https://news.google.com/rss/articles/CBMimgFBVV95cUxNVDJKZjBOTlE2cFFFOUZhcEFmNVAwRDl2TzVLT0JNcUlHT0VmRXNlYzVVbGtBSldhTURlaklaNXJkOW82QU9lLVJnRWJleVRRZUZCN2w1ajAxUUdHeUk5cC1tTHh2MzBnUXhYUExvS3U4WEQ2U0E0Szc1aGd2TEVvZW16V1ZROXlvRzM3eGZRWk1mZ2F3RmV0TjRn?oc=5&hl=en-US&gl=US&ceid=US:en,World Nuclear News,0.0
Making of ‘News of the World’: How the Tom Hanks Western Is “Speaking to Now” - The Hollywood Reporter,2021-01-23 08:00:00,https://news.google.com/rss/articles/CBMizgFBVV95cUxPbXlNTDJMNHZXcGV2WU95SWVjaThkSFVLMUtkby1lTUVNWFBzVS15dUJyLS1aY0lLY2JiZlV1cE1OYkFieW41b2Y4WnYyb2hyeWJPS2ZlaURTV3VyaW9SNkpXRE0xVUh5LWNTdlU5cFIyTHctMGpLZlozXzRIMlNMX0RRNFZOc1c5cVBsS193NGZpUkhPcXVBSXVucmRiMFVlNFdBVTFOQjZNWUM3cWpXWm0wNURxYTRCQTc0RVpobnZGd2ZwbmpkMWdGVGpoQQ?oc=5&hl=en-US&gl=US&ceid=US:en,The Hollywood Reporter,0.0
WHO urges governments to promote healthy food in public facilities - World Health Organization (WHO),2021-01-12 08:00:00,https://news.google.com/rss/articles/CBMiqwFBVV95cUxQcVBITms1ejdDQmVFWnFkOHJvLUgycXNGUDlPNG5qZDBtOWY5Tjctdlhza0dWQ0xob3d2aUhycWhCVXpfZWRQSV9wWE54X2xoX1I1djA4NlNac205OURTRWRySG5rOGVYcS1jVWJaTmxpV20xOHZ6WE4teGQteTJBdTVJMUlWUHFsa3VwaWtHUlVyUkE2VVMtczBYRjN6X2ZGaURmLVBzWXE4Q00?oc=5&hl=en-US&gl=US&ceid=US:en,World Health Organization (WHO),0.6486
CPI 2020: Global highlights - Transparency.org,2021-01-28 08:00:00,https://news.google.com/rss/articles/CBMicEFVX3lxTFBaVkNlXy1abWEzbV9pZmx4M3NiSjRrNkM1Z0ZBcFJjWkdmeUFzTXc4WE85MFRrQV9HN1VLUjEzUFY4dFpiUUhSSlJleEp6Y08yNkhLSTN4TmZGYW1ubkhMTzhfNkQ1bXF5YjhMZGRtNko?oc=5&hl=en-US&gl=US&ceid=US:en,Transparency.org,0.0
'Wealth increase of 10 men during pandemic could buy vaccines for all' - BBC,2021-01-25 08:00:00,https://news.google.com/rss/articles/CBMiUEFVX3lxTE5PcmkwMGxDSTRmZ1BqNkdFV3hPWTRBVWdXdHdKWWFSdHBrNm9tNkVGNms4MG0xU2RPd0k1dlMwTWRPUWZ5OHl4aXpXLW84Ykta0gFWQVVfeXFMTjZYanZlQkJ3VWoxQjRGdjBOY3EtQnBNZEg1SXJMcWFRQy1yMHAzOFZQYlZiSzlNN0x1RndWVjRGRG9Ed2JmdDdnY0pFdFVra1VQZGsyUGc?oc=5&hl=en-US&gl=US&ceid=US:en,BBC,0.6705
What is the role of universities in global upskilling? - University World News,2021-01-29 08:00:00,https://news.google.com/rss/articles/CBMid0FVX3lxTE9ud0xJMnVMcHdheU5NSlVaM0lWSWljc2pQWXBhRFhNWHZPMzMxbTBmMUxiUy05WlBydXJpWGViSWpSMG1MT29ndUtNTzRJaU1CeVdvazhPbURUOGk2bjdBS2xLaEtpTnJMWll1bXU5bTM1YXEzU0s4?oc=5&hl=en-US&gl=US&ceid=US:en,University World News,0.0
"Covid-19: China's economy picks up, bucking global trend - BBC",2021-01-17 08:00:00,https://news.google.com/rss/articles/CBMiVEFVX3lxTE9SZG5qQkFKUXlJd2x2R19McFQydkk4Q3o0QkxjdG80V0FvSW04aldEM24xbFo4TUVSRzFoaC1GN3U1a2d1R2E4cHhId1FRUWRMR25FYtIBWkFVX3lxTE9VUU1tZlJEckVjdTlzamdvbzE3UFZDVVJKdFR4eVVNQ21wU013ODQ4T1NKTnpYSS1sNlhiZlc5UzJ2WDI4U2dCd0dUVnE4bkJXLS1Dd25LbE1Sdw?oc=5&hl=en-US&gl=US&ceid=US:en,BBC,0.0
"Global foreign direct investment fell by 42% in 2020, outlook remains weak - unctad.org",2021-01-24 08:00:00,https://news.google.com/rss/articles/CBMilAFBVV95cUxONnNzZW5KUlY2aG5rSTEtZExMOFktMjNLRUdNUVo5SVVLelhkdjkwZDd2RmJsZXpsTWpEelh6b1REWXlyNnFlWVFHazZfcVpIWFhfdFlUTjNhQ0lnQlRRMTNubkFkb0x4U28zdTFQdEVuRDFja29hME1IOVVQdnhtU0RyLUE5cjAtTDBTcW1LbHFmN0RL?oc=5&hl=en-US&gl=US&ceid=US:en,unctad.org,-0.4404
US Secretary of State Blinken says ‘world is watching’ - Al Jazeera,2021-01-27 08:00:00,https://news.google.com/rss/articles/CBMimAFBVV95cUxPdGxmSWJxWEs4dnhLb01yS19qVEkzV1BsTl9PMTFDa3pWRUhaN1F3YXIwZXd2cTVxalVucW5fUnBCYjRSRmtydllPWE95bGwxMEJSMEdnbHhQc1dnN0ZUcE1TS0g3RlRvS1ZTQVlkYWhSNjhDRW50UmxkUzFfejhkLUNONlFmRHBsQkdTNkF5MHNYZHNMNm5tatIBngFBVV95cUxNZVR4S01SQUc0NDhaSnlBeG9meE9fT25EUkJ5NndESk9nQVZEaTJJemRRM3pnRi1Hc3N5Tkpld1Z3czhFLVF3bi1SR0hLMTR1WUltcWROVTlsVTl3Y0pzVV84UnNoaXpjQ3duUVlWWEJqa0xkT3RQZVk5UUlWZEtkdDV1Qm51TEdIazNuaHdnVXhMQ1N3SUlONmxBNnNNdw?oc=5&hl=en-US&gl=US&ceid=US:en,Al Jazeera,0.0
"2020 Tied for Warmest Year on Record, NASA Analysis Shows - NASA (.gov)",2021-01-14 08:00:00,https://news.google.com/rss/articles/CBMilwFBVV95cUxQOThoQzdXMkhzQlN2RHl1LVVraWRvRkVBdTNiMUlxazdXUVg3NVVlclJQRGpsN0tyR0loU2NNMWgtWDBVek93LWZrazM2dmQzYmhERld2WmU1cm13YW9USy0tVEY5WlNDR0N3VUtRajF4bW44Z0NFRmtJY3lja2dpUXBqTjg5SUFmMnFYeVJlLVNVckVKZWlF?oc=5&hl=en-US&gl=US&ceid=US:en,NASA (.gov),0.4019
"2020 was Earth’s 2nd-hottest year, just behind 2016 - National Oceanic and Atmospheric Administration (.gov)",2021-01-14 08:00:00,https://news.google.com/rss/articles/CBMiggFBVV95cUxPT09aTlljVldIdXpSRzBoUWpRemNjS0NPLXVGMU50blVDRGs2RVhZMFVNenNPT2YtOVZEelNsSmt4MUIzbXVpalY5anpxMWJEakRGNEpGaXloUVlBcXJrSWhJUGJDVkZtTmcyZzJ1enlwV2o1VXJkcy12ajFISWk5YUh3?oc=5&hl=en-US&gl=US&ceid=US:en,National Oceanic and Atmospheric Administration (.gov),0.0
U.S. News' Best Cars of 2021 - U.S. News & World Report,2021-01-21 08:00:00,https://news.google.com/rss/articles/CBMiYkFVX3lxTE9uaWo1bUxubWdBRkZkbEw2YTc3TkFIZjlVX21IeGZrUl9rdm1mbHJYZTljSHBfOWVKeGt1aVFKSzVCQWhyWWxFOHdKQk5hbGpaQzRTYjd1NXJvNUJsYmFVeE13?oc=5&hl=en-US&gl=US&ceid=US:en,U.S. News & World Report,0.6369
WHO chief warns against ‘catastrophic moral failure’ in COVID-19 vaccine access - UN News,2021-01-18 08:00:00,https://news.google.com/rss/articles/CBMiV0FVX3lxTE0xM2Y0UnJydHE5bW4yeTQ1ZjJZdVJ1WFdFTXFmZC1CSUx2Y2N0UUQ2NVg0cVJDR29ndzh5YnNyY1RJa0F0TGhjaXFoY18xMDdrMG54bl9ySQ?oc=5&hl=en-US&gl=US&ceid=US:en,UN News,-0.1027
Lisa Montgomery: US executes only woman on federal death row - BBC,2021-01-13 08:00:00,https://news.google.com/rss/articles/CBMiXkFVX3lxTE1WOFl4bWV4NEVHTjJSMnB6eHNzdzBSekhSUzN5TGRZa211eUlRaGs0azJmTDdHYVpoTURnQjNGbWk3RXRyVnJMeXBYN1VLUVREVzM3dUExaUUwNWNJNUHSAWNBVV95cUxPbllUb0VHRExUVzZ5MVRYcGo2LVU4djJiWU1KdFhDVUwyMDVqN19CX1ByTmZqQUx1YUlBVTlSTHBIb0NxUFdXcFEybGRnSGlaaXh0ZUo2bUcxWWM2T25LeGJzOWs?oc=5&hl=en-US&gl=US&ceid=US:en,BBC,-0.5994
"Identical twins do not have identical genetics, study finds - Sky News",2021-01-08 08:00:00,https://news.google.com/rss/articles/CBMimgFBVV95cUxOUERJNFRPbjJTNDFhd1lqcXBfYVZOUkFUODhjdlVGWU5GbFdGQnZlNmJFQWNFNGF1bGtnYnVPc1JSZFlRUEQ4c1VJcFdhU0FsdGp1TGFqUWs0NkN6WGxqeUwwLWJyejloZURla2hVd3kxVXRHR2FEOGE2TnRnTm14c0VBRjdYWnlYazFOaXFyVzhUTkJRQ0owTnBn?oc=5&hl=en-US&gl=US&ceid=US:en,Sky News,0.0
Official theme song for World Youth Day 2023 released - Vatican News,2021-01-27 08:00:00,https://news.google.com/rss/articles/CBMiogFBVV95cUxPZWF6ajV6QlV6ZXdXYXpXUzdUZTFjQldUMkdSZFlBNWFITFBTN0RJaWpWMGlQWmU2SGg3ZGpFS3lYZmoxSkxxU0ItR1p3RUQzYkZRNS1IZy1kMldSLU1LMGZCa2c1Mkx1VWdUa2JtV05GUy0yTGhDeFhnQUY3R2tLOUl1em1hUExBTGxZN1VQWGdLb3dvaTU2UTlPNFJ2eW9QQVE?oc=5&hl=en-US&gl=US&ceid=US:en,Vatican News,0.0
The fourth wave of international student mobility - University World News,2021-01-11 08:00:00,https://news.google.com/rss/articles/CBMid0FVX3lxTE9GQ1NEbjlKS3E4dXZUbU5ReTY3QWhsZW1vaHFJUHpMRjNqVVp4WnhTY1QwYmIxY1Fza2NOQ29oQlE2djMwa3AyNGhYRDV0LTBTanhwY1FDSXd1WGpPUTRXcnRyVkJxM25QemMxMjNjdGVma3JUeFlF?oc=5&hl=en-US&gl=US&ceid=US:en,University World News,0.0
Tepper Online MBA #1 in U.S. News & World Report 2021 Ranking - Tepper School of Business - Carnegie Mellon University,2021-01-26 08:00:00,https://news.google.com/rss/articles/CBMiiwFBVV95cUxQNTZSWVNWVWdFQ1UtRWJvWHNCaEZXRXNrVjUwM0NPZkVVbU1tSE5oNGJiVHpFLXZjU0xha3dBdXJkVVRwUUtUenRLa0ZSM1ZLOENVcjlxVzBKR01qRUs4d2tiWlAyRmFsay1OZm52UzN3WGI5VGRld1VYVjdqdG9jZjd2R3YzS2RkX3dF?oc=5&hl=en-US&gl=US&ceid=US:en,Carnegie Mellon University,0.0
India starts world’s largest COVID-19 vaccination drive - PBS,2021-01-16 08:00:00,https://news.google.com/rss/articles/CBMikwFBVV95cUxQc3ZvRGJmaVZVbWpENExkbk9PNHlvWkpyaE5JWkQwQzRmcWYwR1NxaHNIbllLNGc5eHVHRWRBWDF1MWJtVGl5U2xzb3p6WnRQTnlBUnA5TkF3aDJUYUxzWmR1bU9WSVpjSzcxYTlnYnQySDZDNHI0WUF0aUFaVXZvalIxUGltUDRGcGI0MXRtV3oyVXc?oc=5&hl=en-US&gl=US&ceid=US:en,PBS,0.0
Russia warns EU it could cut ties over sanctions - BBC,2021-02-12 08:00:00,https://news.google.com/rss/articles/CBMiWkFVX3lxTFBrZFl5SW9XSUVDZmwwN3VZX2Q3dEhadUJGZXdFRnFOTEMzWU8tc2dmblFqRjl4Q2ZOaEVYMFRNRzhydThSY0FMLXhxTHVrNFluS091d3hRbEU0QdIBX0FVX3lxTE1nUzJ0dHEzQkVSMUQ2cUhWaDYxMGFKaC1qYnFXOGh3R1BPaVFiQXNvU3k5TW54Vnh4b1RQVzg0aFhpcnZrSlNHb0RnZzRBSjdYSWptSS1MLWN2TXFmN3JN?oc=5&hl=en-US&gl=US&ceid=US:en,BBC,-0.3612
World Cancer Day 2021: Spotlight on IARC research related to breast cancer - International Agency for Research on Cancer (IARC),2021-02-04 08:00:00,https://news.google.com/rss/articles/CBMibkFVX3lxTFBMMGQ0VnZEV3BVeXVLVTBaMUpmbEhDd0pRRmZScHFadGxnMUI5bnhhT3BsbzgycW91ajFfejJCVTlFWFNzNko1enBLZkxmOWFyNGwtM0p3NUFWOUd2RTk5QmtlaWtYSVVZNWxOWnhB?oc=5&hl=en-US&gl=US&ceid=US:en,International Agency for Research on Cancer (IARC),-0.9349
Dr. Simon Adams interviewed regarding developments surrounding the military coup in Myanmar on BBC World News - Global Centre for the Responsibility to Protect,2021-02-27 08:00:00,https://news.google.com/rss/articles/CBMijwFBVV95cUxOa01vMk5mZXItVEtzbThDTGdaSG5mVHdJMzFTenBsd3FpcGwzVDFuMkZwa3laNzU5SE1CY1J1V2MyRW5DckEyNkxvamtxZERza3BCbzNRSUFWY1hOeVM2TEs2TURvQ25uX1RTQUxYaHZnb2tIWUIxQnJjRGUtaFUxT1Zydl9iWG9pWjZuRkJRSQ?oc=5&hl=en-US&gl=US&ceid=US:en,Global Centre for the Responsibility to Protect,0.3818
Achieving inclusion in higher education by design - University World News,2021-02-15 08:00:00,https://news.google.com/rss/articles/CBMid0FVX3lxTE1HejRGT3NwaEI1VGl2WVg3REpPWnl1ek1SdXVhWTdMUVl5RVk0YW9TTlRha3NXMU9nSEt1cmpHQ1pwaFFMLXdsZWpnc1lybGkyVzFHZzlQQ2pXaVZ3SWdUT0xSOTJxakl5X19vbUIyZTZoSVViSTVZ?oc=5&hl=en-US&gl=US&ceid=US:en,University World News,0.0
"Young People’s Potential, the Key to Africa’s Sustainable Development - Welcome to the United Nations",2021-02-23 18:49:40,https://news.google.com/rss/articles/CBMirAFBVV95cUxOVEJ3UWVrbnYya2lBa2NwWjdueVVyRGpTbm1WTnNrd05LSmZ4MTBIZlJQYnlOT2d3YnVqeEIzZVpyOHlhSmlQTUROTnZWWFRhbFFlZ2NXQVhkeklwMEhtUHNsYVpOaWlkNGl4U3ppd3ZTM1pWYjg5czhpd2VFNW5aaW43bTZFbG1ONEZGUGMzNDhIY1J3UXBUZm9BNWIwX2RINjJDRXp3b0s2bWVS?oc=5&hl=en-US&gl=US&ceid=US:en,Welcome to the United Nations,0.7003
"China bans BBC for ‘fake news’ on Xinjiang, coronavirus - politico.eu",2021-02-11 08:00:00,https://news.google.com/rss/articles/CBMijgFBVV95cUxOX3h3aU5CeHRxSk5ia2E1eS1KV1k2UWN5NE40RThlVDl5T0VpeWVUaUFqR2R5TDdRQUk1RkdhSEdWNjE5ejR2ZW5wNjZmdXJlakxRa1FkUG9fX2sxNmdhVUREUTFLTk1Yc2U1LVIwbU1ZaWlWaXQteDNMTXRydkF5bmxabXI4MHJFQWhtTk5n?oc=5&hl=en-US&gl=US&ceid=US:en,politico.eu,0.0
New World Development Update - newworld.com,2021-02-16 08:00:00,https://news.google.com/rss/articles/CBMie0FVX3lxTE9zODRqWGl2b3ZLNGp5dlk4d0dha0JFbE8xSjNBVXQ2TXZaTDdmZjVOMFc2NjNWN1k1WmRGZ0lrR0FueU1EMXF6LThNWF9wd0NHU0oxeXpQbmVCNHAxYjRuOXpRSkhuWURCeHhjdkVvRS1XWW0tck54eTdyMA?oc=5&hl=en-US&gl=US&ceid=US:en,newworld.com,0.0
China bans BBC World News - DW,2021-02-11 08:00:00,https://news.google.com/rss/articles/CBMiakFVX3lxTE9LcVpxVUE3Y2g0V0NjRFVRSnFhWkxWU1VnOTItSTNTXzdmUVJKVEczcVVid0luT290QkswaTlRTGJrckhWVkJVbTM2cFJtU2FoVm9uSjd5UVlTWlZLbUNObDN5bW9SVFpmb1HSAWpBVV95cUxQcWJGd1ljREhfM3N6TjJjdkExaXdfS2dXN1JDMXJSQUVkRzloUmdTaE5OcVp6RUd2MTY4N0ZoRFpuU2JDWnZMb3owOVJSRkdxMjFUcGdra2RIQnByc3pIM1ZTX1JjemM0aUJ3?oc=5&hl=en-US&gl=US&ceid=US:en,DW,0.0
BBC World News: QI’s Trita Parsi on Iran nuclear talks - Quincy Institute for Responsible Statecraft,2021-02-21 08:00:00,https://news.google.com/rss/articles/CBMikAFBVV95cUxPNjhpVUtBWkt6NE1Pc0JQbDFxZlVhZE52T0hhWnIwTkZka1BrUnN0QlNybUR6OGdObzJwZGR1TThVLWZ4Z245a19MVk1iTnBjMHRQVFlDU0t3cHpnOGJZREdzMUgyWDRvemRWVVRabWN2ZVE3U2prY3R0U3duOEV5STg2VXlSUmdZWUVIUGhWd3Y?oc=5&hl=en-US&gl=US&ceid=US:en,Quincy Institute for Responsible Statecraft,0.3182
"ABC’s overnight, early morning newscasts move to larger space - NewscastStudio",2021-02-18 08:00:00,https://news.google.com/rss/articles/CBMijwFBVV95cUxOUUdYdjl5OUhKbWc3Yll3aTBrR2ZneV9Sd0M0YUhmb2diSUc5Y2RqYVlxX1ZzTVI4UExzQ25DRk1fSzJqTzVEVTNOdU1YcDR6MnFMYXpxcU9rOFpRSXNDSU5hYTA5Qk5yV2pPSERhSDI3eXkxOElBREsycXBrdEFHdFl5X3RQRHVUbTFDVld0Zw?oc=5&hl=en-US&gl=US&ceid=US:en,NewscastStudio,0.0
Fossil fuel air pollution responsible for 1 in 5 deaths worldwide - Harvard T.H. Chan School of Public Health,2021-02-09 08:00:00,https://news.google.com/rss/articles/CBMivAFBVV95cUxNdHRMdENuakgyaWZyOVdudzV2TFdLNFRTd3hnTnJwamdEbE9md3RHMExMNGdqZldtT1FRNGFMWHlIMXdITFJ6WEJ5aFZCM0pPXzVfQzRPTVJHamVEdnVaWDJ5eklkWi1PMm5JajhkZlBMSkVfbHF1U3hfRUNjT3JOenl0RWlHbGl0YnYyZTVLUDE2NEF1elZ1MDZ2ZjIwenEtWlg2VFlBeTRIZDBlVHZLVG9UbVdCYmlxZU5ITg?oc=5&hl=en-US&gl=US&ceid=US:en,Harvard T.H. Chan School of Public Health,0.3182
China bans BBC World News for content ‘violation’ - Al Jazeera,2021-02-11 08:00:00,https://news.google.com/rss/articles/CBMingFBVV95cUxPTllqSmhSalhaWnVfbF8xejd1dnhNRnV3b0FKeDNONHFtODJlQUczOVM1algwNjJFR012bnZ5QXB1OGhrQXhMYVVXWTc0anBFYms0eXd5cXNNSFhsVE9YRUhHY01Cc0pxTF9Ca2xXRlRoSm52R0R5Ql9OWkJfNjJ0RnJrZzNUdS1nYkVURU9LSDZGRXByNnEzZU1pODVvd9IBowFBVV95cUxNeTRwLXJMZTVwZjZ4RkhwWmNkV1FsZUhmZGlLaVpiR1hYZ3EwQTZmTzRHZjRZYXdjSDAyRlJHS0F1NmNxZUJiM21xcHhDRjlXVnVMTGx1QzFoZlR5MVA4UWVVclNxS000dU5zWlR3RmFHZk1TUEJQV0VXRUN4eGJRMFg3Q3JJdUxqUGctdjhrMTZPdDZlQlFCbVg4bEtYN0xzMGtB?oc=5&hl=en-US&gl=US&ceid=US:en,Al Jazeera,0.0
China bans BBC World News in retaliation for UK licence blow - The Guardian,2021-02-11 08:00:00,https://news.google.com/rss/articles/CBMie0FVX3lxTFBNWnNVSGxjWDVaeHVoNU9qWFNPVkh2VDZjRlBEakxUc25TWnhKbUx1Q3Yzby1wbnpIdHdhbzVCQ01lOWs1THFNQjRJNURlMTk2YUN6dHlRaEQyQS1HajdNNmxrMWN6QXBEVF9CanVKZGJOSk5NOS1kamt0OA?oc=5&hl=en-US&gl=US&ceid=US:en,The Guardian,0.0
About BBC News on TV - BBC,2021-02-12 08:00:00,https://news.google.com/rss/articles/CBMiYkFVX3lxTE1qZDl0LVc5UmxHMW81b3RLSzlBNTU3enBDdS1GbWJlVGxUWGlVSjVycF92YjAwSm9mamM3aFJqbFBIWjdxY1o2dTRDWlFlTmFfcTViTnZFcG92U0hOSmE2MXl30gFnQVVfeXFMTmJ3QzIzM0dJMTQ1SkJrUEptNEh4anhtTGlTN2NVcFU5a1dUa3UwSG1iTnJCanpCTHZiclNvVVN4elprRXBFVlExTjVVN1NFeDhYU0dnZVc3NEtnOXRTVF9kVVBTVERkaw?oc=5&hl=en-US&gl=US&ceid=US:en,BBC,0.0
WHO lists two additional COVID-19 vaccines for emergency use and COVAX roll-out - World Health Organization (WHO),2021-02-15 08:00:00,https://news.google.com/rss/articles/CBMivAFBVV95cUxOYWJvdlpLdmU2cGxqLVYxZm9hdWhtWlZHcW9RMjZqcV9INk43VlJ0c1ppQS1NU0twRDByZE5KdHRFM1J5MktXWkUzUUZVdTBsUS0tYkZYVXYtdjAzZVplWnNnS3M4ZmdqY05uWTRlTHZ6Uld6XzN0WXE1U2hsT2poN0xXblgyUFpWRHAtNE81Y0dNY21nNVIyMHRPOElfeFl0aHN4Q1QzT1Rra3dNNU84dDJVMW03blBydDVfNg?oc=5&hl=en-US&gl=US&ceid=US:en,World Health Organization (WHO),-0.3818
China bans BBC World News from broadcasting - BBC,2021-02-12 08:00:00,https://news.google.com/rss/articles/CBMiX0FVX3lxTFBlMXQxRzVhWlhkdFlHNDg2RHlOOGY3UV9jNERlUjhoWnNLT3dqOGtlSzNZRmpEQW9jczVwTEFhMFZFN3g0ZUV1ZEprdHpuSHBocjdNZW1NZXlzUUt5aXNB0gFkQVVfeXFMTnlNa1daN3hlZ2dLTHRhOHJ5emRBaHFIbGlCUmxkSU1VXy1FYTJoaXl5Yml4SXM3SEYwdWhXNmRsbEZHM183R2JwSksxQlU3TTF5TU5uQUM3dEV2cGNhcXhUS0xyRg?oc=5&hl=en-US&gl=US&ceid=US:en,BBC,0.0
Facebook and Google news law passed in Australia - BBC,2021-02-25 08:00:00,https://news.google.com/rss/articles/CBMiXkFVX3lxTE92aUM4WS1EdXNmT0xZUkNmVFA5cHdKTVhUQ05KYWJseUVjTS1OTWVCX0duVDZfalp2anVRRV9YTDlncXM2Y0lOeVZCMWVYdW5YTHBpczVQZ0h0TTBwbVHSAWNBVV95cUxObEJoX05NVzNkWi02TmtaY0p6bm1XWEdYb2lwWk1zSnZjRHZ6Q0l0Ry1RQ2E2U2pZMFI4M0o0TEtybmRyRGRmOFk3TFN0NGsxanN6S0pHdGFGamZwckdaXzRxUUk?oc=5&hl=en-US&gl=US&ceid=US:en,BBC,0.0
Jamal Khashoggi: All you need to know about Saudi journalist's death - BBC,2021-02-24 08:00:00,https://news.google.com/rss/articles/CBMiWkFVX3lxTFBxUHJMQUNjWGxFS2x0Y1pKem54bEhkMDJJeXpGYk5aTWRSVUU2WllFeWJ5V0tFeUxkWHhHdzM2TVBMWkt5TG9rNnNST2VBS25VRDIzSlNOWWF5QdIBX0FVX3lxTE9rdVVsVEdZdERObG12YVdINi11UldQMXpqZnQ5M0RSSmtWV2JRMXFrbVppR2VmeWJ4WEx6NkE3SU5vMXl2X1FobzR5cUZ3dG5qcExMeVg0REhWYmRZQWJz?oc=5&hl=en-US&gl=US&ceid=US:en,BBC,-0.5994
Capitol riots: Did Trump's words at rally incite violence? - BBC,2021-02-13 08:00:00,https://news.google.com/rss/articles/CBMiXkFVX3lxTE10TjVCTkxSUEgtYm1jMHhGLWNtam9pSnVHUE9xSGUxRTR2WFhuWWt2MjM5eXFsb1B4alJ0eVk2Z2ZMd0Jha1Fpd245MlJoMXFDa1ZGVGdLUGRUNlFNSlHSAWNBVV95cUxQNTExOFJpcUE4TjhYWUVKcnpPenhlTjhudDg3NXpPV1Bqc3ZfdjZLSERkNE5nU2dvRXJwWFVvWEUyUjBNaFd2UlFxWS10aXNqUFBKNFgzMlljLXc4SjZnWDB3ZUk?oc=5&hl=en-US&gl=US&ceid=US:en,BBC,-0.8126
Facebook blocks Australian users from viewing or sharing news - BBC,2021-02-17 08:00:00,https://news.google.com/rss/articles/CBMiXkFVX3lxTE9Dc0F4UHFITHFDZHZfbzVBUDNDUFpiS1QxUHFnNWx6UzUxNmZkT2poLWp1R3ZreFM3Rkxjc2N1YUJscW1TNmt5Ry14Q2dXd2E0N0VvUERmT0lfWUdud2fSAWNBVV95cUxOb2lieS14OUg3S3pCRkJrSTlNSng5TEFWeE9uYXk2R3NpQlRXZmF1TnctOThLOU0teGZoRGo5bkE3VXExYmxQRWhsUW42ME1YZnMxd3JrNGVOc1czVE1SN1VkQXc?oc=5&hl=en-US&gl=US&ceid=US:en,BBC,0.2263
"Why China banned the BBC, and why it matters - CNBC",2021-02-16 08:00:00,https://news.google.com/rss/articles/CBMingFBVV95cUxPdW9STy1IRmhWT1l3MUN3NGhnLWlTUmhKRGNna2Vzd3ZTN3ZCSjFWbEJiTm9ycW1iaVRsRW5FaGdlYWZDdk1JUnVWTVp6TVRoZ19zMjN6SmRkZG52cmxwVTAzTDluYXVOMFVTck9PZWxodEhCcUllZkpRM1l6SVZGRGdGQWlFY3JlZEdqSkVnZWEwdHN3T1JDYUZscmJBUdIBowFBVV95cUxPRS1EcU1iWTVDWDljQXBzWWRiNEVESFFzeHBnT2p5a0h4eHdGbFJJYy1QTzd2aDJmVkZxRGRJZG9zaC1yRmltTjM4bkZ2M190UDREM1JGS0ZwYlltUU00YU84U0VMMjFVc0t6NjVMOUlibEFIWXVKTXhSSktlaW9xcGpweU9UclpmcnpBOEtkZ1JHU0VvNGtSVk1qSk1rSzFnZXkw?oc=5&hl=en-US&gl=US&ceid=US:en,CNBC,-0.4404
"Global Posture Review Will Tie Strategy, Defense Policy to Basing - U.S. Department of Defense (.gov)",2021-02-05 08:00:00,https://news.google.com/rss/articles/CBMiywFBVV95cUxOaml4U3RxcmhxdURCemx4SmpmMHQxN21BWjNDTWlmcU8ydkQwUmtuNFo3bXlQRHVlMFpJSGgtemRTVFlIMlN4OTZGbkhSN2FDbXkwcGhLY3hOSVhqVl9jVEtNYkNaUVdFX3BrRUhlOU5oWEhxa28tSFVYMGx6LUE5bDJhbHBKbDhWSm9qRGhFNlIxc0FBS25QN3NrQWlhLVZ5aEZMWDREaW5yUUliWnZ4Rnp6dDhVSklycXJhZlFSUm1ZSG1RX2dNb282UQ?oc=5&hl=en-US&gl=US&ceid=US:en,U.S. Department of Defense (.gov),0.25
Biden holds first foreign meeting with Canada's Justin Trudeau - BBC,2021-02-24 08:00:00,https://news.google.com/rss/articles/CBMiYEFVX3lxTE55VC01QVFHR0ZNdTlNclRfbVJKSkJodGxBRmJfZ1ktcHVmclNNeHQzNGtCcXpkVDB2bmFWUXFPdHBKcV9FUXpUUVFPeFl4QWpXVkl4OGlnSnM4czhiTUhfRdIBZkFVX3lxTE9KTzVuRVI2LTN4RzhVTnJGNGZDWG9GMHcwMmZMMlJYYWFQczM3YnRHd1ZOT2M1V2hKM1BzOU5rY2FYSHRmUDRUZjdvRUVqdzZHV3YtNG03UzdCTmtRRmh3YURoUHlfUQ?oc=5&hl=en-US&gl=US&ceid=US:en,BBC,0.0
News of the World review – Tom Hanks rides straight down the middle - The Guardian,2021-02-05 08:00:00,https://news.google.com/rss/articles/CBMirwFBVV95cUxQMUdvQnFuYTBXQWF4MzBDTUVrVG90ZS12bUF3ZllTdEpIR0ktQ0llZEhPWlBqVVpxUk5wTjBYS0R2MlVCbk04ZkI2UmVCN3hVUVhwWEk3Y196ZHZXS0Vsd2lZQk45Nnl3anM4VENGYWgxNkdVRWo4M3dCakZFeVE0YmwwcDlZTkNDNGo4SzRGZ2xPeWVhY2lZdjd6V1J6U3ZialNXMG5YYUxZT2wxOGJz?oc=5&hl=en-US&gl=US&ceid=US:en,The Guardian,0.2263
Breast cancer now most common form of cancer: WHO taking action - World Health Organization (WHO),2021-02-03 08:00:00,https://news.google.com/rss/articles/CBMipgFBVV95cUxNWHBockdNSm5UVkFreHZXUmlPbUlNVjJJQ1dKV2R2YWo3VGhPbG55MVM2S1BMdExQZUJxWTJrenROWjIzaHlZNC1LNkIxVkU0emI3UDRmeTd4Ui1zV1ZMYUJwb0xtalFMYWVBT05ncTgtdlZ0dTRfQjdTeTItNHpWR05EVDRMd2c0cHROankyYmxlSXZZRGhDdGxGVXU2TUNkZjVjeVZR?oc=5&hl=en-US&gl=US&ceid=US:en,World Health Organization (WHO),-0.8689
Whit Johnson Official Biography - ABC News,2021-02-05 08:00:00,https://news.google.com/rss/articles/CBMihwFBVV95cUxPSWd2OXJtZGVLaXg2UW1oTVMwQU5WbmJhaGFYTEpyNzhvT1pXaHZPNTlKeGsyeXJwUDNfSTRmVXRHTGRRV1NZZEdjekhJaU44b3pxNEVxVzdXRlRCV2dpUVYtdzBmMUZyR0FqbndNdFZkbGNYYUU2enB6N3dRYTRCLTJJbVloUHPSAYwBQVVfeXFMTlJ4d19VV3dkTTRQeHFlV3FiS1kwUnU1WVZiemNfc08ybzB6MDZVSjBpNVhwNnpOcUhjZmFBc1l6ZjBzaDhKNjhnUGJkTWlzUk1pLS11bzFua2Y5NTVEM1Ezd3dHR2RRUWtKTmRxbmZ5bmFUejZYT1ktTjNwc2ZTakdYUF9yWGtkMTlWZGk?oc=5&hl=en-US&gl=US&ceid=US:en,ABC News,0.0
The world’s first general purpose computer turns 75 - Penn Today,2021-02-11 08:00:00,https://news.google.com/rss/articles/CBMihgFBVV95cUxPdWJNSlBqWllSVDhtc09pSmNOQVBUTWJBMmhvWmpQcTdtWjFnLXFPVjU2aEpVVGExS2V4Q2RwLWJ4b09yTU5DdFpqb0p0OWNhMzFvanZuZzhTX1pGaTBOZGo4Sm44VG4zd01ZMF9WTGx0ZW1BVG41MVBDa2tzeGp4N2tzS1lvdw?oc=5&hl=en-US&gl=US&ceid=US:en,Penn Today,0.0
Hacker tries to poison water supply of Florida city - BBC,2021-02-08 08:00:00,https://news.google.com/rss/articles/CBMiXkFVX3lxTE9WYklFZHNmRWtVTXh1Z3pvX1M4M1ZUZ245WmN5d2dvZG44VzBWdDVaa2VpNDVtU1ZUNG9RTWdzQ0dHWVlyZ2FmRWtXUTIyMnFNSEM5ZU9RaWlVaXh5TVHSAWNBVV95cUxQMlhEY0pJazFPZEZIZG81Z2xSZ25sM21wYmd6YXVtVzFKVUE3VkV4Tmt3X1BoZ0hac2ZIR3NtSVowSzRqcWxrNUxyMlJSUk0wcDJTdl85WVY0UFR4eTFxWDhFTXM?oc=5&hl=en-US&gl=US&ceid=US:en,BBC,-0.5423
A&M-Commerce Nationally Ranked by U.S. News & World Report - Texas A&M University-Commerce,2021-02-01 08:00:00,https://news.google.com/rss/articles/CBMiigFBVV95cUxOSXBmVElBOVVueHFpTU5xN29vbTJrTEl4NDc5ZEkyMTRFbExmWE53WEJsb1loRUkxMl9HNmtBRkNkblhWbHJydUUwTG9fSEsxX2ctOV9FbG5vbzhudkVaVTlmLUtZSXpUVjZoNnRDOXdKd0N4TVhFSlprU1htQjJCa3dvOWRERUlSdHc?oc=5&hl=en-US&gl=US&ceid=US:en,Texas A&M University-Commerce,0.0
Myanmar coup: Aung San Suu Kyi detained as military seizes control - BBC,2021-02-01 08:00:00,https://news.google.com/rss/articles/CBMiV0FVX3lxTFA5WHNMR0xTc1lVZ21EbU9pbExmY1RVR3NKUTVlRHJwcDdHQlBSQnJUdUhQSFlVM1BSUHRTUlVDOThjbXJHV01pNkI5LWVJempVVm5hd25md9IBXEFVX3lxTE5sQ0tpclFlUExQcTJLWnJMMTFLNmVMWGNYTjVtY3BWRUJVQ09mQm0tMnRWV3ZJNWdPV1JmcFlaRFdoNk1DbUZRcjNueHZYNDVRcVo5aGl4aEFYRUJn?oc=5&hl=en-US&gl=US&ceid=US:en,BBC,-0.4019
Covid-19 pandemic: China 'refused to give data' to WHO team - BBC,2021-02-13 08:00:00,https://news.google.com/rss/articles/CBMiX0FVX3lxTE5jNUpKMVBxbGhTQTJxZ192VG5rN0tDYVB0ZWs5WndLc2hxSWhvU19RWWUzWkloVkc1TkpDVUZkN1ZQNlItYTdCZXBmcjZLMEVyNVNPUHY4anpzZU5pOVU40gFkQVVfeXFMT1FHZ1Z6Q01rVlFIVDVRLXNkdnRPd0ZMdHdqTWNWRWpfYUJIRHZyQmFzOEk3aVhicFhBV2g2cnVCMkh1ZHNieGc5NGdyVG4wMEV6VUxGZEdubF9jRDl2Rk10YmhSbw?oc=5&hl=en-US&gl=US&ceid=US:en,BBC,-0.296
Covid: WHO says 'extremely unlikely' virus leaked from lab in China - BBC,2021-02-09 08:00:00,https://news.google.com/rss/articles/CBMiX0FVX3lxTE1JdDNQNTJ4V1R6Rl9MNUtiREJFdVdEZzh4TURWU1ZYNktEV21fWFROMWl1QU1rQmRwaXJtbFJYTUwyMzhNUXVrSUJXYmU3ZkNCUjlFSDRJdkpYbUV5d2840gFkQVVfeXFMTzZLZFBrN1R1NlV2cVZieFRCWU5CalEtYlBLR0lVc1hhU2U5bWtHSk9Qa1JLbnF6a3hMY19kNVNqS0FfTklBaTlvVkVPc3BvUnVZUXJ6aDBGVWNZMkpiREJ5N2h0aQ?oc=5&hl=en-US&gl=US&ceid=US:en,BBC,-0.3744
"ABC News Taps Linsey Davis, Whit Johnson as ‘World News Tonight’ Weekend Anchors - The Hollywood Reporter",2021-02-01 08:00:00,https://news.google.com/rss/articles/CBMiywFBVV95cUxPWmNTT21ZTE03aHh5bnl2S2JkSjZ1RFB5M2NXSFgtT3lSNFlMQ0JQVTdaLUFJSzA3RjZtRVBydzEwZjVVOUsya3cxVzlsc0t2RE5jdnZQUnRVYnZHdmx2eEJtVWdPdG1BRUIzS1dZMng2dEdEemZOUkNNblA4SGE3U054TVRSUGxpVEtENVV0R0hmOUdfTUZYRTNXdDF1eUR5eGtqV3BtVTZMcFpOZUJUUXhadkg4QkdjYU1QX2JqTkgtM0dubEk3RnNBZw?oc=5&hl=en-US&gl=US&ceid=US:en,The Hollywood Reporter,0.0
New ministry rules set curbs on academic freedom online - University World News,2021-02-03 08:00:00,https://news.google.com/rss/articles/CBMid0FVX3lxTFBDTklSM3JKRHRWSmFmblh6SUZ2V1MwMDFsWlg2VXl6ME1vNW9Na215dnZfTmFfSUUxay1ZZkpnTUhOeFlMUDl0YVd6UjF2QThlTU9oRmhFbTBYc0xpWXRPWHNScWJ5TVdGM1ozejlpTU42bkE2OXJz?oc=5&hl=en-US&gl=US&ceid=US:en,University World News,0.6369
No-fault compensation programme for COVID-19 vaccines is a world first - World Health Organization (WHO),2021-02-22 08:00:00,https://news.google.com/rss/articles/CBMisAFBVV95cUxOeHZJS09xYkZZaXhzOURnVlMxX3ZJcXMzYTc0S1NtTHUxVHFYS3ppUWsxVnpwRHkzdE9mQjI4dC1fbTcyck1QT0hjc21RSEZtZ2I0R194SGpRRFYyNXZEQVNiYlg4TXBEbVdYT1RiYU42V3ZZVkhwNzRmSjNqNUxETVJxa0ctZ2Y3VS1sVUxkYXowRTdnTk0xckZKaGVlYzVydkxzcjdFVlJnWHQzN0ZSTA?oc=5&hl=en-US&gl=US&ceid=US:en,World Health Organization (WHO),0.0
Is Netflix's 'News of the World' a True Story? - Esquire,2021-02-10 08:00:00,https://news.google.com/rss/articles/CBMingFBVV95cUxPZjFfaXEyOEpGN1pFTnhmUFZOZS15SllsY3B3UTUteE5ZTmdqT2I1ZFJ1NDJ1eUo0dEVWb1lvbnMxU0ZsVk9iaExPM3J4STJNWk5xNVNqUlM2M0V0QTc5QjJIZF9aQnVDcGdsakdFcG9JcXFCTGdYT0Y2aTJNdnhIUkkxQW9zbmJvOFBKT1V1aUx3SjhqWUxKOEFETHo4QQ?oc=5&hl=en-US&gl=US&ceid=US:en,Esquire,0.4215
Myanmar coup: How Facebook became the 'digital tea shop' - BBC,2021-02-04 08:00:00,https://news.google.com/rss/articles/CBMiV0FVX3lxTFBhRk1kNEVmbE9waDhOVG5ETWE3R0tobTh4VlY5WWRHcXJGM0t6bi1jR3d5d3hpcU1LWEdTQ29xMk16aG51bjI4Ni1vLWZqcFpGQUp6Qy1MSdIBXEFVX3lxTE1uYmxtOW9IZ0s1MS1uXzd3OTF3aWdrRmI4VnhQUkp6VE5ndFUwRTVkaEF4ZDlnZTZ4NWh6cDhkREVHY0tRZUFwSDVJbUJ2Q0FuVXpIcjFIdnc4ZnVZ?oc=5&hl=en-US&gl=US&ceid=US:en,BBC,0.0
Chinese fast reactor begins high-power operation - World Nuclear News,2021-02-19 08:00:00,https://news.google.com/rss/articles/CBMilwFBVV95cUxNUjFnbjJwTzhNZGhSX0FQV01qRkdkY1JUc3J1cndCRGtXME1DQnNJYlM3dUM4ZDdJX1VMbXctcWRwNXZ5WXpGcWgzYUwtbjNzTTByamVBUV83T3NpbFk0NWtsOVkwLXpZcW5YZ3U4elpEejRuU1RhaG5BS0Yzd3gzOVNPSmExUUphNnlxT1R0cG14VG9qX2tn?oc=5&hl=en-US&gl=US&ceid=US:en,World Nuclear News,0.0
Canada's parliament declares China's treatment of Uighurs 'genocide' - BBC,2021-02-23 08:00:00,https://news.google.com/rss/articles/CBMiXkFVX3lxTE8wbVFwek1qVVM4d19pT2tiVGJMSGgtQ2NiY0k1MmdsTGVtU1VGT0ZsVkFMazFsNVBOeXZ5SzlvNEZ6SHY2YmpHVHJPYjIwSWVJazVsd2NlcDFlbTQtZWfSAWNBVV95cUxNRmgzQllTd1FkUkZkS1d3eDFXMWxqeFFJLTJwTjE2blVSSHUtd28xVDF1S1VpTFRpbUpoN1g3TnQwSmlneFdQMVlQNHZ6Rkd6eUdIamxpcGZ3aDBJUHRYTWYxUmM?oc=5&hl=en-US&gl=US&ceid=US:en,BBC,0.0
How COVID-19 is Affecting Companies Around the World - World Bank,2021-02-17 08:00:00,https://news.google.com/rss/articles/CBMirAFBVV95cUxQZnhCOU5udTdBNjg5Q05Mcl9kQWt1ZGtCcDRHNU9UbjBRdl9taGJiVXhCSVpBSzkyVUNwUF94aTBQRmNienBJRmJHRzF1enhCb0F6dUF3VGRCdFctRm81WFZ3eFQxOFVLLUkySkJqTndkc3ZiMVFhUE04akY0Nmw0T2tDdndMb2tHSHdMbjRFRmVud29qMldyTHNjLWk5TE1UN3FCaHlLdVB1d29t?oc=5&hl=en-US&gl=US&ceid=US:en,World Bank,0.0
Texas weather: Are frozen wind turbines to blame for power cuts? - BBC,2021-02-22 08:00:00,https://news.google.com/rss/articles/CBMiUEFVX3lxTE1pdDJoYVQzMm5pVHdPZmxQWkgxd1VJc0JlcnVNWVpTaUE1VUl2RS02WGw5cll0U0lqSERJU2JNNzlXY2VRTFNQQ1piSmZlSTZq0gFWQVVfeXFMUGhCRWhuZGdXejlKSWJnbzRHT3JORWRsaWUzTGl0dDk1VGRCNW5xaHBnVDdtOFZnNWJmMDR2YUYxbUpqSUd5TERtbWJkdDFOVUhhMXpYTWc?oc=5&hl=en-US&gl=US&ceid=US:en,BBC,-0.5574
China Bars BBC Programs After British Ban on Chinese Broadcaster (Published 2021) - The New York Times,2021-02-11 08:00:00,https://news.google.com/rss/articles/CBMifEFVX3lxTFA1X0pVRUM5T3ZiblRiV3BxZGhZd3FaQy02OTVmS1M5UVlNOWhxRThWcGQtek9tRmRKWEEtRkVFeDlKdDJOVnNmTDV5dERlZlFNc3ozVFFLSHVvb0dOTE1MbWZQRWhHS3lqQ3hJYmV3eERVNVhUX1JkSjIxeGw?oc=5&hl=en-US&gl=US&ceid=US:en,The New York Times,-0.5574
China promotes education drive to make boys more 'manly' - BBC,2021-02-03 08:00:00,https://news.google.com/rss/articles/CBMiX0FVX3lxTE5KMWNUVXFFSE5yOHpWaWpOeXNCNFFwZ0JFWmpCOHJET1p6M3pJWHVaNlVwenUzVk5peGtMWGdaZEtyRUZ6ZFhpWnZzYVpzQ1JlcXliazdobFRZS1BGb3Qw0gFkQVVfeXFMT0diMGhZdWhXTTdiM29tMFJnMWp4c1haT0h1SkhZMW1iaVRndENNWURPSXJFejNJazRGWkFreXFGWTdsaUgzbWd2cmFrNXlzbWFnYXd2TzVYdUgtZVRfVlhGaWZMag?oc=5&hl=en-US&gl=US&ceid=US:en,BBC,0.34
World Cancer Day: know the facts – tobacco and alcohol both cause cancer - World Health Organization (WHO),2021-02-03 08:00:00,https://news.google.com/rss/articles/CBMiuAFBVV95cUxPNUlWMlFEU1dwRTg1S1NGTjRNX3RPbGdNVUh4N194M1NXU2taY1NQellqdmo0Q3dQSFFGclYwd3EydjhXbHVDMHNkY2lpNXp2OFVVMHhJWldxQ295V0U0aWdKbkNSdmhuZ3F3ZktzTGU3Q2FoZnU5eGJZYlE3Q2g1N2pJcjV1WXhmZzlaOXJhTVFHNmQxWWxianI3RGNveFgyc0hwX2R3eTNyRDV2anBpR1hndU5ad2dl?oc=5&hl=en-US&gl=US&ceid=US:en,World Health Organization (WHO),-0.8689
Australia news code: What’s this row with Facebook and Google all about? - BBC,2021-02-18 08:00:00,https://news.google.com/rss/articles/CBMiXkFVX3lxTE9CTGVIZ0xVbVBhMWJQY0hZbXFjWkxhS2lvNGVHMXRqZ3k0djJIa2czV2ZZVTRqdGwtVjFEWGg2VmFsbkZVcHVmZ3J4ZEtjQ3U4NUJDZzV3T3k3dUQwZFHSAWNBVV95cUxPVWZlVmM0ZXVZVGFHN1JQcm9QOE5tSzZXMVIzLXBNaUhPZWhDbUZ5NVNzT3JWeGlMUmN5Z2FobjEzNnVzby1jclJONTlxZndfWFUwdGY5S1VLYWZmdE80LUNiQjg?oc=5&hl=en-US&gl=US&ceid=US:en,BBC,0.0
News of the World review – Tom Hanks fights fake news in the wild west - The Guardian,2021-02-14 08:00:00,https://news.google.com/rss/articles/CBMirgFBVV95cUxPcDJqelQzUUphdmVHcGJ5UjhWNUNWSC1zZWowcTJvXzVBTlJCUXJ3dTlRWDJxbEQ4eF9Od0hJRUFEX1hjbC13SHVfb08zcGFGZlJvbl9CWTZXY2pHWGFPTGY2cUEyUVVwN3RYWTVmelNzcjROR2t3d0NYOUE1M0FTbTdVRjIwNUpEaG1mQVZ2NmpSRkFPRWdjTlZqOEs1Z2w1dGpXOURHN005Wl9FQnc?oc=5&hl=en-US&gl=US&ceid=US:en,The Guardian,-0.7003
'Smallest reptile on earth' discovered in Madagascar - BBC,2021-02-05 08:00:00,https://news.google.com/rss/articles/CBMiWkFVX3lxTE1naVBSdlI2TnhfQ2dmbjJzUzZqS1ZwWDdQRHlSTTk0OFU1M0pmc2lUb3c4V3RiWG5zdVRHX29FY2NLN01uYm9mSGoxTzFqV29oZ1dWRmpvbTRkZ9IBX0FVX3lxTE4xaDh1Yy12Y3EycnM4OGt0MzVDMndNMVFETkc2RTJpQjZoRGJMTWR0TXkzb3MyMUsyamJ6X1JSS1JFdWxDZjAyU2lxTW1VQjZFMUc5MXlvcEJGTmZoQjdR?oc=5&hl=en-US&gl=US&ceid=US:en,BBC,0.0
Erin Kennedy : changing the world with rugby - Olympics.com,2021-02-08 08:00:00,https://news.google.com/rss/articles/CBMia0FVX3lxTE1hdWE4NDRXNW9aN0hHZEVIWGVnVVlpWEpVLUl2ZU10RExHWEkxbjUzSk1ibXluQ2lJaWVtUktWOVVLTVZJZW5fcU1qT0loUThDZldEVFdjY0tLMVRHV2RHeUlqTFVrOUZNZGZr?oc=5&hl=en-US&gl=US&ceid=US:en,Olympics.com,0.0
The myth and reality of the super soldier - BBC,2021-02-07 08:00:00,https://news.google.com/rss/articles/CBMiUEFVX3lxTE00YzB2WlBKek1VSm9vRXZxdm5OT1JiVENGVno3WDV1MWpCVUVJX2t4VFVWaXdsYzQzTWVyNm9FcUFfelpHVHp1WDVXN0twcGFS0gFWQVVfeXFMTUl3WXpDYkE4RkhzMUR1Tkx6LWJYSUczY0lfTXFxWUMzOGU5QWxhYUJ4RVZOTHJFNFN6cmtuT2pKcFhFM3R3d1pJR1d6ZlA3SGdVSzVIUHc?oc=5&hl=en-US&gl=US&ceid=US:en,BBC,0.5994
Covid: How this Indian firm is vaccinating the world - BBC,2021-02-27 08:00:00,https://news.google.com/rss/articles/CBMiVEFVX3lxTE42c1BnVmhEaE5vbnAzUGFyOTlqOWZDeUxtZzh3SktpT1JsZDdRMUVvUmd5bU4yRHd1cWdKSFEyU2lFNm1KM2RSOUxWekZ4OEV6dmx4U9IBWkFVX3lxTE5DX3l3MmNRUkJZRXc5X0pCQjV1NzV5ck8tMjdLS3RPV0JoQnhKcmNxUlNPcDFnMk9MZGhpN2ppLXZSZmVUY1NzcTJXUGxCVDE0U1QyTEtCRDh3QQ?oc=5&hl=en-US&gl=US&ceid=US:en,BBC,0.0
WIDE WORLD OF SPORTS - East Carolina University,2021-02-22 08:00:00,https://news.google.com/rss/articles/CBMiY0FVX3lxTFBRQkd2YndYZmZObldtZnJURjBudzZhZUxNRE5NVG94Sy1veWloTVBGSGk0QjFXQ3NzekJtRkNKR3FYSmxiVENmaDV1VTlZRldOSDktTDN1ck9sandDM1drRVZOdw?oc=5&hl=en-US&gl=US&ceid=US:en,East Carolina University,0.0
Broadcast legend Carole Simpson reflects on shaping history - ABC News,2021-02-08 08:00:00,https://news.google.com/rss/articles/CBMisAFBVV95cUxQNWlqR3FVdlVUdlNXUjQ5M0lMdGtSekRZUmVuTk5KMmFLVDBhbDBpaTBSLU81Qk9jVWMtd1hRVzI1c01Iek13ZnZWYzF4cmRvcHBSdUlISlNuMTlSaENGRk9tdjh1X2pqeXUtd1BNTTZ5OXBJYThNZVVJNFZzQ1RIcDVrZTJRYm5mWEFiam5RdDY4SVc0ZDdfWkVfN0hHZDJQRWhuWXRIUGFsTnJjNl9EMNIBtgFBVV95cUxONG1DejNvdFpKdE1oYzc5bXFmYndIcEFlWmgwTnhjWTdwTmpYMnRWTGJXU010bFh6Z2RxaTJ3S2M3TmtiMnB2QUF3SFFfNC1KZjIxVnE4aGFfZ2p4TWdNVVJHZE5OVGp0VUM1YmxWSzNqN0VFcUpRU09vQ0xLUDlpNE42UUtmM1M3aUFRZUVXeEptYU9PWGlXT0dNZUN6TVg1dUNDaDBQb2dWRE5tM2FxUHAwUWxDdw?oc=5&hl=en-US&gl=US&ceid=US:en,ABC News,0.0
"Akkuyu construction to be completed by 2026, says project CEO - World Nuclear News",2021-02-10 08:00:00,https://news.google.com/rss/articles/CBMilAFBVV95cUxOd2E3V1VMMWx2YThXV1J4Snl1ZVlPSDBlQk9YNk9IRjRqb3V0OVo0dnFzcTZnWFVkTDNwWThKVENEbWk5cUFabmN0YzlXdmZjTWoyT3BRZ1pwb1FVeUNjSWVDR3pNNzlpZnBSdUc2UmQ0SGxsOHNpbVdYbHBUOFQtaDNtbzRVRkNfb1pxcFpRVHd1VXdR?oc=5&hl=en-US&gl=US&ceid=US:en,World Nuclear News,0.0
How will Putin respond to Russian protesters? - Northeastern Global News,2021-02-09 08:00:00,https://news.google.com/rss/articles/CBMijwFBVV95cUxPZkNCejhxVDJ3WDBYTVU5TklNa1d3WXliMWFfZHZwa3RxOVNqNFFLOVZXSndMWUFGNnFOU1U1T0FzT0dVbHlFaDJGYTlwalQ0MjJMdzFwdXVjSm5iS01TcTJvb1hnOG1RRUJjTmhYb0NjdjZwN0p6T3dPRlNUMlV4LW5ZMlFQOWRTbkh6WUt2aw?oc=5&hl=en-US&gl=US&ceid=US:en,Northeastern Global News,-0.2263
"Returning to global stage, Kerry to remain campus presence - YaleNews",2021-02-09 08:00:00,https://news.google.com/rss/articles/CBMijAFBVV95cUxPcWhTakE1U1doNG1DdV81aHlDQjNkQ2dneHRzMFN2RjJDb2VMR2JLcUtzN0F5SEtIMHRXVXpHQW1EaVRaRWt5VGpYZ3YtREVqS08wT2lfcFhlUVp5bjI5QXRSdmRWSEtIOTF4WXZPYUxDSV91ZXA0NUdmeGVySE1KQTJiQXlGWGNseDVCVw?oc=5&hl=en-US&gl=US&ceid=US:en,YaleNews,0.0
The expulsion of Jews from Arab countries and Iran – an untold history - World Jewish Congress,2021-02-02 08:00:00,https://news.google.com/rss/articles/CBMiswFBVV95cUxNRTFTck9KS25MYU14OXpNVmU2REZCQ252RjlESHo4am1LSWdlak9CSHVzcl9nRlUxUndiV3h3Ui1TSkhnZ2JRMXhMQkkxR2w4dnRYbFc0cnVWVjNFT1Y3Q3ZvZ2JjSDk4U2YyT3ZlOVBQUnFqY1pTdWxuX2cxbXdRMGpCSUV6VzVBZEVieDQ3Z1lhQ1ZjdTExcWxmUVhGdzJlT2RLYmhyd2NhMkRWNVU4ZDg1aw?oc=5&hl=en-US&gl=US&ceid=US:en,World Jewish Congress,0.0
A Recovery Plan for the World - The Recover Better Together - World Health Organization (WHO),2021-02-23 08:00:00,https://news.google.com/rss/articles/CBMiyAFBVV95cUxNQUs3R1JXV3dJak5YVnJXWlk2NzF3VnM5Z1pDRjhWanVGTnpNYjRocDFvQ3JPMktiR09kSFVTdW43aUZNSl9iQksxRGJ3cFdiMm1JV0JKSWhMbFNRQk1PZy03UWI1a1RlNGtDNG9XeU9UaE90a0NYakotamxLVkhBelEySFpQenVFUTJXd00xYnIyV1lSZFRpVEljRGVmOHc1SHJJZDM2VElZbHhVakNpRDU4RUVQcXh6MXphSV9sZlMyblYxYTJSTA?oc=5&hl=en-US&gl=US&ceid=US:en,World Health Organization (WHO),0.4404
Amnesty strips Alexei Navalny of 'prisoner of conscience' status - BBC,2021-02-24 08:00:00,https://news.google.com/rss/articles/CBMiWkFVX3lxTFBXYnNqN29VVjNBUVpTWmdiSUxkWUFSUzc3ZENkdm5aRldXVEVCa2ozaUNyeTZGNlJ5S0lZc3hBbW44am95QkxoOXluVEFxZkZwOVpxNzdMencxZ9IBX0FVX3lxTFBRc05kSzBMbUJ0M1pHRV9zZjJmbzdwc2NQcFQtYXBxdHhPYm5sTUVEUGtwTTBLUGwtMzRLSGtDS1FJWGk3Q05rUUFZN2hYWk9ZTEQ0UnFBRnEwV3FOSmN3?oc=5&hl=en-US&gl=US&ceid=US:en,BBC,-0.5423
"Twelve million Syrians now in the grip of hunger, worn down by conflict and soaring food prices - UN World Food Programme",2021-02-17 08:00:00,https://news.google.com/rss/articles/CBMiqgFBVV95cUxQLTNXNXBETHF0QmJUak1uTkZaYXJsTzJLc0VuMkl6WG9kOGtXcVJDb3piem5QRE42d0NhNjhtWUlCeVEzTTVrNFYzTTBYNDJpSlR1ZVpZN29WUHVUZEtjWV9kSUxTcUd5WEhwcmxyQ1UzVk5qRmNqY0JsVjNoYWF1WjlNYmR4ZldpTmxBdTRTZWIzeFdHS05tTWZNcWdTcDJDTlh2T3BVeEROUQ?oc=5&hl=en-US&gl=US&ceid=US:en,UN World Food Programme,-0.6705
"COVID-19 oxygen emergency impacting more than half a million people in low- and middle-income countries every day, as demand surges - World Health Organization (WHO)",2021-02-25 08:00:00,https://news.google.com/rss/articles/CBMigAJBVV95cUxObE00UGxkUUZZaTB1a2NQdk1YSlB0cEYyUzhUTWItQmRPQ3dYUVF3RzdBTm8yUHZ3UlJ0WkpRb2xUX2VYNVZyaTlQcGdqbXNGaENZUXl1MEdKVUVvQXZjZGNETERTNFhSa3BSVVlTUW93NmpOWlBKSElEZ2NwTXdyZk1JenFZQkdjVHNSODFIZ1owVm5UWG1sT0NzemlGNVgwT0c2V2xlZzlaRmJYMmdORWxXYWZTR0w2RGlGVU15VUlUendSN2lkRUhyZ1Q2cTByMl9MWU9jM3lCSmhtMzNJRkJDOEE4a1BkbVQtZ25jV21fbFVlNng2dTFjNDIzOTE0?oc=5&hl=en-US&gl=US&ceid=US:en,World Health Organization (WHO),-0.6369
Construction licence issued for Russia's BREST reactor - World Nuclear News,2021-02-11 08:00:00,https://news.google.com/rss/articles/CBMilAFBVV95cUxQTDJXQUQ1aThCNHBRcWxNS0tKN1JmcUZheHBiM3o3RC11dmRBZkx3ZEVJMEN3bjI4Ml9vdjhnVTRnV3l3d0ZLSFZzRTlaYWhzcjIza2xvYldiS01BaTBSdGVRblo1YmY2ZEpKSzFFUG9rUDdackM2NnlpTmxoaGRvTFZlWm9hY0YyNTdzR3pkUjM4dV9m?oc=5&hl=en-US&gl=US&ceid=US:en,World Nuclear News,0.0
"COVID news: 90,000 more US deaths forecast; world's herd immunity - USA Today",2021-02-21 08:00:00,https://news.google.com/rss/articles/CBMixwFBVV95cUxQMTFCMjFYWWZudjlGbl94TGJic01wV2NfZ211VmRLZ21QQVVHWG5nMkQxVzJhRDFpSXUtR2Y3LVZNZFFHT1AtaXFzamtneldGTUtlOEJUSVRRb3RBclN2OFk0bFNBcFBSNl9LclF6YjFhRThoUUZiT0hpOEtBNkE5Z0JBUm5XV3ljOXpYSmozM21xbGJZZTdsQTI4Zm1XOUJ5UzdqTmhmMlJrbUtrejA0SUFZc2JkcC1nRVRVYXFXT3hFZmVLLWdZ?oc=5&hl=en-US&gl=US&ceid=US:en,USA Today,0.0
US implicates Saudi crown prince in journalist Jamal Khashoggi’s killing - The Indian Express,2021-02-27 08:00:00,https://news.google.com/rss/articles/CBMiywFBVV95cUxONklwRDhtWi1wSUk3cHJnSE1tbnNVMlF0enMxcGZNYlZLOE1SZm52eV9XTXA1bXNJcGwtNWc4R0x6ME5FVm90S2VwV2J3cTgtc1JmVkpLeXNBNXpiaGZHSWt1SHNPSVVmaWxwTXU3aTlMaTZDdVNUemZzTDE2R2RHaDM0Yms3blVxbVVaMXhYU3lwRW4xMkRVT3dXRUc0cXBHdG1GamJYRTJLX3YxM0pHQzNvamhWaWVLdm8ybHFHZjNtcVkwTWhkUDJkRdIB0gFBVV95cUxOSi1FZ044a1lvVmN6b3h0WTl0NjQzRnVZR1lDSldfdk50QzdNQmF0TFlpaS0xcWVaWHc5LUdqZjZMd1RMZVYyNGVheUpwd1Z1OUl1QTZlZmNaSE04QkJyV1hzSkNqd20zTUNqdnFtQmlMV3pta041OVpZdlEyRy16RHBmUlJTN0R2c2Z3bzJEZ0c4dDVvOS1NS0FUZ1BHX25QYkNBUGdtVFc1OWdNaXJmeWVlZnozN1pKSm1PUEV4MU5haC1pczdGdDczV2g2bkhYSkE?oc=5&hl=en-US&gl=US&ceid=US:en,The Indian Express,-0.6597
Sports Heroes Who Served: Baseball Great Jackie Robinson Was WWII Soldier - U.S. Department of Defense (.gov),2021-02-09 08:00:00,https://news.google.com/rss/articles/CBMi1wFBVV95cUxPa0JWa09sNER0cGZMQ0w5Nkx0QkZBeGdOVjJ3N1dDVG1hTGpPdUxHMEZBSUhnQzd3ZWlaTkNScG5MbWZRb3dyMS1CRE1Mc1J0TkNEeW9CUzVfTGgxNWtjaV93RUg1VzhjYlEwOGJyS0NqbnpjcDdmT3oxZ0EyTkVoQ1NtUVQzNWE5WUp0dG5iUG9vbThiNm5oNTkwQ1hNZVYtbkFMMXRvcXdES09jaC1UZEJMdDFnLXU5eTZLNmhwdWs1RURROWdaZmZsOUZUdmNObl96WVk4aw?oc=5&hl=en-US&gl=US&ceid=US:en,U.S. Department of Defense (.gov),0.836
Mapping coronavirus anti-lockdown protests around the world - Al Jazeera,2021-02-02 08:00:00,https://news.google.com/rss/articles/CBMioAFBVV95cUxPT09KNUNmVENGemFxMlVTWkctcHF3SVVnVVlkMUpONC1KekFEUE0tV013WFNNUXFoVVJ4aTJCS3Biblcwb3Q3Q3VtRURNN092QkJ1dWRKQllFR0tYdGJZMHl0MjdjeGF2R3lPT2VxcFNPVUFPaXZyV2I5aW93aS1zUTNSaUhmQXNrTjluZ3BnN0tiQjh6VTlqSFk2OUpYcWFn0gGmAUFVX3lxTE4tQ0xBNHhFWEJuaGNWVU42WTl0NEUwRjhibGx2di15UF9YUmN5V202TGxoV0VsTXFEQXdQa0d5Q1hIVXZ3dEg4eW00ZmEtb0k5YnZQNDRVWTl4d1dKRWx6eVJfWkliUG8taXlpbmdIWXNNdjNpNVJndi1jVTJud0tqTU1BOENXRDlGN2thVDd5NjMtQkJhcW1OOVhJVkN1R0FVSDFQeXc?oc=5&hl=en-US&gl=US&ceid=US:en,Al Jazeera,-0.2263
Has China lifted 100 million people out of poverty? - BBC,2021-02-27 08:00:00,https://news.google.com/rss/articles/CBMiSEFVX3lxTE9XMm9YQ1NtelYwMl9kcXZfQXRVS3AybmhiSWFJWlBIM1E3MzFGN2ZkdHBCWFc3ejIwMVJHN2pGYW5VTVZPelIwQ9IBTkFVX3lxTE1yTW9fYzVRQ0VFaTV4cnpIZXJSZ1RBYkppMzQxdmZkQUpGa2x3Y3l3Z2pwVE9VT3FIMjZabmo0UVU4Rk9pOFlTLVd1eEFJdw?oc=5&hl=en-US&gl=US&ceid=US:en,BBC,-0.5106
Covid vaccine rollout gives US hope amid variant concerns - BBC,2021-02-07 08:00:00,https://news.google.com/rss/articles/CBMiXkFVX3lxTE9tenNTMXlhRW5ucl9VMHBTdlFES2VUOFI0S0JoU1JTX0NmbE55cVBnUThNLU05X2daOFBqOEVsUnJtVTQ5UmZESkF1enpaSEdBREdSaVJOck90Ni02MnfSAWNBVV95cUxQN19iT1ZHUDVUWVYwdUxPZWNpbWFLZzlpX0FjS3VLTzZUVjdEVE13QjdhY3hYam1jSEhFTlM2NlA2V0ZleDRKNExFdWtUWVNVTzBNc0tPZW9iVU1PczhxVlZLdlk?oc=5&hl=en-US&gl=US&ceid=US:en,BBC,0.4404
‘We’ll be left without families': Fear in Ethiopia’s Tigray - AP News,2021-02-11 08:00:00,https://news.google.com/rss/articles/CBMimAFBVV95cUxQSW1TM1gtMlZlZ0JJZVVvRUtqOGpBNkxmSzNLdjZDYmw2a01aajhiaWV5UjY2a0ZLVVJ6SE82TzRKWERFc2RjeTZBQ3doVmhtakJKTWh1WUdYbVQ4bko0dlRBZTF4NjVxN1FiY29aTHVWMzJYcTZwTG5aNjFHdmpaSzNtd083RW9udEVibk45ZkszaVB0eDVBYg?oc=5&hl=en-US&gl=US&ceid=US:en,AP News,0.3875
ECU alumnus Steven Guillory Jr. earns world safety award - East Carolina University,2021-02-02 08:00:00,https://news.google.com/rss/articles/CBMikgFBVV95cUxOX2F6OHVZcmhjRmdJN3VoNEZyQkVzMlRhZGJSRTFKMlE3bGJRbmt0d3duMWxFeFZLRThhSjNpOERxRDV5ZHZ1MlpEU2l1a3VLejZqeXBTTVE3MEJXdnMyMUVYLWdaWmh5T3Y0am5fWGFpZGRYWXBqS1gyQktGRFRXbzM3RFgzeWRDSHVlZDJVMXE4Zw?oc=5&hl=en-US&gl=US&ceid=US:en,East Carolina University,0.743
"'Putin's palace': Builders' story of luxury, mould and fake walls - BBC",2021-02-11 08:00:00,https://news.google.com/rss/articles/CBMiWkFVX3lxTE5GakF2V0VIX005bjZXQ3RsWUxMczkyUnBGMXJjWk51b1VYemRNdUU4N0hxSU9xQnZNTXBOOUFqX1FTZElIQk90T1RZQ01yMEczYWFkd1ExQzlLQdIBX0FVX3lxTFBtRWcxTXAwVS1iTFB1SnoyMVFfOFB1UTBNZmxhZjZIUEUzY1NvZm5NRG50a3YtNWNfOEJRUlRCX3ZfZks1RjVHWHpIT1BFTDlIZ3RGczFROVUwSC1DaTBV?oc=5&hl=en-US&gl=US&ceid=US:en,BBC,-0.4767
'News Of The World' Production Designer Maps Out Pic's 300-Mile Trek - Deadline,2021-02-08 08:00:00,https://news.google.com/rss/articles/CBMi0gFBVV95cUxNdjE3a0c1bGdIRUt1dnNXZTNCeDZWR0ZMNC0xZktwbkZ0dmplemV4eTNsVFhzQWt5ZTB3TjlDTTVmWS1QNUYxdWlIUl91cnJYeTE3YlpmbUhmMi1LbUpFU2hMQTJGT1Y4bzVhRnNBMWpaenhOSm02NktxVU11eTZDb24yR2hyMDdzS3R0OHpfRjZuMlRBY2FJQmdDUm1vTGpjbUZRbERhV2kxSERPNEFEWXZXcDdkWmdkNHVINGxtRjlVUm1oNXM0aE9ZV2JZTnRQQmc?oc=5&hl=en-US&gl=US&ceid=US:en,Deadline,0.0
"German, Canadian reactors set new world records - World Nuclear News",2021-02-08 08:00:00,https://news.google.com/rss/articles/CBMilAFBVV95cUxQdDNqZlVYWXNkcVR2ckJGX1k2aXdhVXlXSXZmNlg2UEt0ekZmSm9IRkI3ejVYaEkxeVhySWszb3RZT25ZU0lRMGktTVFLRFRlRlJiaFdJRy1LZzZLaDZYWmxGOU9XT1Q0TnExaWQyQUk2ZXVId1UyeGdqWnpCQU1sNmhFOG5RRnRpZEgzc09FM2FNX0VG?oc=5&hl=en-US&gl=US&ceid=US:en,World Nuclear News,0.0
Doctors hail first face and double hand transplant - BBC,2021-02-04 08:00:00,https://news.google.com/rss/articles/CBMiXkFVX3lxTE9LaHZtVVJUVEh5alpnbDY3S2lTSTFpb3kzamJqeWNwSS0wSjBFWFVPanV4R3Jrcjd4ajlQS2dwZ1d0UTJ2ZmNxVXRFZDhRQ1JsWFlfNTBqcUNFYi11V0HSAWNBVV95cUxOTEVGV0xscUgzaG04RnZjVVRTcnVQa2NNb2J3RGJfb19TdUZnUC0zSlphZEhMS19iWUZ4cVJCOVdtXzU3S3htRVo0VThiMjlWS2hBVlhYZ3ZiNVp6d2ZNR29pZjg?oc=5&hl=en-US&gl=US&ceid=US:en,BBC,0.5423
Improving sanitation for the world’s most vulnerable people - MIT News,2021-02-23 08:00:00,https://news.google.com/rss/articles/CBMiZkFVX3lxTFBwM3RicGxnQmlKcGFiWUFpQjFyWVVmYXJoVFlkUEVadDI5T0luWFJPSWNKd2NyWHN3ZDVsRVprdmJjYXN4VUhKS0dPODliamxUZTdXeTlXbUZDSzdCeHVaVXpLWkViZw?oc=5&hl=en-US&gl=US&ceid=US:en,MIT News,0.1548
Biden takes first military action with Syria strike on Iran-backed militias - BBC,2021-02-26 08:00:00,https://news.google.com/rss/articles/CBMiYEFVX3lxTE9xdWg4cWczNVhGaUFrRTlXNkpaWmlaMDZ2M21VdU1qZlVnS1hmbkRCQVRFT01jaXh6MEJ6a002Mkt0OFFMQUlUTUtaUFBXQlYtX2dOcVQ0THZvdWFsUmRxatIBZkFVX3lxTE1ON3Rra0lON0VuTGxQVTZpZEVNNDRFdTl4aEl3RjhyZTQxc3p6M1pObzQtSmwtajF5QVFxQ3ZncEQyYjl5cElLMDJXcW5vRzh0cWhmMzBEMzFUVGQxSE0wRWg3NVl5QQ?oc=5&hl=en-US&gl=US&ceid=US:en,BBC,-0.128
U.S. News & World Report ranks several College of Business programs among best in state and nation - Ohio University,2021-02-04 08:00:00,https://news.google.com/rss/articles/CBMitwFBVV95cUxNQUZOSnp2dTEtMGFOVmFsN2dXVi1qWkpZWlhoN3plMDBLMWphTmxGc2g2YTJtamxydzYxN296OTR2dVhFUmV2c3p1aFRIRjVNTnFidDRvaWQwaHJQMEdlMzlBSEM2c3g1UW01bk00eVRjUEpoQ2ZUWk15clluaHI5aXdocUdVTHdPQ2trU1JqRnA5MG5ySEQ5clMyRUFRTTllSWdIa3p0d0w1SmhENlZBUXh6VjNmOVE?oc=5&hl=en-US&gl=US&ceid=US:en,Ohio University,0.6369
China's Xi declares victory in ending extreme poverty - BBC,2021-02-25 08:00:00,https://news.google.com/rss/articles/CBMiX0FVX3lxTE05eE1BaE1xVlBJS2VVWC1FaThmYVltN0p0S2xOVzdpNVNkTDJNdnNRX1YxZW01Q0xiT2VXeXJ6STlLVmtTOHNTVkkyRF9EMUsyeVRMcFJiTUQxMnBrX1pn0gFkQVVfeXFMT0xpZ0Y5aU1hczJyVWwtUjVrWW5Na1FYRkJXSlNOUlI5eG4wb2R1d3cxOTVMZndxd3lFTmU0c3ZtdzhORnY4Yy1kdjJicWFZR2Y3bUdCaFhLRmwwdDByTzBJeDRZMA?oc=5&hl=en-US&gl=US&ceid=US:en,BBC,-0.5106
Covid and suicide: Japan's rise a warning to the world? - BBC,2021-02-17 08:00:00,https://news.google.com/rss/articles/CBMiV0FVX3lxTE02QnFWQl9yYldTM3M5NVBnMG9vRmptNXFUUFRJc2FGMVlwZ1lOQ0lsYzN0YUZoSUZsbXk0c2pUTEFYTjM1RzlJWGx6OUFFeWNGcjEzZ3pqQdIBXEFVX3lxTE8xcVlNcVVrQlZqVHE3XzVmend4UmFrYnpxOEF1WGE0Z2lVWV92YlV2TTBkVE5VM0I5ejNINTFGa3hqVkdNbUQ3dGU2VG95YVNVSHJZQjZXUDdJcm5v?oc=5&hl=en-US&gl=US&ceid=US:en,BBC,-0.7845
"'News of the World' Newcomer Helena Zengel, 12, Is the Surprise Princess of Awards Season - People.com",2021-02-04 08:00:00,https://news.google.com/rss/articles/CBMisgFBVV95cUxOMEVLb1E0Vk1RcUR1X0ZNV1FZYWZTUzAzMXpndzFkLVN1bjhHR3lKVmhQbEJZTnE0akJHUnBlZENsZm1SY2dTbmRXcnRnTDg2YnVwR2hUa0k0el9QWXcxMEl5bGtsRkNRVTk1RnRpbHdvN2MzcXo4WnVhSmw0b1ZsZE5KRi1ma3IzLU12NTl3bWxmOEQzT2luT2hicXFNdW1PSEZwT0libWhwd1JRa2N5UHFB?oc=5&hl=en-US&gl=US&ceid=US:en,People.com,0.6249
Covid-19: World's first human challenge trials to start in UK - BBC,2021-02-17 08:00:00,https://news.google.com/rss/articles/CBMiUkFVX3lxTE9SWVlJZHZtaGl5NG1UZTFqX0hxTnJMTm5wY1dISmFLWFJ1aDZqWFA0T0ZpSUkxNXptUEswZXpzUVdSQm1SSW1wZUxQWXNqN19EYXfSAVdBVV95cUxQYnE5MzdBd2RvREYxS1RlbWgtSUpwbmI4LUJRRkxXRzgxQk05UUt6amtPbDhuNWtuTDJPMDhCSk9IZTBuemMzcVU1MEUxWDFHNFl0NHBuTm8?oc=5&hl=en-US&gl=US&ceid=US:en,BBC,0.0772
Myanmar military coup: 'Our world turned upside down overnight' - BBC,2021-02-01 08:00:00,https://news.google.com/rss/articles/CBMiV0FVX3lxTE8yajAxY3ZKN0hkOUNhd2dxd0tYY2FLSkRKRnZsX1YtWVZTQTRid1dKWkc0di0xNXoxclhVdDktQ3Rrc3pYcE10d1M2T2laR1FyYTJIOXFiUdIBXEFVX3lxTFBCek9xX0FDLWg3aVhOS3FIRW9OWXZyR044YWFBWDVLUUM3Qzd0X2NKMFNLYkQxVElBZ2pvb2RFUUcxd0FoVmtDTURfR1QwbzIydllsMEJ1SXRpUEZG?oc=5&hl=en-US&gl=US&ceid=US:en,BBC,0.0
I Will Go Reach the World! - Adventist Review,2021-02-07 08:00:00,https://news.google.com/rss/articles/CBMia0FVX3lxTE53eE8zMHZRdTZnMzBHb29nRG51QVVSNW9FbUI4MmJwUHdsT0ctbFhadUdaN3RIUDZZcEE0UDEwRmoxcXRKeVp4R2g5X2NYU1VhcS00RFRRSFBOeEdITXBwdUpxUkN3NGNza2hv?oc=5&hl=en-US&gl=US&ceid=US:en,Adventist Review,0.1007
Facebook reverses ban on news pages in Australia - BBC,2021-02-23 08:00:00,https://news.google.com/rss/articles/CBMiXkFVX3lxTE81TWJYUWhpSk94NDJSckJTcVFzN2FYTGtZX1dnU1JOZXJFbk9HeTdHdVhvMm85VVUyLXpicnJldkdDTExKNGlvRldJZkZiSy1iM3lXU3AwR2lzd3h2RlHSAWNBVV95cUxOb3RSSkhRRWQ0Smc5bmVMdVlURVFSV0lNRE5TTEFucFVnalpqY29qN3VhNHpOaGlUUVBMOFRMUXlrRmVvdnlBQVQ1WF95QW5ES0c2VWEwS0QyVGgwQWxhTTdkN2M?oc=5&hl=en-US&gl=US&ceid=US:en,BBC,-0.5574
News Of The World Review - empireonline.com,2021-02-05 08:00:00,https://news.google.com/rss/articles/CBMib0FVX3lxTE91enVyX0VNOTcxSjVJUlAtRE5peDgzOWxETG0xVVQxNy1xOF9TeUZPdWtFaHQwZHZiOVA1WTNjazVDZlUzS1VsMjBwT1NQWGNhRWVuazYyaG5uQ2Q2RDMxQklhNjRVZnpwNGViVE45OA?oc=5&hl=en-US&gl=US&ceid=US:en,empireonline.com,0.0
"Linsey Davis, Whit Johnson Anchor ‘World News Tonight’ Weekends - Nexttv",2021-02-01 08:00:00,https://news.google.com/rss/articles/CBMikgFBVV95cUxOX09wZjdUSkZWMlVmQm5SVW5FNnlOSndaNE9XaVloaDRpa29GZGN3MDJuWTNVSXNMLXNVZUg3VEhHa2NvVGdWbm9yUm96TThyaUVmR2pGYTI5a3lxcHIwalhfZlhaZTJzOFZ1X3NrOGFiaVcza3BBREs2OEotMDViZEFyd3hlcmZKeW5QQW15T2RPdw?oc=5&hl=en-US&gl=US&ceid=US:en,Nexttv,0.0
Myanmar coup: Internet shutdown as crowds protest against military - BBC,2021-02-06 08:00:00,https://news.google.com/rss/articles/CBMiV0FVX3lxTE5lLWEwZTB0N3QwMHFKdzhvbTNCYjJ3X0FmYU53cjVIemZMQ1RITjFmOGQzcU9xTGstWHI4aXgxTFlfcjFHVXdGWEVBODlGVzNmSldjTGFzRdIBXEFVX3lxTFBCb0VQUVBRTklveUs0WFlyS0JhblV2V2h2dmtEUTBnWk9IVFRMRWhVdUVXalYyOHlOam1ZSTFjWDUtcmdPNFdkQlRzMmh3NUlNWHJMQk1QQm9taUxm?oc=5&hl=en-US&gl=US&ceid=US:en,BBC,-0.25
Breaking the vicious circle of hunger and conflict - Welcome to the United Nations,2021-02-08 08:00:00,https://news.google.com/rss/articles/CBMilAFBVV95cUxPeGVuMWJROXhuVFU2c0VyQUl3WDVBUFFOanpzSjk2YkozUEtIeHpMelNsTDFWYzFoRmI1Ql9Icy1iZUZiRTBIX28wN2hYR0N4V0M5aU9fTW1admRfZk5XakZwdldQb2VBVGNTc2p5STJFUWhmaWo0Y3ZXa1FTSDJndVNFZTVWd29VaTQ2Zl9RdU5hcWlG?oc=5&hl=en-US&gl=US&ceid=US:en,Welcome to the United Nations,0.0
"News of the Special Olympics World Winter Games in Kazan, Russia Spreads Far and Wide - Special Olympics",2021-02-01 16:09:46,https://news.google.com/rss/articles/CBMiyAFBVV95cUxOM1FVYmJjTUZ0b3hvc3lqV1pQSmRWcjF0ZHZEN3NneE9neDUzckFtY1FJYWp0X0JqeGEzYUNocHlfS3FvUlItbFNuWUxFNGxnSEpZN2JLbHJVMTYwcWxLTEQ5Z2tWNkdqckJnVEpsMW9aaEh6aXZmbWFLdkEwWFdLVUJMZmlpNDc0WmtURmdweDZZWmVZeE5Rb1gxUXdicTBCUVQ4UmtSXzBKZjhEMkFnN0xLQzZzbTU0QzNoVWdNWG9HSnVZTjNIUg?oc=5&hl=en-US&gl=US&ceid=US:en,Special Olympics,0.6597
US News & World Report ranks UTA as No. 5 for most transfer students - The Shorthorn,2021-02-04 08:00:00,https://news.google.com/rss/articles/CBMi4wFBVV95cUxOYjNfTENhVHhucWpab2I5bjc2ZDJvbnBUcy1hYmh6WWw0bWlKbUdRcjlyR0dmMS1IeC1jaDRtcnBiQWFsVUxCNW5yZW84RGx1R05JS3ZjMFE3YzQ1cUpVNy00QXlaSm5XaHYzVHhRUnZKZ2RQRTlvUnVpRnA1S0RkblVHR0wzM2JwT184Z2dqeFNXcEliaHdBaFdJRTk2V2lYVnRIUnE2ODVfckxPXzlrTTJONUc0ejRIVXVESjdxZkkzRENNeTh3ZXljUndfaU51MlVZb3RCV1p0RWRhNVVXUG1ncw?oc=5&hl=en-US&gl=US&ceid=US:en,The Shorthorn,-0.296
Covid: South Africa halts AstraZeneca vaccine rollout over new variant - BBC,2021-02-08 08:00:00,https://news.google.com/rss/articles/CBMiWkFVX3lxTE01TEtQT3RDSjF0RU5Rck8wbFdFdEJ6ZnhVLXVTczRtVlh4Q3hVYlZXWjVfTzZZWEdqXzZ3bjFZdl9tUk1vTnZDcTBXSzRXNVRNNHNFYUV5cHd5d9IBX0FVX3lxTFBXSFZMNm5Tb3B2THgzYXBNbl9lM3k2VHp6RVhTbjVnelQ4VFBQNndFMGZhWTRMQTlzdXdhNDYtQXJuZkVnVlF1WkRRQjdtc3VIeU1FRzh0OEtQa0F1STNV?oc=5&hl=en-US&gl=US&ceid=US:en,BBC,0.0
Yoshiro Mori: Tokyo Olympics chief steps down over sexism row - BBC,2021-02-11 08:00:00,https://news.google.com/rss/articles/CBMiV0FVX3lxTE40R29iNFlVc2paT0l1RkJkZHBSekVuOUs2eXl1OEdXSlNMV1JhVWxfUFFGRko1SFp2cVFETC1ucVZJMm1CM3hYLVczNU1XSWRJcXRMTF9UQdIBXEFVX3lxTE9ON2gtaEctY3RPeV96U3hNN00wOU5xeGFfdmpabjlPeTJQcmdXVmtmMHdlV3RIaGxEYkwyeDVlYjQtbDBERzljTTFSVEc3cHVKM0hTZTRDbjN1dDRB?oc=5&hl=en-US&gl=US&ceid=US:en,BBC,0.0
A new chameleon species may be the world’s tiniest reptile - Science News,2021-02-04 08:00:00,https://news.google.com/rss/articles/CBMilwFBVV95cUxQT0ZQNUk0dHJ1UWJtLVg3Rlh5c0JWbDlGQ2pZWGswaWNsamsxSUVCQlVPQl8yeHFiU29fY2pER2RaRTFTaUJKZzlBU2ZNeE1ydjdhWXJOMmRJaGlRMm9NTXNpZ2psUVJ1TVNrYkJIR25ZUlpRSUNWNnQ0RUR5TFViV1JYTmRGRHR0c2l0R3lhLUZtSVM5ZDF3?oc=5&hl=en-US&gl=US&ceid=US:en,Science News,0.0
The life-saving power of medical oxygen - World Health Organization (WHO),2021-02-25 08:00:00,https://news.google.com/rss/articles/CBMilwFBVV95cUxOTmZfYXJicXozQ3Z1cXhhckJ2ZllsYUdvNDVVQVU3NUhBeWZTdGNmMHpxX3NQTTlWXzZEd3dOZUE3ZF9OQXlPUlRsWWV0ZUZFVDlqWWNuN3dGbkJWdkk2Y2lKMXFwUHN1TTdqdlpvWGdxMW0tVVRfU1ppOS1mWWluYjY2Tl9IeTAzeF9lZHRSMS1HRlhDRkFZ?oc=5&hl=en-US&gl=US&ceid=US:en,World Health Organization (WHO),0.0
'News of the World' Review: Charming Tom Hanks Movie Lacks Drama - Business Insider,2021-02-09 08:00:00,https://news.google.com/rss/articles/CBMilgFBVV95cUxPV3h5Y1U3MGJRdmVtcUg3TUF1eXRtaXVhQlZpbnZmYUtSclRBejQ1X3hyVURLUGRxVmpGbk84MnYyVF9HeW9iRzRCaDRJS2UzQjk1U0V0cjNSeWRwNGNqQ3U2SS03Qy1MX2paLTBBU3k1Q1QybGxmWTZRM2VZLVBKNF9rZmNFV19qV3hUQXF0RU9oc3VGOFE?oc=5&hl=en-US&gl=US&ceid=US:en,Business Insider,0.5859
"Tracking an Unprecedented Year for Businesses, Everywhere - World Bank",2021-02-17 08:00:00,https://news.google.com/rss/articles/CBMirgFBVV95cUxQTFFVeVhsSnNkZlc4Y2dVWHBLclBZM0tkS0ZPVkNrbDRLeU9URDhIa3Blb0V5eGIyTDZHY0Ffa29tZGRxUUw5NmI3c1ExQUdQWTByaDBldFdQQWFFMmFQeDlpSWdCdkg1bF8zajRLNnBGTG5MVzJPM2l5VUF5NWVRU3hkM0xkaXhZNUZERFlWUF9wSXhzQVhhVEtrUlVHUEJJQ19fQnY0MTJRbGRwUnc?oc=5&hl=en-US&gl=US&ceid=US:en,World Bank,0.0
Sky News Australia is tapping into the global conspiracy set – and it’s paying off - The Guardian,2021-02-23 08:00:00,https://news.google.com/rss/articles/CBMizwFBVV95cUxQQmYtUnpWZjFiemlTd1lzc01aMWNBN1J5WV8tLVZuZUJ3Z1B1M0RBbjlDVnVkVEVGcDUzZUZNSVdTeWMzSVFCM1NGQXhWMU9sNldyU0RmQmVNN0QtaXJxNXZWcklkNW5kMHFYbnI4dzB6Yk9hVktOOUN4NmNsc3poZnFuVkd0c2NVVFBDcHBNVHpEZE1QcnZVeGxrbVRYamFiV0RCWFFZZkx0eDNDNk4wQ3VsZFJHRWhjajN1Zmg3ejZ0NWVWZklPcmFsQWNfMG8?oc=5&hl=en-US&gl=US&ceid=US:en,The Guardian,-0.5267
"Pfizer-BioNTech vaccine performs as well in the real world as in clinical trials, new study concludes - statnews.com",2021-02-24 08:00:00,https://news.google.com/rss/articles/CBMijAFBVV95cUxOaFlMZTVDWXVTQi0ybDBTbEVWUE9vbUZRTG01QWRWdkh0cm5lZ0F0NXRHV0R4VHNFUDlnR3A2cUtUN3hvbm9tWVhDSW0xbHRxT3RweXM5Vmw5RWI0VExma2FZdmo4ekt5Uy01bHVIRGdUQ19kT09lLTVNRkZRM2RBVFV1aTJnTkRqalV6Zw?oc=5&hl=en-US&gl=US&ceid=US:en,statnews.com,0.2732
First Hualong One begins commercial operation - World Nuclear News,2021-02-01 08:00:00,https://news.google.com/rss/articles/CBMikwFBVV95cUxNNFpBV3lBMkVmcWNqY0c1bWJyM1ZVdEdSWUY1bVQ3WXRwMmI5OG1pNmpyVGJaWXNGME5sOU1ZZm8yUU5PVy1YS19Gd1k2NkFFQTdSZUVybGRrXzlwV29id08zNm0xQnYybmJnZ29pVFA5WENvaHB3WlR0SG9Bb0xhREwtQ3lkSGw0YnhNc0x4b3JyZ0U?oc=5&hl=en-US&gl=US&ceid=US:en,World Nuclear News,0.0
World Food Prize Laureates Open Letter: U.S. Leadership Needed to Help End World Hunger - African Development Bank Group,2021-02-26 08:00:00,https://news.google.com/rss/articles/CBMixgFBVV95cUxPd3FFZ05xWENSaUp0ODJKU3RaRlF1aGpKMVpyMlJoZjM1US0zeDVrbFAwc2xBSjM2OHU1bjZzemp0QVYzU3NpbHdwMzNVQVVqYjBjTWtZNFRMbXl1OEJxRXNHaDhiM05jM3lPWGtqb3NManExUnVXY2RYU3NHaXlRVFZBamhlTFBGbFd2LTBEWU1hNGtXem1RT0xRdHNHd0pwOGtzWXdob0trMUtONFN2Yy0tMWNmSElzNVp4Szg4bHV4eFozQ2c?oc=5&hl=en-US&gl=US&ceid=US:en,African Development Bank Group,0.6124
Michael R. Bloomberg and Dr Tedros Adhanom Ghebreyesus call for global focus on noncommunicable diseases to save lives from COVID-19 - World Health Organization (WHO),2021-02-03 08:00:00,https://news.google.com/rss/articles/CBMigwJBVV95cUxNTmZWVURRZWN2dlExaU9xSkhYUmdFVTFxQm4wc1VvRjRna0tDTnA1NkhGbFVIUFpxaEZ5VEM5bDVsSkVLUlViNWJjalJUWEVoRER6MXFZMEQySXI5b3Q0TGlRR2habUpKNzNodERFVVdQX0ZGQWtIWExlMG5xVURiNFRET2dER0l2VUpsRkJ0Q0QzbDlwbUdiUnBWV1lOYnhzUE91WUVFVlNybHU0RjNiYTlQWUpRS01Xb0RsVFZPM1lIREhRNnNTbmpOWTVOYWRPbUVlVjB2SUFRODUyQkJEdjVlVUUwbjBGa2dJMHVPdW1EbXMtaXZReTA5MXNPYkZIM29J?oc=5&hl=en-US&gl=US&ceid=US:en,World Health Organization (WHO),0.4939
"Dr. Simon Adams interviewed on BBC World News regarding developments in Myanmar, 4 March 2021 - Global Centre for the Responsibility to Protect",2021-03-04 08:00:00,https://news.google.com/rss/articles/CBMixwFBVV95cUxPaWJyckpKMjVERFRaeUtfYXU0VU9FbFE3bzAxdzgxUmxqR0taVURGZWlsNXY5RDd1MHBmNVNVWGpQaTV3bjRaMDkxRGFBRVVSeU9XOGZIQjV0bjlKR1hZeFRoQUFQTU1fZ2JGbnZMT1Q2VXp6RWE3bGNyY1YwQTIzcXFRUzR3ckQzeXh4Q0J3ZDR3cFJSZVRNUWVuaDNWZkFSZ3hEX2xSWFVKUDVXeEdET0x6dnZKT21zRWFnU2h3MVBtbC1udktj?oc=5&hl=en-US&gl=US&ceid=US:en,Global Centre for the Responsibility to Protect,0.3818
Disease Outbreak News (DONs) - World Health Organization (WHO),2021-03-16 06:15:16,https://news.google.com/rss/articles/CBMiY0FVX3lxTE4wRmVBWUF2REhENDV0dnZEVUZ4WWloeWk2ZDdMRmZvcEQwVUg5UkRiR09xclRmVjgydDdyQWtkVi1oT3lsZ2R2OTdrVmFVZG01STdtNHdwS29CZVdjWXBuR2N5SQ?oc=5&hl=en-US&gl=US&ceid=US:en,World Health Organization (WHO),0.0
McCourt School Rises in U.S. News & World Report Ranking - McCourt School of Public Policy - McCourt School of Public Policy | Georgetown University,2021-03-30 07:00:00,https://news.google.com/rss/articles/CBMikwFBVV95cUxNLU1uc2VMV080akh0Vm1wMDFLNms4Q0UzYVVXRFhHVzdfQnNJSUhjZUpvcUhMdmp5YzZlMmRmR1VXVGRqZUkzWlVlMjFyQmlickNJSGF5dmJxbVprV2lZbmI3Zm9UcUFwSTd0NEZWcGpFcW1xU3FnVl83aUFxWFd3WGtxbVlFNFJ3a2dCX0FvMkVLMEE?oc=5&hl=en-US&gl=US&ceid=US:en,McCourt School of Public Policy | Georgetown University,0.0
Egypt's Suez Canal blocked by huge container ship - BBC,2021-03-24 07:00:00,https://news.google.com/rss/articles/CBMiYEFVX3lxTE1vRmRvLUloOHA0RUtGNFFiOTctZFFBU1ZnTktFVlZYbC04VzY0T2F0UWpUa0JtTmRDeEtBWWRqZHNwVGZHQ1lXZUtyUXhFWDFfLVhBNWljZm5TbTZRZWI5a9IBZkFVX3lxTE03dnJqVE0zMFBLVkUybDFoOGg2bXhBWnpqYkRtbUItaC1WLURzaldwaXY4cUZmdUYtNklPN21FV2N2bnBreDQzQlNJai1XN2MyM2xvRTgwVlBvcFhYWXJTUWZ5MXJWZw?oc=5&hl=en-US&gl=US&ceid=US:en,BBC,0.0516
Our Pandemic Year—A COVID-19 Timeline - Yale Medicine,2021-03-09 08:00:00,https://news.google.com/rss/articles/CBMiXEFVX3lxTE5LTlFqR21WRTNDWUprcG16VTh0bkg4V19sbVA2bDExUXZnMGlXT3ZrTUx5cGRPbjZuaXgta0djMWwxY0dRNVdGbVh3Z19sbGx5RE1jWVRCVG1CQzNo?oc=5&hl=en-US&gl=US&ceid=US:en,Yale Medicine,0.0
NJ schools named Best in the Nation by U.S. News & World Report - New Jersey Education Association,2021-03-11 08:00:00,https://news.google.com/rss/articles/CBMiigFBVV95cUxOdU1QWWNMZ1JoVXB2WHZvaE5jSEYtWTBKdFE4ZEcwQTg1cWUtZjloa3d1QmdFbjdnRC1ma0NtdDgyOUVaTzNqRlRpdFIwY1hDMzR1MS1RY0ZMaDJrSFVEMmhIbWlhZHJ4Mzd3b1JZemIyWXdDTE1aM2cwNjAwd0FlQlJMaEdweldWNlE?oc=5&hl=en-US&gl=US&ceid=US:en,New Jersey Education Association,0.6369
Missouri S&T graduate engineering programs on the rise in U.S. News & World Report rankings - news.mst.edu,2021-03-30 07:00:00,https://news.google.com/rss/articles/CBMiuAFBVV95cUxNdHM0d3JoVkNSLU1vVzBaeDluelFEcXRaWEc5YjByTEpSSll4M3FVRXNrenNSSTNyRXRPYjlkSVZVdTJYUEJuTWdld3VHZVZ4MVZhZHlkR0VOcDhSZkM5M0pVdTBYYTZwaWlXVUtmbHFRMUpnanh6a2FnRWFFVy1JQnBFVENxUFUyN3BIUFZ3dVo5UGFSSk5hMDNORTIyMHF5UWxqS1pnRGZTcWlsaEMxZlR4c0lsVzNB?oc=5&hl=en-US&gl=US&ceid=US:en,news.mst.edu,0.0
Can women’s movements save the world? - ASU News,2021-03-05 08:00:00,https://news.google.com/rss/articles/CBMikgFBVV95cUxNQTNlOXI0a2Jmb2NNdmR6V2xoYTU1MXRwT2RXZDRxYjZmMklrT0l0LTJ6QVFaM0lGRGVLME5CQTlzZ1A4OG5sUVI5bUFXb05oeVdySENLalB5V0VEUWZYdHBkb0twSXloZmFTRDgybS01VnUtdldseG1pRE56RDV1dGpMUDhBVlVDQXo2el8wc1Jndw?oc=5&hl=en-US&gl=US&ceid=US:en,ASU News,0.4939
Kiowa elder bonds with 10-year-old actress on ‘News of The World’ movie set - NonDoc Media,2021-03-16 07:00:00,https://news.google.com/rss/articles/CBMipwFBVV95cUxNdnNOS2RRQzRWNGo1eUcxSHVTSVE5c0pCeTlabXdnYVVWWXMyTVZfTEhEYmNnelZyWl9EOHJNbGJEY0RNV1dLaGpEaDdJR2g4ZWhNc3BsOXNPVmZJVmk5RGZaNjMzbXNRTnNjTkF3RnpmWjMwRkgwR1RNanJnd0xaQjlRME43czMtMzJ0QXkyRmhoYThfbXl5VWtFejJXU2JrVFlnWHNWSQ?oc=5&hl=en-US&gl=US&ceid=US:en,NonDoc Media,0.0
Caruso School of Law Ranked Number 46 in U.S. News & World Report 2022 Best Law School Rankings - Pepperdine University,2021-03-30 07:00:00,https://news.google.com/rss/articles/CBMiwwFBVV95cUxPeXNYS05JMTBQT0lFSno4ZGxyc1BBX2NaNUw1QzlsVUd1SGJnUlZnWnhXVEt1V01IR3c1ckZ4dFI1aS1EWWZ2ck9SbzZuNllTbmNyYUFRblhWSHR4M196emFhVExHTnZmak1WRlNQZWxIMGdDYThaaFk0dzlid3VQYW9aNjdqMlY2OXJMUHQ5THBXanhYX0JfZHQ5emdUNlBmQ0FXN2ljQ2I4bHdvQzdfa0FhTkJmQmVGSXBJN2pTWHlOSGs?oc=5&hl=en-US&gl=US&ceid=US:en,Pepperdine University,0.6705
U.S. News & World Report ranks WSU in Top 100 Best Medical Schools - Today@Wayne,2021-03-30 07:00:00,https://news.google.com/rss/articles/CBMiuAFBVV95cUxQM0l5UVNlM1p4eElqUDdZSFJoY3lacEJxVHFRdE95Rzk5TTFNalEyVWlMMXdzdGFlNFlhUXRwVEJxalJDOFFmbFl5TkR4WXhLWHltaXgwempVQVdUT0swcEEyelRsU1MyX00tb0cwb2FpdnVRWHJObXBpd1Q0T1pDajI2eGhzQ1dJLTNxQll2VjlHNEx6MTFrVGZTWk1nRzktbjZ4WlNRZlhaMDAwWERZVGExai1GYkEw?oc=5&hl=en-US&gl=US&ceid=US:en,Today@Wayne,0.7184
New Global Tracker to Measure Pandemic’s Impact on Education Worldwide - World Bank,2021-03-26 07:00:00,https://news.google.com/rss/articles/CBMiyAFBVV95cUxOSFZGWGhGZ19WMkRreWNKRkVrWVI5UEo5M295MVUwX202bkQ3aGItczk5V2hEX1lhZFU0aV95eXhaYU9GVzFBSGRBLWVER1RVUlJtUnVJZkxjeGFENEFjN0laNGRaekhtazhZaWRxaGtGVHRDWmlqbTl2Y25makk0UndSYU1xQWlSSTczM25iYkxzWlExX0dTY0s5TkkyMDJzN3E0VHRfU3V5MHdLRjdvU3FfUFZ4TGNTRHVxREdVYVNmN1JIeGdNWA?oc=5&hl=en-US&gl=US&ceid=US:en,World Bank,0.0
Why is a global Covid-19 vaccine rollout vital? - wellcome.org,2021-03-02 08:00:00,https://news.google.com/rss/articles/CBMidkFVX3lxTE5TQzZtT21GRTFGNjdvQjRJN1lZQ1JReWFldlVmWVZpVGtvdnFzcGVscFhfdVhBS2wyUWd5ekJhS2lxMlFtSlpONVF1c3lGaUQwS293eUJ3UjZiM2hBd25KMVlndTY3MWVCUW4xMGRFcmdIMmZhWGc?oc=5&hl=en-US&gl=US&ceid=US:en,wellcome.org,0.296
Devastatingly pervasive: 1 in 3 women globally experience violence - World Health Organization (WHO),2021-03-09 08:00:00,https://news.google.com/rss/articles/CBMiqgFBVV95cUxQRHRRbVNBTGZNOV9TZTVfNUdSalRzRVV5enlDeUlQOGVTVUM1Vl95WUlnazJMc1IxNFNhZWpteDlWWE5qWV9pZ1RUdEhvOVhYcWowRGNvWERFTVM4WHlfU3Q5TGROYmlVaHp4QlJqYWdZN2dRVHdIc1FMVlZma21UUGh2VW5jSUlJanl3Ml8zejYzdEptb1pqdGRSOE1MVnhHMmNBdE9IZ2JIQQ?oc=5&hl=en-US&gl=US&ceid=US:en,World Health Organization (WHO),-0.8176
"Dr. Simon Adams interviewed on BBC World News regarding the situation in Myanmar, 15 March 2021 - Global Centre for the Responsibility to Protect",2021-03-15 07:00:00,https://news.google.com/rss/articles/CBMiwwFBVV95cUxOc0d0V0lmc00xd3BqOUtsVVpQWkcyc3YwWjFaVjVHdVd3R0tFX0ZlOGFBeGhfVXBmY2p5UjB2QkJFWTRTRjU3N1F3VDlESndMRThJc1pOUVkxYnpnNnN2V0hOQ29YYlhxU29aM2dJb3BBR3ZmVjZ6ZzZxYlJabnR3ODRmUFIxMEFqVUlQME5UanMtc3ZfbGpvNDlfeDZBNk5hQ19PVkZwa3d0aUZMQzRpY2RpcWtHM0plYmJEMFA1U2dCV0E?oc=5&hl=en-US&gl=US&ceid=US:en,Global Centre for the Responsibility to Protect,0.3818
Thirty years of BBC World News - BBC,2021-03-10 08:00:00,https://news.google.com/rss/articles/CBMiVEFVX3lxTFBSUmduaVRuLWFESDVidzZrdV9DSVN5TjdPa3VXZUZFX25BZXloYU1FVldVRkJublMtVURRN1Z3d2NZM0w5QVVoREk5RlBsVkxGV2hEbQ?oc=5&hl=en-US&gl=US&ceid=US:en,BBC,0.0
Global leaders unite in urgent call for international pandemic treaty - World Health Organization (WHO),2021-03-30 07:00:00,https://news.google.com/rss/articles/CBMirwFBVV95cUxORnV1MFhxRWh1Z2toZW9LMEc2cnU0ODMwRFNCaEEtZnlMYmlLY0xwczBHc3I5WW95QmJRWlg5MGpyU2JtU3pjVldyLUFLblJSVnVhc1BMcmlaOGVSejdCT0E5NGxpREwtc2V3TW5rX0cxaFVHTFRKRVRKa3lQeUUxMXhISHdmcHUyUWpGS2dEYUQ1THR1UkpUSHpSMHB5VGY1NUplbkdfeWlwaW83LXVB?oc=5&hl=en-US&gl=US&ceid=US:en,World Health Organization (WHO),0.2023
'Electoral autocracy': The downgrading of India's democracy - BBC,2021-03-15 07:00:00,https://news.google.com/rss/articles/CBMiX0FVX3lxTE5vellnQktoeE9EY2tLZ1hIQlpvVWJmaVM0dndiSEFvVkdrNDdVclIzOGpoSzVpSU5IMGFSeUM5TzNfLWJKc2xGUEFILWd2WUJMdFlEYWJsTXNZancyU1JR0gFkQVVfeXFMUG14dWlSZTYxSjVxcWhzME92cjdvdFJ2elVLR3hXbllCQ2JnamN1NFdEcVVVS2xyNi1kQ08xLTdjOWI1UklRN0gxWDBMbDl0QnRwazkwcUxvaUdkejF4UnVTS2I1dw?oc=5&hl=en-US&gl=US&ceid=US:en,BBC,0.0
Ageism is a global challenge: UN - World Health Organization (WHO),2021-03-18 07:00:00,https://news.google.com/rss/articles/CBMifEFVX3lxTE5rSF9uUnRYbW5ic205bjRnaFNvQ09ITk14Uy11eWR6cFRiRW15MG9CN2EyRzZqZVF5ZlFhZGowNS1qcFRYMjYxejBrWWxGMHhDNGRfRFowdVdkU1lKSDlObXZsZGpqc1lDS291dmh1NUVnWDV5SEl5WldIaUQ?oc=5&hl=en-US&gl=US&ceid=US:en,World Health Organization (WHO),0.0772
The effects of virus variants on COVID-19 vaccines - World Health Organization (WHO),2021-03-01 08:00:00,https://news.google.com/rss/articles/CBMipgFBVV95cUxQd18xaE02YkdFY1FjNFpvaEZqR2twZVE0aUQzdXItQ2tYOS1kTmRITlctZWlPQms2Q3ZraS1LbkNqZnRCcUlnM2h0WDdNeEdkZ0dBZmFnSmVJRTd5R3RCSDlRUTVKckt6OEdYLVExUmJQeGhiR01CSkFaX19zSHZNb1JxSkM1ZkdTOGlsdmhQTzhWUG9EeklGczY0RGdUeVJlVU41bW13?oc=5&hl=en-US&gl=US&ceid=US:en,World Health Organization (WHO),0.0
Side Effects of COVID-19 Vaccines - World Health Organization (WHO),2021-03-31 07:00:00,https://news.google.com/rss/articles/CBMijwFBVV95cUxOenkwTF9NSVlRekhWTjNoQUR0Z19JZjUzT0prWmdIaWFDRlVPaWMtNkRpT2JOeWtjelZCVjhhNkVuRVNzSC02WXV3M0dtSmtRbV9qZTJpMFg0cXdEUFVVOXlhSkNFRzFJelM5Uk5EeHhnaVVOQ2dyOXJTWmpiek4zSEloTWNVWU1ld19XckR6SQ?oc=5&hl=en-US&gl=US&ceid=US:en,World Health Organization (WHO),0.0
"U.S. News & World Report Rankings Showcase Growing Engineering Program, Debuts Interdisciplinary Humanities and Political Science - University of California, Merced",2021-03-30 07:00:00,https://news.google.com/rss/articles/CBMirgFBVV95cUxNLW03Mm5IX3JGWTJzNkJvUnNDWDh0bXA3MUVqM3JRM0ktek92cmlRRDNrblRkY1B5WWdiNUZwaHFPeVdpSEFheFVHYjEyQ0VUNnlMc1ZpeDdXR1dsYTFEN2NMN1YtcjN5cXIxZ2M0ME9CZ01CNzFoLWRjVFR3anlsRlRqckdUY25tU080VWlNY3N6ZlBMRWZac0RXdXhiYVdUZ3BucF9yZHlXcU1nenc?oc=5&hl=en-US&gl=US&ceid=US:en,"University of California, Merced",0.1779
"Water, Sanitation and Hygiene: closing the gap to end neglected tropical diseases - World Health Organization (WHO)",2021-03-22 07:00:00,https://news.google.com/rss/articles/CBMivAFBVV95cUxPNkhUWEZpMF9STHZncXBaRmJRM0tTOXJPQ3VFREVGUkYyemZfNkxEZDJycDUxS01XNkkyb1hhdkNfc0FBNDhSSGtlWHh5UWhISDRNeG5GWXVxMHVYc3VEUTVCdmcycHpSejY2aUJxMGpuaFc5Y1RTT25pM0tZSWxvVjNLUXhIN3duaUYyV1h4Rk13THRZYjIySEpTdlBBR2lTVkh0NGhHaDJVNTJLNXBwTkU4VkJUOFN4bFIxRQ?oc=5&hl=en-US&gl=US&ceid=US:en,World Health Organization (WHO),-0.5267
Waive Covid vaccine patents to put world on war footing - World Health Organization (WHO),2021-03-07 08:00:00,https://news.google.com/rss/articles/CBMiqAFBVV95cUxQQS0ybi03TTRWcmJUcU1zVHlkMXRQdVhHTV9IYkdIS2ctVnlTeFp4NXRnMkZvLUZQa1pzWjBiMXA2dU9OM181bE9sUnNycmdhTkZGQmZadVF6cDEwb2JVZXJoMkgwRzRsVTNSbHZKNHFMQWtrNmViVTFvSk1QdmtoWDVDbVRETmJ1WnJCNVYzOW5HMmVrV2ZsZUU1OTJOOUMtVmxQZzFmbmY?oc=5&hl=en-US&gl=US&ceid=US:en,World Health Organization (WHO),-0.5994
"The new report, Better Jobs and Brighter Futures: Investing in Childcare to Build Human Capital, highlights how investments in childcare can increase women’s employment and productivity, create new jobs, improve child outcomes, drive economic growth, an - World Bank",2021-03-04 08:00:00,https://news.google.com/rss/articles/CBMivwFBVV95cUxQN2Rkak81V0w5NkFwYmF5dVhpWmNBUllYTUhIWDNmY1MtcnlhMUoyOF9DRzd4VzE0UWNCNW80Zkdub19VVU1kb29oeGRUUmRyb2d5bDhwSkc4dG5PTnFnYUhFVE1STUFFNjRCTVJLRUFxYXF1RDZhQkpELVZxOFBEbnVZaEFkTHV4cllvZUVTeDRqYTNZUkRDQjB5VXpTWTZfTk56NnAyaDN3M1h4dG9ZY0ZQV2xRR2FsWXdFaTFCdw?oc=5&hl=en-US&gl=US&ceid=US:en,World Bank,0.9246
"U.S. News & World Report Raises Rankings in Public Affairs, Criminology and Economics Graduate Programs at Georgia State University - Georgia State University News",2021-03-30 07:00:00,https://news.google.com/rss/articles/CBMimwFBVV95cUxPSWI2cEV2TXB3LTNqeE93dnpvS25JWjhDU0VWc0hsQjhuYUZ6Z0lBSlFHTEpkNVpKaXgwajB1NmZzWDIxSU1qdS1hakxVNVQ2QjloNDFNMl9yWnlLY2d3RjJab1RodU1xcllxWG9Bbk1NbjlKT0h6VHBMdHZfRkNhMkNSWFp5bGY2WUV2c1ZHQ2tDeUdtbkN0bXBpMA?oc=5&hl=en-US&gl=US&ceid=US:en,Georgia State University News,0.0
Inequity of COVID-19 vaccines grows ‘more grotesque every day’ – WHO chief - UN News,2021-03-22 07:00:00,https://news.google.com/rss/articles/CBMiV0FVX3lxTFB5U0M4eHpiMlVqOUF3WDNIbnREXzkyR3hEMjJ3TWtjV2pSMGZ5NjB6alJsSzlWcUlfbUhCQmxNWFRxMDUwYTBjY3YxdXdoWmVGdXBxRWM0RQ?oc=5&hl=en-US&gl=US&ceid=US:en,UN News,0.0
Nevada smart city: A millionaire’s plan to create a local government - BBC,2021-03-18 07:00:00,https://news.google.com/rss/articles/CBMiXkFVX3lxTE5ZdTN5MFVaLThrMWRXdG1IVW1WU1BSUEV1R2FLMFpkSTlmZThyNlhzMmswamlpQUI1OEF2YUFGdzQxSzQ2cUNFM2Y3RHU3UUZtbGhUSDVWOU13Y3VEQ2fSAWNBVV95cUxQcHhIanFkeFFaQkQyd3J6WUl3Z1NiMWQtN0M3OElFRzc0TklyRGRDbnRmcWNYZ2wzRzJrT1ZlRWwxY004eG9STUREQ0FNQ2Y4Qm54UTVzb3J5dzhWTkZqY19EZkE?oc=5&hl=en-US&gl=US&ceid=US:en,BBC,0.5859
"EU Taxonomy can move forward with nuclear, JRC finds - World Nuclear News",2021-03-29 07:00:00,https://news.google.com/rss/articles/CBMilAFBVV95cUxPRGQ5YkR2WjNZSlJkZi1hTWlTSnQxQVFXMUdmTWtEUjZBaFRWLUxyajFTWENOV3hvV25EWHJGbnZnZlNzU1NaTGEyOTJWV2V5OENDRmR4Y2NQSUpTZ1BOZ0ZtSFlWTGRocUItejQ0QkVIRkVnblFsbVNyeDRQelFsdHhJMmhNWlJ1eDdwWWpaUVpocm5X?oc=5&hl=en-US&gl=US&ceid=US:en,World Nuclear News,0.0
Monkeys experience the visual world the same way people do - YaleNews,2021-03-29 07:00:00,https://news.google.com/rss/articles/CBMiiwFBVV95cUxNRVFvMjE3VmU5LXJaMEJxWWotUkdscGdNbHQ4bDMySXh1WGxTVjhwbEZ3TGJHRTVpSFpxczRfeHFUU2NDN3dDQ2E5eWJ2MzRzbFN2c3dhNG9PRnZmRlRVNHc0MXlvQXptTEhnNHBnQTlmVkdjOGVGdVNucFp1M1p2U19ocW1PQWIyNkJN?oc=5&hl=en-US&gl=US&ceid=US:en,YaleNews,0.0
US HALEU facility set for 2022 start-up - World Nuclear News,2021-03-23 07:00:00,https://news.google.com/rss/articles/CBMiiwFBVV95cUxPRm5PdDBlLVF3Y0Z0NnVXTERhRUNuMHl2cWFENUNnMEZGYTRIZXNuVFlHOEp2R3N5ZUQzUDhRa1NtLWpxSHpsQkpheHlQTGtwZ3pkY0ZBVkFOeF9Zd2xUM3pHaXZkaUxxWTJpMVdYc0lzWFdRWk82d3pWenp5Smc2T0I0MWZFUWhjNFpN?oc=5&hl=en-US&gl=US&ceid=US:en,World Nuclear News,0.0
Currency Market Headlines | Breaking Stock Market News - Reuters,2021-03-29 13:38:59,https://news.google.com/rss/articles/CBMiVkFVX3lxTE5iYm5UVEV0U2pxN21WOGhXNHVlTHMtaF8zUWFwZDBBQjFYRFh6Qk1EcFNleklOQVJqUUtMU190M3ZEM0J1S0d2Y0QyaUg2ZlpUZVVGRjh3?oc=5&hl=en-US&gl=US&ceid=US:en,Reuters,0.0
Uighurs: Western countries sanction China over rights abuses - BBC,2021-03-22 07:00:00,https://news.google.com/rss/articles/CBMiWkFVX3lxTE52M2RQRlQwcnJUckxGT0RpTjFHXzVqRWpNeXdBRndSaXlHSElYSmRuUGtFRjhTQnNrNkljQlc5ZFU3Z1pTTkdGdExEeWJBbUVyYnFNWUI1QjlJd9IBX0FVX3lxTE1fbHV6QlNSY2pMZi1EU1Z2SlJQcFpLRGlOMmlZUmpoWEhjYVF4ellBV3c4c19jVFhkcWg3R21tUFRfckVJZ09WeWxPNTVGbDVFbUpGRldtRWQxcVd6clZB?oc=5&hl=en-US&gl=US&ceid=US:en,BBC,-0.5574
Suez Canal: Ever Given container ship shifted from shoreline - BBC,2021-03-29 07:00:00,https://news.google.com/rss/articles/CBMiYEFVX3lxTE56RV84dWZ1MFNfbi1DTnVZQkRaWFpCQnFyM2V6ZzB3OHJKT3FCVW1LVGFkMk50cGk5S3BvTG15ZUpuMDFjMlBxX2p2blViVkdBSUpOaDBKbzdjdUtfeEJ5ONIBZkFVX3lxTE9HRi1NeU1fOVRCQm1Vc2J2NjZCbjFMcF91NjlGbWpVRGlNSXNONFN0elA0ZjlzeHVFNGllbHdyWUtsa1ktTkNkd0t3M29na3JKaUxXdDRKSzZQcHdCREpZUEgxanFuUQ?oc=5&hl=en-US&gl=US&ceid=US:en,BBC,0.0
Engineering ranked as a top 100 graduate school by U.S. News & World Report - George Mason University,2021-03-29 07:00:00,https://news.google.com/rss/articles/CBMinAFBVV95cUxPQkgtQWxBOUpvR21MSENHYXYzNC1LVDZvaVNaV1FBaUdDanB0S2RleWtaZEtoMFEyX1Z1Ul93Wl9aRkJYUVY4b2VYakVUbUZmSVotc0NRQ2t0ZVJDRkIwaU9rR3hhZEg5dFVKYkRVWGVwcEdicnVVTWduWHdvNEJHaTA2N0pHa1g2blczQVpIVGdabHpQNFlubXNNcno?oc=5&hl=en-US&gl=US&ceid=US:en,George Mason University,0.2023
Fukushima Daiichi 3 fuel removal completed - World Nuclear News,2021-03-01 08:00:00,https://news.google.com/rss/articles/CBMijgFBVV95cUxQV3NRNmFpSWZwSXpzcHJ6VWI4SGt5ME9CYUh4S2VZTm9XRGMzQkxyRnRMRmxFYnRGRTJqYy1KNTRMVnFIdUdNWHB0M01Ja3dPSFVWcEVnMkxrbElyYkl5NVdPZHNlSzdQMExiRUcxYS1vMmxRbG9PdHVPdl9mdWFycTFZMTZKVE1vMVFOdFVn?oc=5&hl=en-US&gl=US&ceid=US:en,World Nuclear News,0.0
Biden tasks Harris with tackling migrant influx on US-Mexico border - BBC,2021-03-24 07:00:00,https://news.google.com/rss/articles/CBMiXkFVX3lxTFBTTThMUlVZZ1k4d1JmcF9DWi0tSUlTY29MQTZhUTBxNFlGZlF0cFJNaE1PaGNoLUxlc2t5OWRMSGo4WnFZdllFZmgyVm56RW1PanNOWXotYXBSX2xpQlHSAWNBVV95cUxPMUp2ZmxOOU5QRnI0VDlxdlBERUwtaUh0ZThtN3JnVU9zUURuMkJ0bDYzaWlxa1VpSVg5UndDbk13RkpJUThIemZYU3dPLU81Vlp5NTN5NWh0YlpweTJabEpTSXM?oc=5&hl=en-US&gl=US&ceid=US:en,BBC,0.0
Getting the COVID-19 Vaccine - World Health Organization (WHO),2021-03-31 07:00:00,https://news.google.com/rss/articles/CBMiiAFBVV95cUxQTHpnTWl2QnZDMmFPdFRLZUtxejBEaXZUNnZiQmFlSktZcVpPYVVDemFCclg2c1paTUI4OTc4VFk4VEI1dV9wMm1WRDhHS2pHR3BzbmM4ZVBFQVpkUnFFcDhBekprejhXNFJZRGN5WWI5MGFlSy15N1VTVUVlWlp1X0hZQTNlaDdN?oc=5&hl=en-US&gl=US&ceid=US:en,World Health Organization (WHO),0.0
VCU programs listed in latest U.S. News & World Report rankings - VCU News,2021-03-30 07:00:00,https://news.google.com/rss/articles/CBMikwFBVV95cUxNd2U2V203dUhrU0hjYkNNemc0TWxfN2dINFI2MTRLTlRseFVwMXV3S3ByUUI4UWFKalRkVUFIbmlNYjh6OXZxVF92d3JmSGJkX1YxaEcyZmdEVmhGWlZXcHpWRjhjWm9Ha1lzVnVXZEdTb3lxeW82aEE3NzRSZkpySHFFam9CZTVzVjBwcWtfbU9vWkk?oc=5&hl=en-US&gl=US&ceid=US:en,VCU News,0.0
The Papal Archives open to the world - Vatican News,2021-03-26 07:00:00,https://news.google.com/rss/articles/CBMirAFBVV95cUxNb0F4LWtYTUxoUW13RWJsVnVkREM5YU9SUk1HbzFMb3NqUU84eXdtV0M1WTFubnhaQjhmU0FWaWk2NDVTbTZkQUtKN1ZDdVJmcVNNNTBWVFJlazB0SGFvMV9GQThuaUdmV1Z2VTYzTzBCNmNPVkxiRlBCbDA4d2R0T1pxV2pwcVg2end1RGpEV2o1VEN0enRCUmlDU0I5TDJaSFA1dGFQQVJmWkpz?oc=5&hl=en-US&gl=US&ceid=US:en,Vatican News,0.0
Switzerland referendum: Voters support ban on face coverings in public - BBC,2021-03-07 08:00:00,https://news.google.com/rss/articles/CBMiWkFVX3lxTFBmWDBOQ2FKYTRXX3RVMkFVdTZiUFhqbExibm5ySlU5ZE9BMEd0d3llZmJUTTlUSWZkSVRhWkR4eTQ3ZkZReVp1dUFKeU55ak92eHFoaklZeXJTUdIBX0FVX3lxTFBPNkkyaHJTa0NUT3k3dnVqTW1IWXNYSWx1UGx3T3V1TnJFN3pmQ3VRNVh0WDZLT1VzaVpLeF8yejFjaGl3d3JrWmQ4OVlnU1U3X05yWG1DVEhMNUR1TVZF?oc=5&hl=en-US&gl=US&ceid=US:en,BBC,-0.2263
MPA Program Earns National Ranking - The University of La Verne,2021-03-30 07:00:00,https://news.google.com/rss/articles/CBMinAFBVV95cUxOSXk5UWFqLTZaWTFhc3k4d3prTHYzSWhIWFVDV0VjQkIzendHMm1YYTF4SVR5bnpPV2wxTGt2aTdqUDhtRThKcnFnS2otNERQQzRudXNCSndHSF83WlFPb2YwSENsc2pjMkZsNkdLZjNGOWNheFRFdTkyLVEwT0hVeDNSV2JQQndvOTBzVE9PX25ZZU96SDUxWFUzVlA?oc=5&hl=en-US&gl=US&ceid=US:en,The University of La Verne,0.0
"WHO calls for further studies, data on origin of SARS-CoV-2 virus, reiterates that all hypotheses remain open - World Health Organization (WHO)",2021-03-30 07:00:00,https://news.google.com/rss/articles/CBMi4gFBVV95cUxQS0hlbXV3aEJDZzA1TFltWDZGbGs2YXg1SFhpbEpvZHQ2dUtPWUh5VzhWcXgxMGk2RjF0Q1VieF9RTTVoUk8xYlYwcUIxMlBqdTMwekJGcnRxY3NXNVB5MDZEdDhnVDF2NXJYcU1Yc1A0STVQbE1oMi12cHJ2ZDhQbjR2R2VvV3V2SmtSbDlXdUZYOWZILXFwZVI5U2o0V21ZblFOZ1RDdlB1d1JHQWdNdWlVdFRFN1BoZGcwOVVCbFk0YW1EZXFoak9WZWRRRkNsbVYtU2tPYVc1UWRqaUZMaFV3?oc=5&hl=en-US&gl=US&ceid=US:en,World Health Organization (WHO),0.0
Learning from Megadisasters: A Decade of Lessons from the Great East Japan Earthquake - World Bank,2021-03-11 08:00:00,https://news.google.com/rss/articles/CBMi4wFBVV95cUxPdlN2d3NjUl9zYjNiQXRZQXNzOHJvQng4RGhoLXdvMld4UE1PYW03bF93MGt6cmFQc212RE5HMWdYQmNhcGVIX3Jta015bXY0RE83LWtnVHM4SUNBcGhOelo0UUNlaDRMaWN3TXR5aWw4cngteFc3TkxzOVdTdm91M0VDLXZDQ1FLSXFROHQwZFZ4dmNBOUFXUnJOTXhyRnpUSWx3cGJaZ1lRR01aSkZvMFlnV1lLNHh2QUFsSkE1c1VfdWYySnB2bnFVUlFfMlREREwxbVpDWUs4WWdKT2t0c3hvTQ?oc=5&hl=en-US&gl=US&ceid=US:en,World Bank,0.6249
WHO adds Janssen vaccine to list of safe and effective emergency tools against COVID-19 - World Health Organization (WHO),2021-03-12 08:00:00,https://news.google.com/rss/articles/CBMixwFBVV95cUxQSHp5MkUtUFBQWDdwR1VTalRRcHR1WVphUENHNURPVTZ2akl4QlpURHhvSFh3b00xejVuNXBkcFg5d3V1ZjUyeHBJWlZkdE1GSWJOX0NzOWRzV0RSY3RlNnRtS2ZKUVM4VHlrSHRSbkJlemgtdUp2Ti14dTh1SmVBd2hlUGgzMzlVYlVNUEJIUXVSS0RfZVFjQmotRm5VUUNWZm15MU9iS05XdTR2THBlX2JMTVhKXzlnTm9nLU11cnpZdG9PUlRZ?oc=5&hl=en-US&gl=US&ceid=US:en,World Health Organization (WHO),0.5267
US and China trade angry words at high-level Alaska talks - BBC,2021-03-19 07:00:00,https://news.google.com/rss/articles/CBMiXkFVX3lxTE9SYnp5dVdDRDJQMFQzN09ZN09GejFmZVVQaGpLZWJzVEFPd25ESDBQUHluNXhoX3ltcW5ZenFrbWZpblNqZmJBOEl3YWxQMGdHX2Y3bE5CWmVCTXlreHfSAWNBVV95cUxOOVpkN0JuNDBzUHZSNVBsRWVBZWZtWGxqN2wyTE1LSFphZjBIdEZJd0JrTVNXUk1uYmxHeGtKcngxNUM2UGhud3N1THB0cVBlUjJkbHkzaEZ6UDM3aXliZVl0aHM?oc=5&hl=en-US&gl=US&ceid=US:en,BBC,-0.5106
Spain passes law allowing euthanasia - BBC,2021-03-18 07:00:00,https://news.google.com/rss/articles/CBMiWkFVX3lxTE1vYy1Mak1oSDVQUzRpNi1SUXZ4bnlOWXl1aW9xTjgxY2g1cld6bkRZbExDd1hJNFFFUDhTamtlU1A0WWZOTmNvZ1pKbHpSYVJmUTcwNHItZ2Zzd9IBX0FVX3lxTE9OLXhMczVCYklLZS1YRFgyMmRwcngycjdHeFhIemM3a1RsbTVhNzNiZ3Nzdld4ME4zWjhFUHFCQUg0dk9lWVlUYzIxdXd6RElfbEVFT0pzbVdLWldDdGdR?oc=5&hl=en-US&gl=US&ceid=US:en,BBC,0.0
Ohio State graduate programs score high marks from U.S. News & World Report - Ohio State News,2021-03-30 07:00:00,https://news.google.com/rss/articles/CBMimgFBVV95cUxOY3VBRVJsSFBabXVjbzFFbUZObDlFZUtGZFc1dDFxT0xGOG4zYnJ0cll2eVlra2pUcE5wdzZmaFdXU081THVFejlIVEtRMEo3WTNyYTU5QUNEOHI2d0ZDNTZFM1NidGRTeDJVbDd3ZkIwQVFGWXIwU2p6WkFIc2VDYlpPamNvbWdjbHdBYVJtYUFzc0RjNmhjZGlB?oc=5&hl=en-US&gl=US&ceid=US:en,Ohio State News,0.0
Jordan’s worsening water crisis a warning for the world - Stanford Report,2021-03-29 07:00:00,https://news.google.com/rss/articles/CBMijwFBVV95cUxNc3RQdlQ0OXR2S0pPczA2TTczdzFOQVFSZGtaUnNfRHZpQ3lQTkZsV2FaVXZMVVF2RG9wR2FnNFc3aW1zQnVGR0dfcU94c0pNOHRXVWk2bi1lUlFWbU9kekVNU3JRNi1xaWJQQjhTTWI0WGFkQVVhUVFiWXFRZlJYQW1SMWJHYTFDQVFaS3dvdw?oc=5&hl=en-US&gl=US&ceid=US:en,Stanford Report,-0.8591
U.S. News highly ranks St. Mary’s Law Advocacy Programs - St. Mary's University,2021-03-30 07:00:00,https://news.google.com/rss/articles/CBMiY0FVX3lxTE5oZHQ1aldFa29IZzliU0Y0WEN6MWUwbWFuRFZKT1ktVGJnRDFzVFJEU1A1dW11VFFXQXMyUjc5UUZQTVdla3hSMktndmtBTDZBZ0RsaU0wYjJaUWdqUTZaOEhPdw?oc=5&hl=en-US&gl=US&ceid=US:en,St. Mary's University,0.0
New global breast cancer initiative highlights renewed commitment to improve survival - World Health Organization (WHO),2021-03-08 08:00:00,https://news.google.com/rss/articles/CBMixAFBVV95cUxNM1hDZF9ZLVh2SW0yR1BQX2RTVURLdU5sQ081b01hcVpSQ0IxbGc2TDlfZFJQNEpCTi13QU5CazIzV2tvRV9kblRCWnltd0J4VjNxYnRBT090S1pxQXRfMWkyc3pzdmZKWkpDWUdNUmhFdzFZZVlVVXFJSzllN0FUWEtSZW1iNDE2M3VmVlhHSEJoWVNnZ1dncHdTbG05VkZvMkh0LVQtX3ktd0FvTkRicFZJYWxpYmRMWW5NYTZqMnliOGd6?oc=5&hl=en-US&gl=US&ceid=US:en,World Health Organization (WHO),0.0258
U.S. News & World Report Announces 2022 Best Graduate Schools - PR Newswire,2021-03-30 07:00:00,https://news.google.com/rss/articles/CBMitAFBVV95cUxNendoVGVRME9tZ1BBZFlhaktqZVVyZXBpbzZ5OW9wV3ZwVTlwMlhiTzRqTzFqWW5WbG1nQnFGSjBKUzN0RkpNS3JnRUZrU0hmNzNMUjBlelEyMU5KZmtRZzQxZGVGWEt6QjUxM0IwV0tLTUFzblE5NEJGQ1BjQWE1eEhyc2ZBbmliYzNuMDZhQjZMRzlabzBIQTc0bWlyRXVSVlhrVUtuRTJEQ2YybDFlOEo1ZXg?oc=5&hl=en-US&gl=US&ceid=US:en,PR Newswire,0.6369
Acting in a Virtual World - Carnegie Mellon University,2021-03-17 07:00:00,https://news.google.com/rss/articles/CBMigwFBVV95cUxNcTlXeC1nb0hlcGVVWkhxTldNMVJEQ2JUcTM2M19ZbXkzY1lVUWtFOHBhMnR5aDFzMmxKbXlXaWVmbE41cTNQdEkydkdQdmdpc0kwNXdKLUNaQzI1TV9mMlQ5QjRyT05kNzlIejFJMERFdzlmdURUR0FxMEp6TjFCd19ETQ?oc=5&hl=en-US&gl=US&ceid=US:en,Carnegie Mellon University,0.0
Lula: Brazil ex-president's corruption convictions annulled - BBC,2021-03-09 08:00:00,https://news.google.com/rss/articles/CBMiY0FVX3lxTFBPb25JQ2tpdVVLOG5OSnpvTGlPb291TEZaUVhLQmlzT0lEUGpiYUltWTlVaXJaX3V2N08wU0tjcHozV2lQOUI4WE1jVk9kdmlkc2RURElXMFA5RjU3LXg4Z25CY9IBaEFVX3lxTE5xUUdKcDFMb0xncWxFbnh2aDhSZF96VHpYZkYtdXYzMVVNUW5MbEd3Y1VZbFc2aTVGZW1EeTl2ZUlRYllLVlpjdUpKUUYyM1RVT0k1QU56VTctUnJtSWlrZzBpM21qQVY2?oc=5&hl=en-US&gl=US&ceid=US:en,BBC,0.0
Climate Action 100+ issues its first-ever net zero company benchmark of the world’s largest corporate emitters - Climate Action 100+,2021-03-22 07:00:00,https://news.google.com/rss/articles/CBMi4AFBVV95cUxQUU1Pa1prbG1mWDNHSVpiV0l5NndwYlJQOHZoM3hZMEY1b2VxNVNMcTZ1QmVmZkZLXzJoYlF6VkZwbnpoLVZMTDFaWW4wMWx6RlJqNDgyUkE5TTZTNEJRX21GVmd6MHppNUFXOXJ4ejlNdndUU1hXa0dkNVRzdkR2a1dKdVJ6MlVIRGhZZFpvdF9VbXV1aE1DM0ViZnBVZjl5aHh6N1dWRzVGUHNGbUxGSFFJNmxWczM0R0hjM0owUG1WQ0QtaGtORHZNdWtPX2ttY2E5c1pld1ZxOFpBVnFsdw?oc=5&hl=en-US&gl=US&ceid=US:en,Climate Action 100+,0.0
LMU Earns High Marks in U.S. News & World Report’s 2022 “Best Grad Schools” Rankings - Loyola Marymount University,2021-03-29 07:00:00,https://news.google.com/rss/articles/CBMitgFBVV95cUxOS21XT2tQVE9pZV9faUhmdDZvSkFDRGVGcmkzT0VKNzF1ZVA4V29sc1BxV0gyYlZwN3FSMFdwQzJUcEMzOHFWQUdnVkhNcjYzT1B6SzZYMWlkSlBwRjdJZU5MRWRaaTB3YkNNTzYtU2g4RjdhdXlTMUxaOGlINUtXV3BUU1dJbmQ0TUNJb3Y3Yk5TOEpBUVRLTGJQdjB1NHJMU21JVVpRQ3ktMjh2WTFGaEFWbVNiQQ?oc=5&hl=en-US&gl=US&ceid=US:en,Loyola Marymount University,0.0
Finland ranked happiest country in the world - again - BBC,2021-03-19 07:00:00,https://news.google.com/rss/articles/CBMiWkFVX3lxTE5URk4zMkp1X3N1RDZZbF9lU3V4ZDVKYTJIS2NfTEE4RHNWVGxnVWlQTGhwVDdSZ0lUZUI3SXNiblpJUU9IYmRUd3BpV1Fpb2VtOGktQTZHZ0tlQdIBX0FVX3lxTFBxUFFReFJLVnN3eGoxUkh2RGR6b2VfdkJsQnFwbkVGb3lOdFNIOHRHMGZmR29ScVVBa0NzYXlXZGNJM2laaWQ1WGNIUzhTd0tPYzhvTWt0SUlPN1ExUV93?oc=5&hl=en-US&gl=US&ceid=US:en,BBC,0.6369
U.S. News & World Report ranks UMass Medical School 10th in the nation in primary care education - umassmed.edu,2021-03-30 07:00:00,https://news.google.com/rss/articles/CBMi4gFBVV95cUxQTVFzQWl1V0dNZVh3OXlzSEh6MXlYc2JvcHdDMnJESm85clpoSnBVbzRiUnBheF84UTI2UTV4eEpkaVQ0TXlDMGFFbEpWMGFDRzF2TkZrTFVhMC01RGtQMWd2Q1J5MFpVMVhGdE5aY3MyNm9OZ2lWU21fZWRSZ05Na2FLVERMQzhLTFFBSVNtdXhoNlVaUmpCYWNtMHJUdzJGemdSWmFmdEc3d2dPazBic3MtUGVzZ2hfMlJlQlZGenFEc0NXc0cwRWczUHZUcUt5Tl93ZTVVTHhGLVgzV0kyTXZ3?oc=5&hl=en-US&gl=US&ceid=US:en,umassmed.edu,0.4939
"UC Davis Ranked Among Best in World, Nation for Veterinary Science, Ag - UC Davis",2021-03-03 08:00:00,https://news.google.com/rss/articles/CBMilAFBVV95cUxQdEpZY2VTOUE1dnRvczFDZXdaR3VEclFyYjEyYXY2blJNVGU5ZklUZUlFYTNWUHE5QTNsc3dsdGZTVUhSQlBoaHY1eUdWczBONXFsRDNlaTV1TzY4TGV6VFpiV2g2dXFDb3k0ZDVobnJnVHNOYnJzZU9qU0owSlpRWHRWbE80WDFTVS1ZeVBqNFpOVmQ1?oc=5&hl=en-US&gl=US&ceid=US:en,UC Davis,0.6369
What solutions journalism can bring to the news media in the Global South - reutersinstitute.politics.ox.ac.uk,2021-03-25 07:00:00,https://news.google.com/rss/articles/CBMiqwFBVV95cUxOZmZqY2M4VnQtZ1BoV0tfQ3hKQURST1NYaVZMdXpPX2o2a1U0dUlFYjRyZUNQUEtsXzU2dVZqS08zODRkMTRVUTdFNExpRWY1ZF82MG1kQzhoRWwyaVlkbTFrUWJyWFZlbU1WU183OEtiQ2Iyb1g2MTdVMDlENnlGTHJkUHJNOXhVWjhsRmFRb2pHWi05ejZHMnNnZ0piTjBIWkt5bmdfaUdBcmM?oc=5&hl=en-US&gl=US&ceid=US:en,reutersinstitute.politics.ox.ac.uk,0.1779
One hug showed the entire world how to forgive - Faulkner University,2021-03-01 08:00:00,https://news.google.com/rss/articles/CBMigwFBVV95cUxOMG5mcXNzT2hqVUNFSmlQV1hmb2IzcURiVnJzbXVoQzMzV25iNkd5cFktd3NmYTRlUFZ0WFZSRERNbDItZDhkWlkzcC05MTZ4VDNkX0FRNnBiV3p2OFpjV3RzYXYxdlZReTlQbDFiZVFIek8yMFAtajBQQ3Q3cE9pY2dYVQ?oc=5&hl=en-US&gl=US&ceid=US:en,Faulkner University,0.6369
Scientists unlock mysteries of world's oldest 'computer' - BBC,2021-03-12 08:00:00,https://news.google.com/rss/articles/CBMiY0FVX3lxTE5YUzl4ay1JNmh0bEpqY3ZONFl2WGplQ2tsV2Zud2QyWS1fVWVfUExtRmhCdEVCWW9rbGRGb2I3Z0RnUGR1RTNUbjJvaVNpN1hMMnQ4V0lkZnlVcG0zRXhIYW5qMNIBaEFVX3lxTE1tU2RSTDhxekIyWWxlVlYzeEdlWUNQSUktWEhEMkt2QmdPR0xKQktLcXVpay1Yb2lWN3JBb0ZkZm5JTDlweS10QkhPM2pvRlp4c3FiWlNxbzhsVmxLbFpxaVVGSXg1Y04w?oc=5&hl=en-US&gl=US&ceid=US:en,BBC,0.0
Behind the Japanese paradox: why news media of a tech-driven country are stuck in an offline world - reutersinstitute.politics.ox.ac.uk,2021-03-12 08:00:00,https://news.google.com/rss/articles/CBMiygFBVV95cUxOUTNYNVpneE1CY2xmWDkzSENadllGdW9mbDFJM1RVdHVDdDZ4TkVuR0lJQ2dCOWlrc0I4UFgyVjJDUUhXMC1ia3RWem92QXF1RFJfMjF4UTljX04wc1NKNGxwWmFIbDNLeFUtcHI5TnVNZUtwOUJqNzBZamZtRGJuVkN3R2ZRNDlxNVEtbWI0UGllNlZLUU5HME1qZkVTZ2xlb0E2SW5FeTFpSGV4X0h4azZSVWVGOG90Q1pwNmxKZjVCbFQwRXBWQkd3?oc=5&hl=en-US&gl=US&ceid=US:en,reutersinstitute.politics.ox.ac.uk,-0.4404
New Climatologies Added to World Ocean Atlas - National Centers for Environmental Information (NCEI) (.gov),2021-03-31 07:00:00,https://news.google.com/rss/articles/CBMifEFVX3lxTFBNczlSR3hyVldpVXBRcGhUamUyOGJ4N293WWNVNWljMEJoLWZ3cVo4SzBVYndMaDlYS3ZtUDN4SXlwRDFMWEp3MjRBOG1xTEVaNGFpcVpDMXFrYlNHUjNLbEI2WjUzS3R4QUdWOV81SkRmaUNFanVma1pScHg?oc=5&hl=en-US&gl=US&ceid=US:en,National Centers for Environmental Information (NCEI) (.gov),0.0
15 Biggest News Companies in the World - Yahoo Finance,2021-03-31 07:00:00,https://news.google.com/rss/articles/CBMigwFBVV95cUxNTENhUXpCN0pGck02aWkwa3BSb0ZkVzBJNks5XzJCV3pMUVl5VjB6ZVJpaXpIbjM4QWtFZTB6RUo3NEhnWWIwS0NsTWU3Qml1dkZCTnI4V0E5OUgzSVlPTUlhWjNWSUZUR1M3ZXZaSjhxRTVOTEVydFB4Rzh4aGhBd0tLZw?oc=5&hl=en-US&gl=US&ceid=US:en,Yahoo Finance,0.0
Why Latin America needs world-class universities - University World News,2021-03-06 08:00:00,https://news.google.com/rss/articles/CBMid0FVX3lxTE1qZXkyM2plMFJDODNVQUVaQ0w5ZjNVWmZtRjk5VmZJVTlJOHJXZGt1UHFvX0d5emJpd3o0bEpsZ3pGbmFsaXVPRXdJS0dhMGxOSVowMDFWeFRfYzlCVXR4XzRPT3JLLVh0ejBWTVJPVFpUSXF5a2lv?oc=5&hl=en-US&gl=US&ceid=US:en,University World News,0.0
Anniversary: Reflecting on the impacts of Fukushima Daiichi - World Nuclear News,2021-03-09 08:00:00,https://news.google.com/rss/articles/CBMimgFBVV95cUxOTlRENGpfYWdpZkNidlQ1a0JPWm11N1hSWWRxNmlLZ195S0M4cFBOQ3ZILUp6QkpfeDAtQVY0amM5ZF9vQktxUFZVU3RhVGd4ZDZlY2kxRTlManpSUXRfNXh1UjdZbjRIMnNUcHl4bGJwRHRTcExpQ1RNSlFqT3ZQcmZNNnJMVzRWbzY0NFZ6ZW1IU2d3V1VnQ1NR?oc=5&hl=en-US&gl=US&ceid=US:en,World Nuclear News,0.0
Launch of the World Report on Hearing - World Health Organization (WHO),2021-03-03 08:00:00,https://news.google.com/rss/articles/CBMirgFBVV95cUxOSVFqLWdLeWlIbmVTRUJ4cFJ2MlJsazAwcWRFQTJydm1VWnd4SzZNeFduMlpvQUlFNVFaakVMX3dHeERFd1ktcmphXzRaSEFETXdieXZuT25zUGlMMW9wR2J2UnZ2eFctUUExdkpUVGdtakxZQnZLNjA1aWNnYzM2dlZHbEx1Nm1MUnJIMkgzeDRnTmxWczV4bHUtTUxjc09qcnliVEFpS1VMQXdjdUE?oc=5&hl=en-US&gl=US&ceid=US:en,World Health Organization (WHO),0.0
‘News of the World’ looks to illuminate a way out of ‘division and bitterness’ - Los Angeles Times,2021-03-08 08:00:00,https://news.google.com/rss/articles/CBMiywFBVV95cUxNNjI3bFJFLXdyMXg0MHUtYmplT0ViVHQyLVpXU0RKNmI5NW95NjY3ZjhrTlpRNklDVjVDZjF4c1E4Z3VHWDlCZnppc3QxMThkT1QxZHBhZGhxT3VudHZ1ZjVSU2ZFMUhQWWxpanBMelppbHhiOVhLQjFxQ1JwMVM0Y0x3dEp2a2d3TE5BV1EtYnJrb1JYOWxZNkE4MGtHRnVzcDQ4TW85dXE4NDA3aFlJenZUbVhDVlJmZUpvQW1hNWE3NjhrckswR0Zqdw?oc=5&hl=en-US&gl=US&ceid=US:en,Los Angeles Times,0.0
The cost of the Suez Canal blockage - BBC,2021-03-29 07:00:00,https://news.google.com/rss/articles/CBMiVEFVX3lxTFBDNVRTdVRIZVZnTWQ3emxCbGFjTmliSGZETFktUmxaaTdST0s2YUNvSXZrMVAzTGpKVGNIelpfTzltRFJUajJXc3NKTGs2VVhsOWtxLdIBWkFVX3lxTE9CWHRWV2Vnb2sxZEp2b0ZGUEtya1c2NjJGUEcwZkNuQXdib1J2bVR5N0x0OFktdVNfUk9EOFlRd01TTWowV3lNYi1tMVQzMW5UVU9JZkVKMlFfdw?oc=5&hl=en-US&gl=US&ceid=US:en,BBC,0.0
A world of possibilities: Alaska Airlines officially joins oneworld - Alaska Airlines News,2021-03-31 07:00:00,https://news.google.com/rss/articles/CBMimgFBVV95cUxQNFpmVy1oamFxOHozOWk1UXZ3N2U1dW52OHR4ZkFCNXMzbmpUcWEtRHdzMkJRY0syTjF6XzkyejRXdlRKWkZHMFA3aHdndHljTm5pc1RYOHk1SWNMRWI0WGtLc0ZYeDRqZXFKaDg4Um1HbXJkT2NwYmpsTTVaUVRkbW5DRHBnLXFBa1YtcEFOM3dQeEhHTV85ZG9R?oc=5&hl=en-US&gl=US&ceid=US:en,Alaska Airlines News,0.0
Mapping internet shutdowns around the world - Al Jazeera,2021-03-03 08:00:00,https://news.google.com/rss/articles/CBMiiwFBVV95cUxNTXNidTYxWlp3TFJNRjlpVTE1Y2tob2dLejQ0MXZYbjBucWlaWmRZRXFmSTdtU0dkeEplenFtakV4ODdpUWdwb0twQjBXMVZycFQ3UVpfeWdieWNQcEI5djk2LWtLOEUzblNrWGRadDJiSUFwUW8wbV82c0Y2UWZ3REJJcWxWdElMTUFn0gGQAUFVX3lxTE02Q0xaZWNxU2VwblhmWm1jWHM3TzNYUlRTdVVwUzVqSW4tWGQ5Z3ZkRTE3ZEZzRC1XOFloR05LZW4xdWFYT1JBcl9MMEF6YUltd3lVZFk0cFFmQ0g2NHBYbHZNSDNWWjFGR1U3Ri0wQWx4cXRYMTRRYWhBaEtfY1VsZ2xtaVpIZEc3M1RxcllPZg?oc=5&hl=en-US&gl=US&ceid=US:en,Al Jazeera,0.0
US News ranks 14 ASU graduate programs in top 10 - ASU News,2021-03-30 07:00:00,https://news.google.com/rss/articles/CBMilgFBVV95cUxNWk1YRHFYVjd1VTdLblNCaGtVUWpQNEdKZFZ0N0lPNmY2OWtZSF9jeVR4LXl0ekJjWDluUFJTVk1KX0REbjVMV1FqSXdJNlFRMFZLcklTQ2V0a0VvZGI1RGFfYkFfQk02Q3lMeVhiMktka1lOS0dOUGRBSDhYWlNUQmlkNFU4VHVFckNMRzJRSzlGNERMZ3c?oc=5&hl=en-US&gl=US&ceid=US:en,ASU News,0.2023
COVID-19 shows why united action is needed for more robust international health architecture - World Health Organization (WHO),2021-03-30 07:00:00,https://news.google.com/rss/articles/CBMi5AFBVV95cUxQYXFKTEkyc0dJNDFZUVFWWnFZOTNHYTNwd1hoNndRVnhEakJNRkZtY0ZmeWJiM3JDNm1qZ2l3cWZjWlFGam1GcDFKQ1hpaXVEdjJ2d25LNFZtUzB3b2l0RmlGRXJBRHRlVEp5SmhtS2ZLSzRrX0REd2lSNWdTSjR0VXFBUk9OWnlueXRMTUd5UUI4VXpLOXpFT3dmN2JBOUEyaC1PNVFmaEl3Z3ZUZXBrSmlabTZ2XzdmQVUza2w0N0N1bXJjcGJtZnRNNjhlQ3E1TG94YkNsZnNVcW5yLVdwY2tibDM?oc=5&hl=en-US&gl=US&ceid=US:en,World Health Organization (WHO),0.6697
USF College of Education graduate programs climb 9 points in U.S. News rankings - University of South Florida,2021-03-30 07:00:00,https://news.google.com/rss/articles/CBMiqwFBVV95cUxNcVJ3eGJ4Mmt5NUZObzMzZ29IaDgwOTFtSnJlWHZNRmdCcW5BNzdVMTN5VnZod29vLTN0dWJXTEVtMXBpWmtaTVFNRjZVTkQ2b3M1NGRJNzROaURhRmFSZWR1Tk1aN013b1JRSXR5TmdCaE1RM0ZnMk9kdEtTalJfellHdFh1WFVrSjF5bGpYZHo2cGVZRmpOYmhlWDFCenRldFBNeFNTeVI5T1k?oc=5&hl=en-US&gl=US&ceid=US:en,University of South Florida,0.0
CDC: Pfizer and Moderna Covid vaccines found 90 percent effective in 'real-world' study - NBC News,2021-03-29 07:00:00,https://news.google.com/rss/articles/CBMiuAFBVV95cUxObkpnOV9pc2czeDVFTHpQME91TFczWVNoVHZXZlBDaU1KUTBrUjBXaXZ3SDJVdENsTnQ1eHVKV3ZCNlk3Wk8xNTE4YlBtdk1Pd210eWNlcnU2WFRGNFNqdF92YXVleUxLem9zdkdsenY0Q3g2V2FfWXFCQVNxanlLRWhUQ21oVl9mZld5NUg4WGRyTGtDaXU1eHhoNndlSWZOWFlraGRJRUQ3X3ZpN1lxUVZLOFJleVhT0gFXQVVfeXFMTzJCT21wSWg1RDdFTjVsZTI3OVh5WVpKMW9zYmJNdkF3STNVbTg3aE1UTkJpa2xiOEVPRmlmeVJMQ3A5QUNnenBsUE90Qjl4WG1uR1UwUXpB?oc=5&hl=en-US&gl=US&ceid=US:en,NBC News,0.4767
WHO advises that ivermectin only be used to treat COVID-19 within clinical trials - World Health Organization (WHO),2021-03-31 07:00:00,https://news.google.com/rss/articles/CBMizwFBVV95cUxQR0dwOXhoWTd0YVp4R3cyOFRrR2QybzNpRzR6Rl8zaDgwdVRnMU1XZTktMVZqVkFidHV5WTVIeWN5OXBrM2I3bjdFQmJaMWwwZWZlZ1RwZGFaTDBaVzJiRUdDSkkzTmdsTUpkNXEtOWU4TElNb1ZSZlpwZGhqUFV0M0dMdXNNaFFNRWxMdUJPQS1BWjgzamZBckNGV1J5ZU9NS3FHY1p1T09KOUhKS1QxLVdINU9jQzFZVkVEdFY4bmQ0NkpvYkRKOFBZZG80YXM?oc=5&hl=en-US&gl=US&ceid=US:en,World Health Organization (WHO),0.4019
Why we need fair global vaccine allocation to end Covid-19 - wellcome.org,2021-03-02 13:25:22,https://news.google.com/rss/articles/CBMiiAFBVV95cUxQTldUd2RRZ2RrUjhqYUw1b000cno2TjVmM3E3ekJka2dIUjIxNDBBeUNZZ2JoMmV3QXJxQ3FpZWR3b2p6M2gtSDNBUGhramItZjN0LTJzazVUdENybmFqS2IzbjZYTEFLOFNXcGRVUzdsU1dTLXNpSXI5eUpCazdHRGJZdmsyUk9p?oc=5&hl=en-US&gl=US&ceid=US:en,wellcome.org,0.3182
Howard University Graduate Programs Rise on U.S. News and World Report’s List of 2022 Best Graduate Schools - The Dig at Howard University,2021-03-30 07:00:00,https://news.google.com/rss/articles/CBMi0gFBVV95cUxPanhFYzR4T3d2WVEtdUI4YVJ5V3VJdzhFRW1yRE8yUFN4UmVPSk9nZF9GU3Q3SERtMU5TMU53SWZTc3NzdTM5NXpQeXBENjJmU2ZRYzNPQmVOSGloeEpIcGJHMjBLUmlmV2JQWGZZeUROTWhFemtjc0kyMG1fZWRSemJ1RkFfRjhSX3cwTXlyZDM4TEU2aGFKZl83NWt2a1dlSlFUTU5ReXVFcW1EV1VZazJBaXU4MlVLQlVIbWdQTVl2YUxFNTJQMmFXTE9zNFVUbEE?oc=5&hl=en-US&gl=US&ceid=US:en,The Dig at Howard University,0.6369
UCCS Graduate School programs jump in latest U.S. News & World Report rankings - UCCS Communique,2021-03-31 07:00:00,https://news.google.com/rss/articles/CBMiTkFVX3lxTE9IcFU0N0VTcDBqc2ROVWdLc19DMkpqZjU5bFUwaFdFd0VMNFFiQXFoN3lSdVN1VW5MYS1CdVdSZkpyaWNLNVlGRFROY1M1UQ?oc=5&hl=en-US&gl=US&ceid=US:en,UCCS Communique,0.0
"Lara Trump, Ex-President's Daughter-In-Law, Joins Fox News - NDTV",2021-03-30 07:00:00,https://news.google.com/rss/articles/CBMimwFBVV95cUxQQmdhT1pQeTRmZnRyeDlOSlZiRWwxR3VKWG51TzlPX3BObXMyeUVrM0o2Yk4teEx2MlZna1UxZ3ZiVWYxX3VBa1BfNFRvT1Mwc1RTM3FSOXE2QzJHMHUxc0c0enc3dHZNV0R6dS05eGt3UmdoRU5iNmkwSFJsaDdpWEFqLUJvSTNBc3JYLVdTSXNPNFdhLUktdnJPYw?oc=5&hl=en-US&gl=US&ceid=US:en,NDTV,0.0
David Muir to Lead Breaking-News Duties at ABC - Variety,2021-03-01 08:00:00,https://news.google.com/rss/articles/CBMiqgFBVV95cUxOSzJqVk9sU0dWLVBTVkpoSGhhTFlyUzBxZDV4RWJiT01TNG9tWks1azRaQy1zZmx0MVBscHVGYURDZkRPTnp4S2VadnhXLVZWbU9zem1RMUcxR3lrd0trSl9OZDlVeVBlb1lMaVM3VlVmdTMwMTJQdnozQ1lNejg3R1dVRG9iZGdRLVFibG84dVF4ZzJjV1VLdHA0UnVFMHA3N3pPbTctUkh0UQ?oc=5&hl=en-US&gl=US&ceid=US:en,Variety,0.0
Coronavirus: 'Double mutant' Covid variant found in India - BBC,2021-03-25 07:00:00,https://news.google.com/rss/articles/CBMiX0FVX3lxTFBXdzFXVmQ0UjJzcGFHS0ZuUXZ2ZDFBdV9STjlIYWV1bWk3ejhUeHFTUVcySExsbmFaQXdtd1ZoNHVKQ2g2bmlhY2duVEtfVjNzTV9iNTEwTjA5d0VPSGpv0gFkQVVfeXFMUFpsUUh1Q0hnanVTbFZIb3VEc1had2JvQUlXME5QUnlQbzJ4T1ptb0VHUWw0R1o1X2hEQjVBYjc1Q3lidi11ODFjeC1LRXFGRk9UcGhZeEVDSkdUTFhucmc0eW1UUg?oc=5&hl=en-US&gl=US&ceid=US:en,BBC,0.0
The wonder material we all need but is running out - BBC,2021-03-08 08:00:00,https://news.google.com/rss/articles/CBMilwFBVV95cUxObjQwekJabUNFSEt5NjlyUkxLVzRMM2dKM0plYnRTb1d3UTgtN29uaTJrTmU3SXBKSHBKTS13WlpCeGE1UjNBYjIxNm5Ddk4yVWxSOXlIMlN3VnN3d3pWd1FBUjdMbXliT3BndHZtd3VEU19zd3lZUElpV1ItY0FubDVBU2N1SnVkSVIxY1BDZlU0dTNBQ3Bv?oc=5&hl=en-US&gl=US&ceid=US:en,BBC,0.0
WTTC research reveals global Travel & Tourism sector suffered a loss of almost US$4.5 trillion in 2020 due to the impact of COVID-19 - World Travel & Tourism Council (WTTC),2021-03-25 07:00:00,https://news.google.com/rss/articles/CBMikgFBVV95cUxNRG9OUXlwZzBJWkpkV2NBODJELWNBSDFZS1otYk9SZlFMWFpheXBPQkQ3WHROenlXUDZkUnhTUnp6ai1rbHVxNmxNRzVyVjBMSzVjZ2ZMZGE1TmhhWGJoTUNqZ2N6MTlvWG80RnBxRU9hUy1yaVVQa1p4QklyZEt1UjBVVm9STnd2LUpJUUhhUTNnZw?oc=5&hl=en-US&gl=US&ceid=US:en,World Travel & Tourism Council (WTTC),-0.6705
World TB Day: Tuberculosis remains a deadly disease worldwide - Mayo Clinic News Network,2021-03-24 07:00:00,https://news.google.com/rss/articles/CBMiqwFBVV95cUxPdDZPSE5JamVVaTFtLVdaWFdYR0doTXQtRkl3R2lKT3ctUTA3ZTNZLUlMMXoycGJrWTJucDdnT1FQejJPeEJEX0lXQU15Y0FCWTRqR1FFZEg4Z3k2X1ZOQzdMT0hkQldOamdIeGR2VTE3akJQQXlKaTJkWFcyRC1pOC1GMU4zNG9JVzJKMmhNS015dDVWZFY4elk3QVRZbnlncDhpSnhsQ0lHcVU?oc=5&hl=en-US&gl=US&ceid=US:en,Mayo Clinic News Network,0.0
News of the World phone hacking: Noel Fielding latest to win damages - The Guardian,2021-03-04 08:00:00,https://news.google.com/rss/articles/CBMirgFBVV95cUxQSWJVY2hqU25vVnNPYUFYT0RQY3V0RlNvMWVNbG1KQ1JUaEJjNEFWeEhWblpfM2ZadE1WZDRUSDBTRXM2UFVYQ1VCSmUxa19FTVgtS3dEUFkybXJOSjlnRFRlNzlSU21ab0dla0doTUFmd0I1NlBvVDNPcmY4TE9vMzdwd3NoUUtITkVvQXE4d3VpdTg1aWtMdXBMek5Na0tNMU9wa3hnNWVSSHpfdEE?oc=5&hl=en-US&gl=US&ceid=US:en,The Guardian,0.2263
UH Mānoa grad programs nationally recognized by U.S. News and World Report - University of Hawaii System,2021-03-29 07:00:00,https://news.google.com/rss/articles/CBMiiAFBVV95cUxNWWZnUEtkV1FiU05zaGNIZDNJLUNjMzdKN3hTa1dxV005UXFZb2gtY0x5a29zN2pZNjQ4eGIzeXZaMlZySmU0VkdZQjh0TVFES3FVS1BhT3UtNEhUNjVDRmJGZnlQUlZuU3RPRHNOY1pVTkFlQmZhazNpVjNhSkFvNVg1X3hOYXdN?oc=5&hl=en-US&gl=US&ceid=US:en,University of Hawaii System,0.0
‘News of the World’ Review: A Humble Reminder of The Power of Storytelling - The Harvard Crimson,2021-03-16 07:00:00,https://news.google.com/rss/articles/CBMiekFVX3lxTE5Sal9wU1ZNV0FyeEhqVXU5dUVzRkxlTFhYd1FjOGxJM3VSX0JkblVhVjczZ3FWSW1TX0hQMm1hYlRjdldoSU1rQXUzYl9tdWxzZTlla0h3aFl2Y3NlRU1sNlVKclBBdTdick1LY3YyZzEtZVdRVXFqWmZn?oc=5&hl=en-US&gl=US&ceid=US:en,The Harvard Crimson,0.0
'News of the World' actor Helena Zengel talks about co-starring with Tom Hanks - Good Morning America,2021-03-12 08:00:00,https://news.google.com/rss/articles/CBMiqwFBVV95cUxQSno4SlRETlBTYzVqM0s1LVZLb1NuTEF1SlgxaHgybXNMQnZMSFJYVUFXUFQ5ZlNxT3V4d3B1QjR1MUE0eUdxM3hkVWdvdURJSWpLQ3VmdU1FSWFfYkxCQVdIdkNpNFlqTll2c1ZCbW1JUERKX3VoTlZwRVdXS0ZtLWhtdzFPazJvVDJ4TnNJanBYbzRPT01WNXlobXE0RVNoUG41Mzh0Q1FwU03SAbABQVVfeXFMTnZuOHVIbHBhRkFBTzRtckNBRjVQNHBFWEFweGQ1ZE0wNC1XN2RLNW9YVFB0NnAteEN4VGxrZ3E2NXNMS3BPZUdYVHB0NmpiV1Z6cVFYdWUyWUg0Y19jek15dXg0V1dzWk5pcVlpdWhJVG05a1pZRTFXZ1p1blgwcGdoVGFsMVZqNzZMRXZUMl9wRTRWNEtlS29aMGxCV0ZpdmNQdUlzbV9mYzc1VEJDTVY?oc=5&hl=en-US&gl=US&ceid=US:en,Good Morning America,0.4404
Pooja Rawat: Community connections in a virtual world - The University of Maine,2021-03-18 07:00:00,https://news.google.com/rss/articles/CBMimAFBVV95cUxNZlhjRzlFMl92Q3F4d2JiM3JSS0dfcEFOQjNYNlR5OUNnb04wSDdOYmJZWGN4QklWT25ubGpYa1liNERrYkFiUmQ4QTBmZG1nQnpxcjhfNkxXWUZMNzI5dmlaYi04MlVtRzhjUFZOV0tTN2VWSHp0SFR1WXZxT1FFRWJyS3c0aFQ5OW1XeEdFbDBhbzB4eGdaRw?oc=5&hl=en-US&gl=US&ceid=US:en,The University of Maine,0.0
QS World University Rankings rates MIT No. 1 in 12 subjects for 2021 - MIT News,2021-03-03 08:00:00,https://news.google.com/rss/articles/CBMifEFVX3lxTE5PQVBpYnppY2tNc3VCWmMyS0FXc0tXelR0cnFZWV9BOEgwdTVGd1N4SVFGTm5MMVpXenV4YTFLRC1YUXdxQk45TlY0NGtONVFHeUFfVXpqc2tJSUZOUGRmM0VYLUplYkFkREI2LUJvRzRMYVc1VHBQVF9DV0Q?oc=5&hl=en-US&gl=US&ceid=US:en,MIT News,-0.296
Grove School climbs on U.S. News & World Report list of elite engineering schools - The City College of New York,2021-03-30 07:00:00,https://news.google.com/rss/articles/CBMipAFBVV95cUxQMmZFVnY1RVRsM0l4WG9iUG95bWM1OGtYLXRtNXd1RTJKYWs1UTdZdGFqMFhjM2FmeW9aelN4OWw0andnRnpTRFZxSENwd1V5TEFVZnd4eHBpaWViZDgtMjk0emNIX2xWb2kzZG5DaUxDc2NrV1ZyWDhqaVdsOU1oSVlNWDhwY3p5eUJLNndGRGE1dllyWGZUOVd6X2lFMnViVUU3NQ?oc=5&hl=en-US&gl=US&ceid=US:en,The City College of New York,0.0
22 Old Dominion University Programs Ranked in U.S. News & World Report's Assessment of Best Graduate Schools for 2022 - Old Dominion University,2021-03-30 07:00:00,https://news.google.com/rss/articles/CBMisAFBVV95cUxPTFRCRWhvckt2eEVLbk4wVVJWaFZiLXI5Rkxib2w5UGRjaWlra0QydUpmZEltbE9rVDBsU2FCTEVmYUs0LWFESlNBTGtkejVXTEQxSlItYXFGTUdzc21tRTZuX2lHbEJVVnZONVJDWHAtR2pqU1Q3YTBPeFpvUDU5YTdWZlFWZlpjQVRtckYyY29JY21Oc1lpTjhNbzRWVklTSG5qcUVITzRCTm5Sck0tNw?oc=5&hl=en-US&gl=US&ceid=US:en,Old Dominion University,0.6369
Ageing gracefully in a digital world - World Health Organization (WHO),2021-03-14 08:00:00,https://news.google.com/rss/articles/CBMilAFBVV95cUxNOHd1dVFtV0JGQ1NldjBWZ2Uzc2k0akZtT2sweElpU01vM3V4UEt5MDRkRHBqcjU1SmFGc2xJZ0ZCaEFNSGFCWkZWd01CSUdSY3pTTUp6WHdFem1VOU1hcWYwbnJkYjVOS3N1R0JhUjJYYUgzbURkY3JybVB0TFFCcFFzczRsc2dJUjYzaTVmdmtMR05K?oc=5&hl=en-US&gl=US&ceid=US:en,World Health Organization (WHO),0.5267
20 FIU programs ranked among world’s best - FIU News,2021-03-09 08:00:00,https://news.google.com/rss/articles/CBMiekFVX3lxTFBDNTg0VUR2NktDaHV1d1dVSEhYQmQtZE1RdjZ0ZUNEYURhTkVLQk50NXlSV0dPWC1vdjdaMXdYUUZpcGprazRFekNSUVJrS0JOT042a3ZCbExWakd2enREQ3VzZG9iY2c0bHVwalhTRk0wc05KYkNKS2Vn?oc=5&hl=en-US&gl=US&ceid=US:en,FIU News,0.6369
US-China relations: Beyond the 'Cold War' cliche - BBC,2021-03-16 07:00:00,https://news.google.com/rss/articles/CBMiV0FVX3lxTE5QU1RiYkJTbTVmelNGa3dMdjR4TWUtbjFLc1RsSnNvMXpYWVFkUUhtS0E4X2tRX0lfR2hjYktPOVR5UVRnNUxTZVQ2N1hjMUJUQlNicTQ5TdIBXEFVX3lxTE5CZkt5Q0RhUUhjMWRhdk1XcldzWG04cW5KYWFvSHJ6UHdoVGx5ZFZWeHdnX3JkS2FuMm1RSHdRdHRTaDBZTnQ4ZGdSN3R6NnB5OUxzRXZWY01qUGpK?oc=5&hl=en-US&gl=US&ceid=US:en,BBC,-0.5994
John Magufuli: Tanzania's president dies aged 61 after Covid rumours - BBC,2021-03-18 07:00:00,https://news.google.com/rss/articles/CBMiWkFVX3lxTFBVMV9VV0tXLXIxVlhFN3hha0JzSG5wWVRTOGkyWFBtTGxmX1l4VEFtazlXcDlLOVRCY1dXYklUaEswSVdoYVNudkphc1hUdEM0OWFFNEwzdUJfd9IBX0FVX3lxTFBlRGZXZF9CUFpIMk5taktUbC1udHplYmxmM0t5dHliRDNTTk9vdlVaRERUYmc0X3kwci0xYloyYUM5TkttQWtfcFBjYVVZZWk3UzFXNHVqQVB2SFRCbjA0?oc=5&hl=en-US&gl=US&ceid=US:en,BBC,0.0
"Globally, 3 billion people at health risk due to scarce data on water quality - UNEP - UN Environment Programme",2021-03-19 07:00:00,https://news.google.com/rss/articles/CBMisAFBVV95cUxQUEx0cUQ4V1E1VGNESGFGZ2Z6bkllN1pYNGFwSXhVb2UzV2hjOFNPc1hsSmJYZjlnSlpxOWkxeWhhbGZjcHBsd3I1SU85eXB0REN1QTJMb3BMOE1uOW9TLXVfZU1zUlRiS3RKSE1nSmpFa0VjTWdSSXRNZkdMUC1zUHV0b1huaEY3M0FyTzZ3ZmtVT01uTnJGMXVWWndjeWxpTk9feE1hR245ZmJobWNNVQ?oc=5&hl=en-US&gl=US&ceid=US:en,UNEP - UN Environment Programme,-0.2732
Gender inequality in higher education persists - University World News,2021-03-12 08:00:00,https://news.google.com/rss/articles/CBMid0FVX3lxTE9CM0paclVhd0JySkRuVjRYcmdBU2w0VGJmV1pURXdPanQtX1BIcTBNVW84MmJGaXV5a0hKcDk0YzZ4RmRfREZzSXdsbFctNHpVNjZqU0tuX1VsQTV0T0w1d250Q3pvRzZDSmFIZHoyYjQ3M3J5d2pz?oc=5&hl=en-US&gl=US&ceid=US:en,University World News,0.0
