title,date,link,source,sentiment
These are the most popular paid subscription news websites - The World Economic Forum,2021-04-29 07:00:00,https://news.google.com/rss/articles/CBMiogFBVV95cUxNV1RqNG5yUEZXb3JzYTVvcGp5bURFaTBpZ3VHVVhmWWhwRXJaUy0wUkw1akVteWZ1N0dQQkI2aTVITnozTlI3T243MU9XQXI4NWg2YzRoamdNck90d3pWbU5QWXVrUWRHeHQ1VmhLWkxfMXEwWmJlZWxKbW1CcWhUWE5qdTJVZnVMWTVFbHdVcFdmNUJ1c3BCSmZfakJXRVgtcXc?oc=5&hl=en-US&gl=US&ceid=US:en,The World Economic Forum,0.4754
Events and News - Welcome to the United Nations,2021-04-29 19:12:48,https://news.google.com/rss/articles/CBMiTkFVX3lxTE10aVpuQ2VfMTJqR3Y3SWNRTENMWml4dlRXWk56V0pkQU9TcENNOHZOcWF0dmNfTktCWG5oZDhsVWhraUFPVEhkaTV4eGhpdw?oc=5&hl=en-US&gl=US&ceid=US:en,Welcome to the United Nations,0.7003
Climate change: Future-proofing coffee in a warming world - BBC,2021-04-19 07:00:00,https://news.google.com/rss/articles/CBMiY0FVX3lxTE5VU0VoX0p2bzkwRkJFcGxESHNUOUJsbTJ3clBYMENsRF9jT3UwTTZHY09GZ2xOZzNIazJDNkRtaEJQMzhRRThXLXlHTzRvS2FGZFVKdlFFanBRcWJwLXAxNEVCd9IBaEFVX3lxTFA5eGp3N0N2a1NqRlFLLVF4XzMzWkt1V2tvWkdFTGtIa2FDT0huSEVCOXpsTEp5RVd6aXJjQmc3VzNqYVMzLXBQaGljaFZtOTV2TjBxOUk0Q2RaNHRHbXMxek1kOFp6aGw0?oc=5&hl=en-US&gl=US&ceid=US:en,BBC,0.1531
Team - wng.org,2021-04-17 02:12:22,https://news.google.com/rss/articles/CBMibEFVX3lxTFBzNXotNFZlc09BZzEtSm14LVBDaFZ2eWZ3MS1KNWdtZ1MteHN2a1RuVFRuX19laUdDa3Eza0ZISHFCSVdDM3V2b2NtRnM5VmhRRUI1Qmtoa1ZMeVV4aFUycmlkZmR0NElaNkpTZA?oc=5&hl=en-US&gl=US&ceid=US:en,wng.org,0.0
Counting the impact of vaccines - World Health Organization (WHO),2021-04-22 07:00:00,https://news.google.com/rss/articles/CBMijAFBVV95cUxQYlJVbkxnVkVRc0J3SVZrT3FJMjlNdEd2WXVLRlJqS2RYRk9jbHRqVUM0bkU5ZlJGMTBDa0Fhd2VfbElmRFhWYXQxM0t5UmJvSzZXY2p2NkFFbGNucFpvU2UzU0cwa1k2SGo1Z0dNQ1hObURmX1hFOGNMU0d6eGc4SUdOTjhlZlYzN1JpTg?oc=5&hl=en-US&gl=US&ceid=US:en,World Health Organization (WHO),0.0
Joe R. and Teresa Lozano Long School of Medicine named a top 50 medical school by U.S. News & World Report - UT Health San Antonio,2021-04-02 07:00:00,https://news.google.com/rss/articles/CBMiqgFBVV95cUxQRnF1UGdsOTFoSEs3ODQyRUh3X19ZZGNtOWtvWkpwY19iR1l5ejNMTmgwWHFlaUwzanhGS2drWFhNdzM0X1BrM2prT3hHQXRLblRTU0V3dzZUVW1odFhkUkZjalZ0OWtUR21zVTBELTEwNEhral9VYktwVXFveG1LWWxpeUV4bXpkQVo3eUFHSVcyX1ljdmdCRGp4QUxBUlZ5SHRBbzB4YmNHUQ?oc=5&hl=en-US&gl=US&ceid=US:en,UT Health San Antonio,0.2023
"New method expands the world of small RNAs - University of California, Riverside",2021-04-05 07:00:00,https://news.google.com/rss/articles/CBMiggFBVV95cUxQRU5ZZzVFVU1YR2cyOTVwWlJNZ2o5Q3Y2VFpBVjROOU03V0lpYUlDbXRtcnMyR1R5VHJfWm40VF9pWHdoZEYzTm5raTZCYTBTZU51S0Jrdl9IZGVoWmxna1Q1eE9pQWhpdlhfRXVDQkhEZkswLVdNVldVbC1UMVd5RzBR?oc=5&hl=en-US&gl=US&ceid=US:en,"University of California, Riverside",0.1027
"India’s 161,736 new COVID cases are the world’s highest - Al Jazeera",2021-04-13 07:00:00,https://news.google.com/rss/articles/CBMimAFBVV95cUxOM25WNzJOeHN5cHFuVE1zMTM4MEJ2T1A4eDlUelYwR2xoa2YzN3BRVzQxVXlZUGdLODZiMGZqWjVjQUhuUVBub1d5ekJjNzNiV09yaGhGbG5XTVAtV1RIZklENEpSNnJIN25kWGFuVElXOHR1d3Y5cGVXRjl1ZG12R19VVTl6bkltT19kbUJxb2V5bzJ2MEdhQ9IBngFBVV95cUxOM1VXa2sxNXRPSWdTM21QZHJIdUExamU5MXNJRlZUSl9nem92NmZxMVhzQUx3WG5qcFljZXM2NC1Ucnl6aEpodDU0ZEJoSjhuMHNGLXE5dkxPdVY1UUR3MXhyYk5lZ1lRTU1pRl9DTndjaXU1eTdQSmJxX0cydVVqdjZRN1RTWTl4Y3VlM2dvTGRDMTVHbWpfM3ZlVVNDUQ?oc=5&hl=en-US&gl=US&ceid=US:en,Al Jazeera,0.0
Assessing the Global Climate in March 2021 | News - National Centers for Environmental Information (NCEI) (.gov),2021-04-13 07:00:00,https://news.google.com/rss/articles/CBMiYkFVX3lxTE5ZOWN4alFxOEZsT0ZnblZmRXVtaFlsRTNrTDhoVmduOHVuUmdNUHRBNWpocHhXaHJqWXJadldtQWpkbmVjMzJ6d1NxRkxESWJkaF95ZnlfZkJfZDdkbllYS2Jn?oc=5&hl=en-US&gl=US&ceid=US:en,National Centers for Environmental Information (NCEI) (.gov),0.0
Why world-class status is still mostly out of reach - University World News,2021-04-24 07:00:00,https://news.google.com/rss/articles/CBMid0FVX3lxTE4takJNaE9DNGNfX3N1ZmdYUm40MGVGQ0cwOGM1QTRnalE3ZWVGWHVZLXVBYmdPdGlkcXJBdXN4NnVoU21kcXY3U1JuQW5UWXhfZlFnWXBaRk5IUUd5UUpkZE5UZmhVckhUUVNzT1p4LWJtTXFCbEs0?oc=5&hl=en-US&gl=US&ceid=US:en,University World News,0.0258
The whitest paint is here – and it’s the coolest. Literally. - Purdue University,2021-04-15 07:00:00,https://news.google.com/rss/articles/CBMiuwFBVV95cUxPT0JZeThkWjYtTXYzd0JNN3Q2eGUtUHJOUk5TOXFzaGFOUmItZklvUXlHcm00UmUzQ19WS0xfSWZsMDFmZGlvUk9mUkthandxQzVlWk5oa2tUam1SZElFX2J0NXdOYmM3NHJCNFJycUF2SkczZGhuQ09oZ2ZIajJRQ2cwMEpEaWtVOVpMVERUeHo2SjBydXlhRnR1Y2YwdlljYmt6R1U1UVNJLWlyV21LTWdxZGpDTFNNZi1F?oc=5&hl=en-US&gl=US&ceid=US:en,Purdue University,0.0
OSU makes gains in US News and World Report Best Graduate Schools rankings - Oklahoma State University,2021-04-01 07:00:00,https://news.google.com/rss/articles/CBMirAFBVV95cUxNTTcta185UmJTMEhqV2RCcV9lLWJqWHlGcllQZEVwS3RWQXNtZEZGcHNLSl9URWhBX09HZTFrVjNFQnE3bktkY3JDV3dMRERBU2gtdnNvTXBLNU96cGhjZjE3MlBscWtlSllCZTh0R3hKOUtCYjR1NVotTE1HVkRvblJLd0VlSjVhb3JrakZ0NHlJaGwySjA3Mkk4cVBOZmRoOG9kaU9zdkR4UWxC?oc=5&hl=en-US&gl=US&ceid=US:en,Oklahoma State University,0.765
Les Sillars - wng.org,2021-04-25 12:13:51,https://news.google.com/rss/articles/CBMiS0FVX3lxTFBQeU4wNloxWWVXaHUzZjRNTXpBem9EZkNJQWZaa1d2UU9mcEJMT1NPUHJkdlM1d3VqVGNHWlF0YUgxMUcwY2tlZjBwQQ?oc=5&hl=en-US&gl=US&ceid=US:en,wng.org,0.0
2021 is going to be a bad year for world hunger - Welcome to the United Nations,2021-04-22 07:00:00,https://news.google.com/rss/articles/CBMiigFBVV95cUxOYTVxMTdELXM1bEtLdUdzeUJXckZYMnktb2c4TXZPNnNUOUtLazhKOFNZaG5oYVAtWmtna3pYY0tUS2pFUDNEWlpKRGFIZWM5a2cxUksxaGZKblhDQlFkYk45TDVOdkVyajlVMW5PVE9HaWJ3X0VheHZURklNSmJNUW5lM2hNNVdScWc?oc=5&hl=en-US&gl=US&ceid=US:en,Welcome to the United Nations,0.0772
George Floyd: Timeline of black deaths and protests - BBC,2021-04-22 07:00:00,https://news.google.com/rss/articles/CBMiXkFVX3lxTE5PeTh5ZVFjYmpYVHA2RUMtWGJNUE9lS2RWQTRXZk5GdGJWSGtNOVVNX0FzWjRURW1lQ1ZjRHZWZmJlcmJBUG5YV00tbXRZWlhmR3FEZVdmMEZsZTlfSGfSAWNBVV95cUxNODFKUnQ2SmlsemttUTgwX3FiRmhaNndCTmJOSXhzZElocWpueWpkQ0hsYVhVUElrTm1xaHZjX1RCS1Bxdmp1a25CNUVHdjF4SHZwcEh5RG9EdEl5azZFV0NFLU0?oc=5&hl=en-US&gl=US&ceid=US:en,BBC,-0.2263
Global shortage of innovative antibiotics fuels emergence and spread of drug-resistance - World Health Organization (WHO),2021-04-15 07:00:00,https://news.google.com/rss/articles/CBMixwFBVV95cUxNMXRCc3BWYlpIT0UxVzVZMjNyaGgzUEZBa0tFYWlLdXdya0p1Q0VOUUNMNV9UcV9YTF95Ry1lR3dod3ppRzBUNEx1UTlLYkpzbjlpN05zdWtiZ3kwOTFXdjM5ZWRPNlNxeDNQX21YcnMyRi1NWGVuWXJGSGo0TzNhWmtIcDNWOVBNNnJpVzFCTklxeWdsckNhdXF2dnZwdkVyT1BoOXVVdWw3ZjVNajZ4eC1PY1c3QmRZMExwWFFuVjFvWGVINV80?oc=5&hl=en-US&gl=US&ceid=US:en,World Health Organization (WHO),0.2263
Q&A: Armenian genocide dispute - BBC,2021-04-24 07:00:00,https://news.google.com/rss/articles/CBMiWkFVX3lxTE5yTjRWTHhjWk1ROVdob2lSQ1VXbU5SWUZ1ZkUtY2lnMktSNWV6eV8zUXQ0SG1KVVZKQkFKYzFDM2tjNFdrbVBpMjJHQ1Nlamt5SVNsTGRUT0VyUdIBX0FVX3lxTE9VNkRVRmVITVhUcVhnRDVGOWhwU1JYajc0cVlwRnlWMmxIQndUNFJfamIxeU1Kc2RhbDZyaDc5QVF6YkhUWVZWazlDZ2tVemVkMXJjelZ6bXZFRzhiVmpn?oc=5&hl=en-US&gl=US&ceid=US:en,BBC,-0.4019
New WHO Global Compact to speed up action to tackle diabetes - World Health Organization (WHO),2021-04-14 07:00:00,https://news.google.com/rss/articles/CBMiowFBVV95cUxPcW43T05KYUdRaG0weTM1WG1aUjVHN3B2Y1FzRFAycFJLbTluY2NabER5QjJLdXlhWmp3RTFhNWF1NVRQSEMzbF9wQ1piYmo3anRldGhKeGc2aXNmVDJLbDNVMmF2VjNjenlZWDVnbi1KRXJmX09kdC1BY3A1X3ppXzBkaVpDT0dIdjJqTTU5bzhzYkh3V1ZZNjR6YnVKQk5oOUtj?oc=5&hl=en-US&gl=US&ceid=US:en,World Health Organization (WHO),0.0
World's wealthiest 'at heart of climate problem' - BBC,2021-04-12 07:00:00,https://news.google.com/rss/articles/CBMiY0FVX3lxTFB1b2xydUxOdFN0aFg3VU15ZTE3OUdPOTBtb0pGLUxiRWpPUWp6OVlYYmtYY3l4cjdxNFRyeHY1WVEwTFE3blBadDBra1BOMC11bWI1bWt6U1E4dlloQ2ZMbU1MNNIBaEFVX3lxTE55aU1hdTBHNTg5OEpCbS1GZWNKRGhBRXg4QnE1MVNVaktRWVl1N0RMdG41OEdzZlRXUDRlVFdTa1AyMERlNEpDVEs5cFpxWkpoV3BobHhpeFQzd3UxMzlQSjd1ZFFmSkIw?oc=5&hl=en-US&gl=US&ceid=US:en,BBC,0.128
"Refugee Camps | Definition, facts and statistics - USA for UNHCR",2021-04-06 07:00:00,https://news.google.com/rss/articles/CBMiZ0FVX3lxTFBLSFhkdXpwYjFjQjZlZmJuZVNHQUZEOGlVeHRlOVZDMUhxY0dJRU0yLUhyV3hqY0NIVjVKVUZQV2V1YkR1UXF3QXczak1fajdLSVdGbkNNeDRnVS1VR0hNOVpwcFhHeDA?oc=5&hl=en-US&gl=US&ceid=US:en,USA for UNHCR,0.0
Hunter Biden: What was he doing in China and Ukraine? - BBC,2021-04-06 07:00:00,https://news.google.com/rss/articles/CBMiUEFVX3lxTE55Uk5IRE5WMWx0Y3ZqRm16bHFFaGx1Sk1nWEMtcUFGMndsOGx4eDFCaE9wb2JpaVNxNEppZXEzSkljRzBzQUhmc3NpR3pWRDFw0gFWQVVfeXFMTVk3THF4a2g1ZUthWmRram1JbDRLcTJvSEM1TThKLWxybHpkbG9RUU1Nc0l1MDE4b29VbHh4SGptc09KX05mcjNmNzBOZnlaeEVoekRGd2c?oc=5&hl=en-US&gl=US&ceid=US:en,BBC,0.0
House of ‘Abbúd: Holy place restoration completed - Bahá’í World News Service,2021-04-08 07:00:00,https://news.google.com/rss/articles/CBMiSkFVX3lxTE1URFpnam1pbmxOclpEeEFjanZ3Yk80R0c0VkxaN3lUcnVha0N1RzJaQVdaNi1Ld0swTWhsNWZBSWNIUzFJZEZZVWl3?oc=5&hl=en-US&gl=US&ceid=US:en,Bahá’í World News Service,0.0
China and US pledge climate change commitment - BBC,2021-04-18 07:00:00,https://news.google.com/rss/articles/CBMiX0FVX3lxTE1lZ0xiT09TR0stcVZFT0I2dWJGZHVBZkN3U0MzNUNSRkdpVE5TS0Z2V0w0RmFLTmV3VmpUcWJDWHRPZkNXMWp4WWowUXJ6V3Nwd1Q2ZG9uSHpueUo4ekpj0gFkQVVfeXFMT29zMjllWXhYQTZXcWlxdi1qLVlsYnJKU3ZDN2xGaGEtbWFSajhfZk5tVGc2aW1xTnYtaURaR0Nmcy1ZVG8yd0JOLUlwdDlaQVBWMHl2ZW5aekJSTk5vZGhacFFFMw?oc=5&hl=en-US&gl=US&ceid=US:en,BBC,0.3818
Defense Secretary Calls Climate Change an Existential Threat - U.S. Department of Defense (.gov),2021-04-22 07:00:00,https://news.google.com/rss/articles/CBMixgFBVV95cUxQLWhBT2tHNm9fN0JXc2ZzSmFBWkwwcWRJOHQzbElaMG5uaXgxcEpZMUFLMjlpb3huQnlTUzVVVnhTNTkyQ1djaVlqbVZlREg0SHBiaG1menlEUVB1R0l0OXk4OXoxOW53Q2RGOTNtRDNyaE9MNkpOTXUtOGp2OHZBNC1uNXR4dmVybEdNTEwwek1VZkpyZnpWMTZISy14N0IwRHY2YmMxZ1h1dHF5ZG5RT0syZ3JRWUtDRzN5RGl5MlJua2ZqRHc?oc=5&hl=en-US&gl=US&ceid=US:en,U.S. Department of Defense (.gov),-0.34
Ukraine conflict: Moscow could 'defend' Russia-backed rebels - BBC,2021-04-09 07:00:00,https://news.google.com/rss/articles/CBMiWkFVX3lxTE5PakxUWWtodWY4M2ZvamxNRWx3a3dncnByU3puc2Z0Ml9hQzZRR3F3dDRWLU0yeDFUdWtIOTZlWW45Zm5nQmhQLVhyb2ZaUk1OYWJXcHM4NDY2Z9IBX0FVX3lxTE1zVmZfUm5ZODJNS1YxcUExbVpBZXBmMkFMU3ZtSEVSb0t2NXZYQnAtbDhzSDNBYU9fV3NHU3EyU1huQV96LTBnZlhWVXlOZ3lldzJlQTM5NFdGaFZKRXVz?oc=5&hl=en-US&gl=US&ceid=US:en,BBC,-0.4767
THE NEWS OF THE WORLD: Abducted and Erased by Hollywood’s White Saviors - Native News Online,2021-04-26 07:00:00,https://news.google.com/rss/articles/CBMiugFBVV95cUxQTzUxcjAzVHNod3RublBvMGtjY01LOFN1anp0T2Vfbm9LOGJKT0VteG1ZaWdLVWV1Q2xEVy14RVNzMzR1czFEaVMxaVlQalR1cHpNYlVOM2ZCaWRDeG5kZTdaMl9TWHRITUZZdnk4ZklsbFBmTDFuVy1ONFZJeFpRY01wMUtQT09tcFc3cXlNVk9aSlhJemFiTnhMR2psZW50RVZVaDBzenBQSll4NklEN282dHpTVDctUkE?oc=5&hl=en-US&gl=US&ceid=US:en,Native News Online,-0.5106
Estonia to assess adoption of nuclear energy - World Nuclear News,2021-04-09 07:00:00,https://news.google.com/rss/articles/CBMimAFBVV95cUxQVFJrZTZudmx1ZzJLZzJjWTFHQlpCSHJRMXByYTZtSkc0d0xROUZPWFhWYlFCcElkT09YeWdmNVlNdno0M1hfeUJLczlnLUhNM3cxX2tmZnJfTDZhRENQZmlVSXVrYVpnZmNFMXBDNnpaRTUyTGx4NGQ2WHlha3lud1lNYm5ENW5tc2hiSk54YzhBUXdiMnhQTA?oc=5&hl=en-US&gl=US&ceid=US:en,World Nuclear News,0.2732
Graduate programs land in best for 2022 U.S. News & World Report list - The University of Texas at San Antonio,2021-04-19 07:00:00,https://news.google.com/rss/articles/CBMiigFBVV95cUxQQ1ZKLVRUMi1XSTZwd253OThkN3U2cW1oTUhtRnVncHNIazJha19wMlBpYk5zdDRrWmIzOVpCSHVuek93eFE2YTdUNzNhdllGSVlLRF9GM2s1QUVaekwtNWlFWjFJUHVNOFZrQVp3QzRISVMtQUpPOXpUT184Q0RUMmpINGloM25rRVE?oc=5&hl=en-US&gl=US&ceid=US:en,The University of Texas at San Antonio,0.6369
World Immunization Week 2021 - Vaccines bring us closer - World Health Organization (WHO),2021-04-24 07:00:00,https://news.google.com/rss/articles/CBMiogFBVV95cUxQeVNxVFFvYWE3SmxsU2dVX2phb0pXWFNHaHByN052RmVBOThXV1ozLXRUM2tiZW92aGd2MVdaYWxnZWlMZjhGX1JPNzVwYVBtclhDVTEzRWktZG5WdENEWHhFVUlUSXpEVDN4MHZLZ294QzBFWVNod1BqakF6UGZIVEVDc0E4NTNkQXlWLVlXd0RyZjBHLWduNjlNVWNockZZWGc?oc=5&hl=en-US&gl=US&ceid=US:en,World Health Organization (WHO),0.0
US State Department launches SMR support programme - World Nuclear News,2021-04-29 07:00:00,https://news.google.com/rss/articles/CBMimgFBVV95cUxQZmJvQV9ITFpRajVNMTF3V0l0bk1OWGVfRUk0cjNyMXpabnlUek01SThrMFRfcVdmakx6UFhZc3RGYU5GNjl3TWZiZmRXb0xxNG5fMTg2YWh5ZTAzTi1QZzdmVndYNHJiTzJSNGZWeDJrcURsV1gtWjB6RTdVLVFRZHhldFQ2ektjeFdGdVI4dUpyWXJCbW5nYml3?oc=5&hl=en-US&gl=US&ceid=US:en,World Nuclear News,0.4019
Chile sees Covid surge despite vaccination success - BBC,2021-04-15 07:00:00,https://news.google.com/rss/articles/CBMiY0FVX3lxTFBnZGxqWW9mbWUzZDBzQzByUTk4Z1VqUUswcW45VGpmRGRpZHR2NHljaU9IQmo3Z2hYSDRLeTRhalNyMGtBOXNFRFRZU1JCODZNRHZ0ZGZRY0M3aEVaNnJ6MjRLUdIBaEFVX3lxTE1nLUV5Vm10X184aFM2WElVZGltZkl3NmswUVFLanpCMExYSDk1eVNOVGV4NzhEU0xZWmlNNnlaZF9VeHRyRm5OTnAzTzFuVWxhOWlfT25PSlh4ak1QU3JZLXV0RHNkZnh6?oc=5&hl=en-US&gl=US&ceid=US:en,BBC,-0.4585
India's Covid vaccine shortage: The desperate wait gets longer - BBC,2021-04-30 07:00:00,https://news.google.com/rss/articles/CBMiX0FVX3lxTFBvWTBKWkttZktjNmlwZVg4eGJzNml3TFpwNllqc3kyRG8teUNWa0Q1YWhaMVByWVUyQXNmX1RqZ2w5Zm9zcFBLWDZSTmtubWpGdHlFZm1VZ2NYTWxqOGYw0gFkQVVfeXFMUHlYN3dIWEVST2o4cFFneWlEeC1BSHMyOXFuNG10bm8wTURBazF5aTRCUUstWUtLYm5UaHVzUXlqYW94UjZId0FRRHU4RzYzcUItWmhYNEtnZUFWUWhhYXpRMmJ3RQ?oc=5&hl=en-US&gl=US&ceid=US:en,BBC,-0.5106
Alert over shortage of new drugs for ‘world’s most dangerous bacteria’ - UN News,2021-04-15 07:00:00,https://news.google.com/rss/articles/CBMiV0FVX3lxTE85cV81MGJJQXVSbklGV2xOSEFvTzVQZmJ2YUR6emR2bERHRGRHWEl6dFh2SGRTeE5vTGhRNjVyQW5GYzFTTHZpSDFKN3VBdEZ4Y0Ziamhjaw?oc=5&hl=en-US&gl=US&ceid=US:en,UN News,-0.4927
Coronavirus: WHO chief criticises 'shocking' global vaccine divide - BBC,2021-04-09 07:00:00,https://news.google.com/rss/articles/CBMiUEFVX3lxTE1ObmZCNE95YUVtVEltOXlSTHA0ZHNETG84XzB4OWw0RDFiLWpfX29LNTN2NnJSZFc3OV8xY1hGSkpmVzVMeGRtNjVlMlo4ZXdV0gFWQVVfeXFMTXNjeV9YZ2JKMWpheF82S0FvV1RTdjdPWHE0MFg2UzNjTnp0bkh5RG1kMmFJQnNBdlRkQVNTNElKOTdzY2I4bV9FS3dXVUVHWEw3bTJuZlE?oc=5&hl=en-US&gl=US&ceid=US:en,BBC,-0.3182
Why the world should pay attention to Taiwan's drought - BBC,2021-04-19 07:00:00,https://news.google.com/rss/articles/CBMiV0FVX3lxTE1ySV9mWVFyaEZXSFFhTmFaOXotLUo0MlliZEZIT3NmWG1lTUFFcXdZT0wtcWlzN05xelo5V2QtQ0xkZmlzU1hjb0V1SG15eUdVOFo0c3Eyc9IBXEFVX3lxTE5hQU9SdFZfakRMNlBNeE5DX3U3cFYxd1ZpcnFESWRJbkRJQ21EdGZ4Sm9kdDFSRklLemF4blpwcXRjakFFcGJsVGwxUDRyMFBicThkZVpPV19yNVJx?oc=5&hl=en-US&gl=US&ceid=US:en,BBC,-0.1027
Fukushima: Japan approves releasing wastewater into ocean - BBC,2021-04-13 07:00:00,https://news.google.com/rss/articles/CBMiV0FVX3lxTFBKN2VBV2FuR05TeDVJcjZpc1hmVGpuVl9PWkU4T2xjTU5OZzRwelVXUVQ2R2RSU3V2MnpYRjhIcjRsZTlfTVhBT2EzV25tdnlQd1RYOXozNNIBXEFVX3lxTE1kY0ZFb0hZM2MxWUV6Rnd1LUE0U3BmNmpCTy1UM3ZQSmotT25DbThWVXFPRWdQZ2ZwNVFmVndaU1R4LWNHTjVpb2NIeldNcHRzcUJkV0l2MksyeE1o?oc=5&hl=en-US&gl=US&ceid=US:en,BBC,0.4019
Sputnik V: How Russia's Covid vaccine is dividing Europe - BBC,2021-04-16 07:00:00,https://news.google.com/rss/articles/CBMiWkFVX3lxTE1RY1lYbHE2cmhJZjV3SW9FNGF3cUpycjBMMHNEeUJSM2pnSDRBWjBKQzZPY2otaVhiYTA5SjNFa1I4T2FVcE5IRDViWUpVeW5WWUhhOEtWbWVJd9IBX0FVX3lxTE1JWHpvR3FTaEFDNkNjMHVBTS14TW9fX1RQWk1yNjN5V3lRbWlLVDZEb2pKUzg5cnRzazdUaXRjNE83dC16Q25tX0N5SVh4Q2wyWXdKalpiWERkeDFWdWI0?oc=5&hl=en-US&gl=US&ceid=US:en,BBC,0.0
"WHO urges countries to build a fairer, healthier world post-COVID-19 - World Health Organization (WHO)",2021-04-06 07:00:00,https://news.google.com/rss/articles/CBMirAFBVV95cUxOR2t6LTRsSnl4eUtaeXQ3eVZ3b1pqS2w5RXRHSXdsUGczcnI4WmxIaWNVNkg2VjVPNHlYaXZPTnl4aE1LTkx4NDRpX2NkTmE5NmhyV01MQ3hYUUFmOHBMOW1LUWlTTWh1OHRmZ1lRV3lmWXp1TEtOS2VYcW1ZUDYzZjlHb1FnVVFsSzVsNElmWC14UFdlQWZhQlBOcS1UamNxa1VOa2VsRTVjYUYx?oc=5&hl=en-US&gl=US&ceid=US:en,World Health Organization (WHO),0.0
Niger uranium mine ends operations after 47 years - World Nuclear News,2021-04-01 07:00:00,https://news.google.com/rss/articles/CBMimAFBVV95cUxNcHFNdXJlUU44clVOR2VEcTBUOFdnOTBKbDdyN3BpZ0FQY2JSY2lSemlwUzZPWHo0M1IyYW55TWszVUk3XzV5SGVfbUlOWUY2NmlXZlhPejhJWHZQX3dlbjE0b1MxdmVjRFJrRUt2Yi1GQlZGcVZVdm1aOXRXWEV6TVNxUHJiSjcxNVJoc1BXS1psNW94U3NENg?oc=5&hl=en-US&gl=US&ceid=US:en,World Nuclear News,0.0
How should the world invest to prevent the next pandemic? | News - wellcome.org,2021-04-11 07:00:00,https://news.google.com/rss/articles/CBMie0FVX3lxTE5Xcmo2alY1a21QMzd6NTdvbHpWdFhMb3VFTWtBN0dVZllOUzdra2kzR3RqZ3doQ0tRMzJUcDQ0aGRqbVZ5S3FvN3ZtTFhwRE1YMlF4V0xBZVFPY3NIZXVycV8weGFhWTA3SlRJMW5GU05CaFdFN2IwNVdhRQ?oc=5&hl=en-US&gl=US&ceid=US:en,wellcome.org,0.0258
Covid: US rules out federal vaccine passports - BBC,2021-04-06 07:00:00,https://news.google.com/rss/articles/CBMiXkFVX3lxTE1OaHcwZDFEbjc0TDFveDk4aDRxSFVvYk92bXdPdDdYZTdOTVR5Q3JQSkRtVDFjQmJkVkpHc2dGRjYtM0cwZUsyOXFTVzk1bFgyNWtobDhINUtuN0RCeXfSAWNBVV95cUxNdzJwczZSdk9DRTNHaWRtejBhXy1XX2VMSzBYVkJ0X1NkWWRIY2pqakZuOXZPcFJGSlJPSjlGaDgxTGpWUC1JQ1JQV0FYQXlyZFV3cnNZNE13Z1JYMGI0bW85M1E?oc=5&hl=en-US&gl=US&ceid=US:en,BBC,0.0
Biden administration to restore $235m in US aid to Palestinians - BBC,2021-04-07 07:00:00,https://news.google.com/rss/articles/CBMiYEFVX3lxTFBraDBoRmdMeUktNU1sLXYwMk9Ga3VZdkJMcEY1dXpTSm5NcS1JcWxTNEhRT1RsMnF0VWFJTFlYT29qUVpoWEhKQnE5enNPVUxjR3lpQ1RVTm84LUZuTFJwU9IBZkFVX3lxTE9nU2hScHJiQTJVZDk0ellrNXR3emQzTjQtSnMtZ3ppdFpSbG83OWhfa1VqWF9NR3JEOGFmWC05VU9EOE1hWjI2Umxjc3dFX01XT2NZVnVhdFMzN3dmYThMcU1sNWJldw?oc=5&hl=en-US&gl=US&ceid=US:en,BBC,0.296
Deadly fighting on Kyrgyzstan-Tajikistan border kills at least 31 - BBC,2021-04-30 07:00:00,https://news.google.com/rss/articles/CBMiV0FVX3lxTFAxSkdrS2k3Rlh2c1lvaTBySUFaOS1jZ0ZKaEVINWdjY2lkSEQ1TEYwRGg4VXVFVjlXanR2QVNJRE1XYjc0ZEhFdThZSUF6bjVwSDlRUFoya9IBXEFVX3lxTFAyS0l5X0FoVXBrd2laaXlPU2NGUE81RFo3d3V1Vk1qRHRVUEMzOUFWZFZ6UXNpWGdWZkdpaFl1SUszRF8wX0FiVkNBV3RHQU1GV2JQSFVrRG14eXA1?oc=5&hl=en-US&gl=US&ceid=US:en,BBC,-0.7184
"College of Engineering and its programs make 2021 U.S. News and World Report rankings - University of Nevada, Reno",2021-04-06 22:28:04,https://news.google.com/rss/articles/CBMif0FVX3lxTE1uQjJQNXFpektid3JZZGtCQVZzWEVvREozblpaTVMzSENKaTg3T0FkTHFYY01NSnluc01hR1FzZ3JSMld2UjFKOVk0YWtPUHNJektOUEdtNHhzaENfanRNZ21yUXZ6WVpBSndTSHB3ejkyZXRfX3F5ZG15alQ5Zlk?oc=5&hl=en-US&gl=US&ceid=US:en,"University of Nevada, Reno",0.0
George Floyd: How are African-Americans treated under the law? - BBC,2021-04-21 07:00:00,https://news.google.com/rss/articles/CBMiXkFVX3lxTFBDZHlGXzFIb2VpbEpWek1rQ2YzOXlXSm9IUGtUZDFHX18zOGYwWEdpT3Z5S3VhSUJ4MS1mcktudTAzRHVfNl84TWJabEczMHBnSENYcWIxZWtKZld5ZnfSAWNBVV95cUxPenc5RUIteGtqWEZrdWFhUXdUNTNKMEw0WjM0Tmc1dnN5VTVhQkhHSG44R2p0RF9mNG1JQ2JuamQ0cHJHTWJjVWM4S0cyWkZpRjZmRURlY1MtWXEyVlhlUHozTmM?oc=5&hl=en-US&gl=US&ceid=US:en,BBC,0.0
World-renowned anthropologist Paul Rabinow dies at 76 - Berkeley News,2021-04-23 07:00:00,https://news.google.com/rss/articles/CBMilgFBVV95cUxNejRHMkhPdVBQNkJ1LVNHSWUtLUpwdjJOd1BUazUzeHlubFNvT1oyZnpuVHZpLWNpYm92RnFjVHl3ZGNwRi1HTFJFNmVVQXlPTTFwZjdzb1dtbTRJOHMzdDlZNFYxRWdMdHNGYjRuelo2ZzM3N2dMcUE5dWtBVDZGUEdESEliZ0RFd19kZzh3aFNxb1NDeVE?oc=5&hl=en-US&gl=US&ceid=US:en,Berkeley News,0.0
Iran begins enriching uranium to 60% - World Nuclear News,2021-04-19 07:00:00,https://news.google.com/rss/articles/CBMijwFBVV95cUxOOUZMUWJ6OUlpUVFKTU9pNW1aS3FERmtEdW1HZ2c2QUVfNVZaNFFoc1pCSDU1eHlDRWZtRDJEYlpHbkItOUg1Q2xxMi0tYm5nT2lCSjNNN1dLZWJDWnB1UUhGWnA1d0U2VmY0LWRUdFJwXzYxVUlxcnU1cXJiQXJMdHRuMG5MTFFHQlBHczJKaw?oc=5&hl=en-US&gl=US&ceid=US:en,World Nuclear News,0.0
National World War I Memorial honors 4.7 million Veterans - VA News (.gov),2021-04-16 07:00:00,https://news.google.com/rss/articles/CBMiigFBVV95cUxQT0F4S1NCSEwyLVlQQ3d6QzMxMkw2Q1JFdExvV0dhVnhZaWVid0J6cjBNcXR3WVJJOFVQTmNFb1ZHVF9HU2FuSF9lVWVteDFzQ29mQ0NSVmxIWjRCclloRkVGc0RUVEZWZ29abkowUFNuYU56a19XLXlmbVNWXzdPNXppQmpSX0hQY2c?oc=5&hl=en-US&gl=US&ceid=US:en,VA News (.gov),-0.1531
"Covid-19 in India: Cases, deaths and oxygen supply - BBC",2021-04-29 07:00:00,https://news.google.com/rss/articles/CBMiX0FVX3lxTFBqVklVSXBzendrcFV6a21sMzR6THdScmdFamo4X3JsMkVlVEI2NlhjdzcwOXY3WEVkUTE2R1R2bTRab3dWN0xxSjc0X2RYRkhMNlhqazg0c3ZRR0VmVThF0gFkQVVfeXFMT0JBLUd2RlVMZFdzaTd5bTM5c0QyT1h2QlE5a2ZfcXJQV3JOdUF3Uy0yNk5LM1JpeUZ1WUNVYUNNMmdQUjB3UU5Vbkw4NS1ZRlgzUE00cXBfUk1pbmhrNDItSVZndw?oc=5&hl=en-US&gl=US&ceid=US:en,BBC,0.0
U.S. News & World Report Rates Deese College Top Public HBCU Graduate Business School - North Carolina Agricultural and Technical State University,2021-04-09 07:00:00,https://news.google.com/rss/articles/CBMiX0FVX3lxTFBvendvZXZNM05xcDRWWjlMZFFxNmdtcVZvMUpKMVBWalRBUjB1V3NieFgxYVE2RGlXcUZqajhSdW84eEE2TjhpY0g3cTRmWF9tRm5nekhyaWdEQUo0Q2hn?oc=5&hl=en-US&gl=US&ceid=US:en,North Carolina Agricultural and Technical State University,0.2023
US conversion plant gears up for next 40 years - World Nuclear News,2021-04-14 07:00:00,https://news.google.com/rss/articles/CBMilAFBVV95cUxPYjIyNl9wMzlBUEFJcHpoNkZqM3FOV3VkaHVkWTljTFhfd2lienZNaHRjVjlVZGFtV19QY0l2bDFBSGpodTg4SS1hTXhXeG9udkFQYm9ET3hmSm1fU19haGFIWHo2amZ2SkRSWkNyb2hBcTF1Z0NXOTBDTWdDOFRtS0UwSFBjMTRkY0F2VmxZX3ZUVUgw?oc=5&hl=en-US&gl=US&ceid=US:en,World Nuclear News,0.0
Earth may have been a water world 3 billion years ago - Harvard Gazette,2021-04-30 07:00:00,https://news.google.com/rss/articles/CBMitwFBVV95cUxQMjd6elFNM0ZsdUNGU250RHcwbllfWU5LaUttbk9US2tQQ1ZNOFBRajY1SzRhSXVsbGRMVWlXdlZvZHhEdGxCT2piU3Q0QXRxeTM5WjhkcUFGb2EwcTByT2Jta2VqaTVKMzlNMGxxR3YyTnVSSmRvMWwyNkZXMTcxcEFKYWgzSEpsbG05cEZWSUIxRFFEVXVvV05EU1ZDOVJodzEyVXM1NmQ5UjJvYkFHMmlrUjEwX2c?oc=5&hl=en-US&gl=US&ceid=US:en,Harvard Gazette,0.0
PvP Vision & New Features - newworld.com,2021-04-20 07:00:00,https://news.google.com/rss/articles/CBMid0FVX3lxTFBUSmlOMmNveU9feXNnTmxDU2NmWktGSEdOQkZSLTJvQktfRHd1SEVNSGRhQ3pYbmc0V3FOaTVTaWxId3VWSmtUSVplVlVjTUVjSGVzQXR2WGpENGZrNzdQLXdLR0VFRHlxTFU2MlNoLUZkSXVvWklZ?oc=5&hl=en-US&gl=US&ceid=US:en,newworld.com,0.25
Capitol riot: Prosecutors get first guilty plea 100 days after attack - BBC,2021-04-16 07:00:00,https://news.google.com/rss/articles/CBMiXkFVX3lxTFAwZmZTbzgwa2VzakxqYWFkQTJFVm9ZWGRfREEwQWZnbFhIQ2VCd3BTTnM2YnUxRmVRX0hqb2U4ekRvdUxUVEZfdkR1ZndGT0R0cjM3SWNIZTVOUTR5blHSAWNBVV95cUxQOWFac0ZjRVd0VXhPNDBFMDR1RVBNcGlaXzVzM09xZHIxQW1pSFN2X1hPVVdqSjc4RXhPMWszYUplaEs5TkFSRVJ0VTc1Z1lTN1ZkNXZnekZ2NTRaM2UyeEE4NDA?oc=5&hl=en-US&gl=US&ceid=US:en,BBC,-0.8591
Putin warns of tough Russian action if West crosses 'red line' - BBC,2021-04-21 07:00:00,https://news.google.com/rss/articles/CBMiWkFVX3lxTE4tWFhWUVFOUk1sZXVaVF8tbWFkVm5JVE03T0hKQzY3TGJpV19pNlRmbUdvV0pkUjNWR2s2dmRvZEVidV9CZ2JocG9oS2RINGhBYWRjRmlVT042Z9IBX0FVX3lxTFBfWkdPRjRuMnkwMHZ3M1djRlQ1YzZzTUFNS19jYXhYUHV4UHdWNGZyR2NjQXVfMnBUcG9MTTVxT1BnaV9zWWRaVkVtcDdJUFBxMVN6dy0tX2IzRENrYXZj?oc=5&hl=en-US&gl=US&ceid=US:en,BBC,-0.2263
Covid: Australians could face jail or fines if they return from India - BBC,2021-04-30 07:00:00,https://news.google.com/rss/articles/CBMiXkFVX3lxTE90NmdzeXZwMWIzcE9uZzZoMmkxaUxuOTBDVVBPc0VnMFpHRDN2S2pvb1dRZmRNRGpLaXNOcnExazhETmtTOExWZ3hvTFJVeHlLendoTEZOZXpPazVYZFHSAWNBVV95cUxQcU54VVRlZ1NYcFFNc0l0bk1tT1JWaFZ1S2RYV0JGRWpZM1VkcE9vbFNSWVl0d2FoLXdEREpTOVhyR1RnWTYyNWNHeHNhMEpTTGk1WnkzbVVrTVhqMm9MdUZPN3c?oc=5&hl=en-US&gl=US&ceid=US:en,BBC,0.0
World reacts to India’s catastrophic COVID surge - Al Jazeera,2021-04-26 07:00:00,https://news.google.com/rss/articles/CBMikgFBVV95cUxORW9iVWZlVV9WOTJSLWt3RDZXOXFWMkk0bGt0ZkgzNUdydjNsVmY0X1ZVRHY3SDdVUGwwTTAzWDNQcG56Zl9YY2ZXREdjenBScXdMTlBRRkl2a2VPLXlzOG82V3VJZWptVjNBc1d6eG9CWVRrMlZ3dWw2WDU0ZTBnWHdMclRxTFlGWXlQclVUR3I3Z9IBlwFBVV95cUxNSXR2NmUzOGZxSzNNZFMyTTdLeU9IRjhrNmZDaHduVTN4cXpNREJCX3VOcTNkd1d1NjhEOVFMV2hBMWdCMkM0VE1HQURCMmR3Y2c2azY3M2NXZ1NKMC1tSzlxdEt5TVpTV01NMU9YdkVVMGNQR3k2dUZSTW9heXBlblpBaXhnT3NCSjZ6RU84bmQwaVg0MkU0?oc=5&hl=en-US&gl=US&ceid=US:en,Al Jazeera,-0.4939
Burris Laboratory School Recognized as One of State’s Best High Schools - Ball State University,2021-04-27 07:00:00,https://news.google.com/rss/articles/CBMiwwFBVV95cUxOd1NucWdOSnJyNGJ3Zm0tR0trZ0xrSzFGeDd2SUJNUmtrS1JEdmlMTzQyNzBMRjZOTFVueV9TeUFIRE5YM3NtX1pkbUdXckVnQ0o1aTZPbzlybkZfVi1FeVhxdWU3dWhtZ1FyTkJFVHVJYzJLQWNld1llWkRlNTBKR2stRVFGUXMybmVxRkplWXJjUTRUU2c0R3NsYk1LRUpHenFxbkNpRjM5Smg3Yzl6WVNBUi1NUjhpZ3NpZkZnSk5hX3M?oc=5&hl=en-US&gl=US&ceid=US:en,Ball State University,0.6369
FIU launches new global sustainable tourism program - FIU News,2021-04-29 07:00:00,https://news.google.com/rss/articles/CBMigwFBVV95cUxPTzFjQ2s3SlJ4MHI0bVNWYzRDRHVVRDdtdXpEcFNkOGxOZ0tDTlVrc3I3X2Q5d3UtZGh2aS0xUllQcEZreFluQmZGZG5ISmpZUXpYbEdMdVFoRExPT3psYnNLVHE3Q2ItZHlMM0hBUDItN3J1Y3I3ZEdrLWpVaDRpUllRUQ?oc=5&hl=en-US&gl=US&ceid=US:en,FIU News,0.0
Egypt mummies pass through Cairo in ancient rulers' parade - BBC,2021-04-03 07:00:00,https://news.google.com/rss/articles/CBMiYEFVX3lxTE1IXzNEQVZuMTFLa1ZMZUtLellHbjRmTTJCLXN6NWZhNDRSNnRtS3Rra2dYSnI3Ny1zRFNpRTNWTmVOUy1pX0RRZ21KbFFoZ3F6b3Fvdm9CMnZSTW56bGU0OdIBZkFVX3lxTFA5Z2Q3cGx6UlhINHFLUEk0MzJsNW1PM2daS1pvX3NLV2w5eS1mV1VWalJ2TTBxNnlpcl9BMzlFNVJrcjlETWtDSEI4amV4Ynl5bEM3d0hSRjZJOFVlQzlzWVZEYXd4QQ?oc=5&hl=en-US&gl=US&ceid=US:en,BBC,0.0
"Levels of domestic violence increase globally, including in the Region, as COVID-19 pandemic escalates - emro.who.int",2021-04-06 00:35:06,https://news.google.com/rss/articles/CBMi2gFBVV95cUxNWWl6V0htMm44dFRtVHBPbUE5X0FTamZvX2tlbEJjT3Fhd2JseWNjc3VDcURLUlRGaDA5VWRKV1BTYzB2UnlQQXdEN3FFcndvQjRRNFEzRWN0eG1JS29NTDJrWkRtNHZKdkQtX0VUQXI1QnpIVU53Tm5jZUtYVlNQc1ltN0otcjJvOHhzR0lfcG85TGZ5S3Jma0c4TDlaZmg3aXBoV2s3TWUxSTFETkhhbmQxTklDYVcwWklxSXRjQ3ZxYmwxbHV0cm1hVDg4V3RydXp6N1UxLU1kQQ?oc=5&hl=en-US&gl=US&ceid=US:en,emro.who.int,-0.4215
Covid: India sees world's highest daily cases amid oxygen shortage - BBC,2021-04-22 07:00:00,https://news.google.com/rss/articles/CBMiX0FVX3lxTE9MNld4Q2R5OTB4UjJlOTVQbHI4N1dnU0hJbE9WNC0xLTZwbDUzMkNrR2lGUmRLY1RCVW9ZbVRkejlfQmNMdEJmS2hwV1JtLUdMbVF6Yy1QMEJ3MFBLYmhj0gFkQVVfeXFMT19Sa0ZDd0cyNUlMNlhyenpFSVdZdFVkS2pIRW1Cc3c0NGM3bHItSUdnQS04Uy1GQmt3M3JpWGFMVWlOX1l3Y2Z0VEFqakF1cmpiOWhPUzctVVBVNnB3dG5ST0Vydw?oc=5&hl=en-US&gl=US&ceid=US:en,BBC,-0.25
We Spoke to a Cremator at the Center of India’s COVID Hell - VICE,2021-04-27 07:00:00,https://news.google.com/rss/articles/CBMilAFBVV95cUxQQmhVU3FybEx0MXhIX3V6bzBBS3RydGZFZFFEYkJ1aFhUT1hZbzFSSDhfaXVMdkMzdHNJTzBxQlNWTTkxWEtpbDlqZlZlUFloQVV1dGUzU3V2Nnh3S0xPdUl4Mk9QaWNxMlIxeUNpelJXV09zTU1BdDRUNmNQTnVmUDB1RlNtY2VwZHdULTRLVlZYN3lw?oc=5&hl=en-US&gl=US&ceid=US:en,VICE,-0.6808
Covid-19: How India failed to prevent a deadly second wave - BBC,2021-04-18 07:00:00,https://news.google.com/rss/articles/CBMiX0FVX3lxTE53aVRHXzl6X2Y2dE1FZ3YtbVJsTlUtaUlHVmpBQ2V5N1VKZ21ST01UeWMtQW9nYk43NndCZUhHaTFGTDNxVllOaXZXc2NrRnRidUlEN1VxbjA0dzFkOThV0gFkQVVfeXFMTWlXcGRaWGoxV0ZrTmlBdEJrS2c0RGpWeXBlUS1jUEtCc2dsUjQtY3F2V3FYanI2NThTZjhDYmxMcTJUc1JhVmdETnpxSzNLQXl0UnlOUXA1MERnWG9FTi1DcEdDdw?oc=5&hl=en-US&gl=US&ceid=US:en,BBC,-0.4939
Amazon apologises for wrongly denying drivers need to urinate in bottles - BBC,2021-04-03 07:00:00,https://news.google.com/rss/articles/CBMiXkFVX3lxTE1hYlBDTUUtazllMHlsYWFmc1pIcERHV1NPVHdMbE14eVhyM0NHV0EwMUNaQXZWOFdkZW1Fem9ydXVVcThRWHFTZWQ1QXhNRmt0amF0Ul94QW8zZ1ZZYXfSAWNBVV95cUxOS2ZFNFdzZ0dscGtnLWtnRFZUSnl5OEJKOVp6d2s0VzQ2eTd5N3l6b1kyWWV5WVhSMGJYQVpzSnNBeEtFVHgtVHlESm1udldPZkVWaXlOeHdISWlSbWVoNy1ETjg?oc=5&hl=en-US&gl=US&ceid=US:en,BBC,0.0258
Subscribe - wng.org,2021-04-17 21:43:21,https://news.google.com/rss/articles/CBMiPkFVX3lxTE9zdGZRS0hOclVyZkZOWU9xSTNMcVdsa1BRLTVmc2RaNDh5bm5IRWM4TW8zb0ZBMVpMcDZWVlJn?oc=5&hl=en-US&gl=US&ceid=US:en,wng.org,0.0
Celebrating Earth Day: Addressing climate change around the world | GE News - General Electric,2021-04-23 07:00:00,https://news.google.com/rss/articles/CBMinAFBVV95cUxQZ0hkVWRoWTY2REJfSVVQU0NRTjgzYzV1V05NdDV0cjBqTjM2UkE4TEJPeEdkTlp1S2p6TW1NVmVWSzI0ME5mTTVyMmt2bk94VnFUWEJvaFN0VnFpdFhZMkJUck5zYU1LUkRJRnJhRVhLMGwxTlBiV0o1Mlh2N1R4MHgzNUg1UXY3R05XOWhQZ1BYd2hfZmoxZVMteU0?oc=5&hl=en-US&gl=US&ceid=US:en,General Electric,0.5719
Iran nuclear deal: Why do the limits on uranium enrichment matter? - BBC,2021-04-30 07:00:00,https://news.google.com/rss/articles/CBMiYEFVX3lxTFB3b1JMR0FKcUsycU83bnoxeGVEUXRfcC1wVnQ2VTZGT0ZjTnZnM1BYSlVERHpMamp4SlFYekw5TkpRbTBCY2N1WERFcjZJRmw1WjRmdmktYW9oNURYVXJQVdIBZkFVX3lxTE1MamVVejd0YWdUTTdTcjRjbVJPM3ZGWHFlSzhlSmhiLVIzWkp1b2lvTlpMYTV5RFBBNXp3Y2xrRzgzdjQtUUlpZUJFdEVSYmNYUEZTOGtkbXRvNnQ0R3B1cWszTWxBZw?oc=5&hl=en-US&gl=US&ceid=US:en,BBC,0.0258
WATCH: ‘Critical Care: America vs. the World’ – A PBS NewsHour special - PBS,2021-04-19 07:00:00,https://news.google.com/rss/articles/CBMioAFBVV95cUxOQzgwQ2I2dTEzV3NqMVN1TTlBRnFlc2VmQ2V5N256WWU5ZGtQdGs5VEVPMzB6TjJpaDFiZUNsalNQWEgtSUhsTVhCOGF2cHI5T0pfMUlzUHBEME1ZczdEVkplaFhEek5acVl6c1lDNUJHNjlrT1h3Y0RNSXJhSHZ5ZkxwaThBZVZCMFVJbDczUXFRWmhBaWk3MXNPRC03cnhv?oc=5&hl=en-US&gl=US&ceid=US:en,PBS,0.7096
'Lost golden city' found in Egypt reveals lives of ancient pharaohs - BBC,2021-04-09 07:00:00,https://news.google.com/rss/articles/CBMiYEFVX3lxTFA1NmxxYzlpLXdwMU13dGtDY2ZtVE50UTNNSkpWQmtyeFdYaXlodThlMlZIWW1zWF81RlNFWW9md1dxRGdCb2w5SnZhLVA0cXlCMkJyaC1uUm9xRDFUYmw1ddIBZkFVX3lxTFBwQUZZOGJpZTBZTVJYOHk3Q0FNMXA1UnlQVXhxNTJiazdOUkQ2WWRIdmoyWVE0cUZzdnpIZnI3dWRZRWhTOEU4NXVvQk9jWk5Fa0xUQnlWcVRqaWktWVB0amIyNFk5Zw?oc=5&hl=en-US&gl=US&ceid=US:en,BBC,-0.3182
How the ‘News Of The World’ production designer made one set into four different towns - Screen Daily,2021-04-16 07:00:00,https://news.google.com/rss/articles/CBMi0wFBVV95cUxNMXAweWpNcUtmNGFiaFp5VWJ5cXhLbG5zQUxwT1hmeExSNGhVZzZ4cXNJV1lXMWxWQmF4dDJGQS13cU9qcEtFejkzd1FSZGNmaTJqb1pPRWpKSW4zbjJiNVowNDZCV0U0OWNXazJzLXBzVVRfMkNBZWdwNWFtZmlSOUl1dUhhbUlCTWZuNmxYWmhxQThnV3JxODRzcV9qa2V5Y0ZJUWU3cU1Idm52ZmwwdkxDY2FQVV9KSzB4amdReUFpMWM4MEF6OE1lV1pFZEZ0SE5n?oc=5&hl=en-US&gl=US&ceid=US:en,Screen Daily,0.0
Establishment of a COVID-19 mRNA vaccine technology transfer hub to scale up global manufacturing - World Health Organization (WHO),2021-04-16 07:00:00,https://news.google.com/rss/articles/CBMi2wFBVV95cUxNRndiaGZJUnYyOE8tVWUzWGxocXBpRjNoTGRYY2dOdGxMT3pBTHowaUVqM3BzUHNubXJBZzlXcWpnZzZJWVdXd0Q0WU1hcGotOGdhMU1ObGE0VjdBanRkYWtnQTJJamFtVjJEX09NZ2N0elJvRmtKSlVtYW9ScTVrQnI3NUVWdkRlbXNBVTNsSDgzTXItNl9LUTlvSnJxcnRmT0M3cDFBQ3N6SmpaMXp1enpyYzlmN1R3LXlYQzZmNWhPZVBIdG1LMU1zMFNDZFpNZXFZb1BxbFFBSHc?oc=5&hl=en-US&gl=US&ceid=US:en,World Health Organization (WHO),0.0
AstraZeneca vaccine: Denmark stops rollout completely - BBC,2021-04-14 07:00:00,https://news.google.com/rss/articles/CBMiWkFVX3lxTFAxNTBPQ3h6YTI3YlNZZXg4cG9mcnVwbDNrVjVOMU5UUGNiRjlIX2NwV0UxUDl6dG0zUVd5YnFfMW43dFNRQ3lrcmI4UEE5M3dxWTM0Q0lPUkkzZ9IBX0FVX3lxTE9OWndQY3IzZkxaSTlMeVJoTktTNWxCdkE1RUpyMHlFUWlIQmt4SGJ2c1RCNjhOX1A0dm5VaWZUU3hNa252MXVEVUVNS2lCV1YybWhYSGxuV05SVXN2YUJN?oc=5&hl=en-US&gl=US&ceid=US:en,BBC,-0.1531
OSU College of Osteopathic Medicine climbs U.S. News & World Report rankings - Oklahoma State University,2021-04-02 07:00:00,https://news.google.com/rss/articles/CBMiiAFBVV95cUxNTnVPZGxITnlhMU1lZEZnMkkyMHk1RnU2TWJpQWc0VXpSdlRrTm5ucmNaYk45elVYcU5iS3FzaGVPNVVZTkM4TWV3NkhWbkRLS2ZVLW4zNjJ5bXpNMFgycVZtd3ZldDJZcG9Vb29QTFNCOVRDZnJONVZiekdvMEVRWlJyZzRobzZx?oc=5&hl=en-US&gl=US&ceid=US:en,Oklahoma State University,0.0
World Meningitis Day - World Health Organization (WHO),2021-04-24 07:00:00,https://news.google.com/rss/articles/CBMilwFBVV95cUxPcGFua2VMQVpqZllFeEJSYjhMMjloNzdVNWVXREZfQUxwN3lIa1FvcjlIYnd4S0xSVXRpbG1WS2V4V0xaS0tZUkNQQlV4QjNPeTVSOVFKelU4cmZEdU02akJHRURVNExySHp3R1NuMExodDhlZEFSbGxQM2FGZ1gzb0hqVW5NZG1HM3JLeDQ2SzRfLVMzVGZB?oc=5&hl=en-US&gl=US&ceid=US:en,World Health Organization (WHO),0.0
Afghanistan war: US spies doubt reports of Russian 'bounties' for troops - BBC,2021-04-16 07:00:00,https://news.google.com/rss/articles/CBMiXkFVX3lxTE11X1AyNnRWdVA5cFljUjNrRDc1MW1YNTJIejB6QkZCTlFTOEtXaUFtdzRTblJ5S0JVZlVEOHlpX0JoZDg3ckxWeTJ5Snp6eFlrbUFFbmZTdDNQTUxtLXfSAWNBVV95cUxQUlAtbDg4R1BYRkVyQjlwd1J0TDFDR1NfemdaM0trbmVjVzE5TWJ6NEtGYjJMcS1fbmFnamtINTdKSlJfRzJQX2pXRXhYSlRJV2xlTU9FWkw1QmdtNlIyUnR1R0E?oc=5&hl=en-US&gl=US&ceid=US:en,BBC,-0.7506
"Zoë Roth sells 'Disaster Girl' meme as NFT for $500,000 - BBC",2021-04-30 07:00:00,https://news.google.com/rss/articles/CBMiXkFVX3lxTFBUZWRvQ1RQa0NfNW9OTjFXUHhWWDFLaE81NVlLSUprYzlxWTFkVnNtY2h1OHp3cGtXdGdPVGp3aHFrTVh6cE54Q09tZVQzYUt2UHdPTVpXUl94NFJRbnfSAWNBVV95cUxOSUQxeENEMTU0ejk4c2FBeXAwTVM3WEsyUWZERklCSGk2cDMyZkQ1WWkzRlk0dmxhLWptVWYzRVpaYnlTVFc2TUJZOEh0elhZUW5rcTk0cGk0ZjlndEdPQ1pYajg?oc=5&hl=en-US&gl=US&ceid=US:en,BBC,-0.6249
Climate change: EU to cut CO2 emissions by 55% by 2030 - BBC,2021-04-21 07:00:00,https://news.google.com/rss/articles/CBMiWkFVX3lxTE1pZ3VJbXl2SXd1ME9zM2RkUEp1VmhJODU2MEdzMVZDeUItQjRNS3F4QjRhZTVuS0tyRXVmTmxETm5wWU5Vckx4U0lfdVFGUWRxX0tNUU1PNTJpQdIBX0FVX3lxTE1YNlZNekdIY0dhQkZhU0U0MGdOb01lUGx4bjQyQVFoRW1YTEFueVVtd1NDVmFVajhRM3N3SFJrRVZlbFZWTUxBRFJNc1VKTk90S3YwZEo4czFqR0JyZk44?oc=5&hl=en-US&gl=US&ceid=US:en,BBC,-0.2732
"World economy set to lose up to 18% GDP from climate change if no action taken, reveals Swiss Re Institute's stress-test analysis - Swiss Re",2021-04-22 07:00:00,https://news.google.com/rss/articles/CBMimgFBVV95cUxQZjhYdktINWNtNXpRTnZrRGd3STIxSnZycUR2dk9DVk5qTm9sbVZkbjM0NEhQVE4wSTRHekEza0Y4RU41R0NBNVN6R3F5eVFMOFV3T3lpeFdybVh6UVh0aGVJb0NyRktEblF4ekdMc1lEMkJPZi1fU0NkYjFKM2E3UjBNNlVKMFc3cm5hdnRoMlgzMC05bmhZWVR3?oc=5&hl=en-US&gl=US&ceid=US:en,Swiss Re,-0.5994
IEA unveils 7 key principles for net zero - World Nuclear News,2021-04-01 07:00:00,https://news.google.com/rss/articles/CBMijgFBVV95cUxQNFdYLWtTbnpPNWU4NEk4Nko2dEk1VEV1dUVHREJ6YnVtVVdHcmQ2N2gxdG9oNDNtNmg5UnNtUU9ndlE2SEFnZFZmY3BEaDVhZjlBMFBDVDZaMzkyaWJOVWhNVnhOTGk2ODRSdU5wWU42UEg1VXhCYkRiR1lfdENtb3JHM1plM25fWlNWRGRn?oc=5&hl=en-US&gl=US&ceid=US:en,World Nuclear News,0.0
‘Even dissent is controlled’: How Hong Kong’s world has changed - Al Jazeera,2021-04-01 07:00:00,https://news.google.com/rss/articles/CBMipAFBVV95cUxPY0xCVHRwcmlYa3VFMzBNZzR5SkVQd3pCYmtDVUhCOGducmFRbzI4VVJOUHBGM0JnY09LN3EwZ2FtV29zY3lBMFhNWTNDU2E1U01Vc1JmaEx1Z1h2QWJaRDRGSl9tNlN2X2FKODVIanphMGhla01oQ291RFBqQXJZdU9hYUVCc3JkS1l6N2hqeEdxX1B6WUJrcGF6UW4wbHoxUlhUVdIBqgFBVV95cUxNR0JDTDRDRWZTNVVXdEhXUFcxOGloaHU1cnBYdnJQTmRiczdDWXdmOVktQXhfWEdleEdTeWNLMERDMnFOaVMySC11UGg2a251MVdyU1NEOU9aYXNmVXVENW41V1ozMERXeEh1RFhKa2IwbWcycVM0dU4tMFpwOWtQWmhsUGtkM3BMcDdvV1V0cTd6VlBTX3NXRmgxRkFLaDM2MmVzcmxEb2NRQQ?oc=5&hl=en-US&gl=US&ceid=US:en,Al Jazeera,0.0
ACT-Accelerator one year on - World Health Organization (WHO),2021-04-23 07:00:00,https://news.google.com/rss/articles/CBMid0FVX3lxTFBzT1U5SGRpR1VxWE9YX0tNTEhzVDEtaGdJQ2RDdTVDanM5X1dla3pDMEpZckpxWm9zaGozeTFmMDJGVGN2UDl0MTlBZnA0UGxoSE80dTI3djRqLTBPQmpTQXByckFRSnlIdVByaWNUdFJvSWxiblk0?oc=5&hl=en-US&gl=US&ceid=US:en,World Health Organization (WHO),0.0
Chad's President Idriss Déby dies after clashes with rebels - BBC,2021-04-20 07:00:00,https://news.google.com/rss/articles/CBMiWkFVX3lxTE9fODhLYjZZcUFleDY1QU1fQ0FTTWFMUkw5UnF0eDdqb2FvT1BiYlVXRFBzbDJJc1U1MjVrMDJKTTNjUTNPOXBYOS1PbzVFbndJRmVwSVJ3TEhoQdIBX0FVX3lxTE5mWTRYRFc1RS0zWTBud2ZLVlBIRUdkM1l1Vnh4REV3UzJDS3dWRkV5NG9ZTFA5QlZsbm5vclF4SzZLV216ajFacklXY05hNk9waHhhalJBUlBnQTAxRzlF?oc=5&hl=en-US&gl=US&ceid=US:en,BBC,-0.2023
Director of Turkish state-run TRT World News was named as a suspect in IRGC Quds Force probe - Nordic Monitor,2021-04-29 07:00:00,https://news.google.com/rss/articles/CBMiwwFBVV95cUxNS1BGR2tEWktpMFllZFNHR2FGbzBtc1AyQ3NVMjIyd1V2eFJrNEJ1ZWhBeTNkcVgxSlBqWkQ3NXdpZVdFSUNfanprTTZpMlhqa1RhYjh5TlZVMTFRejgwblJSR2pidGVidFhBNC1BSGJKZlVoTVkyWHp4YkZqNm1ZZFdnWVpibFdWSWJ0UVBLcVlfUGdjRm5hQzE4Y3JqdHhNdDVrRTh5YVRseFQ1NVU0aVRpLTJYb2JmdjlFSVJpWFRJYjg?oc=5&hl=en-US&gl=US&ceid=US:en,Nordic Monitor,-0.296
World Bank’s Response to COVID-19 (Coronavirus) in Africa - World Bank,2021-04-08 07:00:00,https://news.google.com/rss/articles/CBMirgFBVV95cUxPOUtPOFNyWHF2NjMyRTlCd0dIZFdueXRGU09pSDRvVXZVTkpWX0pPWTVHWkNWaWoxZ0doX1FOUHZFNkhHa09GeWo0Ym14WUhMMDlzcXBBWlRvaUZDT1BVNS1JdE9TOEY0ZHJBM3FQNUFIdnkwX3JkYVphMzRFN0hua3Q3cmdXVGE5WWdNbFc5LUdzY2RhUjUxdV9HclAtQTdSTXB0MTlyZFJQc0NFMmc?oc=5&hl=en-US&gl=US&ceid=US:en,World Bank,0.0
"Missing Indonesian submarine has 72 hours of oxygen left, navy says - BBC",2021-04-22 07:00:00,https://news.google.com/rss/articles/CBMiV0FVX3lxTFBNS0h5OWJncm1HN0xEak9ZY09sZkJwZmVDTXcxMlBYMFBNLUg5Ukc5bUVSUWg2NmlrWXliRHJIdHV1djJuUWZuQWVLVE1VSVR3czM0UlYyMNIBXEFVX3lxTE1EUzdaR3BpeEN5MUExR2V5Z2dkMHk3aEdodzlFZHc2VUQ0VmRiZDRNdHpiNmszZGRqTkREOWd2LThUeFZ0T1M3MThfRjZGdzV4R1VTUDVYQnZNMnl1?oc=5&hl=en-US&gl=US&ceid=US:en,BBC,-0.296
Expanding MIT’s global reach in the professional world - MIT News,2021-04-23 07:00:00,https://news.google.com/rss/articles/CBMilAFBVV95cUxNMENUa0xfY1BYV3hkUVlVQ0pVSWhqczJ2VjZEcTdRZXUtRFI2NS1sRlBfUkxlNzE4TGNEYjlLaDdCcUptXzNZOUZjQW1wZjdFUFVvTGVLZ2d6cU56OGxEVkpfQm91aUluTldpZ3d3Q0tQRUl5TVpsamc5clZVak9BLTdNQTFkZlFaeGw5OF9NSjdMM3d4?oc=5&hl=en-US&gl=US&ceid=US:en,MIT News,0.0258
"COVID-19 around the world: The places where cases are surging, and the areas where lockdown is easing - Sky News",2021-04-30 07:00:00,https://news.google.com/rss/articles/CBMi0AFBVV95cUxQc054SjVzWkhsQzZibEZKNDZXdUszcU9rTDhiSThna1JvN2Q2YXVOVG5Pc2c2cVptZzhaM3YtTHo3VHlMME1UMnBZelE3RmRnWkZTWW03bl9URjhCUTRIOFAwdWdReHRBMHpuU3I0NWFyMFZIMmV2ZlZsNTE0VVc4eWM4Q1JHbXFaX1VidmFpenkxSGQ5YTdpcGVNTGJNUjIzeDZYaDdtdTZ6MEdvdjRTczdFMDdCaFpiRl9lcWJFN1RDRXRRcTE2d2c0WnVRU0dj0gHoAUFVX3lxTE9Yel96SUp3R0tvaEtDQXJpNno5N0RSMndkMDByZmZYdE5fUGptX1E4UkxjX3l1cUpWYl9QMEo5d2NoNEo0U3NneXZkbkZHVzNsNWh0bVFzYl8yVEI2TmU4ZjZPRnI2eC1tUGxSREdtU2kwWVUtZnlzZ0RCcGtJbGdCMUl1MkM4OUxfTjdaNXkxdFQ2d1RYV1NuZ3k1OGhTOVE2X2RaZ0w2djdLY1BScVBkSU1WX0FobW9wc25HSWJqNUlPTHRpYmZXWEIwQ2oyS3BSY1loaFlJdFBib3lUcmhyU2dxNWp4OXU?oc=5&hl=en-US&gl=US&ceid=US:en,Sky News,0.25
"Afghanistan: 'We have won the war, America has lost', say Taliban - BBC",2021-04-14 07:00:00,https://news.google.com/rss/articles/CBMiV0FVX3lxTFB4ZkVEZlMtN3RncDdZd0pBNkcxemw2UDVyQ3FjNmVnRUNGNkt0cWpuTnIyR19sY3YzY0NfLUlyaXdUSUp2NVZ1cVBHUW96eVJNZmNBR3N1ONIBXEFVX3lxTE5aUFVITW4wZUdnTUlza0hZN0pya2J5Z01kOUZDd0pmNzc3ajQ1VTlmNFpyWlhodGpGdzQtVWFJeWpaeDE2R3JQcVBWR0dYRkljcUl3bXZKMVQ1RldQ?oc=5&hl=en-US&gl=US&ceid=US:en,BBC,-0.0516
'Progression of World Athletics Records' ebook published - worldathletics.org,2021-04-16 07:00:00,https://news.google.com/rss/articles/CBMiigFBVV95cUxNSEtVS0g5MTZpNmVaNXV2WGliMENId3pEQ2pSZm1GOUx0V1BsMUZIR3FPTk1ROElRMWUySXVCT25PNGNCOG9hUlR3SGl6TzNiN2JIV0h3U3M0XzRpTVAxYU5lMFZnM2dxMUxmWloyXzZaT0hDYUhraU1saE1lWHRudU45b1IzUF9OZHc?oc=5&hl=en-US&gl=US&ceid=US:en,worldathletics.org,0.0
Global Advisory Committee on Vaccine Safety (GACVS) review of latest evidence of rare adverse blood coagulation events with AstraZeneca COVID-19 Vaccine (Vaxzevria and Covishield) - World Health Organization (WHO),2021-04-16 07:00:00,https://news.google.com/rss/articles/CBMiwgJBVV95cUxQNVg0c1lvdDV5dW11al9XbmdmYXllQUo3NjV6SmNoekh1RWVPSVFlUDd4R1c0YVM4bm12anN0WUg4S25sUzJva3BpUkpXa1dGZVZrVmtzTXpzZDkyblY1VHpMVFhCN291Y0VPTWxvY1Ryb0FDWnBRUXRuRHNuWXdXcFh5SkZ3ZS13bm4xT2RubTAxQmNNUzk5Zy1lZ3NXa014VDBzWFhpMlFoUGNnVkZVNF9jQ1pzSGJya25CeVMtV2VBblZrQnI0a1E2c3ExN1JxSkx6X3czWU9aUVhuS2dSNUY2dWstZWtZYmg3cXRMdndDM0c1aFc1cHRXa2lSTFlFU3YwSVhjcEZxNl84UEd5UDJfV3BHUmdrY2IzMkJKSXJvNmRONl93dVRFOXN3amZ3UHFubzZfQTQ5VkVQNUZGX2NR?oc=5&hl=en-US&gl=US&ceid=US:en,World Health Organization (WHO),0.0772
Innovative design thinking for a fast-changing world - MIT News,2021-04-20 07:00:00,https://news.google.com/rss/articles/CBMilgFBVV95cUxNUGZYOFFWZ1ZGNWExU0xWUS1uUU1qNG1LZTlqTERFRENaUnRqQnFzb1MwdWl3Qjdrb0d4RWIzR0RlMDdJbFkxWWt0WEJnS2pNUEdlcUQ5QzZuaGtWVGJaUjQwajIzQmtSeGdjeU9xUEgwSW1Fdl82SUFjQ25VUjYyNFRuQTdPVk1sdlZZR003Sk0zV2ZEQXc?oc=5&hl=en-US&gl=US&ceid=US:en,MIT News,0.4404
Charting a Course for Decarbonizing Maritime Transport - World Bank,2021-04-15 07:00:00,https://news.google.com/rss/articles/CBMiqwFBVV95cUxQWGlSS2Y2ZkRfRDMxOHZjZkpEZVFkZ21fblRTcXBOYWVTS2libFZFb0lqWDhPYmVxc25zbGFWWlVRbVI2TVR2QVg3VjFiY0FRdjRPVzRTblo5ZVB1V205N1l4ODQtalFfVWhNZm1KMkhOSC1Zcnp1R0FkS1NLdjVDMk9zUXpEUFJ6am1aRXFzZkdxWlVNNkNlcG1wQ3BwU05ILVF2SGo5Zk9kRjg?oc=5&hl=en-US&gl=US&ceid=US:en,World Bank,0.0
'Ecocide' movement pushes for a new international crime: Environmental destruction - NBC News,2021-04-07 07:00:00,https://news.google.com/rss/articles/CBMiuAFBVV95cUxPX2tBWURWa0lxLVBWYVJiQ2VIUnVUSHpWdDlqV2kyeWxVcTlXUlIzMDhzOGVfeDRVdExrSXFCSTQtaHVTck5oMzI3eU9weGN4eDhfZlFHeDVqSGw1RU1sRl9sZWFKWVc0aTRZZGJtNmdfc2ZpSU0xNXNfT3B0ODVJdVJGdWJ5Y1o4TDJBUFBvNDhTUldsMk9OQkd1ZHZzcTFyeTJFYmQwcUFZQVlxdWdlOEZBY2U2WG9f0gFXQVVfeXFMUDV4UW9jU0tuaWRsNm5pMnh4d3gtcGloQWxESFhNWUlGdHF1YjN3Y0FpXzBZWG0tNS1WbjBDb3lfZldlWDFVZmxZczlTWE9KWWV4U09GZUxV?oc=5&hl=en-US&gl=US&ceid=US:en,NBC News,-0.802
Brian Sicknick: US Capitol riot policeman 'died of natural causes' - BBC,2021-04-19 07:00:00,https://news.google.com/rss/articles/CBMiXkFVX3lxTFB6eXVjc2xCYWJ2a1lNMUZBemVkaVRHWm9tby1GVVVPY29obWNMaUI2SVVGVzhqR29yejBmaW5rbUFCU1h4VHdpd2ZKYWI1YVNSMnljMl82VWtEQkVGUEHSAWNBVV95cUxQajhLQ0xEelNfclkxd0sxdktwS2pGT0p6QzBZYVFRODE2Y25aUDM1ekZPWFN4dEV5aHlhMXFMR2YxUmNlOE12Um5HbzJBc245RkY1eTFZMGdhSlhRNnAzZFNzVEE?oc=5&hl=en-US&gl=US&ceid=US:en,BBC,-0.6908
U.S. to share AstraZeneca shots with world after safety check - PBS,2021-04-26 07:00:00,https://news.google.com/rss/articles/CBMinAFBVV95cUxPQk9vblFVcUJrS1dlX2pKV0x1RVFaUnVRdTlHRVNLZi1keGx2d3UyWWJTcDB2WFVEeFMyZ2sxUlBNOTc3M3k4TkxZYl8tdjB2b2NnSFRGMWJaNzl3LUhISWR4bHJOWDdRaU5Va0xFMUMxQko4a0xrVE5PX1RsTGR1MGRpLVNUOGIxX0wxTWVwVnpkX3JPNXFFOElBSVE?oc=5&hl=en-US&gl=US&ceid=US:en,PBS,0.6124
China: The rise of a trade titan - unctad.org,2021-04-27 07:00:00,https://news.google.com/rss/articles/CBMiWkFVX3lxTE9sVUw2d3puMWdvYlZzWktUMTNmazVVRUhZUFkxdm9LVXhXWTVZWFhCYzBZbWtGbGk5VV8xREVRZXVYN01jU3Zja2txdDR5V0V1SjhrLW1qVmd0UQ?oc=5&hl=en-US&gl=US&ceid=US:en,unctad.org,0.0
Covid-19 in India: Why second coronavirus wave is devastating - BBC,2021-04-20 07:00:00,https://news.google.com/rss/articles/CBMiX0FVX3lxTE9HY0FnZThfUkJNcXZFUkg0bjh4VmlteXJFbDNYbFVjbzhjb0Q5SGE3d2I2SkVMOU9PdmlrQ29YTnhWMi1VSUk1cGlFWEg4NjZKRWNtT3p4Rmc4SmFJV2RF0gFkQVVfeXFMTWdZc1dBN3JvMUVwcWJjWC1LanhHT0cwa0JER1ZETXdFczJMa212bmkwZ1dta0hLZko3TVBfVmplQzNCNUdPRjYxdXBNWU5TbVRZaUl6Sl9NSUpDZjBqQlBCMjhBNQ?oc=5&hl=en-US&gl=US&ceid=US:en,BBC,-0.6486
Official prayer of the 10th World Meeting of Families released - Vatican News,2021-04-22 07:00:00,https://news.google.com/rss/articles/CBMipwFBVV95cUxON01pcHBHTjFkSkJCZnNORnNNU3JNd2xRVmR4aWVNb3I0eGxkQ2UzQTcyZEhWd3phSldVSGZCTzlpd3dFbF9IMDFMOUZrYldUVElQc3V0QkUzc3IxdFNfQS1Fdm9TWlRXRVZOMG9HaUR3aXIycTNZTll4UWhqVG9nUmd0VlNRbXpVSjJmSWRXTFRpYmRIeXJIdDNub3I5ZFRnZVd4dG1rdw?oc=5&hl=en-US&gl=US&ceid=US:en,Vatican News,0.0
Titanic: Searching for the 'missing' Chinese survivors - BBC,2021-04-15 07:00:00,https://news.google.com/rss/articles/CBMiXkFVX3lxTE1STHFWY0k1eWRfd0w1VW82SzdUT25jRzdjVEdZMEtmaVlGNE5naFFKNWFSSFVubHdId0RURVNQcFRiaDlucmQ4MFZrdlk4dXlrc2phYlB4dF9VRFRlUkHSAWNBVV95cUxOMnB5UTJlaHFYbG1JVnZQeDVpQnp6UENJUUJzTnIyc1RXQXQzU1h0T19IRnFQaFRLbnc1RHN5U3ZVeTZSU011bkx0SWhlb1g4SERrLTJ1TmIwUlhYNThfVURDc28?oc=5&hl=en-US&gl=US&ceid=US:en,BBC,0.0
Update from the Seventy-fourth World Health Assembly – 28 May 2021 - World Health Organization (WHO),2021-05-28 07:00:00,https://news.google.com/rss/articles/CBMiqAFBVV95cUxQMktoNDBXdC1oemZaN2JRV2tid1loUk1CTExFWjJyeXNEN1NQTXRTX09BZ1hxWWJoMjZTbEhJT21jWVI3WTlQMHNmUm9SR3hKMlhhTnFzclVKVUM4Vjc4SzVPbHVnRnU2TlZJXzk3MXZ4MUxuUm1LZG5hRWlPdVVULWplNkJEUzVBVFZmdXdyaTVaOXMxOWRQc2RDajZTSXY4M1R0RThfNDA?oc=5&hl=en-US&gl=US&ceid=US:en,World Health Organization (WHO),0.0
"Kenneth Moton Leaves World News Now and America This Morning for D.C. Bureau, Andrew Dymburt Named His Replacement - Adweek",2021-05-11 07:00:00,https://news.google.com/rss/articles/CBMi3gFBVV95cUxOMUxhWjNVMDFSLVVzeXB4YnhJb1BjRUdOVGNIQ3ljdl9VZjd1RTRVQ3habDVCajRrTzBCSjVwa3lILUFLbGx4ekFHWGRZNUltdk9Fb1lvNno0aU12ckw2Z2M1cG4yekZIUUFVWUxoSlBPQnF2Z253YzJIMVRUZXJXYWVDZXdLcExDWHVYdldKNzhjZGJtMlU0VFozZ2lWZzR4Y3RYQktTMUhXak5IMnZoa3d2QU1MT2liWHROOG12aTk4VVBwcFNfeXltVU40Y2hISkU5UXdSQ2dxSWhUNnc?oc=5&hl=en-US&gl=US&ceid=US:en,Adweek,0.0
"Covid: Serious failures in WHO and global response, report finds - BBC",2021-05-12 07:00:00,https://news.google.com/rss/articles/CBMiUEFVX3lxTE1xVl9xSkpCVF8wbUZOelRqbXNVSWZqaGNBdFJVU0JLOWY4anpxVnZ3TUNQTVYwTU5hR2hXaWdKSTU4bS1uSnhpQzhYVnZLYW940gFWQVVfeXFMTVJQMTJBengtUktsVHEwaWpLV0c0NjNPR05lZ2hvcDVEajFFWWJsSHVpYXNiUG9XaE9oNUJ3QTBHd2JaYWZqbkVBVWJOcnhoVk1Fa19yUlE?oc=5&hl=en-US&gl=US&ceid=US:en,BBC,-0.5106
The impact of the digital divide on student mobility - University World News,2021-05-08 07:00:00,https://news.google.com/rss/articles/CBMid0FVX3lxTE5GS2xZTXhLX0taQ21JOE4wc2JjMmhxQkk0Tm9kQXJ3dms5TmQ2ZWlxaFczMU51X05ITS0yTzhFOTBxVElqZ0hvemREdFdGNDRuLXlHelhTdzB0aG1udm9LcG5Cd2xYYzh5VkxCckV2aEltbW5YNUc4?oc=5&hl=en-US&gl=US&ceid=US:en,University World News,0.0
Doctor of Nursing Practice program listed among the best by U.S. News & World Report - UT Health San Antonio,2021-05-03 07:00:00,https://news.google.com/rss/articles/CBMiqwFBVV95cUxQYkJyN2VwT2haejMtZzg5dmxmbmdJNkpOTE00dzlQN2hMOWZRSjhScHpIQ2MzNWUtbk5EUHQ0SFNPV2RrMTBZQ19ER19MY0JMQW5FS05lUUVJbGdScnAwWjRQMHNNa2JXQ3ZOUWllVl9jVFhWcU0xdVNTN2EwcTZBbTc1dlg4Z2xJTXg2VEY1S1pYb2UzMjI1a0NTRTVMSXk3Y1R4b2U2MEUySGc?oc=5&hl=en-US&gl=US&ceid=US:en,UT Health San Antonio,0.6369
Children across the country share experiences with celiac disease - ABC News,2021-05-20 00:15:05,https://news.google.com/rss/articles/CBMimAFBVV95cUxOY0M0TFpuWHlJdTEwUmlVeWMwN19wUVhOQWswbHZMUmVjeTdLZUFVQS1HU3Rkbm9NOUNfUlBMbXEtNGFiNEtSby03b2tmVVlONEktcU9aQUVmRVZ3TmJmNHNMNWROMzNvS2QtaW1WSjl5ak1UNzZrR29TUzJDTUZEUHQtVnd2eGRvRDdqQWtjeWhzcFFVZkR2MdIBngFBVV95cUxOX2FYTEhUVE5JS3FfY2JWNzVVRVNvTU04RTdXNDVjVHdOQUtjS1ZaMkloZW44aDhrbWloZWNVTmNTOE5OVkJoVzF6QVNWeDdMNTFPbXB5VWl3b29mZHpZYUZCWkFONzBjN0FId09iME5lZnk4YllJRHIxck9wVHY3eGRBSzdqdDc3V09NU0k5NE9adFlZbE5DNjFQLXJudw?oc=5&hl=en-US&gl=US&ceid=US:en,ABC News,0.296
Report: China emissions exceed all developed nations combined - BBC,2021-05-06 07:00:00,https://news.google.com/rss/articles/CBMiV0FVX3lxTE01TmhRVmdYS09BbHNBQVoxUTlSRFk5NnR1TEYxZkh5TTZTYk1MVENTSm5KUl9rQ21PQTJNWVJnMmFoQ0pWb20xX0xINTF3QzQ0SGlOR05LRdIBXEFVX3lxTFBrSW9TV3NaMnAxSDVjUW1ITjZ0TGs1d2NDYWJJN29relVwcDRrNFZpV1JvNWhjSTRlZjRWRFFuYWRzWFh6ekxObHdCSWlOUlFuX2gtcFE4XzdzS2FM?oc=5&hl=en-US&gl=US&ceid=US:en,BBC,0.0
Update from the Seventy-fourth World Health Assembly – 29 May 2021 - World Health Organization (WHO),2021-05-29 07:00:00,https://news.google.com/rss/articles/CBMiqAFBVV95cUxOX1A2SENUM1dkVkU5aVBGelZZMmFHaEphMGg2WncxcXl5NGhEM3NFVVRzd3p0NUZXYS1NUlIxQ1NLTDJPRVktTEtCbWNrbEJhcWFUOGVySW9fREJJOENVaWVmbVI3RS1rZVY3b1IwbE9LLWhWMElvWWJuUTFlWGlObFpESzFvaGVXNjJ0NUJfQ090RkNpZlJaX1dyNXltaDlTUzhrUng3WHE?oc=5&hl=en-US&gl=US&ceid=US:en,World Health Organization (WHO),0.0
Germany officially recognises colonial-era Namibia genocide - BBC,2021-05-28 07:00:00,https://news.google.com/rss/articles/CBMiWkFVX3lxTE4tTzNaQWhwQmhaay1ZWEJoa2xlSDVCb0lKUzQ2RDFSNGlFQmpueEUzSnJxUExoaXZ1TF9CcmR3QlcyeWp0MFdFdTVGV1FPbHRkMm1GWnVWRTY1QdIBX0FVX3lxTE9xaW1YS0p0MTNXWU5hdnh2bFY3QWd5d3RMeXBtdFc2ZnIyTHNhSDNJXzYtUEc3alQ1ejlhNkR4d3Fpb3N4WU14aGp5RERjTHVBQ3JucVNscHNoWkQtMl9B?oc=5&hl=en-US&gl=US&ceid=US:en,BBC,0.0
COVID-19 subcommittee of the WHO Global Advisory Committee on Vaccine Safety (GACVS) reviews cases of mild myocarditis reported with COVID-19 mRNA vaccines - World Health Organization (WHO),2021-05-26 07:00:00,https://news.google.com/rss/articles/CBMimwFBVV95cUxPZ0k0WXByVVhrMHpVa2o1U2hIUE15cTNpTzlTSTVMOHpTSTdGeXBpRVRkNjZtbkU0cnRvRG1GSDRVZTlvZC04eC1EYWkxTEstLW5kc2VQWFFkeU5rSTNuZGttQlBOa0FTQ0ZhUWY4NGFmeGF0MFpkSVFkVzdPendBTjZpQktPZjAxS2dKNVk2TGxzRDEtUXpYeW43bw?oc=5&hl=en-US&gl=US&ceid=US:en,World Health Organization (WHO),0.4215
Covid 'hate crimes' against Asian Americans on rise - BBC,2021-05-20 07:00:00,https://news.google.com/rss/articles/CBMiXkFVX3lxTE1FT24xZEY1V2M2Q2hjeWtKbm8zMWp0ZjNHSmVQMDlYX2Y5QXRjMVpzQ0dLTHV3ejJFLWVTd0s0RXp3NFhFNGY2RFlaVno0NDZDdXBvZHVvbzVyamtsN1HSAWNBVV95cUxPR3hIVTdkdlFJN3pMUTJ5cmxkc1ozMU9JaGxYZW9XT2l6TThfZFlxMjdQZUUtbDZpU3VjM3RXamx1MVBaNnUyTG8xQTNxem9vMVNKSFU5MzRsTUZBb09rRzFMWUk?oc=5&hl=en-US&gl=US&ceid=US:en,BBC,-0.5719
The impact of COVID-19 on global health goals - World Health Organization (WHO),2021-05-21 07:00:00,https://news.google.com/rss/articles/CBMijgFBVV95cUxOaHE1bC1JVk5FN3lDZDFUU0dHN0luN3BONnZ1LUtIb19DbGx4TGNYQUFsODlESjdjeUZlWU5Hcklyb2luUU1yNjNrSmxoa1NaTHpmSWNSbHRRMlcxYXI5eDRuQWY0VGU0Q0E1OXhpWmZnX2JlRmtUNmlvbDJsTk9fN2U3SG5ITDM4Rk5Zem1R?oc=5&hl=en-US&gl=US&ceid=US:en,World Health Organization (WHO),0.0
How US police training compares with the rest of the world - BBC,2021-05-17 07:00:00,https://news.google.com/rss/articles/CBMiXkFVX3lxTE1DSEwxZ3NST0ZCOG5pZkViR3JBb1FlTnBLQnpDNm1BbVJFYVVZVVdJNEFTQVVuRFpvOGlfalYtTE5jcHZTV2pFaUE4SnlGZDd2clJveU1HOV9CYW1pSGfSAWNBVV95cUxPS3dSZjcta0lnUWxBM05hd2E0VEs0bjhNSk11UlpMNUhXUjhUQXEwVHV1UzhsZ1RaeGRqQlVDWERvTGF4MnNGX3Fiei1SdFdMdUN6SThfamZGRmxnbXJiZnc1YTA?oc=5&hl=en-US&gl=US&ceid=US:en,BBC,0.0
World Health Assembly recommends reinforcement of measures to protect mental health during public health emergencies - World Health Organization (WHO),2021-05-31 07:00:00,https://news.google.com/rss/articles/CBMi7gFBVV95cUxQMXlqS2pFbm5CaFdReHhVdHZHVmtBdjM4OFViLTFVbzJncURvZFlsVHRBT1l0d0M4WXJNTHI3clUwcGwzcmoxUjdpMXJYMTdYSGVrMHd6QmhteS00Vm5JY3dIV0tUdHRsb2Y2b1I3RHRUNnE2cDAzbk85WXRiekVtMmI4TTRlX3gtWW5ZUHlXenZvOERkRS1qUi15M0VIN1RkUWFqakdUODFfYkR6NGszUV82UXlTVXhhXzJWRkdhOFlkbklpZW5rWk5jRGdwS0FnQ04tRVBnNmZ1U1dkbEVaejJXVEZxN2l1Y3ZzZVdR?oc=5&hl=en-US&gl=US&ceid=US:en,World Health Organization (WHO),0.5423
Carbon: How calls for climate justice are shaking the world - BBC,2021-05-02 07:00:00,https://news.google.com/rss/articles/CBMiY0FVX3lxTE5oVGJ0emdWa2d3RlBsRGJmMXFhSFVCcFRWcjZfc21tNW0tQXI5U1BmZ0VudTJCVTc5N1R2UDBTcmh5NUVpODZLNVZXSzlkdGRYN2l1UWhkMzMtaDV6STRXY1pGNNIBaEFVX3lxTE9TbTg4SmRIR3R6ZHhsS2xmWk56bTB0amczaExYeHlidjg3RVl0OGM1NTRxN2ZENi1DUzVnQlpnWmMxTzM4M1ZrbC1hamhybmprYnVPZTFDTHdfSWZjcVc4dUNidXRDS0h0?oc=5&hl=en-US&gl=US&ceid=US:en,BBC,0.4019
Statement of the COVID-19 subcommittee of the WHO Global Advisory Committee on Vaccine Safety (GACVS) on safety signals related to the Johnson & Johnson/Janssen COVID-19 vaccine - World Health Organization (WHO),2021-05-19 07:00:00,https://news.google.com/rss/articles/CBMipwFBVV95cUxOYTRnVWJJSkFTNUUtdXFNSDlJdDFkVk50SVRZZEpNQkRjY2F3SkJFSzFRLXRjM0NsR0w5U3NJOHV3Vkw5cWZ0WTRKZVRSTDh4SUx1UlBQWWo2ZndidTdjWG9fM0FIa09DLUxGZzV1cy1vZ3RCdzd2V0pOUEJNMER4VXFMR1Q4QU9HQ0JrUTA2NlpYMDA3R2tKaURWTTUwWG5zalNDXzFSUQ?oc=5&hl=en-US&gl=US&ceid=US:en,World Health Organization (WHO),0.6808
China allows three children in major policy shift - BBC,2021-05-31 07:00:00,https://news.google.com/rss/articles/CBMiX0FVX3lxTE9uZXdvb2lwR3R6d2hVQkZjaXNnMzNGdEdjVTRTZnJlM2QxUjNnNUwtdnBMQTViRDZwLXJPR0pPenJudGNjX2RPWDVWT0xCTUNJdUo0a3NKa3JFdDR6TnM40gFkQVVfeXFMUDNORjhXcHdkbnNoYXZpOF9USWRSQXdjM3hQWVBlS1VVMTc3LWNJMEdMTnI5RGUzNGlLQkZtZ2dLY0VIZm9LZVlQaDlOOVVrVzFxM0FhbHgtakt3aHJNY1Q4ejhTMA?oc=5&hl=en-US&gl=US&ceid=US:en,BBC,0.0
A New Commitment for Vaccine Equity and Defeating the Pandemic - World Health Organization (WHO),2021-05-31 07:00:00,https://news.google.com/rss/articles/CBMisgFBVV95cUxOanVNYlExcEtDbGhzYm9PZzRwc1hqdlZnVzFTdlgwcXFESlVVZUt0MmxSelhXbFd2OVktaG1BSklSckNTQngtZHFvTzBOMm9leGkwcTJ5dzkzV2NNR2JmNVVLaUk3c213bVNHMWtVTUt1aFlQSW1pQUdXeXZ1dEVtRnFlSmRzNUpYLWp0Rk84cV9mOFpxaXdHRU9xbnZBb0pIRTZ3aFY2Q1Ribm9sR3l0c3BR?oc=5&hl=en-US&gl=US&ceid=US:en,World Health Organization (WHO),0.0
World Health Assembly approves extension of the Global Coordination Mechanism for Noncommunicable Diseases - World Health Organization (WHO),2021-05-28 07:00:00,https://news.google.com/rss/articles/CBMi4AFBVV95cUxQekQ1UmFrdmt5b2QzQU9PUFhrdEZEbE9rclVmVEtoLWdxVndXZDY0VzRyMmhWajQzcGRnNmVhOFZtNlFSdDlyQ1FtajZjVE5DM0gyb0VjQjdjMUpXaEpqa2E2aC1UNktRTWdCZTJ6WEZFaFFqVTZybXhvNlk1TGxUWFFKR0xRUk0yXzc0ejFWYWRubm43eWZMRzh4aG1tVTlHek1GUDB0Vi1qYktGMnBYdGpUZUwyV1gyY01IMjZHekdfRzlab0QxQjJ5YTVWb2g3NDVzOG83d1Nxb1R5WVRfbA?oc=5&hl=en-US&gl=US&ceid=US:en,World Health Organization (WHO),0.4019
India Covid: Kumbh Mela pilgrims turn into super-spreaders - BBC,2021-05-09 07:00:00,https://news.google.com/rss/articles/CBMiX0FVX3lxTE1Nc0ZYelU4YVc5c1ZMemhsc0liOFF6YnNIbE1Eb2pJNDJjUUFSOE1vQWlfVkZBdXNIOWhCUk1EX19RQW5MUjNVUG8zVEZ3UW56LUJSeTVybmEyUXhnUGJ30gFkQVVfeXFMTXFLeGJ0cjZNYWozVHFENDBrUk9XTXQyUTlxbk1WV2ZKZzZ6UUhNZnpQQ1RUZUoyU2RuV2VBZU5HZE1RVFhSdnI3dzA2VnVDcUxsQld2UzR3Rl9KdjdLRVlnTjVjVw?oc=5&hl=en-US&gl=US&ceid=US:en,BBC,0.0
5 things you should know about the state of the global economy - UN News,2021-05-11 07:00:00,https://news.google.com/rss/articles/CBMiV0FVX3lxTE1MQnFMYXNxRzFWRmVOc3J3bDFBaS05aUNCNG9Wd2puek42QXd5ekV3Mi14TWltQS1UaXJhRDd1QnZUUFdOVEpkUU02UmdteVNiMm9UTzNjOA?oc=5&hl=en-US&gl=US&ceid=US:en,UN News,0.0
World needs USD 8.1 trillion investment in nature by 2050 to tackle triple planetary crisis - UNEP - UN Environment Programme,2021-05-27 07:00:00,https://news.google.com/rss/articles/CBMitwFBVV95cUxPR2JFUUl0Q0dMOGdFRVk2bGpsQm1jNjVfNFBFdHBFcUo3eTRuSGZfQ3hJSkZmZ3hISEJYNEZobVczZzhwVDZwRFlfRUF4S3JqS2V3c3k3Sm5iRktJY21qZUhpTG5uM3JBallGZy1mM3VZbGV3dUZWV19LMzNwUjJUNXlLYkZGeDVHWEZMcl9VZUpMeWhrckxWWFBGYmNWUkRmbDhGdUxWcTA0alRrSEJrYzBVemw1VGM?oc=5&hl=en-US&gl=US&ceid=US:en,UNEP - UN Environment Programme,-0.6249
Update from the Seventy-fourth World Health Assembly – 27 May 2021 - World Health Organization (WHO),2021-05-27 07:00:00,https://news.google.com/rss/articles/CBMiqAFBVV95cUxNTW1aQUMxelBqcDZzUGttVGV5aVd2ZkZWREoxcDZNdW1zYnZRYk9qUWlaT1lpYUtyb2o3bmlMQU1XLW5tX3FGZW9RaHBWUzR4X3ktYl8zdi1SVWZJbzJSSmVzMkhtN3dacjZpaVV5ajZnRm15dm5JSi1ELUE4d3dEZEE0TVVrbUs3QkNRX1FEeHFwSHVsaXlYbWMtWXBnZ2RmemhzVzdKOEE?oc=5&hl=en-US&gl=US&ceid=US:en,World Health Organization (WHO),0.0
Clean energy demand for critical minerals set to soar as the world pursues net zero goals - IEA – International Energy Agency,2021-05-05 07:00:00,https://news.google.com/rss/articles/CBMitAFBVV95cUxOVDRDZVpfekxVbi1za0h5Smd4VVF0N3VZNjlHZmRFYk8zLV9rcTQ5YWx6ZHVFUVBtREx6Vk94T3d5TzNDNnZlcldRUk5SYi1nM3hoazZQVzVHSldFay1ndExxUFRjWjBEN25OUVRURHVRYnFkUEtnZ2VmWEdXRFBmVFVyQlNDY045OFctLUM2LXBtR2lWUVg3T0dDQm13dGJxWVVHLTdGZWZUOUhpZm1aWmd3RXk?oc=5&hl=en-US&gl=US&ceid=US:en,IEA – International Energy Agency,0.4767
Updated 30-year reference period reflects changing climate - World Meteorological Organization WMO,2021-05-05 07:00:00,https://news.google.com/rss/articles/CBMijgFBVV95cUxPUmVqeFdqVjRQTDdObmhGNnE4NkFoVVlTeTJfWnpSWUNCOGtNd1lRSEIzaUhzbG40S01SN2kzQTlwVGhPeVdpeHdLamY5RXY0dmYtSTVWU2kyWERLWEtxQjV2cDdSeG0wZTBHU2pUb0c0U3NLZ1VLNmduWU40c2ZydGM2OUZkeEZPRlNWTk1R?oc=5&hl=en-US&gl=US&ceid=US:en,World Meteorological Organization WMO,0.0
World Health Assembly Resolution paves the way for better oral health care - World Health Organization (WHO),2021-05-27 07:00:00,https://news.google.com/rss/articles/CBMitgFBVV95cUxQS21EXzhKbzVKTmxBTm9FZnJxc2hudTFFYTVQQWpSbktIR2EtYjlSSDVBRlRySU42UW1XRWtSaFI4eGQ4NU9BU1NrdnpGTUZ5eGlwQzFwVU95d2NtQmpORlRLVzdtVExFTm5IUi1IQWR2STBpQ3FBVEJBNk5UdXN2elhrUFJ3LUZuYXNjTmtGZV9IeER1QnVWQ1VnSFJ3aUlNMHlTMm9YYk00UDJPUDNodjZ2dkhCQQ?oc=5&hl=en-US&gl=US&ceid=US:en,World Health Organization (WHO),0.7269
WHO lists additional COVID-19 vaccine for emergency use and issues interim policy recommendations - World Health Organization (WHO),2021-05-07 07:00:00,https://news.google.com/rss/articles/CBMi1AFBVV95cUxOWkwwTGhPSUk2bUlQOHdXbHROdmFEeWpvVXcxRFJVYkRmaFdIRk9Zejh4eXVZdTY1V29ERUZyMTdwNm1pZTJYTTNvRVUxcEUwU25oVTViV2J3aUx5dnhBdkhKbGJZOUJtLWZiVXR2QjRGOVA4WDR3bkV4QU1yN1dCMUoyMjNxc01nSnMzSjI3MUo1NG84aXhOWkhVLUJFQl9jN19zQ2ZpSlh4WTRUZTRXbWtIYTNQZ3JTX0xSOHhNanZhNER2OGVEb1E4YWlsLXkyaklwQQ?oc=5&hl=en-US&gl=US&ceid=US:en,World Health Organization (WHO),-0.3818
World’s medievalists to convene virtually during annual congress - Western Michigan University,2021-05-03 07:00:00,https://news.google.com/rss/articles/CBMiTEFVX3lxTE15UWZqcFlENXN2VkZ4Um91WWduZFVJZi02UE9GYmxoT0U1SklHdDMzYVR5MllQcEFYV2haRjJMOHZIaGp6T0NUNmhfVXc?oc=5&hl=en-US&gl=US&ceid=US:en,Western Michigan University,0.0
The Seventy-fourth World Health Assembly closes - World Health Organization (WHO),2021-05-31 07:00:00,https://news.google.com/rss/articles/CBMikgFBVV95cUxQUmQ4SnlXVDVfRnFObjhHVXJZVmdvLTl5NGFjSUwzNWI2MEJ1aEVHVG80cXllekwyRjE1YVVkbGxaeS1jZEdtb2QzcUJSRjdjVVNzQkJ1ei1kZmtZQk11d3RhQWFKUWVtQk94Uko0OUlWb01WeWhxTXI0RWJ1ZllsalVFbEp1VTdtcEpXOEFyYWlhUQ?oc=5&hl=en-US&gl=US&ceid=US:en,World Health Organization (WHO),0.0
"UCR among top 1% of world universities - University of California, Riverside",2021-05-03 07:00:00,https://news.google.com/rss/articles/CBMigAFBVV95cUxPMk51SGo1emNRajlDTTQ4RDlaYU8xMXFxRWFaQ1JKQ3NwMVc3T0RxLU8yMTM3RnhjeFg5QUZqLWV2OVpLY2ZNNjlnMUtEckoyOUpKTlZ2X0hzZTVhNTJRQlRWRTlUbElNQzlzdlQwZ0xpdDRraDUwZVpuMTJOM2loRQ?oc=5&hl=en-US&gl=US&ceid=US:en,"University of California, Riverside",0.2023
Nord Stream 2: Biden waives US sanctions on Russian pipeline - BBC,2021-05-19 07:00:00,https://news.google.com/rss/articles/CBMiXkFVX3lxTFBTd0dpekRvaU1ZSEw4Yk5hMFZTMHlEdFdYakQ5WHY2R0NoYURTMmo0b1pOclBmMDBiM1RSSHNpQ251bjRUZ2JDWmRYRGpSYzhvcGRoV1g3bmVDM01hR1HSAWNBVV95cUxNaElxNTl1SHBKZG5VSkIxVFVMTWJJUVRoaFBSc2tFSU5NMDJMS2hqSW1mS0NETzBrcU41QUlHekw0cGY4cE5zWXdsR2VOUEJ5bWtMRkNrZTlhOGppZ3M1ZktBY2c?oc=5&hl=en-US&gl=US&ceid=US:en,BBC,0.0
Playwright Philip Kan Gotanda on growing up in California post-World War II - Berkeley News,2021-05-07 07:00:00,https://news.google.com/rss/articles/CBMifkFVX3lxTFBiREcwTlhHZmVtOEZxMDJoS1cxTEwwa0g5UTJJdEVBRk1ic2xmaWtxcDJXSWpJbmRyUGtOVjJQYU9LQm5idGZrZzZEeTZRRE9HTXdDeXYwTzBQREVsUGM4Q29kUzhIaGZCSFJxeFN4a1N0RDhoNkktdlFPWFNnUQ?oc=5&hl=en-US&gl=US&ceid=US:en,Berkeley News,-0.4939
Covid-19: India's holiest river is swollen with bodies - BBC,2021-05-18 07:00:00,https://news.google.com/rss/articles/CBMiX0FVX3lxTE81Y3oyWWtmNDZfUFAxVjBWU0lnOHp2OERTRkpMelROODZnbzZWc2ZFZnZnVU5ETWhQVVNDSlZkN1Rjb3pVVFR0bFBnd2NwZV9rcjA2Uml5QS1aN2laSkJz0gFkQVVfeXFMUGJRWTh3eUdoX1diZ09iR3dpVGVaRE9GN0RmbFl3bHlzc1U4d0hWRHQyYzU2MGFSTFJ6czNDRUFUTHN2b1VYLWlncUlXaXppQk1JMUtoVVRrcWNKYlFXcHRSYVphQQ?oc=5&hl=en-US&gl=US&ceid=US:en,BBC,0.0
Covid: Germany rejects US-backed proposal to waive vaccine patents - BBC,2021-05-06 07:00:00,https://news.google.com/rss/articles/CBMiWkFVX3lxTE95THBsWV94WnFYVEhxUjN5Unk1SEFteDdFWGJXQXhuRF83cnNxOWw3VDB3N3JmYkpXYjRJNVc5Q3JMUjNXOXZ6cVRxaVdmbkVNekRoV2tPSnk1QdIBX0FVX3lxTE0xREZoRUpncEN6Q1E2cEh1UlRLbEhiN1N4eE5SMXIwZzAyZGdXX1JEcGMwOUFHZGZsSDBaeWg0SlNVM180Y2N4MXFPUkVUYTFsbGNXV08yeldWX19iVHhz?oc=5&hl=en-US&gl=US&ceid=US:en,BBC,-0.4939
Sinopharm: Chinese Covid vaccine gets WHO emergency approval - BBC,2021-05-07 07:00:00,https://news.google.com/rss/articles/CBMiX0FVX3lxTE5SNHBKa1hxUXlGc1JMcjJmTWRPcHgybF9ZMG01dDBtOEFRUFNuUl9aU3JrSzV2VnJpd0lZVHhJamdPYUxQeXYxRzhSdUhDM0xib3Y2RGNraWFuc0xGSlJF0gFkQVVfeXFMUGl3OFhZSW9XaDlZSDU5Mm1Pa1JEQXVHaUNwNXR0VjJkTkRRcUoxanN2amFpeTRtaTZzU1Z3QzVvS3A0Vkdqdl83V1cyM3VKbGh0QkdIQUtwd3RRcHdXWnZwVURFbg?oc=5&hl=en-US&gl=US&ceid=US:en,BBC,0.128
Tackling air pollution in India and the developing world - MIT News,2021-05-12 07:00:00,https://news.google.com/rss/articles/CBMiakFVX3lxTE5FUldjdTdIcm9EeFB4RUR0Vk5CalFWSmVZRUJWMlFtdDJxVjllLV9QUjFDRkh1eUNsMDJEX0daWWV2UWJFMW1iZlZxTDJmb0VyZlM0TUpmTnB2dTJlVUc4VU5NZ2QydFNweXc?oc=5&hl=en-US&gl=US&ceid=US:en,MIT News,0.0
Climate: World at risk of hitting temperature limit soon - BBC,2021-05-26 07:00:00,https://news.google.com/rss/articles/CBMiY0FVX3lxTE80NHRVLVpVRFYwR3BhOTA1WkJxOTU1RE11LVEzcEVPX1BFXzFSUk10ek1GVEotLWVCcllxb2FxX0thZk1LeFIzdTZma0VfWU83V0szMmNzZnlKdm9ITUhkTHI3Z9IBaEFVX3lxTE9sd2hpcUJFMHZnOHNMRDhSNTZReXJpTTZIMW5CZXZFREF3SHlHOFBKTlVHdTQxOU5kMmNFRWtpOGljb1Y1RU5BbmFnampRTEZVTHBCRHpuMm1nWTZJbHlIdENnanRQNWZT?oc=5&hl=en-US&gl=US&ceid=US:en,BBC,-0.2732
World reaction to Israel’s continuing attacks in Gaza - Al Jazeera,2021-05-15 07:00:00,https://news.google.com/rss/articles/CBMiiwFBVV95cUxPSktjUDEzX3Fhd3NlQnBfakYySW9FN0hnZ2Y1VkNlU0dQWVpFRFNkLUpOZmR3OFR3eThIUURhQXczbWhZbnZmXzZMQWlxWDQybkpFdEY3U2xtczVlWXVDM2FTSmQtWXpyVEV6c09DN1ZnVWtrME9ZVlVSdnhLT1dGMHZaSDV4RFIyRDBj0gGQAUFVX3lxTE9JZVoyZTBLRU00ZjB4MDdQcE5ocUMtR3h5cWFxVS1jYjNiQ29lNzRjUFdEakdiekhkNXlEZVVjampiRWVUSFZRa1ZzVkVNMWtJMFlqdDh3Uml2azhxY0hlcWRWWVY2MEFxSVZ3cElHTS1BTWVzeDFJZHZfVF9OeGZ4Q2dJR1hsb2h3WHVybHJtYQ?oc=5&hl=en-US&gl=US&ceid=US:en,Al Jazeera,-0.4404
"#VeteranOfTheDay World War II War KIA, MIA - VA News (.gov)",2021-05-31 07:00:00,https://news.google.com/rss/articles/CBMidkFVX3lxTE5sR0lIZnZhNmRROHQzZnhkcm12Z2hBY2gxem92NzdBMFI5aEtIN2ZuTVpSWm1DblpKazI3c3E0bWlKb1JHR0lwNFhuM01kY3dVYU9mMUdwTmRGcXZuSzdmNGl4UkJ2bEtxRXZGc19aZUJCdlQxMVE?oc=5&hl=en-US&gl=US&ceid=US:en,VA News (.gov),-0.9491
Global Assessment: Urgent steps must be taken to reduce methane emissions this decade - UNEP - UN Environment Programme,2021-05-06 07:00:00,https://news.google.com/rss/articles/CBMisAFBVV95cUxOUWZLOTR4ZDNMUFZNdzEydmNNQk5NbGExaDNpMWxkcmotWlZxb2JjRG1mZGo0aExibWJJZXZ3Uy1maUc5ZzZzemRDZlFPbUMtaGRGcnhQVEF6N3FZMmpGVHFwWjRQcDA1VERfaF9rWkZyR2FkX21HM2hOOEVwOC1sTjE2bUxmeklNODdicjd5VzdjMThHUXBUQXc2Z09Hd3VDTjkyNzh1eVVNSW9semNhTw?oc=5&hl=en-US&gl=US&ceid=US:en,UNEP - UN Environment Programme,0.2023
Who was George Floyd and what happened to Derek Chauvin? - BBC,2021-05-24 07:00:00,https://news.google.com/rss/articles/CBMiXkFVX3lxTE5xa19EeElpcFZPWWhEeWJnV1JFYVFCa21jZWFzWFBCXy02X3o4QVNhdEFTMF9UclRUNU9mUC1vS3hpOTJZRTRoOHlmVnJ2LW1GVTVTUWxUVmZMNEM3aWfSAWNBVV95cUxOeDhTQW9BY21LYVVVdWJuZHI4RUFVNDA5Nmc1TUV2QUZ2MkN3NHVCeGp2bGJlY1psaUZGcm13SDg0akF4RjJRNXhtdjlvNmV2WkdfS0Frd2J4OUJDVDVqamFERkU?oc=5&hl=en-US&gl=US&ceid=US:en,BBC,0.0
Covid: WHO renames UK and other variants with Greek letters - BBC,2021-05-31 07:00:00,https://news.google.com/rss/articles/CBMiUEFVX3lxTE94QmdBNHRlX1hzWnJobnR1Umh0dEJFRmZXNlRuUnVjZTZhZVVvWU1UTkJvQWkzanc3N0JLV3pMc194RE5wMm5GcjFfOURRZGll0gFWQVVfeXFMUGlVcktlMTh5SFBMMW5YcTcxTE1zdktZaGJ2ekdrWVVvbUlqZzBVWmxDejl3R3pqcGxYSG5NY3pqaVVhckhxZDM1UkVWZUFiYTcxcWNGWGc?oc=5&hl=en-US&gl=US&ceid=US:en,BBC,0.0
Canada mourns as remains of 215 children found at indigenous school - BBC,2021-05-29 07:00:00,https://news.google.com/rss/articles/CBMiXkFVX3lxTFBnMG9QTjVMd0dWbkVSeXlwVFc4SG9TQ21TYWxVODBjX1JPWnJwTGJRZHBaZW8wNlJUelJPNFlhSEZjM3M4ZmdwbnlxRWVDUmtORl9iU2wyMTdsc09vekHSAWNBVV95cUxNZTE5MWFOQmpjRDRYR0ZTbGV5dGkwLV9yaHBTdUZZQ3pxSFk0ekphMHk4Y1NnZUxnY0dSWjRvSkk0Z2Ewc2dGWGJvbUllVHV1OExNZzVvRFFTT3dRY2h1UTZZN1k?oc=5&hl=en-US&gl=US&ceid=US:en,BBC,-0.5267
Covid: US backs waiver on vaccine patents to boost supply - BBC,2021-05-06 07:00:00,https://news.google.com/rss/articles/CBMiXkFVX3lxTFBUTE9reW82UXo0RlJodTFrdEVLNXl2dmlkQmFjWXFMdDU0TTJpUTJCNmlXVW5qTElyRHpYZTBXN0lidWlwTVZaMDIyR2RQSjhjZ3VRMm9UWUN6V29aNmfSAWNBVV95cUxOTzBESlE2MmRyQlBuY0RNa284cXRIc00tUllYVDl3Ym5MM3c3M1oxNTdPd2poNjNyRkwtZUdackdIUnE5dThnekRTR3plaEp2aURkV1FHYU1pTjNsRU9qQl9LT0U?oc=5&hl=en-US&gl=US&ceid=US:en,BBC,0.3612
World Health Assembly adopts decision to recognize 30 January as World NTD Day - World Health Organization (WHO),2021-05-27 07:00:00,https://news.google.com/rss/articles/CBMiuwFBVV95cUxNVEttNG5vZHhkRDJmSVBvdUlJbmQxeGh0VlN2OVhKY1RrQkk1by1IWUdlODZ3c0tNNU5XQ01oT0tleUZzZTRtSS1hdGttRW5mcWpWQ0dTcVBJeG80bXVQN2R0RE85Vm5RMXNDOFRoVFVES2ItWFlqelJSNC1GZ1dsY3VXaElXaENHZEhuS0pOSWYzRmgyZHo3Tm1KXzc4M2VJblUyLUJyNUlVYm13dFR0azVPbmZ2TW5HSi1z?oc=5&hl=en-US&gl=US&ceid=US:en,World Health Organization (WHO),0.1779
Why Colombia's protests are unlikely to fizzle out - BBC,2021-05-31 07:00:00,https://news.google.com/rss/articles/CBMiY0FVX3lxTE9DQjdRdWVWREtfOUxSb2VXNjU3cVJTMWVqQ3UtWERPb2pJRHBDRFF1SHNhX2JXRGpWSFBIUU5zVHhoN0hsVF91Y2laeEpmWC1WQmtHSVIxSHhWTnhkajJSQTJIVdIBaEFVX3lxTE9nSzl0cjM2elVYOWQzcW12VXRLal8wUjVaT1pxbkdyaDlOY3pIYkMyNC1TNG5XbTFVNXJJckNDYVc5ZnZkeC11R1VqUGNfZ1hfQnp6SENnVTVIZTNtTHRqYW1aSjRZN3Fp?oc=5&hl=en-US&gl=US&ceid=US:en,BBC,-0.2263
"WHO announces simple, easy-to-say labels for SARS-CoV-2 Variants of Interest and Concern - World Health Organization (WHO)",2021-05-31 07:00:00,https://news.google.com/rss/articles/CBMixwFBVV95cUxNdDdmWEtQVjB2NnNEZFZ4OExGa3VyLTRwMUdweHdpd05nLXZqRFhhUE5fN1pieXgxSzJJVngyRWxMNUw1S3FSbW5SVVU4a0tFc3EzRUl2UFRiTHB3aGxLUG1LTVNTNThCR0Z5azNER181QzBULUE3V3BPYXFUbFJPai05eDF5N29uSkMzNHQ3TDAyOHpMRzR3QWFVanlCbG9zTVdSVy1Hb0ZWSWFfVmFvc0l0bGs2U1hORm1fTmU2X3o5Y3ljU2NJ?oc=5&hl=en-US&gl=US&ceid=US:en,World Health Organization (WHO),0.4588
The people that are preparing the world for a disaster - Sky News,2021-05-24 07:00:00,https://news.google.com/rss/articles/CBMilAFBVV95cUxNRUN5SkI4RjNfLVhXU1NUTnBTOG9XSWplVU5lOF9rckNCZjZfeGE5TmxQeGpISU1Ob19MeFVFbldkMHZSZFUzb2VpVWtHZHhTcjZkZWU3STF1QldldllINExuM0VoSXo1YzdBLURjVkMzeGJfZlZPc28zT1l3QVJrMFFUeTBIRkZsVHdsa2hOSGFEYWtQ?oc=5&hl=en-US&gl=US&ceid=US:en,Sky News,-0.6249
"Israel-Hamas Ceasefire Holds, Egyptian Mediators Shuttle Between 2 Sides - NDTV",2021-05-22 07:00:00,https://news.google.com/rss/articles/CBMisAFBVV95cUxNaHZMRzNwa1hWLUVmZ3RqaFBOVzV2YlItVkVzX28zNzdRanBCYi1vdXJNak16dTU5Vmd6di1MWjNWUHVVeDRsdC1DaFFsMVZfNE53N3hDaG1OU3BuYWVnRFU2ZFJteUpLckpVWVVmUWY2b3FjTFR6N0N4V0s2YnM4eE9ncThUOTlGSk9kOTlST2wwSFczYzBxaGJ4RDJROFFJSkFMZFpXamdIZHJrVExvctIBuAFBVV95cUxOdHQ2ZFJIcVBUREJGMHZSa0xjNExtV1luQklob09rMDRoZmNQSFF2YjcxUW8wTmRQN1FvajBYR2w5clBtbkw4S1dHaXYtcGRRY2N0UUt5T2RuNFVlNGdnMENkNTRYTWtSWDgwMmhwNHNNWUxFaXl0bS1LNUhDSmoxaGt4d3BTZFplb0lLT0ZyUXUybzFUTkVlaDNSenBXUGZLWkRLbEZGeUhJU2FTQjFnby1NUy1ITlc5?oc=5&hl=en-US&gl=US&ceid=US:en,NDTV,0.0
UN report sounds alarm on acute global shortage of midwives - UN News,2021-05-05 07:00:00,https://news.google.com/rss/articles/CBMiV0FVX3lxTFBCXzhESHRQVC1HSWJBQndBa1hyNnhuaDF5TmxFTVBYV0RvdlVGT2l4NldKa2VnT01ldGdQYlVQT1JLd1liX3otcXJwTXdEcjNLZWxqN1IwRQ?oc=5&hl=en-US&gl=US&ceid=US:en,UN News,-0.5267
"Globalisation of HE: the good, the bad and the ugly - University World News",2021-05-15 07:00:00,https://news.google.com/rss/articles/CBMidkFVX3lxTE5jVE5qWGlmS25DZE9RODdhRjRiUFg5aUNxbklGRFZJanIzM1VkRldHdmFEQ2c0M2M4X2duUDJaQVFqZ2RBeWk2VmdTU1l0LVUybW1iaDZhTmg2bklCajFTY1JJOEZxdW9qc3d2ZGczUkRFVG50dWc?oc=5&hl=en-US&gl=US&ceid=US:en,University World News,-0.5994
Bill and Melinda Gates divorce after 27 years of marriage - BBC,2021-05-04 07:00:00,https://news.google.com/rss/articles/CBMiXkFVX3lxTE5ndGt6Tjc4MFVfcE1lcVdBTFp2QjdMemhQbG0xWUFjeXZ2cHZSUEdoajdmU1BuTFVWSkd2dWU5dENTMkZpOGVud2RISWZjcmZDLXloenR5aHJ5dzBvSnfSAWNBVV95cUxNWjMyckxjdXFxN1JqYk5WUmdnX0VsbmVOUFVTLWZ0YlZ1c05TWXBhTE5IT1ZZMnNDMmxLcy1XRnBlWGhfUmp5SnVtRVRTOF9MQmxCZlFDWldpNm80T2N3M21ybmc?oc=5&hl=en-US&gl=US&ceid=US:en,BBC,0.0
May 2021 Current Events: World News - InfoPlease,2021-05-31 07:00:00,https://news.google.com/rss/articles/CBMibkFVX3lxTE9vc3hidkZXLU5xYk5OUGFlOVBXQ04yM205RnFnemVpUURKUnd1ZGk1QmlYbmpUWkJfZU1xazVWR2Z6Q2s4YXF6dGhLN0xyZ2lDRzROQ2ZrbFNEd1JZZVlWZmFpRjg3SWVlSlFHTVNB?oc=5&hl=en-US&gl=US&ceid=US:en,InfoPlease,0.0
"China uses Uyghur forced labour to make solar panels, says report - BBC",2021-05-14 07:00:00,https://news.google.com/rss/articles/CBMiX0FVX3lxTE9taWJHQVkzMHZNZmthZGx5VExnekpRdGJScDB2cmNzc05hZGVuVGlUS2dPdEthbm5aTlNmbDY2X20zV2pfdUFxNTBnUy00X1F4OTIwYTVzOG9wV2Y3bkNj0gFkQVVfeXFMT0g0cDBSMmJaOHhVVHRkdGo4MVBRZEIyeXNsMTRKMEM3UHN6VTFYR0d1bkwwODE4YWxIM1RtX1hZU2pNNXNUSy1fYWJjQWk2aGFjLUJ1UThpckRuODVtS1JWb2FIZg?oc=5&hl=en-US&gl=US&ceid=US:en,BBC,-0.4588
Covid-19: What went wrong in Singapore and Taiwan? - BBC,2021-05-19 07:00:00,https://news.google.com/rss/articles/CBMiV0FVX3lxTE1oMkNqYWZEN1VMX3ZuUUxGUXFxQ2I0UU4ydERuQmhIV1J0ZmFWM1RfR0lxQ0ltVlNoYlVoazJ1MjVtSG44ZVg3V1F2WVlLUU1TMFZOU3RrTdIBXEFVX3lxTFBmRFFXMVNhZE1RYXFqRlNWVzk3aFBSWndadk51azJMTXNVejBHVHh3UGpyM193S01oVlI2SnZGTldmS1JVZV9neVZrVWpNVW5DR1dTSGwxSlhsRDYz?oc=5&hl=en-US&gl=US&ceid=US:en,BBC,-0.4767
"Junta suspends thousands of academics, university staff - University World News",2021-05-14 07:00:00,https://news.google.com/rss/articles/CBMid0FVX3lxTE1DeXFmcUlTZU16NDZ2T213Sl9tMW9nNXJsaFoySnV5bFBoRV9GSEgxdXZ2UjQ0SnE2eXZ0Vlp6dG9BQUFwdHJHNGVKR0xUbm1GZFFXOHFUV1BNY01VUUtFSkZtTm1NYjBTZ3g4TDdPd0EzS2EzUUVV?oc=5&hl=en-US&gl=US&ceid=US:en,University World News,0.0
‘Belonging Is Stronger Than Facts’: The Age of Misinformation (Published 2021) - The New York Times,2021-05-13 07:00:00,https://news.google.com/rss/articles/CBMilAFBVV95cUxOWHBIYmlzV1NxYUlhRUdJOW5tdnAycUd5MlJ5QzV0Mi1FM3JQNXcxbjdwUi1TWUdYREV5WTRBWUNTMFd6X2NIckktdTF6X3I3VG5BQU11NC1WNEhlRkNwdHNyQWh3N3ZLRjRzM0ctYUgwb0w5N0J1dTFGNDhSQUFGMEtpdkZYUVpETHBSOEwyNlExNzFj?oc=5&hl=en-US&gl=US&ceid=US:en,The New York Times,0.0772
Birds Bring Stockton Ospreys Together for World Series of Birding - Stockton University,2021-05-27 07:00:00,https://news.google.com/rss/articles/CBMiowFBVV95cUxOZXVCaExMWEVaZG5CRWJRc2k0dmJRbW1RMEhJYU53aHpva3FvTDdEaEtad2pEeVFkNjNfYmRZZnZDbkdhQTR6Qjl6YllzU3dMMWs0Tll0VklhbVR1SDJiOGY1RzdYS0E5UjNVUFBENkxhclc3NGNRVHVEakNiUUZ2RmFaZm5qZUpucGJHUkdaRmp1V1N1akRBeXEzLURTb2FNdm9z?oc=5&hl=en-US&gl=US&ceid=US:en,Stockton University,0.0
Indian-American Neera Tanden appointed White House senior adviser - The Indian Express,2021-05-15 07:00:00,https://news.google.com/rss/articles/CBMitAFBVV95cUxPNjRjWFFHTEZkY1pEMUN4elJxNXl6QTIxUy1Od1Nhc09tbHlaaGJ6VHlDYmlzMmM1SjJLMjItZ1ZDVU5odzhQN3RuelRaYXJMTXVfUjBXTEZMcDZ2NTFiQVctci0yY0pwVVBKSUw0Y0x2aGNral9TTC1YSnU0WXg1d2NsSlZMRmpXWUZqZENwd3ViT0FvREFpZmhTcnZOb3VRUUtISzByOXdNX0tueHl0My0wQV_SAbsBQVVfeXFMTkdqbGp0Z04xMTk4VWFvWjBrWGdlME12RWx6YnZDNFdyeGNDRXMtczNVZmQ3ekp1VmpQdnRRdzdRaUI3VFJZMy1wRzh6NGR2c2MwM01CcEZOTGtBNmd1b0F5b2hqU2RRX3phQlR5em1Tekw1Y1NaQ0RObzBqcXg0VVRpelBEUXNtbzFMMC1UdWRnendad291eWhQdzdVWkdqUUJnc3FvWUItMnFoNXMxbFJIbHAwZnlxa2hrUQ?oc=5&hl=en-US&gl=US&ceid=US:en,The Indian Express,0.0
COVAX Joint Statement: Call to action to equip COVAX to deliver 2 billion doses in 2021 - World Health Organization (WHO),2021-05-27 07:00:00,https://news.google.com/rss/articles/CBMixgFBVV95cUxOX204a1FxZmdLQ1FCdUJWVnZ1aV90RHNZZTZ2ZkxBRDEzbWF0VDJueDloZVlqZ0lZUHRTdGlwZ3JfOFEtLVVRM1FEMEh4M2ZiNnQwbkQwWjlxd3NUdkFBVEJ0RTNiejJ4aDgwN0V1X3Z5OE13TGgwOGJabG1nTmhGMnJPWVEzdnJMdHZKZ1Q2bkdiYUhHT0hqZjRac3JoQU53WkJnZDI5Z1V5MU12RUFQUzNHaXdINlFRQ0dudHhxMmpaa1p6VVE?oc=5&hl=en-US&gl=US&ceid=US:en,World Health Organization (WHO),0.0
World Health Assembly to focus on ending COVID-19 pandemic and preparing for next one - World Health Organization (WHO),2021-05-19 07:00:00,https://news.google.com/rss/articles/CBMixAFBVV95cUxPMVZFd2R6U0s4VU9SU2RDV21raEE4VkczajdERWhBcUdIUm1peG90Y3ZQXzNBc0FrLVdjbUx4S3ZwMnFPVDd6WGVTelQxclFjWW5yc1FPRWdlSDZqaFpvMjFBYVEybkVrbE5mZmpBc29paWlNRnN2WDREdkU3Q0ctOGtVRjg3azhPZTZoSGV0Umw1S2RqMDRqS3EwakZqb2tJcEFDMHlzR2w4Uy1sT2Y0RDh4TDRkNGI2YWVobFJwbVU3akQ5?oc=5&hl=en-US&gl=US&ceid=US:en,World Health Organization (WHO),0.0
China: The men who are single and the women who don't want kids - BBC,2021-05-24 07:00:00,https://news.google.com/rss/articles/CBMiX0FVX3lxTE4yVnBORXk3dmt4MWhHZ0JkeHVtWGJ5M2lyeWVWY2c1SGc1cGZfak5QdmhuZDliYjJmMzVyZENQOUxRU2c5QkhQQlQxXzVuRU9DNTZEcXhTczRlWEJZNkx30gFkQVVfeXFMTXA2bDNQYklLdklGSHJ6MXRHSVN4UTZtVTNCTHUzcmlEVzdfRjl0N0h3bW85VDhiS25sQjM4SWNPNlgyUnZicUJIcFYzaXRjOVhQOG5ReGNhczZDVGlSc19WUWg2Mw?oc=5&hl=en-US&gl=US&ceid=US:en,BBC,-0.0572
Why African countries back China on human rights - BBC,2021-05-01 07:00:00,https://news.google.com/rss/articles/CBMiWkFVX3lxTFA2N0VMQXdFMU92Y3lEcE93cjVyMnl3Ym55dTV4U1g1S3VJX2dfLUpiN3RSRjRnS1g5bzVMaFJObjdxR05SanRlc2hIOVB2Q3Ffc0dBSTc0ZHkxZ9IBX0FVX3lxTE0zMkhIaVVBeWI5SU11M3lBQWhOdTNnR005TnFULW9ZRktmT29PUUZVb0NXb1RJTGFlMTl4OFhmWjh3TGJ1MmtYZWs1cGNBTndFNDJnXzBHMnNOd01vSkhR?oc=5&hl=en-US&gl=US&ceid=US:en,BBC,0.0
‘World-class’ educator named SUNY Distinguished Teaching Professor - SUNY Oswego,2021-05-12 07:00:00,https://news.google.com/rss/articles/CBMitwFBVV95cUxOWW1YNUZRYkZMUV9wRU1OR3l5RlJFcl9fYmJuUVpGekhNWDBwSHdMR05pMV9qQXNMazFxdmhYUXZ6SmtMZTZLOE5PLVdWTS1OWW9DNWtWM0ZqYzFfWmlONDRjSVFCV3dScTE1eTdsQjQ0YkEtTFpWdktOamhISFdrZ3VuMjBkOEpfQ1dGc0ZkT2RPVWF0ZzNSbTVqLW4tQWtmUjBRVFRGS1FvMkZaem9kb0dQZ0tzNTA?oc=5&hl=en-US&gl=US&ceid=US:en,SUNY Oswego,0.0
Israel-Palestine conflict raises alarm across the world - Al Jazeera,2021-05-12 07:00:00,https://news.google.com/rss/articles/CBMikwFBVV95cUxQNEt6UGVCdFlXak9pZ1hJSUlLQzlLdnN1UXRmbWVYdzZkTFJDOExvQUJxRGhEYTQwTlJOUkxxX25udGk0ek1CZUpGZVZjaUNNMXZ1WDBlMVJmMlFaMFlUVVA2d2trQXdKQVlUbnJ4ei1kS0ZJc3p5QUJsdmNGWW4tWHhQeUFHOHd2bDRMM3Q1X01fWWfSAZgBQVVfeXFMTVJKVUtHdExJSzJoblFadE8yaW5SY1h3am5EZEoxb2wwdlJYaGV5QUpDU0JQc1ZxUHRPRl8tYkJRSTRZbVFVVHZJMmdFZDVqaUJjX0JCV0d5UzRDSGV0WXVYTnRKSUs3QzdnMlFTODNYTDhYVDFTbXFKSGgwZDJodmVUVkxFRENCdzI1T0d1QVdQb0NVcHp0UjY?oc=5&hl=en-US&gl=US&ceid=US:en,Al Jazeera,-0.5719
India's Covid crisis hits Covax vaccine-sharing scheme - BBC,2021-05-16 07:00:00,https://news.google.com/rss/articles/CBMiUEFVX3lxTFBUT2lGZEpqYUR0eTFDcDVvQ0tYWVZQbzlIbUJsWkpLVXhRY0dKSjRQQXRMbjU4R1dfVXcxU1hLQjlDeDlSdkYyNWJfajhuZk0z0gFWQVVfeXFMUE9KSUJnT1JfVGNiQm00VUZWVGNrWTVXRDdFVlpBWWp4TGRJNmhOcmxQM0pJblBqZFk2SjY2cVh3UWM5MmZwSk1sNTVqUGtuaENWUVNrbVE?oc=5&hl=en-US&gl=US&ceid=US:en,BBC,-0.6249
A new landmark resolution on disability adopted at the Seventy-fourth World Health Assembly - World Health Organization (WHO),2021-05-27 07:00:00,https://news.google.com/rss/articles/CBMivwFBVV95cUxPX1NYclVfUFNwaHhpN2RxUEpTc2ZkcWxoZHR0NWZMZmV5aXFHQllKNmM3Y3htUVlVM0lvOHdUM3QwMS1zLVRrZEc1elhsSzhjcm50NFJ4bG9VNmdla2MxVnU2SVJ4ODVOWmJ5ZW9xdGpOc2NLREJSQ0t4WGlrQ2tURG40WWRQbVRtUEh0ZUFEVUxWN0VkSm84MzBqV3VpV1Y5YlNDWER6TUZ3V3pBRURPeHdIdjlBdndOdHNmWmdEUQ?oc=5&hl=en-US&gl=US&ceid=US:en,World Health Organization (WHO),0.0772
"Global e-commerce jumps to $26.7 trillion, COVID-19 boosts online sales - unctad.org",2021-05-03 07:00:00,https://news.google.com/rss/articles/CBMikwFBVV95cUxNQWdWZl85TEJiRUdSWWFpTHVqV2Y3UzdZekJDMnpUT1hIY2hMdHdpNllXNTllQU5xVDJkaDB6dURGVWJnTnFzNk8wZmtTRFFpQlNLQUMwbEVGN1NTMm5kTFlaZ3ZmMVRkU0RaUGZud2dRSHl6V2lwRjVQbUU1LW4wakw4RmpCSTl0QTNsX0QwVkJQT2M?oc=5&hl=en-US&gl=US&ceid=US:en,unctad.org,0.3182
"Streets for Life campaign calls for 30 km/h urban streets to ensure safe, healthy, green and liveable cities - World Health Organization (WHO)",2021-05-17 07:00:00,https://news.google.com/rss/articles/CBMi4AFBVV95cUxNWnphM1F2WHFXMUNocGRGWFBkQ25VMnBqT091ZU1PLTVrdV9vQ3h4d3pBV1IxakxiRjA2bEJjaVJfVGZzSHBlZlNpUnRjM3NER3FmRnR0RWxGZmRNUzlIWVRzamhBSTMyU1M1enVRUTE3SnBPWW1OLW5JeVM5ZUxQV2VsbVlZbXFQZmlFR2h2OG51QllnUmNCeXJ3bGw1NGJ3OGU4Y0hQVVEzNUcySmtmTmtabW9IUTY3Z0otY3B1eTBZYVFtdmRocmxHMnAtODA5dXJlNUg4ZDVUbEozUVEzSQ?oc=5&hl=en-US&gl=US&ceid=US:en,World Health Organization (WHO),0.802
Ways of seeing the world - MIT News,2021-05-04 07:00:00,https://news.google.com/rss/articles/CBMickFVX3lxTE1hdzJoekU3RGR1WGZUTFdxSGxRSWhvcTNqSEpGaDlfb2xVYVMwTlNwOTdfLXFvMzZyUThaZzhsTF84SXRSNUgxUGdLM0lvdHkwWnE3SDlYNDhfZFBFTkU4Mno1ZGplQ01LYVNqS0xzRkpQUQ?oc=5&hl=en-US&gl=US&ceid=US:en,MIT News,0.0
So You Want to Live Globally? - Columbia University,2021-05-19 07:00:00,https://news.google.com/rss/articles/CBMiekFVX3lxTE9FdXN5bUlIV3VqZ0Z0VG5TeTBNdkdEZWZqandnNUhFbndEYTBYcmI2VjNKZU44dzB1eUVnRWc1cG95UzJxU1NqYlBPMmFNOTNsejJibEZhOTNDLXNHT18za1dwaDlLNVRMRlJkaFdSTUFJYWtKeHhKN3dR?oc=5&hl=en-US&gl=US&ceid=US:en,Columbia University,0.1477
Israel-Gaza: Netanyahu says operation against Hamas will continue - BBC,2021-05-15 07:00:00,https://news.google.com/rss/articles/CBMiZ0FVX3lxTE1WX1BLcXRNOTZYOGF4UFpSYnNzRUZXQ3p4MFVVLUlsWmtCY2JiRDNINDZHV3Q4RU5aSHlpX1dxQ1AwWnBSN19BVGpNSGJiUjRtOHUtbExjNWcyWDRlQzlsSW00MzBDZFE?oc=5&hl=en-US&gl=US&ceid=US:en,BBC,0.0
The Best Thing In The World - LPGA,2021-05-05 07:00:00,https://news.google.com/rss/articles/CBMifEFVX3lxTFBHLV91SXlrdXdKWjJzQ04wZkx1MUVMUHg3U0xHeGx4QzlRSEZNQjFyNFl1Rkl1MDlOclZqdVlfcVF5YUxwZUpMSVlXUVR6MXYxa1o2SFdoOFNvWW1uVjF6UlBabHI0RHI5RERxMUpRYzJiRmdvdTNXQVluX1A?oc=5&hl=en-US&gl=US&ceid=US:en,LPGA,0.6369
Shell: Netherlands court orders oil giant to cut emissions - BBC,2021-05-26 07:00:00,https://news.google.com/rss/articles/CBMiWkFVX3lxTE5XaVV4eXQ0UE1kRFlRMG8yendESGtyUlBfWkF6cFlfQ3VvNWx0dVdhU1JCbWlVMXMycTZacGZUZEJPYjhTV2x4Q19QSUdBcnkxQkY0ZngwMndrQdIBX0FVX3lxTE1UQU96ZWJaVW5jcE9JajVqQjBhSUxUb2Fhb0xQTlI5clpremU3YW9jZ0NJRmNMTDAyRUJkSE5INFh6c1k4LXZ0OGxBRC13Rl9TTnRPb3FaNlc0czUyOTgw?oc=5&hl=en-US&gl=US&ceid=US:en,BBC,-0.2732
Five Eyes: Is the alliance in trouble over China? - BBC,2021-05-03 07:00:00,https://news.google.com/rss/articles/CBMiUEFVX3lxTE5Ccm1UaWRzZXJNc1dzSzR5X3FSOWIwX1prTXBJWjNHMEQwU1U4WFlvNmRiWVBOUnVEUE1vQ0FISGU4NVV2cFE5OW9pYkNDUEsx0gFWQVVfeXFMTmhpYkdwM0tfS2F3TTRyUkhHMnZPd2dEVzdsdWZ4VzVJcEFIMDV2WUxXbTEtUjVQeU5ONUJvQmNxZENPX2VWTGU1bWhkTzZrWDRyS0VpT1E?oc=5&hl=en-US&gl=US&ceid=US:en,BBC,-0.4019
Surry units cleared for 80-year operation - World Nuclear News,2021-05-05 07:00:00,https://news.google.com/rss/articles/CBMijgFBVV95cUxQWGJjekxDbTZBbVd0aWhubEYtOTg3NVR1MW5FSTFIeXhieExTc1pPS20wOUh3T0V2MmFJMUtsM3hzLU9ZajZGVGtGdzNscVR2ZmVyaTNYTEgxc0UtRVI2Y0UwdUd6ekRIc0xXWkdVdTZIazRTY3JmY3pXckRyc3F4cVZrdHBDUEc3SG5lUVpn?oc=5&hl=en-US&gl=US&ceid=US:en,World Nuclear News,0.1027
"WHO, Germany launch new global hub for pandemic and epidemic intelligence - World Health Organization (WHO)",2021-05-05 07:00:00,https://news.google.com/rss/articles/CBMiswFBVV95cUxPX3c4SmxGSmFfeUdaV1BoZllxUlh3bmtuVmZXU2lpLVpxSHJtTkVBek5FOUdzYlNjRDFDNWF3ZEdBdHFJZ3ZhVGM2Uk5Eb1dFUWtZUjRyVWxBd1VZZ3gyYTJYWmVwcXp6N2Y5X0FQZFI2UWd2X1phWTVSb3NUdS1VS0VKYVQ0TWhLVFRodFVXbThLelBVOF8tQjBEUC1BMXNBeUwyUWdJMzR0SXlHQWdZWk5BRQ?oc=5&hl=en-US&gl=US&ceid=US:en,World Health Organization (WHO),0.4767
Tokyo Olympics: Why doesn't Japan cancel the Games? - BBC,2021-05-14 07:00:00,https://news.google.com/rss/articles/CBMiV0FVX3lxTFBVRXU4YmVzWFctVE5nSmdJbnRienVWU24wT0VXc1pRQ2tBRDhEMFJUZW5OY2xvM1k2d2d0U1A4S2tUV0lrZU4xbTlzR2ZCVjNkdzVnam9nUdIBXEFVX3lxTE45Wk02T0pKT0d5THNoOE1kZy1JS0ZEU29lVEgzOWhuaWJnbDFzakFzZGFReEhEUlB4bnQ4Um0tdmYxUzdGaXZPWnhvNlpobldzbUlTMlVMRGNQYlRm?oc=5&hl=en-US&gl=US&ceid=US:en,BBC,0.1877
Who's behind recent rise in US anti-Semitic attacks? - BBC,2021-05-28 07:00:00,https://news.google.com/rss/articles/CBMiXkFVX3lxTE5NVklndkNJWUxLV1QweWJldUtrSFVkQUdpbzZPWkQzb1F2bVhDTFJHcFhEckw3TzZYY25idEFVY21hTTlPNWw4ZDltWjk3S0w5SGZWY0c5Z2YwWjA2RGfSAWNBVV95cUxQeHY5aU1QeTlnWUJ4cGhnTGZzZzQ4MW5DdGxWUXdldnUzT195bVhPRkdUa21PYkZ0OGJxRDFGWUd6SXh3TnVfLVZCTllCUFNvb3dnRmlaUWstX0J1NktSQ0dKUXM?oc=5&hl=en-US&gl=US&ceid=US:en,BBC,-0.4404
"Kangaroo mother care started immediately after birth critical for saving lives, new research shows - World Health Organization (WHO)",2021-05-26 07:00:00,https://news.google.com/rss/articles/CBMi1AFBVV95cUxQZXZrQUxNR3JDM2Q0UnFXREJsUjNvUXliU1JJdVE3eXVjWkN5WWs0NXhhRDl1cUNUV1N6c0NCa1ZlRDE2Zy1GSXFQOFBlRUtwQjJ0ZDlmTzNzaEtqTElrdEdVSGxZdy0wcmdwdmhpbEx2MVlfaXpCZDF1SHdQcEJDWWtNTVZFUWdxejdfUnhOVGpkbTAteGtzaGVOa0dvcllRVnpXamNVcjRuZGlGb1lpdmVZX3FQa1FwYVFBMmV1NW8tZ0FrMVFWVlp4M21sUnN2N3Q2cQ?oc=5&hl=en-US&gl=US&ceid=US:en,World Health Organization (WHO),0.2263
COVID’s grip keeps world in ‘perilous situation’ - UN News,2021-05-10 07:00:00,https://news.google.com/rss/articles/CBMiV0FVX3lxTE1yM2JrYzZ5amlMRGFWWk5GeHVjVzc0eEZSWTJlOUJJdHQwVjBSR3Z5bXl2dGxVdjlLUkNwajJrcEdWWlB2X09PVDhVUko2dHQ5WFRfN3ZrQQ?oc=5&hl=en-US&gl=US&ceid=US:en,UN News,0.0
Foodborne trematode infections - World Health Organization (WHO),2021-05-17 07:00:00,https://news.google.com/rss/articles/CBMihgFBVV95cUxQUkhhLUdBZ3RFU3V3MlBkZk5FMHo5RnNaYzFoZGFjMWhkMXhpQ3h2WTU2SXRfNThwaXAxUWdPZ2FzMTd3bThNdTNSWnBmbnJxd2xkS1B0TW0xY2puUGlBcEl0azAzc0k0STZjbzNlTEdtX2tKQlBGNWp2WHpKX2xmNjAzcGVuQQ?oc=5&hl=en-US&gl=US&ceid=US:en,World Health Organization (WHO),0.0
"Free press ‘a cornerstone’ of democratic societies, UN says - UN News",2021-05-03 07:00:00,https://news.google.com/rss/articles/CBMiV0FVX3lxTFBMRGNJeHktc1lPZ0tCZWdtbTRTX3BOcmRPblZ5NlJmWnlCcXZqb1FwX2RqbEdWTEl1RTlmVWpfS2N2QTZCVi1kQThMZGs0c1IxM090LUxJQQ?oc=5&hl=en-US&gl=US&ceid=US:en,UN News,0.5106
World's largest iceberg just broke off an Antarctic ice shelf - NBC News,2021-05-21 07:00:00,https://news.google.com/rss/articles/CBMiqgFBVV95cUxPX2NXQi1kT01oRWRvdTFRQlhzcjUzM1dleDZhWG56RmJqOXh0YXhJZFpCeTJLSXZHZl9MUVhNSnVDV0JYN0dCX2gxVElBaG9jWmFRMUNvY1RSZmNSM0VhTzlEanNmdWt0Ml9uY0d5c3pwWlY0VmlqenhkSzBMdm5SZTlOMTlPRlh5TGdCVGZReGswbndZdFBGODhaOUpRSVR2UXItQy0tc1p6d9IBUkFVX3lxTE9najJrQnM2YVJsMUdWUnd2MmRSX2dFRjZyd2ZHd0NxbG1MRDg5U0FmN3lJaEFPYWMxNkltUThhNjVYbnZ5SFk4WWdsd242RmdNSmc?oc=5&hl=en-US&gl=US&ceid=US:en,NBC News,-0.4215
"WHO and Switzerland launch global BioHub for pathogen storage, sharing and analysis - World Health Organization (WHO)",2021-05-24 07:00:00,https://news.google.com/rss/articles/CBMiwAFBVV95cUxOUlI2dFgzUGswMVp6QkxUTUFzMUpheXA0MTZCeEhzZDFOZGtJZWlJQnZ2ak5jTERDMHFfd0hpVk42UGxFZ25zM3ZGR25oa2REdEE5QjJreG1jbW9wdXZPdm51Q2Q3ejl6anA1UndEVGVublBXbmhYQXJvcGRtSnh0T3pUU3JLYXdtbTAzbmxjdkd4b2dpRWVRTUhvN2F0aEJfX1NRS2RfR3hLazFIcjNiLVo2RWJzeWJPOExIcFBRY0c?oc=5&hl=en-US&gl=US&ceid=US:en,World Health Organization (WHO),0.4215
"Nigeria: Ensuring Water, Sanitation and Hygiene for All - World Bank",2021-05-26 07:00:00,https://news.google.com/rss/articles/CBMiqgFBVV95cUxPalZsQzJJNlppZEZWYlRNVWdJTHY2b3NVMnJyanNhckVuSGNPWXlVbThpekQ4WmZyU1NocXFnbTlpeEsyWU4tM2pnbmJHb093T3JTR0hOOVRRdVRqd2pIcjNJekE3eW5ic3JhYktMVTJzS2ctbXRMbE5zenBjbGlKYldBUjh2cVF0YmRmbFc0S3V1MEtNY0RRd0dzTzZiVkV1cHdMZGVtNHZBQQ?oc=5&hl=en-US&gl=US&ceid=US:en,World Bank,0.2732
Covid: Biden orders investigation into virus origin as lab leak theory debated - BBC,2021-05-27 07:00:00,https://news.google.com/rss/articles/CBMiXkFVX3lxTE9lVWZsTmwyckI1OFBPZ1dERDBLcmdsTEJWaFk0czlublpETDJaN2NhNkR2S2tUSjJDMkxVc3lQczNqbFlJSFZJWGZLQ0pxcjJNdUdVcm9FUHRzLWVGeUHSAWNBVV95cUxQQUdIQzRSTVV1MFJ3dFNmTUFGanlRb2xabll2R0tOLWltWktKdjY2NGNkby1XSEMyU1FZNXRIcWNLZGdUWHNKdU1tZjlFQ2VJX3lyRUxlYklleUo0YUtyRDRXeTA?oc=5&hl=en-US&gl=US&ceid=US:en,BBC,-0.34
The UNICEF/WHO/WB Joint Child Malnutrition Estimates (JME) group released new data for 2021 - World Health Organization (WHO),2021-05-06 07:00:00,https://news.google.com/rss/articles/CBMixAFBVV95cUxPaE81YnJQdm1lV2JPVWlMdlROTDlUdlkySzBRVzBScEx0Z0ktakpBMDB0R3VzQUVjb2h6cmd5TXhQOFA3WUtRdVlRSkxTcFdQN1RBMEo1ZEFEU2h3eDQzTElDa0RvVnlJeXE2eWRoVDN2R1lwa2VRS0kyaHVhZTkzTmVpWkVkTUtONkRxSmlRYWh1R0F1WXROeXNiMmI1bFF2WVNzaUxrTmMzM0JTbzRFVkZEWDBxX284TU85UDZZeTJ3Tk5S?oc=5&hl=en-US&gl=US&ceid=US:en,World Health Organization (WHO),0.0
Moltex SMR clears first phase of regulatory review - World Nuclear News,2021-05-26 07:00:00,https://news.google.com/rss/articles/CBMimgFBVV95cUxQNUFILXJfR3RIcVZLSmtGQ3hoRnlOV1pzUjlQWFJ6YWRmSmc1T3ZDMWpHT3NpOFhLdXNZam4wd3lEZWJTYTNDdEs0VTl2LUdMQkNXTWpfRTV1aV9zaXcxV202dFZ1TE1aUnB1em1PeU1Od3FXYWhKeFVpYVRIdy1NRU5lck1ORmdpYWFPeE5hbV9aU0tEVmpVVDFR?oc=5&hl=en-US&gl=US&ceid=US:en,World Nuclear News,0.0772
Is Social Media Threatening Teens’ Mental Health and Well-being? - Columbia University Irving Medical Center,2021-05-20 07:00:00,https://news.google.com/rss/articles/CBMimwFBVV95cUxNQl94U2l2M1NxLU5GYjJKYkFjVnVuQVVTUUcxZzVPYnczZ0MtaXhjcy1IQnN1X0xfcTkxTERnZEJpMHE0M2paMlpPREFWdzFuRVFoVWRlRTltLWlOTUgzbm56RHBXeWpnOWJWM1JaTEtacmp0aGNsY3EwbmdWSDJsQ2Z0Nkk1NnFOTU1sT2R5Wi1UVTNwUEFqU2kwWQ?oc=5&hl=en-US&gl=US&ceid=US:en,Columbia University Irving Medical Center,-0.5267
Child migrants: Massive drop in children held by border officials - BBC,2021-05-05 07:00:00,https://news.google.com/rss/articles/CBMiXkFVX3lxTFBmS2t1czBPQS1SMS04MmwtZ3pyX05QQUdvYjZ1NksybHV3ZXI0dm41T0FpM3ctblJzbm50YVIwNEt5WThVVG9aVXhneHk0WElFTTNHZ2lzZHVCWjVMSlHSAWNBVV95cUxQZUlVQW9HRmZ1and3a3puTEgwWUcxSjhfa3Atai1EOXRWdGVTMWZaQkxFV1BuekpVMmNHR3o0andHeHR5T25EX1duRkFiRXczQUctdWlZZk1MQlNGWUhSOW5kOFk?oc=5&hl=en-US&gl=US&ceid=US:en,BBC,-0.2732
"155 million faced acute food insecurity in 2020, conflict the key driver - UN News",2021-05-05 07:00:00,https://news.google.com/rss/articles/CBMiV0FVX3lxTE9HcXkzS0NjYXNGbFh6ZXV6SmhZRkV2NUgzb2gxcW5pNl82RnFkbVQ4WmpfTVBKZ05xaW5WaW84TlFhZ0k1UFZ3WVBYaHFWaU1sMEhBMEtpMA?oc=5&hl=en-US&gl=US&ceid=US:en,UN News,-0.6249
Should the ERC be worried about its low success rate? - University World News,2021-05-22 07:00:00,https://news.google.com/rss/articles/CBMid0FVX3lxTE1yaW0yZ0RGN3U2dWs2bG1MekFfRVlGdHV0cm9tSGFtMVZHNzdYVC1jakw1aWpIN1ZENldFcndmbjl2d0pqLVBZa3NVd1dHSmt6c0NxNWlpMmJENEhDbm9fakoxNzFUM3p1eTdqc0YzZWpMZTVId1Nv?oc=5&hl=en-US&gl=US&ceid=US:en,University World News,0.1027
Mucormycosis: The 'black fungus' maiming Covid patients in India - BBC,2021-05-08 07:00:00,https://news.google.com/rss/articles/CBMiX0FVX3lxTE5GOTRyWVJLelprZ25RYlR1SHZ3V21ndEFJRW9vRUlGLTY5YURUNjVmSERvOG1ONTc1Q0paeng0WGtNZXRUZTJtME5jWmp0ZFhrSnhVUnlKakVtVmZFRzJz0gFkQVVfeXFMTzAya25ab2RsX2s3NGZHZy1sUGIyWkhQRlhhWEZkaWNFRElmUklCUlRuemx4OGlINnRWSVZxOE9UbjB5dURKLXNKTkpERWotcmMwRzF0aHAzSVBfdzJkdm9SRVRkOQ?oc=5&hl=en-US&gl=US&ceid=US:en,BBC,0.0
Uyghur imams targeted in China's Xinjiang crackdown - BBC,2021-05-12 07:00:00,https://news.google.com/rss/articles/CBMiX0FVX3lxTE5DTnFiU3p4ZW8ya0JQdlZCek52cl9BdG9kZVRxcG4xNzFxbDVFV0J4MGd3SFhGcnF2dXNnZ2pNY2FSOVE2MS1GaEIxQmt6d3dSM3ZUTG5MN3U5VExPQm1B0gFkQVVfeXFMTnQ1ZkhZYUZlTWpPTUZDR3pqdWpTWFNmWS0yTlBGVnNvVC1rU0tkOTVhVVJ6Mm13bWZZMXRHWUY2RU9UeVFtRzUyS2lSaDNyZWoteUJuU2oxZkxOSEtyemhCcE1RRw?oc=5&hl=en-US&gl=US&ceid=US:en,BBC,0.0
Mount Nyiragongo: DR Congo residents flee as volcano erupts - BBC,2021-05-23 07:00:00,https://news.google.com/rss/articles/CBMiWkFVX3lxTE9QVWRPU2s4Uk5zd3BhX20xTFNRcTRsOXQySHNrS0ZMaU9iTTcyRkozM1NTa18zWmxFWVM4ODRCa0xEcFU1RnUyRUNmeDloSXV1d191MG1FM2JvZ9IBX0FVX3lxTFBSRHU5LWgwRVRmYkxxMHA3eXRhOF9fcUtCWXpjOXRIQkIxc1ctYTlzT0hnYjFZMy1HWlpqR0FmbEloR1ZhZlJYblBYZXZHN0tDZDJEZUszZHUxSUZpSHc4?oc=5&hl=en-US&gl=US&ceid=US:en,BBC,0.0
Covid-19: Has India's deadly second wave peaked? - BBC,2021-05-26 07:00:00,https://news.google.com/rss/articles/CBMiX0FVX3lxTE9UTVRrNnNkdjluSTZhWEhhUG5aNzZkWk1XQVJoem9EVmZDWUhNc0RTN3VsQjZNNG5MMEdsZzYzR2Vka1BlNGh2bFR4ak9rbEREOF94ejctai1FQjBwQTln0gFkQVVfeXFMUFVVTDc2d2ZvNHJmQ2FVWWQ1YV81ZWZFYmtZNDJMcXFfeW1kVlhHdHRaUGRMRVp2SDZKVDhQYzlYMHEzZU9WNjZ1djF1bVQ3amdDRFY0WXA0OFVIa0ZXZEtraWlkdg?oc=5&hl=en-US&gl=US&ceid=US:en,BBC,0.0
Downey & Warren Named Top High Schools by U.S. News & World Report - dusd.net,2021-05-05 07:00:00,https://news.google.com/rss/articles/CBMiTkFVX3lxTE1fTW9zNGk1TjMtOEdQUHFRRVFOTzVHWmdITEtjakJhdWoxd05CcG5XT09LVndGUUdfdlZIb21zMEVnclc0RlRhS0dBOUJ0QQ?oc=5&hl=en-US&gl=US&ceid=US:en,dusd.net,0.2023
Global eye care targets endorsed by Member States at the 74th World Health Assembly - World Health Organization (WHO),2021-05-27 07:00:00,https://news.google.com/rss/articles/CBMiwgFBVV95cUxQcXdxSXo1aEtlcW5objRlTzlSaldpZVpFSTRuR3kxVTg0WmxvNGZXWGZ2MFozeDJ5ekZUY1NMQVZrYVVBaFdxS2F2WWoxaW5sU25EQ3Q3VXktemhmZjRzV3hoM2ozZ0ljVmtqVmFmaG5jVTlxS3BoMEZtRFRlWEVQb1IwaW5YNm5KbWxaNnJkT3cwenRaNTlHU2IzWE9keUk5YWRET3NZRUkwMUxKZXlfem1ETVdTeXh6bk9lS1ZQbjZZZw?oc=5&hl=en-US&gl=US&ceid=US:en,World Health Organization (WHO),0.6369
Global heating: Study shows impact of 'climate racism' in US - BBC,2021-05-25 07:00:00,https://news.google.com/rss/articles/CBMiY0FVX3lxTE5iaDFuZ3NiOVF4VE52bEwzc2pwNXpsb2loVHRqZENjNUQwN1VfUXY1NC1EYzBJVndqczVXbldxSUlFR2Z1UktXSnZ5NDlRZXZTOExoTTdfa01YVkRmSXFBRjJfNNIBaEFVX3lxTFBFOC0tZ0JCNWJZbzUwM0VkLWp3eE01SnRCU2FZM19Bd3dVa2FvMTNQVTUwM1haQmN1emswbzNGejlwSUVhLW51bDBzcG83UUVxb2F3N01MUGxzdEpKU2dCck94Z3FkbXlk?oc=5&hl=en-US&gl=US&ceid=US:en,BBC,-0.6249
One in 100 deaths is by suicide - World Health Organization (WHO),2021-06-17 07:00:00,https://news.google.com/rss/articles/CBMifEFVX3lxTE1oYXhKaldhbmVGekh0MUhwWE1fRjY2SjdVWmpZaUhnb180OE1JTy1pRDRQVU1MZ2ZnZkRHY09XVXZaOUdXOUZXRVNIOVRyVXVqc0tYZnFBdER6LW5CbGQ2YnJEblJxeVU1TWVkVV9RXzdKZThBeHZVQUpNOEs?oc=5&hl=en-US&gl=US&ceid=US:en,World Health Organization (WHO),-0.6705
"MUSC Shawn Jenkins Children’s Hospital achieves national rankings in annual U.S. News & World Report’s Best Children’s Hospitals - MUSC | Charleston, SC",2021-06-16 07:00:00,https://news.google.com/rss/articles/CBMi9gFBVV95cUxPQTBXZWNhQ2Fza0FJMV9uUEhHVUJzZFNULWF2UUoyb1U5S1JCQ3Ryak9ORFpEQkVRelU0YTMtLXpCaF9BLWU3M2FYLUdCQnNyQmhEbmtHUDdYd0J2V19maWhaZW1lY0paOS1NQk9pdTFfS24tYzlzTnRBMTR5cVdjS2t4alVVODVMakxnVzlJQVlWN21NYTFrejF4N1V5bVVvZURQeWcxTmdvVlRCaG0wZkVnUzRGcmVJeGd3TEY0c1pnOHBiNTRjWTdHVi1WRTdaTmVlMFkyR09OVUxzamZIRjUwZGlqQXhQX1VrSHduZkV1cVJzdXc?oc=5&hl=en-US&gl=US&ceid=US:en,"MUSC | Charleston, SC",0.6369
"Ethiopia’s Tigray war: The short, medium and long story - BBC",2021-06-29 07:00:00,https://news.google.com/rss/articles/CBMiWkFVX3lxTFBoOXBuWVVtb3VGVVNWdHJhT1BkU3VLMkFuZW5xZDJKRmtyN0xxSnlqY1g0ZFoxNHRoQmdhMFExY3VVcXFQai1tb0wwOFpVUnlTWFJPalFSb3ZMUdIBX0FVX3lxTE8zWlpndWZVN0FKWTQ2X2JIZlZGdXR0SGFnVm5ZSnY1a216UjZiLUlfd0FzTk9ueEd4WWRYTU9LMjlEOWpBZ0U4VHVsRUNVb190cUhGdl9oNWw3bm9QMFBv?oc=5&hl=en-US&gl=US&ceid=US:en,BBC,-0.5994
China starts building underground lab - World Nuclear News,2021-06-21 07:00:00,https://news.google.com/rss/articles/CBMigwFBVV95cUxQTHBGRUxDNVFsTTA5TEJVU1RCRThXeENkQTRnRjZGcGlHZkQtOHRaN09LLXRUd0NLQ3NCODFsM2VJamZadTI3blY2blRBQVV4cTZaNEVZOXhhUzlpR28tanlNS0dnMXhhVjdjRUdvek1MVEFrcHdfeWJyZGNha0NCcF9nOA?oc=5&hl=en-US&gl=US&ceid=US:en,World Nuclear News,0.0
UCSF Benioff Children’s Hospitals Rank Among the Nation’s Best in 2021-2022 US News & World Report - UC San Francisco,2021-06-14 07:00:00,https://news.google.com/rss/articles/CBMitgFBVV95cUxNbVJ2WXpXVlJoU1laSkdfb0Vob2ozT2djSVVPZVRkZzJ0VHFkRzFwTDZkQzRmTjh4Nlg1RWl2dFQyclNkZGZGUEN4S1FUcmtENWhXd1dkd1NFN0l0d0pSdm1ILWkyelQ4LTZVZ2twS2Y4YnRrZmdQQVZrdlNpeEFPY2gyQks0ckt3T2RKd1NyMzRHNDZQSWMyQ3U2b3Q5VWpwd3pOY3BIYWk0Szdjd2FqQ2cwekVoUQ?oc=5&hl=en-US&gl=US&ceid=US:en,UC San Francisco,0.6369
"This is what people want from their news, according to the Reuters Institute - The World Economic Forum",2021-06-30 07:00:00,https://news.google.com/rss/articles/CBMipAFBVV95cUxQQnBSaFdIR0pqR0J5SXhLTi1QcWpKYjlEaG5kTlFtR3pVbnhJNXF6MDVRdTNOOWRpcUJqUFN3SENzZWw2MGE2TXFhcVRablNjZzFHd0wwTU9wdk56TkxSQUFNZ0djOXRuRXhhTmQ3RkVmQnpRbEFVSzRHbGpuSVpHUFV1R085dFItbC1reENDbnlzTjdFYy04SHdUdDJ1SHRSRVd2Ng?oc=5&hl=en-US&gl=US&ceid=US:en,The World Economic Forum,0.0772
World Bank Group Increases Support for Climate Action in Developing Countries - World Bank,2021-06-22 07:00:00,https://news.google.com/rss/articles/CBMi0gFBVV95cUxPdjA1MThNVmdmSjJaenlxWE90QVhiOWhhR1BkS3hvX1JQMnhQdjJEUkoxWHJZc0stVWRtU0t5cDFybnJmWHdKelZmRG5SZjAyb2FyVk9rQ21jcEptd1BQejlVTWd0aE5CU2N2TEVhNDBOSVFyNjJDVWhpZ09vQm5DWnVRcG1rQ001SEhTVVhWekp6N0xSMk9mRF9Sc0Z5cUFrX3ZiVkMza3RrZVAxMUhYLW96YmJfMHFvYWd0YW10cHNIaUJQX0RHVnpCcnBpaGZpOHc?oc=5&hl=en-US&gl=US&ceid=US:en,World Bank,0.4019
U.S. News & World Report: How Do Post-COVID Care Clinics Help Long COVID Patients? - Cedars-Sinai,2021-06-17 07:00:00,https://news.google.com/rss/articles/CBMitwFBVV95cUxQQWk1dTI4Skdtb1MzX002LURVb01XdGlrNTBIYm15WkRfMzRpVFFaa19ZcmVyakJQR015Q3QtbDNpZjVPNlZsN0NFN0FxWXFDbHhvVlo4UVhIMENpcWxmT09wRnBNT1pKdVA1ellfYldZNGZnazZ5TFV4SDh2SnNyS0tUM29GN0t6YXkxNnJ0VDJWNGxGYXIzVXltRENicTdiOU1ldWhUT0Y4UkJITzE5Y1kzdEdaSFk?oc=5&hl=en-US&gl=US&ceid=US:en,Cedars-Sinai,0.7096
U.S. News & World Report Recognizes AdventHealth for Children as Best Children’s Hospital for Newborn Care in Florida - AdventHealth,2021-06-15 07:00:00,https://news.google.com/rss/articles/CBMizwFBVV95cUxNa3BTWWwzS3ZkQS1zOC1LOU9ZWnRhakNyb2R4MFhZYlZEdFo0bzNoMlJZc3NxMkE4cTgwNzFnZkhjZzJKNDhnR3lCRjFKQ0x1NUNtWEZXMVRIS1lWM3pTSWlnSkZXUW1DSUw4QWVKTVFHOURLM3lvTl9hdTN1Z1pkNXI2ZE1lbjZrd3BEZXVkUWNFNTJpMGo5eDZUQUtaS1FPZlp4VXpMZF93a25FaDNwY2Y0cElETERGWEF5VEMxUE5NRnBTMmt1RUhjdnJGU1U?oc=5&hl=en-US&gl=US&ceid=US:en,AdventHealth,0.8126
The global impact of George Floyd: How Black Lives Matter protests shaped movements around the world - CBS News,2021-06-04 07:00:00,https://news.google.com/rss/articles/CBMid0FVX3lxTFBCWi1QLUluZHd5YlRGZm9NbFhqbjhBRU5KOUpudENWbmEyelBZWHBmX2tCQUhBa3Q2V3M1WlVsSFp1Sk9COG9OU3ZQMkFITGp3UGtIaG4tNnl6ems3TTI2R0hSTzRwQlUxMVY2anpsS0RIa3c0MXRr0gF8QVVfeXFMUF9CZ0gzV3MyZmw4NDNZM18xUWpiS3YxQzQ2VHZnMTZ5NFJBdU9MWGVlaFNBanVtN0FiRlVkaUJSRHBOWXR3dnZYcUxmU25wYXVGWERjQUxzclRSbWpWcEJOWGZENHZOZFdSdTI2di1DejdxSTdrLXBta0JLSg?oc=5&hl=en-US&gl=US&ceid=US:en,CBS News,-0.2023
QS ranks MIT the world’s No. 1 university for 2021-22 - MIT News,2021-06-08 07:00:00,https://news.google.com/rss/articles/CBMiZ0FVX3lxTE9kMDNqbVVHVEJlZG5XZWZzYndKWjJqWThLRk53ZDE4bHVOV0NPaC05SkNid0c4a0ZYMXRfUmhfYUhYTFFDc1F2M0gzZE16ZGYwbHk3WEdiaUJ5VkFqM1Zpcm9JaVBBbHM?oc=5&hl=en-US&gl=US&ceid=US:en,MIT News,-0.296
"Caesarean section rates continue to rise, amid growing inequalities in access - World Health Organization (WHO)",2021-06-16 07:00:00,https://news.google.com/rss/articles/CBMiuAFBVV95cUxNS1NVVUtGcUszZkFYMGw1dC0tUHA2eEdEb0NHMVFzWGc0OUZSOGF5alZuYjk4QjJYQ0Q4WE9KeVhTOXFBd2lOQm85WFdfY2dPYnlybXRWNTFuN0luNUZYNWNBendBdXRDQkQ1emtEV1cySWZpTGl1UXVDVTJLeGdCcGpVMjlhMzZjWERBTjI3emZDdnBNN2ptWXRvUmZacERCMnNRLXNfYUxpM2pzSDFSSEVjcnFuOXhW?oc=5&hl=en-US&gl=US&ceid=US:en,World Health Organization (WHO),0.1779
Covid: Peru more than doubles death toll after review - BBC,2021-06-01 07:00:00,https://news.google.com/rss/articles/CBMiY0FVX3lxTFBsTXB3U3JTVUVDbWZCSUR1N1RaWWZhOFVfbXVqcEd1ZS1UdVpCaG9FQ0JhVkRCYWJSTGpNdkNrOTZiMnVhS21PLVQ2MnBrTWlvdXVqQWctNm5JaTF5U3lDc1FObw?oc=5&hl=en-US&gl=US&ceid=US:en,BBC,-0.6326
Rosatom 'plans new nuclear technology exports' - World Nuclear News,2021-06-11 07:00:00,https://news.google.com/rss/articles/CBMijAFBVV95cUxQdmZwTlVZd0ZENzJYVWowdkxxUlJoUnlmbXh1c3pxNE1lUERlX3NhYTJHbGMyQUp5WVlpUVRfdXJvTDRtcXhUZ1cyQWxWeWxlSUo2VVYxbzVGSmo1X1d4RnZpMzdxdjA1WE5CbmlvM1VpVDFQRU1uSExiZjB2MXBvVW03UjYxSFNLQXpJcQ?oc=5&hl=en-US&gl=US&ceid=US:en,World Nuclear News,0.0
"WHO releases new global lists of high-burden countries for TB, HIV-associated TB and drug-resistant TB - World Health Organization (WHO)",2021-06-17 07:00:00,https://news.google.com/rss/articles/CBMi2gFBVV95cUxQVkEyWlVJUTJUU1Jub0pDa3BsUWZTSHQwVm10NnhNeGFjNU93c1p6VnVnZ0ZpclNNcGF0bXh2MEhTeU5ocjVlejFVSl9BMFNfNEIyQmJOam9LVWRkMk5xdXFkLU56S0VFcEhuNVdfME1QNFc3anJWRWNnb1BmUmtDbVFqWkJhZjdlajlKb0haV3pYa3BDXzlac3JqeGxObUtWWmliV2RVWFFjeU5ScENkUG9tYXY0TmtHbzgyMFp5MVNhTU9pV0dHakdOWUFkLWZ4d2lDejJkbzFLUQ?oc=5&hl=en-US&gl=US&ceid=US:en,World Health Organization (WHO),0.0
World Bank rejects El Salvador request for Bitcoin help - BBC,2021-06-16 07:00:00,https://news.google.com/rss/articles/CBMiVEFVX3lxTFA2UlhhT3RyWmJhNEM0b3BXd19uM3oxT1hfVW1vWERrS1dsYjBESUhmMmhTU3BTSm9YUWg4SU91UWVkOVBoRk9xWjByZUlFWmdpeXA2YtIBWkFVX3lxTE1iSk93bmJUeDdLYWhMN3EtakRnUGh6NV9naENCQlFrYUo1Ymx0RjZrNFprWEVQNHlfMHFKakEwZDlOci1kWE1teHFlQVF0Nzloa0ltZDNIUGNhdw?oc=5&hl=en-US&gl=US&ceid=US:en,BBC,-0.128
Pilot Natrium plant to be built in Wyoming - World Nuclear News,2021-06-03 07:00:00,https://news.google.com/rss/articles/CBMijwFBVV95cUxOa2tERlRFZDE2TG9CSENuaVVYWGtnUlZIRC02TGdocWYwdGJ0RVdKQmJsc1hTcE9PUW1GQlNuOTFjY2Z2SVhHUk9Wdjl6T0otNWE0YnFKTmlyRnRubU9XNlAzbjZyX0w3S01FR1hWWEpJODQ1b0ZQZ0pIdjlXQm4wRUQwTWZTZHc4VFd2bVlxUQ?oc=5&hl=en-US&gl=US&ceid=US:en,World Nuclear News,0.0
Kamala Harris tells Guatemala migrants: 'Do not come to US' - BBC,2021-06-07 07:00:00,https://news.google.com/rss/articles/CBMiXkFVX3lxTFB2cW84dG1hd1l4TmtxcHFEQ2VIZTFHaXFuX0V1NWJPcGgyM2VJX08zbU1yaGVfRndsZFk5cWZrbXFlVzFDZ2o3NVdSR0RvOVo3M1dhZC1rQkhkQkg4SHfSAWNBVV95cUxQeXFDQThkeXRaWTItRXFDZkhwMzBTRUcxbHN0UzJoay1PQkZYNk1NbWVmUzFtLXVpZi1vZXZYRTBtRDQzRlNtT3Q2OGJsanBIcXBwXzZFd1JySnYyWkVodXdKQmc?oc=5&hl=en-US&gl=US&ceid=US:en,BBC,0.0
WHO issues first global report on Artificial Intelligence (AI) in health and six guiding principles for its design and use - World Health Organization (WHO),2021-06-28 07:00:00,https://news.google.com/rss/articles/CBMi0wFBVV95cUxPOGo2MUIxQWhMU0dKTHoyS2dtakdxbXhkWC0ybVh2eEdrbDl1bDdiOTN6cmNtZmxtYTJxNXZiUDBWTXc3LUhkU1B2bXRtekNjMC03RWc2WDFualR0dVNsMi1GdXd5QzdaMnpnQkRkM010WWRNOVY3bzVXY01McS1RYmlLSmw3VGxLa3d2NnY3SzNWdmg3ZTBrNm10MWxFN1FqSHc4VS0zNFVkczVNQy1qQVA0cFgzY1R6WDI3RDNvemt2ZXdud24xOEFmb3VrcWRGNjVB?oc=5&hl=en-US&gl=US&ceid=US:en,World Health Organization (WHO),0.4767
JBS: Cyber-attack hits world's largest meat supplier - BBC,2021-06-02 07:00:00,https://news.google.com/rss/articles/CBMiXkFVX3lxTE1VR0xHeHlVTGtqMkFZdk9tUFJ0WjUwQjhGTmRqWU52bFFpVmhJZFJyZzl6YTd2YnVLYXhZYWhOamRScS04cGdwNTVZM0JyUjZvTmcxTjRzT1V2YTFaQkHSAWNBVV95cUxOemtSRktxVFZIdm10U1N2cmtualZtMXhhMFFzU1p4UHMweVQ2WFBRZWVVT2k2MGJYQkd6a3p3TnhKbWwtam1ob0d5SnV1aXFOdFo4QTlUT3VDdldXX0xVZU1GZjA?oc=5&hl=en-US&gl=US&ceid=US:en,BBC,0.0
From 30 million cases to zero: China is certified malaria-free by WHO - World Health Organization (WHO),2021-06-30 07:00:00,https://news.google.com/rss/articles/CBMirgFBVV95cUxNQWgtaFdzX24tVERQQkhpak83Z2xVbjhuSExiWS1hb1RGZ0hNV1plM2dqUkZXSEt2QWxTY3NFSWlmbTgwaDNpdlZZNVpicUtILXJFVEVIU1I1NTlPWS1qRVU0M1cxa2hVRkswZUhuMGQzdzI1TGRhQ3gwc3lSRHh0SzhUZ000SmZJYXhFa2FjUUp2bG0zNzZQRXVVRU5Lc1pLS19CeWJNdS1kMnhYSmc?oc=5&hl=en-US&gl=US&ceid=US:en,World Health Organization (WHO),0.0
Covid: Why has Peru been so badly hit? - BBC,2021-06-01 07:00:00,https://news.google.com/rss/articles/CBMiY0FVX3lxTE5vSmY3TUFNem01NnZlRjFHQmUzdV85Z3dTZkNBZVA5UzF0Z0o1c2IzY3dOSFVCdVZVYWs2aXBZbG9tS2xNWE40aVdfY3NEWU11VHNyMWdLcVotU2EtZGRtRjFyNNIBaEFVX3lxTE5YUG5lOXY5MkI2cmpnY2gyMFRTZVV1bmNuMVc0a3VDR3p3UEpkU0x0Nzh0WFo1cnNmc1pSQVRySkRPUk41bWpnTVFVTnowdGNKYmR4SnpxM3BfWHFkT195OFhPbjkwTjRX?oc=5&hl=en-US&gl=US&ceid=US:en,BBC,-0.6113
'Heartbreaking' conditions in US migrant child camp - BBC,2021-06-22 07:00:00,https://news.google.com/rss/articles/CBMiXkFVX3lxTFBFVF9vMi1SZ2hXS3JadmExN1dmWUpzNHdEVkI0YWJHbUhoNUE3YU9Pal8xemxoVjZvd0w0aE9VczJOSHNPeF8zb0RJRmlwV0pKWWE4eUszSXRtTUpJdUHSAWNBVV95cUxON2Y5SERwNU5NOTlKMzZocGtDR3JHQlJxUU95Qi1sQjNITlZzbVZHZFk1ajdUV0xsZE91SjZpZHNqbjlTd2JjM0xfQS1TZDJDajBJbXdFRUZ5ak04NklrckthOXM?oc=5&hl=en-US&gl=US&ceid=US:en,BBC,0.0
ANOM: Hundreds arrested in massive global crime sting using messaging app - BBC,2021-06-08 07:00:00,https://news.google.com/rss/articles/CBMiUEFVX3lxTE5oUmZOeXNNbVJKNEJBLVVnVFl1aGVmSXhzWVpyYnhNN3h6UjFPSkEtNkd5TFhtVU5uV3g5M0tqR0V6NjVrb1psSDNDUUtMZkta0gFWQVVfeXFMUDB5R0xVeng3X05Lbjhhb2RsQkNRWGxLSGFwN2xydTFYOXdzcDVfbDZOdWxISElXbjUyNks3ZFJhM3duQWd6TDRITnpSS0pJWU5ZN1l2N0E?oc=5&hl=en-US&gl=US&ceid=US:en,BBC,-0.765
377: The British colonial law that left an anti-LGBTQ legacy in Asia - BBC,2021-06-28 07:00:00,https://news.google.com/rss/articles/CBMiV0FVX3lxTE1RMi16ZjRyUnA0X0Q0aWljTjhaa1JnTGhPUDVVVkZiMGdkTUxvTDZxaGY5WWU1VVpfb0pzOXBGd1lNeGNmcXJWaVpnNjZiclNPS3RRVk9nMNIBXEFVX3lxTE5NS1RnSllveEZEMk80dzhCQ3I0aVJZM1Z2RE5Qb3NqUUs3bW9zZVFidERkZ0NnMXhfRWxGQTNkMUYtNm5wVl95TEh5dmQ2elBoSE1zYWFPb05CSk5l?oc=5&hl=en-US&gl=US&ceid=US:en,BBC,0.0
Global Economic Prospects: The Global Economy: on Track for Strong but Uneven Growth as COVID-19 Still Weighs - World Bank,2021-06-08 07:00:00,https://news.google.com/rss/articles/CBMizwFBVV95cUxORk83OWZ3WXlWT2REQzRIbWV2SFpURTNZTFhHX0k0MmVDREFwblBleTUxSkg1TXA5NFpZaHRVcXZTWHdNNHRuYWxYWEJJSExQNG8wX29iU2VQQVFkSmZNN1BteHhaTlJfc2hqNmlpR1FNUTdiZ09ROTVSMU1NSUdNNGxWc2dXTU03eHZnNmxkaC00bVF0ZmdORUxCYkZDbTEyQ3pnM1ZpMHBKOENnZThINk1US1NBSlBubzFZa1VleEZ4a0pJZnltQ2tfbzFTczQ?oc=5&hl=en-US&gl=US&ceid=US:en,World Bank,0.7311
World Blood Donor Day 2021: Give blood and keep the world beating - World Health Organization (WHO),2021-06-14 07:00:00,https://news.google.com/rss/articles/CBMinwFBVV95cUxOSG4wVExSN21SR1NZZGltUXhyQmxYaU9ZVXdjUEY5Y2cxeEdib3hoVnFuOXhHX0dHNmFhRnhZR2pIbVRINktZSEFtVE9VQ29OaXBqdjJMT0t4bldTOG1PeWZQVlBzZGxMTzZOZ0dCQlpGRm02bE53Rk5ZbkFsSzFWVFVMYUgwb1ktZ2tneDR0TjdhdGtNdFd4LUdLNGpuWlk?oc=5&hl=en-US&gl=US&ceid=US:en,World Health Organization (WHO),-0.4588
Comer Children's listed among top hospitals in U.S. News & World Report 2021-2022 rankings - UChicago Medicine,2021-06-15 07:00:00,https://news.google.com/rss/articles/CBMitAFBVV95cUxQT2E2MlQ5eVE2cDkxOG5UVk95bVowdWcxMVE5WjNrOTlvVFhKZXA5R3lrZVhOdXJrbkhfd2VfRFBMTHhmWFB0ZzF3ZWRPd0lrdTA2X3dlQXV2N3pHS0VDLUc3NWdOc3V5eW91Rng5Mm5HZ2NPUTJxaWFUQ0lvWl85SnlkNGlwUHczYmNia0ZWVjF2UXhaRFZ2aDhpNmhjOHlvblYwYzk1WnRoU013V1NLb1BoM0s?oc=5&hl=en-US&gl=US&ceid=US:en,UChicago Medicine,0.2023
"Lebanon Sinking into One of the Most Severe Global Crises Episodes, amidst Deliberate Inaction - World Bank",2021-06-01 07:00:00,https://news.google.com/rss/articles/CBMiwwFBVV95cUxOandMS1Rjcy1qdFE5MEh4Vkt6QzJMU2NVM2FaWG1mVVhMb3ZyMURLU2RmZTRmcERFUzgyekg0UWdUUjNtZXRjbklsY1ZoVXg4T1pLRTF5ZlVIdnlRWGw2Yk50VXRHekxNWVN2T2hKdFdGV005aHo0djQ0aDZJRkN3c0ZoeWtXQi01WWNJNU9VemVwMHdpRFZDdVd4c2x5RnZoSFp3dHFNWXJaNTBDejZ6SnVKekY2RDEtZ3NJM2Y0UGFCeUU?oc=5&hl=en-US&gl=US&ceid=US:en,World Bank,-0.5984
What is the Great Reset - and how did it get hijacked by conspiracy theories? - BBC,2021-06-23 07:00:00,https://news.google.com/rss/articles/CBMiXEFVX3lxTE9LdDQ4SGJFVUVOX2diaHVGNExGWEFUa3NQOFZGdXdqYlVzY1FCZG05djh3ZEpSMzlDaVpXSzBSZ2dWMUExdmhla1dVQlVOWk15ZkJ6bjdlNUN1U1Q40gFiQVVfeXFMTUk5VVZGTWlwdDRfTnBBNVJXODVteWFZNE1uNXV6empockIxR01pX3hjUm42MU51a0NNNUNpT2VBVHY4d0NTQk9XRzBUbFdvOHlDX1JjUC1JVkpGUkpodnJteVE?oc=5&hl=en-US&gl=US&ceid=US:en,BBC,0.1779
US Supreme Court blocks child slavery lawsuit against chocolate firms - BBC,2021-06-17 07:00:00,https://news.google.com/rss/articles/CBMiXkFVX3lxTE5xU0RjWGFmcjFpRmUxb215U1h3R0tlcTdEajFwUVBPRDBzREI0ZFNETTVLdlN4UlJFLXhxWlRWNkwtRHZQcUl3SFNwakNPNDFsZGpGckgydnpTQjhlOEHSAWNBVV95cUxQc1hDX0Jpdnl3UW8zb3dIVHpKREV6RGJaRFZhTXpORnFnN3pDUEJBQ1RqOFo4XzVJNVIwbGsxWEVMVEJuWTExZFppd0dnY2lnT09XVVRaWThZNEg4N0g4QXM0a3M?oc=5&hl=en-US&gl=US&ceid=US:en,BBC,-0.6124
Seven ways to change the world - UN Women,2021-06-21 07:00:00,https://news.google.com/rss/articles/CBMijgFBVV95cUxOb2tWYWIwR0t3dUlKaFU2VHVUbjVWb0FkcEgxMGl4bm1lT3F2VUlWNzNqU1RSUE1BQ2R4Q0pRVk81YnlsM0dibFMxOFpfR1lKNUROWXhsSjBGNk1VWGNXWnBSSnd0N3ZxZEgzSzJyUmtkWGpoMUVtSktqb2E4OTZMQXBNUDg1Y3JGc1RRV2pR?oc=5&hl=en-US&gl=US&ceid=US:en,UN Women,0.0
Fuel failure confirmed at Taishan 1 - World Nuclear News,2021-06-16 07:00:00,https://news.google.com/rss/articles/CBMihAFBVV95cUxNdUd3cUZrMkI1eHQtWnRVa2lwX2lDZWxLZnA3SVRxSkJiUWVmaGZZMm5ZZnh0ZGZHY1dfbmpaaFJyUWoxZHNsT2t5QVNUSzI0ZThZT1FfNjBwdlFYUEJOTEFNemlWLUJGa1VEczZtbkhhZGtYTXR0bS1GZDJUWF92OWhrc2Y?oc=5&hl=en-US&gl=US&ceid=US:en,World Nuclear News,-0.5106
U.S. News & World Report ranks Loma Linda University Children’s Hospital among best in nation for cardiology and heart surgery - Loma Linda University,2021-06-15 07:00:00,https://news.google.com/rss/articles/CBMi6AFBVV95cUxNSEpvcHVsUExnNkYweFc4QzFFbXIxb2QwMzlmS1VPal9WX0FRT0t3ZG5jVkRkN21Cd0gzbGljSmZCRE4zdmVTVm1rOEc1VGNUY0RHWGFRY0VtZDVPN29JdmEzbEJVX2lsVWtIY2RvMU5WQUZjYi12VXk0T1FERHdOd2VaSnFpazUxUGJxWTJaNVk2UUlCMmltdVVQXzQtVjJkOTdOZE9uZ0tLQW1mTEpZTXNNMVg0cUZqUjhXMVROVjJWb0ZnN2dXNEhHRmFmUzZ0aHdEd2R3clVVWjR5dnJFeVJMc254ZGJm?oc=5&hl=en-US&gl=US&ceid=US:en,Loma Linda University,0.6369
Helion passes 100 million degrees Celsius - World Nuclear News,2021-06-23 07:00:00,https://news.google.com/rss/articles/CBMif0FVX3lxTFBSUU5vbVg0STVaNU1ZUkJIejJfSGdGb1dvZVJMWjUzbXB4X1BvbFk3QU90V1YwWExfelp1bVA2OGUtTW5ndkZHbnFnV0M5Q0ZsMVJSMm9jVGdkNUdoSW5tQnFMZ2RFamxXeVMzWjVTUUxZTmpYaVdaN3otVDR0WDg?oc=5&hl=en-US&gl=US&ceid=US:en,World Nuclear News,0.0
Arizona Softball Headed to Women's College World Series - University of Arizona News,2021-06-02 07:00:00,https://news.google.com/rss/articles/CBMiiAFBVV95cUxOSFYtSGRRc3pzaGxuTl9mOU5odkFFUUJvWnNJWVJNSnJNcDhoaUliN2NFcnN2YnFqWHoybWJyd2I0VG1fYmdSeFduTHZzMkZhd2NuLUhQRm1XVFZ6VjMyd2Q3YWZmY2RqZlpKTVNKQ0hOdXVHdUprV1JJSTY3SXJxN3R4cGxqQjM2?oc=5&hl=en-US&gl=US&ceid=US:en,University of Arizona News,0.0
Why are people talking about Dr Anthony Fauci's emails? - BBC,2021-06-02 07:00:00,https://news.google.com/rss/articles/CBMiXkFVX3lxTE0yWHVuN2Vva2tHNjlJZEwtcnM4am5tSHZQbWZqZWY1Y2ZVYTdLNXdvN2h2VXlVNU95V3laX3ZCY05QYzhfcjZYT0pVQzNIV1B6V0doZ3phVXJRTHZaeFHSAWNBVV95cUxNcTNOT0NnaWRkdUFTaFlCc3VhLTBCZHA5N0IzYWhhdWtLWEJwWEQza0gtWFlONUFlTzBTeUk5am13MV9rVTItUDZnSGIzOXoxU0VGRFJJTTRaVUEzZnBfQ2dCZm8?oc=5&hl=en-US&gl=US&ceid=US:en,BBC,0.0
Apple Daily: Hong Kong pro-democracy paper announces closure - BBC,2021-06-23 07:00:00,https://news.google.com/rss/articles/CBMiX0FVX3lxTFBBeTB1WFlIV0JvZFF4MF9uZmloVGdTWnJrYUljcVZtVndPMGdhLWl0cVY1QWlWckZSVVljOFZITG5PQTAyUm1Jc25ZcUZDN2tyQ3M4T3lwTGRWclVSUnpn0gFkQVVfeXFMT0RKYW1sQTBpZGh4T2RjX0QtTzhFOHFwY0czZnBfNTBXRHUwOVcybEJKWjNySnFQNTl6TmVJTkZIU0FRM2FQcDVwQkVwSlc0Z2pnQjk0bzFBU1QtazZyMU91T3FkVA?oc=5&hl=en-US&gl=US&ceid=US:en,BBC,0.0
George Floyd murder: Derek Chauvin sentenced to over 22 years - BBC,2021-06-25 07:00:00,https://news.google.com/rss/articles/CBMiXkFVX3lxTE9JeXhxaUI3NVFJRklSMDlYVXlXbDB4VHA2aHdFdktMaGRISHozY2hPZjRETTBCajJLSWE2cW9SeUh4aVBMZS1fTlIyYnRMV0hPYW1uTnFIcThMeDZhU3fSAWNBVV95cUxPN3A2SzR4d3VnQUhSTThzX0REREdzODBoOXpfeDkwblh6TU1sVW1YekRRWnFqa3d5SUhpUGt5cG9udnRyYy1feHZJMmV1WTU2c0xTUDVZWVA1alVMZWQ4UGtoZ00?oc=5&hl=en-US&gl=US&ceid=US:en,BBC,-0.7003
G7: Rich nations back deal to tax multinationals - BBC,2021-06-05 07:00:00,https://news.google.com/rss/articles/CBMiUEFVX3lxTE5WX1g5b1ZEVjkwaXNVbGVENWp0LUYwYU9NMEZBMnpfUVMyZEllOXJjY0ptTGVTM1F4TGJ5cVpzclBMc0Y0eGppTkt0cXJzU0R10gFWQVVfeXFMT3hNcldZa1o5ZnBiWk9veWhEQXhlRHczOXo1VGtOUUlKYkxkcTc0c05WdF9WVjd2RUJCZ240aWNUaTJiVlFxcGhhWnM4NjNnRlVVSWw3dVE?oc=5&hl=en-US&gl=US&ceid=US:en,BBC,0.5574
Xi Jinping calls for more 'loveable' image for China in bid to make friends - BBC,2021-06-02 07:00:00,https://news.google.com/rss/articles/CBMiX0FVX3lxTFBxQ2NTa21HeE1wcFJWWnhyQlpobVdlU19hZHNpM1NzYm81UjFzdjlaSTFkQVh2OFE2YkdNQXRYRTNTVS0yREo3NndES3QxYXpWUFJuZWU5TWlFcTRRa3hN0gFkQVVfeXFMTUgxZ2ZyeHFMT0p1VWhoRFVMenpXdWVBN2E0bERJdG0wWENqYktkbTVrRUdoRkxZcUpwSGJLdHhlODZFbFNJUnI0X2dGa2NiLTZRWDloWTJoeFJ2bUdfeWh6ZVBwdA?oc=5&hl=en-US&gl=US&ceid=US:en,BBC,0.4767
Elephants' 500km-trek across China baffles scientists - BBC,2021-06-22 07:00:00,https://news.google.com/rss/articles/CBMiX0FVX3lxTFBqWmdYV3g0UUZoaDU1Q2lNekZWclpmT0RuQnp4aHpGMzVFdzNVclZNX2hBalU2V1NtMmVpNkZ1OWJoUWVtUlI1N0JBcHFkcW9MUEUtQUZwOTJmczFadmlJ0gFkQVVfeXFMUDVnbUZyS1lWSDBHbTE4QzE3elpIYWdUSHpqT3A5WndTbU94US16aXJCVHgtSmpSRkpDYXk4MUlaeWNHM0JwbHU1YU41azE5dE9OMlpwaTVFVEh1cURrYmw0bEJRdg?oc=5&hl=en-US&gl=US&ceid=US:en,BBC,0.0
G7 summit: China says small groups do not rule the world - BBC,2021-06-13 07:00:00,https://news.google.com/rss/articles/CBMiX0FVX3lxTFA3ZGZXdlBtc1N6ZzhUTjhVaEpvSGdUcklqOVowZi1scEZzSkszLWU2c0xDMTNRdG02VTktU1E2aERjVmVNSDgxRDBBQVJNMnIzaUEyMkptQVYyRzNtcGtn0gFkQVVfeXFMUEV4dmpZc3ZZVDdnbFBiNkZnRVlBcVlFdVNWUTBFYUVoSHNsTk1MdFRpYU5YR1djMzNsYmpZZ0VtbzZZc3AxMXhVZGdNWGt5dHZYN1JSNGhtVXhlWk9MRWhET2psRQ?oc=5&hl=en-US&gl=US&ceid=US:en,BBC,0.0
"Soaring e-waste affects the health of millions of children, WHO warns - World Health Organization (WHO)",2021-06-15 07:00:00,https://news.google.com/rss/articles/CBMirgFBVV95cUxPeGI1VlpvblM0OVVNWWw5NlpyOVl2cTdhN1o5THVlWUVPbjVFZ1ZYcDlZbExDLWVRdkIwdm1XZExFZjBIVjc3eTJwZlRWM0h6bVdTaENhQkxYTDRvNmszbVlvS280SmlOSHp4aThiY1lPbTJEMVc1cFV3aE4xUXVscmxPQlpVTlZSNFJaN1FJeXQtMHd6cmdENTFNNEppblgxYlhoWmlreWMtRlJrZ1E?oc=5&hl=en-US&gl=US&ceid=US:en,World Health Organization (WHO),-0.1027
Laurel Hubbard: First transgender athlete to compete at Olympics - BBC,2021-06-20 07:00:00,https://news.google.com/rss/articles/CBMiV0FVX3lxTE40WWtxbFZ0cm1ndUplMEZQOUtTVGtpclRLbmpYTzFyV3BCTDFibUhSeEtkLW9qbUZVZGpNSFAzSVdzV01Mb1h0c1IzVkYwdHVBQ29GV3VqNNIBXEFVX3lxTE5VZm9fOW9WcHJRTkVNR2dFZHZoOXQzMzdwZUx1U0JlY0szb1ltdk16ZGZWSlRISHNOdnp4S290WjkzWFRHYi1FaDE0X0JWU3ZCeXphaGRST1FIQmcw?oc=5&hl=en-US&gl=US&ceid=US:en,BBC,0.0
Russia starts building lead-cooled fast reactor - World Nuclear News,2021-06-08 07:00:00,https://news.google.com/rss/articles/CBMilgFBVV95cUxPbm5DS25kY2NaR0tHVE5LR2haNjlEV0g1X1I5Tk8zTUV2cG1DUXZwX2NqNXNEX1BsQU9LZUdvUjB5RHA1bGhlRkxkQVVzYXV3d3BRVVJmY0lwVUhyWlVXZmtfMXMwNnVyWGFwQ0NWNWIxRU5VSF9KVnhXRXRUUGV5T3duNjJvd2RZWDZ3Wm5IN0FtcWRJc2c?oc=5&hl=en-US&gl=US&ceid=US:en,World Nuclear News,0.0
NASA Selects 2 Missions to Study ‘Lost Habitable’ World of Venus - NASA (.gov),2021-06-02 07:00:00,https://news.google.com/rss/articles/CBMingFBVV95cUxNbElsaTRRQ2w0MFI1WnpNNlBEN05Cc0lkNEE0RkdkQ090NWh1ei1wemQ0Z1RhNENPejBHRWhySk1JbEV6Yy1RYzgtTTFNTENBZWgwTWxxbU05amh5LTFIR2dkTjAycGJVbUkwbzVmQVFfV0pKN2UxbXdseDV0SU5xOHVzQVlZUlRHZy1LYmV0RHo1ODFUT19RVzVHNWlTUQ?oc=5&hl=en-US&gl=US&ceid=US:en,NASA (.gov),0.0
WHO releases first-ever global guidance for country validation of viral hepatitis B and C elimination - World Health Organization (WHO),2021-06-25 07:00:00,https://news.google.com/rss/articles/CBMi2gFBVV95cUxNV19fWUtfT1RvWVNPVjNkVXUxdDNZcV9WWmRaTElnczBNRm1FVTU0bHhOZ29zdi1jczBxMHlaVk1kdFRuMzlwT2VsdDUybHRTZXFWVTFndHhDaU9KSXNzaVg1dURXVUZNNDctVThleVFiRkduNE9sZmFUZ1h5ZkZ3SUJHUUpaNFJwYkd1NkJZTkZPOXI1TktWUElIbHRidEFkeWN3WG1DRW5YVWRxajZfRXVxalZPbDl6SFVDSldwcjlKbE5YUWxyOGdUUmFJSlVJUndqVFdxNjhYQQ?oc=5&hl=en-US&gl=US&ceid=US:en,World Health Organization (WHO),0.0
John McAfee: Anti-virus creator found dead in prison cell - BBC,2021-06-23 07:00:00,https://news.google.com/rss/articles/CBMiWkFVX3lxTFB2ZV9MdENQU0RxMm5tR0pqOXJIY2lISkd0X0hjVTRDbl9zdjloMmw5eWZUT2FXYnUweE1vV29xRlJGcllxekJCWkEzdUFFNHg3eWtIdWVUdnYxQdIBX0FVX3lxTE56MzRmaEliSG1OVURUZ2wzMWJnaURrcGp0RTlTUGU3Z0lUMFJFRnQxUk01ekU0VUNlenhaYUh1aW1ZWmpEWUE0VVktNzRpS2x6aWE5d0tYNTVYMmNLdjJZ?oc=5&hl=en-US&gl=US&ceid=US:en,BBC,-0.8225
The new geopolitics of international higher education - University World News,2021-06-26 07:00:00,https://news.google.com/rss/articles/CBMidkFVX3lxTE1oS1BLejlTYk0zcVlyb3ZCS0dIOXlWcEs4ZVVGWDJDYjZ3WVZEVFprNnRycWU1Ylpubkl0c0U2Y2QybUhiWjFSZzZKZ3lnTGJ3ZjlQWml6WHhmdG1kTWZPWWpQOU9vN2JVMllKR3gxVng2NFJwcEE?oc=5&hl=en-US&gl=US&ceid=US:en,University World News,0.0
Bitcoin: El Salvador makes cryptocurrency legal tender - BBC,2021-06-09 07:00:00,https://news.google.com/rss/articles/CBMiY0FVX3lxTFBYR2l3YmZUWVdwQVVtOXluY0JwbkpVNHR0eG93azBUWEtBUVBzVUhRaGxjdEV2bjVfdEkxcC1UYTdkcnpjX200TktsNTJpSnFlekt3Z2JKT2Jib096VS1xNmc0VdIBaEFVX3lxTE4wWVlOSjdDTFlQVkF2N1dpSkFmeWJOcTZJYTItX0lCT2xsWHctVmJqNnZMeHFLamtVRGYydS1sQnVqSXhCNXNROG1OcVZRQm9FazQwejNxRHdLamtMWjNDY3N1c0ZOci0w?oc=5&hl=en-US&gl=US&ceid=US:en,BBC,0.128
WHO validates Sinovac COVID-19 vaccine for emergency use and issues interim policy recommendations - World Health Organization (WHO),2021-06-01 07:00:00,https://news.google.com/rss/articles/CBMi1gFBVV95cUxNZWRFQWg2bC1MWTVLa0RWQ2MzcVF5NG44M3hzeDU3QnRyckVQUGZYSUZxT215aHZnWTJyR01sLWJtZmJ1aTdTekJqdXJBd3NuLVFrcGRGVGV1dnc2RVRSR0Jwc3c2QjEzbEZ0TUJDV2Y5eFVjc3Q0VGh1TVRpQkV2THZVcTFfMXZQblB0bEthZW9udGdCWUJ4VndYWVdCMTBySmptd2F1dURHdUxCaDVCS0RuTS1SOFY2S2lkTVo1eGNxR0F1b3FqRHotb2tIVW5kMU9GTlp3?oc=5&hl=en-US&gl=US&ceid=US:en,World Health Organization (WHO),-0.0516
"Famine knocking at the door of 41 million worldwide, WFP warns - UN News",2021-06-22 07:00:00,https://news.google.com/rss/articles/CBMiV0FVX3lxTE1KMzlqVHdORXdCWHVxd0RGLW1UMlNIN3B4VTVRbXhBTGpYdFZmaEVlcWh2Y0oyQ2lHXzdTbTU5akMyWUwwaDM0TzdkdDE1UkpQMi1SNUFTVQ?oc=5&hl=en-US&gl=US&ceid=US:en,UN News,-0.1027
Full transcript of exclusive Putin interview with NBC News' Keir Simmons - NBC News,2021-06-14 07:00:00,https://news.google.com/rss/articles/CBMiqwFBVV95cUxNTm1kZHZpMmpVZk4zdllxQVprZnczakxQQmFqSkxkdnVjV2VqajIySVEzTlBrT2FDakw2QlZSMUN2d3JYQU9TeEd5U2E0X2EzanVLYlRXdjBZUVhuQXZ1QmN3YVN4WktjMUp2WVZtUTJweHo0aGVNcGZTUzZhckhoN3NOb3lUNGNTTkIzZjctS0d6UmI3Y0dMOUdQN3pZRlp4ZkFMZlRnUXhpVHPSAVdBVV95cUxPejhVUzQtU2lid2NxNHNfT2NrNTNVX01mbDk3RW13ejVBUjFZMU5QWkNVVE5oQm1TU1lfNDFXZnd2NmF4WDdjOTRteEgxQTRGTnRacVVjRms?oc=5&hl=en-US&gl=US&ceid=US:en,NBC News,0.128
Pope Francis: May our Eucharistic celebrations transform the world - Vatican News,2021-06-06 07:00:00,https://news.google.com/rss/articles/CBMitAFBVV95cUxNc2JPcDlJZnZVc0hiM25Hb2dkR0ZJM21QOGNrNGRDS0ZlN2Rub05RYnJGTjZtMElHRWViZTdDU001MTdqVjNKcURmZ3BONDh0bDQ5bzkxRXFMczg3cldvbkluSHVpaFlTckV6T2UxUnRESDBSYzFIZVV6ejdPQk1CUUJ0TDZ1Z1BudHJLWUpCVXUzdkVzWWFQRmJ1ZGRQNVQ2WHlhVjBEMDVob0dsUWE4aThCQWI?oc=5&hl=en-US&gl=US&ceid=US:en,Vatican News,0.0
"New US$50 billion health, trade and finance roadmap to end the pandemic and secure a global recovery - World Health Organization (WHO)",2021-06-01 07:00:00,https://news.google.com/rss/articles/CBMi0wFBVV95cUxNT3diTWlSU0wzcHBRUWFobUo4M1VnM2RXeksxbjZVYTk2MTJUT0tFeU43RnZiS2VaVkkzRUVvemNIQ3U5M0ZTS2JQX25rN2J1QjdjN3J4THB1NUt6U3VnQUt2WExaMDdrUlhZd3duY3FLMHFyUlEwY3BKRnBCV3JESFEyUEMwMFNmeExKMUVtVTlMUDlrN3lRS2E5TXFxbXhVWHZjRW9TQi1xU0V5TFpWUzQtVzVGNndPZEZxcjN5aFI0UjAwNDBuNWxiSVdhaldIcGNr?oc=5&hl=en-US&gl=US&ceid=US:en,World Health Organization (WHO),0.34
Ceuta and Melilla: Spain's enclaves in North Africa - BBC,2021-06-05 07:00:00,https://news.google.com/rss/articles/CBMiWkFVX3lxTFBoNE1MYUlLOXBoS2VrUmtSMktDWGFONnF4aUFVRU5VOElQODUzcWVkSEtPcFVTblo0bUdEMlRqUjFrcTBVVm94eGl2VmRlcXBIWDBwLUtfdWEyZ9IBX0FVX3lxTFBXQkdUWDBJdkljcDJMSks5Yjd2ZDc5TUVjWjFVRVVocDVNeVhrWjB5cmM3T3NILWx6ZUthcXAtOUJpdTFGVV9kTDlfT0l4N0puUmgwVUU2UTdCdTVUakJn?oc=5&hl=en-US&gl=US&ceid=US:en,BBC,0.0
Physicists uncover secrets of world’s thinnest superconductor - MIT News,2021-06-21 07:00:00,https://news.google.com/rss/articles/CBMikgFBVV95cUxPbzVsVzEzX2ZEUGV4REZKa3d6Q1RtRFVudkJ0ZnVOY3RaUDlfclJMWnhBS2FRRW5nQ3JkZGh0MWx5dzhlbm1ISDJHYkJRSjhzMVlqXy1EcGpnN3Q1c2pBR0xpdERseHB6RmVQNlFwSDZ2ZTNpck5FeGZvaW11ZEFGTjRUR29CMlNJbmkwY3p0RUFldw?oc=5&hl=en-US&gl=US&ceid=US:en,MIT News,0.0
Climate Change Action Plan (2021-2025) Infographic - World Bank,2021-06-22 07:00:00,https://news.google.com/rss/articles/CBMimAFBVV95cUxNMHpxM1ZRV2h3YXRYUmdqd2ZpbndOZExOVVpYZElrb2FwSEJRRU1aU2VwZC0xS2tiZXI5VkhjWEQzelBsenVYV0MzaHo2YVN3SUZXZDBIenJKMldOWFlWZ2lORUdGY09yb0Q0Y0g3MXJ0M3hnbFRvM3U5amdpOG94UjloV3FkaDJRX0c4NGdkV19vY2c2MDBoVQ?oc=5&hl=en-US&gl=US&ceid=US:en,World Bank,0.0
China's new 'tang ping' trend aims to highlight pressures of work culture - BBC,2021-06-03 07:00:00,https://news.google.com/rss/articles/CBMiX0FVX3lxTE10d3ZTTW5IMklhMmFpOVdvaG40WV9Ld1pMdFZpVGpYOGtHYnhyVXRFRHRac2pLZjBIQ1gtWDlaV0ZocDhFQzZDUTlYT1VpR0FqVE1uTzNWTUNCeXBJdzNF0gFkQVVfeXFMTjhLTHBWRGtKUlNrZDdIeVE1RlN1T0FSamttekU1NE1UWmp3NzczZEpkelR2RThjYjZDT3hDTGtBY3VMUDJVc21wLXVUcGkxVFVEVVFhaFNpSDc3MkpLSDJRZDkzQg?oc=5&hl=en-US&gl=US&ceid=US:en,BBC,0.0258
Canada: 751 unmarked graves found at residential school - BBC,2021-06-24 07:00:00,https://news.google.com/rss/articles/CBMiXkFVX3lxTFBZRE5UbVV3dTl2Mlk5Y3N2anFvNDVCYUREWl9MZHR3VlZyalpJRUw5UFNhZE1fRE5pNjZGM1BEZ2dzZXZWQU16bmE0WlNSSkxIY0wyZnhyYXBkeWY5Z0HSAWNBVV95cUxOeFE0TUFLaGdlTkF2TWNKLXk1RHlfWDBiUXg4dVRnQnJkUVJGcjlTQWVTRHFDa0NMWThUcmpBTnN4NjJmYUoyd001TjBFaHg2SVowMDBZZ3VsZ2d4cnBKa280LXc?oc=5&hl=en-US&gl=US&ceid=US:en,BBC,-0.296
Maldives Foreign Minister Elected President Of UN General Assembly - NDTV,2021-06-07 07:00:00,https://news.google.com/rss/articles/CBMixgFBVV95cUxPTm05RFYtbG90Zm8yMmthUDc5S3dZYUh0NmZ4Q0RtUm1tTDNrX2hOY2tLWXRlR3p5WkVGS1B5Yk9TWkNRSE5wYmNFcEZKb0ZiT0NWM0YzTDVONzJnYnM2TkNTdDJCMGxhaXAwbTQwWFFnTHQ1N0J1WmlacGRiYzJkWUhZekdUWEVmWHZtU3ZkMFZSbEM5SnI2ck5SXzZ3dmVvMzR0LXVlS0FEbU1BZ1BzOHUzUlZHcUdyNkdIdU1zX3ZxU2k5cVHSAc4BQVVfeXFMTWtfU0gzZGtHTGtlTnNtQ1B3b0tyakY1UTBaY1JwV3dvSFR1amxtLTA3Rnh6SFJPTm1iTVJqVDM0VkxWQlJWMzF5TXBSUGczYzNycGRJLUM0TU1IcF9RT29TdXRYaXRQNWVBZy10eDFyWG5BMGZtbVFhalZhVU10dzFjbG4wd0k3QkxFMWpSVFlSM3BDSkFfelRxSHA5N0lBODZteFREZF91T3p2UmhKclI1NXYxMnZQa09BdjBrX25BWjVCallwbjl2elM4TFE?oc=5&hl=en-US&gl=US&ceid=US:en,NDTV,0.0
Bitcoin: El Salvador plans to make cryptocurrency legal tender - BBC,2021-06-06 07:00:00,https://news.google.com/rss/articles/CBMiY0FVX3lxTE1aMy14aFVuN01CQVRZRUl0NTFweDlldm9JZzMyejVaaVJ4X1hoS050WTZZN3RhamE1MVUtNjcxV2loMG9peDlrZ29XcFRCMm1ocF9RM1dGT3hEVWtVSWFGRjdWc9IBaEFVX3lxTFB6WGd6TTlvUHBRb2RLMXJpYXh5eTA0Ul9pSDhEcGd3bmw1dzlTb0R6Rm9SMmJYNUJmTUw2cndsVkQ0dURZcWM0OGU2bGFyRjF2dkU5VHViT2tKM2Y2NXlBb3Q0cUlSUG95?oc=5&hl=en-US&gl=US&ceid=US:en,BBC,0.128
"Ecosystem restoration is vital for climate, biodiversity - World Meteorological Organization WMO",2021-06-04 07:00:00,https://news.google.com/rss/articles/CBMigAFBVV95cUxQYzYteGp6bUx5eE5IMGZ2ZldnWTRZaXZJcGFqODdfZUg1T2ppUTVvRkhwTnVqYTBSejVrckJSYlF5bGFpbElGU3pPWWJKM3ZoRFFPOW51NVM5YzBEeDQxb0d5cVBEYWJnNmVBWnJZc2poVVVfNEs5aFlKck9IdlZSbw?oc=5&hl=en-US&gl=US&ceid=US:en,World Meteorological Organization WMO,0.296
Canada weather: Dozens dead as heatwave shatters records - BBC,2021-06-30 07:00:00,https://news.google.com/rss/articles/CBMiXkFVX3lxTE10WHBvUzdOZlJoVXlQbDhSYmNYbjRndlI3REtJMXBJdG9zSGlsUDdLaHpiNUhkeDZpcERtaG1iRUNqN2E4RTY1Vi00ZUx6emJYdm0wanpBVS11cWZTMWfSAWNBVV95cUxQUk1hS1dVS2paTjZGSFlLVGlvd2hUeWFrQzBLdzdyTzN4dFVjeEI3ckNHbkRVcU5KWnkzemhJVmJNRGJqWlNnQ3Y4Ym43NklWN1Y2ZHZJVVpPM1FXSmhwckIwYkU?oc=5&hl=en-US&gl=US&ceid=US:en,BBC,-0.6486
Iran nuclear deal: President-elect Raisi issues warning over talks - BBC,2021-06-21 07:00:00,https://news.google.com/rss/articles/CBMiYEFVX3lxTFBNdlVobUhjdVhyUXR1U2MwODhCbnVQNG1XRnhpYVlRYmlzdm8zajFPLU54Sk5SRjZfSFJmTHpvUHFRaGtDVTBERXRVYWNQTXdCVmV3TElSQVlEbzZseENtMdIBZkFVX3lxTE9hbUpxT1YwU3ZIMU9rbnk0TEJ1VDJHcWJUdms3YzRUVFlyWnNBemRfV2g4VExvcDVNSjljUEMweS1NMWxPN3NlYUNBbHRBSVBaS2d4aTdlYW1kZC0yV2FLYXRlYldWUQ?oc=5&hl=en-US&gl=US&ceid=US:en,BBC,-0.34
Al Jazeera Digital wins two One World Media Awards - Al Jazeera,2021-06-28 07:00:00,https://news.google.com/rss/articles/CBMilgFBVV95cUxPN2syeGZ0WXpaUnVRb2R1czdPemdJTlVsUkVhYzdxQlBhS2N2ZVdIZ3A3Yjd6WmhmU1RFc3Rsem8ySFdnaHd6WUdORGMzWm1fQjNOX211NllqUm54WnNQaFM5Qko5TFFTZkxaUGhWa2R0bHZTbm5ZQWpFVzExQWxPN0NtV0tMMnc4QWVIOGxoY29xVmJCY0HSAZsBQVVfeXFMUGN4QzFaVno2c2h4U1ZGZ2YzVzZQZFRWZWdrSUtQVGxXQTFSZmd3WjVzMmozdTQxRzZudlowbHg3WTBIS0U2LXJyRmVSWHJmZk90YndfTjBJRDR0bnJuSHVlXzA1OGdYX3IxcHNtLWpPZU1kX3FNQ2NkUHRBbTZ6ZlgycHlvTmxKeFZJSTlpZnZiYU5aMVZDWi1SQmM?oc=5&hl=en-US&gl=US&ceid=US:en,Al Jazeera,0.7717
Humpback whale gulps and spits out Cape Cod lobsterman - BBC,2021-06-11 07:00:00,https://news.google.com/rss/articles/CBMiXkFVX3lxTE1vM0RhX1FZd2FISWduNllZWW5zWnlSeERmekxTVktxanZiUDN0M0NPbGp6dmhCclZpNXQzV0wxUHliTk1rS2ZnRlpwWGRxdFktbTB4Q2Q3cmtDRklqOVHSAWNBVV95cUxQN1JuLUlmUW4xdDMwODlZd1duSTRHV0pEYmw2MDNUU1hnWEJHSG04WnJmVS1weHVBbGJzVWcwM09NaE9hOC05aFhfczBKVm9jd3pDb2Zvc3phLUNMdTdCSFlUVXM?oc=5&hl=en-US&gl=US&ceid=US:en,BBC,0.0
Delta plus India: Scientists say too early to tell risk of Covid-19 variant - BBC,2021-06-23 07:00:00,https://news.google.com/rss/articles/CBMiX0FVX3lxTFBZUWM4cUtkQXpMLVZWZ082YXlBclFic2thSlVHUzM1dEZ0Smx3MW9WSWpJSDlCWmZXQUZpcTBSYTFFUE1QTXRjZG5RdkZoS3lPaDByanJFSE50bzNHSUFr0gFkQVVfeXFMTVNNV3lZcGJhOTVCZ3N1aXVHbzNCS3k2MUU0UENJaF9JLWxxa2lqVk9FbXFBakhjTzZDMzA3eVo1aVlHa3g3MEJYUEh4YUxVUXVTSzFFS2pEWFc5bE1BUk1tZEstcA?oc=5&hl=en-US&gl=US&ceid=US:en,BBC,-0.2732
It’s time to make clean energy investment in emerging and developing economies a top global priority - News - IEA – International Energy Agency,2021-06-09 07:00:00,https://news.google.com/rss/articles/CBMiwwFBVV95cUxOa1FTZk5KMlZCQi16TU0yUDZEcTBneGg0b1ljSEI4UUVqVF9OZHZGOGlsWGg4UUF4eGlnZGxab18xMEdKZFZ2bFg0SWx4c1NjS2xGRkJ2N2lScEFSTGVNY0FwMWtHRzZmY2N3LVhDUVRadmhFcVBzRy16S3EyX0loaUlDZGtKeGF0aWVmRC15VUJ3cEJHU1NHZzdHbEFMNzFNWmVETDNSSXdxR25GdDNlTmhocnVfeXRoYnpTTG9pNkxFelk?oc=5&hl=en-US&gl=US&ceid=US:en,IEA – International Energy Agency,0.7717
WHO supporting South African consortium to establish first COVID mRNA vaccine technology transfer hub - World Health Organization (WHO),2021-06-21 07:00:00,https://news.google.com/rss/articles/CBMi2gFBVV95cUxPckozdUx0Y3FmX1NzZ3lRd05hcnNDalB6bFRtUS1aWHczSVk0ek14MW51UGlxRmtiVktVd1dZckZCRjJpdG5USGRRRFF5UnlocEY5QlY1MDUxQy1vdXB1YXl4QVFHeGJMdFFXNWg2ejJqclZzbnVVelhaRUY5MmN2UTFpdlo3MDBpSGxLVlpNLUxLX1BjQlNkVjhzc2h4WWNrdW1oYk01b1VyaDcycEw3X0pYaFlOcW1SNUxCQ1YzNzVEMnlxZGJ5VGhWQ2R4QjFWcHdDM21VclRSUQ?oc=5&hl=en-US&gl=US&ceid=US:en,World Health Organization (WHO),0.4404
Abrahamic Family House in Abu Dhabi to open in 2022 - Vatican News,2021-06-15 07:00:00,https://news.google.com/rss/articles/CBMitgFBVV95cUxOR19pekVkZ0lxTHloa2cySWwzNWlyMXl6LUtHQkU0S2thM2p2SV9KRzh6Z2xSYTE5LXhfWmNoMlZucmJja2FXZVZEU2xoSnRlV3lNd3ptZHBzUm1nUTVDajBoTGx6M1hUbEVkVG9RX0tPZzlrUEF0WXNUZEJQZFNqWl9qc1NrX0FYd0pncGN6eGp1U2xNcUpiRjdDY1NYc3hvblFheXFuZFFFWGRmZV93OURGc2tsUQ?oc=5&hl=en-US&gl=US&ceid=US:en,Vatican News,0.0
WHO joins the UN Decade on Ecosystem Restoration on World Environment Day - World Health Organization (WHO),2021-06-04 07:00:00,https://news.google.com/rss/articles/CBMijgFBVV95cUxPcy1pX25vUUdUVmoyMXpyLUc1d21NcU9OeG9EVm1hS29PQ2tJMVR1Y0lSR3FTandZTnRTNDJZUl85dFdERmt5Um92UjRNaXlDdUt3aVpkUjVNQ0hHRVB6X3dtcWdueDdUUThpY1VicC1fLWVQVXc3YVB5eWtnMlA5NFctVjJjc0pNZ1JMN3Rn?oc=5&hl=en-US&gl=US&ceid=US:en,World Health Organization (WHO),0.0
Number of migrants at US border hits new record high - BBC,2021-06-10 07:00:00,https://news.google.com/rss/articles/CBMiXkFVX3lxTE9hY0I2SDV1aU5lc0pWOHRFa05aM2FDQThqVnBKU25WckdPZVdCVkhpenlxTUlJNmlEWHUyQ21ZXzJqb3pwRVBZalZoWEN0U0JmcFZSV256Y0NfZDJ6Y2fSAWNBVV95cUxNZUEyMW9WSTd0enpURkdQTTgwbElGaUhvYVNYLWN5OUhBcEI5VFF2bkVKMmxaWXgxQ1ZRMXNvRDNUQnBNc19jZ0FJSWNLSHFQeTZjTzZuclBwVkpQbW1NN2xXcU0?oc=5&hl=en-US&gl=US&ceid=US:en,BBC,0.0772
COP26: Agricultural expansion drives almost 90 percent of global deforestation - Food and Agriculture Organization,2021-06-11 07:00:00,https://news.google.com/rss/articles/CBMitwFBVV95cUxNenBPYVlycUVyV3NOaHJvRlNyTTZQaWZpNkpPUnlITDFRbGs3TnBCOVVPTTJuZzliQU8zbTVYeUM3dW5qSmlwSTk2QjF5M0x0clU1cTNBanh1SzM5UmppZHVrZllRaG9CdmFzUlhLb3pwWjkzLTlZSXlETGtVcG43dDNtQUpQcmEyaWp5bk02M0p3bmJNRDB0cDZ4aVdrUzd0a1puX09xMGhCQlJUT2FkTzRMT3pfQ3c?oc=5&hl=en-US&gl=US&ceid=US:en,Food and Agriculture Organization,0.0
Turning to sustainable global business: 5 things to know about the circular economy - UN News,2021-06-13 07:00:00,https://news.google.com/rss/articles/CBMiV0FVX3lxTE9YVjdhZXl4SlIxeHBHeUN5MUxUeGdCem5nZ1JkTWFyRHBhUmt1RU4tUHhQb3N4QVdSV1R2Q2RnbE4wVEhvMmEzVUowSFFPVk1Xd2xLWF80OA?oc=5&hl=en-US&gl=US&ceid=US:en,UN News,0.0
Swiss voters reject key climate change measures - BBC,2021-06-13 07:00:00,https://news.google.com/rss/articles/CBMiWkFVX3lxTE8tSlhUc0owM3ZNeVVpRV94OUprSEtuUVl1S2NCOVpMLWI5Y0hxeGRvUWFRZkE3MTNzZWRLbTExT3ZQc0M4QlRWeURIX3ZvOVBiUmV5N3Z2S1pNZ9IBX0FVX3lxTE56QTBMc3dVS3RXMWhDamltRkxOMEpvQ1NPUU16V2lvVU4wX25vVzdqTTE4ZjRkWXY1dHVIa0pQc2RRRXdzeDdzR0wxRVVzMWI2VzZ4RUlxcG83V3dxTlJr?oc=5&hl=en-US&gl=US&ceid=US:en,BBC,-0.4019
New WHO guidance seeks to put an end to human rights violations in mental health care - World Health Organization (WHO),2021-06-10 07:00:00,https://news.google.com/rss/articles/CBMixAFBVV95cUxQQXl4VUJmUDZvNW4yRlBmZHNDY0s3NURoS1BodWJxR1owWEFUa3haaDVadUdyUFVjRUpXemVjajBvMThHOTRZSTBfcUphcWtiWVp0bjdyZXZ3OHdoV2Z3UDM4SDlYY3BZUXdzc2M3V1RCNFNXTnFsRnA1OWMtV1hxUHFlcGQ4SC1vdFhiZ1o4SkxFeWlyVkE5SkJhVmM0QldkQWk5d1ZPZHk4dDFKMmhSd05RRnQ4cG5CRTlleW44RTJzSEdx?oc=5&hl=en-US&gl=US&ceid=US:en,World Health Organization (WHO),-0.0516
Patent citations could signal which biomedical papers lead to a real-world impact - Stanford Medicine,2021-06-10 07:00:00,https://news.google.com/rss/articles/CBMiugFBVV95cUxPZ2c1aWtwYzA4TkR1aktEVVFuYmF2aG1SYTdXX1NsR29ZX1U2MzFSSlV5Y0JUZUNFMmJrd3IxcnJRZTFYSi1PQS1SUFltM2FZM3dtNlprdGZ6NG9LclJGOWxjbnRFeGgzRTBXQVh3ak0xZFJCNDlGX19SLVc4TGxpOUlYOEgxUy1UQlBIMjVkZWFoRkEyNVJIVVhWaHNCMVU2OGowOTdHZ0wyd2xOcXdHdTNZckhXTUhqdXc?oc=5&hl=en-US&gl=US&ceid=US:en,Stanford Medicine,0.0
Child labour rises to 160 million – first increase in two decades - Unicef,2021-06-10 00:05:07,https://news.google.com/rss/articles/CBMimwFBVV95cUxOUjBGLUxqckpBX21qR2pGcUsxVzhGTVNibFhZTTBHeTR3VXlYNUhENXhSV3NlbElIQjZvOFd3ak81TGVndHpVOE1tZDR3aUNuZDNJRXktbmRsMTEzR3ZsR01aZmZBbWxJLW5oR1d2eUtJSGdYZzEzYkcyeUpVc2dRUHRGM1FQNlFvUjBGWktkVjlsN25SZmNoWUtqVQ?oc=5&hl=en-US&gl=US&ceid=US:en,Unicef,0.3182
What's gone wrong with Australia's vaccine rollout? - BBC,2021-06-16 07:00:00,https://news.google.com/rss/articles/CBMiXkFVX3lxTE5HaWFyNUg1aU5IVEtKbGlHc2NhLUVpMFRVUjhLOE9lYlR4QkppU2tQMWJ3VjgydTAyQlA4V2R6NW1sZ0IxZVUzMVBhMHFTT3EybW54YTVnZFktMUFtcEHSAWNBVV95cUxQLXhYSVhEYXhUX2dyRENLWkhTWUtiLW9BRERMOFNlYWlJSkRHdnZDbWdvQ1F2eENPOXluLW5pcXhKRUk5enVaZ3ZrM0hHRG85ZHI3bHk3NVQxbThySVFCeVkwckE?oc=5&hl=en-US&gl=US&ceid=US:en,BBC,-0.4767
"10 Years On, Turkey Continues Its Support for an Ever-Growing Number of Syrian Refugees - World Bank",2021-06-22 07:00:00,https://news.google.com/rss/articles/CBMi1gFBVV95cUxPbE1fSDF1SVpDV0U4d1BZZVhEOW1Nd3prSmZhbHZyTkJFZlVObzU0NDB2aFB3SXo1YS1pQ3BiZkpuTzF3ckNlZXpUUElVWHR0RUZCX3djWGVkNmlPT0ZTZENfUVhDd18yYzJmZURoYzRXRUJRcWNqMzZIeFZrMW01bWo3ZjNjaUpRcG5FN19jOFhrSng5RDI2cDNCMHhFRUNXa2RtUmlQaENJWFZfNmlYZzNwUjlpNGhYLVpmN3ZmelZsMkZpOGlRUkYtanhtSVZIeFFBWXln?oc=5&hl=en-US&gl=US&ceid=US:en,World Bank,0.4588
159 missing in Florida building collapse tragedy - Hindustan Times,2021-06-26 07:00:00,https://news.google.com/rss/articles/CBMisAFBVV95cUxNNkJxcTZtN0E0NUNBbWJyWEpqNlFkd0NhWHpJM0tYaDFlclhVYzBwQnJpNU1ZXzBUWWpSRkdlelU2RlhBUU1BQ2dMOWxueG4xb29tWW12dTRfbDhiY1cxWk9LNV82aEo0eFk2cVE3aFl4ZExSN2VVMHVkeFRYbGluY0lPX0xaVWZNc3hfWEVHOGFwTHYxSUtfeXZPR3E4TmNXOE5aWXE4ODFVYWxLN3JledIBtgFBVV95cUxQOExldGFtLXE2a00wWUdQRkhPRE51MTZVQkpYTTh6ZjM5cmxEb2xSczkwUDR2ei1URmFWTVZsU1o5cHF2QmdUd2Nzd0Zuc3lqTF9ndXdRMmZyaHRNenJsOEVLem5hWkJhQUU5aGlNT1ZBcGpUZGVpWmhtd21xUXFxVG9TTFNkcHB0V2JHblBxcHNrODkzT3REUWU1bFN2QlBZLXVkRHU5dGNPMk9kMFNaejB3dndrQQ?oc=5&hl=en-US&gl=US&ceid=US:en,Hindustan Times,-0.8689
Cheetah: The world's fastest cat is returning to India - BBC,2021-06-06 07:00:00,https://news.google.com/rss/articles/CBMiX0FVX3lxTFA5VzdFbW0wVFRVVkd5NkUzaF9IakpKY3l0eHp0VjdDRjJHdjIzMmdMZC1LeG9BS1lDRC1zWXRzaXN6aF9wdHNwajM2ZktBV3hkS09sV0liZzUzVFNGRVZB0gFkQVVfeXFMTkVCdVJSbnZWUnVfSV9SazRCbi1YWUJsZVJmdUZ2RENVaDJjREZoX21OeDNSR21WMUlpMHdPbWpfTmoxLWZsM2NaUFVaMFY0ajhqdFZ1OTg1R3Q0Um02QTY4a3JsNw?oc=5&hl=en-US&gl=US&ceid=US:en,BBC,0.0
SMRs to help Rolls-Royce meet net-zero ambition - World Nuclear News,2021-06-21 07:00:00,https://news.google.com/rss/articles/CBMilwFBVV95cUxNWGFjbUEtMnVSTVV4MVFWNHc3WTZuTEIxOG44dkgxVUlnVmZKNE15RTEyVU9RYkR3anIyOFA5cE9uUTdWcE9iWWZrOXBDbmVnRXlEZW1XR3FIdmN1bjdWVHdwVkRqb2lnbmF2X0ViY3I1ckVuUVZ3d1lTSUVpNWoxTFdJYXBRVzhndVpsOVZNWnVFUVBsdG5Z?oc=5&hl=en-US&gl=US&ceid=US:en,World Nuclear News,0.4019
"Impacts of COVID-19 on World Heritage to continue for years, according to report - UNESCO World Heritage Centre",2021-06-18 07:00:00,https://news.google.com/rss/articles/CBMiS0FVX3lxTE1Wc0RJMFpCZGJhbHVYaExSX0JxWnFVSGNFU0ZWSl84bmpaN1ZKRWwwcldGeGdLV1VGeVBlNWo1ZTYwZ09yaW0tM05oaw?oc=5&hl=en-US&gl=US&ceid=US:en,UNESCO World Heritage Centre,0.0
Ziona Chana: Head of 'world's largest family' dies in India's Mizoram state - BBC,2021-06-13 07:00:00,https://news.google.com/rss/articles/CBMiX0FVX3lxTE5ielVoR3pmRGRxeHdON0gyeVBucWNlck85MXB4THNFWGJxMXAzTnJJN0IzdnMwTmN2VE1GcW1uSTFNdHRkVFBXVTJhWUstNDRDV3pQRjRzVXNEdjlla2Rv0gFkQVVfeXFMT1hTU090MlBwMDhNQUNTR2xzRzJ4UGhBaWw2RmUxbGtJVEdzTm0wcU9PNHJYSXRXNVBzTm9INlZVMmR6UUxuUElXSWt3YWJOZ09ueV83TU9jd25GM2JTUE5YbTgyTQ?oc=5&hl=en-US&gl=US&ceid=US:en,BBC,0.0
Donald Trump calls Bitcoin 'a scam against the dollar' - BBC,2021-06-07 07:00:00,https://news.google.com/rss/articles/CBMiVEFVX3lxTE4zU0JjaHBzcklwTTRhcUIzWFFyMkEzV3NlcVJES2ZkOWFSTjZvZ3VVNjFkWk1PaTdRTExJX1dwX2VkdS1fY3B0eVZrMnRxalBVZkViYdIBWkFVX3lxTE90TDFCdFFCVVJRVUg3OXV0NlIxOWw2SEU1b1ZFN2N1MU9IRmFhYWdESGVQMkNYdHFnWXdNNWNfcWUxSlYwSWdPd2lsUmcwZkcwaE0yZkpubHRUQQ?oc=5&hl=en-US&gl=US&ceid=US:en,BBC,-0.5719
News - U.S. ARMY AWARDS PURPLE HEART TO 99-YEAR-OLD WORLD WAR II VETERAN AT FORT HAMILTON - DVIDS,2021-06-25 07:00:00,https://news.google.com/rss/articles/CBMisAFBVV95cUxNTVpBWDdIVTdlN3RTWXU0aTFET1kxSUQya0laZTRyQWJNRXVQLW5XaXdrcmhiVTRQWU8tTVJXRkpqbnlpeFR0ZmhKTFNiWmx2QjhmNEY0NDBTNGxYV3NES3hwRlFVeXlXV0FNWTlnRWM4UTQyVFEybjd1NFZoY2NZWUpLeEFYWTFEdi1KM3ladUFCYkdUOWJBZVBHOEs0c0p5T2VqMDVHRTRlSzctTXU3Ug?oc=5&hl=en-US&gl=US&ceid=US:en,DVIDS,-0.2263
Infographic: The global COVID vaccine divide - Al Jazeera,2021-06-23 07:00:00,https://news.google.com/rss/articles/CBMigAFBVV95cUxNVWRtc0FFUHlpOVJsZ1MweC16STRnZEgwYkQ3Z2pkaHg0bVlBZW1zQWRBSWpMQTRVbHQ0X3I0aFVaMnh0cjJ1YjFmZGdtd1BsTS1FdDZ6X3lyYmJVRXBHOWhjQjNZVWJVSU1pMTkxc2ZUSE9UN1NiQXdOckwwNkk2X9IBhgFBVV95cUxNaW9ReVhNVFMydGhtanF1akM5Ql8xTl9yUGtJTEtNN1U2d3hwU0hFZnh0SEdqYjFtaWZMeF9wUVZvV3hQaHFpQ09hU2ZNYjN1b0w5RE5lVjJudWxRSjN4ZC1WOVJrdWZuV013RjI5b3JTYS1KN2NFU1dUV0Z5WW13eHBJc3duZw?oc=5&hl=en-US&gl=US&ceid=US:en,Al Jazeera,0.0
African journalists slam UAE ‘manipulation’ over Qatar World Cup - Al Jazeera,2021-06-04 07:00:00,https://news.google.com/rss/articles/CBMipAFBVV95cUxPUHA3VHJnUEhYUno1MUtNTFlVaTJ3Q3E5LUwzYlBVanlJa08zczRDa3dUSF9PMUM5d3pfRzUzcmdNNEZwQ2FmR0FnaU95LWxPc293QjVKZnNBcnpINHBKTlBCTTRiT25Wc1kwbFpsSHZhejNXZ3pRQnFNRE1femh6UW5UZ0c5T1lJRTBGSjNxMWJvQlJ1bHJmYTU3WUNoZmQzak4tetIBqgFBVV95cUxPOHdrcWlfekZYQUxEQXUybVVCOTZTUDVDYlZtNWhONnJLcXY1b0NWYXJLUHNxWE1lWlpXclBBTVZfSl9XVW11V3k4M0ctNm5VTHk1T2g5eEI3MlhkR2w3UTBkcHJlMEZWVTI1VHVqeUk5MHdlR2tVdVpaRTVhbVlrZVdwRnF0cVpPNGxaX2JJOGVibzI3VlhVOU9sTjlDN2J5cW42NzVWUnB6dw?oc=5&hl=en-US&gl=US&ceid=US:en,Al Jazeera,-0.3818
HMS Defender: Russian jets and ships shadow British warship - BBC,2021-06-23 07:00:00,https://news.google.com/rss/articles/CBMiWkFVX3lxTE5zUGZfcTR6WUhma3g1dmRmTG9KTzc3NnVCeE13a19DaFI1RGQxU3NYOFpQMllwY1hOQnh0YnA2OWJRSW1CTDgwUTl5dTZBcHA0Nlc4a2xEd1hWZ9IBX0FVX3lxTFBUTjFfbEFmY2tSd0lweVNCUkVKZGYzNkxZelJLd2I4Nk5ZNkkyRjJmYWJneWgyX2pPNjBQck85a19DWWNvdWZ1dGpTZENOVkhTTVR2Ry16OFRCdk1yckRB?oc=5&hl=en-US&gl=US&ceid=US:en,BBC,-0.0772
Global foreign direct investment set to partially recover in 2021 but uncertainty remains - unctad.org,2021-06-21 07:00:00,https://news.google.com/rss/articles/CBMipgFBVV95cUxQeVNWWm9MZUNVSFlxa0Q0TXdnMk1XalpiRDFMSW1UdmI0QjdRd2JYblJUMXY2QjdPUWxIMWFjdGxUVlhQellubkNuLWVQNmlyQzFKOHZhanZUQURMbW1OalBXUk9RSXhIUWdRTk9SUGMwcWxuNGNHeV9FY0U5LU83N0tjVTNoQTVabGZ5bXZndmJRc05QUURyZFN2Y01BMVlUMXV0YTdn?oc=5&hl=en-US&gl=US&ceid=US:en,unctad.org,-0.4767
Russian news site to close over ‘foreign agent’ designation - The Guardian,2021-06-03 07:00:00,https://news.google.com/rss/articles/CBMilAFBVV95cUxNLXZvcFBadGpCY1RfZTc5Q3A5TTNROFo2WF9YQ2UyRU51NFhBeFEyVzNfNTdzQ2FIY1lWWFdKZTV1OTNWX0tpanpVSmlXZDdzRkdQLTFjZTFjbldJdXNFcWkzWElYTE5aa2tCdXRvdkljWEhEaXBTT0liaW9saVloSEVBNHViVkM0emEybDVHOHdZN2JM?oc=5&hl=en-US&gl=US&ceid=US:en,The Guardian,0.0
Diving into the global problem of technology waste - MIT News,2021-06-15 07:00:00,https://news.google.com/rss/articles/CBMif0FVX3lxTFBDQ1lTcXJsSDVVd3g1QThDeFJQNUtQNGxRTExicVNsc0tJdThFSzhFcVZsZVkzenVIYkotWkpFNi1YUWhidHlRNk42eHVGZTZSZWdKb3lXQ0MtR2RiSXhVb1ZhbllMQjVCc1pTT2xMMWxpYTBBa1ZRdGlzNjZIWUE?oc=5&hl=en-US&gl=US&ceid=US:en,MIT News,-0.6369
News - Armed Services Blood Program Donors Keep the World Beating - DVIDS,2021-06-14 07:00:00,https://news.google.com/rss/articles/CBMilgFBVV95cUxOWlZWUnN3d2RhcFZZME1RZjNvQUg4NU5tT1dSeDJnbm5BckFmVUNSaWFYYWRuYUZieHpvN1NGSGhEbXpYWFFFdk1oV0ZFUUE1cTZUN2NnM3NEWklYLXBYU005b3BtWjNLUERMUzJ4SUtTd240anNWYllaRFEwbk1pclhsU1VmV1JzS3dJWUpKQ0d1aWw0amc?oc=5&hl=en-US&gl=US&ceid=US:en,DVIDS,-0.4588
Why Fashion Needs to Be More Sustainable - Columbia University,2021-06-10 07:00:00,https://news.google.com/rss/articles/CBMijwFBVV95cUxOSG5xUVhUMzNpUlNPaUE2XzRYWFRJQUN5T25tM3B3WW9YUk84dndhRkF1enFHXzZzTDBpNjY2MnhNa0pkTG1SQ183Q0ltT3R1eFQ0S1lROTEyLUhQMzZjQ2xfc2ZLbGRoRDJkWDRrYVFhR185eXFBQ3d2clhnMGtSYWF6MjViaU5seEl4YURtVQ?oc=5&hl=en-US&gl=US&ceid=US:en,Columbia University,0.0
Shocked football world rallies around Christian Eriksen - Al Jazeera,2021-06-12 07:00:00,https://news.google.com/rss/articles/CBMinAFBVV95cUxPRWhDMXViYnJ6Z2g1VjkxVXJEVWM4N3dzemo5OFl4LTZXdDcySmpCVUNTRmltS2dJWnhNa0QtNlo0emVmMGM5RXVqN2JUVmhsRTFRTzIxeDFybWVWUjVYeUpMTzZRRVVmajVrR2pGTDNWakduUnBWcTRCMW51OW5HZ1VjS014Z3IyLU1wSnNGZ3ZWSXFHcFpEQ2hsNEXSAaIBQVVfeXFMTjB5ZFN5aG0ycmxzOWhWU1hZXzc0NlR1SnJTTzU0alUtQlVqekZadHY2akl4Z2laTFVTaUEwX3lqV0UyN01nQ0VKa0w4X0ZDb1Z0VVNFLXhCRTQwcS12clFfcEZuRms1MXJoR01sQXNXZUZrdk9Cak96RGRQUUpTQW5UWmN5Zm0ybFVRbGNyTFVad3ItWmZiUlJ4TkNpZkNSQkV3?oc=5&hl=en-US&gl=US&ceid=US:en,Al Jazeera,-0.3182
Breaking news: Neiman Marcus Group will ditch fur - Humane World for Animals,2021-06-30 07:00:00,https://news.google.com/rss/articles/CBMijAFBVV95cUxPTFlETXhWVjgzOWtNVDRiV1JtOU1Mb1RFaVB4b3dCbDQ3U0lveGloT0JPMlFoSFJRRVQ4OXhOWFdwZ0ZKS21jSWxMcy1PMVRGZFRZN2lZYXlhOEJmemF6RWJCV3dRY2FZZUg3VTFYeUZvUHFqM3FaR1BwY0lBTzBXU2lsejhPQ0VSVEdQeA?oc=5&hl=en-US&gl=US&ceid=US:en,Humane World for Animals,0.0
"China has created a dystopian hellscape in Xinjiang, Amnesty report says - BBC",2021-06-10 07:00:00,https://news.google.com/rss/articles/CBMiX0FVX3lxTE5aQU9pSTA0cjBEclV0Slp2ZTZ2RzdGVUxzR2F0bmtwd1U0TndIUDZKcFFrOVlQOGlwdkZrVV9YQUdraU1zNnpBTkRmbm9FUjlMMEJWaTR2LU9Pcjg1RTFz0gFkQVVfeXFMTzdlQTNCVHlTVHNqUUFMSmIweDdPOVJRTldfaFVhRGhzMGtGdnF6ME96akd0cHY4SnVlZEJoNWdNM25aSjVoMnNlYS0zYTJnTkVvQXE5VEVMcEZzdzNoYlk3TzBWWg?oc=5&hl=en-US&gl=US&ceid=US:en,BBC,0.25
