title,date,link,source,sentiment
News of the World: 10 years since phone-hacking scandal brought down tabloid - The Guardian,2021-07-10 07:00:00,https://news.google.com/rss/articles/CBMivgFBVV95cUxPREtNbFZ2TmlKcmhpY3FwdHpmZ1FnbGE5eDlSWWpFczFJZ09OaTlDYzFzOVZJd1NyeHdtdWM5eWdEZE9tZy1GNnRkZm12ZWlmVjRpR3hzRDhwTURHdV85X2o4NGl5Y1lEZG03T3h5ajcxaVdVektEQm4wR1JIeVpVUXRSdTdRTERnV0lRV2p0bmRta1VwRURYVGZPU21aanJYSURDNm04N3NKQ1NGSUZ2N1BURnBaYzIwZjRDWlZR?oc=5&hl=en-US&gl=US&ceid=US:en,The Guardian,-0.4404
UN report: Pandemic year marked by spike in world hunger - World Health Organization (WHO),2021-07-12 07:00:00,https://news.google.com/rss/articles/CBMinAFBVV95cUxORGxoM0pNeDFSTjVadkR3bDFrN01KSEtUdHFRSEVpRTFZMU5pMzdZNFRNTkViRndadk5kS0RtNFUzWTg5dWJfLTIwcDdtQWM3RWhMdWlWSXdFdFFxdVBDaFd5V0VaaTZHNHZmTEhVVnIxb2lCckxXeHpLY3BEcDhTT1lOM1dPVUZORm56RnhuclZkMHhTcXNCdlhrWE8?oc=5&hl=en-US&gl=US&ceid=US:en,World Health Organization (WHO),-0.25
Atrium Health Earns Multiple U.S. News & World Report Honors Including Top Hospital in Charlotte and Best in Rehabilitation - Atrium Health,2021-07-27 07:00:00,https://news.google.com/rss/articles/CBMi6gFBVV95cUxPLXBocDNzN3RaNEFNZUY2Ml9KdWtNZmI3c1Y0bVdGS29XdGxiaXlIRlFOWDFzV2VnWHpESEprOU9tS3o3MVNxaS1UM3BoUkx3THR0bjBZZUpNTkVTZDI1QzcwNW4wNDdqZ3pPcVRPME8yU3FGeVk5cWNtdUJpbDFZYlFxYkYxUThUVGdudE5RMXk5RW1kRjdWTlBJanZ5Ulh0cUJhODd2VEQxUGQwNGxnU3NhenJwNmZDclJ0cFJhV0V2aUhSRDhTUEdzbXJ6aXRBTkhUeTB1Xy1YUWVmVkcwTlpza3ltTU9Ranc?oc=5&hl=en-US&gl=US&ceid=US:en,Atrium Health,0.8519
News & Regulatory Filings - World Shipping Council,2021-07-02 21:08:59,https://news.google.com/rss/articles/CBMiT0FVX3lxTE9HTE1GRzhwQTFaYWlJamRVU1FrZ21Od3ZXWjVxNjRSOHo0N0s4TmtfWXRrWDNqX1UweE9hREFhMjZoeEp2VlE0eWtTd1F5M0k?oc=5&hl=en-US&gl=US&ceid=US:en,World Shipping Council,0.0
World News Alerts - The Washington Post,2021-07-01 12:42:08,https://news.google.com/rss/articles/CBMibkFVX3lxTFBjT0VYSUtuN2M2a0h1d1Rxa2VIV1dGY3pBS3h1S3FSMnMxQWctc2Y5UzZJT2tINUJDVnU1QmtiaHJ0bHZiREFNWkVseXJDMGVCMzN6N3lKdnNBUmdGajFZWXQycXVqb2lTQnE2dGRR?oc=5&hl=en-US&gl=US&ceid=US:en,The Washington Post,0.0
"Walking the talk of diversity, equity and inclusion in HE - University World News",2021-07-10 07:00:00,https://news.google.com/rss/articles/CBMid0FVX3lxTE9Pakk3WVJId0Q0eUdfd0NxRzRpNFBJbk55c1N1bW91SHRvWUMxeVR4RnNtOEkzYU1jN21DNmNUSlhtVGdmMUNrb3JWa0NOSnIxUU9ZelNhTVB4Rk5rSmlzSUg5NHlKVVV6UEpONE41dDI1U0hRY0dR?oc=5&hl=en-US&gl=US&ceid=US:en,University World News,0.0
Boulder Named Best Place to Live in Nation by US News & World Report - City of Boulder (.gov),2021-07-13 07:00:00,https://news.google.com/rss/articles/CBMilAFBVV95cUxNSGt2S0FGLXA5Tk40a2ZjVkhzR3kxTUc0b05lcG1aNTB3Y3hiOFRfZG03V1AtREhBVHlSZnBhY29pMDM2dHRpLXo4cFhmSjkwT19XNURabzFxTDM3a2ZBU1NWcGw1bTlvOXNHek93THRNanlneUhtbWcydjhfTnMwR2d4SzZwa3hRQ1JWU0JmXzJYbWxq?oc=5&hl=en-US&gl=US&ceid=US:en,City of Boulder (.gov),0.6369
Sarasota named among 10 best places to live by US News & World Report - Sarasota Herald-Tribune,2021-07-13 07:00:00,https://news.google.com/rss/articles/CBMi0AFBVV95cUxNNUlOdU95bDlPNzJQdmJSQjZTMVdUWmgxUU9OVzQtVmF3UmxFY2g1TWNzd1JYUWRHU0I3N1NwbTZSWExYMGktd2hOU013R0doN01ZTThndnh3dU8zbkdtNmFZVGozemY5WEpWYXdBWUREUmdydXVEb2Y5MUZmVU9JUmU1ZkhMVkJrRmNHeEZEX0JPcm90ZGdYZzhrZDJ0emVyZTVWS0ZOUG90bm1DZGE4bGk3QUZYWGJyMVBHY0NOU3NSZEVkeldPZUx3TDVhSmwz?oc=5&hl=en-US&gl=US&ceid=US:en,Sarasota Herald-Tribune,0.6369
Mayo Clinic ranked No. 1 hospital in the nation by U.S. News & World Report - Mayo Clinic News Network,2021-07-27 07:00:00,https://news.google.com/rss/articles/CBMivwFBVV95cUxPclJBS3JFYWJsMnpCaThSbFRWcENZZ212TGxnZ1p2Vl9pMDg5b0xBeDdzQmc4eWVJUWJCZFpiU3A5cUh6b0ctM3h1RWFEZHVzWjdYUE1SdVk1ejlNUjk5amQ3aEt0MzdzamJXVXd2M08tcHdMZnp6UGZkRzJEVURwdkVxUkd4cGhtbUY2RHZYbFozeWFkS2IzLXpRNU9pMlZseDBJNFNOaml2SnJPdG1NNzFlQ2o2aXFfakJueVI2Yw?oc=5&hl=en-US&gl=US&ceid=US:en,Mayo Clinic News Network,-0.296
Haiti President Jovenel Moïse killed in attack at home - BBC,2021-07-07 07:00:00,https://news.google.com/rss/articles/CBMiY0FVX3lxTE9HNEZvS3RYTklQd01xSFJHMnhqTkhzUm8wRzZDSjJPcUdRVTNDSEJLcHlPVXJ0cFFaYVIyUXlLOHJnVmprNzNQMlg4X0hZcDVpR0xKVmNTR25fSWJ2dnktMmNxRdIBaEFVX3lxTE9ndnhueEpKN3VuajltYVRsRVdCZV9MM2dsM3NSUW5rWVZZSmtTMEZ5MjJjNndEWmJ3VUtTaDJlczViQzBDVjhnbzhaMzBpRlBhRUlrLTE4Tkl6RHFFbHRfZlh1RmR1NG9o?oc=5&hl=en-US&gl=US&ceid=US:en,BBC,-0.8225
Assessing the Global Climate in July 2021 - National Centers for Environmental Information (NCEI) (.gov),2021-07-01 07:00:00,https://news.google.com/rss/articles/CBMiYkFVX3lxTE94M05yUDhmRkFNekVDODE3ZXZwOUptbXEydnZDYlZnZU9GeGZaR0h0T1NuR2t4Y2xMWmtSVXJ1UGJpM1pjWEI5Q3htaDN5YmtfZnExdEp1bnpySGtiRUoxY3Z3?oc=5&hl=en-US&gl=US&ceid=US:en,National Centers for Environmental Information (NCEI) (.gov),0.0
OHSU named No. 1 hospital in Oregon by U.S. News & World Report - OHSU News,2021-07-27 07:00:00,https://news.google.com/rss/articles/CBMilwFBVV95cUxQdjNIVFlBZDZ2WU5KTldld0R5cW1rVHQ3YXo2VHRaVDNUQXE1NGhxVG1kbzlkN1pSb3ZMaUltOG1DWGtvLTltbDFvS2J4Ry1qRG1mWW1zbkdtbXJTanE5SG9rT2haVTl2MV9XMEFRWkUzaHFBQTl2RGZpem5RbEN4MnQxS05zUHp2X2ZlNkNsTHduQTljdjV3?oc=5&hl=en-US&gl=US&ceid=US:en,OHSU News,-0.296
U.S. News & World Report Releases Its 2021–22 Best Hospitals List - Johns Hopkins Medicine,2021-07-27 07:00:00,https://news.google.com/rss/articles/CBMitgFBVV95cUxPSkU3VEEwM092MXJ2NGxmTUk1X3NTYVV0YmQzdU1vSF9NY3RXQ3JqaG9YM1djcDI1QWViNGZoc21CNmt5ZzJsbm9IRVdsR0c3YnVjZFFtREJ0ZWRsQkVRUWJWanVhaExxV3RxUmVtVl8xN1U3VnJPbmVSMDFudml1WjU3NTdSeHIyVmxyT0JnT09wRm1uZFpIbTFMejB5NkQ5U09xb2xFbi1ERmp6QlR3dlh4dXVodw?oc=5&hl=en-US&gl=US&ceid=US:en,Johns Hopkins Medicine,0.6369
Battle for New World - newworld.com,2021-07-19 07:00:00,https://news.google.com/rss/articles/CBMigwFBVV95cUxPNjJnZ3NvcXVzOUhxUnROTkY4NU5EdE5KRzBZdTdhaFFJUTd3bjBHeUxDWEVTSWJHNVNBR3JBMl9tcnFJR2gwQlpackIyNWozZVJTRFNvc0gwekxRRFNFSTFyakZqV1M1el9jS0lPZUNfMk15SDM5bmRFVi1vRXJLazBCZw?oc=5&hl=en-US&gl=US&ceid=US:en,newworld.com,-0.3818
U.S. News & World Report names Loma Linda University Medical Center as Best Hospital in Riverside-San Bernardino metro area - Loma Linda University,2021-07-27 07:00:00,https://news.google.com/rss/articles/CBMi4AFBVV95cUxNR3NoTWxXejFISk95YU9OQXRsWmdlRlJIZ0NLX3ZCWUFxYjdtVGVCQlFPeEkxN0pOQ1NpNEpvbmZsbVFvcTFMZHhuTGViODZoR2pUbWM0bzl3bWxaN2pHUU56M3poSU1ocGUyZHZjcnpFa2tnRVBYTEROeC1fckJ2WmNISUlXOGlrLWQ3SmtWWG1yRXFnWWtWbHN0OFJuZFd3eUdvRzdPSFBLU2tpSnZZWXg2YzVFNXZfNEF2NGE5WU1aYW1pNWUxY01tOTVGajM1NUdOUWdfeERVc2hick5ybQ?oc=5&hl=en-US&gl=US&ceid=US:en,Loma Linda University,0.6369
U.S. News & World Report names VCU Medical Center best hospital in Richmond metro area 11 years in a row - VCU Health,2021-07-27 07:00:00,https://news.google.com/rss/articles/CBMiqwFBVV95cUxOWDRWa1FTQzdOTDMwSHAxRlR2UmRMREt4UWdYR1A1djFGRVlLX3pBZWtBNWdZaGFjSjNTbGt0VGU4QlhYcFZSQThNby1Db0s5YktXenFrUS00ZTUzZy00MEd4MUxQQzYtdjQ5Qld2M2lDZEd1U3lJV2F1TWV3bUZYbUFVVTctOWdBaXQ0OUJPWXhnZEEwaEN6dHM3eXBWM1MtSHVZbU84VHgxUGs?oc=5&hl=en-US&gl=US&ceid=US:en,VCU Health,0.6369
Bat Boy Tabloid Weekly World News Launches Entertainment Division; Sets ‘The Zombie Wedding’ As First Project - Deadline,2021-07-21 07:00:00,https://news.google.com/rss/articles/CBMiqgFBVV95cUxQOVdXaVNTVlI2Q3BkM1ZKZC02NUx0WEtRSWl1VTQ4Wm9HWUMzZk5hd2xGdFRQaXhOQlZKdWpEMG15VFQwRmRzbTR5LW5yVlZjNkFfZU9NMXRtUF9Lcm1pOGpxWHN2Ql9pcDRJWFhVZU1XTmdNWnNWQW5SZUhqUWdBbmZxRW1sbmtEME5UdHE2bDVEelNyOHUzVzFRS0UzTzRuT2NhUGM4ZE4tZw?oc=5&hl=en-US&gl=US&ceid=US:en,Deadline,0.4215
"COVID-19 pandemic leads to major backsliding on childhood vaccinations, new WHO, UNICEF data shows - World Health Organization (WHO)",2021-07-15 07:00:00,https://news.google.com/rss/articles/CBMi0wFBVV95cUxNbWQ0c3hiWVZJMlRYaXFkbVlLaXZCdjRBQVJMUG5nMmJ3OFJBODNBVXRwWmpsdWpWczJNekdQckVkckJUOHo4ZXVDT0RnOXN4OHRYcG9RMTB3ZFFndUtXS1dSSDFINHNFMnFkcW5mVGdBRnlCS1NTNEVvN05fekQ3akw2YzVQb09nSjJ4OFgzLWNiX3J5TWExOUVqc1diamlmNm9hRlAwdG5VMEpGcWVsRDhvYUJWWXRRdE9kcVl5SjdLN2dkeG5DX2piWXFQUEFDZTVN?oc=5&hl=en-US&gl=US&ceid=US:en,World Health Organization (WHO),0.0
"Universities, we have a problem we are afraid to speak of - University World News",2021-07-01 07:00:00,https://news.google.com/rss/articles/CBMid0FVX3lxTE9FMTFXcXQwaHBGUUFRQzFmZVFPOXEyaGZ3ZXI2WVhyY3VobDBkMTYxWm9lNWQ1R1d3X3VORUhOYXU2b3RqY21NV1J3eWRjT3huM2FBa3Z0OEVJeDI2b2h4cVN3OXFnYkVmelRLckVqRWtEVm9Udjhv?oc=5&hl=en-US&gl=US&ceid=US:en,University World News,-0.4019
Vaccine inequity undermining global economic recovery - World Health Organization (WHO),2021-07-22 07:00:00,https://news.google.com/rss/articles/CBMimgFBVV95cUxPOVVIc0ZsWEpPUE8zbEdrdWs2eGhScEZBR2p6N0Jna3hhd21qZlZpempiMU5rQ01jZEY5ZG9VYjkwTGFQYkhnODI5dWZ1YmY0NExmQmRSd3B6X3RiN1Z6NWZ3d3RWME50U1BKbTZiSlJVSnZhM1lxeWRGVktMV25sT0czZzZPZGloLWxDVkN5WFY0RzFzb2NIV29B?oc=5&hl=en-US&gl=US&ceid=US:en,World Health Organization (WHO),-0.3612
Critical race theory: the concept dividing the US - BBC,2021-07-21 07:00:00,https://news.google.com/rss/articles/CBMiXkFVX3lxTE5KZHlFbUotUC1IOFBKZl9xeGRrTEpqSEotY3ZQbng0b3JPcWEwaVR0ZzY1MXFSbXhVSzRiNF9VRk9YSjR6Wl90MTRRZ0I4d05haGVYOWE3Y0s2RGNGZWfSAWNBVV95cUxQVklBUzlvVm5HczBOSjdKMnRvT3VYd2dqVlZLS2FhRGNRSFNXUXB3NVllU0tzQXBCYVJCWFBQaWRZTkhjRHRUdUZibXVaaXJZU3pHekh2cnR5YzJCUzI5N1N3RVE?oc=5&hl=en-US&gl=US&ceid=US:en,BBC,-0.3182
COVID-19 subcommittee of the WHO Global Advisory Committee on Vaccine Safety (GACVS): updated guidance regarding myocarditis and pericarditis reported with COVID-19 mRNA vaccines - World Health Organization (WHO),2021-07-09 07:00:00,https://news.google.com/rss/articles/CBMipgFBVV95cUxQMm9YQmVMWS1SZVNNTVdMSEhtcVY0ZVBWU2s0ODllbzFwUW5sbXprYVNoQUF2UDNIR2NRWUZwcjFxbnZ2N1lRNWtwb1NhdDVvYlkzX2pDQzlwTWZqajRWYzVUekdPa2VmSEFNczNlTE1tU1R6Q05wcmlrUDBvTDdWUThMYkEtQlVxaUVPSXNSelljeW5lVkpyVG1ieDZTWVVGM1NFcEFB?oc=5&hl=en-US&gl=US&ceid=US:en,World Health Organization (WHO),0.4215
Work starts on IAEA nuclear security training facility - World Nuclear News,2021-07-13 07:00:00,https://news.google.com/rss/articles/CBMimgFBVV95cUxOckJsMnhOczJUaDFmWWpjZHpTd3dvWGtqU3ZCQWlZeHRNVFVWcHQwbjlDQmNHeEZNNlFkUUpuMUhfazRpSXI3TTFMVzJ0VXV5S2JvNmQwZDRjVlBHMUdROUw5REFlVXdESlRGcVJvRHFPNm50QXVVUThPSlZRRFQtV1NzbHN0MHdSSVNiUXdlLTBGWXlLVy1MZDR3?oc=5&hl=en-US&gl=US&ceid=US:en,World Nuclear News,0.34
Eyes wide shut: How newborn mammals dream the world they’re entering - YaleNews,2021-07-22 07:00:00,https://news.google.com/rss/articles/CBMimwFBVV95cUxOTWg5LXNYOEQ4WHgtWm94aGVIT3owSUNVRTBRR2hENEM2QXliWldhNGdzOFpsVFlHQ2U4eEdLNDZYc0JESWxCTmRLQ3NpNkliZk9qVGJLR0FOLTlfeTdqRnRuSXdNUnVpNWZUblliOXFtcXEtU29yV3JwTEhTbTc3T0VHVmFLbHNqdHJBMFNiOVd5S3Q1MzJaYzkyVQ?oc=5&hl=en-US&gl=US&ceid=US:en,YaleNews,0.25
WHO warns that HIV infection increases risk of severe and critical COVID-19 - World Health Organization (WHO),2021-07-15 07:00:00,https://news.google.com/rss/articles/CBMitwFBVV95cUxOY0VFdi1CQjF0cFJhZl85Mm14OHRsZ1RMU0VmNVcteng1b0U1Z2FadXphUC14Q1Q3VTlKMi1jaWMzd3JjaS1nUjRER2RXSS1EblBWXzRfbnpUeFR4VTg2dWtXQjBjOUFXd25KbkRDVllKRDMtcEE3T3JLdXpleHQ0ZDhxSldvM3BhQVMwNm1QekNTYzNIT2xDWG10VjItUF9PWlR6enM1SWNWUGFoRkpJR3NpWmVIcUE?oc=5&hl=en-US&gl=US&ceid=US:en,World Health Organization (WHO),-0.7506
The foreigners in China’s disinformation drive - BBC,2021-07-10 07:00:00,https://news.google.com/rss/articles/CBMiX0FVX3lxTE1hbDBLc3RMOGNhdTJTSlA2UWNfUnBDcEdGM01EdEQ4UkVDcnN1WS0tNUphTEFndmROck95ZW1GdE56TkVMcnRjQl94ZjF5THdyU25RX0I4U1BZV0prNHRn0gFkQVVfeXFMTkdERFc5ajVoNTdZTUhqaDBQaTRxRnVXb2tzOFR5b0JNT2xReVkzTkZJelpuR250VzZmSlBGMXROWlRCZlZDYzVDTDJKN1p2RFY5eFp4ZGE3cDVqaEphQ2FPUVhJTQ?oc=5&hl=en-US&gl=US&ceid=US:en,BBC,0.0
Covid: Stalled Russian vaccines cause global anger - BBC,2021-07-29 07:00:00,https://news.google.com/rss/articles/CBMiWkFVX3lxTE9SWldRaVZCTnJSM3NjdkdmZEJ0QnZpMU5UMy1qcGxjQ1Jma1I3eTNEbzZBbnl3d05qS2J3U3lpWi1NRFFUM0hsdko0SDBnTFAyUVYzbllwTXlNUdIBX0FVX3lxTE9UaHN5enAzWWxXbWJOX21nX3VfVm9aSC10dHB2OWRHY0lnNVoybzNMbnFJbHNGM2d6U2tWYng1cy03TWZoa3N3Mzh0Z0hEV3BfalJmckthN1hHLUdjcmVj?oc=5&hl=en-US&gl=US&ceid=US:en,BBC,-0.6705
"UK HealthCare Ranks No. 1 in Kentucky, Cancer Care Again Ranks Nationally in U.S. News & World Report - UKNow",2021-07-27 07:00:00,https://news.google.com/rss/articles/CBMiuwFBVV95cUxOU2Jia0ZGVGJPU0o1WEkwdGtnQ25SZnlfNEZHUW0tdDBUb280ZG9SYURnT1prN3pvM0NWSXdMazVFdjlaTnI1aWF5WkhrUGtpSHBya2dNZWZCTU5ub1RDTEJfZ0E3RmNoZmtXNEtuenNvVGczdGtNREpEU0ZfSnhDZmZMWDNBZkJoaVJHaUx3eU1oZ25MV3FIUXJnQTVsWEF3NmNyZDF0eGg2NDlnUjk1NXNNY19JRFR1Vndr?oc=5&hl=en-US&gl=US&ceid=US:en,UKNow,-0.5267
Tunisia's PM sacked after violent Covid protests - BBC,2021-07-26 07:00:00,https://news.google.com/rss/articles/CBMiWkFVX3lxTFBTN0Iwajd6NUFBWFJTNzFUemJXOWRZb05jVGRFNGRqQVNROG1sMDFwOUxhQkNxVldWUFNROURGLUE5Rno4Ukg3NW9vUkY3VWVrdFhkMzBieDF3UdIBX0FVX3lxTE5hMWZqTUNvM0NtWm5RMHJiZHZmdjVPSWVYdUJiRkp2d0J4d2pqTFBDdjRTbE5fTXlENjJiZVNjSFRjX2ZUNE55WGNPMGE5eHlwejhMOWl2S3A5M2dZdHRV?oc=5&hl=en-US&gl=US&ceid=US:en,BBC,-0.7003
Why Canada is mourning the deaths of hundreds of children - BBC,2021-07-15 07:00:00,https://news.google.com/rss/articles/CBMiXkFVX3lxTE5raEtCaWVFZHMydGkzckdlRmdrUXVpVFN5THo4WTcxZ1U5WDNyNzNPeEtaLWFBZ0lKNHZsa3ZYUmdRcnl5LXotRExvbWRyMGZQQ3hEWGtoemY5endOeHfSAWNBVV95cUxOTW9DSGZCMm5IYlllUWp0MFBBbGpHSTREVlppTTU4cExQLTJQRndHUllhVzB2eHlLVVZkR1VhSzNfWFpiZXE0dVA5V2VxbmhyN3ZCZGdmbHBfcWRxN0pTQjhZZ1E?oc=5&hl=en-US&gl=US&ceid=US:en,BBC,-0.4404
Elisa Loncón: From poverty to PhD to writing Chile's constitution - BBC,2021-07-10 07:00:00,https://news.google.com/rss/articles/CBMiY0FVX3lxTE9Hb1JPSEJTTmg3WjZuM2VYTFVkdUhERWxURlRRYVBtRU15YWgtNmZSNlZmbWc5U3NoRVVDRzJFU1RFZ2w2ekVxUnNFOU04ekV1dS1MbjRIWUpDRE5SVjJ2Z0JvVdIBaEFVX3lxTE5JeXhtMDY4NVk3TU9BNEd5bXZvOTdxOFRPNjdia2hmQkFhWjBnUVpIV200dWs1X0JRODhsa2d4NF9ZU0ZMWXNlOVkwY0tfV210SFBKWFNCXy1WUGJzbTRSdGZzT2tnaHVF?oc=5&hl=en-US&gl=US&ceid=US:en,BBC,-0.5106
Cuba protests: Thousands rally against government as economy struggles - BBC,2021-07-12 07:00:00,https://news.google.com/rss/articles/CBMiY0FVX3lxTFBXVVFyWmNSQWljZFRTTm5oMmM4aEFyV1Zqd21kWkpNcnhrT29hdWJWOTh0Q3U0d0t0OWJkMTZQSlFWZllUUHg5dGpheFc0WU1YWW5Yc1g2OEVHS2h5NnRvYjA4TdIBaEFVX3lxTE1EeERQa294NUtibWVPVzZ6NmE0NUUzU19URS1MLVQtdHlrcnhPWjMxbGdGRGdOOW5jbWZIYm14ZjVFaUdDdXFSRF9TZE5ObV83alJOY0U5THkwQkwtWjNfYThYTTlnR3Fl?oc=5&hl=en-US&gl=US&ceid=US:en,BBC,-0.5267
"Trump sues Twitter, Google and Facebook alleging 'censorship' - BBC",2021-07-07 07:00:00,https://news.google.com/rss/articles/CBMiXkFVX3lxTFAwZ3d0NlVQelMtYXZDODZzbjdyVm54a1V2TDMzQ0FlbzB1anJETnhQeDgtTDZqU3FqaV81OXNXekV4M0htZ0RfYndwc2VlanY4NTU0MzhwcG9uYk1meFHSAWNBVV95cUxOWHVxeDk4ZHN6RUt2OGNnSEUyMFVTY2JpQXltZ0huRXVRQ080ODFKZlBmSUQ5MWF5TlFmM0FKemNwclFZS3R0OUlzZl9EemxfVWZDdDBQbjV6VDhlbElmQy1idXM?oc=5&hl=en-US&gl=US&ceid=US:en,BBC,0.0
US-Canada heatwave: Visual guide to the causes - BBC,2021-07-02 07:00:00,https://news.google.com/rss/articles/CBMiXkFVX3lxTE53Smw2Y1VvZ2VGMGRXclRBVU5KZWhoOXY2dU1PNVdnWjlfdFVFdnVoc3B2R1pPYXZwWjJSQ0oydGVDYlVtRFVqd3N0UG11a1lBT254Q3hZZmR5bUwwU3fSAWNBVV95cUxPc1BDV0RCeG50Qk1xbE9Td2RHXzBTa1RJLUpKU0ZfaU5obHJ4ZF8zZ0RicGhhX0RaXzYzUVpkMnJWU2RyaHE2Y3RkTjNjTzcycVBRc29obmZ3alotNmJfTmhyWkE?oc=5&hl=en-US&gl=US&ceid=US:en,BBC,0.0
NewYork-Presbyterian Hospital Named New York’s #1 Best Hospital in U.S. News & World Report’s Best Hospitals - WCM Newsroom,2021-07-27 07:00:00,https://news.google.com/rss/articles/CBMi1AFBVV95cUxNcG5PcmdfZVlUTGxNUjVSZVRmMS02U3hESVJEdzhteTF1bXpGb1pYUjdaNnFMdzd5MTk5c2EtcnAycWdYbWt1Z0k5UVdSNzQzN2NrNXFqR0VYXzBGSG03eTF1M1pNQzlBSkYzSXpPZlA3U285RVhkZU5SUGdzMDdPQWRxOGJaV1VjaTV4cld1UEtpcDdQY1plSVk5UGVvOWpuZVNodHFqOFd2TDNmZ1hRb2N3QVdEbWU1UzZVajRoQUQxR3dZQVFpU0M0SElGWWJsdko5Zg?oc=5&hl=en-US&gl=US&ceid=US:en,WCM Newsroom,0.8555
UC San Diego Health Ranked #1 by U.S. News & World Report in 2021 - UC San Diego Health,2021-07-26 07:00:00,https://news.google.com/rss/articles/CBMivgFBVV95cUxNazdFeG1jSlU0OGg4bFh4MWxSbGNOYkg4T3EyVUhmUTJCSTJXYUFCU3pDOVRRVUdZT3lvbE1qdlhrUDdjNGV2cF9ZcUJKVHlQUzlhMzRCcVFqb0RoNU45WWZ1SllwUHVIWEdQdmxBblJXRmJSOXJIM0o4Q2h2dGx5Z0I0bVhLdkVXOTdCWWlDYV9hMThyNmJFcjVObEVZcmlkQjB5SUFCQXRnM21FQmZXNDc3bmJucVpEeTVPMmdB?oc=5&hl=en-US&gl=US&ceid=US:en,UC San Diego Health,0.0
U.S. News & World Report Ranks Kettering Medical Center Among Best in Dayton Metro Area - Kettering Health,2021-07-27 07:00:00,https://news.google.com/rss/articles/CBMiswFBVV95cUxPT3Q1QzBILUh5aFRsYXlyRHloSjE3ZTdxa1V3clBRRlFRY1BNa0hrX0NTSGwxX1lfNUVSY0dDZTF3YzJwQXY4YmEwc0dvTk53VE1HaFNyT0tVVnZhTG8yZnlfbXhjbGZSdVB2dXRGenZsbzJGbW1jRzFKcVl4STFFZjFKNW9iVnpldzRJQVBNeWE4c3phbml0eXk1WjI3T1F3R2NtbDVTVjRCYzdxWENVUWNVSQ?oc=5&hl=en-US&gl=US&ceid=US:en,Kettering Health,0.6369
Hamas: The Palestinian militant group that rules Gaza - BBC,2021-07-01 07:00:00,https://news.google.com/rss/articles/CBMiYEFVX3lxTE5tN2ZhX04tUEo4ZnVmYW1CaDhfWDVNZ29WaFVUNW9Hdy1sVkVNR01VVkRaRGp4bmZtajM2UjU0Z3VlenVQdzVRd0pjeEdMbDhXVkNYTEpWVkQwN0h4TU02U9IBZkFVX3lxTE9HNnpsMmhNRGIxM3FtMF9ocUhLLVRhNU9ycFpPOGxBQVl4RkJWSWdpcVJPX25ydnpBb1hsZTFWN3BPRnhlcDg0QkI5M2ZTYkpCVXpnbGMxM0xQbFNfYklpYmdnTTh0Zw?oc=5&hl=en-US&gl=US&ceid=US:en,BBC,0.0
U.S. News & World Report Ranks Cleveland Clinic the No. 2 Hospital in United States and No. 1 Hospital for Heart Care - Cleveland Clinic Newsroom,2021-07-27 07:00:00,https://news.google.com/rss/articles/CBMi8gFBVV95cUxOb3JsSU9qUG1rTzJRdW91Rzhqd1BHM2x4MzE3ejhYVzh6Vnc2Ml9xYmR3ZUtFdExRNVBhSGxHRVhJck5xdC04WWQ1QnlmZURBVVhkT0R6RjlERlIxMVRKOWFtV1htSS1yQ1FaSl8yNEY0b2tjUThpV3pvZ3pKNmpuQnVmd2ZrZGh1VVg5UEJSaVljY1NTREpua2xSNEtuZURjaFJrQzV0WEpMVkg5NS1feWw2ektJUWx0WUFSMUtZWXlvbmphaXNmYWRlbGItTV9uWWk3VmduUnhneFhkWWh6STE0TENvLWpiWDJTN081amU5UQ?oc=5&hl=en-US&gl=US&ceid=US:en,Cleveland Clinic Newsroom,0.3818
Five Things to Know about the Informal Economy - International Monetary Fund,2021-07-28 07:00:00,https://news.google.com/rss/articles/CBMipwFBVV95cUxOZW5UYnVZbUQyQXc5d0VlOWV5QUNRVXY1S2Z3MktmeFJnSUlvNlRxTy0yX1lKN1E4WjdYaE5uX2Uza1NrSzJQaG9xeFZEMGl5czhJRXIwMml3aEtUVHFxSHBsXzE3a0R0N3JPbFpiSUhNTUVNRVNnSzd1bkVxUmx4R0pwWWRLbjZtSnNhQ0JDWmZzNVcwdmVMaU1Va21KQTdvb1owMXlVMA?oc=5&hl=en-US&gl=US&ceid=US:en,International Monetary Fund,0.0
Turkey’s withdrawal from the Istanbul Convention rallies the fight for women’s rights across the world - Amnesty International,2021-07-01 07:00:00,https://news.google.com/rss/articles/CBMi5AFBVV95cUxOUWJubU9IeVJRY0F4bEQ4c3I5RXF5eTZCQ0h4QjdkVTViWWRJU3V0cnBtMGZQdTdfWGpGSzk0WnhZTzMtdndVT1FhMkZuZTJCSVNzWG4xeW1MNW1paGdZWmQwTTBnY3owNVk0SElwLUhTZmNWZUtUbm13aENnYkNKWDVISGVrc1Fpd1l0S0tmQUVhajJqdk04bTBiTDNpamxEQlVidkltaEFjQ3dEY1hKeW5XazJDMlU2YVk5UE1BS1gwaFZqZGRMbmVTNFpwaWhhX1VKUUxPM3ZNcUpSN3QyWGNlR3M?oc=5&hl=en-US&gl=US&ceid=US:en,Amnesty International,-0.3612
WHO reports progress in the fight against tobacco epidemic - World Health Organization (WHO),2021-07-27 07:00:00,https://news.google.com/rss/articles/CBMioAFBVV95cUxNd2VBYXFFUE42MGZYUVBmZHM3R2hNM2h4Tm1lT1d5R0p6anVyME82WHl1ZzJpUm1ocm93TE02dTRzMXZoZHNzekNYX2s5Wll1UC1SeUxhT0Q1UnAxdm01QzhTaVNETzNBeGFKM3A0RGduMTRUa1ZfTy1iemctMjlreWNQcG9nNFQxV3JyN0pic2Y1WUlKWGJyRWlnVnB3NXNH?oc=5&hl=en-US&gl=US&ceid=US:en,World Health Organization (WHO),0.0516
New recommendations for screening and treatment to prevent cervical cancer - World Health Organization (WHO),2021-07-06 07:00:00,https://news.google.com/rss/articles/CBMitgFBVV95cUxNVFQwZFd1cnZHNUt0SU5RQk9oZ3JudnkwbUhVS3dvUUhaVzNnTW82dlZDdUVQN2tMN2lhc3pJNFVlSWI5WUJ2dWhnekc1OWpNVTZjY3JFdXlQTURMQVNvQTFCUzV1MXhoSm82ZnRUTVhvZEg1QTFoSWd5Ynp0ajFQMGlLTlA3RkUxcXY1QnZmalJjUl9zWG5KNzVEbWlQMWNNSzZVQmZxZm5ZSVlKUDRpajROd3VtZw?oc=5&hl=en-US&gl=US&ceid=US:en,World Health Organization (WHO),-0.6486
"International Paralympic Committee, World Health Organization sign memorandum of understanding to cooperate in the promotion of diversity and equity in health and sports - World Health Organization (WHO)",2021-07-22 07:00:00,https://news.google.com/rss/articles/CBMiswJBVV95cUxPR2FjbV9naGxkSjd3OHMxTk9XVV9KUFJ4OGdDaEktMHpvVWx6d256SVF1ZkQzSndXelBZX3VHLXRDVE8tUXFJbzI3NzRSZ3d1WE5URklhSjBwMWNTZzJaQjAxNXlscl9rU0lzczFWQ3gwVXZKZ3U4aHNXSzAxb2xOakljWDFzaHB0YWpqR3AyT1F6Z3M0V1NUQzNMVE50UmhZYkZVbFRMRXh3SEpnY19RakJ3al9uSGVsQnk3U1hhTFdCM3c3N0E5TURYRFpMRDl0R3FnVnBzR2N5M3VhbDdodFExZ3N6M3VKcGVkak81cDlUaWFkS1ZjTHBUMkx3c3F1U0ZNMFA3d0dfejVQS2R4ZUQzQzNjMXJUODhLWEVLdUtaVVN1cThDVWcxVXV2eUJ5ZlE0?oc=5&hl=en-US&gl=US&ceid=US:en,World Health Organization (WHO),0.0
China starts construction of demonstration SMR - World Nuclear News,2021-07-13 07:00:00,https://news.google.com/rss/articles/CBMilAFBVV95cUxNM3FNRGVOdkJoaHJHajh6OGxVSG1rWU90TjlVNldHOUZvWXlNREJRSjZTcExQRVpfcVRONC1vTi0wZ1NBeHAtQXNURnI3UnU2R0Y5cEJ1VnF6elpvdDU4X1ZvbWJYOHhOeWtrTlA0aGRZYjBya2ExLUZmV0kzNlV6RVdKRXVMUWp5Z3VNY3hCOW9aNzVC?oc=5&hl=en-US&gl=US&ceid=US:en,World Nuclear News,0.1027
Food systems hold key to ending world hunger - UNEP - UN Environment Programme,2021-07-14 07:00:00,https://news.google.com/rss/articles/CBMijgFBVV95cUxPYjl0S1hFSUkzSHppVUNKcUJWX0ZkNWFtaWpxQTVjdmV2aGRZa1QwMWtmZUZEYzE0d28wcjJFVERLbWdnakd1dTQ5bUZTZnZFZlNjTlpXTEtVUjNGRURhRjh5alJ5Y0FmdS02bUVRUVlNZ2g1S2cybU1OQ21sYWJqbnVDTXhfb0VwRUVQbWxB?oc=5&hl=en-US&gl=US&ceid=US:en,UNEP - UN Environment Programme,-0.25
Vatican unveils official image for X World Meeting of Families - Vatican News,2021-07-29 07:00:00,https://news.google.com/rss/articles/CBMiwAFBVV95cUxNeUFJQ2ZycjJzR1U2RjV0RDlLbnVLQmZYd2hxWkRWQW12cURrSk43X05Sb3Y4YWJvaUQxdzFrYkZSUHpJOUlGOGNUZmNBeldISDJXcllMWVRyQkhaVjY4Rm9VMy1fblRhckROQ052UDhDcEZuT2NEbjRJcWlKVWtCMlJEYmtvUjZRTW9yYkhtcjQxYmU4YURjN1h2cnJoSzBLeG1mUkR6bE1OVklibkhjSVZ5TFNxaVJhQ0h4cU9WMUU?oc=5&hl=en-US&gl=US&ceid=US:en,Vatican News,0.0
Cedars-Sinai Ranked #6 Nationally in U.S. News & World Report - Cedars-Sinai,2021-07-26 07:00:00,https://news.google.com/rss/articles/CBMinAFBVV95cUxOQUl2VE9OTDNRV295WDlJcnpDWU14aUt4d1dyVXFtUGE2Z3pYQWNNMlo5d1dMWmU2WGItSXRsM1hhV2MxcV9ISXN5Zi1UTWh3NjN5MFhkQmh4ZG8zNzJlMTRJQ21QMkJqMnpOZ3BRdUwtXzV2MHdSdGxpbDFjWEtZLVlpUDBLRmxfemppQXNQd180WFFwYXZNX2RueTY?oc=5&hl=en-US&gl=US&ceid=US:en,Cedars-Sinai,0.0
U.S. News & World Report ranks three UCHealth hospitals among best in the state including University of Colorado Hospital at No. 1 - UCHealth,2021-07-26 07:00:00,https://news.google.com/rss/articles/CBMi7wFBVV95cUxORENCRGZGN3ZubzVISDA0dkpfRkJMTHRrbng4MHNmcmhzZmlNZnNqaUtYUG11SHprQ3NKUVpzdWNnYzNzNW9pdGJRZVpQWkFIRDR1ZEw2ZjF3MW1GWk0xX1FwTW1zemEwZmNycDM5RE1zUnpzYXc2OTlDcVp1NEIxbDFfWWpFdVFwa0NEbFZqOGgxYUVTUnN0QTY1SWNMVko1ZVEwMXBOOW5OTXdVcFVGYTVDMmdNWTdHVzZlUDZDTi1MWTNKTWU0U0czc0JjbE56TWd0TDNVLWhOZXh5bEg4bDI0cFRtaUhZaDRWeUtSUQ?oc=5&hl=en-US&gl=US&ceid=US:en,UCHealth,0.4588
EU unveils sweeping climate change plan - BBC,2021-07-14 07:00:00,https://news.google.com/rss/articles/CBMiWkFVX3lxTE40UEhqdmFxbV9QcEY0RWFjQ2NGd2VZQkpTTTZ2c3hrUWlnTEh1UUpOMWNJay1oS24wdXlPenV4MEtMdEtSMjhsanU0ZnZaeXZ0MnBLN1BRQXl0QdIBX0FVX3lxTE82TFZZR2Z3VGtUM1NKVWo3LUxGeUdNS0lSSGtGNXJoM1FNS3hoVWg1WGJuUWhPYm52YzFhRGtkMGExZ2NwaGxPUldCakFFSkpvS3ZfZG40WTZYZHZTU0p3?oc=5&hl=en-US&gl=US&ceid=US:en,BBC,0.0
U.S. News & World Report: What Is POTS? - Cedars-Sinai,2021-07-29 07:00:00,https://news.google.com/rss/articles/CBMifkFVX3lxTFBMb2NVa1dFeGVwUkJXUXExRG5BUEhiWGxYWEtSdThsOFlnYVRobGdUcWsyTlVnNXhUUXZLLTRSYWNpdkFvUnk0WDg5RmlDMUR3SDEySHBjVHpDcU1lVmszbXBZS1A4SjZZbzlEYXVSS2VKVWt2WFpnMkJlNHpEQQ?oc=5&hl=en-US&gl=US&ceid=US:en,Cedars-Sinai,0.0
Four-day week 'an overwhelming success' in Iceland - BBC,2021-07-06 07:00:00,https://news.google.com/rss/articles/CBMiVEFVX3lxTE9rNmJlSkhyNmJ1SjhydnlqV3k4cHg2empEQ3Q0M1dLaW03OFlPSHpQRDRKY0hVdVpBLVg4dTgwMS0xaDdkSUo4NHB2RUtmV1lvU2tzV9IBWkFVX3lxTE9OX0IxLUZXNnBENlRSVUJWckktSk9CRTVYblFPUUtzN3NtMk4tSmlrX1lqcVUwQkNtRGZGbmM4azhkdEVuZWpKdzQxMHdxVEZFN01kcV9qZVEzdw?oc=5&hl=en-US&gl=US&ceid=US:en,BBC,0.5719
Turning crisis into opportunity: World leaders meet at UN to help drive pandemic recovery - UN News,2021-07-05 07:00:00,https://news.google.com/rss/articles/CBMiV0FVX3lxTE5KUmJHYTRScF9qUWpVQmZZN1lJWXlTcmFWVHVoQVNZOF9VYlU5RWJIQktUU0tpMHJUXzdaUDlVX0hndUFpYndxWVI4U09BWDA2ZE1MYzZVZw?oc=5&hl=en-US&gl=US&ceid=US:en,UN News,0.1027
US companies hit by 'colossal' cyber-attack - BBC,2021-07-03 07:00:00,https://news.google.com/rss/articles/CBMiXkFVX3lxTE1mc2tFZ2hCYUpBZGdXZHlVSEFRRGN0LWs4MF9uOGh3VUtiaUdSUndTNFlndVhmenZjczBBUk5XQkNtX0R5VWtrcUtTbl80dGJTOE55ZWkzempJMmM5WXfSAWNBVV95cUxPR2xlNDBVQlhNbTg0bWZUMXk1dGJPNkdzcDlHTDVpaXdqT0FJelpaT05GRnV5NkRSdXJrR2FJZjZRTmhIM2pER1JFeDZsdzBiT2xoQnJlMzRUWlRkWmFQWkFNNGM?oc=5&hl=en-US&gl=US&ceid=US:en,BBC,0.0
Asheville lands at No. 48 on U.S. News and World Report's list of best places to live - WLOS,2021-07-14 07:00:00,https://news.google.com/rss/articles/CBMirgFBVV95cUxPNzYyMmx1aFVMWmVwekhVaTI4Wk9Sc0F2Q0JMR25INHV0VG4xRUgzNlVyRkNEY19MelhrUm5lY1JUR09KRHhSUEZvNEUtZkVWb3RBUTY1dHc3OXJVc2cwNkl0S0dNeVYxTTdLa3BrcjkwdkxoRS1HSThORUkwX3d5LXdWRG8zMF83a0F6MkJuTUViWGxpMFhLLW5jVFh6QzllbVJucUctVThLXzdfV1E?oc=5&hl=en-US&gl=US&ceid=US:en,WLOS,0.4588
"Billions of people will lack access to safe water, sanitation and hygiene in 2030 unless progress quadruples – warn WHO, UNICEF - World Health Organization (WHO)",2021-07-01 07:00:00,https://news.google.com/rss/articles/CBMi9wFBVV95cUxQbGIwVUJtV0gtT2ZqaHUzOUk3YU9TWmgtcmxxSUU2UVA1Z3BvVGhHQm9mQUlXUTNVSEJBNjRWVUt4QkdWZS1GdXp3eC1MSVRRRlVDUjEyQXVPWW1rUDFGT29UeEUwTkhJejBQZnlDOTl6Qmh6ckJUc0ZaYU5wa1pydjFwLVJZcUd6UERjWnV6b2wxeTB2bDJXQVJ0ZlFWc3ZUbE5BR3lrd1k4TmxyeVM4RnlLanpReGxTVXlXOHFyMmxla2JrbExkTWt4M2xudmhHZGRlYXVYSTRXbUhZX0plNmh6Q1prZTc1SnNDRVpiU2ZRZzNRSE1F?oc=5&hl=en-US&gl=US&ceid=US:en,World Health Organization (WHO),0.4588
Statement of the WHO Global Advisory Committee on Vaccine Safety (GACVS) COVID-19 subcommittee on reports of Guillain-Barré Syndrome (GBS) following adenovirus vector COVID-19 vaccines - World Health Organization (WHO),2021-07-26 07:00:00,https://news.google.com/rss/articles/CBMinAFBVV95cUxPdDBTQTZoU3dac2FobWg5aXphRHRNaFJsc182UUFDUEdlSW52cHExOTZpMUN2ZmtFOHNSSmxRZ1dGQm1GOVB3TVJhbktGUGJnWWR2R3dJVjNrOVRETE5SaTFjb1NpbzAtTnZuajVpUVdlMU5jdnQ1enp6R3BudkVRQVdKaURJdjlpVVhydXV3bW54bU9SMDV6MlNCNWw?oc=5&hl=en-US&gl=US&ceid=US:en,World Health Organization (WHO),0.4215
Top US General In Afghanistan Hands Over Command - NDTV,2021-07-12 07:00:00,https://news.google.com/rss/articles/CBMipAFBVV95cUxNQmkwallxVVFvUFNRSXd0Y3FMamFYNmFSM1R2Q2VzcEpmdFN2Z1RSc1lyamFqYndIakJKNkJMSElIU29JSWdvbkJYdVBkZXNWdmJuSUZBTDZLTV9DT0ZlUDMwTlRBS0owS19ZOTg2UHNiNmxPUlBSQmd1cVM0VDNFVE5iMzRXdTQxeG1Od2Z2ckVWZnRrQlBQdEVHa1loc1E1ZkEyaNIBrAFBVV95cUxOZXFYWVRadVZ6SFF2Qmh2NFptV3dQOUhOV0ZFejdjSEY3TUU2NXN1d0RjUFhpbGVWUTRWalo3dUR1MjdjNmlKVVAxemZuSFd6NWlxZm1LM2VaOXNFSG1YdVg4bHVCVGhiYWdBT1NDeTl0VG1sY2tTVmVxSTVtU2ljSGNDVHVKeW9IeTFBZGZYQW4wVk9nRFIxM2tNVUNwU1ZyQmxfMmp6c2F3Z2RX?oc=5&hl=en-US&gl=US&ceid=US:en,NDTV,0.2023
Government attacks on academic freedom are mounting - University World News,2021-07-24 07:00:00,https://news.google.com/rss/articles/CBMid0FVX3lxTFBKSExqU2VtWEtjckswY2RUQ0pWMUNEUV9zUFBBOVFSeGc2X0FQajd4ZDJjTmtmdE9QV0xtTzNubGh6TlY1MmlUY2doWUZJR1hMZDloZXBMZDdZM0pfaUxzbXV0ZDRTQmI5dDZsZ3RYYzdOdGJIdmJB?oc=5&hl=en-US&gl=US&ceid=US:en,University World News,0.3182
Lehigh Valley Hospital Ranks No. 1 in Region and Top Five in PA on U.S. News & World Report Best Hospitals List - Lehigh Valley Health Network,2021-07-27 07:00:00,https://news.google.com/rss/articles/CBMiugFBVV95cUxNYnE3bTJERV9xNFo3N1JVOXFqeEF0ZDdkejlCTUZqZnhEVkVDQ1RJN2xEYml2Z0t4RkVVaWIxYlFwa1V1ekdaZ3pRVXpHRE9rSko3MEZqTFN5am9BTjZxVE9zNXp5Ry1zMjBXR2J4SF8ySUNYTGJjVTAyTEc4UTRDMm5ocEtPSDV3TjZLeTFYNnNKRGtpQ2hkdXg3Zzg1ZTd0N0N1d2N5QVVNSG1LNFJjZzFkRWdYMU1jcmc?oc=5&hl=en-US&gl=US&ceid=US:en,Lehigh Valley Health Network,0.5859
Saint Luke’s recognized on U.S. News and World Report’s 2021-2022 Best Hospitals List - Saint Luke's Health System Kansas City,2021-07-27 07:00:00,https://news.google.com/rss/articles/CBMiugFBVV95cUxPUk9ERW1TaEQ2UHFXZ2lMZVRlajZ1Y3AybGZKYXhMdGZMYUF1dGZNekZESTY2TXBYUW9mRjNUSER2dnRvckZwaFg2Q2lIM3ZyZG5tTVZVbVR2cVJyaTRGSDZwaE04Z0NySXVTazU1QzRXX3JLZzhjbUJOZ2NUWkhYSFlKVDhjRllvY1VhQXhsMTlnRC1YNnhNVktPRjdkTGNuSUNNOEw2OVJDSC1KdXVUMXpCb1VnZWFROHc?oc=5&hl=en-US&gl=US&ceid=US:en,Saint Luke's Health System Kansas City,0.6369
Salonga National Park (Democratic Republic of the Congo) removed from the List of World Heritage in Danger - UNESCO World Heritage Centre,2021-07-19 16:00:26,https://news.google.com/rss/articles/CBMiS0FVX3lxTFBYWHNJajdUR1VOVlZaNTZIZklYUUw5RGxOLWVRVHdXTEduNDNsRnZGY1Y5d0hoTHk1d0NFMzlCbjdXUm5SZk9jNnJwYw?oc=5&hl=en-US&gl=US&ceid=US:en,UNESCO World Heritage Centre,-0.5267
China accused of cyber-attack on Microsoft Exchange servers - BBC,2021-07-19 07:00:00,https://news.google.com/rss/articles/CBMiX0FVX3lxTFAzYXVQOENYR1VhUmxuWjN5Y1ZTdlFqOUJMRGYzYkUxUmU5aEVselI1QzdTNFlxT1JoMkl6V1dBMHVmTk9vdVlWWXZOeFB5VnZaMDVHZ2NUdkVpLVEwRlIw0gFkQVVfeXFMUEV1Ykh4NTcwVTRBZ1N3UFZZNHBRLXlmRTQtanl1Q05mamc4ZTVYTlNZdlNMS2Y1Ulpsa3pGWlEtZHotcW01aEFrYnlGTGt4Y2lDZnhrYWNlOE1Ubkk5Y1REbFQxdQ?oc=5&hl=en-US&gl=US&ceid=US:en,BBC,-0.296
World Zoonosis Day 6 July: Online learning supports governments to operationalize a One Health approach in countries - World Health Organization (WHO),2021-07-07 07:00:00,https://news.google.com/rss/articles/CBMi7AFBVV95cUxPMW96bGlNQ3pULWlxQUtpeDlBMnZBMWsyZ2t3S1EwZnpvcTl6QVpWUVNVNzZsMUdMbDJ1dllHaFRPSzhQR0lRTUdOdlJXMVp4YlpQV0dtMWdmUU50cmhPckhXVGxCZncyU1J5X2lzY3NLLWhBQ2FpUkVlb0JTem1xSUhNWWIzZXpvTms1Ull1MTJHTk84Mi1ZLTVXOHB3Q29CczYyajc2VXRtMHo3V292allKYWk4SkVVU3hhZ2tKREpDNlRZYmpJalNNaFktQ1FGMkZSeXhVQzdONktoYlN3N3pwTW1Id1VCSFNUTA?oc=5&hl=en-US&gl=US&ceid=US:en,World Health Organization (WHO),0.3612
Commentary: Social Media Is a Public Health Crisis - U.S. News & World Report,2021-07-20 07:00:00,https://news.google.com/rss/articles/CBMinwFBVV95cUxNdnBjcUJCR0J1V2Y2VTAyVlNrS0RjbG5naXZGblF6LTh1Vi1OVDlzV0s5UVJhS2hERWx6LUlOMWVndWdpQTJRMnVkYWY1MVZtWVZ6VExmYnNtekFzVFBOdTdSMVZiQkNfWHJZRS1vZ1lTbDlMZmROTmF1MW5OM1VkME1kbmlXNWJMbmwyZU5adGlZR1ZKdHFpRVMwTEtUUDA?oc=5&hl=en-US&gl=US&ceid=US:en,U.S. News & World Report,-0.6249
River Nile dam: Why Ethiopia can't stop it being filled - BBC,2021-07-07 07:00:00,https://news.google.com/rss/articles/CBMiWkFVX3lxTE1RN3FkUzZxOFBiVnExeUlJZXhLWm1GaUc5S3J0a1dGNGNnaERwSEZWbjVwRkQwVWZmdGtRWnc3ZEJYS1dpQUdsdVU4ZnBFVWhxRGNOY0V1STd3Z9IBX0FVX3lxTE84RXNYS0p3S2hZbGxscloyNkdtQ2FhUmlmN1p4ZUVHZlhoTkpfajJZWFVPclBTeFA5UEc4alo2S2hVTVc2cFdjbm4yUnRYT0Z5THhYY2MtUTZRQVdNZ2lz?oc=5&hl=en-US&gl=US&ceid=US:en,BBC,0.2235
"US left Bagram Airbase at night with no notice, Afghan commander says - BBC",2021-07-06 07:00:00,https://news.google.com/rss/articles/CBMiV0FVX3lxTFBrWmgyczdvT0VTcThYdjBmYl9SbkNuOU02bG5VSUNaNGt6S3k4LVhPZTRlMzRTRzQ4MFhkWUF1cUJfOS1ib3Zmd0lNY21UcGx2YzBfdjA2c9IBXEFVX3lxTE8wS2w3YkpSSkRjeFBLTWhEd1VKakpMM2RYd0Z1am1sUzRmWGp5ZklFOV9mSk9XdmJxN3R4cENRWTQ5YmhYbzVaRXZjbTRPZk5Tcl9ScmhMaVg0VUFK?oc=5&hl=en-US&gl=US&ceid=US:en,BBC,-0.296
WHO pledges extensive commitments towards women’s empowerment and health - World Health Organization (WHO),2021-07-05 07:00:00,https://news.google.com/rss/articles/CBMiswFBVV95cUxQZ1VrNVRyNC1RampZdkstRjN0b3c0OTZoM3Jibl92eDQzdkRQYXZ1Q3hXOVZFUUpIWHZSMFdvVFJFN1hrQmpWQU9HMUs2bG9hQVREcmFsVnFMVm9pYnd2clJmWUtoV0l0bGxVUzFMNktvWGVfckJGR1N4RTFYRnF4QWU5WS1xcEJ3X0F1Q05IR0R5ZW14Z2o1ZGVmUWdHZG13SVdTdWtrZDNKaVBGaDJ5T2VEdw?oc=5&hl=en-US&gl=US&ceid=US:en,World Health Organization (WHO),0.128
Ever Given: Ship that blocked Suez Canal sets sail after deal signed - BBC,2021-07-07 07:00:00,https://news.google.com/rss/articles/CBMiYEFVX3lxTE9zUndxQ1NDNC1NM2gxNUp1UzcxdG5wT1A2aS01czlQRUdtRkJPejNob01xSXNiR0h2NXpIWEIyQWRMX19MeW5fdF9xcGFnRUpwOHJ2UnVKRThhck9TcDA5NNIBZkFVX3lxTFBoOEhERDJyWmlBNDNfeF81U3BhOW5HMUZoR3BxRUVaczlxblEyUlJQM0k5ZV82Qnk2THZYZlBhTkoyMTRsci1YalZ5SjBHb05tTWltV3JaeHFjMlJ5WUVKdWtENHJ3Zw?oc=5&hl=en-US&gl=US&ceid=US:en,BBC,-0.2732
Namibian teens vow to fight Olympics testosterone ban - BBC,2021-07-07 07:00:00,https://news.google.com/rss/articles/CBMiWkFVX3lxTE41c29QRFh6RDVXMGtyamhpandQZGVVZUdnUk5RSVp6aGNJU0tOQlRId1BCV3BsVzZZb2RaZ0xrd3Fodldic2ZQMEd0MVEyVDVmMFU0aHU2YmFqUdIBX0FVX3lxTE9RMk1FbVZaVmJhMkg4TU56UFBESEhMN1pCTEpySmVxMi1tTGF2dC1JSk1FVWphUUhnRDJ5TWZKdFY1Vmh4aWVyTlpXdjFlUEFyOEV4UHhjLVdFUENiZFZR?oc=5&hl=en-US&gl=US&ceid=US:en,BBC,-0.7351
UT Austin Mourns Death of World-Renowned Physicist Steven Weinberg - UT News,2021-07-24 07:00:00,https://news.google.com/rss/articles/CBMipAFBVV95cUxNbXFxdG9hekQtZTRROWpXWjZ4THIzS19OTUJTZmsyUE1RTTBJOHpwSWg1cnNZRlVVejluMUZwSDhUWk1YTWxRYVY4azlvY0JRNXgzVHo4NWpvcnRNbDlkMkFwcWVBcTBDNE5BZlBnbERQV0tRaHRNUURCdXV0X2ZlQTZGQTJtcU8xMTNzVVZCRlluTnR4VUFVSkM0akZtVENwRURfVg?oc=5&hl=en-US&gl=US&ceid=US:en,UT News,-0.8074
Four natural and three cultural sites added to UNESCO’s World Heritage List - UNESCO World Heritage Centre,2021-07-26 07:00:00,https://news.google.com/rss/articles/CBMiS0FVX3lxTFBGNXZ1bGVIc2l2ZjJ5UFgyaUJ2VHZ6QVhqbEtUQWloZm1yQ0VoNG5aTHlqREZDUlVIY1VjQml6LUZZc09VWWI4bkVFVQ?oc=5&hl=en-US&gl=US&ceid=US:en,UNESCO World Heritage Centre,0.3612
"U.S. News & World Report names Fayetteville, Arkansas 4th best place to live in the country - KHBS",2021-07-13 07:00:00,https://news.google.com/rss/articles/CBMihwFBVV95cUxNQTBHNEFZNzBFWVVUYlg4TjgwdDZ2bHEwZk1INGJSQ0ZQa21keXRTb1N1S0d3a3IwN04wNVhJbGRZazZ4VWVrX3hUTFNDRFo1bW1qT1JPZ0pTRElfNHhScW9RMnVvZzlwTm1vVnF3QmU3Nmc4Q2xCeVJMa3FhYVR6cTdDZkRzRjg?oc=5&hl=en-US&gl=US&ceid=US:en,KHBS,0.6369
"ASU Prep network expands reach locally, around the world - ASU News",2021-07-30 07:00:00,https://news.google.com/rss/articles/CBMinAFBVV95cUxNZ0dnbHM4aGt1cXZMN2szNGRDZmF6bm9MbWFXWllvSjEwQ0tVdFpmQWg4R3JldEwxeEhEY0tPWHlMeHhPREctX0U2cllwQy1xa2tXTy1uR2xQOUF0eVh5VVJ6SmVZeDlwQ3ZldGpWSDdqUmNUWTlNdG91UWhxVFA5N3FNSjZWUGttakdDOHVKMVlKZW5MaXM0ZVhKcno?oc=5&hl=en-US&gl=US&ceid=US:en,ASU News,0.128
Mayo Clinic No. 1 in Phoenix and Arizona on U.S. News & World Report's 'Best Hospitals' rankings - Mayo Clinic News Network,2021-07-27 07:00:00,https://news.google.com/rss/articles/CBMi1wFBVV95cUxQU2NtMkdpRW1mR21MbFJOblRadDJDZU5WbThwWG9jTTdDelhSejc3ejB5ekRia3dwUGlyTU1WT3EtbFJteF9xcmhuUEY5S1B3eDdsbnk5OFBNVVNzRjZZR3JTTDlSMi1yMFppdXRRZWV6dThZSnB2cmluZGxRT2ZqdUlzZkd3Ykw3LVA5d0ZTal9mSU95NWdVQTJIbV9RSDByZzE1b3BEdTBkWG9kcE91RlNHbzY1bVFLNFJtemIwTjJWc2Vfckp2bmVmUmxBWmpVN2NJdHRDZw?oc=5&hl=en-US&gl=US&ceid=US:en,Mayo Clinic News Network,0.4588
"NORAD, USNORTHCOM lead 3rd Global Information Dominance Experiment > Air Force > Article Display - af.mil",2021-07-22 07:00:00,https://news.google.com/rss/articles/CBMivwFBVV95cUxQQkVVU0VyV0RhSkppUllodTRyWm9Ud1pvTzM4MkNQRm1zQnY0Um9VaElQelVfSk9qZldnQVZacWExcDVKY3JUTzFEV1RNRVRjY2JMV1BNaGE1cTNqSGRCR3Q2Q0Q5RHBINVRuVDZORzVrRlpFNWxuLXNjYXh3SXdEaTZZSEY5ekJUa2RyWWtfejg2ZVRIZGl1bExCU0h4QXB2dXRfbEticFdoTC1SVnZ6LXhzUG13QjNDRTlLTGNzQQ?oc=5&hl=en-US&gl=US&ceid=US:en,af.mil,0.2023
CCP 100: Xi warns China will not be 'oppressed' in anniversary speech - BBC,2021-07-01 07:00:00,https://news.google.com/rss/articles/CBMiX0FVX3lxTE1LSDlIeFIwaFdLazNsNFhmQU1nRVU1Y0RsVVZrNHVQMTFWNmplNlJDcmV5cmxlSDB6QWRHYzdFRzRfd1VvcGRaZTZMR2pFa3UwWmNOSkJxTHRSM0JrZHE00gFkQVVfeXFMUE5DaHlYanVzbzdxclpMelBGSDFRUGF3ai1HZFZVR1pwckN6aXhIYTBJVlg1bmVBTnFxMUs5alZKZFVhbF9LdldWR2tHQVhvMXhIcU5pclRGQmI0SWcxT2tMNzJjMQ?oc=5&hl=en-US&gl=US&ceid=US:en,BBC,-0.1027
MD Anderson again ranks No. 1 in cancer by U.S. News & World Report - MD Anderson Cancer Center,2021-07-26 07:00:00,https://news.google.com/rss/articles/CBMixwFBVV95cUxPQ29VbGlWMExqallmSld0QW9PcXVnWDVobFotRzhSQXdCczFRMmF0SktGd1NhQld0Z2p6b295cUtfbTNLU2NGaDVoeDBVWTlhOWJybk5QVTVJOFQxRlZVUFd1T3h4SmVBYUdjdUt4ME5yVjZqYkNmVVZ1M05lSTgwMUw3ZllJalNLVm96aXRvYkt0d1dXYXd5WVJ3Xy1YWEczenkya09MSW94MGd5WTlsSFlvTDdPcVhYY2ZKbnZvdzFyS2czNVhv?oc=5&hl=en-US&gl=US&ceid=US:en,MD Anderson Cancer Center,-0.9001
Coronavirus in Africa: Concern grows over third wave of infections - BBC,2021-07-16 07:00:00,https://news.google.com/rss/articles/CBMiWkFVX3lxTE04cTFxM3hhYW9nbkdCd0xzaFZDeVNLZGJTcUROWHludS1Eemd4N190aTJ2bEczS0c2NVdkRE5zb3NBTmRXVGJLbWlreTRSX2RGLVNoNGZ4S3N0QQ?oc=5&hl=en-US&gl=US&ceid=US:en,BBC,0.0
Oklo to power bitcoin mining machines - World Nuclear News,2021-07-15 07:00:00,https://news.google.com/rss/articles/CBMiiAFBVV95cUxNZGw0RmtrZlU2SWxTb1pobWVNV2JKcUNjV3lnLTA3Y2k0Ym1kNExqS3VCeWJHRDc0dlBab0Q4anVJZVhwZUFwekVjT0RtUFBpT1lJMjVOTmJGSjg0dlF1cGZKaW5TZ2hrN193OGl6aHFoNWdyTFRPVkdmMVp0LVdtMHdwMWNnc0hS?oc=5&hl=en-US&gl=US&ceid=US:en,World Nuclear News,0.0
Uttar Pradesh bill: The myth of India's population explosion - BBC,2021-07-12 07:00:00,https://news.google.com/rss/articles/CBMiX0FVX3lxTE11RW84a1ZTOFFRZHpjRDRJSW1xOWdxYUg1WlVIZEotSE9JQk5INXRDMlZhVlZWc1A4VkppbTVHaG1PMkkxd3BldGJ4YlRodkZ2aFpLVHZxRGZrZDhpdGNV0gFkQVVfeXFMTUNycUdhd0JlMi1OOE5VMzBuZV9TVGJPR2gtRnRZOXJGMFBhcVhaUHhGanlmUWtXX2pLYTlXUG12MUppM1dGaFFya3JmUy1DRmlqZi11NTYzU3BXRjVHZ1hxbnViMw?oc=5&hl=en-US&gl=US&ceid=US:en,BBC,0.0
BWRX-300 deployment and commercialisation MoU signed - World Nuclear News,2021-07-07 07:00:00,https://news.google.com/rss/articles/CBMimgFBVV95cUxNREtUN21Ga3IzTjlhMHFSSk1XQ0E2azBKWnlqVjdORWNzRGZxMUdHVU42UjhQQklUX1hUZEo5NU9GdUg1bUFUUjVacS1oeU9HdUJLa05HRkJXdWcwR2xYLVJlQndObHhUMVpIY19jcVJQSHdIRk1FalN3b19kSHg2MEJXeUtXdUFxcDFFclpyRFVXbVhhZFl2MVdR?oc=5&hl=en-US&gl=US&ceid=US:en,World Nuclear News,0.0
Covid passports: How do they work around the world? - BBC,2021-07-26 07:00:00,https://news.google.com/rss/articles/CBMiWkFVX3lxTE82NWVhbFk3djJBOXY0TVZrQVpSVGVFcEhQcVZkVnFKNGN4WGZhUFBIR2ZyZ1lScGlpYkRXYVFiSEJybFVPMkZYand5eEZEVFBHYmZkd3hFZXRJd9IBX0FVX3lxTE9vcGVFa0RmOGhwMUFPS2lPc19pcEpCQWMwWUxyUWxfX3RDd1pMNW9JdmpzZ29UMlJKTHUwUEc2X1VQRTZBM3haTnZOZVNNSUEtZWlSX3BjeHgxdWZIc25r?oc=5&hl=en-US&gl=US&ceid=US:en,BBC,0.0
NewYork-Presbyterian Hospital Named New York’s #1 Best Hospital in U.S. News & World Report’s Best Hospitals - NewYork-Presbyterian,2021-07-27 07:00:00,https://news.google.com/rss/articles/CBMijgFBVV95cUxPMEh6TFFWMDRkaThNbW9CQ0I3OGFSeVNYS2tFUlZybTh1eDgzaHJsaDJxSHNGYm1salhibEZZWWRKSmlkT0RaUkhkTVJkTzloRjFmaFVKaWNKTFpWaV9tTHdlLWhZVVlZZWgwVEVYc0xBeEt0WnhqQWRHcmRKUEs3cGZzYkgzZ3p0MXNRNzNB?oc=5&hl=en-US&gl=US&ceid=US:en,NewYork-Presbyterian,0.8555
Why is it so hot in the city? - Northeastern Global News,2021-07-01 07:00:00,https://news.google.com/rss/articles/CBMiekFVX3lxTE02U1hOLVpQYWFOZW9hSHA2Z3YtTjZoNGxuZGxkYVZtZVV6c2VyekE4ODlxUzJ4MlM4UW9wRkNDSEFJSmVqRl96OURhNUF6N2FNaXVCT25oOXdGVW1NcWxRWWlUYi1uXzBTNVVxT2JreG5KMlhVWXV1RkVn?oc=5&hl=en-US&gl=US&ceid=US:en,Northeastern Global News,0.0
A practical approach for universities to contribute to SDGs - University World News,2021-07-01 07:00:00,https://news.google.com/rss/articles/CBMid0FVX3lxTE1CbFdtYVpEX0JJUWpwM0haaENhd3lMSkZZN2tDUTBid0NRUnlDeFMzSWlGMjItT2pvTHhFdGVydm13M2hkcDQyTG9fNkNLTFQwbC1XZnNBNFlPTzhDYXlYYVd6TWRNelIyNkswUFA0LWVKejNyTHVn?oc=5&hl=en-US&gl=US&ceid=US:en,University World News,0.0
Main Attraction: Scientists Create World’s Thinnest Magnet - Berkeley Lab News Center (.gov),2021-07-20 07:00:00,https://news.google.com/rss/articles/CBMibkFVX3lxTE9zVTNlNUgwQ0JZTEpMOXk2dEU2NENFREhkZjQxaTRYdTNkTWJCWkZWRG9tZnZ6aDBocjJZT0hfWFBpbFQ4UmZwNkY1VE45Y1FMQWlhQnk0N01hT0p3OWdtaU9mZTZmb05pUlMtc0tn?oc=5&hl=en-US&gl=US&ceid=US:en,Berkeley Lab News Center (.gov),0.6249
"'We're human, too': Simone Biles highlights importance of mental health in Olympics withdrawal - NBC News",2021-07-28 07:00:00,https://news.google.com/rss/articles/CBMisAFBVV95cUxQR1RpRElYSFhOTEdCbEp1QmZHVjFTMjJjbHdFZ0g2Y2lVQnVCZHpxd09QT3hoNTVzc3gyNXBwVXl1cEdsT29ma1Z0NzNyVWczdTlIZlo3eXo1SVB2SGtJTUlsWnZyYS1BRnRsaVRPTm15UDVuX2VJaHBFV1EwV0lLaW1VZWdlelk5QVFTT3VWZUhBbnBha1JsV1BLeU5HajJGeVpldG8ySjZhclUtSDBwUdIBV0FVX3lxTE9XUGlyajdVMkxSc3ZkbFJzSE5rbGt3MnZ3U2FEb2FSaVVQZG5zZFQxMlJXdlZhVE1adkxoWUVHSXVfUnl6V052T3I0OUQteFpDSld1OXRodw?oc=5&hl=en-US&gl=US&ceid=US:en,NBC News,0.3818
"In Trump's world, only his speech is free - NBC News",2021-07-07 07:00:00,https://news.google.com/rss/articles/CBMilAFBVV95cUxQVHNsNEhXTzRJNUtURUNPYkgxTS16R3BGTmdlR1BhbjFXeFM1SGg1eHU1dzNBQ2U0dDJ6blR6Wld2c2pPWU9vd3JuVXJJekdJZGY1NkpUcXM4OFg2MFJxTWljZGNLUGtIcWxNS040S3dhWEc1UW01Q1B4VWpNcV9RMk1pMTQyaC1ya3dGd044MHpmNXdQ0gFXQVVfeXFMTmZYWm1tWjkxWGhVc09yLTBRSzEtRExKcnNGRTVLWW9JbDg4dUJ1VnEza3o5akJaei1vS2g0TnlxdUxramZLdkxGRDZaX3IwRkdPWk1keTFn?oc=5&hl=en-US&gl=US&ceid=US:en,NBC News,0.5106
UNESCO's World Heritage Sites: Protecting the world's treasures - CBS News,2021-07-18 07:00:00,https://news.google.com/rss/articles/CBMikwFBVV95cUxQZlBJQ1BIUjlCZUdUMFlpUHVVRmJzZUx1TU00eGZOTEg3M29qbjBPNl9LdFNsZktQS0tSMDVxVlRobTl5SHI2VEE4bjBUaVFaS3JYdHNHeEFSLU91S0RwWmc4UXAzQnVlZHJjZmxSUk91S1NXbkdmQjk4YnQ4U0IzLXpvWUFBOWVHRGp5Ui1CM1V1dk3SAZgBQVVfeXFMT0V1blcwdU4wZXc1Y2tBY2R5UzVQakRmaUtTZGQ0OWlKbU5XSmxxd3ctM052czNLMEVHV1I4MEtHZ1J5TXdmdVV0cG1lY2VrWU5WWm1FU0dqNThOWDFJbldiUmNIYVR4QXZpcEd1TlRwcXNCZk5MQ2dXbVI2dzBvdkd3czN0V1RYVnVCN2J5SWZpbG1pUktWVjk?oc=5&hl=en-US&gl=US&ceid=US:en,CBS News,0.4215
Canada Lytton: Heatwave record village overwhelmingly burned in wildfire - BBC,2021-07-01 07:00:00,https://news.google.com/rss/articles/CBMiXkFVX3lxTE1iclZhY0o0NWVLX3dLM2xIMjFtQjFjbmctTHh2S0VhVDFkS3Y4cDBnSGh5cUYtWG9wZGxiaVR3dU8xa3cwTm1mU0VBWVlPbXZ5THBMbEtRQ2RaOTVyNkHSAWNBVV95cUxObFZFZTVUcXBkMjgwZVlkUjg3LTBQckZpUmhIS00xRjg0UFlPdTVFdXN6ZXpWazNfWXRQT2RUcFFYNmpiM2dEczA0MThoTzFHczVISEJqcjZYeld1cWRDUk1YQzg?oc=5&hl=en-US&gl=US&ceid=US:en,BBC,-0.128
MSOE Raider Robotics named world champions - Milwaukee School of Engineering,2021-07-23 07:00:00,https://news.google.com/rss/articles/CBMikgFBVV95cUxPUXQ4V0toNThVZGdZcnlRNll0a3BRUXRnMklUVXAxc01ETzJndnVTUnd6LTlUQXBOWDhmNXp5dG5yM1d6Ym9XeUhSZW5nMVdPb3k0QnJtcEt1Q0FZY0hhY19Kbjg5WVNQLXVqc0xWVXhUWnBUdm9VSC1lYU51M1pZc0lUb0MxRUdJcGlCTVlvYncwZw?oc=5&hl=en-US&gl=US&ceid=US:en,Milwaukee School of Engineering,0.5267
NRC pauses preparation for 40-year licence renewals - World Nuclear News,2021-07-02 07:00:00,https://news.google.com/rss/articles/CBMilAFBVV95cUxNOG83SElfWG0ydkhlX2pzQ2ttQkVEbl8xeW9KUzNpdVNydm45aUhicHRSbmNoV2UxVU9IdVZ4VFlHMXMxcXhKU2UzNnZjTm9NVklNRG4xeVp6RzkwMW1BYUE2cHhhb05rVnhNSmhwRldzcU54U05yZDNwVzFZN0o4T29veWU3b01IQkZ3NHFnc0J4VXpk?oc=5&hl=en-US&gl=US&ceid=US:en,World Nuclear News,0.0
The unifying power of the Olympic Games to bring the world together in peaceful competition - Olympics.com,2021-07-07 07:00:00,https://news.google.com/rss/articles/CBMivgFBVV95cUxPSVNHNzJ1dS1DNzE4WUVFbEJoaTJEMHJNbl84TVI2SllYUnBZUmdsRkcySW96bjdMcVlfaF84OVFzWElEbUpsWjJJQ0JpYVl6NnhXYUZQN0tzNXpZOHc1X0xPZXpTYzMyZDNreEo5R05MRWRkY1Fxa0xtSkFBNXZZZS1Sd0c0U0tKTUdENFRXVkR6cnk5RDlHUXd6TmtMTi1lWG1TSHAwQnF2RGo5RlI3eUhuSmo4VTA4cmhhOG5B?oc=5&hl=en-US&gl=US&ceid=US:en,Olympics.com,0.4939
Victoria’s Secret inclusive rebranding faces body-image backlash - Northeastern Global News,2021-07-02 07:00:00,https://news.google.com/rss/articles/CBMiqAFBVV95cUxOVDJybmRzb2ZiVkkyTGFJZjlIRHFQb0IzaWd0Y3lYcUJ3MDhKNUg4YTdnSmh2dzBWamFGd2NpQTNOTmNsXzlmZ1hqRWltM01iRmNTcnFkaG9CYmlGcVVMSFVrNmdwc2RUNnQwQkRJQURvcFRPMm1iQjV0aVBTQzlZTjdHMVh2Q3pUNDNmZWkzbDBCREhvZmcyeG5BRGdXcUNVZ1ZYWGJfSng?oc=5&hl=en-US&gl=US&ceid=US:en,Northeastern Global News,0.0
World Heritage Committee inscribes four cultural and one natural site on UNESCO’s World Heritage List - UNESCO World Heritage Centre,2021-07-28 07:00:00,https://news.google.com/rss/articles/CBMiS0FVX3lxTE1feU1vOHNhbTdJcXk2SDkyYWs1SmRlMjB5NnM0YjI0N1V1NzREbWhvS3ZDbTZUYjVfbzBETmFibG0tbXlWV0JRWWRKWQ?oc=5&hl=en-US&gl=US&ceid=US:en,UNESCO World Heritage Centre,0.3612
World Youth Skills Day: Fighting child labour in Cambodia - UN News,2021-07-15 07:00:00,https://news.google.com/rss/articles/CBMiV0FVX3lxTE41Qk9XY05wOTYzejJxOEdZNE1KNW14RXhHSk9TVktPOS1QcVpMdHh5RGkyV0JRVktwZ3ZyaGt5ckZPZUx6czhIV25LOU8xYWpLYW1pTUF3dw?oc=5&hl=en-US&gl=US&ceid=US:en,UN News,-0.3612
“Hepatitis can’t wait” - WHO commemorates World Hepatitis Day 2021 - World Health Organization (WHO),2021-07-28 07:00:00,https://news.google.com/rss/articles/CBMiqAFBVV95cUxPaXhnU0lpUXkwanhvZHFKcjlCdHFyX1R2Y1g2RUR3cXBGdkVicjZFaGhFRWhkckdkSm5DQUJWVVZ4MzhjRmVXSWphNWdnblRYcEJ2VFZWWEtCbXpwT3ZpeXNnRmkzTjVuVzVVSzJUNGhxTzJBYXo3WkRtcGI0ektPVXgyeUJ0V1RoclA5WUhTMDFDTlB6anEybFNhWGUyZE9PZXkzdjNudVo?oc=5&hl=en-US&gl=US&ceid=US:en,World Health Organization (WHO),0.0
New study highlights unacceptably high global prevalence of syphilis among men who have sex with men - World Health Organization (WHO),2021-07-09 07:00:00,https://news.google.com/rss/articles/CBMi2AFBVV95cUxQYTNzVnFYTWQ1YnZDU1lwSGd5MGh1SHc0a3pJNWlzTld6b1BZRmZmSVRPRG1Ydjk2MzFMVHA5QnRPcGt0cHI3TUVFMDlrRFRLNTVmRFRDcDBDWkZSV1VIbjhOX3gzUkRsRXZrbi1KaUFTTTgzQ1V1S1QyYkIyeXJGdTBQRUl2Z29TQ2pZWWVQcU5rRDNRVEtKX19zVUUyTEpSVjBVMlRQVUw0aDNYaWNkMWVJY1I2TUFYMWhQam1nN29Pd0dTMkdRQzdZUE9yTE9jYkhta3RZYlg?oc=5&hl=en-US&gl=US&ceid=US:en,World Health Organization (WHO),0.0
World reacts to ‘horrific’ assassination of Haiti’s president - Al Jazeera,2021-07-07 07:00:00,https://news.google.com/rss/articles/CBMinwFBVV95cUxNZ3BJRjctMkhranFZY1pvd0pleERSZWVDbWhETm4tMFJKRjM1bmFKZ0xfclhzZ3pQTkdNaE1GZE5yWjBQdFk4d2swSjE2dVNJUjBGdnRrOUFPRUVvelY5UGdrdjJCeDhSbFFkRGxuZlQtcFg3b2w4TVZ2RFRWZ0RIekxpamotY1hZSy1Ub1cyMkpkTkhkc3ZBbXY3NGx5eWfSAaQBQVVfeXFMTlVMbXBIendodndocVdueDNHX2lheUdCOGpINlc3bTFyT3VyRGRJYzZ0YmFRX1o4d2c3WWpNd1ZhNHJ1ODRWbE1lMTdtdTZTVmJNX2NlcDZ0UE53d1A4U1VqcUNFOGRUcUlUWnhHaWRxS2h6VEo4QVJuRTZLZmw1a0Z4b2xYQzBEbktOYnBLTU5rSXcxR2p2eGY4bUktdkN2T0FUREM?oc=5&hl=en-US&gl=US&ceid=US:en,Al Jazeera,-0.5994
Southeast Asia battles world’s highest Covid-19 deaths - Vatican News,2021-08-18 07:00:00,https://news.google.com/rss/articles/CBMiswFBVV95cUxNZ2sycWdzZ1FWRWtOQzc5bERWbzBiRU1ZM1FJNDY2UV93U0VYTVpLYmI1TnVyc215ZEJtZ1JMZFJVVzJmckNCWWZhdFA0UjNTeDJ6eGdyNklrWmlnWUY2alFGZkhmUlBJWFpNUWZYdGlpd0ttOGFQTnB6Y2xzTXZMUHYxN3Q2WmRRRzhWejZGZFI5RWVOVTJzYS1Ybkk5aEVycVF1UnZldHQzWmx1blY3OEplMA?oc=5&hl=en-US&gl=US&ceid=US:en,Vatican News,-0.3818
Methane emissions are driving climate change. Here’s how to reduce them. - UNEP - UN Environment Programme,2021-08-20 07:00:00,https://news.google.com/rss/articles/CBMirwFBVV95cUxQaktvbnppc09BUHlQT0liQWZ6cHdlSGdlOFdsVE9KTkxNc3hUYnhVTlZGdnVFQUI4bDNYVG1HUVNHQ1NNaXljb29adHJjRUpheWJscEFONDBiSGRLTU8yTGVrMjRMeHBIZXF0T2pKTjlQR2Fxa1lBNHFlTWFNUlpUZVRJYXc4Ukg3d1VSN05kRmFzNU4wN1hzNHVtRnNCV1dCMEk5RXRUTkRQdHB0NzZ3?oc=5&hl=en-US&gl=US&ceid=US:en,UNEP - UN Environment Programme,0.0
More than 700 million people with untreated hypertension - World Health Organization (WHO),2021-08-25 07:00:00,https://news.google.com/rss/articles/CBMingFBVV95cUxNQ1hxOV9xcVR6OTFJWjNEOFJwb2xYYkF2NklQdnpMdmVhd214dWNSZnNNMEo4dDRLYjlCcldEaWs1VVp4VVpVa29EVG1sN3UwdVNla3BxQ29IU2xxUVFBczZodmhocUhHM3FncXJ4by1qMlVlNUhEM05JUl9zcHZRYUtIOXNGWVFIYTdmazhkQzRIVzBfaW1na2lBQUJFZw?oc=5&hl=en-US&gl=US&ceid=US:en,World Health Organization (WHO),0.0
How the Taliban stormed across Afghanistan in 10 days - BBC,2021-08-16 07:00:00,https://news.google.com/rss/articles/CBMiUEFVX3lxTE5QSTlaOHBHRlJiTHg2VG9sRXlOUlgxTTR2XzlybmZpVDcxRWVuWTM0WnRMZ05UV0JHR2xFWkQ2VjBMdTdGVGpMMHpaemNZd0RL0gFWQVVfeXFMT3BseVQ5bnp1TFB5UmhVUWhVUW5ERldvbVdGLWpZQ1V0ZXVsa3FSZko0aWg2eWtkcTY5cC1tTS1YenZTaU1BTEkwRVZCS2w5ZnlwQlMtaHc?oc=5&hl=en-US&gl=US&ceid=US:en,BBC,0.0
"Weather-related disasters increase over past 50 years, causing more damage but fewer deaths - World Meteorological Organization WMO",2021-08-31 07:00:00,https://news.google.com/rss/articles/CBMiswFBVV95cUxPYmpBZEluUk1nX1l1cUxhWmd5MHRXeVh6aWNWdWlqYUxHb0JmWmczZFFhaWlpb214RTRvWGVpVnpjTXBrVVJQREdGRDVhcWJfUTgzV3dNVWR3WlNjaHRaMHBlQUs4OUdQYjBZTlRBcUZzcFdUSThpQzNQNjJnUjFYazNVdzZQQkxjRGxpS1FFdlliNHNNTFl2UUkwcS1lOHh1TlRmVTJTTFVNSWY0cXBRZUtHWQ?oc=5&hl=en-US&gl=US&ceid=US:en,World Meteorological Organization WMO,-0.4398
Q&A: Core Power Chairman and CEO Mikal Bøe - World Nuclear News,2021-08-04 07:00:00,https://news.google.com/rss/articles/CBMilAFBVV95cUxORzB3T0g1NVNMeWI1RTdma2E5YkFwY1dxX3lPWl9wZS1yTzFoTTU1OThUNTNraEJoU2NYU2I1eU03X3BYcUZ1c19LbE05THJFOHY3X19JeUR5aGRBRmFnWU84SnFSbjJKZG1Id2dsSkMzeXRYMkpKZFhNa2pZcUJ0Qnp4dThQV2xNNEdLVmVGSnlPYWdC?oc=5&hl=en-US&gl=US&ceid=US:en,World Nuclear News,0.0
Statistics Say Large Pandemics Are More Likely Than We Thought - Duke Global Health Institute,2021-08-23 07:00:00,https://news.google.com/rss/articles/CBMilwFBVV95cUxNMzdKSXptX1Nua21kM01TTnBFLWVKY0RSc0N6WDlXZjlzWFRSdUdiejF3ZExPSWJfd0NPeXVXdVN4cTlrdE5VRnBTcmk3NERUVGp6LVFYTmZXV0dTOXNld2JlR2l2LWxhZTB0R2d5cVFYZkRqSnluMTZaNTl5N05IWkktYS05RVRiVnVXYUxDM0ZENHR6VWlR?oc=5&hl=en-US&gl=US&ceid=US:en,Duke Global Health Institute,0.0
"As the Taliban advances, students fear for their lives and higher education - University World News",2021-08-13 07:00:00,https://news.google.com/rss/articles/CBMidkFVX3lxTE83VDdiYzhDc1ZUUjh3ZzJKcnVlTzZTTXl2U3E4ekdYZ1V0UDJxckloRHdUMXhlNXN6LUJsZVJDajVERkZudnRPNUlUUmppSDVFa3Y4U29sRGJ2R3FVdXk3WURqckpXZ1dUYTBHMk96VERhbHFXd3c?oc=5&hl=en-US&gl=US&ceid=US:en,University World News,-0.4939
‘World News Tonight With David Muir’ Is #1 Program on All of Broadcast and Cable TV - dgepress.com,2021-08-31 07:00:00,https://news.google.com/rss/articles/CBMiwAFBVV95cUxPR2Y2amNjX3ZwY1dNVDU0NVl5aVQwM0JhczlXVWx1V1FGQnJySlZNaC1FN1pZZ2dLMy0zYVRPNFBjSnBJVnVHSmFoRUJPeVBDYmVGS2dZN1daMFF3YjU0ZnhUdThOQUZLYWJkSGRiMXFrOFZtZFo0SE01ak9NZjNuX25SOENVVDBnZ1hrZ3Z5T3NFODFwTEZ5RnRUYWt6RTVKc3ZOcGR1eUMyQzVHU04yYzBZSEdvc1J6STRTS0M3SUg?oc=5&hl=en-US&gl=US&ceid=US:en,dgepress.com,0.0
Climate Change Could Destroy 95% of Surface Ocean Conditions - Northeastern Global News,2021-08-26 07:00:00,https://news.google.com/rss/articles/CBMihgFBVV95cUxQZ0czZE5sQWp1RXZYd25GSjQtTzZyRFgtckh3RFczbG8ycmlsM0NZOE1uOTlwcWtMTEZUZW55bWg0eXdweG9ZQ1VKZUYteFFLbTZreTNwdFpNcUVLSGF3Nm9zLVE1VHdJektUUHA2bzVEOFJOd1FnU2IyY05TZmwzaTdhN2xFUQ?oc=5&hl=en-US&gl=US&ceid=US:en,Northeastern Global News,-0.5423
Carnegie Mellon University and Emerald Cloud Lab to Build World's First University Cloud Lab - Carnegie Mellon University,2021-08-30 07:00:00,https://news.google.com/rss/articles/CBMiiwFBVV95cUxOeXNZcTEteDV6d2VlbkF2Y1pFRTNYbzk1UDgydGxJRklabjI1M1AtMnpINXdRSzV2WmdHWGJqc2wtWS16SERXQzU3c1ZId0taMlFWUnp3R3oxSjNZWUxubW1kU3ZDck5fN1RCbUs5RTJUR05mRGVHa2hWbms1ZURjMUpyaEZ1WkRybUhz?oc=5&hl=en-US&gl=US&ceid=US:en,Carnegie Mellon University,0.0
Nicaragua: Police raid offices of La Prensa newspaper - BBC,2021-08-13 07:00:00,https://news.google.com/rss/articles/CBMiY0FVX3lxTE5TLVRBMktqN2FwUFA4Nnl0cHNYZWdyV3ozVDl5ZGc1eVVDRHh6MGRQMDNFUkhpbktkQnB4aDJlV1JENEpYa0l5VXBoaU5wS2ZkVjlBX3BmVzhYX0xDekgtSHpQc9IBaEFVX3lxTE9CZlZOa0JrRFNDSWc5OVVoUnhFN1pSTmg3b2F6eVRiZlZheUNaajA4eUhzMG5kODZPaFBySEpmZlhvMTdMdy1sZzJJbldpVEFBd2kxUDVhcmN3eW1KOFJvWXBlUllIdXNH?oc=5&hl=en-US&gl=US&ceid=US:en,BBC,0.0
Defuelling completed at Leningrad 1 - World Nuclear News,2021-08-11 07:00:00,https://news.google.com/rss/articles/CBMihgFBVV95cUxPVG9TWjJlUDhOUEVzdVZIaVE3eW9XcEF5Rlh4WGp3YWNpNXAzUFB5UWkwUDF1aEtZZEZ1bUFNdkVyX1pRXzRDWnlGSXZpRzZJWXJDMGNjRXhMazZNakRxRjFoeEUxLUY4YWZKZnIwMi1yZTVVVl9SUFNZb2ZEUDF6WU81TXlOZw?oc=5&hl=en-US&gl=US&ceid=US:en,World Nuclear News,0.0
Climate change: Low-income countries 'can't keep up' with impacts - BBC,2021-08-07 07:00:00,https://news.google.com/rss/articles/CBMiUEFVX3lxTE5mcWJQd0xPSjRpa0xPMGxhb3ZtVktYR3o5Nmw0RXNGaXRwbnpOb3lkUmUyczZuSllOcEVFaGsxYUdKYVgzdnhZaEV5a3QxSFV50gFWQVVfeXFMT0RBN2ZiUGRYNnI3eUFqQWJWQUkwaTdacDNLRWZ6Z2lvQ0JDS25DVUhHZmNYVS1zMjRLOFlHLVVXRHVSZGZhc0ViQ2FCY3d1ZlJPRzhMOWc?oc=5&hl=en-US&gl=US&ceid=US:en,BBC,0.0
Why is there a chip shortage? - BBC,2021-08-26 07:00:00,https://news.google.com/rss/articles/CBMiVEFVX3lxTE5fZFhwUzhDTmRSSWNRTDJqd05EbUVLWFFlY1dyaTl3a1p0NGtObWF0QzZIWTBoWWowMG9MWjZMNnZYbk1nNGk4TGNFeXJncFIxYzRrWNIBWkFVX3lxTE80XzVLVXdoSFFyQzB1emNVWHRFcTdUS3hiM01iOXlDX3B1OUhlQi12MWkycDdQcGFBa0F2UDlkWXVwbXlaYklLYlcza2lDYzBwZ3Z4UU5ZUHJZUQ?oc=5&hl=en-US&gl=US&ceid=US:en,BBC,-0.25
Biden defends 'messy' US pull-out from Afghanistan - BBC,2021-08-17 07:00:00,https://news.google.com/rss/articles/CBMiXkFVX3lxTE1EeUVycHoyOFdaVUJweW1wa1h5b1dRVk9lTVRKWHo0eXRzNlAxcXB0TmJFZjRGU2k5QWxIdHZHZGxjdXFFUnRvS3JieTZ5cVItQUtsUHhNTHFBUnZCV0HSAWNBVV95cUxQbGJJVWlJWWVGNDE1UFJjeFVjV1JRMFNYWS1Fd1ZHZU9uMUl1ZVlSSExULTlTVUpLUUJ5aUVlZXF1OEF6OGVyY3UyemJoODllTWxiSDdtTHktc1VNcXBKNnhnS2c?oc=5&hl=en-US&gl=US&ceid=US:en,BBC,0.0
China schools: 'Xi Jinping Thought' introduced into curriculum - BBC,2021-08-24 07:00:00,https://news.google.com/rss/articles/CBMiV0FVX3lxTFB3Yms3aWtRalpoREN5dmNuYzZlOHg3NUdwZERFZ09MRHhIeEJpRlFPZDgza19uYXI2TXphOGlJd1pXaWFGRU1QLVhUWDNoZjdfWkprWHctUdIBXEFVX3lxTFB1cldlRWVKcENaWF9XTXZ6eE45MU5DQ21aYUFDTFZ4bktLSDAtWGtQRzVaYm9Jczl5aVh1ZXAyU2x4XzRJVUE0LXl3blBSa0szRVR3MDJLZ1NxRHpF?oc=5&hl=en-US&gl=US&ceid=US:en,BBC,0.0
Pfizer becomes first Covid vaccine to gain full FDA approval - BBC,2021-08-23 07:00:00,https://news.google.com/rss/articles/CBMiXkFVX3lxTE5TSTdvTVJPR2VjaGNjT3FCNFZiY0hOMEJmNTRCSU9ZR1M0UTNaekVoV2xIa2JuV1pmLThTX25aX3lKUlY1czcxT2g3MXJUNjVMOHo0SUhuT2w1QkhnRWfSAWNBVV95cUxOdGd6RThiVVB6TWs5UlRaSm5LUGJVbDJ2bVBlOFRKM1V1TzVDRVpSdWk5RE1qS2F5OElrV1E0UzAwMi1sb2dkS0xoQ19pbnV3QUYwak1DR3pscFdXT0FraGFMTkk?oc=5&hl=en-US&gl=US&ceid=US:en,BBC,0.7579
Afghanistan: How many refugees are there and where will they go? - BBC,2021-08-31 07:00:00,https://news.google.com/rss/articles/CBMiV0FVX3lxTE9RT3ctVGp1bjJRRFc1eGJLbHRnRHZfVnd0VzBZSFhIdkFRcTRSYVlXZ2N4VTZ5TlBuajRaSUxfeDl4UUtkMDdpRUV5dDg0Vk9NUEJ3dGowSdIBXEFVX3lxTE93SWJONE5MMWpmd2ZJVEVKcHNqaEotQTFWZG9zdWRPbzZvZ3Q2SkNGZmZpV21TOE5vZ0JCOUVHNEllc3ZteUt2bVptZFRVMkk3MFFkWnlvX3ZoZVQ2?oc=5&hl=en-US&gl=US&ceid=US:en,BBC,0.0
Afghanistan: How the Taliban gained ground so quickly - BBC,2021-08-12 07:00:00,https://news.google.com/rss/articles/CBMiV0FVX3lxTE5Rbko1QmNvY3NUb3htbDhjSGxkSFBrQU5ldEZoekxPaV9pcGxyMnNKWXFtX3lYR0Vjb3hMaF9FNGM2ZC04NlNVMkVhZkMyQWpldGNFRVFTY9IBXEFVX3lxTE5NLVpVdUNicWVoci1JTHJFNmp1TkJIdFFVVEdObHM4QmlSdFpxeUVqcXZNcV95SVJkV3d3eURYdHQwNzlTNDNVOHlFRjhnaHliWEJMVElwaUw2c3Fu?oc=5&hl=en-US&gl=US&ceid=US:en,BBC,0.3818
"Amid violent reprisals, Afghans fear the Taliban's 'amnesty' was empty - BBC",2021-08-31 07:00:00,https://news.google.com/rss/articles/CBMiV0FVX3lxTFAtZU5rRXd5VnBSSUZ2QmZUMTVFOWt0MUpoSWdtX2k1c2h2WXRfaWp6TzVxc0p0M19mZWRIem9TUExIZzE5VFV5OEUzWllkUkVoR2huY21xb9IBXEFVX3lxTFBSZWlSSmJneTJYXzl5azBVam5ySVVxYXNLVmw3ZU9DaUtrbmtSem80U2dkTEtycFFDN0dtSksxQ2hJOHlVS3dKdFNZbFlaX0I5eHh4Yk9pd1F5OEt4?oc=5&hl=en-US&gl=US&ceid=US:en,BBC,-0.836
Afghanistan: What was left behind by US forces? - BBC,2021-08-31 07:00:00,https://news.google.com/rss/articles/CBMiUEFVX3lxTE9CTXpxdzA2WTFoSUF4LVEtWDZCRWhMcmxMYW50OGtkNVJNbXR0R2JPakJ4LWFsWkhUTmlYYmpTcVVXQWUxSGF5b0FzeWJXdDh40gFWQVVfeXFMUDVUZXRsMk9hemV6YlBmTkxxaTdON3A1RXAzd010SHhaODdqNE51M1BORTV2UVdubW9YY0w3TVdQamVwcFk0WnRrSG1zNVdsZTloSkV1VFE?oc=5&hl=en-US&gl=US&ceid=US:en,BBC,0.0
Wuhan lab leak theory: How Fort Detrick became a centre for Chinese conspiracies - BBC,2021-08-22 07:00:00,https://news.google.com/rss/articles/CBMiXkFVX3lxTE44Y1htQ2s1NHkwQWxKZWF0TTFRdzZERjdsYTd1cEhScnhFMmtqX1g2MzVna1lLUVNYemhiNjBrTXpNN1ZmQWp1cGZZdzFpSWppMHEwZFp2TDVSaXVmbVHSAWNBVV95cUxNRWxRWDM5Rkw4TG5COWJ3clNhU3c4eU5mamRCSU9IWVN3Nm1lWDFRdEwxTEd1cW93THVCZjR1QzEyX1RmSFZtbGNCTGx4REgwMVN4bXY2RzN5RVdPVmxHTDZmUEE?oc=5&hl=en-US&gl=US&ceid=US:en,BBC,-0.34
UCF Programming Team Advances to World Finals - University of Central Florida,2021-08-16 07:00:00,https://news.google.com/rss/articles/CBMie0FVX3lxTE9rUUpQVkVmY1U2RkcwVlhLVW9aQU02U2ZkcFZ5MjdRNjd5MFRxZkZReDZuN28xY09RaWNVTEZNQVpLOXoyd2lNcHhBcFdqZ1Z1emdER0F0eXBBWW0zRDVNb0p4aXU1Z014MEZtdkhxNXB0OEppS1RzS3Z4bw?oc=5&hl=en-US&gl=US&ceid=US:en,University of Central Florida,0.0
US census: Hispanic and Asian-American driving US population growth - BBC,2021-08-12 07:00:00,https://news.google.com/rss/articles/CBMiXkFVX3lxTFA3UmxIMDBGekJ2bndIY0lXbldQRlNicFQ1QWJ0RGFRX084VFdaMFBjWWhWNGFCV0VqUGJIOHFZNW9ibS1zUk56MDlxSmFXd096aWttcldKZW4xSVYwbWfSAWNBVV95cUxPNlVSSlRieFM4X2swRzhzQ3l4eS1pdmdBdFV3ZlNKZmhoREpkNWpsR0dSejNGWjBsYWhTUXFiNTRGaENUZXFpUGVmQ2wtX1lPVXlnbUMxbko3a3lfZldnbmtESlE?oc=5&hl=en-US&gl=US&ceid=US:en,BBC,0.3818
"Global warming begets more warming, new paleoclimate study finds - MIT News",2021-08-11 07:00:00,https://news.google.com/rss/articles/CBMickFVX3lxTE5iZGNaanRFNHAwb2lRRGVTVmp1S2JVbU1HYW9UZDVjSWZYNWJ0eExPTmdKSTRZX0gtaURhRFpvZDZlV2g5UXFpbWp6VmQ3eU5KZzN5X3hYN2kwQng1T0xVSTg1QjFhSGJ6WTZ4YlJrSlR5QQ?oc=5&hl=en-US&gl=US&ceid=US:en,MIT News,0.296
Lauren Cupp ’07 Sets Women’s World Speedgolf Record - Hamilton College,2021-08-16 07:00:00,https://news.google.com/rss/articles/CBMiW0FVX3lxTFBWMXVkbkE1RlN0UzExeEdLRXZMMFY5VXBwN2hULU1IQW9fQjMtMGhXOWMzQnJ1RVluVlZqS2VhbERXS2UtQ0swWS13OVBMSnBzOVV1YWxOMEg1dGc?oc=5&hl=en-US&gl=US&ceid=US:en,Hamilton College,0.0
Wyoming committee considers Natrium reactor plans - World Nuclear News,2021-08-19 07:00:00,https://news.google.com/rss/articles/CBMimAFBVV95cUxOSlNIYmhYTWU2SjNsUjlVb1JBenA3ejNtVGpxTGU5MHlRbXdMSHkzdExONmczRG45c3Z3ZjB3dENkWTlkLU0wNFdfT1F1aERPT1FLeThFREp0c2VCcTQ1ZHdyWUdRQkE0T3BXUGJEZzkweHg2VmlUUUZhVVAyWE5ZMjY5LTI2T2U0em11eVhpckE1TDhGZWpWOA?oc=5&hl=en-US&gl=US&ceid=US:en,World Nuclear News,0.0
Fear and distrust despite Taliban pledges on women’s HE - University World News,2021-08-27 07:00:00,https://news.google.com/rss/articles/CBMidkFVX3lxTE1UUnpOc1doZ1dXY1loUUdyZjhHWXVYdmtLaFVRU24wZWpWNFdEYW4xbFVXZ281LUduejVlbFRETkdxbHczSUdZc2dhaDlnT1E3MVR6SzRqMzFvVnBOMmo1emRrLUlsbWJieHhwRjZuaklIeVVJdHc?oc=5&hl=en-US&gl=US&ceid=US:en,University World News,-0.7184
Texas Medical Center Launches World's Largest Life Science Campus - TMC News - TMC Houston,2021-08-31 07:00:00,https://news.google.com/rss/articles/CBMinwFBVV95cUxOZENURFh6czFqX3Q2SVd3Vk9waV95b2p1a2pROTFXa1JZTVJ1LS1nYzAyWUlsTWw4UDg3RGxpdHVZVUtRSmMydmRDZ0RKRXNPajRJcURmeGpXb3JKTEVLUlIxWnhyR1pGWVNrR0gtLV85V00wMU53QUJOWmpLWkJVck04cXl1UGhwcjQweVBMeW5XSi1YM2czMjlmUlJ5aFk?oc=5&hl=en-US&gl=US&ceid=US:en,TMC Houston,0.0
China NPC: Three-child policy formally passed into law - BBC,2021-08-19 07:00:00,https://news.google.com/rss/articles/CBMiX0FVX3lxTE54OGF2eVljZ1RPaHJXRW45ZjNfbi1RSVpHbS1kcUxjWGZMb3hZQ3c0a1V0bTZBazFudjJFT204UDJJZ3dSN1UyWlVVcTlQUUp6dUpNS2pSbVZQczVkc0xN0gFkQVVfeXFMTjRheVZUYVN2ak91UTI1VWNfWGtaT3QtaHVET1ZXNzhZS0htd01jcFl1TjN3LUlTakk4YkE3Vm81ci1xUjROUmtOdmpBRmwzODhxNmNMUnlrR0RNRFo3WS1BUzJYdQ?oc=5&hl=en-US&gl=US&ceid=US:en,BBC,0.0
Going With The Flow: Water’s Role in Global Migration - World Bank,2021-08-23 07:00:00,https://news.google.com/rss/articles/CBMiqAFBVV95cUxQOVJETGhtTUYyUmh5Y0xwZktKYWUtTTB2Sl9VaTNEb2wyVWtOdVAxWnJ4WmlUa1lVSGtSMmhyMGY3ekRzU2Q1R0MwQWtuVUVIM0cxRjFlT2ZkNGZhSko4c3JQNlVhOWxFSkp3ZnRPdHFCTUJiQVBBWm1feE9VMXJCaW5ESkU1dnJtRmFMMU1HaFJVaXE0cndZVUdtWXZMX0lObm9hMlkwUG0?oc=5&hl=en-US&gl=US&ceid=US:en,World Bank,0.0
"Afghanistan: Taliban carrying out door-to-door manhunt, report says - BBC",2021-08-19 07:00:00,https://news.google.com/rss/articles/CBMiV0FVX3lxTE9KUW1EbjZBcW12bUN5aE41Y0trS193ajlvVGpPUTFDQjVUa2pFM1BOQmxJMHRCa3kzYVBiZUVLRkdJVDk5RHpfSHY5YjFHOXhhbHlXRkEyRdIBXEFVX3lxTE5TZ1BfOVp4d2prdDFNUDdqdDFJSDcwejg3N3NweXoyM3c0WWRIQ2hiSFFHMHRwYnA4cGJKX1h5MVdFUnRxbjlWYkNRR1V3cmpWVGNsSjNZSFFYLWo1?oc=5&hl=en-US&gl=US&ceid=US:en,BBC,0.0
"Climate change, rising seas may lead to extinction of small island nations - NBC News",2021-08-10 07:00:00,https://news.google.com/rss/articles/CBMisAFBVV95cUxOMV8yaXRaMkpKR1ZKbjJ1ZER5ai1iLWlHMmtjdzYyWFVfaXUxR0hpSGlzT2NQYXJiR3VpeVBuSExsTzhLUWNfM3VUcWI2UnpkM1BrTHJVbmVSZWx5UU5NQTBqbmVGejdOcGZ1emNIR3IzWl8tdkgzbWR3Y1lvS0VUTEtFNmhmM1ZTMGVmWm1ETmVsQ2VjS1BwajkyUTVPM0tQTUFkdkJoakxVeTdZRng1bNIBV0FVX3lxTFBONnBsWllxMExRaGlrMzhHVW1CbmtPcDlGdDg2QVNIQ1pLdjhGOUVGSTdqMHktY09iajUxTWxHWmZPeGpxQ2Rtdm1QZkJnNjZRVXdWM01qQQ?oc=5&hl=en-US&gl=US&ceid=US:en,NBC News,0.0
"World’s biodiversity maps contain many gaps, Yale study finds - YaleNews",2021-08-10 07:00:00,https://news.google.com/rss/articles/CBMilwFBVV95cUxQSWZhczFGN002RHcxQzItZ0UtNjZER2hRQldhVjJEcG8wWnJiVXJCTFBLMFhPX0hQRzNwYWVrUzJCMnA1d0laMktkSWlFc180RFV6OWhLUExXT3dMZGM4NEtvOWV2dUs3eVRPNVE4OG04ZktaUkJaNWxzLVRPWFV6OVF4T3FkMmJ2MGtoNmt6YWpGU0s0SVJj?oc=5&hl=en-US&gl=US&ceid=US:en,YaleNews,0.0
Climate change: IPCC report is 'code red for humanity' - BBC,2021-08-09 07:00:00,https://news.google.com/rss/articles/CBMiY0FVX3lxTE5iSFRlUmhWYzFkeU1mRnkxS3l1d1VvLU1wVHNtd3lpV3EyRGNDbnVEcXpPcFh2bEdObG9sYVJrcmxGUi1WWUtEU0lPVGJZZTVEYTFTbWRTTTRXV1kxakEwOEl5Y9IBaEFVX3lxTE5OcnNSWmU5UnhPbnBZZWJMSFJ6MEFIRWRnQzI1MGd5VE5hb2M1R0d5b2diR3V0RVJpNTc5T3JmR1hOMTc1cUZnS0F4a1pPMnI1U1FrbFg2aVg3NFBqVkJCc1dnNEZBck83?oc=5&hl=en-US&gl=US&ceid=US:en,BBC,0.0
The Metaverse is a Dystopian Nightmare. Let’s Build a Better Reality. - Niantic Labs,2021-08-10 07:00:00,https://news.google.com/rss/articles/CBMiX0FVX3lxTE1UUS1VSm5FMlN0TEhEMHRjWUZrTXp4NXJCeU1FTE1SNFdIbTV0RDZNeTRQUmtjaFhLR0VyMUwtV291OF85NWcwU1FwbldYTEluRmJXVk1UeDBFU1Z2VXdB?oc=5&hl=en-US&gl=US&ceid=US:en,Niantic Labs,0.4404
Nissan Altima named U.S. News & World Report’s ‘Best Car for Teens $30K to $35K’ - usa.nissannews.com,2021-08-20 07:00:00,https://news.google.com/rss/articles/CBMiswFBVV95cUxNYVgxbDh2NVljWTZST2xGNVhxd3pxanBvUjNhUlZHOUxibmJ3c2liMjZGU1hXZVlhbFVlUEg5dVoyUnozUzNUZFVTb2JJT3Q3b1N1aldsUE9vVVpYakFNU0dqY1A2WjRVSzBCa1hGNGhmRmlsQi1FNVM1U3FNQmhvRUJyYjg4RFU1UTM2OE82R1dhT1Vfc0QwVXBfLTNNSGVmU2hoalpqY0NwMlRhSHZVSXdLUQ?oc=5&hl=en-US&gl=US&ceid=US:en,usa.nissannews.com,0.0
PRB’S 2021 World Population Data Sheet Released - Population Reference Bureau,2021-08-17 07:00:00,https://news.google.com/rss/articles/CBMidkFVX3lxTFBmalpnWGJ2ZG1nMEJYQU91UXhjTTgwbjE0OW90UW9NV1AtU2JtbjMwS3BOdFBadTlQZUp6VWxNTGtJdDBHR3BPcXk1by11TnM2WENqb3FEUWp2NnBGYTdpWmhScFY0VzhYOTN6UkRBdVlvOGlwaFE?oc=5&hl=en-US&gl=US&ceid=US:en,Population Reference Bureau,0.0
What just happened in Afghanistan? And what comes next? - Northeastern Global News,2021-08-16 07:00:00,https://news.google.com/rss/articles/CBMimwFBVV95cUxQRFJ6RGFYLWc5b05kMHRuX3dzU2NSMDZlLXROSllDNG1LMThzN1h1ZFc4VWMtcXd5V21Oc2psN2kxZFZiWG10RHZqMHBfOXJVd1VXU3ViNHZqUWxYb2pBUldOREZJVk93M2xSLWM5Q3N0dV9XQXM5ZTFxd2czWWR4S25sUVRyc3VXUmJaalA0b3VwdlRfUWdGbDRwQQ?oc=5&hl=en-US&gl=US&ceid=US:en,Northeastern Global News,0.0
Incels: Inside a dark world of online hate - BBC,2021-08-13 07:00:00,https://news.google.com/rss/articles/CBMiXEFVX3lxTFB5OTg1TzFhZVVZMDRMTGplZmdMM1U1aHpQOTB4eUNkSHdieVFHZlMzdHFxaW9SUDEwTVBva2hIUWM0LUlPQmVVc2QxT0dhVnRFVmRxejAybWJMUVBL0gFiQVVfeXFMTTVMYUYwajBPcDh0UmZTdklPSUQ2eVNIVmo0TGVwQnpVOFVvS2Jvbml6NUF6am5lbmd4TEU5TzVmbW9zbHlSUVM3RTE0c19zci12U3pldTg4alZacWpETTZYMXc?oc=5&hl=en-US&gl=US&ceid=US:en,BBC,-0.5719
Georgia Tech Helps to Lead Global Effort to Reinvent the Toilet - Georgia Tech News Center,2021-08-19 07:00:00,https://news.google.com/rss/articles/CBMimAFBVV95cUxQd1NaZ2dOS0UtbHctYlkxRllyQTdwbFhXMDctNUJDMnNCWjgza2dvcXhSWHMySGFNeXM1SVdvZnAxR2UxaUt6V3VjUGlaUmFjalVEZ29scWlLVlY5R1hlakxRdXRtamNoelpqdnVCenBVLS13Rkc1Z3YzS1FKbTVGZjhSVERYbmxKM3JtTE5xYndZU3hUaGctZQ?oc=5&hl=en-US&gl=US&ceid=US:en,Georgia Tech News Center,0.3818
Migrant Workers and the Qatar World Cup - Human Rights Watch,2021-08-02 07:00:00,https://news.google.com/rss/articles/CBMie0FVX3lxTFB1TmtsRC1FSUNCTWZYTzhBLXJXVVZEQl9TS1hjS045U0tDZDAtLVNBX2N2ejFhaDczbnhWWWVwc1A2MlB2dUpab09udzk2c1hlQzZGTmZZLVJObm02YUZ6eVBicXlZWGh1MGpmVlN6VVVneDBkemJPTEM0aw?oc=5&hl=en-US&gl=US&ceid=US:en,Human Rights Watch,0.0
Inside the 20-year campaign to rid the world of leaded fuel - UNEP - UN Environment Programme,2021-08-30 07:00:00,https://news.google.com/rss/articles/CBMikwFBVV95cUxOSkl2Z3BVU29iVW5LemIySTdHeHNYYkJGanlEMVFuQl90NTBNLXZ4VEM0MEpISTZwcms0aHNORkxwVFExVWZrNkZCSE93VlBYR0EyckVoWDNiUXhRaDdoQllIMkdxSktjcG1uQXp4c2hMdHpfdXN0MUl0RW9nVTFzTU93NmZLSWdIRjZUWlA1X2lGY00?oc=5&hl=en-US&gl=US&ceid=US:en,UNEP - UN Environment Programme,0.0
Wagner: Scale of Russian mercenary mission in Libya exposed - BBC,2021-08-11 07:00:00,https://news.google.com/rss/articles/CBMiWkFVX3lxTE9yNmJ6bVFydERQdWdTdThDMktqSVp1WlJBenVPaS1VR25BOWF0SHhwblJKei1hZzdsN25ZY1dKVXJqdFhJMU52WUJVazlCaTJOQ21teV9jYlk5UdIBX0FVX3lxTFBhakE3SjFyeEtHRFlWLWdZR3NJN3RLcElZUGZRWTlDdUlHZkxiRXZDaGFQZGw3V0dTWTRYOGREX211aFkxQ0Zzd1VyeFpuaTY0QlFvbGRtdWhNc1RPcDFr?oc=5&hl=en-US&gl=US&ceid=US:en,BBC,-0.0772
Afghanistan: How much opium is produced and what's the Taliban's record? - BBC,2021-08-25 07:00:00,https://news.google.com/rss/articles/CBMiV0FVX3lxTFAxV2xHNWhMRzVEblBoRGVSbGh0bmJJMWhuLVpmZUJuMDN6aUtSSktpX1dJNjdTTXQzQTUta2pqZUVpMzctZWZfRlR5RkNNSzBQdWk1Skk5WdIBXEFVX3lxTE94QTJ5MDJreDUwRGk4enQ0ajBGcVZfWjZjM1ZZdEhlZ1hHQ0pIa0p6ZWFES3NnWERzN3ExUWVzaUw2OFliTVlLYUdpLVpfSWJXMVJTNXdISVlFSUt0?oc=5&hl=en-US&gl=US&ceid=US:en,BBC,0.0
World reacts as Taliban closes in on Afghan capital - Al Jazeera,2021-08-15 07:00:00,https://news.google.com/rss/articles/CBMimAFBVV95cUxQMVIwc2wxMmNPSTJXQUFZQllLZFUxUHZkZUxhVHZEakIwcFJIZjVNVDUwMmIwMDVUbFNRWTBpVmk5c3hwaC1FM0doaEpKSWJIZWVJNkdEa09GcmdCa1cwai0wdkRWUlhvUkNpZlNzcFY2NERkMDJIT25FTnJBb3ZMaDA1TlZ4bWczMXJmOGJ5STZrTVlTV21DZ9IBngFBVV95cUxOV2FVODBjMkhXMElmeTBTTTZyUHpSTmZtWWRlNFlod0hRSTl3bnI3Vk1uM3dDeU1hTjNJZFYxRVhRZm40TEk3NXV4Y2RHZFlGUWxpbWo4alFzQWloM0EyZzZ6andqNjNaSUdfN0NxWWxfaDg3Z1h5VlFOd0lhQWcwWE9QY3lPcmNQV0p1Si1wVFFCemVKbXlKbmluellVQQ?oc=5&hl=en-US&gl=US&ceid=US:en,Al Jazeera,0.0
Mayo Clinic patient sets new world record in swimming - Mayo Clinic News Network,2021-08-27 07:00:00,https://news.google.com/rss/articles/CBMiogFBVV95cUxNZFpHaGYtcEdmQUJocGRMVHQzNUFOdENzMVlZa2NlX2Z6YkY5VEczdDdDMExaZzI4TXhrcVlHUmdoRFU3ZGF6cHI2VG5FRXFBcEEtMnhKaDgzS29rRzRremhoanVvTjlRaGNaY1ZnTEh3THJINFkwZTUtWnd1dDVtWHFST1ZaaThGQkFObmFZT3RPR1RJdlhvWmpxWkxrOWE1Mnc?oc=5&hl=en-US&gl=US&ceid=US:en,Mayo Clinic News Network,0.0
8 Moments When Radio Helped Bring Americans Together - History.com,2021-08-12 07:00:00,https://news.google.com/rss/articles/CBMiekFVX3lxTFBTRTk5XzlMaHdZYllYSUFIUUpkaU9zZGtkV01XRUszTUhZanVfNnN3bXhVSklsSWNUZzhMNFpNNHA0VkI3SHBGd3lHY1F6enRTTWZqOTNMRENGSmRIcVR6ZVBUUlByd19jX0JWd0NTVkVmLVY4WDlsek5B?oc=5&hl=en-US&gl=US&ceid=US:en,History.com,0.0
Why Conservatives Around the World Have Embraced Hungary’s Viktor Orbán - The New Yorker,2021-08-10 07:00:00,https://news.google.com/rss/articles/CBMirgFBVV95cUxPdDNfNGMzRlR4Wm9vNl9rUWpSMEwwUjZ4M1FOaFBxLTNrTzA5cE1fQ2o1cm10R0p3cWo5dExhYkRNRG9wbVlhblNRdjk4cWpFR0YydzRGMnh5WXZ0XzFCOENiZUtVZEtKWDc0dU11MjBOLXFwclY1cThtVmVzMmxLVTA2ajZhSFRueTVpS1J3ZzhlN2FFSXNfZ1lIWUw3Z0k5bW9lTlpCVlhrb3hFMXc?oc=5&hl=en-US&gl=US&ceid=US:en,The New Yorker,0.0
"Afghan women to have rights within Islamic law, Taliban say - BBC",2021-08-17 07:00:00,https://news.google.com/rss/articles/CBMiV0FVX3lxTE5KMEZ6WEQxRjQ0WURrV1VTWU5aZjdzZEhJUU14QWRJYWFvR29sQXdmMkZPejJycjFWTUhkZnA3MDhyeXBMRHRqSlo1S0E4aGVHbVItUXlISdIBXEFVX3lxTE9RSnh5QTJ6bkMtT2ptY3BuWHV0ZEc3RVJRcl9qcGNXMVVRZlBCblNNanJtYmlMOHJGMDlSR0ZDRXpaOTNFWEFfU0dCaElBLXVscU5icnpQQ2pRamlO?oc=5&hl=en-US&gl=US&ceid=US:en,BBC,0.0
Quality data crucial for improving adolescents’ health and well-being in countries across the world - World Health Organization (WHO),2021-08-12 07:00:00,https://news.google.com/rss/articles/CBMi_AFBVV95cUxPdTlVekpzLWJIOUJwRVdDdXhqR0tPVGJmdnBzbU5PcFpVV0dXRW40NXFuOTAzbGw3dW1kcldqUUNaVjdvV0dNNXhIMU5OYnVjR0ZBVi1DQWh3bEl5NDJnVjBRQ3ZZeVQzRHRQQ01nZXZEM21UUnpSM3N5cWhOS1RqM3ZFTG9oTVVHa3F2blVSMlp1b1p3bjJiV0JObHMxWWdTNDZlck5MRWtrYzNQVkhkYU1BNkJUTEJ6NzZndzZ4NUdzMzVSYVQtOVA2ZEE4SnhtNm1mMmxzbDlzVTdoaXhwNkQwQmZvN2N0UmliVkt0VnZQSzZSell6MnhKZzY?oc=5&hl=en-US&gl=US&ceid=US:en,World Health Organization (WHO),0.4215
Second Barakah unit starts up - World Nuclear News,2021-08-27 07:00:00,https://news.google.com/rss/articles/CBMifkFVX3lxTE1ucHBQNU9EMlpKZ2tyeTZkdGFGbHNkQnl3Y0F0NUNiSk9WZnVWbWo0S2ExRFFWbFRSNmVSZXlqVEthcEFUODViZ2xGa216anBDSm8zTVBFWHphTHFUVEhNbGR0NVcwcEF6N0JVbUJ0Nl9RVFFEM1BrTnhoS3cyUQ?oc=5&hl=en-US&gl=US&ceid=US:en,World Nuclear News,0.0
"Malala Yousafzai, Who Was Shot By Taliban, Has A Message For World Leaders - NDTV",2021-08-17 07:00:00,https://news.google.com/rss/articles/CBMisgFBVV95cUxQcnpONXZTc1Q3M0FDOXRhNWQtRjBVd1VjTk12dkVBNWlBNWlWR3MxS2hoWTMzd2Qtb2JDcVpIUm9Ic040aEdUNmdWemRCQnVDc1doVTQ4bS1QeVlpNlJ3TzFPdXVjVnk5YU9hdDVrbnBpTEdNZ191ZzNXYUF2QjBJQmhmY2xfcXRwSDFudG83RHZObHBJc09FX2tpRWpOc3FWYXphYjlic3dwZjl3U0Y0ZzJR0gG6AUFVX3lxTE9CRjg0dm1neTRUazhJMEZrSEEwU1IyUVoyMkY1S2NYVTlpUWVnRWxnOG05TzNxdFc1bVRkSmdOWGRndTZOMGpVZkV4NkJPZzB2WEwxWWNfeXVDNGN2S2s4Tlc3ZTNUSURDaVlhY0lmclNJbmJjWFpZMkE3TENFWjlyVlhEY0VVZzB2Ni1UQXAyY0NSZkJXZHpwVlN6MFZLeV8xeVp1Yk1SRm9jNnhlOS1zek9HcVY1bUZGQQ?oc=5&hl=en-US&gl=US&ceid=US:en,NDTV,0.0
Licence issued for Chernobyl decommissioning - World Nuclear News,2021-08-20 07:00:00,https://news.google.com/rss/articles/CBMikgFBVV95cUxPbGpPNGw1TVJERjAxTGY1S01Gb2VDLXRfbFRvWmtYZmt1ZzhqY050YTVtUGhCUklvVDlRdjl5OEtyUEtDb2lZQ3RyWEtfMzUwdFUySnc3LWxkWUdNX0FfZVBRTjV6c2VTeFJXU1FzckVrN3pJX01UdXd2cHlCS0Rkb3BPd3psU01CNDBueXdiajdzdw?oc=5&hl=en-US&gl=US&ceid=US:en,World Nuclear News,0.0
Mehrdad Jazayeri wants to know how our brains model the external world - MIT News,2021-08-11 07:00:00,https://news.google.com/rss/articles/CBMibEFVX3lxTE04MkJFMG9rUWsxSHY5SEtYZER4WWIzVU11ZFM4Sl83RTd3aEJoNGZBYVRFZHRheXA1aFV2QkRTVkZYOUY0TU5Zd1VRc09yWXRtY2lLQWZlcExqZ0xIMFl6dDlLSERwRURHUjdtQw?oc=5&hl=en-US&gl=US&ceid=US:en,MIT News,0.0
Who can bend light for cheaper internet? - MIT News,2021-08-30 07:00:00,https://news.google.com/rss/articles/CBMidEFVX3lxTFBpVm1DLVFybFI0bGtTOFlpa3FXT1JHWWVqSEpLWUt0TmlDWV81ZmVHSzZPeUQ2TWFVVWFaV0tWN0x0SmcxN3NqYUNKZmdZWWFpei1DMkdMMW4tQTVPUWYySU9HdVJzMng3cER6MWVyU2w0RjVQ?oc=5&hl=en-US&gl=US&ceid=US:en,MIT News,0.0
Bekele confirmed for Berlin Marathon - worldathletics.org,2021-08-13 07:00:00,https://news.google.com/rss/articles/CBMitAFBVV95cUxOSEQyWTlKY01rSlQ1WHhZeVRmYllJa3EtZm81dkJLUTNpOW5HZUZwYVp2S1l6bHdDckVfa3BKUkhHVEVXblFDRVZOMmNjaGJzeUxjWDVhVHVIWDE5TTFYaERHN3J6ZlBPQy1oeTVQV0FTTUp3LUZteVoxWTN2cXpnUkl1UFFjR3RtaHVFTWJ2Mnd3ZnBWN3R0cldJM1hPbldRS3d6UkR1WFlhRm5CS2R1WHY3Unc?oc=5&hl=en-US&gl=US&ceid=US:en,worldathletics.org,0.0
Joint Statement from Unitaid and the World Health Organization (on behalf of the Access to COVID-19 Tools Accelerator) regarding availability of tocilizumab - World Health Organization (WHO),2021-08-18 07:00:00,https://news.google.com/rss/articles/CBMiowJBVV95cUxPLWwyeUZydlF4UVlUN01Mel9teGJtelJIeFBHTlEtX0hvd2piV0t3aENKMDhwcjloWmZDcTlsT2MteE9ZV1RjNVhIUklmLWlEejc1dGRwQTdHRFRjbkdVdndHcFl3UVNna1NzVFVGbFp0ZTBmU1V6TXZ2VU9EZXU3MGI4T0FrT2NaVjdtbUY4UkxqUmQ2R0VRMGNpa2xDZ0FoWnphbjZzZVdwUEpTRDFfbXFnT29lVldzWVVxbGM2VXdTU0dlN3BGc09Vdkxrd2dYb250VGNHZTVRSGw3WU9yWURNbkEzdWtHUFUwUXluZXpwVkdGamExeWtuN0F4ZEFNVUtRSVBTNUFxWEc4aldRV1B2bU01dnNQclVPWEZYYnpJU0E?oc=5&hl=en-US&gl=US&ceid=US:en,World Health Organization (WHO),0.0
It’s official: July was Earth’s hottest month on record - National Oceanic and Atmospheric Administration (.gov),2021-08-13 07:00:00,https://news.google.com/rss/articles/CBMiiwFBVV95cUxOU01JeWFzTGExQzU0OVF5SlYwM1BIWVNlblF2MHVLSGpiY2ZNNkFNaWRzSTZLQThDTTZGaFpGTTJwbVh1M3BkeVVIRmhqRjZDSVdSMk9zLW03U0xzSmNCenNNQzlfNnowUVhsMTFDcW95aTZyT3dZN3NmVUhJdmNhVHh0REE5SkctSEY4?oc=5&hl=en-US&gl=US&ceid=US:en,National Oceanic and Atmospheric Administration (.gov),0.0
Thunberg calls out climate impact of fashion brands in Vogue interview - BBC,2021-08-09 07:00:00,https://news.google.com/rss/articles/CBMiWkFVX3lxTE9DcFo5Wmw2UWRPaFRLLWFGU0xISk95NUsyeEM1MHVhazBzM0k4dGFoVUFtXzlNZk5ITU8wT3VGQ1A2TnlnUXBYY0tEOXhKbWYyeUJHcUIxOTZsd9IBX0FVX3lxTE5jeW5kOUwyMFE3TlZFN21jeEplOFlQaUNVc21seEY3SzlOMU9uV2VCRGZhYk1kUktGTE1fQ0Z0ZTdmODAyaHBESWZKdHNzc2Z3cnlrY0ZTelpuTHhQVHRB?oc=5&hl=en-US&gl=US&ceid=US:en,BBC,0.0
"World Antimicrobial Awareness Week 2021 - Spread awareness, stop resistance - World Health Organization (WHO)",2021-08-26 07:00:00,https://news.google.com/rss/articles/CBMiswFBVV95cUxQN3J6eXRPaDlzMzdhT3pJOVRNSXJMMFFYOEJCTXEzYUFZLTZ2RHMwdzZDZnlaQWMzLTJsZURLdXFsd0J6eEtwSHlValVmVFlDc1F5TXBvVWJ0UllHU3dlVTY2TUVNZGkyVmpTcVVkTlVicmVrSlhXR0o1amVxZVBSdHZGX3FaZVMyWmNlLVBncTlReUpkMVJLNjM0VFU5UHFORHZGakl2bkwyYlNheG5heFBDTQ?oc=5&hl=en-US&gl=US&ceid=US:en,World Health Organization (WHO),-0.296
Haiti earthquake: Tropical Storm Grace hampers rescue - BBC,2021-08-17 07:00:00,https://news.google.com/rss/articles/CBMiY0FVX3lxTFBVTmlkaXFZQUIxYzhPcWQ4OGhyZHZ1UENCbk1xRnpLNXY3Y1pkbFlYTmRMamttaElSS3BmamtMX2xRc28ySlU4ampqSUFnekRFUUtTakZ6UkN5NXAwWUpRaGwyZ9IBaEFVX3lxTFBlZVV0QmJuMzdocTVUWm9xSFkxdzlWWlY0cENnQVlYbjF4SjF1d0wxZExKWE1yVkVhbm0yUVRvM3pxSUFxcnRsV3o1VFZfcmRBWUY2UmJ4ZnRtSWFKdnk0Y3N5cV9WZHJW?oc=5&hl=en-US&gl=US&ceid=US:en,BBC,0.7269
How the Taliban engineered 'political collapse' of Afghanistan - Times of India,2021-08-17 07:00:00,https://news.google.com/rss/articles/CBMi1AFBVV95cUxQYmJjYklEcnlsTEg5VkV0XzVxQWg2ZzU5YU1HbVkxU2g4LW1CcUNUdERDMUhHa1F3M0tMeFN3TWJnTVJNLUYxazEyY1YyXzdLNWJQV2lZTW9DUnRVMmUwa0RSSGhwWlZZMk5Qem5ib21WTncxaURRcE0yeGJ6LU9jVkVPeW9KQXk3ZkhUTzlUWTB0M1pyQ0I1bVNoSlV4RWMzZDZfTTJZMEk0RnZySW4tUTk0aURUalo4bFRXVVdtMnNTMi13cjlXV3NrU2J6VGxXYXBfa9IB2gFBVV95cUxPVjZhWWJFTzBnbjJkUldxSzBuc20tSjVULTJGU1NTblN1ZV9LeDRXOTRzWExZX2RQb2VCb2xzZDQ0MTBLOWlzZ3ZOX0JjenJlN3ViUVBnSlppX25WVGFtaC1YTG9SMUFudzRaM0FNN1dOUmdVeC0wdmtzdjdfek5IMFBUaUJCazM4Nmp6WFV2ZGI2eE1zZ09oNkRyV1RSNHkyeV85XzIxTThsY0dibnZtaEpfMEF0MVdUSUFubWhnaGFra29NWVZCd1J5WHI4Yk00cXlvMC02U204UQ?oc=5&hl=en-US&gl=US&ceid=US:en,Times of India,-0.4939
How the US created a world of endless war | Barack Obama - The Guardian,2021-08-31 07:00:00,https://news.google.com/rss/articles/CBMikwFBVV95cUxQNFBOUjJqa0Q4ZlRPdUt5bWo0Wl9heXl3NURpaGdMQmdtQzVmNFM2T0tPcUJ5b1p5UVlnTlRPRWlHSjhMbFk5N1VHQTF5amF0QnZOY1BJRkQxX2NVTS1KbmNUUFZSRFFfeVgwQ2FMN19GTFBfZlN0RUZHUTR3THkzXzU4UGhFUnRrNWJva3ZWS251YVk?oc=5&hl=en-US&gl=US&ceid=US:en,The Guardian,-0.4404
"Era of leaded petrol over, eliminating a major threat to human and planetary health - UNEP - UN Environment Programme",2021-08-30 07:00:00,https://news.google.com/rss/articles/CBMiuwFBVV95cUxQVk0tVkVzTFJORUVDS01GX2VPYW1ZTFJCaGhzOGZYa1pJZERrbjVPOHZEMW5IY2Y3dmNFRHE1by0tam5MTW9qbk12WGh1Z2NEZDFCcnBwelhvSTY3cUJjYUVIb042TE5oYldMWmc4VUsySTMxci1fOEJrbkhZUFhKVTRRZTFnQWxiUGVDNkJVWlFWNHJxZUhYWmMybXBqcVVQMzJyNFRreVUtbS1ha0k1N0Z3NXJBT3d4Nkh3?oc=5&hl=en-US&gl=US&ceid=US:en,UNEP - UN Environment Programme,-0.5267
U.S. News & World Report Names Holy Cross Health Among Best in South Florida - southfloridahospitalnews.com,2021-08-09 07:00:00,https://news.google.com/rss/articles/CBMisAFBVV95cUxOSDN3WGEzekFUM2o1NlE1VFRibWdGd3lFdVBuWjhiX1NpU082QzYtZXVBTEtEV0NtYkZuVzB5Zl95UGNvOU1YQ1BsVEkwNXNxejFnUlcxbnY2TnJCcExRdVV0Q3c0UmNDdVlEeUZsTnY1Uml2MEZNc01NNHZuZmF3TjczRnZOSVdNT2l6VGt3ejZWZGZ3QXBrQkpnMDBsbkk3QTQ0dXhUcU1xTUtrVHlwNQ?oc=5&hl=en-US&gl=US&ceid=US:en,southfloridahospitalnews.com,0.6369
Project Cassandra – Wars and rumours of wars - University World News,2021-08-15 07:00:00,https://news.google.com/rss/articles/CBMid0FVX3lxTE05eTBFNHhmdko5cExKWjhvVVplZElVbktyMEkxVExaYW1BUDFGMHNhOXJ5NDREXzhUTXRlNzRqYW9rLUkwZU85d1N2cXYwSWVUTGNCX0xGZEVBNXRGampHM3l3cVRjMWNyOTNVTWtQcGdzdVRib0dv?oc=5&hl=en-US&gl=US&ceid=US:en,University World News,-0.802
U.S. News & World Report: Ann Arbor best place to live in Michigan - ClickOnDetroit,2021-08-09 07:00:00,https://news.google.com/rss/articles/CBMiwgFBVV95cUxOaGI0WUNmTy1YenQ0U3ZPV1JLRHVRS3JQdWloZmJ2Wko3VmFWbF8zR0t2bm9lUDJ6LUpBUVJWVE05SHBKbjhVcTNhS3IzanM1SUQ2RjZ5dmhSeUNKM0dYRXBpaVdrMEpIQnoyTUxObkNza09qTlhoRHVteWVDTkgzWUV0UVF3NXZnd3dsOG9MS0U2clpKR2RwR29uc2NtY0tDUURsMXY4dTlUSm04Q2ZxRGVzVDBjeVBCX18zT09Fa2t6UQ?oc=5&hl=en-US&gl=US&ceid=US:en,ClickOnDetroit,0.6369
Pope: 'Personal responsibility key to improving post-pandemic world' - Vatican News,2021-08-19 07:00:00,https://news.google.com/rss/articles/CBMirwFBVV95cUxPWDRvSGhwa3RNUTVRYjBaN0lCOWxseDN3bjczcmRaaXFkMVZneDh5YzFqN0RCVU5NM0xkOENUT3dzcjZ2SlpDczY3UDFqcGZpeXRzV2tYT1lwdUNXWEZET3Y4c2hyZHNQSE1aYVF2NlVFSVdNVnhIRkdlZXkwZ2UzYVJKeU5UX2xWd0dvSFVNMmQ3OFNvanJEY2VmNU5RUlN5aWExVXFnLWs2MFM1dWtn?oc=5&hl=en-US&gl=US&ceid=US:en,Vatican News,0.4215
Haiti struck by deadly 7.2-magnitude earthquake - BBC,2021-08-14 07:00:00,https://news.google.com/rss/articles/CBMiY0FVX3lxTE1HNG5CdVFuYUZ3dVk1NmZTdmI2MHBKSHdoVU13a3hrdmRNSGFUVk43THQwR29PdEdZRG1aaTBPRmlfVy1yamFZVllQbmh3SjM4NzN1UVpvWUViMk5pd2lROE04WdIBaEFVX3lxTE51UW9wbDRLeWtzODR2M3loQlo3NUdMX3hDd0hmSmdsQkVra2lPZTBBNDBlME01OFVjN1M1OTRLel9ibjNXZkR0aERLQWlZUHY0Qm4wUHBxWGpZU28xRXl0NFhLdF9NVjNP?oc=5&hl=en-US&gl=US&ceid=US:en,BBC,-0.25
Bernice Albertine King: Pope Francis inspires us to overcome polarization - Vatican News,2021-08-28 07:00:00,https://news.google.com/rss/articles/CBMiswFBVV95cUxONnJvLVRyUjdEOExBSkxmQzczdUMybnktOFpNbVB4UzJ4UVVpNE1xX0VJUEhXX2JsTmFXMHBqMzNQMVY5ekpNYnBmZGVaR1Q1STduUXJIMng5VTUwQlVObE0xT2JjaWl2Y2JMY0pwM1hYdXZ6bEd1YngwWkRDVlRGajJpQ3o1WnRqUTJMS0xBWUJpckJzZkFyeHFoZ0lkcS02Yi1vMl82cVdLdGk3QlMyRjIwTQ?oc=5&hl=en-US&gl=US&ceid=US:en,Vatican News,0.4404
World War Two German bunker in Alderney built inside Roman fort - BBC,2021-08-25 07:00:00,https://news.google.com/rss/articles/CBMiZkFVX3lxTE1tWjJOVUlHR05LMFJkdnVrUEdZT1ZJQkdRRWJCbHVrRUUtTHByOVRjM3NZSTVLYnpHUW1CZ1dxYWdLeWdMMlc4MlNvbVEydllCSFJSTm11UDRwOGpoWmh2SzQ1dFdCd9IBa0FVX3lxTE0zeXJLTXNWSC1POUhGekpzNGwwWTBQbVdhS0FMb1ZCR3NrOWlFTFlRZk9PdjdfU2N3NktGM3NjS3dkcVRkOFp2NlVIb0JoR0x6bl9xaHdoRFU3WnFUaWY1TnN0Z0U5aFdHblI4?oc=5&hl=en-US&gl=US&ceid=US:en,BBC,-0.5994
A primer on escaping from Afghanistan - Northeastern Global News,2021-08-24 07:00:00,https://news.google.com/rss/articles/CBMihgFBVV95cUxNbXA4YmpISVNtbktsZ3ZoX3JfMWZUOFFkV21senZ0dHJjQkU5YmVacDlwYkExdVQ0MTRXUTVpc3BpMEhZUmN0ZEFEbUh5aDVuY2JmLU4yWkV0ZDRHYkhFVklyWTM3azNQWUxadUFnNFRfLUxfb0FCUUVJekJIZlhyREliVUR4Zw?oc=5&hl=en-US&gl=US&ceid=US:en,Northeastern Global News,0.0516
Afghanistan war: Taliban back brutal rule as they strike for power - BBC,2021-08-11 07:00:00,https://news.google.com/rss/articles/CBMiV0FVX3lxTFBCZlY1SmQ3WHBOZnZZVUJ5MXZxaHlnUENkTEM0eUlwZ3o2Zzc2andEd2N3bmk1MGYzOTU4RmVFZmJ1S2NHdDlUQnowNlZsVWpSTWpTSEc4TdIBXEFVX3lxTE5JZDUxQUpRYXE2VUhwY2JzaHBsbFlPWEdNQ0lCLWkxVlY3MVlCZjRrRTlhSXk1b0JMbDhiTEVSbmluN215UTFaX1kyald5Nk1ucEg2MWx4YlhwN0pU?oc=5&hl=en-US&gl=US&ceid=US:en,BBC,-0.8591
"Covishield: WHO flags fake jabs in India, Africa - BBC",2021-08-17 07:00:00,https://news.google.com/rss/articles/CBMiX0FVX3lxTFB6cGVzMTUwdWszZW0xQ000SlhTV3BnS05pTlZoaW95LU5MVTBOY0lJY3RCd3pBbEdZWEgteWJUTUdyMXFqZE9aMktfRGttbllRcW5YSG01a2tTQV9ldW1j0gFkQVVfeXFMTnFwTTM0dmFCX0JQdmtmZWxEa0NYd1Y1bkVJSzV4dnBsT09zU09UakxtUG4xZl9rODhzcmlkal8tZnVvUVJZR0xsZmlDQmZfdm1qQVhOY0JYMzBlVnB0VHVyVDJ1aA?oc=5&hl=en-US&gl=US&ceid=US:en,BBC,-0.4767
Partnership set up for IMSR fuel supply - World Nuclear News,2021-08-18 07:00:00,https://news.google.com/rss/articles/CBMijwFBVV95cUxNMHVFM2g1Nno1U0pkVG5ocjdaR3JhY1liaU1UZVpqdEFDSlpWYlNXd3FyVlk2RzJEcWhfMEkxVUpqcndGMnJZYkF2ZGhXOEdRWXN0S3NxMkJ4TTZNZnlLYVlDWXpLeTZkOWk4N0pJaEFHdzlPdFBfZWV1QnhROHJNU0VBb2RNM0hzSFFnUHB5aw?oc=5&hl=en-US&gl=US&ceid=US:en,World Nuclear News,0.0
Robotics Team World Champions - news.utk.edu,2021-08-26 07:00:00,https://news.google.com/rss/articles/CBMidkFVX3lxTE5MbEdnLWR6cXBIZkk5QUh2cXZfUndHa3d5THN5eUc2V1lsbzd6ai1ZOF9CVWd1anR1eTJ2bUU4UjRYU3FKM3lKcFhLcXdiRkxoXy1IZzBPYWc5MjA2UE1wcW5ua2d3OUw4cG0zdkxmeGRVQndRVEE?oc=5&hl=en-US&gl=US&ceid=US:en,news.utk.edu,0.5267
Climate change: At-risk nations fear extinction after IPCC report - BBC,2021-08-09 07:00:00,https://news.google.com/rss/articles/CBMiUEFVX3lxTE9RVUd0SThKYVpZVGJHbFJ4OWYxbUs3ZmMwVXJ5SjJtZDY0YjJvQXhHTm9rbS1NZUVUQ21OOUtTSnJGOGV2MGpndkF3ZlJ0aFdU0gFWQVVfeXFMUGVPLVF3UGdobkpYS19ZYkdCRkF4TWZ6WXRwbHlUZ3J6c25xSDJOTEt5MkdsR0pCRGZaYTV2RFAtV0NhcW1ZMXl5aFBhbWIwVU10TXM5b1E?oc=5&hl=en-US&gl=US&ceid=US:en,BBC,-0.4939
Wildlife photo: Is this the world's most beautiful mosquito? - BBC,2021-08-31 07:00:00,https://news.google.com/rss/articles/CBMiY0FVX3lxTE1NdjJTR1FtRVU1U1hkdUJiZEJHZ3pNOVd4NkJDS1ZhMlE3ci1RU0pEQzN3cndsc0xrQkVURUhzYXh6UERyempzeE9QaTdUdERYbGg2NllDMEJOWWNROHBMVldnc9IBaEFVX3lxTE5vaWhhRE0wSF9QU3d3NktPT1hOT245ZW9jTlotckNpSEJEOFo2bXNua1pPY0kzNEJ6S19TNy13SU5NaU9aNWFOV2ViNkhNbUI4UHA2RTRaeF9ZUGxPeTlPZ18weE55R3Zu?oc=5&hl=en-US&gl=US&ceid=US:en,BBC,0.6361
Action News Baby: Welcome to the world Graham Ronan Beaty! - 6abc Philadelphia,2021-08-16 07:00:00,https://news.google.com/rss/articles/CBMijwFBVV95cUxOT3JhSkNUVzNvZEdWY2FTd2xGWndMZWVBMlJsbHdPUXFwZ2F5ZkdweE0yMmUtMHZlZHlmejl6T2RnLVJnMDNXUWdZQ3VnQV9JcGVUc2RxQzM4X1V3N252bVlaTWJFZjcwYTE1ZS1hSUQweFZBMk9EZC10TnZsNjlkRUVYTFJyRE1zYUdGOEpFVQ?oc=5&hl=en-US&gl=US&ceid=US:en,6abc Philadelphia,0.5093
Zydus Cadila: India approves world's first DNA Covid vaccine - BBC,2021-08-20 07:00:00,https://news.google.com/rss/articles/CBMiX0FVX3lxTE9KTnNiRC1sVlo2SHU5YU1JdHc3TGczOFJ1UjhhTHNLT2VKZjFrSDNTVzJOdWE2Wm1xTHJ6bXQzS1poSVRWd3hKWno1YjdiRTZGd2dOOFZQeGtRc3VkcG9n0gFkQVVfeXFMTXVkTFR1MjlJQnhtemNJV2tzTnhUaXVmWGUtalNmWmIwYVdHRnFVZjBMUzRMQW52NzdDcTV1TDh5bW5MRTNheHc4bmhhbFdBOUxQTnZ6N2ZENGhHNy05MWEtT0ZsOQ?oc=5&hl=en-US&gl=US&ceid=US:en,BBC,0.4019
Where does the world stand on Afghan refugees? - Al Jazeera,2021-08-18 07:00:00,https://news.google.com/rss/articles/CBMinwFBVV95cUxNajE4VmIwVTBQTlNWdllCQmFuRjlmYktfMHJ1U3QwdUZ6VGNXbGpQMFp6NkUyWndfVjBZYU9DTW9xTXY2bFN5Z0kzekRSeEphRFlvbTRXY1RNSTFRTlc0OXJvYmJlQzZJV0VDdXphOVJaRDd1el8wRXZqV3VIYmtIeGZ6Mjk1d25Cc2M1UkFXamdrNERoR1ZtUC1TdkM0bnfSAaQBQVVfeXFMTkV0SGRkMVZfbi01UjhCU2Nub0JaaV9sNTZaVzU4QzF0RG1Ockg0eWltVzJvV3VZeUQ5dFJVUm1Uc2ZnbnFxa2cxYTNEcFhBaWR6blB1ZGlDOWxSOG9JWnBOOUlPejFCc2w1WGd2TThaQ0Qxbkw1NllpRUpONWxNOWJ0VW9WVFZ3QVo1SUJXdHVhV3laT1FwMXc0b1luRVhNV2k5Vjk?oc=5&hl=en-US&gl=US&ceid=US:en,Al Jazeera,0.0
"IPCC report: ‘Code red’ for human driven global heating, warns UN chief - UN News",2021-08-09 07:00:00,https://news.google.com/rss/articles/CBMiV0FVX3lxTE1fdzN3ay1KSkhBZ0poTExWbDYxZkdjNzYya3RHOEZBd1RoUnBTZndickU3VVNaUDRFRUpLeTM3UjVEMUZNeE9aUVZ1dXFsS0hHMWVfLWxnZw?oc=5&hl=en-US&gl=US&ceid=US:en,UN News,-0.1027
"Donald Kagan, celebrated historian of the ancient world and revered teacher - YaleNews",2021-08-10 07:00:00,https://news.google.com/rss/articles/CBMiogFBVV95cUxOeVpnaFJOWmhBbHFoS0lMYU0yZEpaTFpzWkFLTWRCTVpISWx5ZEREX3EzUkNZSXA3WEVuc3E2c2Q2cnhlMkV5UUFkcTRyUFEyR0RxVDQwX1ROSHFacVZyV3ZodGxNLTJSYkRNM0VvTXRQR0V6Z0ZnTkZ3dXloNkhYMmlPSGE1YjlCTjN4dGFzdGZWS0pLZzF6Zzd5UDlNMFktN3c?oc=5&hl=en-US&gl=US&ceid=US:en,YaleNews,0.7906
Afghan crisis: Russia plans for new era with Taliban rule - BBC,2021-08-20 07:00:00,https://news.google.com/rss/articles/CBMiWkFVX3lxTE01dzFLWktKR0NaX3VvUzBDN0pTZmpRYzVuclFxTzl0VTAzUklDeUVpaHpTbzlveUJ3M2lFM2xsSzZXb2t4MUhoa1IxdEtyTmJEdVlWckxoZkdfd9IBX0FVX3lxTE9TR2FUbUdtTWhXMG5kemRub0tSNWdTU2JtVS10cmoydmVYQnBHNDZHbEt6SFVaRXF0VU1JTmxueXFfV082OWpISlEwMWprSFU5NUtIaGhhdUlwc2Nab05V?oc=5&hl=en-US&gl=US&ceid=US:en,BBC,-0.6249
Q&A: Rusatom Overseas President Evgeny Pakermanov - World Nuclear News,2021-08-11 07:00:00,https://news.google.com/rss/articles/CBMilwFBVV95cUxQUnNXZGhTX3JEd2pnR3pzelFUZzREZE9kZ0pPSXR2Y2RBb3l2TWlwdWR0Nmo3UDU3TFA2WWU0RHJFR05ZQW02dmpLaGJQUG9UaVlsb1U2T0lCOE4tN3RvY043bTl4NjRud0JRV0NidDdFbk1lT2FMU0ZLNGdueEpEUmQtSjZSQ2R5aVJLb2dHcjljOEpkc3Mw?oc=5&hl=en-US&gl=US&ceid=US:en,World Nuclear News,0.0
China Preparing to Recognize Taliban if Kabul Falls: Sources - U.S. News & World Report,2021-08-12 07:00:00,https://news.google.com/rss/articles/CBMi3wFBVV95cUxNYmw4RHlqdDVPUW0zM21RbVJGdUxjQWZIZk90SEVfLV9wdUN6eUFZZWxTY2hycUdSTkJad25aeTZaZmJadU5lV29xUTRCZHh0SmFlLWhJUEdncEE0STJocEdtV2hIaFZvSlV4OTFQdU1fY2o2ZjdVMWdLem0wY1pmR2pjc3RudTZfWFBjN2w4VV9DS3BPc2U3OTVqMG52di02bGtHcWtoNkFjNWphZERDQ19NU1ByMk56b3JLMm9BQzBxaTZoSzJiaGloY1U0MlFTVU1ZZ18yR2dXWHl3LVA4?oc=5&hl=en-US&gl=US&ceid=US:en,U.S. News & World Report,0.0
Afghan Woman Gives Birth To Baby Girl On US Military Plane In Germany - NDTV,2021-08-22 07:00:00,https://news.google.com/rss/articles/CBMirgFBVV95cUxOMXcwQXktR2VwTlpBdXkxWjBaaFFxeC16MGVkR2hZVVFURjFkNXBBY0VPbE9ZVDhLSFJwanNTeXlUYXp1U3lzNHBLSldxRVdUcFRzejZUNTFua3BwZXE0cXc1Rm5pSVRCeU9HSF9SLVhKYm8yTFprRzAxYnZWR2w5QVBOOEh2Zk92bF9ac09xU0JjY09xazZRNE1TZFhqYmRsek81WjhZUXRUOEtjZmfSAbYBQVVfeXFMUFdWR2NMS2dnSHpWaGdvMno3R3pjZ2hCZFdyQ0xybnI5dUVQZjhuX2c2MzJZNHRTOHQ5MkFfZ2NMMy03cnpIcUlhX3hsaWRhaVlPWXZJRWQ3TUtrRm16UlF1RmJwRG50bklXZGpiRldlaXJHNXgtQVkyMGdXdW5XTFprNWpUU0Z3dWlnLWNtVW1Ha2lOTTE2ZXRrX0czVzYxY18yOGg1NU9WdUFmOVpYcHRnNjNRN1E?oc=5&hl=en-US&gl=US&ceid=US:en,NDTV,0.0
Kindness is alive in the world - Eden Prairie Local News,2021-08-22 07:00:00,https://news.google.com/rss/articles/CBMiekFVX3lxTFA1STRkUlRHdXk1R0lvbWhxc1htQjBUQVZfMXl1emFPaHRoREJtZDJ6RjJGeUJzTktjcjY3aFNtbTk3OXhQX2RwQldBVVF2dmN2OGc3Skt2aUIwOWtIbXhwckh4SzdsSl9FeDFBeXRCWVcyeDEwM2JSQlBR?oc=5&hl=en-US&gl=US&ceid=US:en,Eden Prairie Local News,0.6808
World champion Chepngetich to make Chicago Marathon debut - worldathletics.org,2021-08-17 07:00:00,https://news.google.com/rss/articles/CBMitAJBVV95cUxPaHRJeElNNkJnYk5EbUlmdG45NTBUSFNtZWRpTmlCTS13NVRpdTF5cGRHbWZTMmJIY2VfTXhKS3djM1pwX25uLWp2UVg2WHRHQ1dkMU5FVWVoMEVwR3ZXZjIwRUx0LTA0UEtLUGc2NF9zMmQ5Q24yS3VQYl80eHZNRllzc05na1ZaSnVTSml6ZGViX1BuU1B5MGRIdXlGUUFnZW1SQ0xOdXlUWnVHUUpQekUwYmEwYkwxNk9CcTFfRnBBTVlrLUxrNFZWX194RTlJNmNJcVV3aENZSG1nenVGckFLeTF0Wk9KRzh5aE1mSTJ1dzFvMlJYelJfN2gtUHJZbjVLcUdRWVQ1dlQzamN5cUJmdEljV2dCaUtINWtzdnV1Q2RPLUsyeU5mRlBkMHpzTjZERw?oc=5&hl=en-US&gl=US&ceid=US:en,worldathletics.org,0.5994
Laser fusion approaches the milestone of ignition - World Nuclear News,2021-08-18 07:00:00,https://news.google.com/rss/articles/CBMimAFBVV95cUxNeS1zUzh2S0ZIUENTTDdmcXlZRkZuTlI1dXpkbXFmUnRUc0RoNk1rdktiQ2F2T3VyaGZfekpzUE5udUw1S1dxa2VxdFd6Tms5cTVZSzhPOWxIajhjOHplU2hSazkyem5KUW1IVDUtSjdTU3YwNTNicThfaFNIZWhqS1VIQV9SYWxSbXctUk9vQVphZTBaQ3pqVw?oc=5&hl=en-US&gl=US&ceid=US:en,World Nuclear News,0.0
Chip shortage: Toyota to cut global production by 40% - BBC,2021-08-19 07:00:00,https://news.google.com/rss/articles/CBMiVEFVX3lxTFBhLWs4bmRzeHRhY25CWWxSdjlGLW1hc3dfSkp2RHZKZWdWWE9Ec1NjRktZaEFTazBqZmVnTU1yaTVOZDVKSDNXZzFiemtxeHNpSjFTYdIBWkFVX3lxTFB6c0tEVmU2Rk1WT3hsS3ZiMXVLNnhJLWo5OVBzQlZaSTd1OUFxY1cwVXFvcXpXRHU3bzhaUE1weEJsbzVCazBOUHN0NXZvdGpJT1dpYlhxT01rQQ?oc=5&hl=en-US&gl=US&ceid=US:en,BBC,-0.4767
Smarter regulation of global shipping emissions could improve air quality and health outcomes - MIT News,2021-08-17 07:00:00,https://news.google.com/rss/articles/CBMiuAFBVV95cUxOZDFPTHV1MHFiZnV6NzlTaHlmMFZUMkpqbmpFWk5mQUs5QXhselZwMjVraHhlWGdSUE9QUjRPZVdNZl9jcF91UnNFbkRmMTV0YWdwQnh0SUFQMVBWc2tTaTltdnZqTGN6VVlqSEQ3VDFBYnFOR1dtZDllRlg4SDJkU1ZzNGxtS3hGamNyTGZycTM1elR4VjhzWWczaXVrVlBISWJoaUd5VlhtS09rOUdyRExseGxhX0hG?oc=5&hl=en-US&gl=US&ceid=US:en,MIT News,0.7096
Japan finds black particles in Moderna vaccine - BBC,2021-08-31 07:00:00,https://news.google.com/rss/articles/CBMiV0FVX3lxTE9faC00MnowTWxKc3ozckhMM1BsSmRsWUtLYXdRM2hPWVNQY1ZTcmhtZ1ZtV0swSUdHTk5LSUdIVWhqcEF6Y3c3OGJ2NWgwSUUzbUZPX3cxa9IBXEFVX3lxTE44Q1RWNEwweGJCaXM0bU1Xc0pGS29XLTRfUU9BQmF2Ul9zUGFfOUZ3U1c2RVdnZjhxclZGYWw5LXJsV0l5cEphVVE2MlJlVDQyVEJFR1o5TWdUcXR2?oc=5&hl=en-US&gl=US&ceid=US:en,BBC,0.0
Lessons from Bill Pinkney’s historic solo sail around the world - PBS,2021-08-24 07:00:00,https://news.google.com/rss/articles/CBMinAFBVV95cUxORGlMS1kzTXpaMWFWUUdRNlNNNl9LdG90TE1aNXRZTzJSVnpyb1dEOUxLbFc1bXktQzlEeFRZUVFDZlBRVXN5RTZrVjkxUUtLSHZXM2ItWTE1Q3hBTEtRdEhYVnVUTV9BNmxheVJKOVl2TDc1RVNGNlBXdHR0YnNkWDZvc3R5REpTR2ZrS3NPNXNuTXVtSl9FeFpOczk?oc=5&hl=en-US&gl=US&ceid=US:en,PBS,0.0
'Couldn't Take Slippers Off': Ashraf Ghani Vows Return To Afghanistan - NDTV,2021-08-18 07:00:00,https://news.google.com/rss/articles/CBMiqAFBVV95cUxPT3h1WTNUY1FYTldIYnd1ZEg2M19RQ041MjFudDltQ2QwQUdneFg2RjJPVF95bzF1TlJvN1pVRHJ4VFhKWUZvMFlCVGhzM2RNVDhXNzRoaWRaVWstNUVVclVXWWp5ZnNXRFp4UGZ2dmgyYllkNmlXbEg2Z0l4N2JMTC1jTWNFSzhQbVh3R3pQOEJVVFVwNlRIQklqUjJ4VHpVV1JGQ3NwcmbSAbABQVVfeXFMTzFZcDYxNjNNT2lCd3FhejhlX1NZRXNOa3pIMFIzb1MxNVhaVVhfMWhGQ3hGQXlpWlhRWWVDM0xDYUY3bncxcFN4UGZZNlZDa2ZLVWhrclNwQzZDcnh4czR5Vy1hME9NOHpYX3BwaEQ4VHR3TlBhNndwYjNLeGowVmJ2MjhmQXRnUm50Z25MaE5telNLMjR1dmJ0VExyeEM1dXM4Y3BGaUUwb1lhcmdJMi0?oc=5&hl=en-US&gl=US&ceid=US:en,NDTV,0.0
Afghanistan: Taliban tell working women to stay at home - BBC,2021-08-24 07:00:00,https://news.google.com/rss/articles/CBMiV0FVX3lxTFBuam5Ka1hiaU83dUNUZVptUVlnb0tjaV9jMnBtLU9fdmcyZzlqZEFBT2YtWUxOX1RxQVo2TUttTkZ4X0JZREg5N2hGMVh3bEwwRFl0czVFa9IBXEFVX3lxTE1JdmlZd3VXSkJGQ0dRZ3JTeC03VzB6UnpvV0tsUGlya1VSTVUxXy1WeExsS2YtLVJXdnRURjBMck5fbzViREpoRDRVeDdJZFNpemF0cVk2dG9fYXpZ?oc=5&hl=en-US&gl=US&ceid=US:en,BBC,0.0
Lee Jae-yong: Samsung heir released from prison on parole - BBC,2021-08-13 07:00:00,https://news.google.com/rss/articles/CBMiV0FVX3lxTE5BSjhxVUt5alBxc3ZsT18tMkc3cTFxYlIzUkJfeEVUcFVKWVZPeHdnc3BFbWZheUhYVjcxOTRCd1FGTlN5RjAtRVptampfaXpmV1ZENVV4UdIBXEFVX3lxTFBCN2c4SlFoNmVmYUc2QmhHb3FibDZ0QkE2cEQtQVN2NlpLcWNtbmUwRGJRTmhScEJOSFcyQ2dwS2YtM2hfZTEtZ2dXamdMTi02WnlhRzBxV0duM201?oc=5&hl=en-US&gl=US&ceid=US:en,BBC,-0.5106
“Everything changed overnight”: 4 journalists share their pandemic experiences - The World Economic Forum,2021-08-19 07:00:00,https://news.google.com/rss/articles/CBMijAFBVV95cUxOM2ZmWS1LdUVxWDRHQzVVQk91cmRmVjFDcUR3R0F1S1JpWUZVNFRBc1c5M0ZZWlhhZEJDWEFKY294M21Mc2lYZjBRM1dVWnUwcWpkT05mTVMwaFUwNVhfTDljWGg0WmxUREV5YXZLVzloN3pTXzd2MmFWUms4TC10VlI2RGhxajNJNWF4Uw?oc=5&hl=en-US&gl=US&ceid=US:en,The World Economic Forum,0.296
ODU Ranked Among Top Universities by U.S. News & World Report - Old Dominion University,2021-09-13 07:00:00,https://news.google.com/rss/articles/CBMiigFBVV95cUxNWTlBeGd2SkR6X2wtQjg0dVkyWDB6cDluOVRBcFkxSjRNbnUtdEVDbDFCN3hBRjlYR1Q0cWF5bEljeUZ4UWRyNkJUZi0xd2pqbEpwRG9DN18teE12VE9Lb2RPeTU2c2prZEZtWWtUNTNxdXdlQzI0OHJ5dHVfVlAtcGM3S2Q3VGZvc2c?oc=5&hl=en-US&gl=US&ceid=US:en,Old Dominion University,0.2023
UWF recognized in U.S. News & World Report’s Top Public Schools - Regional South Rankings - University of West Florida,2021-09-13 07:00:00,https://news.google.com/rss/articles/CBMiqAFBVV95cUxQaHpkcEsxTFBmQmRjQTQwUUJmRVV3MjRRaWhXUHo1UkczTXRBMlgxNjNHMk1yOVlfQURZbHBRb094UGdzbGloLTFzZjNvQ0FIWWtmckxBUGQ4RWtxWGNOeWhqbVdHUXJ3NzlUazMzb1dBSXF3UWtlTVEyVW5qTk9CdWVfZmRFUmhQWVc0bndJbkZSRXZBcV8zRTNfOFFzcFgwdEwtQ0Jfbzk?oc=5&hl=en-US&gl=US&ceid=US:en,University of West Florida,0.2023
Knox Ranked as Top Performer for Best Value on 2022 U.S. News List - Knox College,2021-09-13 07:00:00,https://news.google.com/rss/articles/CBMilAFBVV95cUxPMjgtakYtM3hwR0txcjlWZFdJWVgzS1JvU2huMXF2V2Y1MG1wZXN5ODg0V2lyNmptUWFjWFB0dHpKMTdudFJoY3AyMldWRDllalZ1cmhwRFRod2hZZHVicFpxWUlNOVhXOHhhZTNFSG9acHF0cUVOa2JjNmo4UURmcGphcEZLdW1UcFNvNmY0bWZzTEJz?oc=5&hl=en-US&gl=US&ceid=US:en,Knox College,0.8126
What are the WHO Air quality guidelines? - World Health Organization (WHO),2021-09-22 07:00:00,https://news.google.com/rss/articles/CBMilwFBVV95cUxOWEt4Yl9FS0laakZCbkJId05UbTBtNjNabUtINVZxWXVmcFFQVnZWekxucGk5TTBHa3FjQlNRTUtVNTVYSW9RY3BrdDlZeHFsZ0lOV08zNXRFRmQ4V0xkUjlYLUZpSjMxRnltTEdubS0wdmh2Z052T0JNM2VpOFNVYjZtUjdyeUR6R2VxSUNhLS1GQUs1dllB?oc=5&hl=en-US&gl=US&ceid=US:en,World Health Organization (WHO),0.0
U.S. News & World Report ranks University of Florida fifth among top public universities in its 2022 Best Colleges rankings - University of Florida,2021-09-13 07:00:00,https://news.google.com/rss/articles/CBMiXEFVX3lxTE11WWF2RHJVWTBVdXlRSGZsMmZldGVHYjFDZU9IUnNDcHNqUkNsNVhQaHlmZFdUYlo1amlRVGVudm1iZ3VQaGFEYmM0NmdsWkRHdVZyY25tSmFnR3JL?oc=5&hl=en-US&gl=US&ceid=US:en,University of Florida,0.7184
Xavier Ranks in U.S. News & World Report ‘Top 10’ Midwest Universities - Xavier University,2021-09-13 07:00:00,https://news.google.com/rss/articles/CBMibEFVX3lxTE5DYkxoV0RDWUZFdHFWQXo3dmRWTWFXR0tMTnBPaExpd244WXFKYUxJckpMbW90Q05NNXd1Tk1ld3hrdUxKX1FpUG5kQkJOcjlSeFgzR2twU1N4WmpWZEMxTmR5SHZQM2NPUlA3eA?oc=5&hl=en-US&gl=US&ceid=US:en,Xavier University,0.0
"Manhattan College Ranks Highly on U.S News & World Report’s Best Colleges List - Manhattan University | Riverdale, NY",2021-09-13 07:00:00,https://news.google.com/rss/articles/CBMimgFBVV95cUxNTHdhazBITVJQREdMWUVtdTgtODk5UkNjTV9jUU1LRWlhZVFPLXdkd2Jfa1djMkxuWldrbVN4Qk10ZURQbVhnTF9ENGQzcFU1cTVOdTFVZmJNWWd4bXY0RHhpRlBMZWV1dm55ZmlGckhMQjU3dHktaDBueFJlZkRCbUtlNnJxUXhybFNURVRmVXdFcjdWVHgxa09B?oc=5&hl=en-US&gl=US&ceid=US:en,"Manhattan University | Riverdale, NY",0.6369
"Ashland named a “Best College” by U.S. News & World Report, ranked among top 35 in three categories - Ashland University",2021-09-13 07:00:00,https://news.google.com/rss/articles/CBMiswFBVV95cUxPbkJBUkhxVWFvOUNWdGhpS3ZlLTFrYTQxUERHZHREWllnbEpHWU9hbzNWeU40NFE3OTlGWkZWZVg2cVF6dkNHNEl2T0tlMVdCcjRnWnNBOC1xNW9wMUxfUFlraEtYMC11TlJZNFpCUWlDVHdYcW5MMDBxQ0RNdU5WUVJBZXE0RUhFQkwybHptbHlMMGFqY0hMaTRXUEpLSDkyTlg3YnYzc3NoUFhUNmFhUWNKMA?oc=5&hl=en-US&gl=US&ceid=US:en,Ashland University,0.2023
SDSU Programs Continue to Shine in U.S. News Rankings - San Diego State University,2021-09-13 07:00:00,https://news.google.com/rss/articles/CBMihwFBVV95cUxQaWpsZEZKQ05BdE02R1dLdGtkNFNMQU51WWNSNzJoX0JpWGN5Y0FuZHd3aTBCWVJjeDRjSHA3NXh6cnlYY0E4ZVZNdXRwV252b3FZaTJkVnV5aEFHR0p2T2NFcHlUczhVNVNkalc5T0I3THBpZmdYTGg5d2NYQXU5VTA2bUJzYW8?oc=5&hl=en-US&gl=US&ceid=US:en,San Diego State University,0.0
Rider moves up 11 spots on U.S. News & World Report list - Rider University,2021-09-14 07:00:00,https://news.google.com/rss/articles/CBMihgFBVV95cUxOejM4MFFRNUFoZExmSUFLT09iUngxWE9xVWM2TzR0cUhSSFlaVTN3ckZRcjdaWmxQWUZKTnUycXhuUDR5NlRDVzliN05MaGxtQlVYSGVmdmRYYm10NVBlRUxtSVlFN0Z6LUNuQk9JZFYyRUpnZlJLWjhKZEw1RUxGSEFjSDc0dw?oc=5&hl=en-US&gl=US&ceid=US:en,Rider University,0.0
Climate change: Young people very worried - survey - BBC,2021-09-13 07:00:00,https://news.google.com/rss/articles/CBMiUEFVX3lxTE54SE1MZC1Ma3J3TlQ5SGhaRExPbWgzVUROMFBGZVZRVmU2ZTluQW5Idy1hejR2aE1vaEg5UzlNVUN5NV9idHdTQndhcFFfTTJa0gFWQVVfeXFMTWx0b0hkbS03a2poUGFWNDF3VHhMdk5XYUJCNS05d2FjNWNtZUozSkkyTEF2SDJWX0N3OFNRdlF3WUdhZkpCVmpnWXN0Q3B3THFRVEdfTnc?oc=5&hl=en-US&gl=US&ceid=US:en,BBC,-0.3597
U.S. News & World Report recognizes Lynn University for innovation - Lynn University,2021-09-10 07:00:00,https://news.google.com/rss/articles/CBMingFBVV95cUxOUzQ5OHM0UV9mdTVTQnNndnpjd0JoeXNhZUhwNWtjRXlhR3kyVHNCVF9iRXRReUVOb1NEUjJUZWlqNjJQMXQ1SE5iWHY3ejNBU2RJMkhyZV9UOFhneXA1VDVnTU9MSFhRS2g0S0NFY05HTUNhN2VRcHQ4WVpZdndrR2d1NVhuSkRxcnJNLU4yTjRBcjJaLUo4Y3hxYXN3Zw?oc=5&hl=en-US&gl=US&ceid=US:en,Lynn University,0.3818
UC San Diego Named Top 10 Public University by U.S. News & World Report - ucsdtritons.com,2021-09-13 07:00:00,https://news.google.com/rss/articles/CBMiuwFBVV95cUxQS2pNYjNJZXNSTHgyeTgzYnNBVG1sS0ZhUExHZmo5S0M3OGxESUlRWmhlMmFKbWpoRVZRRUxQbWJLbVpmbVlYZC1JMWxXcEN5cEZXcmd1MVJSQnhTTXhxYXhsQmVZZEJrcGNxYUFSaUFacU5RcWdHWU9DWmNmQno1Zk5uakNmaXFGUWs4VXQ3Rzh3OW9iVHZvWTdjQl9ZdGJLdnZwMkRpRWdaMzVJRWVFbDJmanY1Znh4emhn?oc=5&hl=en-US&gl=US&ceid=US:en,ucsdtritons.com,0.2023
Global Insights Presents the 'Text Capital of the World!' - University of Scranton,2021-09-29 07:00:00,https://news.google.com/rss/articles/CBMihwFBVV95cUxPa012R2hMQ3hLeUxjSXBiVUVHM1dFNHM2WDUtMU5YT2l3Q1E5WktieDZMWnlUSFgxZFhrQzZFQlVBOGJsSU9ob2tNQkwya1IwRjlyQXQwcUtiRFo1ZWxDa2FqeFkxSzRnMHhaT2E2dHFhdUZwTmpzUGVJWVhZYWY3U2kySlJLU0k?oc=5&hl=en-US&gl=US&ceid=US:en,University of Scranton,0.0
U.S. News & World Report Ranks SCU No. 55 Among Nearly 400 National Universities - Santa Clara University,2021-09-13 07:00:00,https://news.google.com/rss/articles/CBMi6AFBVV95cUxPTmozTXVtczJwN2wyZnRQLUlEVTZ5LURRVW5fYVRrQ0NsRHpPang5RGk4aFZRUmlWdUNCajRweHR6RWFEcUNtRjF6R1d4R0hzdFJEazQ0YUlGQm9sQWdGZ0pHbWVxX1Eyek9yeDVPYXY1ejVTaXo0WEIzQ0x3OTgtdUR0SGhXWnhqdGxZdzhYOXJHUS1uVm80amg1alZvNHh2QTVwRlBjV2pHRlpDc2piR0x4d09ZNnpSX0JHM252VS00Vl96b2ZWLTA4UXZKMTltdkl0QlR5eDFtRzBnSVh3Z3AtRGh2MkxV?oc=5&hl=en-US&gl=US&ceid=US:en,Santa Clara University,-0.296
Nuclear fuel report sees positive long-term future - World Nuclear News,2021-09-08 07:00:00,https://news.google.com/rss/articles/CBMimgFBVV95cUxQVXg4VnZUUk1xTk45RVB0WmFNeUNLN0FuTTlNN2VPNDFGbHpkenJQeWc4bl9qaWNsZFRCNlI5ZHdIS0pzUXE4ZzFWTlJIdEJTSEZDaFpnb3NQdC1TbWZrdTR0c1NRdC1jVnZhZllSUTZJNk5lenhKc1I1T0x0NEY1SEdFVFZpbHV4WWZOajhjdlZMNWtmOVB3RlNn?oc=5&hl=en-US&gl=US&ceid=US:en,World Nuclear News,0.5574
World Bank Group to Discontinue Doing Business Report - World Bank,2021-09-16 07:00:00,https://news.google.com/rss/articles/CBMirAFBVV95cUxNMXExcXYyYm90d0JmZmFKbWwtS1lXMkVwTUhSY3R4VFJoMHBsNzQtOFF2bnlLX01Kb0ZhcF9qejB6d0FyamRvaVEyN0Y0MDAwdWkwMHgxNzRJTlFkc19YRFlfZkhyRjNGNUtnX0ZzZUhzeTdSZXpRMWJocFdOMG54SVJRQlZIVUFVejhVdlZ4XzhkaWZ3dTBMN2NtV1NjM09FVTFpVGFTaHZaOU9X?oc=5&hl=en-US&gl=US&ceid=US:en,World Bank,0.0
TCU Named Again as a Top 100 University by U.S. News & World Report - Texas Christian University,2021-09-13 07:00:00,https://news.google.com/rss/articles/CBMingFBVV95cUxQX1NoU0c0WHhodUxWUVhkWW1jTWFVbHplQ2lMWXlsanFNbWJibFhxZE9COU9ZVDdtU3o3TFpjMWZKOUtlbWVWb1UzeFR4ajNjRXB5R2Y4X3gzems3X0Ztb0F0Sm5ZREY4UUVGTGJRNnk5Ujg2Qk5YNEhqa3NkVDYxX09XLWhNSGg0U1RBYzdNY3loY0psWGdBYlA2TTNyZw?oc=5&hl=en-US&gl=US&ceid=US:en,Texas Christian University,0.2023
Brooklyn College Ranks First for Ethnic Diversity by U.S. News & World Report for Fourth Straight Year - Brooklyn College,2021-09-13 07:00:00,https://news.google.com/rss/articles/CBMizgFBVV95cUxNNXNzWGZsb3RHanZHZkRFQ3NFbGR5bFo4VmpSZHJpejdSN2pXdGt3Y1haY1dwZU5mMFFFdmJxNUZpcGVfeXE0OEVMZExobTZWOVE3YXNaelBtRnF4Zm1WWmg1NTg2Y2tyUmktdGdSSFl2Q1NuY3JQUUlvSjl5cmdxTmwwWjJlVnpsMGk0UG14b3U1TkFYSTdFM1pUdi13YVFaTU95bUg0U0FfT3FtbkJqTXFERFA3ckhlUjdoQjNXdmlOaTFwVmFrZkpkX2h1dw?oc=5&hl=en-US&gl=US&ceid=US:en,Brooklyn College,0.2263
Infographic: US military presence around the world - Al Jazeera,2021-09-10 07:00:00,https://news.google.com/rss/articles/CBMipAFBVV95cUxPSWM1VW5RYzBKbHF2bkhxa2oxMFVQVXpVWVgxUU9SS1F6TGN2YVdoNVdrLU5fVGJpWnlrRGt4VVRTbWRlcUktZmdnQm5QLTkydDNzUU83YURfcnhwc0JKQVR1V01fMEFxSm40N1N5SjR5VVRtR3IzTTc0Ukc2bnZZMFhIdFRFa0Y4S2Y5SHc2MUMxVExuVlB0QVNZYjQxbTVkRmZKStIBqgFBVV95cUxPUER3ZGNKanhxcWNmeVBEZkdLQ2NRUHpZRVc5eE1kZktCMXB1aUZXRnhadWdvSzBESVQxUXRuVkxvdDJUdHo4TVVQbzlZUnFLVGs2bk0zR2ZVemdObTVFSWdCZjZKR0ZKTnF3TWVSc05hcDU0anFsY1hBZVZ3ZHFhZmZOZVlzUFppNmxFbzdYSVVpcm4xTUJyZy1NdW9GeUw3eXNnaHNwMEdhQQ?oc=5&hl=en-US&gl=US&ceid=US:en,Al Jazeera,0.0
UIC in U.S. News & World Report’s top 50 public universities - UIC today,2021-09-12 07:00:00,https://news.google.com/rss/articles/CBMihgFBVV95cUxPMWc5UXZka096QWpEdlQtV05JVlhmNUxfcmE2YnppU29iWnYtalRwZ0FuT2ZwSnFhOFZCbG10QWxNWUZlNElQVllnaGs3a0dIQm1xZXhfbUk3LW9Yc2Y1SnczLWhJVXlaYzJ4cm9vam5sT2M4NWIxcFVTSWRIdnNVbkp4Ums3Zw?oc=5&hl=en-US&gl=US&ceid=US:en,UIC today,0.2023
Wayne State University named by U.S. News & World Report as a top performer on social mobility - Today@Wayne,2021-09-15 07:00:00,https://news.google.com/rss/articles/CBMi0gFBVV95cUxONjI0dDBuM1lxaVZ5VlBMQzEzbkV1T09EYmFablQwNmg2MFFKLXJHcEZhaFpyclhBZ010VkUwdEFXZW12Z1R0MHVFM2ZWLVpmcXNfY0pIYzA2V2J0XzJYM1BRS3ZEUDVMY3ctTlFUNm9DRnN0RUNaaVpuRFYzcGxxVVZyMmpMTThfTmlURzFlSTlVaE41SzZMZzlmYVJGMTZuMEl4ZTFLb1QtZ01vTTl5MFZVMHdFdk0yR29nbXdBYjNlbzVfU3VsZTU2WjQyZjluQ3c?oc=5&hl=en-US&gl=US&ceid=US:en,Today@Wayne,0.2023
Student success powers FSU’s Top 20 ranking by U.S. News & World Report - fsu.ed,2021-09-13 07:00:00,https://news.google.com/rss/articles/CBMivgFBVV95cUxPX3o5TF9Jb0J5LVRlSE4ta0c3VkJBdktWZGhNZFl4QUlSeW9oQ3NLamFibjlWYUtsN0ZsaXgyRWs4ZnkzUGUwb2l0bm1QRkR3MEU2MjMyWFA0eDVjZW9wamQ4QTZCLUFTTy1hbklNWU5SSUFDWWRfSVJWRGRSWDRnZzBUUld3M2ZGbUhZYWJFYmdlWUsxbEVObmNoeWJGYm91V0FxX25ZdnF0UTB0aFVVMHA1QWFsaVU1T0FZRUxB?oc=5&hl=en-US&gl=US&ceid=US:en,fsu.ed,0.6705
OSU named a top public school in U.S. News and World Report - Oklahoma State University,2021-09-16 07:00:00,https://news.google.com/rss/articles/CBMitwFBVV95cUxQTTUxSWk2OHRrN21aaXZiTklBOG9SdVc5SmNPTGkyVmxWLWNmcW1ZQVFQVjZEb2JJMW1OSUZEUV9lU2xLMmhQWnZtZVRxVzF6ekJDbmsxdmFfdVEzeVAzdWVWVDUtcjhlTE5ZeFg5aXNmRVlIeW9IRllqWE9ycHVkNmtjYVQ5Tm9XUU1sQ1Zuc1BrbjY1QkhkMzAtekJra1NLbGo3aXFiUUVfTkZXMUROelB0dl9Sc2M?oc=5&hl=en-US&gl=US&ceid=US:en,Oklahoma State University,0.2023
CUNY Colleges Once Again Earn High Marks in U.S. News & World Report Rankings - The City University of New York,2021-09-13 07:00:00,https://news.google.com/rss/articles/CBMiowFBVV95cUxQN2I0akt5b3BBbGdDaFFrRWJsQk51Mno0bTBiUUhobFdCUmZZWGRfNDdTYlAxVnRyQVFNTW1XVlhGMnlTekpUOHJiWmR3aGpUOE1ONldicmxJOXQ5LUVZVVhrVWpaLWR4NHV2V3RPZW1jU1NtZm9ubTRUMl9yWE9NT19VM2pXVVl0VzVfVkNWcFlBc1NLNk94eGtydUtYVENrNGJv?oc=5&hl=en-US&gl=US&ceid=US:en,The City University of New York,0.0
UC campuses earn top spots in U.S. News & World Report’s 2022 Best Colleges rankings - University of California,2021-09-13 07:00:00,https://news.google.com/rss/articles/CBMivAFBVV95cUxQM2F0ZTIyQjdRWG0takMzVmttRFo3TUhKU0dMR0VVdXN0cXZnMzlPZVFOekdFMFZuZmNNQTNIbWhidlg4WXRhbnYzelRhSERfZmxtdUNSV2dLbzZndVozS2Rfa3RreXQ5dGZKMzBKX1BJa2lmRkdBZF93dGpfS0ptMU9xREdmLW5KUzRCUTVxbjZlYzRDZ2JwelIyTzRZNG9XSWlUS0tKd3QwZjROQjBqaGRsbm5KTlhTOHZvTw?oc=5&hl=en-US&gl=US&ceid=US:en,University of California,0.7184
See how North Carolina’s HBCUs stack up in the latest US News & World Report rankings - Bennett College,2021-09-22 07:00:00,https://news.google.com/rss/articles/CBMisAFBVV95cUxOajI3ell4TXc3eW5nZU52WU5GaEhFQnRtLVNJRmxMRXdqUGNTczlXWENwMVZlZmNvbFBZRDZscWF1WFNwWUNTOGM0dWpSa2hidTV4bnpLVS10MjdDUmdCRDdhWlU4RmNjcnQxSTVDZDVGMDBJbjk4U0dZYUFlREJ3WEd2NWd0QWlFMjU4Q1VwdURpTmhnbG5YVFNQenNsVWhibFdMdXhOVFZvUnYzQk5ldQ?oc=5&hl=en-US&gl=US&ceid=US:en,Bennett College,0.0
"UN chief's message to world leaders: ‘Wake up, change course, unite’ - UN News",2021-09-19 07:00:00,https://news.google.com/rss/articles/CBMiV0FVX3lxTE1xMU1TVWV6RHRpVjRvTzhndUFYN2M5T241djdjazQtSmpaaXRfY1hjemhwbXJRek91RFRnUjhkTFFLbnE0cks1SmlGSW5nVkt5ME5uUl9BVQ?oc=5&hl=en-US&gl=US&ceid=US:en,UN News,0.0
Decade of Distinction: HPU Named No. 1 Again by U.S. News and World Report - High Point University,2021-09-13 07:00:00,https://news.google.com/rss/articles/CBMisAFBVV95cUxNVVBsQXc0Mmp4UFZWY0ZTbnRRR2pnaERBUVdLeGtFbW8tWHhMMHBTel91bGR2V0lnQ0JobEhmREJsZDNFTC1ZbnV0aWxWX1pxa0FqMFlCdUY1di00YmF0Q091dlYtdXhFS2dRSWxQV2EwaXlJWENLX3J3TzZpVTQ3M1hsczJybGlIS29DYjc2aUNLUktTRGhLeWl2bE9YRURNUjhlUFNaWVJuMFdBTlQ3aw?oc=5&hl=en-US&gl=US&ceid=US:en,High Point University,-0.296
Groundswell: Acting on Internal Climate Migration - World Bank,2021-09-13 07:00:00,https://news.google.com/rss/articles/CBMiyAFBVV95cUxNVTJROTlaVFRsdHNYeUltTFF5ekZHSUkxQWdVTUx1Zmd5UGp4Y3c1NXdmYVoxME9jQXIxYzg0X2FVQ202ZjZwWVVrcmp4Q01HWE9BYXVENjlSUTFLY2hwdm4xT3NIQXRRUERyZm01TTZfN2M5R3J1aVdjZUo1a3h3MXNEVjRqZktiQkpqRHV4Rkx0Q1JreU14RE52V3NSTFllWlprSXVJREVSTVJxMFM5eHRjcUMyWnNVaDBvTUtWOGxBUFN3ZTRfTQ?oc=5&hl=en-US&gl=US&ceid=US:en,World Bank,0.0
Budding coders create apps aimed at real-world impact - MIT News,2021-09-30 07:00:00,https://news.google.com/rss/articles/CBMiYkFVX3lxTE1XbldYbk50NjNoc2gwSlZSeEt3V1ZoVTI3SzNGdmJJeVh0dTF0aDRPeHljQjkyeHdYVXZNTENkLVBpWHdHM3lJMjVXdXlkZGI1RVoxTTVDclFlWHJFQ0phRXhB?oc=5&hl=en-US&gl=US&ceid=US:en,MIT News,0.2732
Rebuilding the ozone layer: how the world came together for the ultimate repair job - UNEP - UN Environment Programme,2021-09-15 07:00:00,https://news.google.com/rss/articles/CBMirwFBVV95cUxNSFp3aXpLYzVKZjh4cWtnVmVZR2YwNFVlMWpjNlFLZ2x1SlFybG5rbkNGbDFoMXZOa1p6bGw3VFJ3aXJtbExXRlVOR1pXbV9YLXIwaTRfQ0pNSndRNEszRGppa1duMHpFOU11TlZsZE05VUlGM3FfT08yUTcxZzdOOW5wSlZXNmJ3dF9rSFYyc1FyeGM4ZEItMEl2bWtUamM4cUp5SVRyQkJHRm81UTFZ?oc=5&hl=en-US&gl=US&ceid=US:en,UNEP - UN Environment Programme,0.0
MSOE ranked among the best by U.S. News & World Report - Milwaukee School of Engineering,2021-09-27 07:00:00,https://news.google.com/rss/articles/CBMingFBVV95cUxQRDVtM2ZWeGhZYUJhQ1ZfNklQbFhJcFh3MzJSSmpkUS03bTRrTVhGeVBpSElGYnVpZkJ2dHpTQlJ0Z2lWMFotM0ZkbG9FeFE0RzJKYjllR2hpWmpNVGRsb1R1blBlR2xRQ0lLTXlKUGczNkUwR0psVnZqMVg1SmxYZFcwWDF0ZmJiRDBZWGFJMDllWmxVZWN4ZzB5M2x3Zw?oc=5&hl=en-US&gl=US&ceid=US:en,Milwaukee School of Engineering,0.6369
University Continues to Rise in U.S. News & World Report’s Annual College Rankings - University of New Haven,2021-09-22 07:00:00,https://news.google.com/rss/articles/CBMifEFVX3lxTE42cU03ay00dlhZRkdnQnZpUjFIRTI4bVptQ2ozbUJnLVFsMEhheDhVaGpsZ1NXZUQ2OHJVYzFVLTcxbEJKZm5wUk5VUWJsUzNDbHFlaENrMWdIVHBIaDlQclBxZXducjlqeURKNGxSRXNmWHRUb3JiX1BLV1Q?oc=5&hl=en-US&gl=US&ceid=US:en,University of New Haven,0.0
Augustana University Ranked Top 10 Regional University by U.S. News & World Report - Augustana University,2021-09-13 07:00:00,https://news.google.com/rss/articles/CBMiqwFBVV95cUxOdFN4QXhGSzluN0ZuTVdjS053Q1E4d3Q5WWFPQ21jQk84UWQxZFNfTGR6Mk0wVWlpRmR3cmcyU0xHLTRRcklad0pxN0d3SUVBWDlvLVF0QUJzM3dieTU2SnUxX0FHUnFwZEJrZDJ2ejRwOHk2VUVmU2hmVXpWV1MwT0dvWmZsbEZ6NlJjVFcwSlhqdVRTYWRmYVdndjRRaTM1TzRlWi00YWFSUTQ?oc=5&hl=en-US&gl=US&ceid=US:en,Augustana University,0.2023
Barton Named Among 2022 Best Value Schools by U.S. News & World Report - Barton College,2021-09-29 07:00:00,https://news.google.com/rss/articles/CBMilgFBVV95cUxNUnNld2xKX0FjdUhEMGZYQlhfcndhdDRlSW55dnVWMlEyOWNQM1NsSm5NRHUyYmVIWHZSYm9QWE9ydnc0cnJiRnhrNFl6R2FtV2pfUE9LczNVVGZ4R0VIU1JrcjdhWDVhNE5vUV84VEhtQmtueGUwUy1zZWVoZ0xXX0FGTldtczlzMmE2TVhPelpnbTByUFE?oc=5&hl=en-US&gl=US&ceid=US:en,Barton College,0.765
Climate change: UN warning over nations' climate plans - BBC,2021-09-17 07:00:00,https://news.google.com/rss/articles/CBMiY0FVX3lxTE56Q2hKc1htMjdHSnZJbHFsU0dIQlQtdExlS2NFUFpRam5iQTRVZ0RTXzlicGd5ZmJweEVsN01QREI4aDlZZGVtTVlLaGVITFhwTXlBM0p1V0wteWlHQWk5TFktRdIBaEFVX3lxTE5LSHY5dmxnUXpGY2VCTVFtM0JIb0wxX1dBWHdPV1lVR3NmZWVWakxqbnNOZmNCaEpobll0U0NmZzFaNGZoR2tDMHJSRzlCT0Vzd3drNG5STzZhZjhXNWM1Mm96eUh3UUxJ?oc=5&hl=en-US&gl=US&ceid=US:en,BBC,-0.34
Monmouth University Named to U.S. News & World Report’s Top 20 Best Colleges for 2022 - Monmouth University,2021-09-14 07:00:00,https://news.google.com/rss/articles/CBMisgFBVV95cUxQYXJ4SXRpSTFsUUQ4WEVZbUxha2RFdXhXU1hOTFhYUlNhODRZRDVoWURwVzlvcUhrZVREVE1zaE1CVzUzR1YyZk9tOHI4ZS1vbjdPYm0yUDE0ckVVWnFOeTBiQlBLc3VZZDFtSHFRaWlONlYzekZRSmhrNDdpODAyUDBCWlJDVWZhR29Zd2d5NGEwUEFfdHgySnMtVk5Oc0NUY1FPVmIxTFZ0RXhhUUVIODNn?oc=5&hl=en-US&gl=US&ceid=US:en,Monmouth University,0.7184
USMNT Roster News Ahead Of World Cup Qualifier Against Honduras - US Soccer,2021-09-06 07:00:00,https://news.google.com/rss/articles/CBMipwFBVV95cUxPc3JOV09FR19hcFhaVTRwZk9zQ2J3blR1clNINXhHV2hrMzI1dHA3ZWVWN185LThZMlRSS3cwaldMR2lkd0ZnaXRiMmhadXl6SUVrdUNObVl6LUJOZUJZbXRheG5jdUFGem1iUE5qcERYeEJfVjhOaWY0VTlYMXhwUEtweFF1b1BZcHhmbFNTVVBRVnNkMGxKNHU4NXd4ZGJVSmVzaDFzSQ?oc=5&hl=en-US&gl=US&ceid=US:en,US Soccer,0.0
The perils of ‘doomscrolling’ when the world is on fire - Northeastern Global News,2021-09-21 07:00:00,https://news.google.com/rss/articles/CBMibEFVX3lxTE1yY3A3WDJzckFCVFM5M09OWllvMzNpSUhXc1NJMHlOVWJ0b2pyTENwQU0xQ3phM0hxQ2VvcnQ5eEJDZXFjSDVhZWRGaUlibTFMNDk5OWdWdFZRbFpuOWFaMTJtY0lkVVo3U3RhbA?oc=5&hl=en-US&gl=US&ceid=US:en,Northeastern Global News,-0.34
ASU named most innovative university 7 years running - ASU News,2021-09-12 07:00:00,https://news.google.com/rss/articles/CBMioAFBVV95cUxPa0lFckx5aFhZVW1HMVFFNE5mOHNQVzlZZUVad09BTXlBQ3o2Q3Q4OFl5RmwtOWh2VWh4bkE3VERiNmE1UGxtTDlfcGNuMVlMbFpwem5YTFJHM2c1TFhvM29HYTZwZ1d0VE90UmdscHhwRlp1MzRhYnV2VVhnRU1HSWQ1MXo5UEVtVDlsV3BVZlN2TWJPNEU2RTYza1dqQzNI?oc=5&hl=en-US&gl=US&ceid=US:en,ASU News,0.4927
Yeshiva University Rises to #68 in U.S. News & World Report Best College Ranking - Yeshiva University,2021-09-20 07:00:00,https://news.google.com/rss/articles/CBMiogFBVV95cUxNSjR5NE50V0prM0VSa3ZxeVhmdmVaWWRUWE40UVVLZXJDY242YmZxOThOZElUMXFfdDBKZEd5Znk3em1nUTZweWlvZEk5YkY3NUpfdWQxZkhNMzZxaDluckh3T25qdWtFeEY4YWZwSWk5MTBzTHhRMk45MnBwU2tGTnBKOTJhTlRRLTR6QXlYREtlQlE4N1A1WVZNd3dxM1YtNFE?oc=5&hl=en-US&gl=US&ceid=US:en,Yeshiva University,0.6369
"Shock, insecurity and endless war: How 9/11 changed America and the world - Berkeley News",2021-09-09 07:00:00,https://news.google.com/rss/articles/CBMirgFBVV95cUxOeDZrZGNlVG8zR0ltTm1RMDhDVFJhay1RMVpqUlNaZkhlZlhYZFNnSzBjajhhb050dC1Sc3Z2SGMzNEhSeC1DdGtqQU1JNlQ5UDBXYWpEcWRlUjVFWV9xQTZ0VENZMXFIY0VOOUN1VVptYTFwSWM3WlBRX0RpdDZpRC1SN3FOWjlvSVcxak4xaW1USVlXR0k3U19WLWlHY0dzaDd3bjFvWHBfNTBuUXc?oc=5&hl=en-US&gl=US&ceid=US:en,Berkeley News,-0.8519
U.S. News & World Report: CU Denver Ranks No. 1 for Social Mobility in Colorado - CU Denver News,2021-09-13 07:00:00,https://news.google.com/rss/articles/CBMimwFBVV95cUxNV1JoS0JveC1TR2NPUmtsMFFZb2ZDZ3NDMjBVSkdTLW8xN3c1RnFQdGs0Q2VRd010NjVmU3h4a1JGZ0hTNzJGaGpiTWNfNnotMjdpU3NDeHNlZXd3Tm5JYjMtY3cwQWh2QmliUTFZdjVVcGtqaTBVWE01NmxXSVhWYnpldkZUTDM0enI2S1NNT3FBY1JjQWZZa0lDSQ?oc=5&hl=en-US&gl=US&ceid=US:en,CU Denver News,-0.296
U.S. News & World Report Ranks Caldwell University Among Best Undergraduate Teaching Schools - Caldwell University,2021-09-13 07:00:00,https://news.google.com/rss/articles/CBMitgFBVV95cUxNVXhuR1FkNHVEUjNTdy1EWmxrSGljbXEzN3dpckt2NGMzUGNZVGlod1Z6anFCOEE0MTh0NU9KeE51dDFrbE1BQjhNTF9JT1NhVnJCRzB6d0ZlQThmcHc3eml6ZENYTHZ2dE1GangyOWppUExyOTFLWldROEMtZm1wM0d2ZldHTEZuSVgtQU8zT2FoWnlieERhNTJxQlFoTUVFNUlQOWd6RnJON05KY2tJNlpzU21ZZw?oc=5&hl=en-US&gl=US&ceid=US:en,Caldwell University,0.6369
Northwestern ranked #9 by U.S. News & World Report - Northwestern Now News,2021-09-13 07:00:00,https://news.google.com/rss/articles/CBMijwFBVV95cUxQS0ppcm1WN1VkdTZHS0dWeWs4WTNaWkZYVWgxaXFDVTl0OTFBX0E0aGhJVnJyYjFLRGxpTHJ4OXVaZWNMZkwzYlkwSDhBLV9DQVBkVkhvNkdSSWZJTWI5OEZMai04YTNtdjhYWUFkbTdPd2ZRdVczOEJqTk9ESVRXUnVYRS1WWDVDNmVNZ3pJUQ?oc=5&hl=en-US&gl=US&ceid=US:en,Northwestern Now News,0.0
UC’s co-op rises in national rankings - University of Cincinnati,2021-09-13 07:00:00,https://news.google.com/rss/articles/CBMiekFVX3lxTE9mYy10VnRKNlIxN0poTnJlUkFGa1BqN1UyOGtCbGRWeG16NlgtU1dpNkVBTTNLaTJtNFlsWjNVN3pfNmJFcXp3VGFlX0VYVlhGNlZrc1oxWkswTzVZX18ydjJEdGp2STVrSDFSNnFpMGFwSVloNTNoWmRR?oc=5&hl=en-US&gl=US&ceid=US:en,University of Cincinnati,0.0
"U.S. News & World Report: UNLV Again Named Nation’s Most Diverse Campus - University of Nevada, Las Vegas | UNLV",2021-09-13 07:00:00,https://news.google.com/rss/articles/CBMioAFBVV95cUxPSHdCS0QxZUNQRjRwcDBmZ3VFa1dHVVZzbkt0MTlSdTFzeEZzS1pBRFFkTThXVHk0VVZobXJYc0ZtenRyZDZ6QUtVOWdGVW5xZENlNXVkb0NsaVRVUEFhMGRCMC1FN1dOWGVjTEhLRi04cUhYTkFuTHdZR2JqOUxtUjZUa25qZVdtX1hmVk9tZERXWTJqSDZsRmNSX2dLdXFp?oc=5&hl=en-US&gl=US&ceid=US:en,"University of Nevada, Las Vegas | UNLV",0.0
LMU Again Ranked Among Nation’s Top Colleges by U.S. News & World Report - Loyola Marymount University,2021-09-13 07:00:00,https://news.google.com/rss/articles/CBMiqAFBVV95cUxNT0xFbVhzREFHZWNoS3pkalRJS1BYMU1oZjZ6ZmNoTzk5U3ZiYzZIdDRTYzNBeDNiSVRObHRRSENYcXc2R19MYzQwLU1QeWhObG5ibC11NS05YXBsRTRLN0RXdHJBZE1LckJHU1pLY1lfYU45WDJkMjJWLUNmaFd5SzVsY1NxdkRZRmxVTnZHdW5vOTlYMmNRNjJXWHU3c3VJcnI2dWtrd28?oc=5&hl=en-US&gl=US&ceid=US:en,Loyola Marymount University,0.2023
COVID vaccines: Widening inequality and millions vulnerable - UN News,2021-09-19 07:00:00,https://news.google.com/rss/articles/CBMiV0FVX3lxTFB3azdMMVlJODc1NUxDSHY5dHdKLWJsZHM4Tm5ZeTgyb3ktMDU2aWwzXzM1STVHX1JXTGJkSzdYakdoVGNLY0Z6QmZTLW9uUi1xRjVzdGRPRQ?oc=5&hl=en-US&gl=US&ceid=US:en,UN News,-0.2263
‘Havana syndrome ’ and the mystery of the microwaves - BBC,2021-09-08 07:00:00,https://news.google.com/rss/articles/CBMiUEFVX3lxTFBZUHZCQl94ckFzNlZIXzVUU29HaVJjbEs3TFgzOUFuR1FWMFRhSnRlRi1ldTVlXzNWSzNzRnhlM3ZEdl9QVm45dGltQ2xXcC1T0gFWQVVfeXFMTWowTXBvY0JUeWpzSkhtcVJURkI4Z3p6dUNLT2hfMmhwOS1WUVcyLUNBLXhrZzhzY3Z3UGJwcTJyaXVMSUxEYmE3TExiXzBfOVVGekd0OVE?oc=5&hl=en-US&gl=US&ceid=US:en,BBC,0.0
Elon named #1 National University for Teaching Excellence in new U.S. News & World Report rankings - Elon University,2021-09-13 07:00:00,https://news.google.com/rss/articles/CBMizwFBVV95cUxNdlNFazY4U1B1MWtNeXM1VWRYWkFZdlB2OGg4aGt3TEpZa0lwaC13YXhMdTJPQ25jWDh3WF9sRDZya3U4dnN4MHJ6b2NkSEdqcWt1RUVzVnNVY0JiN3U3UXpPVl9yYzZIaUQxUnhqYjE4NjIyS3o3WVdBdXhWZmwzbTlMNmZTc2NZZnhZdUdWOVlFUmVRT21xRURNSkliWlJFWi1yTGlpZW5Dd3lHaU1pc1puZ1JXTFM4TG1LUUlraG1LcmFuVk1FcGJXWjhRSFE?oc=5&hl=en-US&gl=US&ceid=US:en,Elon University,0.6249
U.S. News & World Report Ranks Bowie State Among Top 25 HBCUs - Bowie State University,2021-09-13 07:00:00,https://news.google.com/rss/articles/CBMipwFBVV95cUxPNjNCUGQ2NDJXSnZUdzNwWlh1dF9mQUVUaGJuQnBrWVNsSDFvaFB3c3N3dHRhaVRVeFNIczFGVXlIR3YxaFhZcThQSktpc3VNN284QldJM29MNXQxTWlTc2VnMFRXWEZVYklPZVI4WjhvV08yMnRaVnFPdnYwMjVIdk1OZDJRZHFHWEVqclNaYUhfRVFHZUJqTE9Ud0hPUW9IakFYSkJscw?oc=5&hl=en-US&gl=US&ceid=US:en,Bowie State University,0.2023
"U.S. News Ranks Lehman No. 4 in Social Mobility Among Regional Colleges, Gives High Marks for Innovation, Undergraduate Teaching - lehman.cuny.edu",2021-09-14 07:00:00,https://news.google.com/rss/articles/CBMibEFVX3lxTE1JLUcxV2ZiVmp4anZrZkpaV0c1ZThuU2Y3dWtQMnNDVk5CSmN2cWdMSnNXRl9LbU9uTGtvOVZDOTg1NjlSRVo3XzkzS290UEY4MWVabnZkc2xEX01TWXVYYVgwOVpKTkJOOVR4Rg?oc=5&hl=en-US&gl=US&ceid=US:en,lehman.cuny.edu,0.1027
UArizona Earns Strong Marks in Latest Ranking by US News & World Report - University of Arizona News,2021-09-13 07:00:00,https://news.google.com/rss/articles/CBMimAFBVV95cUxOQmlYM2FDZ09Jelp6b1FWa3p2akpaQ1V3QkxCM3E1YVVIMjVaWktmMkZ2T29CVlJ6Nm5mUjhWQjB4Um1uUlhiWVBlNlZ3dEFxV3RTOGdlTlFFWVZTY1I2LWVqU2FybXctelFoWnJyUWdDYXN5T2c1SkhRX05aOS02OVBhTUVKZ3cxWWpVaUtzaVNYblpLbGVSYg?oc=5&hl=en-US&gl=US&ceid=US:en,University of Arizona News,0.5106
5 Environmental Good News Stories from Around the World - The Nature Conservancy,2021-09-07 07:00:00,https://news.google.com/rss/articles/CBMizgFBVV95cUxPLUx0Z3IzVUNKOUFTTDk2WmkzT09SQm1ZMkNLU2NCQ2QwYm9RalV4TzRhZWQ0Wk9GcnJya2stYTJ6eDBTOG9GZ1hkVnVHdTBPTFMwYkdTWXpMbmJNQnV4UFBxTFpnQm1yc3JVMkxvcnB2a0hLOFBiS2VUaXVkbnBnR2cyUzdZWmMxSGM0cFpoQmE4RHNsRlNKZU5NV29zZFduNTVqYkczQkNYSHBFS1oyc19yOXBNOTNSYjBtczlGMkNmVG94U0dJaEZYdTNGdw?oc=5&hl=en-US&gl=US&ceid=US:en,The Nature Conservancy,0.4404
CWRU remains at 42nd in U.S. News & World Report rankings - The Daily | Case Western Reserve University,2021-09-13 07:00:00,https://news.google.com/rss/articles/CBMiiAFBVV95cUxQYWxObm5mZ1owOEVCNVRXQ2UwWjBaV2Myb3p1bG4xdjc3U2lkU3NIdHVSQXJkUVdMamxRRE1qV0ZfV25IYndJM0hla0xqME9XMGpMejJrS3hSejBQNkg1dEZBSURUNmRRbTNkcm9rOXowVXQwV2tHU3BXSUxfYUpVSGdJWXlCaUww?oc=5&hl=en-US&gl=US&ceid=US:en,The Daily | Case Western Reserve University,0.0
CMU-Q Summer Program Teaches Coding to Youth Around the World - Carnegie Mellon University,2021-09-08 07:00:00,https://news.google.com/rss/articles/CBMiiwFBVV95cUxPU0tEY3ZZQlBQWlJTTUd1NTN2NGh2RHFneUtYWTZVeVNENmVfdEtUcjBMX3MtVkNnSUx2cFh0RGc3TUc5Wi1URVNPWDlmU3RRY29JZzNUdGxiYU9YVF9tckZZN2FLald3YlV2MGtJZU4zU0dKdF8zLVNLR2dVa1JXYXNVVjk1UlRrcElZ?oc=5&hl=en-US&gl=US&ceid=US:en,Carnegie Mellon University,0.0
UMF recognized as Top 10 College by U.S. News & World Report 2022 Best Colleges - University of Maine System,2021-09-13 07:00:00,https://news.google.com/rss/articles/CBMisAFBVV95cUxOXzU0Rm5WT0NINWphZVFXYThYbXdvRnpFOG5BaWo0SENvdzlsSGY0T19DUm9uQjNZbUJQbURUWkpKVUxna01mVFVEb05QZ3laem9kQm94R0RZS1d5d0xPZjdzV29WU1RMamMwY2IweVJvRXFPTmRhVjVrQzY1TEpIQWFSem5oRmhaRHRySlZTem9aTWFaU3lKVHZ0Y3RnMUxMRnNXdGlHLWd1eWxnLVhuXw?oc=5&hl=en-US&gl=US&ceid=US:en,University of Maine System,0.7184
"Aukus: UK, US and Australia launch pact to counter China - BBC",2021-09-16 07:00:00,https://news.google.com/rss/articles/CBMiUEFVX3lxTE1NTnQwLTJwdGdGMjlRYnp5SFh3RGZlT3BFbDY0M1VycFF0RDliOUY2Y2t3eS1jZGF4Z0tYclFtVXlwNzlKVThLZFZ4d2k3SlpL0gFWQVVfeXFMTXlRcE1tcjhveFZ2UnU3WjNhc1Jlci15MmZxOWd5akxvNlZ0c2hJd2hoQldHb0kxZEdLalF6aVpDNXJGNFgxaEpkWE9mQTN4ZVF3QlBMRUE?oc=5&hl=en-US&gl=US&ceid=US:en,BBC,0.0
Climate Explainer: Concessional Finance - World Bank,2021-09-16 07:00:00,https://news.google.com/rss/articles/CBMivAFBVV95cUxOenByVnE4ZGFGYzRXczR2R0x3Zl9hbVZkdUo5UDhWT3UtbS10WW9yZTVUcmtlYWxEazQtSVJBdVNUS0FWX3ZrTkI4NVYyQUZCTGpwTjF3Nnc3TXhHeW9WVGlIVmtxU1YtdFJLeWpmZEpyWmxNOURjSDNLVHgxMEd0WU8xZEVxUnVQR09LOUliMGUtNjl1aHZqSF9FMkxGTVBqcGJyNVB4N1lEQlMzVVpJcTZqekxkSjNjZ0NoZQ?oc=5&hl=en-US&gl=US&ceid=US:en,World Bank,0.0
A new world: innovating global learning at Clemson - Clemson News,2021-09-27 07:00:00,https://news.google.com/rss/articles/CBMigAFBVV95cUxOTkZYMUFBVHFiYm5KZ0JrcTNSTHJsUTF6bnRRcTVPMXRhSGdfMzRIMHIwQ0M4OVdlUGZqYmo4VHBMRGpJVDBweXNFN1RQeVFBbDg0YUJlWFVSWEdsQm91SFpsdF82Uk1icm1iUC1yaWkwaDMydmFocWdTNnJEZjN0SA?oc=5&hl=en-US&gl=US&ceid=US:en,Clemson News,0.0
Guinea coup attempt: Soldiers claim to seize power from Alpha Condé - BBC,2021-09-05 07:00:00,https://news.google.com/rss/articles/CBMiWkFVX3lxTE5ELUZCaXJzeHo2UzRIb29qTEtHQ3A2SjNyS2gzbTQ1U0p5dmktV2YzTDAyd3huVnJOR05UUjkwUVlSNXJfYV9EMUZIanVfWmIzSV9rLUpEWWF3QdIBX0FVX3lxTE9TaTFCQUhOZ1JNdkpoLU56Wks3TlBMY3EtSWpfdXpiRzJJU0JOcnJnLWlUYlNqZFptVjlZOHJ5SUFmaktDM25oem15cXRwUERyOVdtWEdEeFR1cmxHQmVn?oc=5&hl=en-US&gl=US&ceid=US:en,BBC,0.0
UNG among Best Universities in South - University of North Georgia,2021-09-13 07:00:00,https://news.google.com/rss/articles/CBMikgFBVV95cUxPT1pkOW1XaUpUTWhKMWRBQ21ERDlwX3VVWkZIQW5KRFBhZGYyTFJxS2FhREZNZnpVTWpxVGItbnNZSVVRcFk4bTVWdUJkTktwTFRhMWc4cGJHTWRsMTRHQ2xaLWF0VXFUcFFxY3hzbDF6ejhSQ1hnbVc0YWhnczlLUmtyaDhKTGpTclloWS1rWTNsZw?oc=5&hl=en-US&gl=US&ceid=US:en,University of North Georgia,0.6369
Chico State Excellence Reflected in US News & World Report Rankings - Chico State Today,2021-09-13 07:00:00,https://news.google.com/rss/articles/CBMimAFBVV95cUxNcTItTlZ1dU9uUENHRkxYOC0xbEpsTDZ5SHpsSkx6R2RFcE55MVhTX2tfM19ybUNuNkpJVVk0MmxGVUMzMkQxMC1YRWUwUk1qamJfQy1MMWxxUU1tbVR3WEl1UzBTLWdfcWN4VW9ZTzdfbVJzRFpEV3ZEZ1lZZ3lpMEtLMlUtQzZrakFtVktIdnpabTZOM0Fabw?oc=5&hl=en-US&gl=US&ceid=US:en,Chico State Today,0.6249
US general defends 'secret' phone calls with China - BBC,2021-09-16 07:00:00,https://news.google.com/rss/articles/CBMiXkFVX3lxTE9QUE95T2NZV3lHU0tMLWtmVE5SLVNFWHhwMXl4Mk9xVmlZNHhXZ09tSUdLNmtoejMyNVFqUVJkYVlpUjZtZkk2ay1Xci1TZjJMc1hRcTB5XzRzZVh6MEHSAWNBVV95cUxOa2JETTF2RDlYbzR0a1ZwOW01Y1ZrdjV5NVpqQ3pBS2tDbl9yVFZfMXh2T181V0pZOWhJNkV1WFBCREtKUEw5M05aZjZiam9MV2VTMkJCcko1MW81Mi1mdloxcm8?oc=5&hl=en-US&gl=US&ceid=US:en,BBC,0.0
Huawei's Meng Wanzhou flies back to China after deal with US - BBC,2021-09-24 07:00:00,https://news.google.com/rss/articles/CBMiXkFVX3lxTE1XbEVDYjkyTEYxU2VqQVZISVExWERISW42NzFUMWw3bk9nR2VINHhQYUdWcENzMDNFRGI3SGZId2NaYjZvT3ViZ1hMcnp6cUkwcTZKZEpwRXVad3Y5ZnfSAWNBVV95cUxNbldwWmdhMGpqRXFXZWFSckJQZmExaHpTUmNVOTRFakFJcGQ5NkpfSEY4WnR2RV9wT0pOZFo2VU5vcGdyVlZlSERGbW1uNnQ2Und1VE92LWhhT0haRzhNTmdpRzQ?oc=5&hl=en-US&gl=US&ceid=US:en,BBC,0.0
2022 Best Colleges Rankings released by 'US News & World Report' highlight UNM’s continued success - UNM Newsroom,2021-09-13 07:00:00,https://news.google.com/rss/articles/CBMiugFBVV95cUxNU3paRU9idUlQYnJ1cEtlbWxrdVctWldpUUxvTURxdXlzeXZmbTdLT0ZaVGc4YVlHdGdUUzZ0Uk96Wi1qZm5qUDRVSzd4WXg0bTI1ZnZURGk2MmFfdHQwUFpXb3pCMllndV9XYWZMejgxR3ZUdTFIUzlrTGZNc2tsc0RTNEc5Qkt6NHR4ZkxrVkplRTJoUGFJWTF4QzhXR3RIZFUtbU1sd1NQVnhxS01JOWc2VHNibTI3T2c?oc=5&hl=en-US&gl=US&ceid=US:en,UNM Newsroom,0.8834
China's HTR-PM reactor achieves first criticality - World Nuclear News,2021-09-13 07:00:00,https://news.google.com/rss/articles/CBMilwFBVV95cUxNX1BQUV83SmVCNFhOQkwxRG9CLWpndWpiVmJXaXI3TWRZUWVSclNWV1o0b2d2cm8zWW1kMlpsbTVsdkwxRlcySFNrU1o5MHE0Z216MG9meUhvQ1BBWlBOd29mZmNYYjlDc2lYVlp6dHROWmxSZlAwNDcxcGRQUVdLWXdkdTVXYkNVVmFVRDFGUjJyRmdJOXhB?oc=5&hl=en-US&gl=US&ceid=US:en,World Nuclear News,0.0
U.S. News & World Report ranks Briar Cliff among best colleges in the Midwest - Briar Cliff University,2021-09-13 07:00:00,https://news.google.com/rss/articles/CBMizAFBVV95cUxONEl1V1pxV2RqTEtkbTg1OVJscU92c25sQXRSTEVQcWNVWGljVndVbjY2dklZaU9FaU5ZQWRQWlM5eVBycnJxVzl3U1Y4Ui1pVVE4a2ZNcDIzR1Y1RV8tZkFIenFBY1c2bkxZTGg4T1RFMXJTZWwwZ2V6QXNHd1FWUnRvUzdnUnJhUFJ6Zjd5MUxmNk1iMUZOT1lRWHpkQ3VKcXhQOFJaNGJ1NUdFUjJYOUQ4Y0MwaTBaQnRXdFZ2MWFxYU9vZEU2UVB1TGQ?oc=5&hl=en-US&gl=US&ceid=US:en,Briar Cliff University,0.6369
Carleton Retains Rankings in U.S. News and World Report – News - Carleton College,2021-09-28 07:00:00,https://news.google.com/rss/articles/CBMimAFBVV95cUxNejBNVk5HUzE5d0ltbHVsaXhnUXNJZERFUDdYYTZmYlJTc1g5N3N4QWswRU83czBMMmpwZzRlYVVqMWYySVVwZXM4Mk16eURBUml0LUp2WDY3aGJBd1pKa3c2YjJsT2FiM2lsRG1zMFpwVXlNVTFMQmVqdHVHQVAwYi0xdUtxbGJoMllDUGJRX0lmU0hBazlWeA?oc=5&hl=en-US&gl=US&ceid=US:en,Carleton College,0.0
Site analysis proposed for Puerto Rico - World Nuclear News,2021-09-09 07:00:00,https://news.google.com/rss/articles/CBMijgFBVV95cUxQbzl5Q0VpQ3YzUlp5ZkduN25HbVMzZnNXNmQ3TUVyNHBfSnRIMk96Rzk5M3hieVhmQnBPQVR1SFNqdGd2dlZKYUstRUFVYXhhMHpEaml1QWthbjdvdlFBblZUbzFnTGZ3MHFfMktjeDlMeEdYX3lOclNicnBYQnZGdGxjcmUwa1RrTENFRHdR?oc=5&hl=en-US&gl=US&ceid=US:en,World Nuclear News,0.0
Hardliners get key posts in new Taliban government - BBC,2021-09-07 07:00:00,https://news.google.com/rss/articles/CBMiV0FVX3lxTE5EdGMwVkFaT0NGUkczS2NjTFNmZWxwTkthLVdhMzNKdV9zTzVkMGo5X0ljM25XYlk3UjBXS0pxdkxuLUNQaDNlWl84MGtrMXUyd0liV2ZNWdIBXEFVX3lxTE9GV05tWGoydGdhUG80QUpwbFFuVXlqMEtkRjJtR25VU0t2RWVFSnVLeVdBSXFzNkV1N29wX2VZVDBBWkJPOXhpNmwtbjJnbzJ6a1hYZ2FzbGpfZnhZ?oc=5&hl=en-US&gl=US&ceid=US:en,BBC,0.0
Aukus: China denounces US-UK-Australia pact as irresponsible - BBC,2021-09-16 07:00:00,https://news.google.com/rss/articles/CBMiUEFVX3lxTE4taDlCckt0MTVzRXI2dExvcEdKUTBxNkF4UnVQMkVkNDRtdXZ1VWlSMXR6TVdLZXF5U3RWNVVXenZEQ1UzazZ1YzhQcEUtSFpW0gFWQVVfeXFMTnBPbGpCc1VxWlRNNUNpYWpQQk9PWmIxWEhjVUJoTEZONXBVZGFwSjRQWnhNeXlDR0xJbEdUSXdiQTRMTjFXM0pLOFVacFl5V0ViamsySWc?oc=5&hl=en-US&gl=US&ceid=US:en,BBC,-0.7003
Montana State recognized in recent U.S. News & World Report and College Factual rankings - Montana State University,2021-09-28 07:00:00,https://news.google.com/rss/articles/CBMivAFBVV95cUxNMnhQalN6SzBvTGhwVVYtYmpjTnVqQ0lBakphWGdQV0psdk0tUnZlSklWVXRQQkxrdlQ3MHBqTk1aRzZDbWVEVDhqMldtc1JoMzZQNm1Pa09fVHBWSVEtc21TUEJDVzhzdGdlTTFRZXZQZHBvdElQVVQ3bnhUdjBUT2JWUEFkQ284Q1daejIwLTVVdWpRWDdPTVNvd2w2NWFtSUhnVkZNNmJya1A0bEppUVU3cnNBaW9sck8zWQ?oc=5&hl=en-US&gl=US&ceid=US:en,Montana State University,0.0
"UMBC sets the national standard in 2022 U.S. News Best Colleges rankings - UMBC: University Of Maryland, Baltimore County",2021-09-13 07:00:00,https://news.google.com/rss/articles/CBMiT0FVX3lxTE9YVGZrVWVSLWxCaXllSTFsc1FQUDhXWGg4djdueFJTSExYRk1XeTgzTl9FZEJhQzVhZHJ0OFZ3d3FZWDZlMFpRR0NEeVJOLVk?oc=5&hl=en-US&gl=US&ceid=US:en,"UMBC: University Of Maryland, Baltimore County",0.6369
U.S. News & World Report: Jumper's Knee - Cedars-Sinai,2021-09-17 07:00:00,https://news.google.com/rss/articles/CBMifkFVX3lxTE1CWE9TdGpOb2VWVmgtbXg0TS14SkVrRkFwaXBxNHZEWVptOEhwc0dCbUtWTXRqaVhMR3BIcXBpZnBUZUpCTERXV1FIa204azgwOG1VNVMwM29XbjkyUzZkc0dLWTE5YXpQNXpUT1R4Z3hkN2dYb3dPV3EycDFUUQ?oc=5&hl=en-US&gl=US&ceid=US:en,Cedars-Sinai,0.0
Purdue University Northwest earns recognitions in U.S. News and World Report Best College Rankings - Purdue University Northwest,2021-09-13 07:00:00,https://news.google.com/rss/articles/CBMiugFBVV95cUxPaEZwN09UNmpha3dpakUtTHIyUmRUUEpUT1NkWHVYZzV6eUlJeFVLSV9PLThoTzJ0M1VsZ3VYcnRFMnhxYTJESTBiNUVfckhwM2FCUDJtREdJQjNBTUpBNGkzbWtRRzdMSjRkdmlNdEpBal9fTHBsMmtZQmxfaGpQY0g2UUQwbGlZdzgxQm43LUlFY3VkcmRueVRHSV9CcEhkTXJobC14NnByTmVwNnhsN3MzZDhBOUk1cXc?oc=5&hl=en-US&gl=US&ceid=US:en,Purdue University Northwest,0.6369
China: Big spender or loan shark? - BBC,2021-09-28 07:00:00,https://news.google.com/rss/articles/CBMiX0FVX3lxTE9GcXVJMHNhSC0yNnI3ejRFdWlLdzc0QkZLcEpUNm1UdTRjeDJZSXd0Um93aFZZNzJ5cDV5aXpDcWlGMGowZkdhcG53d3VlanAzREtHY0FEWTJvUUVUN1RR0gFkQVVfeXFMTktrOXo1dmZ2UmZXWHZOT1FtTVZZSWhBQjQ3TUQxR1FmWkM5bjJPMUl6QWxsVEZyVVJSeFFQZEg0UURGYzk4ZlYxR3BEWXVocjAxMEQwZUNSUjJpRzJlb0NlVU1uWg?oc=5&hl=en-US&gl=US&ceid=US:en,BBC,0.0
WHO's World Patient Safety Day Goals 2021 promote safe maternal and newborn practices - World Health Organization (WHO),2021-09-16 07:00:00,https://news.google.com/rss/articles/CBMixAFBVV95cUxOR1VPRDlUOVB5Q0p0RjFLUHRLWnVYUGFBMTBnX29tR0tNcUFsVDJOeXh3RFFxZ0QwYUI3ZHdNQWxHWEwwalA3RHU0UzBNU2ZySGlKN2xkOWR3c0FzTDZ1S21UUjcxV1FCZmxETF9GZVo0NUk5dWxDeW43NTBqZ0NBWjVTdWpPM3BNT2t1SVY1ODJYMk80cnZRQnlvNlBmTGNWYWdNT0RDNFphejRTVHpUbWNqRU0xbGxVMXBnZFVVX2Qxa0dq?oc=5&hl=en-US&gl=US&ceid=US:en,World Health Organization (WHO),0.8074
"Drake ranked among the nation’s top universities, according to U.S. News & World Report - Drake University Newsroom",2021-09-14 07:00:00,https://news.google.com/rss/articles/CBMiuAFBVV95cUxOVmlxSTFETWpEMmdobVJMZFB5bjZSWHRBemZhelRyWFAxMFRUcHVwalA3cGpHQk1qYmhHeXQ2RTcyS2xxMXh3bEFIam1YY1lvVmdTYnl6QTl3LVRndHBqM0l3M09UTHl2YkNHM1IyVUdkUnQ1U2hKcndFTGNPU0tYd0ExYnpKWWRvbFM5TEhZVmpnNTJxbEMyek03bWlEUURNbGx2QTY2bGFCVFdyOENmSEptbmtqSGg3?oc=5&hl=en-US&gl=US&ceid=US:en,Drake University Newsroom,0.2023
Afghanistan: The pledge binding al-Qaeda to the Taliban - BBC,2021-09-07 07:00:00,https://news.google.com/rss/articles/CBMiV0FVX3lxTFBzbXF1bEh0LWZlaDBLNHJZTUhVSjZaUlg5ejhVNXlzYldVUEc1bC1aNGpKV09rbmZjcHZXWXVXWFZPX2xkSldCUlJqcHZ6SXpuLVZmV2ZuMNIBXEFVX3lxTE9lckN1VFB6UmpnTTdFaDZqV01YcjdOamJ0SG9xQ3c0Um1qS3JmdHZBRU5sRUNVYUxId0dNNzBmVjVXdUR1aDZ4dFdoNFVkWWxHamZlLTFvRkFSb1gx?oc=5&hl=en-US&gl=US&ceid=US:en,BBC,0.0
Ohio State programs improve in new rankings from U.S. News & World Report - Ohio State News,2021-09-13 07:00:00,https://news.google.com/rss/articles/CBMilwFBVV95cUxQdkVNRGdTa25zUGpaRml4Q3hKRTJFNjVrQnQzRFo4LV8tUWZibXZ2Y3ZCa0VzMXM5dDVfUHVsYmlWTmVFVUs3Y2xIN3BhLXdYLVdMaGQtR3BTMjZlQTRwdEthWTBJS1YtaGdaR1dVY2g4NWtiRkZSM3ZPa0FoaXJaWHJGWmctNDRXNFd6QUMzQ3JQZExHRVlB?oc=5&hl=en-US&gl=US&ceid=US:en,Ohio State News,0.4404
U.S. News & World Report Releases Its 2022 College Rankings - Forbes,2021-09-13 07:00:00,https://news.google.com/rss/articles/CBMiswFBVV95cUxPQXJGdjE1T1BqVTd1M2EwTEpHVlgxeHdYN0lsTTVHVzBRUlNDdk51QVppelZnWVRxRk1GTm1JM0JwYmp3WG9YbWNWTkFtcUd6VWZZbnk0YllPSWE1TVhkX2ZzSHFaYlIxbDlnTnJqWWk2TWVFRmxMUGd4eGJDZXJ5cC1UNTJhSTU4Z0M4aDRTQ19FUU5JS0VYQ0pFUDlPeDdENmNEeEE1cHhGR0pmS2o1NC0wOA?oc=5&hl=en-US&gl=US&ceid=US:en,Forbes,0.0
Willamette named ‘best college’ by U.S. News and World Report - Willamette University,2021-09-13 07:00:00,https://news.google.com/rss/articles/CBMihAFBVV95cUxPRER3dlduTV94cGFkOXU1V3FXVExOWjVwU0xOazBTbWJUTnlYNVdNYVhOeE51bmx2Z0w5dmNTRFZ5NkhlRUFQMk1hTXpqT21UbWhkdkpaTTRHQWRVYXJoTThvTVdOSFFYTXV5aW1FZzBESEF3NENtYTRIbXh4QTJRSHpNTXM?oc=5&hl=en-US&gl=US&ceid=US:en,Willamette University,0.0
Engineering students still learning from collapse of World Trade Center - ASU News,2021-09-08 07:00:00,https://news.google.com/rss/articles/CBMipgFBVV95cUxNcUlLYmRBVFJhdEoyNjdnaXJ0c0hCaXpsU3B5TFN2VFFMNG1uRFV4SldSRnZrVENrQmF5QnViM3J4M0ZNQlFwQzhOMV94WS1oeFVNUDhvTDB3Umw2UHRCV2RpV3c3X01kb0FPRUItZzFBYk15T0dRNXdXZk1ia1hSSWNsdGZvS2RfclVVNkxyMWpmY1lnZWM4OFpqSDRMSlZrM0JBN2tB?oc=5&hl=en-US&gl=US&ceid=US:en,ASU News,-0.4939
"MENA Has a Food Security Problem, But There Are Ways to Address It - World Bank",2021-09-25 07:00:00,https://news.google.com/rss/articles/CBMiugFBVV95cUxPU2hvS0x6UVBmT3VYeDNoXzZ6bjhkaVp6SjJ6emxhaS1TRzVFeGhiX1NFeXNNWmdZazVRdE1XREJuRmRwSnFFeE9XcXltamx3ajViZ3VHdVR3MUQwd3RLcFZvY1VhNmNxSG5DNm44bzE3N1RxZ3dQdDJtSmhFNVdPQkdXQ1dKSDBaWE5vN0lKRkNCZDEzaWV4Y1pwSVA0aVB2N0RxSVVRZXBHeU5yVU5KZGVRNGFlcGpwaXc?oc=5&hl=en-US&gl=US&ceid=US:en,World Bank,-0.0387
Misericordia achieves national recognition in U.S. News & World Report's 2022 college rankings - Misericordia University,2021-09-14 07:00:00,https://news.google.com/rss/articles/CBMi6wFBVV95cUxQQ1JZTHBLd2xqZUZsQlMxX1FxWWtkS0JQVjlkcWFCd05CMEZpd3VwcEpGMGFuNDVILVAxbjVhcjFiMjh5cFBOdXdQSkVlZVNBckYwNUc4YnhETjNPUGhNSnBVN3lxdlhwSExkcHVZaDNzWnp0ci1mYnd0OHlfTnZHdU1XNXI0MTUzVVJvd2hIRWExNVd3dnNqSFpKMHpZTC1sLU45MWMxWFBROU82RkN4TndpZWw2b0pfN3FQYnRFVnBDak9kdFN1Unoxb3VQNkEzaXk3cUJrTWtXZkNablg2Y0ZlV3BwTFVacDFN?oc=5&hl=en-US&gl=US&ceid=US:en,Misericordia University,0.0
New global methane pledge aims to tackle climate change - UNEP - UN Environment Programme,2021-09-22 07:00:00,https://news.google.com/rss/articles/CBMinAFBVV95cUxOWFJpVDVsZHp3MzJFVkJ2SGtZWXNzNWllQVdiZHZXSDQ1aW9TcnhrRFFpZnE5Vm15VDZDZzJwdUhKeVZqUEZNb1UwTE5QUWNVQVdUc0ROdVIyM2pZcnJfdTd1dldnWlpPNTFPODhVS1NuNl95eDVIWFgwb3R3TTNrNnRDanQ2TXdablJkZGZIYnRQb1hFRFFEMERJb2U?oc=5&hl=en-US&gl=US&ceid=US:en,UNEP - UN Environment Programme,0.0
U.S. News & World Report cites IU Kokomo among top public regional colleges - Indiana University,2021-09-14 07:00:00,https://news.google.com/rss/articles/CBMikwFBVV95cUxQblR3LThSbnJpc0xHbEVVaGJWZDNUVHpqZlFHYmJrNzQ5RDZxOWkwU0xCRkJMSWNxLUpodUZrYXlVcDlaemptYTBQY0xOWnk0VmhqMWZwY1FfZnpUek1oak9hLXk1dkdfWW1YOWhUNU5XQmJMbGljT0stWnN4R2Zadk5naldDMkZyNmJUb05LTm5mVE0?oc=5&hl=en-US&gl=US&ceid=US:en,Indiana University,0.2023
Ithaca College Ranked in Top 10 by U.S. News & World Report - Ithaca College,2021-09-13 07:00:00,https://news.google.com/rss/articles/CBMihgFBVV95cUxQRXZ3d0JGVTVPVmFNUkhtc3pnTUxXdXZVUVFCbjZ3dFBHUXdXaXNXSHhQOFVIUUprRnFkemh2aUI1QWUxeEVuTlJ1VEI1RS1sT0FQZmZiN3NEYUR2ZEpNYU5weUh5MDhvRlJ6TnVwZDA0VjE1Uk9Hc1U3WFl4dmVtcjYxNkQ5UQ?oc=5&hl=en-US&gl=US&ceid=US:en,Ithaca College,0.2023
‘Ville Ranked #28 by U.S. News & World Report - Millersville University,2021-09-13 07:00:00,https://news.google.com/rss/articles/CBMikgFBVV95cUxNbzRuLUllX3BYTGpDNkNnWl9VZTB3eTF0aVF2Q09lZlhPc1JUQW1udVRFUkFxdHdXZDhIdnZhb0o1RTBNSHlkODlpSjRNOFhYcHY1VTlILUJleTJBUVRLQWtVenpFS2tEU0t2Nko3N1NvS3hhSVRmMzFoRjZaQS1rbUM5YUpkVUw2TlBPY2tldkpsQQ?oc=5&hl=en-US&gl=US&ceid=US:en,Millersville University,0.0
U.S. News & World Report Ranks Carnegie Mellon University No. 1 in Six Specialty Areas - Carnegie Mellon University,2021-09-13 07:00:00,https://news.google.com/rss/articles/CBMiekFVX3lxTE9RMWxZTzZlQ0Zmc0UycnZFS1ZpMV9DNkxBelNZbEQwWlJUWUNDeUlmTmJ1Y1hUTUs2V1JZcjRRYUhwZENPOTZOM294cU5xa3IxYThtcjdkZl9pMENUWmNjNmZvaTdrVkpqUFNSSFBHV3VwQU9ocmpGVG9n?oc=5&hl=en-US&gl=US&ceid=US:en,Carnegie Mellon University,-0.296
Loyola Nursing ranks #31 in U.S. News & World Report’s first-ever ranking of undergraduate nursing programs - Loyola University Chicago,2021-09-20 07:00:00,https://news.google.com/rss/articles/CBMimgFBVV95cUxNb0doci1TOHlfSERvNjIxUEpTcWJNYnVTMVVWVTh6bkpfYUg2a0FUb2d5amFraHVteS1kSUhBVDFNM3ZBQ1l3RkRxRFdmNnA5SWZnX01OaWdPT09RaER6SXA5dEp4ZUhXM3p3Xy1TU1dHcHA0SkRNazM4X1dLV05PQV9lc2VzUk1EcXB1dC1XZkFpY25MZkpuZnNB?oc=5&hl=en-US&gl=US&ceid=US:en,Loyola University Chicago,0.0
International Hydropower Association announces new commitment to World Heritage sites and protected areas - UNESCO World Heritage Centre,2021-09-06 07:00:00,https://news.google.com/rss/articles/CBMiS0FVX3lxTE42OHVWVHRxNTI1Y3hzYlYwdWxlUmNHSDJndWVDN2FhQWxQbmVRNGsxQi1qYllhUWZIRUxvaDBVQkF4MFhwRUZtYjNWZw?oc=5&hl=en-US&gl=US&ceid=US:en,UNESCO World Heritage Centre,0.6705
Urgent action needed over artificial intelligence risks to human rights - UN News,2021-09-15 07:00:00,https://news.google.com/rss/articles/CBMiV0FVX3lxTFBxVkljVThFaUpQSEhvWFI5SlNvU0JpVUZtcVlwZmF2VkxmY3JHdUJ1TVU3NXEzZmFrenVFYzVYbHQxN1RVa29IUTNUR3RWaUFkZWRDY19EVQ?oc=5&hl=en-US&gl=US&ceid=US:en,UN News,0.4215
GCU Rises in 2022 U.S. News and World Report Rankings - Georgian Court University,2021-09-14 07:00:00,https://news.google.com/rss/articles/CBMiVkFVX3lxTE81cTBOaXZqY2ZhVDdYRzN0Wmk4ejBoZWQzckY4ejg3Ui13VTlTXzROZkVSVjJKZmp3RkxEMHVDU2VVY0w3RktfelpRcmllbEhlM3g4dGR3?oc=5&hl=en-US&gl=US&ceid=US:en,Georgian Court University,0.0
University of La Verne Rates High for Social Mobility and Best Value in New U.S. News & World Report Rankings - The University of La Verne,2021-09-13 07:00:00,https://news.google.com/rss/articles/CBMiogFBVV95cUxQdWYzRkJGcG45MExFQUcxUS1uczFYcVRIVUF1aklJY19mMFRpWmVrVUZWVkY0ZlFMa0U3MGNndEZOSGFlUkh5Z3YtSGNRUGx1UkVIbUNFczJPWkZ6aDBzemJwQTI1aG5QTlpscjJ2dm1PTHFsSjNjMjVON3h1eVBmd0twWTNJd3dCejZjOEp5bzNtMTJkWW5teFBVN0stM3pFd1E?oc=5&hl=en-US&gl=US&ceid=US:en,The University of La Verne,0.765
The day before 9/11: what was life like before the world changed? - The Guardian,2021-09-05 07:00:00,https://news.google.com/rss/articles/CBMirwFBVV95cUxOVElkdDhxc2E4R3duM29rQXZ4dmZ6c1lJRFRjaWF0WHlqUnpFS3pZclR3SnRhRElYOFZ6WFhJWXJnOGNMSzVZejVTaWF3TlVlaDVXVkVDN01LYTN3WHpMaW81VkpzamZYd1RrUTctRzNRaGNvSWxxRkt6TGFvRFVpX1lVMzlMN0hSdGRjMEh0b2V4clZXTm5SM3VZV20tVDBHTURydUJaRXJ1cmJZUk5r?oc=5&hl=en-US&gl=US&ceid=US:en,The Guardian,0.3612
Ryans Make Historic Gift Naming the Havey Institute for Global Health - Northwestern University,2021-09-22 07:00:00,https://news.google.com/rss/articles/CBMivAFBVV95cUxOd05najdQeGUycUlGWG9tS3poanpKLTBlOUpUblJtRlMzUWFodVF4TFpJcm11am9CcnBnSWdEMzdFdy0ySFBHbEtIQTdvb1FZSG1hNHMxcXc3VlU2QUdrMDltN0hMbzVBYy1XaGM1bmVFZk9fWUlqQU93RmdfSnVXeEhUZDljX0k5Yi14QmF1Ym9tTnRGVlpLOVR0UTJQSGlCTGhHNnBld1ZYMmduV2FQODBiMnh1elduV1ZRNA?oc=5&hl=en-US&gl=US&ceid=US:en,Northwestern University,0.4404
