title,date,link,source,sentiment
PNW’s Online Nursing Programs Earn U.S. News and World Report Rankings - Purdue University Northwest,2022-01-25 08:00:00,https://news.google.com/rss/articles/CBMikwFBVV95cUxOaFpPY0NKV1hHUklzODhJWWVzM2ZLakN1dTVPalFxTXVjTWJEelUwbEIxaDNvZC1SOGh4Z0VRNHNBd2xpc2UxMmVRZF92bkJHd29heU9KU0ROajFOZUFIRThEbWwyMS1xb3IwckxpMV96UXV0cDBQc2pSQUdCZjVYeS1KbXNhbnVWRzVZY2EzVXAydGs?oc=5&hl=en-US&gl=US&ceid=US:en,Purdue University Northwest,0.0
"20 years on, what have we learned about global rankings? - University World News",2022-01-22 08:00:00,https://news.google.com/rss/articles/CBMid0FVX3lxTE1ZSHh6TWlSRGdwY01rQ2pxLVUyU0JxVkJFTU5MQ2txOUtacUVSWkxWMHFPdTQtNUtQc0NpNUN1b2x2UGdEbHA4MHhGWXI4bjN5TTNVU0tRMXhpR0VlZ04taEpSYlJTVld6bkRUQ0dua0g5UHY2WDQ0?oc=5&hl=en-US&gl=US&ceid=US:en,University World News,0.0
UN chief calls for action to put out ‘5-alarm global fire’ - UN News,2022-01-21 08:00:00,https://news.google.com/rss/articles/CBMiV0FVX3lxTFBUeFB1Qkx1RjljdXlDWmtWUmgxSU1IbWhrcldSQWdlM0xfUXpIU2VFT1hDb0M4RG5qd1hCdnZjR3NtX0xBblhvQVhYNDY1QV9MRzNFMWptdw?oc=5&hl=en-US&gl=US&ceid=US:en,UN News,0.0
Schizophrenia - World Health Organization (WHO),2022-01-10 08:00:00,https://news.google.com/rss/articles/CBMib0FVX3lxTE1aNHdsdFBxMnQwbENxQUQ0MUZaTC1GQ1JPOVV4MGpxeGJ6Vk1uVE8yQ3QzUEI0YzBoVWlPVUxBNTBVOEFoYnFiaVdmc2hxTnUwV1V1RVFJeV91ZXpzQnE2YmtyMXM5Y3U2MnVibWs4UQ?oc=5&hl=en-US&gl=US&ceid=US:en,World Health Organization (WHO),0.0
2021 was world’s 6th-warmest year on record - National Oceanic and Atmospheric Administration (.gov),2022-01-13 08:00:00,https://news.google.com/rss/articles/CBMid0FVX3lxTE9vVWh3clppVXN1NVVtUVZNQkJKZDhlR09DWjNNcmxLWG1vYWZKclBUdlpOQ0Y4Qkd3NlBLaksyakstOHlCU2tOM19EdEd6aUN5ZTVzQWRlUHhoa25KTS1iM3N4RzJmQlZYYnI0QkVreGF2ZUNPQ2Rn?oc=5&hl=en-US&gl=US&ceid=US:en,National Oceanic and Atmospheric Administration (.gov),0.0
PA Named #2 Best Health Care Job by U.S. News & World Report - American Academy of Physician Associates,2022-01-11 08:00:00,https://news.google.com/rss/articles/CBMioAFBVV95cUxNbklGYmMtcGpiZU16RGY3bUpIZm9WcTAtZEZ2WVlXb2tFYThiWGkzWEVNeTZRckNGWnVFTldKV3lpTzZrNFd5aGJFblVjcndpUkdySnFiYUJRWnpnelJ6QWNWQmJUSUYxNHhYLW9EZ3M5bU8ydlVGbm9fQy1CeDJvd2tUVGR4MFJXZ1Jsbi0yYU5Fbm9rT2xhaFRMNGl4NHV2?oc=5&hl=en-US&gl=US&ceid=US:en,American Academy of Physician Associates,0.8126
U.S. News ranks Penn State World Campus online graduate and bachelor's programs - Penn State University,2022-01-25 08:00:00,https://news.google.com/rss/articles/CBMitwFBVV95cUxQMW01c3FZN2Jja0xnSXlVaml2VDZNV0c1T1FoblhEbVlaNFg2SUItanVCNGFCaTBfdS1xVjNYNWowOEpVcHhlYUpSeEQ1NDR0U1JabWxfYjRJbDFCUFZBNm04T2lHb2k2Qmd6UWpFRUZ6SFBTdmdGdGduWU53TkpZbVp5QWtUaDVvUGlqQVBUZVUxeUdSZHJIOEFGVlQ5Y3dwSkhHQk5sQkx0NmJpSzNoUndobTJ1UWM?oc=5&hl=en-US&gl=US&ceid=US:en,Penn State University,0.0
Pope Francis says choosing pets over kids is selfish - BBC,2022-01-05 08:00:00,https://news.google.com/rss/articles/CBMiWkFVX3lxTE9XVjF1WEJBUTJfREwydkxNVTMwdXZwQmtKcVI5cUh6Zkk0ZG5XTWxTVkNzTWFjR3RiTTRIc1ZIUHYtZ2JVRFdSYmY0emVlZnFkY0d6V29iU3VMQdIBX0FVX3lxTE9JY1ZmR0RBanlCendPTHJrSkdscVpfQnB6TUk3RDFhMnh5Nm1kbGRmd1JVTzBDRE90XzNELTRfMXgyNjB4VWg2TUdYWHpOcFAxd2Myd0JldG5KbHhFZUVJ?oc=5&hl=en-US&gl=US&ceid=US:en,BBC,-0.4767
U.S. News & World Report names University of Florida No. 1 in the country for online bachelor’s degrees - University of Florida,2022-01-25 08:00:00,https://news.google.com/rss/articles/CBMifEFVX3lxTFBraUN6Z19HTURabl9vYncyNXdoTTEtdDN4TzBCRVl5THBGU3lnQWJZcE5hY0hyMXdDMkZIZzd2RHR4aGpTQ1Y4WXZQRlQ5c21jU2hNZnpFWURrWmZmQmV4Z1gtUF91Y2RjeVBSN2tKcW0wSVp4VHZWRktHRXA?oc=5&hl=en-US&gl=US&ceid=US:en,University of Florida,-0.296
UCCS online programs recognized in latest U.S. News & World Report rankings - UCCS Communique,2022-01-25 08:00:00,https://news.google.com/rss/articles/CBMiTkFVX3lxTFBXdEtacGV6cTR1WWU1X0U4RnBUajFkQTR2VEFYWjFYU2JDWmZPWWVPLV84M1NLcVZnbUEtUzRITjIyQlR3UkVoNkZxdmdPZw?oc=5&hl=en-US&gl=US&ceid=US:en,UCCS Communique,0.0
Ukraine pushes for domestic uranium supply - World Nuclear News,2022-01-05 08:00:00,https://news.google.com/rss/articles/CBMijwFBVV95cUxPQW05SmoxdTQtZW5tWXAwZ1pSRzZUTVZnWnVpU3dTRi1kZTRHVy1ieHNiaENPVzRuRzNValdIb25ieG9fWVNnUWRwQ3BWZTdyMzEwenlQMHl2dmxYRUR6b3pTaUhabFVKbk9rM2hZVzVxeXlDdmZaSFBZajR2REtGYmM1d05PWVQzQWx1QUxWMA?oc=5&hl=en-US&gl=US&ceid=US:en,World Nuclear News,0.0
FAU Online Programs Move Up in ‘U.S. News & World Report’ Rankings - Florida Atlantic University,2022-01-25 08:00:00,https://news.google.com/rss/articles/CBMifEFVX3lxTE8xbHBLQ2tLc0R4YjdoS1pZS2RDZENhZ2pkbHhuOV9JdmdFWjhJMTBFT1VjaXplQjRWWHB1UGQ3bW0zNG5ZbENGbFZJdWQyT2k4clBPaGpCWDIteUNkVG9IdnZPV3Q4anZaQUdRcE8tQlYxQWR5UG81SWh5bVY?oc=5&hl=en-US&gl=US&ceid=US:en,Florida Atlantic University,0.0
Ball State Online’s Degree Programs Again Ranked Among Nation’s Best by U.S. News & World Report - Ball State University,2022-01-25 08:00:00,https://news.google.com/rss/articles/CBMivAFBVV95cUxPUnFUclFPWmpfRTVvSnd1NmtiNG5RNjdfc2E2UHlpSEwtdlBoMmtjMFRzM242dUxPLW01TFA2Tk1yWTVJeTNRTmdQcmkwekdMTzFUQno4aTNoYmhHcTlNM1pDTjhpc1J0REk4VXF5bEFUbTE4RHBnTEgwY19aZktDVGFPNENRMzRtU253ZE45bFEtdEtjS2dvdU1oZC1leUNRZGdTNjBzcEZnREZmZnk1QlhhdGM3VWp5azBTUw?oc=5&hl=en-US&gl=US&ceid=US:en,Ball State University,0.6369
Campbell cracks Top 25% in U.S. News & World Report annual list of best online programs - Campbell University News,2022-01-25 08:00:00,https://news.google.com/rss/articles/CBMiuwFBVV95cUxONTBxNUx1SnZwS0lhTktNNXlPWjJlUnNiNER3VEs1bllHa1g3bl94VGpxM2RGU0lRTFlpWjNjMnZPS2FFWlRtekMtRzhTOHBxb2JxUkpocEFWVEJKSEVtY0U1dWR1enotMEo3NlAwaUNHT2lkVzJWX3RNQ0lZb2wyUjdVVmExMXlaQkw5VklpRzlVVXhIc0I5aFEyYnhmcko4NnJuZnhNMXhqN3BDVV9nZDZMREhjN0tuWEdR?oc=5&hl=en-US&gl=US&ceid=US:en,Campbell University News,0.7184
Assessing the Global Climate in 2021 - National Centers for Environmental Information (NCEI) (.gov),2022-01-13 08:00:00,https://news.google.com/rss/articles/CBMiYkFVX3lxTE11NC1HLVowTFdtRkZQU3BEcVE0QmpfNzY5ZGU2SWo0RENXSjJyaHJyaHJYX21UZm5uaWhyRnlnSHZXQXBLVFFNZ2hOcVVXem94NzZaVU12bjVrTk5QUU5falZR?oc=5&hl=en-US&gl=US&ceid=US:en,National Centers for Environmental Information (NCEI) (.gov),0.0
Man gets genetically-modified pig heart in world-first transplant - BBC,2022-01-11 08:00:00,https://news.google.com/rss/articles/CBMiXkFVX3lxTE9zQk9EOE1Sb2VOM2NmT3ZsQTNRcUlwYTJYWGozSW5jOVd1cHd5OF9DZllSWjJydEhpTk55djFKQTh0YmlkS3R0UHdjZFNXSEFwZ2tMMGdLbU1JaFctMWfSAWNBVV95cUxOQ2xTTXI0ejNnc2lBM0RRdUo4anp4VFFsVW94T3ZuRWxFdHdMbVN2MXZuSV9ycWk4ckRMY1ZOMnNMR05CTTA2RVptLWhiZ2FiTmR1M1kydEQ4dE05SVg0SDNtVVU?oc=5&hl=en-US&gl=US&ceid=US:en,BBC,0.0
BN-800 running on 60% MOX - World Nuclear News,2022-01-27 08:00:00,https://news.google.com/rss/articles/CBMid0FVX3lxTFBab3RieDJjSW9xa0JzVkVfUnBNTjNqV1hkbUt5ZkVWTjZGbUJzckdDSEQyVWxWbzZfd1VHSThUQTd2QjlEZW1nemprVExiYm9sN25GTlRBOEN0NEpLNm5yT0V6VTV3aHhORXdrMHZoVE9ZT19oc2Jn?oc=5&hl=en-US&gl=US&ceid=US:en,World Nuclear News,0.0
Joe Biden one year: How is he doing so far? - BBC,2022-01-19 08:00:00,https://news.google.com/rss/articles/CBMiXkFVX3lxTE15UmdCcWczeDA3UDhuUTJDNmdxQnJQUGtsZVVuN2dLZmJSUW5iQTh1cUNBaGVnMGN4UElVN0toS1E3bHY4Z2RaNmRZdE9Id3JWWGpPU1ZLNUlTZGhFRWfSAWNBVV95cUxOX1lKbnQzbXVSZ2xoTTQ2U3lJLUloRlFOOVJCR1VoSzQyY3E5alhQMW9pb3hPWjBUdzdYMElSQzdyN3RxckVXU29QenZEenFaeFc0RjlDdlliNUVSbzJDaUY3NGs?oc=5&hl=en-US&gl=US&ceid=US:en,BBC,0.0
Burkina Faso military says it has seized power - BBC,2022-01-24 08:00:00,https://news.google.com/rss/articles/CBMiWkFVX3lxTE9wMXhMQ3d4cWxDaHBrMnZ3Z2VrWkx0RHdOX0NIbU1wRTFPMUtwSzFIdkdpLXVOeVNyeU1PaWlfdk9RQkVWSXB4NUttd1RKOUItd1lULXRpWHJkQdIBX0FVX3lxTE1YSmp2SG9WSjk5bjZ0cl9RWEhSSmFtTEFsYUljTXNNUHJUeGg0aFU2Y2kzR1RIX1Q4MUNaX3N3TnpTT0VGV1NCd2hqYU82TUpZZE1MdzFoT3JNWmNZUEFZ?oc=5&hl=en-US&gl=US&ceid=US:en,BBC,0.0
Three ethical issues around pig heart transplants - BBC,2022-01-11 08:00:00,https://news.google.com/rss/articles/CBMiUEFVX3lxTFBVbHgxbkUzMVp1WVNTaFpYRktwUXhuLXA4eHFQRDFoc2k2WWVSb09IU2xwZ1MxbmdXU0ZOMks4LU9TaDNxWmJHVFlYaFNYclB60gFWQVVfeXFMTzFtbzd0T3JqcGxNaUJOWWw4RDdTek1ETDl0OTRiSkI4R1VtSmUyb0hTejV6YUwzQU43eFR0c0JzdmE4Zll3MFdqMzNSRG40TWxQRy16RkE?oc=5&hl=en-US&gl=US&ceid=US:en,BBC,0.5106
Rutgers-Camden Online Programs Recognized in 2022 U.S. News & World Report Rankings - Rutgers University,2022-01-26 08:00:00,https://news.google.com/rss/articles/CBMirAFBVV95cUxPVGpteW5xeDFJNjlQVEZHT1FGT2I3RGl3MjVFVXhVUnBOLUI2eHdZNDZfYkNpNUpkM1A2S243YzRpaWwyYUp1bGRERnNSaE9SelRCUzB5VWprNkktZjM0cDBGbVh2ejlmT183aVVFZ2psR2F0R20wS2VHNWZDUVlaUDFUSUZleHV3VFNGRjU2TGxCdGt4U3MtQnozRFdtSFJJVjRzemRqWXF0LU1J?oc=5&hl=en-US&gl=US&ceid=US:en,Rutgers University,0.0
COVID-19: What you need to know about the coronavirus pandemic on 27 January - The World Economic Forum,2022-01-27 08:00:00,https://news.google.com/rss/articles/CBMipAFBVV95cUxPN0puQjNwRzRTNHJDUjZtdzl3WmloVGdreGFSMFhBeUFrTEdWQlZIaTRDSDNBWFJoMmRydnVYNHhiZUVPWWRPNXRjYjBUTmhjRVUzRlUxdWwtOHJkaE9tMkt0N1VBaGxZYWpMZE84T0Z5YUZhbmZCNW5JSWRxamJwbmpvWWhrVVlOWktOc3VTQkxCNWROOHpjLVRSVzJfR0ZNdk5YZQ?oc=5&hl=en-US&gl=US&ceid=US:en,The World Economic Forum,0.0
"Microsoft to acquire Activision Blizzard to bring the joy and community of gaming to everyone, across every device - Microsoft",2022-01-18 08:00:00,https://news.google.com/rss/articles/CBMi8AFBVV95cUxPZUxzWVpXM1VXdUtpWnBmbm5XSG5wX2V4WnNid3RqQXZRZElFNDdVUm1KdEx4M1kzMHNISTNNbjlRVG03aG8wVkxQZ28zNGlpSDVENkVVLU5hU2ZsYnN5QjJmZ0tadnNXU0lvc2FJMlBXcEZMR1I0bFE1Z01ZZFowejFiOHBMMHBWWHNXU0NpUURkbGFYN0N3UW44a0tOWlJiVloyT2pJLW9iVWREVmlLNkxLLVBzZnotaF9NUmpFYTduYnNPdGk4ZW1NZmthcm5IbkJWV2V4Tmh1cEd0bjk2Tkg5UEdHNnlvNng5aDBwbk4?oc=5&hl=en-US&gl=US&ceid=US:en,Microsoft,0.5859
Inflation: Seven reasons the cost of living is going up around the world - BBC,2022-01-20 08:00:00,https://news.google.com/rss/articles/CBMiVEFVX3lxTE8yVzE5d1hENUNTM0dnVG03RTBEUzlXSXdtLU9oRG9HemlVa1R5TnF2N3puNFVxd1cwRlYtYk8xUmxrb3FWNEw0QjNXR3huM01uekhIetIBWkFVX3lxTE1CS3dIdXNpZzlBaFJDRjVkUkVXY20xNmFQR3A0YlE4Zm5tMVh1MjhSbjV2U0o1Mmd5NmstS2c1OTQ3VXFqNnJ6bFZXNlBrSWNXNU05RWFUUmYwQQ?oc=5&hl=en-US&gl=US&ceid=US:en,BBC,0.0
World Athletics scoring tables updated for 2022 - worldathletics.org,2022-01-18 08:00:00,https://news.google.com/rss/articles/CBMiZ0FVX3lxTFBKR1R2SzlRbzFBemtsdGVtZnBrMHhBTDFSaW5mRUo3eHBPQW94RzhyR3pkRWw1WEd3aHlVUkl3YXVDbHFWSU9aN3hFSzhQWnd1cXlNQ05tSmtGUDBJUmdNcUQzUHhQaUU?oc=5&hl=en-US&gl=US&ceid=US:en,worldathletics.org,0.0
US Supreme Court blocks Biden's workplace vaccine mandate - BBC,2022-01-13 08:00:00,https://news.google.com/rss/articles/CBMiXkFVX3lxTE1CVVZPOFA0eHVZcDFxZFFYOFJNNzMyRGUxZ0x2MGY0YWdiSkRQVWNjOEJyd0ZtWDlDbEU2MHpROU9OQjVMcXlER3NQeV94YjF0c2dfZW4tdlZqcWNPZ3fSAWNBVV95cUxPZ2xUd084TGowZm9TeTJ2bTRRX1JfZnB2QXpvTXhrbHBKT0pVUjcxUkltaE5aUlZ3UVpoSkxNX1F6NFFrRVZhSWtjdUotVjV6eWR5Vm5Vbnh3bmh3UHV5S2FnTDg?oc=5&hl=en-US&gl=US&ceid=US:en,BBC,0.4019
"Global Growth to Slow through 2023, Adding to Risk of ‘Hard Landing’ in Developing Economies - World Bank",2022-01-11 08:00:00,https://news.google.com/rss/articles/CBMirwFBVV95cUxPMGM0bmJobW96ZDJLeVMwcnRNVGpEc0F3c09SWlZVYzVJYTl4M3dIVlZOY3VyRExqeElDaF8xdWUwMTRVV2tPY1hkanBxRU1iYl9UNkJSaHFyWHk0ODNLZzcxeldNZTgxQVVjam1vSXZ2dDhuRmVJWklGU3RPeEM1RzFKSmFUR2VXY3NaQXhkUkl3TGlnLUxKbmRIM3NSQjBRbXNmYzlDVTdmcVk1cWFR?oc=5&hl=en-US&gl=US&ceid=US:en,World Bank,0.128
Empresarios Agrupados contracted for first ThorCon reactor - World Nuclear News,2022-01-26 08:00:00,https://news.google.com/rss/articles/CBMimgFBVV95cUxNLVlRSHlYcW13aUZXMDJMU0FhZVRpMm11aV9jRHhXTXRfN3l6Wjhja2stMG1JUEMzQU1URlhxc2ZzYVUyM2FMQkFJTnJvb3dkNHNwRC1La0wtNGpERno1TDVxN2QwQkdnbGFweExCc19vbjlGOElUQ2E0cFN3NmZPakdUeDVMX3JFVHZUeERCeEMzY1kxVTVjazR3?oc=5&hl=en-US&gl=US&ceid=US:en,World Nuclear News,0.0
Nissan Versa named U.S. News & World Report’s “2022 Best Subcompact Car for the Money” - usa.nissannews.com,2022-01-20 08:00:00,https://news.google.com/rss/articles/CBMi9AFBVV95cUxOVnBjOFE5T1NsTFQ2VnFnR05JNXJQQVhhd2JLNXNDMG1YZVVuenhCXzVnUlA3cHJKMDJRS2tNRVoxdEc0emlySnVveDRaeTV0Z2w1eTlBa282WTc0YklkOTlwejRzZGFHMlpibUMyTE00YUZEQVRfQlFUVTlJcmVfeENrM2FDdEwydTJGZWJ2VVhscUVqc0JwYWtTWTVEdWVkbTdxcG4za0pvaGY5RkU4UWczYUpwc3dlVTEtTTRCTEFFVmN6UVNCcGhEdmZnNHRPZlpJeWl0UUhwVzdLV3JVX25SSzh3Uy03Z1ZKN0tWZnJmUThN?oc=5&hl=en-US&gl=US&ceid=US:en,usa.nissannews.com,0.6369
"Covid: Deadly Omicron should not be called mild, warns WHO - BBC",2022-01-06 08:00:00,https://news.google.com/rss/articles/CBMiUEFVX3lxTE1yYnAzbDNvMmxGTDhWemZ3WEpsYVBwQV9rSkg0VXpCeDJkNUdSQ2V6R1F0aTJlZkk1bXpjVTlNZkIzTDg1cG5ka181M1cyb0tj0gFWQVVfeXFMTnE2N1RQekRGbTJLY1RNVWZZYnVjYmdRdTRsbllpaHZGS3VSc3FFS3FfV2J5Um1laDdxUXZKR2dhMjVzMlNQTlJteUFzcEFuWnJGY1IyRkE?oc=5&hl=en-US&gl=US&ceid=US:en,BBC,-0.1027
SRU’s online programs ranked among nation’s best in 2022 by U.S. News & World Report - Slippery Rock University,2022-01-26 08:00:00,https://news.google.com/rss/articles/CBMiR0FVX3lxTE9MOVhrcUNnM25JN3d3NHpsVVVDVU9UTTR6TVpReHdYS0tRRVg3dVFqMFFLdXM4alFaX0pGdFZHUURvc3dhTFhv?oc=5&hl=en-US&gl=US&ceid=US:en,Slippery Rock University,0.6369
A crab’s-eye view of the ancient world - YaleNews,2022-01-05 08:00:00,https://news.google.com/rss/articles/CBMibkFVX3lxTE52ZUlTYkI1cG1zZkdxQzhRNEpzOXMtOXA5dlRBYW00aE9fTm9yTkpzLU9zSHlMSjhjOG5DanlTQ2JpQXpVME5VNEgxV0w0QlRCcm10SDl4M2EtU012Y2RHeGpEXzVDUXctMlo1MTZn?oc=5&hl=en-US&gl=US&ceid=US:en,YaleNews,0.0
Daniel Ortega: From revolutionary leader to opposition hate figure - BBC,2022-01-10 08:00:00,https://news.google.com/rss/articles/CBMiY0FVX3lxTE11V0dGU3RZeVI0R05CTzNTeV9oMW9tWDNBZmhCWFNHZWRJQm02RVc5bnZ3WEU4bDNzZXNTeGtvWWJ4d2pYMlI3QXA0T0JNUUl4RWk4MWlxc2Vuak5rZGxnb19vc9IBaEFVX3lxTE05OVVkZEJKVHN6Z2MyZEh5eDZUQzZJN0tVT0dqTzFPdFg4RUZ3R0tSQWNXZDJ2VzJMWkpMOVlaNmhqQzQ0VzBxRmFOcmpPQ3dsdE93aEpVMTExb2FGRUtvdElkem5YUGNm?oc=5&hl=en-US&gl=US&ceid=US:en,BBC,-0.5719
U.S. News & World Report Names Embry-Riddle No. 1 for Online Bachelor’s Programs and Online Bachelor's Programs for Veterans - Embry-Riddle Aeronautical University,2022-01-25 08:00:00,https://news.google.com/rss/articles/CBMiywFBVV95cUxPbVNpRGJneHR6T0tJajRjMkZKaXViSVBQZUtKZXh5QV8yeWg2SDhDallYM1ZBN0FHMUdRSGx3OXdWb1B5MmVPTVh1QmROWlhCRGxJREVoU0xUVUVRUExXUzRDQ2U4ZkNfNnN4Ym1SbXhWY0lWVGp0WFFuOENiRFhjVGlMYlR1Z3BkaUZsZ3MzanZTTUdNV0R3QmU3U2pDb2VVTTVlajFZTU1jVkZfUzdTbXlFeUlPQzhEczRZSmRRdGRNaXZGbFhoVWFVcw?oc=5&hl=en-US&gl=US&ceid=US:en,Embry-Riddle Aeronautical University,-0.296
Ukraine: US troops on alert as West voices unity - BBC,2022-01-25 08:00:00,https://news.google.com/rss/articles/CBMiWkFVX3lxTE5wdWFlX1EyNEZPc2syYU1MdWpOcUtobm5tZU1Id0dHRWpzUmZWdW5WVTFsa21YZXoyT2VPOHJpUWcweG40TUZJd2YySzlJZ3VxcDBzSmRCdTgtZ9IBX0FVX3lxTFBOSWpLLURtY1VZQy1CZTRzX0pYYlJNdEN2MzEwYWw4S3lrRzExbnNYeFQtZWIyQ3ZJVnpLQTA4VUtGSWdTbzNfSVlXZ2djNndVbERvQ2tpWHlyVFM4THZV?oc=5&hl=en-US&gl=US&ceid=US:en,BBC,0.296
Interim Statement on COVID-19 vaccines in the context of the circulation of the Omicron SARS-CoV-2 Variant from the WHO Technical Advisory Group on COVID-19 Vaccine Composition (TAG-CO-VAC) - World Health Organization (WHO),2022-01-11 08:00:00,https://news.google.com/rss/articles/CBMivgJBVV95cUxQald0akFINEZCTklvVVlNLThCamtmdnU2TFJjSlVUV1RlOHRIZWFlRzNlMFhQWGpVYVpNXy0tTldsbkRXclBhVTkybnR2eElCeFhWd0ExaWloVGpTblZzOTFqOUxRLW5rTWlnUGpiMUVkRWIwUkN6RnU2Wm9aY1NPc3dBakN6XzRRNXJ1V09GVk1NWGZjLUZ3NTFIVGw1WVNrNUQzOU9sUmQzNXhmZzl6LTJWYUFZM1VXM2d2bmlIR09FVWtrZzJqOHpUWEd1WmRpR3RpNmVBUEVmN25xQ2g2T1BrUlZRT2d2RFRQR3k2eWVUNXhub3dUUHNxbmh2Y05ESnZUaldyU3QtWHdqM1RSWDVrejdTemhiYWRHTGRLY3BwWGdfTmdVQ3pnYlNjcEk5dTFCVGtVOEhvZ0ZnUHc?oc=5&hl=en-US&gl=US&ceid=US:en,World Health Organization (WHO),0.0
UN chief: ‘Global solidarity is missing in action’ - UN News,2022-01-17 08:00:00,https://news.google.com/rss/articles/CBMiV0FVX3lxTFB5cEEwX1BLYWZMNFZsRHJyU1hsQjltTWVZZFVFWFZyV0FZYlpaQUFTVXA1ZEJ5d2FCS1F3MnNFRk1UeUtleEFScEZ2eVl0cUF1dVJVSjR6WQ?oc=5&hl=en-US&gl=US&ceid=US:en,UN News,0.0
Climate change: Key crops face major shifts as world warms - BBC,2022-01-26 08:00:00,https://news.google.com/rss/articles/CBMiY0FVX3lxTE5RX00xVFJEczdXWG1hck5BUXVMd09ZU3hsdEx1bEFyb1JkUDV5XzE1dHRNWWJ3cUNFdllxa1dQVzhyWWwwVWJ4UzVGTi1reklLbGxtN3VuTzR0aEhjX3pjM18zSdIBaEFVX3lxTE9oTWV6Vks4NmMwYTI0dWpNSHJwM3preWZyRHJmVVpwaW5WdnRtLUQyNE9LdjNLajhwSVdMRG9wT3Q2emVreFRPSGpReEptWkJBUERoTnlIRlJqeHNoOHltM19fZGFudFdZ?oc=5&hl=en-US&gl=US&ceid=US:en,BBC,0.2732
World Without Genocide selected for formal association with United Nations – News and Events - Mitchell Hamline School of Law,2022-01-05 08:00:00,https://news.google.com/rss/articles/CBMiuwFBVV95cUxOazJqZGVfQUstRFdkOVFYdl84Y0tTVXdveUZ1RTRMYWR2czJYQmJ3dnA1RWNCVGxCbmRPUF9TeUdMVDBoZ0E5VTh0TTNPTGJIOHJnN0hlUW8xdF8yT3NfT1BkbUlzdW1ZbThwVXVLakVOcGt4YVFjSl82R2phcENySGMwc2d4WGxub2ZyblZlWFZwTlg3dDFNLUFTU3ZyLVVmcWxVZTl5eUxUY0pfcTFIZ2szZWJLaWIzeFZz?oc=5&hl=en-US&gl=US&ceid=US:en,Mitchell Hamline School of Law,0.4215
"Ukraine cyber-attack: Russia to blame for hack, says Kyiv - BBC",2022-01-14 08:00:00,https://news.google.com/rss/articles/CBMiWkFVX3lxTE5IZzFQbTFRdnJFa1FFcXRaNms1TVYydUt6U0V5VFlNWk4xV3RveEhQTHQ3Z09oblhIUzRDaUExc09EUU9OS25odXM2TG44a3JlV1NjcWJWcTVKUdIBX0FVX3lxTE1URU5VUzA0WXlWVUFldjJrRXhwZWJjNUFOLUxoRWE4ZGpFMWNEZFpwN1JJX0Niam9KbXVmOERIVFU4M1EtYS1uNHdMZEJWNGpTM241RnN1RGxJYmlxZmxj?oc=5&hl=en-US&gl=US&ceid=US:en,BBC,-0.34
New sand and dust forecast website launched - World Meteorological Organization WMO,2022-01-21 08:00:00,https://news.google.com/rss/articles/CBMiekFVX3lxTFBsbzY3czljNmlJWFJ5aFZMaHlDdFM3SHFJejVvZzFVd3RyNWhzSnVPY3l4ckVsLWZIbllhT19VTWNlRnNhYkJfaXRCeWI4OTN0dWtvak15clhIaXI3Wnh2Q3plUHhJMDBwUVlqYklleGZBYkp4OUhqS1V3?oc=5&hl=en-US&gl=US&ceid=US:en,World Meteorological Organization WMO,0.128
Message for World Leprosy Day 2022 - World Health Organization (WHO),2022-01-10 08:00:00,https://news.google.com/rss/articles/CBMigAFBVV95cUxQRjVCY29JUHpsdXpXeUdpeGxndnRCb0w3azcxQTdhcVFld1BoTW5lcEdlMGhQc1doSXd4NzRfTU1wNV8zckhfVkFORHkwSEpsQ3BVR0xoMl90X1U4dkdvV2pDTlg1WFdTcTZPaDA1R2lrSVV0T3hzak5hQmhSUmZyMw?oc=5&hl=en-US&gl=US&ceid=US:en,World Health Organization (WHO),0.0
U.S. News & World Report recognizes MSU’s business program - Missouri State University,2022-01-31 08:00:00,https://news.google.com/rss/articles/CBMibkFVX3lxTE42eS04WUFpa0c0Q1ZEejJiY2x6MUwta3kzRlZmZl8tZzZmZ3RsVTlDN2ZPdEYzS1NITUN5TVdQSEVtZWFjQU9Wc1IzOXlzT1pRSXgzU3lkaW9HZG1LenF2bDRlYUl4VTVPQVUwRFB3?oc=5&hl=en-US&gl=US&ceid=US:en,Missouri State University,0.0
Burkina Faso coup: Why soldiers have overthrown President Kaboré - BBC,2022-01-25 08:00:00,https://news.google.com/rss/articles/CBMiWkFVX3lxTE53bXAzbUNZdDRGNFBrUXNuNmVKR2h2cFR6ZHc5OTZwLUhoczZZUTdYekhsbjdDelNMMWpHa1V5NUdPTlE0VFNHdTVQNG5UQmtWWEI1SFVuWUNtUdIBX0FVX3lxTE0zX2dHVXJwbElZTG81bFZ3eURKVzFzR0tERVUtRXZOVE14WTZXZFQ1bVhVZXZXVGtuVDgwRG5ROERzamMxNlVKUUlUd1h5b3UyTUdFWWJGUXl3WFlVRnNF?oc=5&hl=en-US&gl=US&ceid=US:en,BBC,0.0
‘Global learning crisis’ continues says Guterres; millions still hit - UN News,2022-01-24 08:00:00,https://news.google.com/rss/articles/CBMiV0FVX3lxTFBiMzU5R3NOV3VPVkk2SGxFd0NYenA3ZGVjZERXSWZyZ1FSNnZXMUJNcjZPWEdoME1LVHFtSDNiM2RxcWlqUktWWXdjTTluU2lHRUhjZkpsRQ?oc=5&hl=en-US&gl=US&ceid=US:en,UN News,0.0
The deadly battles that tipped Myanmar into civil war - BBC,2022-01-31 08:00:00,https://news.google.com/rss/articles/CBMiV0FVX3lxTE5hWTU4UFNqUE52MmppM0ktSkpBUW1uNDFjbkxRT2RiaGh3ZGtDWmk5Z0R2WjRQdEpobVllbTM3eEhjQWFuR1BTRDE1RURzT3dXMmRPeDU4VdIBXEFVX3lxTFBFa3VrSXIzaUt6RFNRMzloWElCMVpWV2p1Q19na3I4Z25aX0VNUF9OU2k5bTVybV9CeU45d1Q0R0RVSjdPU1gyU3dtd1h6VDY1UGdqck03OGhoaWk0?oc=5&hl=en-US&gl=US&ceid=US:en,BBC,-0.7579
Statement on the tenth meeting of the International Health Regulations (2005) Emergency Committee regarding the coronavirus disease (COVID-19) pandemic - World Health Organization (WHO),2022-01-19 08:00:00,https://news.google.com/rss/articles/CBMinAJBVV95cUxPcmVkNjVGQzFPclB3VHNqRm5wN3RVWmNQdlBDMkRmbl83M3dQTTJrTzg0dllPY2UwY2gyUXVwODNtXzhaclM5bU5ZMElGRkUyT2l2TmVYSkdpZ0ViWTk4eFpRQ29LTk5oYzNDc2d1NjdoTllKc3VfUmF4dHNPcmZrQU9rRU9VZ2RjX01NWU45bjZhSVhBaXNaaGxJd3lPa1RvX0hUWi1kek82N1Zaby1aOEhHT281UTBISjl1czFpNm5ZQ3hVZVF1d0FGbXZXOElsZy1lY0QyaF9QUHFTOV9qU0FJMlAzbnNmeU15bGZyVC04WUhsVVJnOWZwUTdYQ1MwS2JJUy1SVnRDLVFLQk9KRVo3Z0M4dFk0X0UtNw?oc=5&hl=en-US&gl=US&ceid=US:en,World Health Organization (WHO),-0.3818
January Store Update - newworld.com,2022-01-25 08:00:00,https://news.google.com/rss/articles/CBMiekFVX3lxTE5YUkJudUxvaV9ZN3RnTlZhUW9NQVVUZEtSUHlyUHh3Q2xLRmE2QUhGT2dtNWFjQi14VFFuMkIzZ0kwTjM3SlBqWkdaZXZBaGFMTW1yT1ZDcGRtSDVtTVhtMUh6bkxvcm5jVDlzUzZDUFVJYUdvOFg3NzdB?oc=5&hl=en-US&gl=US&ceid=US:en,newworld.com,0.0
ABC’s World News Now Marks 30 Years of Overnight News… and Polkas - primetimer.com,2022-01-04 08:00:00,https://news.google.com/rss/articles/CBMiowFBVV95cUxQMUVnU1dSRi1TRDNoOWhoZHE5SGJxYkFqUFF1SXdabnJEV3kwMnhDcFZNWk9jd21nNktBT0hGRG54dk5sS2xNdW5xUnF1cVFFOGdENWs5T2hySjF0YXpQTUhMbExKSXktWW1jWE45TkxXTDNKVU1DWW5SSGxYakxLdkttQUdfaU1Ta0lteEFteUZLeEd3RW9UNHpoWEJjUGVnZVF3?oc=5&hl=en-US&gl=US&ceid=US:en,primetimer.com,0.0
WHO publishes new global data on the use of clean and polluting fuels for cooking by fuel type - World Health Organization (WHO),2022-01-20 08:00:00,https://news.google.com/rss/articles/CBMi0AFBVV95cUxQYlNZWlJ3SEpITkNqTXZrUjEzbHZPSUN4c01CNWhRYUNSdUp2Rkh1dFFEWFFKRzdjMnVTN2ZnVlYzMWFWaG5EZVdsR0ZCaTVsTmhWZWZNa2hSV2xiZWhpc2FjNk5kWkZaMXpqS0JlNjBCc3NGTE4xNVZ4ZnlGMGRVa0hnU3YzSXlIaGlhaXdvakswbjRzWUtRSWJ0M3RwWnd2aE1pUGN6bjdzcFl3M3MzZk1IUmhzUmd6X3ljdXZHbFFEQjg3UEp2dHZXcTFZNU1O?oc=5&hl=en-US&gl=US&ceid=US:en,World Health Organization (WHO),0.4019
Pitt School of Nursing tops U.S. News & World Report online master’s ranking with a perfect score - University of Pittsburgh,2022-01-27 08:00:00,https://news.google.com/rss/articles/CBMinAFBVV95cUxNY3g5cEcteHRsZ1RqLWtRNnF6b0FIWV9uWnJEb3g5NUxFaVhfMmNRYmNMakFKWTZ0WGJIQTlGNVlhbERTYk9Dd0dfXzJ4NDhKZWprZVRjcFdFZmlOYVFreDR1dnl4ZzZJSXBrcGduU3pGR3VHRWQ5UktZdFRjWnQ0eG1EUGJfRFZucW9fbk5HZkVvbFdhVlRYQkNnb3A?oc=5&hl=en-US&gl=US&ceid=US:en,University of Pittsburgh,0.7906
FIU online programs continue to achieve top rankings in U.S. News & World Report - FIU News,2022-01-25 08:00:00,https://news.google.com/rss/articles/CBMipwFBVV95cUxPZFhyRFJPRkpwbWs4V1RpcDlMY0N6REFJbXh3UDlhaDB0dGUzZHlhZXpEZVVKbGVTZnB1X24wYjRBREVRbUZ1Z19iS2hKRjFndWZORUl0MG1GUmRYXzZaX3pUb1UwTlh1aXY4MVZVejlobEFiU2lVbWhfVXBmQjVPQmdNYVFuYVZxeFRnUzJXWEZHaWc0elNnVHcwcjhtdmRSMkJqODV2cw?oc=5&hl=en-US&gl=US&ceid=US:en,FIU News,0.2023
Get away from shore - US and Japan warn on tsunami - BBC,2022-01-15 08:00:00,https://news.google.com/rss/articles/CBMiV0FVX3lxTE1ZVzF4aG5XMUhYcE5JQVFReGpJaUFneEVkWGRoTm92cjlmU1JpOXJWQXhMOG1jODQ5NklFaHUzNXZHcWVUSmJxRnB1cFdNV3VsZklHRnVHWdIBXEFVX3lxTE5WQnlTeUU1VHdoYllnU0prSjc1SXVCakRTR3A1RFN0Vno1NXdmV2g0cEkwemhUbGI2d3hEYUJ4YTExYWpyeWc4MGZQdlNyeE5zUXpoZ3FINjZTTkRI?oc=5&hl=en-US&gl=US&ceid=US:en,BBC,-0.1027
Sudan coup: Prime Minister Abdalla Hamdok resigns after mass protests - BBC,2022-01-03 08:00:00,https://news.google.com/rss/articles/CBMiWkFVX3lxTE5TU0dqaWtDeTQ0NHJuYzNXdGhqX09Wd21GZWtuRHNmT0RWNFhfRHBWSmVGM0pxR2VnMl81T2VqU0tQSkk4aWJOOXEzNFhLaEE1Ql9jd2IxeGJnd9IBX0FVX3lxTFBnM2JoWjdmdGhRMzVBeFFUN052czVfTVRmSlZtY1pTV2tDeWU0ZnFES3dxbXdod2dmVFlQbGZQaHJOMkN5eExvbzRiR2RkcWJfeUF0U3h0Y1RLRkItSXFN?oc=5&hl=en-US&gl=US&ceid=US:en,BBC,-0.4939
What to know about Gen Z - Stanford Report,2022-01-03 08:00:00,https://news.google.com/rss/articles/CBMiYkFVX3lxTFBLRGJYLVhadzhqVm5oX0NSS1N1ZUh4TGxnTjZkVk85WWlwN2tuaWFGUlo1NkZYNjhWdmoyUS1hOEJaUTBLcXdIN0JDTzcyMGRJaDU1OTBIVmw1T242aXo0UVFn?oc=5&hl=en-US&gl=US&ceid=US:en,Stanford Report,0.0
Indonesia names new capital that will replace Jakarta - BBC,2022-01-18 08:00:00,https://news.google.com/rss/articles/CBMiV0FVX3lxTE8xR1hIb1Exc1pFakRoUmcyWUxlM05xU29NSVpVX3dYZ2hvZi1vMGs2ZTJVZE9kdEVzaE9LZGZVeWg1TXlnMWlLUTFpTktmbWFRUnhtbjFRRdIBXEFVX3lxTE5ISXhQaEoxY2h0VzFqcUFRam9aT1N6R0xVSjZTLUE4VjZpVHBkc09rVEk3dnZMRV9NdzI5MTJCb095NVNtSlpPbjVTdXBCQnpVXzVDRjdjRFYyNjNr?oc=5&hl=en-US&gl=US&ceid=US:en,BBC,0.0
VSU Ranked Among the Nation’s Best by U.S. News and World Report - Valdosta State University,2022-01-27 08:00:00,https://news.google.com/rss/articles/CBMivAFBVV95cUxQSWVBOHVkWC1ya1h4aWRBdklONlg3Zy0wSnBaQzVydzVacGZyNF8zb2dWMllMM05GbkJzanRCYnBIby1yUWU0WDlCNjZaTFhxWkxldWZja0xRQ0RLeWV2QURWZ3M5TjAyQjM0OGxEU1hDbl9Dbmo3YXd4YTF5WVN0R3BWZTMwVWVCaUxWNm0wU2JrZVI2S1U4UlBBN2ZRNTZFTFI0SndDem9VQUFZM0VzWEFCWE5SakF1eXlOWA?oc=5&hl=en-US&gl=US&ceid=US:en,Valdosta State University,0.6369
"World leaders launch call for renewed support for vaccination in 2022 as part of the global fight against COVID-19 - Gavi, the Vaccine Alliance",2022-01-19 08:00:00,https://news.google.com/rss/articles/CBMiswFBVV95cUxPY2FRcmliT2NkczJEdTd6ZjJsUE05a1p0YlppMlQzUjZvbEJKWGwtdXlhSFBYQ1ZiZUNuaWdkclc2aG5yQzBWRmtWSmFHd2lIVVZDbXNOa2xtdkZnTktGOHNZX1pVUktLZXc5NnFDUVE1ZXVYUk9NZFBTdXpzTTYtNnljcEFkT3ZqYnA2dUltQlVsY0ZPLVAtODdpTG9FN0ZBSU1iUG1nTmRYUEVka1N5Mkh1UQ?oc=5&hl=en-US&gl=US&ceid=US:en,"Gavi, the Vaccine Alliance",0.0258
"Ukraine crisis: Don't create panic, Zelensky tells West - BBC",2022-01-28 08:00:00,https://news.google.com/rss/articles/CBMiWkFVX3lxTE1MeDhiWnNuRGJROUpQY0tTdW56TXl0Vkd6YmxtQ3BtMTVudHN5ZWJSdlRweVQyMWZ0LXVYN2lPZklsOWJaN0RIR2ZDdEVIU3N5OGk3ZkZROFV3QdIBX0FVX3lxTE1ISGxGcjVJZnNibGNxZkEwZ1hkX0J3YW90R0RVWmtOcUN6LWVKSV9Cck8yaXdyN1gtQkx1cnpXb2pIWDdrYTFxN3RBX0JOYlloZm8zN1RGeGRRNTd6VnFr?oc=5&hl=en-US&gl=US&ceid=US:en,BBC,-0.4959
Ukraine crisis: US rejects Russian demand to bar Ukraine from Nato - BBC,2022-01-27 08:00:00,https://news.google.com/rss/articles/CBMiWkFVX3lxTE5Td3pRSk5uQlhkU1hWY09NX1h6S1VTMFlOV3ZEYzUzT3llTEhReThNTEFsYllsM1VOY3BiTzJaMjdpVXNzZnIzRVBPTHhmRnBzcUxtdUxQb3NSQdIBX0FVX3lxTE82UUJ4dXpoMWFhd3BrRnFpNWRsN3VWMVBVQ1VaU3FCN0t0cTIxekk1NFlVOF9tenhyaHdmdmtFX19ubTR0YS0teTlPWG5DbEVPS0RWSXJEanhjTV9HTjMw?oc=5&hl=en-US&gl=US&ceid=US:en,BBC,-0.8316
Five ODU Online Programs Recognized Among the Nation’s Best in U.S. News & World Report’s 2022 Rankings - Old Dominion University,2022-01-25 08:00:00,https://news.google.com/rss/articles/CBMiswFBVV95cUxOdGd3WHloVUtDZjlVMGlfNlktdEhGLTJMTXZ0N2hjcXZfVWtZX0FneWRGbU41Q3dfNHRCSzRlUW8xcWwyRy1xUV85UW91bk1oWm1odXhoc0pmREFaMVpqcmJNUURyWlhOMjVhVnJiNlhqcm1JSUh5Uktsek1SSEhjY3dNWUJrZE5ndWRCZ0FNbzBzS1hvZnNwd25LXzVPVnRqem5iTVByWkJCSUtKdFdIcVlGOA?oc=5&hl=en-US&gl=US&ceid=US:en,Old Dominion University,0.6369
"US News and World Report Ranks NJIT Online Programs Top 100 Nationally, Top 3 Statewide - NJIT News |",2022-01-25 08:00:00,https://news.google.com/rss/articles/CBMirAFBVV95cUxQVmNwUkRUOVZoekFqM2JEUWhkTTFzaFdlSlh2QThaQm1ndEVPMlpjcXp3bGNsTmg4T210cklvcWpsT3U1TnNDcjJUZ3FRanE5eFU4Q1IyOHc4clNrZ1g4S2ZMVTFyYXhyNXk3a1lyMEFUZktDQ0FMNlp2eVlzUUhhQzhaQmVzSGdjRm1rN2FfVkFGZFVXRGUyV0pzVEJlTVdqX0oxTjFiRWVWamxf?oc=5&hl=en-US&gl=US&ceid=US:en,NJIT News |,0.3818
U.S. EPA and WHO partner to protect public health - World Health Organization (WHO),2022-01-20 08:00:00,https://news.google.com/rss/articles/CBMisgFBVV95cUxOU2gya3dNNkY3VTZFYkpWc2Y3SHNPM3BZdmdSc1hwUDlyVnBLeFlDZU1GTm1PWTg4a1M5MHVSY1ZBTk1mODdUY29mdjIxY0Y5VUMyRHE1TG1fZ0czaVI3Q0NLczdoRFV2SXJGMmhVaFp4cEk2RVRIY0pSQmd4UVlFU0dsaVRxX2xUMFJkM1EzOUw2aU1qSlo1M3lVZ08tUUhiREwycEdTbDJScWNTTVNqZUJ3?oc=5&hl=en-US&gl=US&ceid=US:en,World Health Organization (WHO),0.3818
Criminal justice course takes lessons into the real world - SUNY Oswego,2022-01-18 08:00:00,https://news.google.com/rss/articles/CBMiigFBVV95cUxPSkdydVdwMEY0UDU5Q0FQamN1Qk9ZYmg3bzFHbUphdkUtT1k3ajRkMTRCYUl2VmxDbW1BOTBnc1ZjVE9WS1hrU1JCNWNhbmlKTlFTTE9kWVlEaFBaM0JmelkzSHBGTUFVQVBmTkN6Z3NqNDVDRF9vMl9nbUNZd2hnZ093ZTRsX0Jtenc?oc=5&hl=en-US&gl=US&ceid=US:en,SUNY Oswego,0.0
U.S. News & World Report ranks Kennesaw State’s online degree programs among best in the nation - Kennesaw State University,2022-01-25 08:00:00,https://news.google.com/rss/articles/CBMixAFBVV95cUxNY3p6UGt2RkVEd2pQc3lueGtKTUdaUFZCYVF6ZW1rSHNOTzhHMndudlhoaUs3NE92a3B4SFlONC1CenpiUG1JTFZ6NGlKNEVWcEdXRFZWdThvNDY3aFFGUUpLZ0RYeFJRVk9uUkR4VkJremd2Sl9xY3NnTXFqQ0J6ZDMzUU45bGg2M1hkOXB4bU1sSm9yVlI4a1JMeW1pcU1pNVNnR1pMYndna09GNFRmelRfQ3VDOXZRbERkeklZTDVpZlA1?oc=5&hl=en-US&gl=US&ceid=US:en,Kennesaw State University,0.6369
Kazakhstan unrest: Dozens killed in crackdown - BBC,2022-01-06 08:00:00,https://news.google.com/rss/articles/CBMiV0FVX3lxTE80Wmg4TUdnQzdtWGJ0bkpNYTFBUWp3MjcwU3N0NU02QzNMM1dIVDFYaF9FZkZ4T3pwZjhWVzRsdWpPeTlJWjBfVUpyaGowOWI3Y1Vsb3Fha9IBXEFVX3lxTE4wVFFmUTk5WElPRXRfTzB2ODJ0ZlV5VGwyX3V5MTZDWTFKYkNuZHZVT1ZGd2lrVDZ5MmtJX0t2X0V5bmhkb0VKNTFYdVBZRFZycUVmNTh4N3hNYXRs?oc=5&hl=en-US&gl=US&ceid=US:en,BBC,-0.6705
Ukraine crisis: Biden warns Russia may invade next month - BBC,2022-01-28 08:00:00,https://news.google.com/rss/articles/CBMiWkFVX3lxTE95Z1c4Q1NvMEZIZjZOWndodTRrakIzM3JwSGRhSGtTODd2ZlRUazQ1Y1RhLXY3enJvWTFERkg0b0NjakxCNWM0VHdDR0RQaFZVVmt6SWZjZ2lad9IBX0FVX3lxTFBhZ3lJd0ZndVpuMGJHVHFTY1J1eXg3TkZyY0ZDeE5oa3hwOW84Y1RRLWRoNTVQMUtPSGdwbVFQTTZlS05JV2NaWlhicjdMdXdOT25YWVpGdUJHcG0tanhn?oc=5&hl=en-US&gl=US&ceid=US:en,BBC,-0.6705
Tennessee school board bans teaching of Holocaust graphic novel Maus - BBC,2022-01-27 08:00:00,https://news.google.com/rss/articles/CBMiXkFVX3lxTE9jSUNWLUlnOFlYeUVVQmZUcF85c090aE1TbmdZY3RMeFZwcUJORGM2ZFNHLUxsdVdsYjFXeV9YSkxidk1ZZktyaWpJSEVFUmNtU3VQbTNaZW41UHFUemfSAWNBVV95cUxPazVfaVN6UzVNLVdCSy1aVWV5UFJrZmRfOXl2UnVkRGF3blRodlV3d256cnZ1MmtWMWQ4LTdpbnhtbzFvYUFqRTRDOU13WlI1M1o2ZjZ2RnFydzE0eGpsZ3hQbDA?oc=5&hl=en-US&gl=US&ceid=US:en,BBC,0.3182
"O’Malley School of Business MBA Program Recognized by U.S. News & World Report - Manhattan University | Riverdale, NY",2022-01-13 08:00:00,https://news.google.com/rss/articles/CBMinwFBVV95cUxOLVFfWjloZVk4UU00MktLa3AtVVYzVU1xMWcxRmZJdUdCZmw5UWgwcWVMTU16Q0xMY2pmNzR0b1hrU0Z5Vlcyc3U4endaZnZxamxpSTFnRTNhbHgydnMtdTVsa0V3ZVRNT0o5aFdKbExWeER6VGlITHJaMjhnT1pkTEhBN0hOYl9mZF90WU9QdzJXU3l5YlVTNnVVbUhla00?oc=5&hl=en-US&gl=US&ceid=US:en,"Manhattan University | Riverdale, NY",0.0
WHO recommends two new drugs to treat COVID-19 - World Health Organization (WHO),2022-01-14 08:00:00,https://news.google.com/rss/articles/CBMikAFBVV95cUxPWmxzaW50WWl5cy1vUlNvZXBKd01WeFBTeTBXOFd6RlJnSktHajM0VnRmMTRDMGNRN2FWWnRSQjN5VVpwTjVYM1lkeGNHb0xsbW5jTkJtWHlvYVduMUdoOVVEZEl5Sl9EWHdrSEctYWZ4S29POTA2MU5iMUtmTzlzNlhrT2l5TFFtMzRSZzFFS2E?oc=5&hl=en-US&gl=US&ceid=US:en,World Health Organization (WHO),0.5574
BBC Komla Dumor Award 2022 launched - BBC,2022-01-25 08:00:00,https://news.google.com/rss/articles/CBMiWkFVX3lxTE9pS0g3bEhZai0zWEhnekxDOVFGMGl1eUJKaS1FaFJJRXJTMXRjTlV4cWNpZWk4RFpPUnNsaE5RS1NUY0NUZ1FYVGJ5eTlIRWdzUTZDZzViOEsyZ9IBX0FVX3lxTE4tNWFKN1ZJSXpIS3dQbTUtVl9EV0x3S0JqNXJXY2lJaG5rWW9tTXBGVmViVWwxSExzQmVxT0dhTnFwaEJlbE9yM2tKUVVfOHJrZXc5NHFqSndyZ29BNnlj?oc=5&hl=en-US&gl=US&ceid=US:en,BBC,0.6124
Union Pacific Railroad to Assemble World's Largest Carrier-Owned Battery-Electric Locomotive Fleet - Union Pacific,2022-01-28 08:00:00,https://news.google.com/rss/articles/CBMigAFBVV95cUxPYWttclIyb1pWcDJ6WVJXckoweU1yS0d2M2oyZmRMaTU1a2pnYjZFMno1N3VKQUtkU2xNS3FfcHJEY3F3OG1wb2oxQ1Y3UWJKMDVMRzNNMU1uMnNMUm1OMXBldjlVMDl6b25lMFAzYTdiaXFZNzZCZzVQZTVfS0lCbw?oc=5&hl=en-US&gl=US&ceid=US:en,Union Pacific,0.0
OKG signs hydrogen supply contract - World Nuclear News,2022-01-20 08:00:00,https://news.google.com/rss/articles/CBMihAFBVV95cUxPQ2NKRUFwemkyTFBQR0RaYzliQlR5QXFZcmFPV0YyU2gxVHVkWjJBVGl4Y3RkUFl3YktCS2djamh4YXE1YTBRWTNsbVBwUmRFeVIxUGNsUEs4blFxcFVJQlBaUXN3QkNna05YUGF0ZDV3Vkk2V0picnBZd2VBd1RZeWhzS2U?oc=5&hl=en-US&gl=US&ceid=US:en,World Nuclear News,0.0
Free speech on social media doesn’t mean the same thing around the world - Northeastern Global News,2022-01-18 08:00:00,https://news.google.com/rss/articles/CBMifEFVX3lxTE1GcjgwbkNkbG1xV3ZZMHNtR04tVnR3MGZ1dG0yUklhR0lXSERHaTdMQzd5UUM5SjNkSHctcXBtVlBoT2VfbFFaYTlkUFo4VTVSTTR2eFFINGthUm1VbnNqQnNPUFdibUo1blNHaTd3ZnVWdnpXc2NTZ01yT1M?oc=5&hl=en-US&gl=US&ceid=US:en,Northeastern Global News,0.5106
Olympic and world medallist Lendore dies - worldathletics.org,2022-01-11 08:00:00,https://news.google.com/rss/articles/CBMiakFVX3lxTE1NUV9rWDR3UXJCSVRxb2NrWHZycGV0T1hBdjEwdERRSWx2WkdjbTBHY2VuaWZUMDVPcDA2cFQ5UzdPa2xRWGVLbXM5QURRcWl0MVM2ZnM0S0ttRkhsWElHcWNWUFA5dmpMaWc?oc=5&hl=en-US&gl=US&ceid=US:en,worldathletics.org,0.0
Hong Kong’s Citizen News to close citing fears for staff safety - The Guardian,2022-01-02 08:00:00,https://news.google.com/rss/articles/CBMimAFBVV95cUxQUnJqLUhhTkhmTElLOVBEYTZGRS1jaXJEbnU1cXl4aG5BMmFObEE2YVFZTXlYX0N1UWdVVU1fUndROTBoR2pKaDRMRG9KM1FvRE1vYjhUcmdFZkU2bk5yVVROUHljTjFHbFpFVnNZZFVHRXhVTXktUUFhMWJQVGVGVTVzRjMxVDBmam01em5xR1JjakJCWXN3Sg?oc=5&hl=en-US&gl=US&ceid=US:en,The Guardian,0.0
Vogtle unit to test 6%-enriched fuel - World Nuclear News,2022-01-28 08:00:00,https://news.google.com/rss/articles/CBMihgFBVV95cUxQZEhTVDRRakNKTm5iTkVHZGJCX1dOMEd0UHZJR0NzQmVNWUdGS21KX1RxQnJFODhLZndvWlM4cFJyRnp3U1BkSWRNdW1majRvRzN3YkxEVkJJOWRfbGZTSWlUYUJRXzg1QmdxcnpvWThqeWQ5U3F6MVl6WHBUNE0xQXpvRDlqQQ?oc=5&hl=en-US&gl=US&ceid=US:en,World Nuclear News,0.0
"News at a glance: Warmest oceans yet, a pig-to-human heart transplant, and the world’s largest breeding colony of fish - Science | AAAS",2022-01-13 08:00:00,https://news.google.com/rss/articles/CBMiuAFBVV95cUxNYlRZbUVseFJXa0cta0FGR0xBZjVKUEt6Vm44bXBlWFNkbXJsZVdkV1Z0eEdPdDJzVXZMUFlJWWluRVg2YjRQbFlJNWtlRE1PSVdfQmhocTh2WkR3RUlwTUt4NHpXUGE1ZTJ4cXNDT283Y19xbDluMFVzYy1SbzJ5SnJYWEhpejNLUUo5MUdDWlVCSW5oRU5fUXlNbmNBM3FhTkg3SDFTSE9pREVZTWFzNXJlMlVKM1hZ?oc=5&hl=en-US&gl=US&ceid=US:en,Science | AAAS,0.4019
Elizabeth Holmes: Theranos founder convicted of fraud - BBC,2022-01-04 08:00:00,https://news.google.com/rss/articles/CBMiXkFVX3lxTE1ZU1RLR0piaDRkWjBYNEl2Uy0zQWdyNkkyQldNUkg3N2d6YjFkLUIxNjdzT1dwWVg2UmFMMTdKeTIzVDJPWjFselVIWEhCdlNyV0VQQmRFdnJTY2ZzREHSAWNBVV95cUxQaUNqc28xYkhhbzhuOUphNElFZUZuTXRoTmQ5MDdZVndFamZIUk9NQmlmTGgyOEx4VDBWc2tsWDVtTkpHWjFVa1V6b1dfcmJtR3h0YzFBQW5Fa2I0eFJaclkzb3M?oc=5&hl=en-US&gl=US&ceid=US:en,BBC,-0.5859
China: Is it burdening poor countries with unsustainable debt? - BBC,2022-01-05 08:00:00,https://news.google.com/rss/articles/CBMiSEFVX3lxTFBEX2FuZktPWXF5dERQMzZXRVlaMDEteVJiLVhFdWlMTUdESUtEYkVOMy1nNnVnSlNNZ21XbGZ2VThuQUpvX3BIVNIBTkFVX3lxTE5ZcDhjLVl4b3JVRDhUVkYwLUM5ZFNUSXJQaWw4dm5uWWY5SEpIaFBwQ19JcklkZ2tVTjJ3LUtYZ29lTXlHakcxQW1hSUYtdw?oc=5&hl=en-US&gl=US&ceid=US:en,BBC,-0.7906
IMF urges El Salvador to remove Bitcoin as legal tender - BBC,2022-01-25 08:00:00,https://news.google.com/rss/articles/CBMiY0FVX3lxTE1zd2dhQWRtWGlST0JRcG9SamRxSkppNjNNRDhucld4eU1xT0lyUjAxWGFibHdQbTEySFZrRXp5X2dWMjlKeHRBSHFWbDFONC1GaUhycnZTSkJUSHdUX2VjeVdxTdIBaEFVX3lxTFBSUi00eVpSNmNEU29VdXg1Q1FDM28xNXJvVVVVSGhBMmt6QkhYYjFCUW4xUUlQR1JkZUpySkFlZ3pobGJiQmlJRFFQdmx5ZmcxRXlKNm93bXBZOVUzSnRqa0VONUtXbXI3?oc=5&hl=en-US&gl=US&ceid=US:en,BBC,0.128
Russia-Ukraine: US warns of 'false-flag' operation - BBC,2022-01-14 08:00:00,https://news.google.com/rss/articles/CBMiWkFVX3lxTE1sWVRvWGJFdmNpMVhlT3RldG1MNUx2bk9IYnRpR012bjUwUncxZnUwbW5xWGRvZXAxcklfdjZNNm9FVkxxQVlQZ0xvNG50dThMU09tQ3B1WjlGd9IBX0FVX3lxTE5EMFVsa29SYjlTeWpiSUtrREpTcUEza2wxSnVYMDZEeHg1NFdWYWtDRm80Vi13dnp4T2FSenQyOWVuX2FFd1MxV1RUYkh0cXNnUU5tVGpfUjZBREYxZWRF?oc=5&hl=en-US&gl=US&ceid=US:en,BBC,-0.1027
UCF Breaks into Top 10 Best Online Schools with No. 7 Ranking — Best in University’s History - University of Central Florida,2022-01-25 08:00:00,https://news.google.com/rss/articles/CBMitAFBVV95cUxPT2hIWm56eGZTLXVsOWFlMFoydWJyLWloQzBWWWlnNnJqZ1M4a1d5UUE5aGhvVl9fVmc0YTRoNVZDd2NhQlhDeGJVV3ZRb3FuVjNEQloxSHVBOHc5TExiX19obnYwV0tYTHpnS2VIbHFNMm96a0JUQXczUkM0R2xkQXZoRVRQNnI3YngxeWJYd20ydmlOdmVyaWx2OC16c3JjZ1oyUVhQM3pHRzdOREpGOXBOSlc?oc=5&hl=en-US&gl=US&ceid=US:en,University of Central Florida,0.8402
"Port of Los Angeles, Port of Shanghai, and C40 Cities announce partnership to create world’s first transpacific green shipping corridor between ports in the United States and China - C40 Cities",2022-01-28 08:00:00,https://news.google.com/rss/articles/CBMibkFVX3lxTE9ZSjUzZlp5bWljc0o2T1FoQm8wRkFaZWFjaHR0Z1JEbmU1eF9hVGpCZERobE14cmlRaWpsRFY5MG1TWFJHVmJ6Y0VXSmVrVGE4UkZUWXFkZUE2bjVqV2MwdGpwNHl6LTFKTVhPVkxR?oc=5&hl=en-US&gl=US&ceid=US:en,C40 Cities,0.5994
Disney Experiences: Magic through Imagination & Innovation - Disney Experiences,2022-01-14 14:45:07,https://news.google.com/rss/articles/CBMiP0FVX3lxTE51ZWx1Y1dPZU91YUtIT2gtRTNUUFl6UFhSMGNvSHF1RVZLLUktWFk1ZU0yZ1VZOVU5eXRCZTY1OA?oc=5&hl=en-US&gl=US&ceid=US:en,Disney Experiences,0.3818
World Neglected Tropical Diseases Day: from Neglect to Care | News | Media centre - emro.who.int,2022-01-27 08:00:00,https://news.google.com/rss/articles/CBMioAFBVV95cUxPV3JjRWoxWktsVW1PRGVlUXhOdEVJSzNaazBRMl9Sa1lMVnlucUprZUwwemlfVHlwUUZBamJNT3RsOTRLRkhSLUtVdGx2cFVfLWF3RnRaSVdURjI2RHdrSWFIdVh6cE1iNzB1V1diYXYxVUwzZ1pUN2NMOUhrbk9ad3o2dFRrTmdSR3huazV1c0NJMUt2R29sVTZ5a3NhZWpR?oc=5&hl=en-US&gl=US&ceid=US:en,emro.who.int,-0.4939
Was South Africa ignored over mild Omicron evidence? - BBC,2022-01-19 08:00:00,https://news.google.com/rss/articles/CBMiWkFVX3lxTE1TUkw5NTB2YjZJSDBLVGF4eFFOSEExZXNNQUE4cFZIT0lnMUJJM2FoXzB6QVVmNlBtOExadW1xZ3VTdGF2aFpJU3ZqZTdmTTRuSExQWXFsX0h3QdIBX0FVX3lxTE1BcG1yeTlDZzJYUHY2S2w2UjhFYjJyazFIMHYzYW5ULVhVR09JWEJGWlZMcmhxUXJhOERUWEpnWjJtOVVJdHBNYlpTblk2dXdFLTUtRXZXbmZhV3FDR25v?oc=5&hl=en-US&gl=US&ceid=US:en,BBC,-0.3182
Boston Marathon announces their fastest ever men’s field | NEWS - worldathletics.org,2022-01-13 08:00:00,https://news.google.com/rss/articles/CBMitAFBVV95cUxQZnVDQ1FKOG92VjZNRzI5em80NlFBbUpwR0Nndy1XMWNLSEF0UUtQQWppVmxiRGQ5S1dCVkJlTUVWM1lnbHpVUHA0bVVWc3dlN2RCZXFCYkF4MlNsb2pFYThEQ05jVk5WV0dLNklkbkpjSUpPZGtBbDg3TlhEWmZqLWVtM0VlMHJPMjVjVnFmQ0hwaHZicmFqRzNoVlBGdlNMQkV6azAyV01yOF8tQnV3VTc4OFo?oc=5&hl=en-US&gl=US&ceid=US:en,worldathletics.org,0.0
"Kazakhstan unrest: From Russia to US, the world reacts - Al Jazeera",2022-01-06 08:00:00,https://news.google.com/rss/articles/CBMiiwFBVV95cUxPMmEwUHczdkZrSlIxbHhROHJtMHJ4aWlfaHBYTlhrWGpUQXd4VTk4dld2NUZxS1R3MnVBM1RRTTJjaGdpVE5DQjVXNFdkNVo1N1ZkRWR6aDJvdFpGYU92bVVkMVlqZWNia3F1MTlGT1dkRnl5TWtxWGRTWS1pNXlQenRxcmt0M1pSMjQw0gGQAUFVX3lxTE1mNlYycmt4SDJWbGUwN0FVUmY1RWJNX0tMUkhjbWJYTkRQRjAwWXhDaDRLTWd6QmhUTkdpd29YanBOZ0JpR1l2c05kZ0RMLTY3YkphWDNKZ0pMNV9aMFpXa1hia1hGblZpMmt6TEJMdzB0VFdRR2I5TWVtcDFDYzNxbkQ2ZlFFTkJQWlBXQjdybQ?oc=5&hl=en-US&gl=US&ceid=US:en,Al Jazeera,0.0
"Wealth of world's 10 richest men doubled in pandemic, Oxfam says - BBC",2022-01-17 08:00:00,https://news.google.com/rss/articles/CBMiVEFVX3lxTE9QclVhbHIxWVN2eHFOZXdlSXZYaTJWLURodmJTZ2RxSjN4Um5pdjRLa2Y4X1Nnd0xyVm9oeW84UzAtbmVKaHhaREFFeDYtMi0zRkVGTtIBWkFVX3lxTE5KTzV2X0Uzd2RseDhXMFVNbXRvTkQtWjdRZDY2MUgyTGN6VTAyblRNNERBaW1oUGFZekx2Tk9NQ0hwRGJqdEJIelVtcmtqZEd2V0I2TlU0WlczQQ?oc=5&hl=en-US&gl=US&ceid=US:en,BBC,0.765
New law allowing assisted suicide takes effect in Austria - BBC,2022-01-01 08:00:00,https://news.google.com/rss/articles/CBMiWkFVX3lxTFAtX1Eta3ZpLWkweG1WSmFwNjJfY0NsWENVYkMtY0VFaW1yVHY2aUhvNGF4R0FaUm5TZUJpSGh4eGRJMWNEU1RtS1l2QmxKSzBwMV9tb0NCeDZuZ9IBX0FVX3lxTE9RYmh3WTl0TEFuM3Q2dF90NWZNN2pYYlNYeHZ4eXRpY2ttRUt2S0FXZ1d3bVNxMHdUdjIyTzc2WVlRQUFKbHJHVFUwcjV4d2RTaHVrejVudWNlR0xyRUJj?oc=5&hl=en-US&gl=US&ceid=US:en,BBC,-0.6705
"Horrors of Hiroshima, a reminder nuclear weapons remain global threat - UN News",2022-01-15 08:00:00,https://news.google.com/rss/articles/CBMiV0FVX3lxTE1Sc2p3eER5T1BNYUw3dUtRT0tjVkZRX1llYTlTWndCTGxCLTBINE5BOW94emwxcER5OFNLWV9vbFhvZjY5QVU4QmtCdnRtN2ljckdBM0lDQQ?oc=5&hl=en-US&gl=US&ceid=US:en,UN News,-0.875
Tonga tsunami: Before and after eruption - BBC,2022-01-18 08:00:00,https://news.google.com/rss/articles/CBMiXkFVX3lxTE5OZTBxd3ZUeFFaSmtPOVAxODVvcmpWMzZMUUdsVzBJQ3BEVVVBV3ZlWl9aaGN1SlA3ZTRVbFJXS0JrM24yQzZjdldyWHc3Y1U0M2FIZElqRGphMTRkYmfSAWNBVV95cUxPMEtRWVlFQkdXeHFLZThaQlVwbmVOak1VUWM5Q3pZdXVhZEJGYW9Nd0RiVU82WmR3dDJwWWVyUnhEaEdsSEllQWQ4cV9SYUxRT1I3UlJna3NoUElibXpIaHpaWDA?oc=5&hl=en-US&gl=US&ceid=US:en,BBC,0.0
How the metaverse could impact the world and the future of technology - ABC News,2022-01-28 08:00:00,https://news.google.com/rss/articles/CBMilwFBVV95cUxNOXd0TUxmeVllUUw2TUpKSTZIT0lrT1B1TllseFhiTGdnbkZFYWIycW1mM1ZuYWg5VWQ3VkU5TGc2QzcyN3hKR0FoUmpqZkhVRHRld3FST04xZTVnRFRJNkRCRm93RjhuWlk5Z0h6ZmJCR2ZuaGV3LW5nZjlkRTd2TWpoR1pHWHFqX250eUJ0UV9peXU0R1lr0gGcAUFVX3lxTFBJWXhIc09XTHVzRjBjd3B5R1F5cWh3LTN1RG5zTGV0V2ZDaXlrR1EwNHdrSDFXc05HX0lXeFhZVkpJZGREbEY3anNlSzhzY0RGNFhjTnpKb1REV3JuNjQxSXhvdndUUXdnOG1ILWpIRlRWX0ZQcUZSeXhIbUNUVzFaT1diNzVxeGxCY3JzR2hnbTVIb3FialoxX0lfUQ?oc=5&hl=en-US&gl=US&ceid=US:en,ABC News,0.0
Seeing the natural world through a mathematical lens - MIT News,2022-01-13 08:00:00,https://news.google.com/rss/articles/CBMilAFBVV95cUxPbk5qbkJGU0QxZkN0NEttaGFwZ2xaZEVVclZia1Z4Zlo3WEc1bEc0MlFBNW5mNmFPMnFCa29rVFhpcm9MRjJtXzZlckdOY0swUER5a1B4ODR4dWFfd3lxNGJlMUlrTUZrdTlYTWplSU1FenY2SW9zbFNlUF9NQzhiV0ZiMkY4M3FtWHpFRnRhOS1OQjRF?oc=5&hl=en-US&gl=US&ceid=US:en,MIT News,0.3612
The Rise of High School Internships - U.S. News & World Report,2022-01-14 08:00:00,https://news.google.com/rss/articles/CBMiiAFBVV95cUxQa3ZiRURfOExURER6blIxbVFlMGh4N0R1ZF9XWmctTmNJdlNLZDNrdHdtRFRnbzNsQUw5UEFrZXlUb1BaLWQ2ZS1lUHd2QXprbS1ZN0ZxdnpoX1FIQ0dBQjNLdThaRTBHTEVpNi11anNlVFlMTXFuYzB3dE11b0ZzSDBYWWFsUnZa?oc=5&hl=en-US&gl=US&ceid=US:en,U.S. News & World Report,0.0
"On World NTD Day, WHO releases key document to guide a paradigm shift towards One Health - World Health Organization (WHO)",2022-01-30 08:00:00,https://news.google.com/rss/articles/CBMixwFBVV95cUxOaU1CVFYtM0ZpZWtjb2c3aHFmR2hiZUh0Smt3WTZIanAxVm5fdHBnekpoekxGSUlsWEl0VENxNEU0aXpjZkVMaGxISmdBcl9RN2MzeW1aSWRtVllkMGVHUUFHSEM5UjJsRktXaGYzSE82TVMwVFhaeEN2MHRrNmFwaThaU0xCU1NvV195YmpZNWVRQUFZekxnNTZnRmxhZUFBMFdMekdiRVJFN0FudUNPSFEzMW1QQ3VKVy0wTU9PaHBJUFBaWjdJ?oc=5&hl=en-US&gl=US&ceid=US:en,World Health Organization (WHO),0.0
Unvaccinated man denied heart transplant by Boston hospital - BBC,2022-01-25 08:00:00,https://news.google.com/rss/articles/CBMiXkFVX3lxTFBWeTRRc0tIMjUwbzI0SDMwWGVVZDhZbHVjWVdKZ3B2MEw0QnhHYVBDMExqalp0dzZtdnhRMnhIY2hmQzRLcWxEZ1lWZmJ6TzlXdGVEU21fOXV3NU9rWVHSAWNBVV95cUxQamVQMWU1dnpBam9mbWpSakJlNnRMZ1pUTGhnekN6LU04d3pHTGZ0VjhlZW1jeGd5dHpxOXVKS05GZ3ppdTBLX2d2eUZiMmJ4NV94bnFnNTMyU0J1VzRSRUhVS0k?oc=5&hl=en-US&gl=US&ceid=US:en,BBC,-0.4404
German court finds Syrian colonel guilty of crimes against humanity - BBC,2022-01-13 08:00:00,https://news.google.com/rss/articles/CBMiWkFVX3lxTE1mLWFWSEFreVhxaS1zN3pYT2lfUTBBSHVyV2Z2QXNhbmJlbTF5RzRVakxiZjRCVDZsMHVMdVVWVmx4SHRLekdFeU9mWTR2MmZnM0p4akRUR3BVd9IBX0FVX3lxTE1BVlZfVmZ2eUUtU1hTMDkzT1NsWUJkYlUtbVVSRE8ydVZaZjZidUJ5VEdYUE1Fd1pBRTExel9CSTVubTlkZGhxTWhrNjQyZ0J3d1NlSmg2RGRhYTRzS29r?oc=5&hl=en-US&gl=US&ceid=US:en,BBC,-0.4215
"If you’re not thinking about the climate impacts of thawing permafrost, (here’s why) you should be - UN News",2022-01-30 08:00:00,https://news.google.com/rss/articles/CBMiV0FVX3lxTE0wVnZYcV9TWVZ2clF2c2tvRFhWVkh3SUtzaUl6UzEydE5wYWpWOU9SeTN5ZDM5eU5LTWhkSkhIZHlBRzdLd05fOE5RY1Z4SnBSV1JueU5nNA?oc=5&hl=en-US&gl=US&ceid=US:en,UN News,0.0
Almin Karamehmedovic Promoted To Senior EP Of ‘World News Tonight with David Muir’ - Deadline,2022-02-07 08:00:00,https://news.google.com/rss/articles/CBMikwFBVV95cUxOM2V5TXNxZXRVVWlabEExWnltcHFCZTZ5UzhOUlMxR09CVXVrSlJqRk5vXzdMRkNLNm9pT0ZnWFM5RkFiV3lPUkthV3JYOFRDN29CREJzVnNYdVM1NGJNVkV6WjE2YjlsLVVLb0x0eG5wbzZFamM2ODJHVFV3YUc0ZDRaZURuTEtFQ1ZRR1ZNTXM2SWs?oc=5&hl=en-US&gl=US&ceid=US:en,Deadline,0.4215
Statement on Omicron sublineage BA.2 - World Health Organization (WHO),2022-02-22 08:00:00,https://news.google.com/rss/articles/CBMigwFBVV95cUxPQmRvQmlobWtDSTdDM0w2Q29aV3ZLTG5sTnZuX2tZdjdqbnhFTXJtZWp0Tld4bmVsNXAweUdqbEtWV1RwWmxXNmtqU255c2ZSZkRLNWhrenZ2Wi1TMDZWMVlNUFNOYWpUY21jOTBhcVBxLVFZT1hLbU12YzJXSjd6YkVnVQ?oc=5&hl=en-US&gl=US&ceid=US:en,World Health Organization (WHO),0.0
More universities become ‘world class’ to meet China ambitions - University World News,2022-02-17 08:00:00,https://news.google.com/rss/articles/CBMid0FVX3lxTE5wZk9jckx6NkdfcnNmdzZ5WXlvUy02bEk1bUdoSkw0V2JrQ1lYLUg1Zmt0UWxjOE1QejJaSEFnd3UteDV2TW8wcW00RWJWVGZfS1NLajRJZWkzSzk2SHJBRWlUaGxvQ3ViVkhXVjNjaUMyaTJPWlNN?oc=5&hl=en-US&gl=US&ceid=US:en,University World News,0.0
Novak Djokovic willing to miss tournaments over vaccine - BBC,2022-02-15 08:00:00,https://news.google.com/rss/articles/CBMiUEFVX3lxTE13emx1WWFlUTk4Xzk2SFoxbE1OM1FoazdoTXRCQXFpSVp6RUVXcE91dno4MnhiOTVaZVRXOU5PYlhjVmxRZjdnZ3BPVVRzR2Rw0gFWQVVfeXFMTXZnVWRTTkh3Q3UxdFFnMGZDeTJpWGQwZEdJXzV2VHhKaFZXbTJtX0E1OGRMbXEzaVhHSHN0TFk4S3NEWkx6MkNYMlM2c1JnRmk3QUtfeXc?oc=5&hl=en-US&gl=US&ceid=US:en,BBC,-0.1531
New World February Update - News | Official New World: Aeternum Website - newworld.com,2022-02-25 08:00:00,https://news.google.com/rss/articles/CBMigAFBVV95cUxOYU9kaVNyTVl1UXFacG1yVHNzQUNONVh1aVpncU8waEVLRHlqa3JiTFZSMFdkd1piYl95UXRZVjhjR0p5Vks0ZXZuLW9wQ0FIaElJem4wZzhRMmpJS3Y4SUFHbEVYRy04THR0RFhoSHM2SGs1a3ZRbVNUX192NVF6bg?oc=5&hl=en-US&gl=US&ceid=US:en,newworld.com,0.0
A star in the world of ceramic engineering - Virginia Tech News,2022-02-16 08:00:00,https://news.google.com/rss/articles/CBMie0FVX3lxTE52TkRwMVlkOC15MXZka1hobHQ5UUtpMWM2eEhUdVhIVElYM1F3cGk2QXBhazJTVFlvMThPUlp0MlkwUklibll2di10SkV0LVJ5cmxiNFBKYms3Qjd3aVJBc1R2VlFsOVRTWXB3bFkxaDBFVmlhTDdLVXpiOA?oc=5&hl=en-US&gl=US&ceid=US:en,Virginia Tech News,0.0
KNF obtains licence for fuel transport container - World Nuclear News,2022-02-23 08:00:00,https://news.google.com/rss/articles/CBMilwFBVV95cUxQTXZ4UHI4QW5wdlcyVG9qa0NJTUh3SDNpbHU0TFFSLXdWcXZhRE5maE5WcW95X1JBYjlKOWhQaUJIUDc1Z2dpbVhaNVVkWHFqMFpIUGlrdkNVREtISkc4TFl6cExxd2NiYlI5YUhOaWdvRjZqMHY2LUtQVVVvdEJoaXl1aUhvdWJUT25HbTZ0RndHaFpFcjBF?oc=5&hl=en-US&gl=US&ceid=US:en,World Nuclear News,0.0
Winter Break Around the World - Poole College of Management,2022-02-04 08:00:00,https://news.google.com/rss/articles/CBMieEFVX3lxTE43ekk4SVhhQUg2NHVaa3hBMjA0VzFTZTJBNGtvMTBvMEhlV0tpTExZbzR6QzZoemtaeVgtcHV0WFFjdkh2VFVBeVFrdlZtVHhMZGhoT2dlbnk0WFVsWXlOU3FUaklzY3lidzlnYWtSR2RVT3Y1anFEVw?oc=5&hl=en-US&gl=US&ceid=US:en,Poole College of Management,0.0
Counting the world’s trees – new video uploaded to AP Video Hub - Purdue University,2022-02-02 08:00:00,https://news.google.com/rss/articles/CBMiogFBVV95cUxOdm1GNzZiYTIzdjkwa2RnRFJOT2h3UVZpb0w4WHpZU3lZdEozT2J5QmxuVGpiNktWQWZtRDJSVW1iMTRXZzRzU2JzVHljaFBwaGQ2djhxVEZKSjA4OWdpWnZHRGwzOG5sTnpEUWo1WFBsZmFhLVRVcG1mQ1hPb1p3VFkyaHlLNmRnQWNkNVBDWnZaWThPWU9DOV95cy1jLVBpNEE?oc=5&hl=en-US&gl=US&ceid=US:en,Purdue University,0.0
One World Café cuisine receives rave reviews at ‘Tuesday Tasting’ - UBNow: News and views for UB faculty and staff - University at Buffalo,2022-02-14 08:00:00,https://news.google.com/rss/articles/CBMidEFVX3lxTE1RYm1qUzhjNEtFNG1MSEt4cGpwLXNlRzVibUZ0QXprY3NJVnlaM1NKdHhPR3oySFpCWVVJSm9PdEI3VmdaMzRSR0cydEJjVHpfRUg5M1dKUERXeGNKWl9rM01iMkdQNjFkMGZHZHZZemlvU0ZY?oc=5&hl=en-US&gl=US&ceid=US:en,University at Buffalo,0.0
The world’s most unwanted plants help trees make more fruit - FIU News,2022-02-09 08:00:00,https://news.google.com/rss/articles/CBMijAFBVV95cUxNbnk1NGJNcjFuSm9KTDBVVWE4akpfcHUzRXcwSzZNSGZYNW9fNG5PYUdGT2F4dlFtY2JqelBETFA2RFgyVFZ6ck9Nci13NDByU2tnOU5vclFhMTBOc3BFMHBHeWMwT0cxT1ZuSU9kT0kwMkJrQnhmMjBvUUdqdmMzM1hDVThXVUJvNDU5Tw?oc=5&hl=en-US&gl=US&ceid=US:en,FIU News,0.1952
Life may actually flash before your eyes on death - new study - BBC,2022-02-23 08:00:00,https://news.google.com/rss/articles/CBMiXkFVX3lxTFBKbFBoN2tjZG9pQmlVZkFoU0R6TmZub19ycUFnTW8wLWpoUUFQMlNBUXBxRWc5NzdyRlVsQ3dDZWhxdXJOeFZMX0xkNG5FRm1sMzU4WmdYamRSUV9IVUHSAWNBVV95cUxOSlZwOUNzZVFMVWQtNElXVUpENnhaZ21nV2FvdUd3dFhMbVducVg0UkNESkNlQmNMQ0NFMld4YmYwMk1KMlNDblVPOFZodG1HclpzWTJGQ3lLZ2w1dWZFZUp3M00?oc=5&hl=en-US&gl=US&ceid=US:en,BBC,-0.5994
World Cancer Day: closing the care gap - World Health Organization (WHO),2022-02-03 08:00:00,https://news.google.com/rss/articles/CBMihAFBVV95cUxPbzlhX3N1VnlWRzBjdWw3U2U4SUQ2RnFMV3ltanNBZXIyX0prOHVncHpQR1NOaFRtM210S0JwVzRCZTNLak5JRTFYMkFOUzVzTUZ6U3RHcUJ5bnZpQkRPVmVmVWVUSE5sNmVpRnpWUWhMWWdFdWh0SmJmeXUzQkhLOWdZUEg?oc=5&hl=en-US&gl=US&ceid=US:en,World Health Organization (WHO),-0.296
A guide: Nuclear power in Ukraine - World Nuclear News,2022-02-24 08:00:00,https://news.google.com/rss/articles/CBMiggFBVV95cUxOZlVCaXVUUkZxc2pPLUJSTGdvUmxxay1yMzY4RmlPOE8xT2NDQy0zUjhyM0xPWDEwSFVtZDlYM1QyNEtMR25HMk9FOUxPdEdOY2Z4aGFFcVpraWxLcjZrdWltVzhyb3hIQXZYMkw2YzZJUTd5a0JBYUZvdEdfUmdJTUFn?oc=5&hl=en-US&gl=US&ceid=US:en,World Nuclear News,0.0
Pharmaceuticals in rivers threaten world health - study - BBC,2022-02-14 08:00:00,https://news.google.com/rss/articles/CBMiY0FVX3lxTE5yU2JTRWh2M2JvaVYwbGVKVEdCSTgwRTczRjBVcXV5RW5aVUpHVUtqdXE0cjVMUm5sTWJZSHJQNmdsYUJjako2dmdlTFhGWVpHMExUejQwcHlQTzV3UmlrZ2ZFY9IBaEFVX3lxTE14a21IRnlRY09QTVVUNElTNWM5M0NGcnNRdWxQMWtOSks2N2duYUx3Q0JXTFA3RWtwUlMyMHFtSm9WUGo5THV6OEt0bklUc0VmbWtFSmhfdS1JVndqaVhLWGhEMHdrWjE3?oc=5&hl=en-US&gl=US&ceid=US:en,BBC,-0.3818
COVID-19: What you need to know about the coronavirus pandemic on 14 February - The World Economic Forum,2022-02-14 08:00:00,https://news.google.com/rss/articles/CBMimwFBVV95cUxNNmswd2Y2SlNYai15MGd3cTVPZzMyZHRpYy1SWkM0ZHl4OG5OMTNSRU5EYVkyQVYyQW1EaXgxNndiV2RpalZ4STdPdnRDM3hSb2tYWEJsc0VQaFNNZWV3dWFMS2FFT3kycVpHVllCcnp6Q0Z3SGlGeHc5UGdfbzhhMFN6Y29QbWwtLXhIaFkyN09YSnIwNDQ4NnFiSQ?oc=5&hl=en-US&gl=US&ceid=US:en,The World Economic Forum,0.0
"News: NATO Secretary General meets world leaders at the Munich Security Conference, 18-Feb.-2022 - NATO - Homepage",2022-02-21 08:00:00,https://news.google.com/rss/articles/CBMiX0FVX3lxTE4ySHdYUlNieTZiTUtGY1ZjX2tTSUYwbzF1TnduUnUzSHpqNmNFVUpMNkxlcmFNeGl3N0czU3Vlb1llamljalRkMDhpS0xaXzdKdlYwMmliR3pfbE1WZkhr?oc=5&hl=en-US&gl=US&ceid=US:en,NATO - Homepage,0.34
‘ABC World News’ Producer Almin Karamehmedovic Promoted - The Hollywood Reporter,2022-02-07 08:00:00,https://news.google.com/rss/articles/CBMiowFBVV95cUxPNkdZbzBjYnV2aDRFQU1QX2xyaTRaUXhyZUNSeXRYdlQtY0tXRUhad2lwLU01cFRPZEFGbVhpd054Nm5Ia2VwOTBhZklUaHNFaXR3aGxEcE9tLUlBS004MFo0UXdyektQLTF0WkFtWXUyYXVTYlo4Tl9ydEhZdk5BejBZbmdJdFVVa2xiN0NiallaMWh5UGNyNjlib3VYWGtaWVhr?oc=5&hl=en-US&gl=US&ceid=US:en,The Hollywood Reporter,0.4215
Ukraine-Russia invasion: Europe prepares for wave of refugees - BBC,2022-02-24 08:00:00,https://news.google.com/rss/articles/CBMiWkFVX3lxTE51c1ZnZzh1WVhPbjZyZk5QU1VDUXJabWQ3Qm5lWmFON3NhY1RkUm96OFI0dGMzTzd3ZkF0VXZwTmsxWE9waVFtTmpxWFVQZ0N1VEFBc3FEZ0lvQdIBX0FVX3lxTE00Q1RzZHEtbWdsdl9Bczc1TjBhaFRWejVWNGhJM2RNaVVGMXRPYnM4enhvak1VUG40UEJGN0hWWDl1RHhDbGVfWE9EdG4wbWcxTmFCT0VuQUg4MldCMnhV?oc=5&hl=en-US&gl=US&ceid=US:en,BBC,0.0
World leaders set sights on plastic pollution - UNEP - UN Environment Programme,2022-02-16 08:00:00,https://news.google.com/rss/articles/CBMijwFBVV95cUxPRkx5RUNYLW5YUE9ORGN0bGppMzFkSW0xSW14V3NlUUhObG9GNVBnanFEd3ExTXV2bjhHRGRFQnJRMEVFdjdaYUl1ZzFUak5HM05rMlRSOXVEVHlSQkpQWkFoay1UcHRadjQxUU5ZOFdjV1J4Xy1waHRnNHBub0lGYlpQZEZsU1RyWldqb2ZBVQ?oc=5&hl=en-US&gl=US&ceid=US:en,UNEP - UN Environment Programme,0.0
US President Biden: Human fraternity can help build better world - Vatican News,2022-02-04 08:00:00,https://news.google.com/rss/articles/CBMiqAFBVV95cUxNVTlfNnNITUpZdzdWM2RoQk9KQnRWU3NPSHBJWktPbktsYll2NUxHaktFaUk1bUdZck15U2xZUU5KeURsZDdXZ2lnSGdsM0lTX3FoZTFGcDFvTk5RRUo0aWFSZjhKSkdEZWJlM3BmWTB3QjNUMFpCVXBtcUhBcWdjeGRweEcwVTlkMUlmZk9IbEljeERhSUlBZ2RldUFmdXlZQ3RMakJQc2Q?oc=5&hl=en-US&gl=US&ceid=US:en,Vatican News,0.6808
Why is Canada's Covid death rate so much lower than US? - BBC,2022-02-14 08:00:00,https://news.google.com/rss/articles/CBMiXkFVX3lxTE5GUlg5eUhYMmRueW00dDkxb1hFMTJrRnlBT1M0UnNPa1JJRi13SmdvdkxuaU1GZWxxRHh0Y1oyTFZ6Z1VyUDA4Z2wzTDBNUjFTQVA1RjR3bnRteDVBcWfSAWNBVV95cUxPSGtvcGFsa3hHSUpDLURqZFZVNEVsYks2SkNvSkNZR1IyNHM3bjB5T1RLWTlEUjE4WnJhLVFiQWFCSkNFUFhRRFkyUUdSODhpTmNVeTBoY203cElnZFdDbEZiVm8?oc=5&hl=en-US&gl=US&ceid=US:en,BBC,-0.749
Pope: ‘Wild world needs to be more Christian and humane’ - Vatican News,2022-02-10 08:00:00,https://news.google.com/rss/articles/CBMimwFBVV95cUxPcFVUQW1kcWl2TE1yeDdJR1RJUTZRM0dVNG9WUF83WWRfcTVndkNXdkFDSzAyM2Q5aTUxdzBseUY4MmN0OW1fb1RiNUNuNXR0Nm9lQ0p5Q2tMTDM0b3psdEwzenRKdDF5bkViSTl3RTczbzVMTV9YOFJCYk5jdTVSUjVzT2s0MXJkeUpRSzFkTFhzd1NHSWVzUnhINA?oc=5&hl=en-US&gl=US&ceid=US:en,Vatican News,0.0
"Number of wildfires to rise by 50 per cent by 2100 and governments are not prepared, experts warn - UNEP - UN Environment Programme",2022-02-23 08:00:00,https://news.google.com/rss/articles/CBMiuwFBVV95cUxQVDFGSW8tN0FKdFg0MTBuVTlPd3kwWmtPTExzd1pXSUdMeEFURzY5TGh0Y2Jab21fblVWWEdhZlFOa05POHJnLVpTSW5uaFBaNDhOdFh0bGoyZkJVWnNLMlloTUFwclp0ZWN3RUp5OXBNdS1jTmRxc1AtVk5MQTZDbUl0NVMxRFVySXUwRmU1WlRMVWpSTDUzekF4cUJTWmJfRDBtR3BWX3RvdHdDbGk5dk5MY3VWVndVaVRr?oc=5&hl=en-US&gl=US&ceid=US:en,UNEP - UN Environment Programme,-0.0181
COVID-19: What you need to know about the coronavirus pandemic on 28 February - The World Economic Forum,2022-02-28 08:00:00,https://news.google.com/rss/articles/CBMimgFBVV95cUxPWjluR0VtZlpfNWQ0NWJYSjVRWGl3OUs3WWpZNGppOGVMUnYxcC1YMnV1RzJpWEFSYWFXaHRjWXg0RExSb2hxTGRFNnUzcGJLWG5xWVZ3YjdET1lJdFdTR0FUbmQwZnJrRGRVR01FaDl3SWpGUGtKbUltS2ppX0I1U2pBeFNILVY5b1Rwa1ZPUDNkdm5BS0lZR3ZB?oc=5&hl=en-US&gl=US&ceid=US:en,The World Economic Forum,0.0
WHO prequalifies first monoclonal antibody - tocilizumab – to treat COVID-19 - World Health Organization (WHO),2022-02-11 08:00:00,https://news.google.com/rss/articles/CBMitgFBVV95cUxPaldJMy1CMHlfeWc4NnZ6cE45ZWpnWnRkSnhlMGdGbzJkd0pjY1pvQkxqekNFaTdxcEJWb1QzRHBWNWhfUzM5UFNKUkFyOXBfQ3V2SmI5Y2NKR1loY1ptRzNocU9kMW55Uk94Y0hCWWNfYkhaZ1d2WUNSbTNhenNRQmdjRlpLYkMxTGN6bEkzZWx5SS1fX2luX3JkaGE5VlpldWRkUjAtendqNE9JZDNBUVNkUmY3QQ?oc=5&hl=en-US&gl=US&ceid=US:en,World Health Organization (WHO),0.4019
Syracuse University Ranked Among the Nation’s Best Online Bachelor’s Programs by U.S. News & World Report - Syracuse University News,2022-02-14 08:00:00,https://news.google.com/rss/articles/CBMi1AFBVV95cUxQOFVQLWRCUWNKV0Y3LWtvTWtrNkpDRWVPMHpOUV8tZ3N4SUJGSGpyMnlkeG5kVFJ3dG15UnlFZGxsQ01RM3RkbThVZG10TFJqQVJrUWluMV9WNGZieEtMMUMtd2ZLYW0xY0RwR0gtTUlwSmFnVGdKSGN4NTFyQmlHTG1oeFNmWHk5azk1VE1Kc2lnSFBsbkpsLUhYTmhySVFqbU9NaHJLY3otX2ZEb1FBQU0yTkZROGdRN0REOUhTRkFLTkN5UjNRS0t0MnZsWEZXMUlmUQ?oc=5&hl=en-US&gl=US&ceid=US:en,Syracuse University News,0.6369
Ukraine conflict: Your guide to understanding the story - BBC,2022-02-24 08:00:00,https://news.google.com/rss/articles/CBMiWkFVX3lxTE5IYUZhdEQtaUd6bVlEblJCb1JHR1oxRE9ObFRWNlVoYnhFUTRqbUo5OFpCYlVQMHNVNk1JT293UGVrRGllM3Y4Ul92NHVTTzRGbGFEZFJmNzE3d9IBX0FVX3lxTE5EZlNnS204ZExQRHJoS0NuazVEOElQRXVFVzJ2QkJkSzR0VnAtOEx5c3RKaTZGSFFJMVo3RzJpSEhVbVNsV1B2cWxVLVlPZV9ycnoxVV9QaWhyaThEbWFJ?oc=5&hl=en-US&gl=US&ceid=US:en,BBC,-0.3182
China and Argentina sign nuclear project deal - World Nuclear News,2022-02-02 08:00:00,https://news.google.com/rss/articles/CBMikwFBVV95cUxPY2dDaXNVZzFCZTk4RVZOWkRVcTFYLVVSQjEySUZ5V1NBYTl4akRtMUZjaEdmRFBSZlloQ0RDUWtmYW5nVVZha21IZnFHZllLLWpYUDZsekpienhFSFBJZ3J6aFp0WTVoVlJkQ2JzNDN4QWJkUDhXYlBOZUJfNnJFNWtEQzVTSDJfbnJfMldIQ3hNRHM?oc=5&hl=en-US&gl=US&ceid=US:en,World Nuclear News,0.0
"Plastic pollution is growing relentlessly as waste management and recycling fall short, says OECD - OECD",2022-02-22 08:00:00,https://news.google.com/rss/articles/CBMi4wFBVV95cUxQcy1IckxnbTQ3ZnlpZW4xbUIzY0FMSDQ0VHdsYmpONU53VUxEcy1SaG9laWU3NzAtTUszLXB5aThVazhWYW56cUxkVHRPekxQTGpnREdkX2twMTFSVHp2blRLbDROb0JHdVRDcHhtM2RKd0J5ZE9ycllaRHpRelgzR3B0Ui1wMkVEQlF5eWFsZm5KQVVkT2xQajBRMDdYcXk3b1E1Xzkza0ExNlRHRGprbl9ROTYxVTVwU09tZEVUdV9nT3hzUkZ3MjdsWEJvRkxKcnVfWnVQYVkzTzBrTW5CZ2dYbw?oc=5&hl=en-US&gl=US&ceid=US:en,OECD,-0.2732
Macron sets out plan for French nuclear renaissance - World Nuclear News,2022-02-11 08:00:00,https://news.google.com/rss/articles/CBMiiwFBVV95cUxNWFV5a3hNOE5KbHY3Zm5EU2NKN3FadTJiQV9JcHNCVlRzVFF2YWV6YW9sN09jSkhuR3NvcGN1UGxUS18tTXQ1a0Y2Y0lLNF9XbE9fdFBRSTBqTHJwRHBmQU15VjlCSnhuR3hSaEZEUlVpWi1HY0RfWFBDbGFmRnhVRkViMUFUMEVGU3BV?oc=5&hl=en-US&gl=US&ceid=US:en,World Nuclear News,0.0
IPCC adaptation report ‘a damning indictment of failed global leadership on climate’ - UN News,2022-02-28 08:00:00,https://news.google.com/rss/articles/CBMiV0FVX3lxTE5iWU5CVmxTbU5XNjBJa05CRUFtN0ZGV2piVVlheU1GMG9DX0Jjd1hyckcyc2Ezc0xkRHY0QkxnOWxyeDlMdDdzOHJqd3hDMnlYZ3BBcnRCbw?oc=5&hl=en-US&gl=US&ceid=US:en,UN News,-0.6908
A historical timeline of post-independence Ukraine - PBS,2022-02-22 08:00:00,https://news.google.com/rss/articles/CBMijgFBVV95cUxObmZvUDFFVEhSSWVDVFpxYVczQjhDUWlEUlVnV2tHdmxQSnk4WFlaRGFianFYdTB2ZUZUcXdFcjRaWVVMQ0tXUk95bmRQblROdV96ajhjY3FIV01NYXlkaTh2V2hRMDcyVjVMOUZna0M5bUJ1SkRINVRqQktTT2l6MDBXTDdxdnhqWDBxTGFn?oc=5&hl=en-US&gl=US&ceid=US:en,PBS,0.0
Pope Francis recalls World Day of the Sick at Audience - Vatican News,2022-02-09 08:00:00,https://news.google.com/rss/articles/CBMiqwFBVV95cUxPdVN6ZjN4a01vM2lRNHJncTFmbWN1YXRsZHVkTHJMTDJTeHpPekZWWl9GZVB2ZDExaF9GRFdtWGdJWFVLeWtNYWUxRUJWTEthZ2dQdVZsSHRaN0VNZFBRY3pfMVZPcjlQNk5hOEkxUk1ZVVhyOFhDY1hSeG55ZFFBajZvSUZhM1FVRXl6ZE1qX1FTYVJ3ckh0bnhxQXAzZTd2cURuQTZETnpfUjg?oc=5&hl=en-US&gl=US&ceid=US:en,Vatican News,-0.5106
Tatmadaw: Myanmar's notoriously brutal military - BBC,2022-02-01 08:00:00,https://news.google.com/rss/articles/CBMiV0FVX3lxTE9YMHAweWVZT2FlbHhUaHdlSnlQXzBwQk1wX0NyT01ic2V3YUdrSnEtUGpnN2J0Vkw4WGxab0VMcm9EUzlkMC05OV9Rd196blNqd05YT2cxY9IBXEFVX3lxTFBJYmFqY0c4b3FTOHpiZGJHaVh3RW9QdEN3ZGtIUzN3M3RlSHVYZE5hV3d3MlNkSlBLLVJmc0s3NzRSVmoySGQ5VGVQM1F4czZza1lSQVZRc0hUYU1a?oc=5&hl=en-US&gl=US&ceid=US:en,BBC,-0.6249
As it happened: Deadly blast at Kyiv TV tower after Russia warns capital - BBC,2022-02-27 08:00:00,https://news.google.com/rss/articles/CBMiYEFVX3lxTFBOS0VyWlkxSzVOY1ZXMHVoYW8yRHpQbk5yeHBHRHhGeXE5SWZjSVBPdmJpYXJuZ1YxenRIbl9Tczl5Zjh0LTM3YTE1Z3VRSmY1NzE1ZEtneGdMRDRjZF9FXw?oc=5&hl=en-US&gl=US&ceid=US:en,BBC,-0.1027
"In an anxious world, time to redefine progress: new UN report - UN News",2022-02-08 08:00:00,https://news.google.com/rss/articles/CBMiV0FVX3lxTFBtWnMyaFI4WVlJUUlLemkteEVYMGp3WUxLYTB0Umd5d0lMdENKZFo2MWpjaGZJUmhmdGpqdmtxdzRKUjltU0tIU2JON3l3TmRodXBQQjVuQQ?oc=5&hl=en-US&gl=US&ceid=US:en,UN News,0.2023
"‘Yes, He Would’: Fiona Hill on Putin and Nukes - Politico",2022-02-28 08:00:00,https://news.google.com/rss/articles/CBMijwFBVV95cUxPZldmRVFKemlmM3ZvdjhCQnh2SndmcDR5TVJvdDV0MkdaUkkxa21ITFZudFFDajEyeWxBTkRxSUpvQ1Q3bTFaSzNwRDdPWWFJY1FlMTZjZGpEUWxFdmlTWkxUeVVHaU9YUVBBcUozRXZrcEVJRlMyV1VHQ25xLU1UancwaWM5ajRNQU1TazBSNA?oc=5&hl=en-US&gl=US&ceid=US:en,Politico,0.0
How Online Learning Is Reshaping Higher Education - U.S. News & World Report,2022-02-15 08:00:00,https://news.google.com/rss/articles/CBMisgFBVV95cUxNS1FkVUo5SkNUeHFqT0ZJdWtpYWFnZXJzcFlpOW95MEtEaDJXRE1xb2M4Z2JEd1JmU1N5MUlXYnQtT2hoWFNaMUgybVc0UlBFcWwzaVE5UFdXbmVrNEVidEQ2NmJaUGdESmh5cFBJOWNCbzhmaC1reUItVFhCSUNBQVF5Nk5XNkRybWhVRDJVb29IWE1pNG15QU9TamRXQmdGUHc5WHJjbm9vNVZaUG5LZzlR?oc=5&hl=en-US&gl=US&ceid=US:en,U.S. News & World Report,0.0
Trudeau vows to freeze anti-mandate protesters' bank accounts - BBC,2022-02-14 08:00:00,https://news.google.com/rss/articles/CBMiXkFVX3lxTE1kSE9TN01sUFZQbTR3SnlSY0VIZVE0VlFMLXRpYWduOW9aWEZUX3dwUE1EZkRQVDRhQ2o5MTVJd3VqbjM2YXhKSHJJTUFGVWNla0tNdWFYQTc5NlVybmfSAWNBVV95cUxNelJXSWtKSXdXSnlVdzBCWklyT2s3Vmg1blk3LUU5bUpkOVdnMjktLWVBdi1VZ2RpZlVPcklzdlpZUVMwQUd6eXdDQ0dnazU4YTVmYVRsWHdBQXpRNEVIVjBiMFU?oc=5&hl=en-US&gl=US&ceid=US:en,BBC,-0.1779
How a News Site Is Drawing Attention to the U.S. Territories - U.S. News & World Report,2022-02-21 08:00:00,https://news.google.com/rss/articles/CBMi5AFBVV95cUxPTFhyWWYyWm9PRjlsUU1qSHdzOEZ0TzBvNDk1ODFIT2pFZmZiMW56ZkotbVZMdGdjSGRNY1BRWHB6bFF1aHNyUTNMR19WNVhUbGNrMklvTUlWVjBhc1MzNXUzcGptcnFSRWJhQmFCLU52MlZuRTVpUTh3N0Jud0RvRDd1V3puX2t1WTcxbm9KdWxvT29jSTA2RDhPc25EZEc4NURjZjFfcVVQb3Y2N3RqUS1OellzUVV5eENMNG1rblpwam5nZDllQXZONVRndkVBOVo5NEVqd2sxenRLYWhsTUo2Rlg?oc=5&hl=en-US&gl=US&ceid=US:en,U.S. News & World Report,0.0
The Ukraine crisis is a major challenge for China - BBC,2022-02-28 08:00:00,https://news.google.com/rss/articles/CBMiX0FVX3lxTFA2NS1VYUVUSEdPS2h0Q2tiN3I4MWZZMC0zMUxoM2RRUWRDSXVUUl9uRFJyenh3V0FuWnVBUEwyV3h3SkxhZExiME4yWmx6RUF5dnZtQWFxQi1BYUNtOW5B0gFkQVVfeXFMTjVacEpWQWxjSTg3aEk1bzVmdXl1dlNQclBsUnlhLXVydV96OWZFSFBOZ1RHTG9LcUpQY3lJaVZSODczWlZJU1pGRmk1TFlzdk9BQ1dSZHJMeEZlc3Q4TThjUFA1MA?oc=5&hl=en-US&gl=US&ceid=US:en,BBC,-0.5859
Combat drones: We are in a new era of warfare - here's why - BBC,2022-02-04 08:00:00,https://news.google.com/rss/articles/CBMiUEFVX3lxTE5nem5BNzJiNWtMQl9aUmV3YV9PLWpIQm9GTEJRX19XNDhpQmlIZVhmenBoRUJuRlFSOHpRU1p2Y0syc1Q4dlNkU1pOUWduZTdw0gFWQVVfeXFMTmRYNURTa25tdmdfS2Q4bVUzOVlDNkY3UkFaYzh2VmRBbW1LeF9BS29jeTBkSUtrYnRtaUxHLUQzaVlSQWZVNDJKbkR0WFNzeGxQajNkUHc?oc=5&hl=en-US&gl=US&ceid=US:en,BBC,-0.5574
Climate change: IPCC report warns of ‘irreversible’ impacts of global warming - BBC,2022-02-28 08:00:00,https://news.google.com/rss/articles/CBMiY0FVX3lxTE5aRHFzNWpFNXNvWmtTYk9VNHhGUmVKN0NaZ0E3Ui11bGEyWkRVVzVBR05tVDNxMkw5VTdzOERoNnI3WTZqQ2NfTUZYRkx2ZkNIdmZYMGlBWF9nWk5xM0NYM2pEa9IBaEFVX3lxTE5YQmJFM1h4R3g2Yi1rb0hWU1RBZ3FiZjNkVEN5VEFDQWVaTWgxWmExcnF1NXl1TzVNNzl5c09kdmZUeWNSdTVZcjhITFZLaXBMTTktTFp1MXJpLXhZeGVFVldUS2VETVI0?oc=5&hl=en-US&gl=US&ceid=US:en,BBC,0.0516
Global elimination of meat production could save the planet - Berkeley News,2022-02-01 08:00:00,https://news.google.com/rss/articles/CBMingFBVV95cUxQRkVNUFdPaE5GdjBWeUpYc0xjdHlrbk9tT2dQTlVpbW9sMUZwbmZCWGhIODlOdHAyT2RBZ29FcHlFS0ZScHFwZ0lOOTU0bWZuVm1TYXQySGthZmtHX0VSMFRJaWFuclJSZlF1NHl0RlBkd3NLNXRLcVJ5TWp1MnFfYi1IQXlGMWpIb1ZacEtBMEJyNTFXN1hlYVF6TTZFZw?oc=5&hl=en-US&gl=US&ceid=US:en,Berkeley News,0.4939
"More than half of parents and pregnant women exposed to aggressive formula milk marketing – WHO, UNICEF - World Health Organization (WHO)",2022-02-22 08:00:00,https://news.google.com/rss/articles/CBMi2AFBVV95cUxNOGhrTUVnSzkxWkJLX1pKeE1QRTNSd2xLZUlsdzRPX2VwZm1mVl9ua1hVVU1ZNExCaVNWTUx3MDVGa0g4MzUwTm53TG5ZOHR6TUNNVjdLVURSbUtXc2FQV2p1Y29melB0WTZJU24waG84SExfVkhfVk5OY040MmJpWk93T0hUMXhvMnFFbGdROXdiUXdCUjhJUG53Z3BOa0VYcDRPaHMwdmpwV2g5ZlRFTXlZcDJJRjdDS0NnTThCOU9VUkhMUTFsejl6Sk9oX1ktUHNjYW9sV2E?oc=5&hl=en-US&gl=US&ceid=US:en,World Health Organization (WHO),-0.2263
"Biden warns Americans in Ukraine to leave, says sending troops to evacuate would be 'world war' - NBC News",2022-02-11 08:00:00,https://news.google.com/rss/articles/CBMitAFBVV95cUxPR1REWFplbnVEYk13Tl8tcHZFZDBRQjJ6aVRyeFZGdGlOTGlmVjRCSnRGRnU1dHF4ekNxbXQxN25YTFh5ZU1XVkdDRGVIajJPdlVtOWQwaEY0cTk5VEpXNTV0Z2NUa1pmcTJLaFRKa3dpQnc2UWtfRXhhNW95MXZPZEVteVJ0N2pibGVsNVRZa3ppYU1nUEhhTm5zY1BsX2FEWTgyX2VrOU5UanNSb0IwX1Q2R1jSAVRBVV95cUxNVkFrNUlLS0MzbDhOSVM3MjZicl8yMGdQS3YtcktLeDdzX2ViRzRGc2FVMmc5NGdZU1dYb3JuQThlTkgzZGJUc3FHZmNOblRoWWVqRU4?oc=5&hl=en-US&gl=US&ceid=US:en,NBC News,-0.6705
Ukraine conflict: Why Biden won't send troops to Ukraine - BBC,2022-02-24 08:00:00,https://news.google.com/rss/articles/CBMiXkFVX3lxTE43dC00cEJPNzlwUzBZY1hkN0JUMHFFaVp1U2tiMEdsYldXSVNMVE5VTGtFUDNzRm02a2hTeTBacVR5MEdaTjBKMkU3aDNtWFJhV18xZXBTQmhta0xtQ1HSAWNBVV95cUxNMTNUQWxkbXFlNlNNME5PdE1JUGFjOEhtZjRaZ1lERWotbVI0U0ZlZ2VQd3Rfem5FNnB2VjlQT2s0ZUNqUDAybGkweVYweW9lb3JXVGxyeDdyMWI1LXdnYVdiQ1k?oc=5&hl=en-US&gl=US&ceid=US:en,BBC,-0.3182
Initiation of DARWIN EU® Coordination Centre advances integration of real-world evidence into assessment of medicines in the EU - European Medicines Agency,2022-02-09 08:00:00,https://news.google.com/rss/articles/CBMi1wFBVV95cUxQaC15aXh6eFp0dXduYUFqdlozaDd5QW02N1NmVTFkSGZ6Q2RabWc3SHFvQ29JUW9pSFBlYXNORTl5Rm9mQXdnaU0zNmQzVllZTzVfS2duRF9fcUh4Sm1UZGhxUlZ0X3EtUkltXzFwT0N4UjZjSldlLVhLbVNIdzU3c1c1SWtHM1l3cUNmdzJ0Zy1ENVlVNDh2RzZlTmVkRkdTWWNZSHlHdlJfMWRncnFxRnl0NldaRDdzVzVYZHlocUcwa1FxeVItclpXbVc2LXRCU0FJdmJKbw?oc=5&hl=en-US&gl=US&ceid=US:en,European Medicines Agency,0.0
The world's insect population is in decline — and that's bad news for humans - NPR,2022-02-24 08:00:00,https://news.google.com/rss/articles/CBMimwFBVV95cUxOY0ZnNHpoYkt1dUVvbDA1Sl9YaUh6TVhScFBCRTZCUUVSdUh1QUFfZjRoZDByZ3FxaE9GY3JDWXB6MjhfM2pSdDNhZ1FJYlR1bzJNdzRyWnBLRWZ2b2htZTlyU25HakVUZ3lDOU5XT0E2M1dmN0lqYk41MHhoZU9qR2JlQ1E2YjhPQzE4cjg4ZWZxa1NYMXJRYXdCbw?oc=5&hl=en-US&gl=US&ceid=US:en,NPR,-0.5423
Lassa Fever - Nigeria - World Health Organization (WHO),2022-02-14 08:00:00,https://news.google.com/rss/articles/CBMihwFBVV95cUxNWGEzTkNiT1lLcW40YWp2SFh4S2lRckRoTHF3QXlHNmk1LW5ZRkFiOWFJTmx1Z2NDbXJIRk9Jb0o4cngyT1Z4bG42MklWTWlnaW83VDJkOW1lTE9MeUh0SU96RkxWRkJvclV3V2RkcGVGWFlOUUV6YVlsWWdLcEN1c1dfcW9VVzA?oc=5&hl=en-US&gl=US&ceid=US:en,World Health Organization (WHO),0.0
What You Need to Know About Oceans and Climate Change - World Bank,2022-02-08 08:00:00,https://news.google.com/rss/articles/CBMiqgFBVV95cUxQempTRzBBc3o5N2dBa0lZajM4a2ViemUzUFdSYi1BNllVX1hIMDVCMHlyY1NjYnFDcHFpZlJsaFd5NzNraUgzTnJVTzJuLWhycUhEbU56MWZlQ2ZFaEI0bWkzYnFQRFU4VGo0S1YzcC1wUzhXMUZNTVBiN0RTNDNacTVmNzJfX1NlVXJJT05YM2Q3VHNCclEzUEVpUmRvVG5wMVVibU9LMEd3QQ?oc=5&hl=en-US&gl=US&ceid=US:en,World Bank,0.0
False flags: What are they and when have they been used? - BBC,2022-02-18 08:00:00,https://news.google.com/rss/articles/CBMiUEFVX3lxTFBRWFlzSDFYWjVlcXNodDlST1RZMkY4eGhVTnVPZk4wbmJkT3BubW95WGZWLXp5U2MxVG9PaFdISzQtMFdFYlZIaTV6OGJ3QTdw0gFWQVVfeXFMTkVtQ284WlU2SklhNzRpY0lBVFBOTExabF9UMWNpTVRHQ1dmcEtKdi03STg0aHhtSFJTYzBoakNLbnJQME5RT2FlUUtkLVc0NjlGX0ZqQ0E?oc=5&hl=en-US&gl=US&ceid=US:en,BBC,0.0
"Infographic: Russia, Ukraine and the global wheat supply - Al Jazeera",2022-02-17 08:00:00,https://news.google.com/rss/articles/CBMiqwFBVV95cUxPNzdfVEJOZWJ1SmdtWXFtYk5XaWFWdTNCU0x2ckRjSmphRmJSNF9oRDlTTFNXdmtObU1NaGx5S3hMM2hNcDF0WHFwVkR2c0diSUlZazVpeE5hWmVrTnUzUWhNWlBLNzJtM3puckhyNlFGODRTQXp5Y1VhWGZKTEtQdV9YSFJSRkVYZXl1SEdPWlJHaWVGNXJ5dzNfNHdmYzJOb1FVY3ZCNE1KRTDSAbABQVVfeXFMUHRCVW5pODM0eE1BM0tRQjZSUERzd0lESy1EMmFJYW5BeWFlQklKd3RiXzRsZjdSOGJzaG1oNkNUYXJzVWxBdXY1c1djR0diTHNNZ2tIMm9KdlpIdFkzcUU1M2tJczRmTUNEMjBDWnpOSllLQmFnbml1U0hHNFJ2TEJ2WGFOTW5US19feTM2QzVESHZGc1EwSnVpTUN4Mmh4UENfZG5VOGdKNzNEWkRTMzI?oc=5&hl=en-US&gl=US&ceid=US:en,Al Jazeera,0.0
Theme for 108th World Day of Migrants and Refugees announced - Vatican News,2022-02-22 08:00:00,https://news.google.com/rss/articles/CBMiswFBVV95cUxPZ1FaSlhmdzBidzZBU1BvNk41RUdwd09wbGsyTEc2WmluZ3Q2RUJ1VnMyOF9KRXBLR3NxUGlhbGMzdkZLV3dlWDdsN1NiMXhxQ0prS284ZlRmVXBDR2RqaDdmaHp0QTVfbWY0YnZVb2R1UEtRU1dVVmtxNmw1SEhuWE9rdzZkRno2S1BFeUdVbFVsR0JFNGo0S3BvUzJUeDBHRTRvdi14Q3BfaFhNeEpUN08tZw?oc=5&hl=en-US&gl=US&ceid=US:en,Vatican News,0.0
‘Delay means death’: New climate report issues stark warnings - Al Jazeera,2022-02-28 08:00:00,https://news.google.com/rss/articles/CBMinAFBVV95cUxPR0d4UDlQV3Ffb0JabWlWQnMycVZfR2Vuc2JBMkhsN1NITzMxMWFMSlh4eGhIc3JLLTFEY19SUHBvd0FxQWdudktTNHJNRDNZUTdRckRYSmQybXdieXZBT0xPYk1DTVRUSVQ1dzFMcFVDdVlLODB0aFdqcGhpemJzVWh1dENsMmxEVzU0RzNsZGxPeDV3NFlmMjV5OTLSAaIBQVVfeXFMUGJ6SUJoNnJtUlFCUzduSmxNOVZJZHREeG9HcHJia3k4cVA4UmJ2U0VRcVI1YlhqRUF2TWx5V3E5N0ZUQzJKckV5TGdIdWpNaTgzRDlIalk2dWNOdVN4NVNKVW1qYjIwSVJtbkQ1X3lOdGJ0dzNHRlpDaTRYTjlENUtZNFZENGh0YWtOUWxlcUE0WnBRblc3UndGVGJMSVN5bUpn?oc=5&hl=en-US&gl=US&ceid=US:en,Al Jazeera,-0.296
World-renowned mathematician joins UH Mānoa faculty - University of Hawaii System,2022-02-28 08:00:00,https://news.google.com/rss/articles/CBMiekFVX3lxTFBoVlZZWnVrQlNleEJDc3BiNk5zeWxXMVlYbF9SRVlmdWx0aUZkU3M4ZFNSU0tWdHNOT2Rnc2FQWlU2bDN4ZVppbmFCSm16aDQyVWZSMmlWclpzV0RaT2Q0QlRTUGhhVVE4WF9CQzNWcVpFQkZ1aUZ5anVB?oc=5&hl=en-US&gl=US&ceid=US:en,University of Hawaii System,0.0
Essential health services face continued disruption during COVID-19 pandemic - World Health Organization (WHO),2022-02-07 08:00:00,https://news.google.com/rss/articles/CBMiuAFBVV95cUxNWGt4bVdfUlV4eDJ1UXotTTV0YjhLRnpkLVBtLXNNT3BCNzN6ZFJVWHRjMUtpazJwT2RXbWtMcTVac3RkMF9qTkpFemlTSWtmMFhhNFlZVU5MdkhzSmhOVzJtM0lGNmluam52TkVWZUNzSTBYUlUzenY4d1hUN0xCakxaQnQ3TTBVdFlXMFJzdVU3ZU1Wa1hyMno2b3ZlaTBNcDlBZjBfWTZkRjhDdVhTeGVXV3dvRGJw?oc=5&hl=en-US&gl=US&ceid=US:en,World Health Organization (WHO),-0.3612
"Ukraine tensions: Russia invasion could begin any day, US warns - BBC",2022-02-12 08:00:00,https://news.google.com/rss/articles/CBMiWkFVX3lxTFBlN0pkZ0ZEdDBIMHUtV05qaWVYaXlFeVdGME55TTRpMUhRUmh0QVhON2Z5YkJRRjNDVk5QYm8yT25hWEMzakxrVHp2Y20yczR1NFdweEk3clpwZ9IBX0FVX3lxTE5GdUk2blFCZUF3b3pONjRSWlJvUUJ6RjZyREVUZ2VkWWpQUUVrbGJVNlRGam1HeHA5NEFTWDJkNWtFbnI5X2lFcXBtc1J1MnFfUzhBWnRSa1dGTk1adms0?oc=5&hl=en-US&gl=US&ceid=US:en,BBC,-0.4767
HIV: First woman in world believed to be cured of virus - BBC,2022-02-16 08:00:00,https://news.google.com/rss/articles/CBMiUkFVX3lxTFBnWkRjS2dXNmxvR2c1SlVWQ2JRLURPdWx1TldvZEdhbXB6M19Ednk5UTY5UVFJLWIyNms2T0R0cUVNTndqeU16YnZYX3d5UWlCSFHSAVdBVV95cUxOalRuS2NVdUhMYmt4UVZmckhKZXhPX3lHWW5OYWdnRGlZZGdwM0doVEJud1FpZnFQM05XU0hjRW9qQlJvOXdXSlZUd0dCRWc1XzFELU1CQUk?oc=5&hl=en-US&gl=US&ceid=US:en,BBC,0.0
"Ukraine conflict world reaction: Sanctions, refugees and fears of war - BBC",2022-02-24 08:00:00,https://news.google.com/rss/articles/CBMiWkFVX3lxTE9xbTJaN2x3OGkzRWtQZkpaMWdvcTd4MWM4Qjh4SHVYOTRJWUhYN0xIdGRGd0p0MmNrN1BZRGNVX3NWY3o4ZWZEMUNDd0xsdnFuYmxDZHRoOXA0UdIBX0FVX3lxTE5ZRlhHcnlFLXZBb1FqamxuQnBHOEVQYmdEOFMwMFhpb3VyU2h1UW1Id2o5QUdKamw3UFp1Q0hXSGE1UEFScFlrODFMVXBmaDFNVnZ5aWtDWHBFTWZ1ZTJj?oc=5&hl=en-US&gl=US&ceid=US:en,BBC,-0.8402
China joins Russia in opposing Nato expansion - BBC,2022-02-04 08:00:00,https://news.google.com/rss/articles/CBMiV0FVX3lxTE50RGhOMVREM2YzbzRXMEZ2eTE5NEE0NktZRkFjOEM4QkJnaXdKcmhyaDlxWWx0cEp6UWJvaXAxV3pWeWxKS0tnOG9rc3U2Q3RraHJ4eGdvUdIBXEFVX3lxTE5Oa1ZXMzJjblBzTFhLdWhjdGlFVkliMVZmM3NOOUk0NnBVQzNyQWNHbjdRRDRhYnB6V1hsQ2VKbFRQaTZ4WGVpUGt1M1E1VDNtRm10Uk1td2NpNU5v?oc=5&hl=en-US&gl=US&ceid=US:en,BBC,0.0
Six students ready to change the world - News · Lafayette College,2022-02-01 08:00:00,https://news.google.com/rss/articles/CBMigwFBVV95cUxPT0FjbWFKUkxscjJ0aUx4ZEdsVF95R181b3FrVzdOQXpyR0x0bGNqSVljUTlrSDJnc3FYU0ZfSy04dmxNazQyWjRpcUxETmhBdU50d2hJLVk3TFFkcm56OWRsQlE4NmdQZHpVbWNaZ01WNVl1Q2tZcGxxVXRfa0N1eE9CSQ?oc=5&hl=en-US&gl=US&ceid=US:en,News · Lafayette College,0.3612
Russians push toward Ukraine's capital; residents take cover - Hindustan Times,2022-02-26 08:00:00,https://news.google.com/rss/articles/CBMivwFBVV95cUxNUlN5eldZU2IyRVlUSTFBUjdtZG9NZENBYVpVYmwzT05OckNocmxKMDUtVmlHQ3BXdElZYWxhekhXRzlqa0dRaEQtRU16b01BcUh4NUExWkhiZU1nZWtFNkRNVkg0akxVdEJuMGFsOEV3NWpWRjJmakJ0VmJRc0ZsREhxNzFBRzhVc3FnVi1iVHV2TVJPaFByalhaaFg2b01iS2VaLVNsdHdmUENNeTBnLXRPaVpCMm05SWVrZFAxTdIBxAFBVV95cUxOWHYxbW1oZkdDTkdTcXVqbllkbTBKenlYN3dsT2s0dHdnUTMyMHprVjJ4MV9uNzJ6cFdnMXBYNHE5Z2FzYTJnblJmT3d0UVJKTUNOUmYwWnVfTWpvby1TNFNSUE1xdTFGaUIwbGJTaTl6bk1jQ3ptUTBxVWNuY04yMG8yVTdFMHBNb2ZLdDZ5Mk4wTVhPSDNjZkF1OTF6bmNRZVNKcjJCT05yZ3NiY1BlUTJWN2Zxaml1Vnd1SXEycVVYeTVP?oc=5&hl=en-US&gl=US&ceid=US:en,Hindustan Times,0.0
"Moving forward on goal to boost local pharmaceutical production, WHO establishes global biomanufacturing training hub in Republic of Korea - World Health Organization (WHO)",2022-02-23 08:00:00,https://news.google.com/rss/articles/CBMiigJBVV95cUxOM1N4dU91eVcwS0U3dnF5bnZQTFh2TjZWNHVhWnRjUFExQVhmUVlWTnVaUk90VDJ0YTV5bkpId19TNjRQY0N2SXZUdkRQYUlRTGxoZHBDY2o5OGV5YUptay1hM1hVajNSRHFQMlRVYnZlQ3NoQkE2dXNuSDR4dzNERks0a3g0VV95N3RqTXowZFREMGJaWFp5b05UYWR3elFBc1Z1bUpsdVYySG15MEZ2TXNGTkh6NmhVbGdRZzVPalFSTVBCeVRMYng5VzJCRFJiZXNuWkJxUUl0aWlMX2tZeGlfXzByeDhpdHp2YWNXZVNxRmpxZ3hoZVFaMzNQSmVDTFBqekxydWNHUQ?oc=5&hl=en-US&gl=US&ceid=US:en,World Health Organization (WHO),0.4019
"The world is on fire and our leaders are failing, poll finds - Politico",2022-02-08 08:00:00,https://news.google.com/rss/articles/CBMilwFBVV95cUxQTTF0MjNQMnpPTXRfc3NuTjJvRnhUNW9OUV9SekhEVUdGZ2lRcHY0UEw4ekdXclg3YWUtTVduVFM3N0U2ek02TnFmb1JKVDExLTFFc0JPdTRiWnVweDBUZTI3VURhWlZDMlFJUU1jRV9kTVQwd3Q4ODBidjYybjFuNnFSX2VkTmdUUWctYXo2bkNlejZ2U2N3?oc=5&hl=en-US&gl=US&ceid=US:en,Politico,-0.6908
How the world is ending polio | News - wellcome.org,2022-02-16 08:00:00,https://news.google.com/rss/articles/CBMiekFVX3lxTE45a0ZyTFdvVWVPQ1ZONENlR2NMcDlTMWdLNnRYcmhEOWpFZEI0WnQ1RXRISDJiODdkTkdHMzdWb21UN0JFb2kzbzhRWWpRbTNWdzEyY0xEVkE5NzNIWlV0U0pxelN6Ukp6dEN0ZVVIVW13bTd3alN5cmd3?oc=5&hl=en-US&gl=US&ceid=US:en,wellcome.org,0.0
Redefining sexual health for benefits throughout life - World Health Organization (WHO),2022-02-11 08:00:00,https://news.google.com/rss/articles/CBMimgFBVV95cUxPUEI2RklUQVdWenR1c2hMeERVMnd4R1I2SWpXWkxWeGtzVkowSF9pLXFLNjlzNXpsWjNXREtaaDBkVkpZNW9fMjhKUTZJQU54SGhMTkZBekFtUVhxQkp5MFBfMzNkM2VjVmNQMktvZ1BDQ1RtOHNyZ1lUVFJ0c2JPMnVpRm10SWlTaXlpYS1qc2NRd0JPSk55QUF3?oc=5&hl=en-US&gl=US&ceid=US:en,World Health Organization (WHO),0.3818
US announces first sanctions after Russia recognizes Ukraine separatists - Hindustan Times,2022-02-22 08:00:00,https://news.google.com/rss/articles/CBMi0AFBVV95cUxPd3RFNHk4S0tWVXN5dlJlS19odnVGejhUQU02VmIySmtfeE5vNENXR19lSGRXcURuT0p2YUo1MGJ6dUlVWmc0am8tUVZDM044MGlzUko2ZzRXS2RxbFVERmxoVi1aRFpiYkE1Tm1rZWVxUElvb29iSUFkV3lSMXZHRU95QWNVT1l4QXNTMTBGZ3hXUGJDX1FNeEh3TE5HZ1BXbk9fbzdIeFJkYUFGckNjNGxBYTZld3k3UnYtN09UZjVmR3o5c0VrU1JGV2I1S21o0gHWAUFVX3lxTE1sZU5LTnVDaDUzVVd5OS1HOEU5ZjVmMTJYMXJFYWhxemZmT3d4cDVvY3BxcmdXR1Q2RXJWQ3NwREhEUGxGbkp0Nk5tY1F5YlJNMHNmZndBWmoyWHhackllMUk0QjV4UzNYWUFLNXlkaEM2bWtySUFhaUlJWkVZc3RYUmRaaF90WHVwVUg4TGFVN2poWEt0ckhTQTVabEpXV3g3YjVZcjNjQUx6SG1BSE1PYnRjTDVUTHFZOHF1Z0FSaUNRUG5TeVlkVEhZOUxWYnBrOUwxTHc?oc=5&hl=en-US&gl=US&ceid=US:en,Hindustan Times,0.0
Ukraine invasion: Would Putin press the nuclear button? - BBC,2022-02-27 08:00:00,https://news.google.com/rss/articles/CBMiWkFVX3lxTE9DZVdKWjF6dUozS2p1dHN4eWFZeXkyNmw5clhpUkdUNmxKWjN6TGF3bngtRVJFNU84OElGV25qUlRMMkhCQjJhOEtwVWxnM2t0R0Naa1NiN1JCd9IBX0FVX3lxTFBVVlpjMmFNblYwQzE4NExmYkM5N050R1BUTnctWXlQdHJZQzlidmZVREZzQ25rYjZZa1NER0tMc09HbllkZ3ZmUFBxdHcxNDdPSzdhT1BGeUp6SUpELW5B?oc=5&hl=en-US&gl=US&ceid=US:en,BBC,0.0
Grand Imam pledges support for Human Fraternity efforts - Vatican News,2022-02-04 08:00:00,https://news.google.com/rss/articles/CBMitgFBVV95cUxNRDUtb0ZlVlRfY3hoV3dLUGRGOFYtOHZUZnR5eVFBcjBJczdhTnZfZmlyRUFyeXB1cDhJSVAwTXlYUnBraDlkZ2Y4bzN5LU0tU3IzcEZ3NG90bEEyX2FGdVI0RDBFN1BLbmpVWTFuOGk0SXZUUjNieHVUOFNlSUM2cUFYRmlqQ3hza3VtTzRWZlhHNTYyZWdRT21xMWhORGRxbHVWTFNpbElwYjRqMlRXX2p5eEtvUQ?oc=5&hl=en-US&gl=US&ceid=US:en,Vatican News,0.6908
As it happened: Kyiv warned of toxic fumes after strike on oil depot - BBC,2022-02-25 08:00:00,https://news.google.com/rss/articles/CBMiYEFVX3lxTE5hMXRWUmprRWE1ZV8xdHJCeF9tdUtsVGFHa1JGVloycUQzMkNSNXNFRE5nNVdJYmxCbWhWcE1nM2xMazlQcFhpcWpFMXNvUXFjaHlZeWgzM1ZIYzdadEhhTA?oc=5&hl=en-US&gl=US&ceid=US:en,BBC,-0.4019
SpaceX loses 40 satellites to geomagnetic storm a day after launch - BBC,2022-02-09 08:00:00,https://news.google.com/rss/articles/CBMiUEFVX3lxTFBGeXJxeV9NcFRNUThWT05pQlJVOGtfV3dkX2FHRGIzV2dXRTd3TFVtQzd3S296MnlPbXpJLUtzRnlUYXhYSTJSci1CU2V4Wlkw0gFWQVVfeXFMTWZTeWhHblNKeGgzSzRnRXlsY1RFQjJ4c0QxaTJNWVlRVWdvSEdUdTVGSlhkMGpUVWEyTndUbEd5bDFPcXpORU5vd2U5dGdqZ2hJeVFpbnc?oc=5&hl=en-US&gl=US&ceid=US:en,BBC,-0.3182
Putin's angry speech rewriting Ukraine's history - BBC,2022-02-21 08:00:00,https://news.google.com/rss/articles/CBMiWkFVX3lxTE1TZGoxMXNycjEtemdrUWRrU0NUOUlZRzlndWV4Zzd0emppd2l2eDhnZWVWSWw4TzA5QlZ4QXF6bEVPYlZUWUw0Q3RpNXZXNnZ6NGszY2dIRmk5Z9IBX0FVX3lxTE1Dazh3dWd6dVhQWUdfU3pPdS02S1JZSndLejAxZ1hvUXpDdkc1WjJ2YkdFTkdBYkVUeU9JZzR4a2ZpR0xqMDhqYl9jSTBIQThka0dHRVNkcy1XQkFuQ2ZB?oc=5&hl=en-US&gl=US&ceid=US:en,BBC,-0.5106
Protests in Canada: Justin Trudeau invokes rarely-used emergency powers - Hindustan Times,2022-02-15 08:00:00,https://news.google.com/rss/articles/CBMizgFBVV95cUxNeHZqNExDbHgwRjJWelVKT0Q0cXNjSms2aEFyV3hvR3A1Sjd4aWNmLWFObm1RaERkZ3EwZWlqaUFNM0RBUFRzcy1JYjEzR3F5UHduVG1GZ0NhNE1uVmhSeWRLRUdSblV2VHhqZmJZNHpIYU9ZT0o1akQ2bWhZZ3JFbmRBT2tMVjBjSUhuYVN5ek4zMGpGd01sR0NuajhBVFhVUzN0ZFdkdkw1T1ZJOUZUT3dLVWtPODNfV0lyb3N2a2RuZFNqRGdzbFFuTnR6Z9IB0wFBVV95cUxOaDIyVFlnUFJDOXJXejJubEFKdm1zTWtkRktIbDFIVnA3N0JfdS1YalZHNjEyaTFIYnRCN0lYU0I5WVY1aTJ0UklPc3ZiTGpDdVRva3ZTWHBzOGV2alZWY0d1YThvR3BhLUpGclZrZmhuWlRVZ054ODc0bV9NQU4taU0tRWFhZVMxclp3Tlk1QTRIQVY0amVXNDd1N3YwbmEyUHRKbzBEWGl5QUJrMFlHckJwenk5UUpKVDAwbnRET05wWF9uQXBIcU10cEFZT0xRVm9N?oc=5&hl=en-US&gl=US&ceid=US:en,Hindustan Times,-0.5423
"S&P Global Completes Merger with IHS Markit, Creating a Global Leader to Power the Markets of the Future - S&P Global",2022-02-28 08:00:00,https://news.google.com/rss/articles/CBMi-AFBVV95cUxQaGtIY3ZjS0tINnB1YVRFOWY4NGh4ck5kNS1fVjZISXE4SkR3WnczZ0lWZklKN2IwT1lQOFNRVFZTeU01Tm8wOTBqZ1BqVU11N0xXMGdjdTQxd3AzM2FteXdrcHRaemtSVlRCQUh6czdSLVI2VUEyNGdrYVRVUlBrcVUzWWd5RUxiVkJqUjRrRVZMaVhDYzh6a1FKY3dsM1NYLWVVMnJVNG5VSjVodFdPQVFpOFZOSGxINmstMmwtUWtJanBBNk1HZXlpM1BEd3ZNbmdpSDJ1S1BsS2kwTFVyN3ZuUjR0WEg0QXB2TkdCV1FONmRUb3NDMQ?oc=5&hl=en-US&gl=US&ceid=US:en,S&P Global,0.296
Ukraine: 'Putin has decided to attack' says Health Secretary - Sky News,2022-02-22 08:00:00,https://news.google.com/rss/articles/CBMimAFBVV95cUxOUmVoeWtCbExXMGg5WjJKcGtXRktHSXJsSWItbjZVTkZjNEdKV01Cd2JRT0diUmZvRnVUN2NqRGpxTmxVZm5lcWplR2lHaGl1ZDF6ODV0VnBieGxSbUV4YnVKNjBQaUoxcFBuZmlWdExYSi14VXZFRjRlRloyTy1XbngyMnppUDhGOGVWMlVmWEFlcF8xbzgteQ?oc=5&hl=en-US&gl=US&ceid=US:en,Sky News,-0.4767
Mapping Africa’s natural resources - Al Jazeera,2022-02-15 08:00:00,https://news.google.com/rss/articles/CBMif0FVX3lxTE92YlljWjhCVjk5V3YtRllPU1p3QkxuQi1nVGltYi1uX2tGdWExdFMtSlA0NERtXzUyU2l6M0lKQzBVZUVVWnJKX040amc2NkF6d3ZVRF9WWHdtTG9LQXRCQ2Y1R1E1bHgtRnV4VkVaRU91OVYtd0VDNzY3ajJvU2_SAYQBQVVfeXFMUDVKTHRLWmtabmtoMXl5RThucERnbXQ1WmpVRHIxa0V2ZkdrRTJqTm15MEpDMkQyMk9VU0ZEVFF0amljWXVaSk52b25SY0pKMEZ1ME9kaENYRkcwQWtfMlZ6a190YXdtY19jemthMFJPaHc5dDl1Vl8tZFNOQVdRQ3lsU1RD?oc=5&hl=en-US&gl=US&ceid=US:en,Al Jazeera,0.3612
Kush: Sierra Leone's new illegal drug - BBC,2022-02-06 08:00:00,https://news.google.com/rss/articles/CBMiXkFVX3lxTE5ZeHc2VllyYzV4cWNuQzNuS1FWaXNHUVREUUwtQURNcXM3d2s2T0Z4WnJBVFBneHE0bmRwYnhlWmh0SVdjN2VwWUNRcktoLTdIQ3l3NmVWZzZrU0VaR0E?oc=5&hl=en-US&gl=US&ceid=US:en,BBC,-0.5574
‘No other option’: Excerpts of Putin’s speech declaring war - Al Jazeera,2022-02-24 08:00:00,https://news.google.com/rss/articles/CBMioAFBVV95cUxNSnFucFRKVmljeUNXclk2V285NWs2Qi1fYkp1S2NESHc5cFExYjZWMXpjcGZIVFBiMjFiSUxvNldzY2d1WW9pWk9jUm94TnNLMktmYmY1dUdLaGhxZVFyd05HTVhPQ05YbmpHWXhuSlFpallJSm5EWmVHQWJLM3JNYVA3N0hsTW0tRnZmWHlhMnlTcEJCOUI3cDNYV3pSTk1K0gGmAUFVX3lxTE1YMWYtZE1hRWZEWUNvOW1sd2tBbk0xY1lvMmxRcGxEbVhwdkp4UGZqa3JFaXRrcXJXXzI4b1pnWjhvdzlWUWVvTVBWNXZhaHNRZnB6ME0xQXdqNVJKazZHM0lHcHRCWVotaVVuc3NFU0JlZ3FiSHZJajZJenBua1Y3OTVrWWhaaVlfU05LcU85bWpFQWlOckZ6NWFDUmNFbTlrQ2taN0E?oc=5&hl=en-US&gl=US&ceid=US:en,Al Jazeera,-0.5994
Ukraine conflict: Where are Russia's troops? - BBC,2022-02-23 08:00:00,https://news.google.com/rss/articles/CBMiWkFVX3lxTFAzb3ZyMjNVdk9JSjhjSjduQngyejh2QVN0R2JPMmdkaXRYY2JTejBCb0RWVHd6NFIzN2gtMS1Mb1RXSS1MV28tVDNVNnZ3NlNIbDFLSWszUURNZ9IBX0FVX3lxTFByRW03cjNFajh1aDJOeHdmUVdxUG9MdmlLSGZvdTNPUEJqaTdBeWVGRWI3bTFmajNGY3ZCNzFfc2JqZUEyemwwbFVzVjhvVW1mM21vN2hpV244RDZ1WUUw?oc=5&hl=en-US&gl=US&ceid=US:en,BBC,-0.3182
Ukraine crisis: Russia orders troops into rebel-held regions - BBC,2022-02-22 08:00:00,https://news.google.com/rss/articles/CBMiWkFVX3lxTE5VR044QjkwbFZ2U3lzX3FkT09WVGVnYnZ2Nm5TNHlZZXB4OTFvWEFGWjREdXNPWjFTUEpkMXY2YkpIYVRfbndlUF9PWWRESlJsNjU0N2ljT0daUdIBX0FVX3lxTE14bHpNcVkyWXYySmVhMGxGTWVyUVVtZTBxQUdaajByVUdLakRxTm5ubFV4cFlKdVJiLW1sOU5MTk9qRWxPZ3NvSk84S25PeWh6UUQtRElRMVpzNVN0dEJr?oc=5&hl=en-US&gl=US&ceid=US:en,BBC,-0.6249
Recommendations announced for influenza vaccine composition for the 2022-2023 northern hemisphere influenza season - World Health Organization (WHO),2022-02-25 08:00:00,https://news.google.com/rss/articles/CBMi6wFBVV95cUxPcWFPdFRNUFdrdGNDdU1EQzI1Z1NDdHo1cU1SQkd0XzdvQXNGZmViZEZzVU9fRXZKQlRJX2NWMnV6dDJrUkNhZlg0SlBGWHFBQ19zdXZWcm04ZVBiNTRoSEU1RWNTaV85ejA3V0xmVGs5R1U2ck96WE1hUFZsQ2h0emtPNTVUTDBlMGYzOFNjY1BfSmt3X1gycm9rS2ttcnpFYnhCRHRmWjBZRnYybjNvOVpqS1VqWTVobktZWXJVaHVmc3laakRZN0hjWFMwYXpOWnpSNTB1cTJQN0NfdVFaZ19TT05TQzBwcm1j?oc=5&hl=en-US&gl=US&ceid=US:en,World Health Organization (WHO),0.0
Indian and African students plead for help to leave Ukraine - University World News,2022-02-26 08:00:00,https://news.google.com/rss/articles/CBMid0FVX3lxTE0tSDFsNk9KMnJrQzROSFVtLXhlLW1hVUphblpzZ0R2VWpzdUlfdXNTU2YzTTBvZEd0Y0FWdVJlSDhfRzRwRE1GeEdWUVl4ZUhVZEo3ZGF5UHlmQ0U0ZmZrNC1hMjBkNnBzTkppQ0Zfbml4ZVJyQmpj?oc=5&hl=en-US&gl=US&ceid=US:en,University World News,0.3612
Crucial changes needed to protect workers’ health while teleworking - World Health Organization (WHO),2022-02-02 08:00:00,https://news.google.com/rss/articles/CBMiqwFBVV95cUxPS2NRRVAxYVJrQ3B0dmR0aUZxRmVCSVI0R3UteVdOSTh3YUFPd3FXSGFlaHFMN3AwdTU1OV9oSlVoelNHOHRXUlp6aHVIXy1GcmQwbllQQ1p0eVhfZWllczVhSFF3NEVSN185VkEyODYxOGZXcV9LM0VBNWZFRncxSW5abnJ0UHBHalV0TTNJY0Q5QlRxM0ozWFducWEzd20xcHVNMnhTeEJ6Vm8?oc=5&hl=en-US&gl=US&ceid=US:en,World Health Organization (WHO),0.3818
Ensuring artificial intelligence (AI) technologies for health benefit older people - World Health Organization (WHO),2022-02-09 08:00:00,https://news.google.com/rss/articles/CBMiwAFBVV95cUxPV0E5SzctOXk1eVNXdXJoNllMcDBEWFdFWnpaLXh1V1V4ZkEzQkdReURQOVpKOWJlcTNMblhMZWlOVWpvZ0lWUFMyOWV4RVhUel9uUGVRMnMtNFc3c2FMRHRoNDFCRFhEb25DMDFEeC1saW84Mmc0U2h6N0h3M2hVejBVdzk3LWpmaWc1TEF1SEJKalJYQ0xjOUN0d1JlWEp2UFgzQ0k0dmI3YTE3Y2hpZzlacGxuWTFndldkcEVIQVk?oc=5&hl=en-US&gl=US&ceid=US:en,World Health Organization (WHO),0.802
Review: Finding yourself in ‘The Worst Person in the World’ - AP News,2022-02-02 08:00:00,https://news.google.com/rss/articles/CBMizwFBVV95cUxOZTgwSGVCaUZldE9mRUMtLVZtSFFJY251cTBkR1NKUFZvZm01ZER0WnRDbWtEd0wwazg1eGxFMXljTHY2TWZhOHRONG5vRFhlejZwQ3BQeU5URXZwSW9vRHBOZmNHVk5kcXZtZHUyODhjNml3Y0hpbDNhRGg2cmlZMm1Xdmx3dHpzbUNZanBocjhIREhCakpydGxvdTNoVUxPdVJpb0dLdHpaMFVNNWlMTlNSS1JOY3RVaExTMEl3UkNLSk00Q2pxZ1dYSXY3YkE?oc=5&hl=en-US&gl=US&ceid=US:en,AP News,-0.6249
Ukraine conflict: How Russia forged closer ties with Africa - BBC,2022-02-26 08:00:00,https://news.google.com/rss/articles/CBMiWkFVX3lxTE5ibjZJN1JKdWkxeUlRU0RKamRtSzVfdWotZmNfRUsxaTZrM1MxT3Q1QjNDdXBobGtmcG5jR3V5Y0VFSGRzUEVWWThRaWJSSlRzTE82OVp6ZUhTZ9IBX0FVX3lxTFBiNklwak1DNWJMd29USG9vTXhFU3h1RHp1QzJEVWhtWDNxa2owVWlpNGFKMHZWMkE3eWlBQ0VHSVVCMUJ2Tkx3YTU4RUNJaVZpbVNlb1h1bjBhcWFFd2FJ?oc=5&hl=en-US&gl=US&ceid=US:en,BBC,-0.3182
Climate change: EU moves to label nuclear and gas as sustainable despite internal row - BBC,2022-02-02 08:00:00,https://news.google.com/rss/articles/CBMiWkFVX3lxTE1HWEtXYllSc09RbHpBenpVeW5ReW82dXNLakJoZXEzR0R0dnAtR0FYZDY1UFFfRHE2MFItam93bHJhWTRKYmZNVjNPWElGdFVRXzBpdWxOM3d1Z9IBX0FVX3lxTE1MRTd0Wk9QclBsUHRqbXJyQVVjTDBiaFBoZWVUbHE2VWFhTkI0Tk5HLVQ1cUlmZmZSbVpFWlhCaW4yMWxmWktCWXZMdHV3Y1JLZ0VDWFdpS0dPMVhocENJ?oc=5&hl=en-US&gl=US&ceid=US:en,BBC,0.0
Could going vegan help reduce greenhouse gas emissions? - Stanford University,2022-02-02 08:00:00,https://news.google.com/rss/articles/CBMimwFBVV95cUxPS0JoeDllOGlYUjZGZE5rSmNuWXRpdW9KNDlaOE5nUjVYVjV1YkNuVGZQdXVPejB3cU9TZFdDZTJqaHNwUXVNZ3RneEZLMm1WV2R6VExNbjVtSEZuMml5cEtIRUdQTExuRnEtQVhySEJ3a1dBNHl5cGRoMk1KdENkeHVsQklORWdRaE1VU1BSRlp4dmN1S0Q4VHJSYw?oc=5&hl=en-US&gl=US&ceid=US:en,Stanford University,0.4019
Leaked EHRC Guidance Reveals Plans to Exclude Most Trans People From Bathrooms - VICE,2022-02-10 08:00:00,https://news.google.com/rss/articles/CBMinwFBVV95cUxNcW9uOUpCdWd6RzVlUFYxLV9KQXFlSXZHN21lNUhyRm55WnM4TENnaGVpTjgzVllGT2tzLTdLcjREeUNnWHA3OXd6Z2R4bmZwMzNGSXFHc0ZZeU41bUVfei1PR2xiZ2JVbkM2X0plelZlTmZEZnI3alVyRnY0alhpc0hRUWVkbXVtZzZEWmRDMnhFbFZMWVk1b3ZwVzAyN2s?oc=5&hl=en-US&gl=US&ceid=US:en,VICE,-0.4939
Sweden returns to cold war tactics to battle fake news - The Guardian,2022-02-06 08:00:00,https://news.google.com/rss/articles/CBMiogFBVV95cUxPR2NGdmVXTFZUMmdWQ2VSMUEyQklPc3lLWXJEbVVaRjA2SFhMUlBzTmItTm1xUFd3eEsyX0FLX2pPRXFvdXpWS1lYa0Rkc3VoQlV2T0RKeGk1VlcweS1NOWxudTdGM0k4NHcxcV9KWkpzSWZrcXdPRFZWZnRKcmFLYlBHblI3T3E2SnhlQkFPakJveTBBT2JKeXpJcE93eWN5c2c?oc=5&hl=en-US&gl=US&ceid=US:en,The Guardian,-0.8625
The family that froze to death a world away from home - BBC,2022-02-11 08:00:00,https://news.google.com/rss/articles/CBMiXkFVX3lxTFBCWFdhWlJRU0k3VGhQV1Z3RHpGbWJYU3VuWGhsdEtaVkIzaFJNTGhMM095d2pjN1VQTXoydGFxcEVCWHptUjB1NzFBM3ZlNG5UMFVxb21TUXp4eEpfRkHSAWNBVV95cUxOZzA4OUcyVXVsak1kYS14SlFYcEpFbGFNSW1XNEh2T1NVNHVzelpoVm4xTGZ3NUV3WFNMRVlYR0F5M1RpZGpEdHREOVl2b3ZsWGxrbFZTd2dKZmZzZVVuQ2VCcnc?oc=5&hl=en-US&gl=US&ceid=US:en,BBC,-0.5994
Celebrating 70 years of GISRS (the Global Influenza Surveillance and Response System) - World Health Organization (WHO),2022-02-03 08:00:00,https://news.google.com/rss/articles/CBMiywFBVV95cUxQNHlPSzNGZHVqQ3dqSUF0LW1ZS2RIdXdjdVNYb1NfVWVqeERqZlJZQkJLMjRqU0FhLXl2enZ0VHljbndWdU01cUJEb0tJdjg5cWRBRkIwSjZMUThPTHBsbzQ1amt2ZlVuOGlUUGFwd254cW1yWk9ZM2NLeEpwQ3pmcHRmU2tweWJsWmJxS2RjR2RDX3YwWmFfd1VxcXE4Ymo0LS1na3hXSHhUT0c5My16cUl0aTJVZmpyVDZ4QXFBbmJHQk5Fekp0S0JJNA?oc=5&hl=en-US&gl=US&ceid=US:en,World Health Organization (WHO),0.5719
"Panama Enacts a Rights of Nature Law, Guaranteeing the Natural World’s 'Right to Exist, Persist and Regenerate' - Inside Climate News",2022-02-25 08:00:00,https://news.google.com/rss/articles/CBMid0FVX3lxTE9KeGVSRHZwb29SSWphc1Q2OEtmYTJvMDJkdWp1QzdHSW10SjNhQW1GTTJTVGpXRTk3QUJnOGhrLVNsUVhmbTVSbUc0YXFEM2dhUlBROURpcm9uUmxzakkzTW9rUEtIamY2MGtQajYzU1lwYlBqX0Z3?oc=5&hl=en-US&gl=US&ceid=US:en,Inside Climate News,0.3612
Ukraine conflict: What we know about the invasion - BBC,2022-02-24 08:00:00,https://news.google.com/rss/articles/CBMiWkFVX3lxTE1fZklCTkk1cDdJRjc0ZmZnX0YwYWZyckh5WlhyRnFqY3hYNTdEYlJjSHktaG5rZ0ZCUTBPM2pMYW5KU2JaZDBVbHBvMWtOWEE5WGVFOFF1YnJHQdIBX0FVX3lxTE5MOGpROHdUaFdYcS03TXdIY2FPZm1tYlR6d1VRTFF2c2ctdG1qTjQza3pBS3czdlAwYmVQZTRNQW15VS1EdFllRy0tUi0wZ3hob2VoWUVBVjRCUmJOb09r?oc=5&hl=en-US&gl=US&ceid=US:en,BBC,-0.3182
WHO’s new International Classification of Diseases (ICD-11) comes into effect - World Health Organization (WHO),2022-02-11 08:00:00,https://news.google.com/rss/articles/CBMiugFBVV95cUxPcUJtTVlaX3VhRGl1cTJfUFJkQml5Vy1KV01kYV9FMFdUeHE2b1pScU9ZRTB2WkxtSXdQck9HVnFQZ1cxQzBSNndmT2Fad1JYc2JlbUk5d2NjX2E2NGdYanYwMEhqNG10c1c5bjRDUTJKcDBmQWE3c2xmaEFFR3ltOHlvX0Fxc0E1OVJacjdNMXdJRjV2RWRWdHNwODNYMFhaY1FjbTRMVHNGYkxzdjJ1Xy12UUJEcUllOEE?oc=5&hl=en-US&gl=US&ceid=US:en,World Health Organization (WHO),0.0
How Much of President Donald Trump’s Border Wall Was Built? - U.S. News & World Report,2022-02-07 08:00:00,https://news.google.com/rss/articles/CBMitAFBVV95cUxNN3dMUE1DZ095cGNZMmhtUE1WSi1BcmF4Y0Vpc0RvTm5CME9XazBSWHc2V1B1LWd6SHNvNlhLd0JPTHVWN1hlNXBPQTdUZWRuU2hFeFltUG5xU3JkTnNDc1VqSjFzLXh0d2ZQckw5bUJCWFQ2RzhLRHRxOGZZWEU1MllzVnBLanRza2kzZmtQMGx6bG8xam1EeTVmeHQ0NmtJdG55WWIyWHViaXBqTmRMWVNycTk?oc=5&hl=en-US&gl=US&ceid=US:en,U.S. News & World Report,0.0
Ukraine conflict: Russian forces attack from three sides - BBC,2022-02-24 08:00:00,https://news.google.com/rss/articles/CBMiWkFVX3lxTE5ROE5KMy1JY0J6ZS1ndV82MkdfWlRUR0RhbGVBVl82RkdYOFBvSnJ6S3Joa00wZWpSQzg3VjhoV29MQlVFTjFKNmlPZ0JxcEdQNGdMNDBHV2VOZ9IBX0FVX3lxTFBfazhEaklfSWFBdURIdi1JMkE5N25RZmNiaENULXVZeUd3RHdJRHhwMTFreEl1dVpMeGdFbFdxdEd3RlpzbDBTUWNueFVRVmdlanB2S3lBZGFwOV8tNUM0?oc=5&hl=en-US&gl=US&ceid=US:en,BBC,-0.6597
Ethiopia starts generating power from River Nile dam - BBC,2022-02-20 08:00:00,https://news.google.com/rss/articles/CBMiWkFVX3lxTFAzenlaZ3pXMTRHTXlvSG54N2ZaX2F2c2RpMXlnVVN1TEI2Y2tyMl9WTDVaR0lWcmJINEh5ZHhGdXJyVmpKR3dBdGk5eUdGRmNHMEN1bG55LWV1d9IBX0FVX3lxTE5YWnNBSXdSN01ydDg2aWlsV0JRUWs0TVdUWDVyV0x5OTJuWHlZYTU1dDA2aVZmQUlqSGVscFVPc2NkZkZmRVNsOXloN25JbWdvRUlsWVcwZ0wtenNxWGJB?oc=5&hl=en-US&gl=US&ceid=US:en,BBC,0.0
COVID-19 pandemic triggers 25% increase in prevalence of anxiety and depression worldwide - World Health Organization (WHO),2022-03-02 08:00:00,https://news.google.com/rss/articles/CBMiyAFBVV95cUxNeENjMHg2bDJHaEY0Sm1SRlJ4YmlwNW1qOVN2VVd4ZHRTUFVTRHJuY0lTb2RzdTk2SnNGbGl2YUNnSF96NmFjdXpYV2MxY3l4Q2s2Mk13ZU50djR0VFNyeHBZLW9LTGRjVU1nTTVZbzlyOF9BbTk3THhoTHB2ZnozY1AzNmR4QzIzMXBNSEFpMUxSa1hlVU5MWWZHVjNOWjhIN2xqcUw5VTQ1b2QxV2RGTndrdWlHZElOdnN2bGZhV3hSY0hKd1ZfZw?oc=5&hl=en-US&gl=US&ceid=US:en,World Health Organization (WHO),-0.4767
Media in Russia: How do Russians get news about the war in Ukraine? - BBC,2022-03-30 07:00:00,https://news.google.com/rss/articles/CBMiWkFVX3lxTFBDNDFnNHdneU5GS21acEZBNWtzNXF0QVZ4eE1DZlhOaU1PdFhoODFsUkd0TDhyaE5WaDY1VVQwMDUwYlE2MlF3bzR5R0dyU2ZmYU03Q29iX2xCZ9IBX0FVX3lxTE1sV0I5ancyX01UeGpTY2RMN3hQTWhLWndtNGpUQWkyekNTWEVYSEtWQ1pRblMzRGF5Rmx5cHhtOWNiY0FDdjA2RU5tRHJzY2pqTVJFajJzVVNmQUd4Y19n?oc=5&hl=en-US&gl=US&ceid=US:en,BBC,-0.5994
How to Talk to Your Team About Distressing News Events - Harvard Business Review,2022-03-07 08:00:00,https://news.google.com/rss/articles/CBMihAFBVV95cUxOSmxkWE9PYUlqaEhra3BBZDZtaE9KU0dvUlQ4OVpvYy1laUN4OE1EYVpXT1Iwd3ZUUzZfdWVXdjdQR0xWOGxYUUFLbHlPbDZrT0hNOFZkcjVVdk5pMFBVLUE5cHhQMVY3X05SQ18tWkNxemNVMVNtdXQ1djI0UjJhTTFiRFQ?oc=5&hl=en-US&gl=US&ceid=US:en,Harvard Business Review,-0.4019
UVA Darden Top Five for Salary and Bonus in Latest US News & World Report Ranking - The University of Virginia,2022-03-29 07:00:00,https://news.google.com/rss/articles/CBMie0FVX3lxTE14NkZ4R3BRNnhwc0x3akxUZm1zZGZtRTIxYThUSjAza0h3bnNxMnhQaG1yUGNwMlJtWm9XWWk1SkNYSmh5NnZjMmZ6ZDFxYVVQZDBJanpNRUFwU19hN194dHRPdGNHSTVETy1PNWhoM2RkSE5ZYkhwTWRVTQ?oc=5&hl=en-US&gl=US&ceid=US:en,The University of Virginia,0.6486
Ships avoiding Russia as sanctions impact revealed - Sky News,2022-03-18 07:00:00,https://news.google.com/rss/articles/CBMiqwFBVV95cUxQWEFab2lZOWFnYWpMVUI3bkU0c2ZGUUZvOERHNUdITm5TdnNrNm13UTFUMDZ6ZXRlZlFKRDFPZ3RITXppQVBuUTcxNEJkaENpUWctYXBWeXNYdTdnX2ppSzY1YnB2QlkyTnpMZ0ZmU2RYY3o3TzJHTTIwSjFMZUszRnhfYklrS1R1V3dKcXJSQ3ZjOTNwRW5ya1p3cmRhdnluUTR0SVVDOGMwdEU?oc=5&hl=en-US&gl=US&ceid=US:en,Sky News,-0.34
Historic day in the campaign to beat plastic pollution: Nations commit to develop a legally binding agreement - UNEP - UN Environment Programme,2022-03-02 08:00:00,https://news.google.com/rss/articles/CBMiuwFBVV95cUxPTmZGWEswY2pFVGZ5d3NGVUhPdWlNSDUzazFjY3M0RjZFTS03dTA0N1Y3bUw4VFdnQkxEUldJSFBPaU9ybFh4U2tvT251ZEN2TDlpc2Z3aVRNQ2o1TnFkSUxVQlpISlFvY3FjU3FnMHpnVmxmWWx2RTduaTRFMERDZE9URE9ZMDFwTWYxMzFuNnhodjEzaDFtTUY4TE81Ml9BLXRwc3k2WGRDVTZZdkFEcndzZDBla0dzQzdN?oc=5&hl=en-US&gl=US&ceid=US:en,UNEP - UN Environment Programme,0.7003
All-Black Female WWII Unit to Receive Congressional Gold Medal - U.S. Department of Defense (.gov),2022-03-18 07:00:00,https://news.google.com/rss/articles/CBMiygFBVV95cUxPcDZBRi1kZGtGT3l4NjZ1LVFkUUNlTUlSRHdaM21vVmdlWXJhU2VYYWotU1VrNEhPdDlfVlh2UEVJcFBJOVVIaW5qS3BDcUlPSFFnWFRpQ3pDT3R6Y29KREp0b0hBa1YwSzlBMk44eGMxSG5XdjBlbUNJTmhSMVJkVWVuVjc5TW9SdmxMQjB1cnNLdVh6MkhBYTRLWDNSR0c5X3BNcDA0U1RTcXFmSDFtNHZ6ci1vTzBiUlNyS2tRNVJadXprczFtSFBB?oc=5&hl=en-US&gl=US&ceid=US:en,U.S. Department of Defense (.gov),0.5574
Economics news: The stories to read this week - The World Economic Forum,2022-03-24 07:00:00,https://news.google.com/rss/articles/CBMingFBVV95cUxOb0pCNzdmNC1nN21HTldsdmJxRkNMX254c3RnT0QyQVU4T3pPZGdCRmwyMmQxeTZ2eE0ybGVfYmhzbW5UZ0pMNlBtTjRZRWhoSVpCVG5NMmFPYkpIWnNSclRWNFNCcVdfNkhpUkJvUmZLeTg5RDlZZklidjc5dFNwU1gtZkFkWFVxSlBucGV2UkZnOXNrekdidnl1NmtsQQ?oc=5&hl=en-US&gl=US&ceid=US:en,The World Economic Forum,0.0
ODU’s Advanced-Degree Programs Cited in U.S. News & World Report’s Best Graduate Schools Rankings for 2023 - Old Dominion University,2022-03-29 07:00:00,https://news.google.com/rss/articles/CBMitwFBVV95cUxOVlFkTWlwTDZYN2RmNmJuSmZsVmhBZlpEdXRFRTlhNlBvNW9Uc2dhSXpVVU9JNThmTEU5LXc4WE1Vak1GVTB0N0ZtR1hzWlluZHdwdHY1MVJNLTBaR1cwOU5iUkFkb0Itb0J0b2gxTFhiYzZkNUhkNngxbFF2RUFFNEpVeWhOUURGQnRIcE0wUW11V3RWWmpSNlZEZnhSNWZuY0pZR00xaFJwZFVOVWxza01uRHpUeWc?oc=5&hl=en-US&gl=US&ceid=US:en,Old Dominion University,0.6369
U.S. News & World Report Names Atrium Health Sardis Oaks and Atrium Health Jesse Helms Nursing Center Among Nation’s Best Nursing Homes - Atrium Health,2022-03-14 07:00:00,https://news.google.com/rss/articles/CBMi0AFBVV95cUxQMWpESTUxcjduTUE0dExncWVyR1VZdU5TTzVvNGdiU0dkM3dXZ0xSaWViTUNoNVF6WjNaMnM3emM2eHg0dlJCT2ZBZ2RnNUg1VjNJT2ZuWlJjeEhJUTdabUhqcFVUQjViTmVjOHA5QmpfNGZsUWdjc2tndDFobFV4dmxFbV95ejd4bnlFQXNDa2VsTVpBVmlKU28zS3FXelBPZXppYmw1Q2lnVkJhYjl6MmFxLUFCQk9NeEktbFVrNUxnSlJmejZyYk5yUVFOcFJH?oc=5&hl=en-US&gl=US&ceid=US:en,Atrium Health,0.6369
Wayne Law reaches historic high in U.S. News & World report rankings - Today@Wayne,2022-03-29 07:00:00,https://news.google.com/rss/articles/CBMirwFBVV95cUxQaDFjN1ZldkhtRWFZNEgyeHJiZXdHQnVuSGFYOERRRHV6Q1oybnBJOUx2RFNodDA1T2ktZThIQXdTT3FOTWREM256b3B5emFvYU9tQmktOWpWcUN3R19CY3ptMmlqNG1HTFRlMnFtRHAzWHR6bE9MWFpIekMtWFZJRlM0NEJYQUVhUHlobWdIS1lmMWZ3VDd2enV0ZHJsdk1KRHEtc21yUXd5dkhPWFNN?oc=5&hl=en-US&gl=US&ceid=US:en,Today@Wayne,0.0516
25-Story Tower Revealed at the World News Site in Clayton - CityScene STL,2022-03-07 08:00:00,https://news.google.com/rss/articles/CBMilwFBVV95cUxQQ0xMZHpOb285VlN0U0tsNzhKNTZ5MTF1RGNSVlFieGtyZmdJVTUxN2ZZMTc1cWtYaExQMmFJaVJPWmhKS0hmejFJdFhHUE1PSXctaU5za19ZOGxiTHZkVHpZZWVOeV9POVVna2FRVjIzUlNqak5RNjZpWVdBSDIxOXY4bUxMa0FLQk1oaFNqSnhXMGtEaGt3?oc=5&hl=en-US&gl=US&ceid=US:en,CityScene STL,0.0
VCSU online programs ranked among best by U.S News and World Report - Valley City State University,2022-03-02 08:00:00,https://news.google.com/rss/articles/CBMikwFBVV95cUxQT2VoUzZMbTM3cXRNOHZHVWZTRnhyMG9IYXBzdmctU0pWcEpLTjlwdTFtcGhrMzdnTzAzUnJLajFXWXlPQnJ6SFFTcWpSX01yd1E5UTAwUnRTU0k1VGFLdElSckVXN3NxOGhaRGRkWkhPX2lPRHQzMTZTMUhGVzlQOW9LMzRaZE1DUUFBQ3MzU2M3V2c?oc=5&hl=en-US&gl=US&ceid=US:en,Valley City State University,0.6369
Business and Education Graduate Programs Ranked in U.S. News & World Report’s Top 100 - St. John's University,2022-03-29 07:00:00,https://news.google.com/rss/articles/CBMixwFBVV95cUxNRUx4ZGk3WFJLbnc1czNXNnMtSjRlaUd0dEZLN29rU3lialRxM05udEczN0JfV2JYVVE4Y3M3UWhmd1phNTdsQjc4WGJIdE53VDJpeHNlaWY5QldadTV5SWpROURMUDI2SGVQbmUycFliYUxyak1qaTRUdnk3bnZ4WWl4U2tBNUhiS1p6U2pDUVBvbFJYSUpvcEhNSTVUNWp4djNuS1RjRXRKamRrb05kZDNWNVhSelVrbU9uUUlJQjBDZVN6VjFB?oc=5&hl=en-US&gl=US&ceid=US:en,St. John's University,0.2023
"PNW’s Nursing, Business graduate programs recognized by U.S. News and World Report - Purdue University Northwest",2022-03-29 07:00:00,https://news.google.com/rss/articles/CBMiogFBVV95cUxNZmVwU2p2OU9EVjFlYy1ma3NNeEZibHBFR1FHTFdtWU5JSV9wek91Vlo2aUxVbFRaaGFwQklGRlVPa0cxdUMwd3BXb3BFVEhEQlg3cHRTVlpZeGhfbkFlaVVuZ01wdGUwQ2V1aDBoSWNoemgwUTNsamx4WEFHSFZwMW5mOVBuM2g2aUhES0E5TFVScTNCLXp5REhPVlMwV2VWN2c?oc=5&hl=en-US&gl=US&ceid=US:en,Purdue University Northwest,0.0
OSU-CHS earns top 10 spots in U.S. News and World Report rankings - Oklahoma State University,2022-03-29 07:00:00,https://news.google.com/rss/articles/CBMi0gFBVV95cUxPWWQydlZQNkRMSzlkRTFIVkpDU0J2M29IeGhPb2JCNE9WaUFTY2VZVVI3ejFReFdCbGJQU0laU1hFbzBZUFdPX2lsYUlBU0RrWkxzS2N1RlJ3MV9QXzZGRnhoOV9JQkFYLThKX1l4N1cxd0h5b2FzajJoSWdPbTVGMW1uY0ZDYWpPeTdiajdyZHdDX0xBRmhFNkh0bVp4MW5KTEhqWnJVeXUwcjRjZ3R6amJWYmV0NGoySk5lVjY2UWQ4enNvYm1FYXdzSFhlQXk1Vnc?oc=5&hl=en-US&gl=US&ceid=US:en,Oklahoma State University,0.2023
"In a new Cold War, academic engagement is still necessary - University World News",2022-03-12 08:00:00,https://news.google.com/rss/articles/CBMid0FVX3lxTFBzX1pJVS00X09CZkJEQTBsNFlTVXFoeGs0X3JiU3ZNY1lsYzVkeGtMZ3lObTBNaW54cFR0SWk4Y2tCdmhBcThBX1BaaDZBbjJNcmJfRkdxUHBMbG9IMjVjRFd3WGdSY2RRZ0hLV2hEdkN4eGxDQjU0?oc=5&hl=en-US&gl=US&ceid=US:en,University World News,-0.2263
World Obesity Day 2022 – Accelerating action to stop obesity - World Health Organization (WHO),2022-03-04 08:00:00,https://news.google.com/rss/articles/CBMioAFBVV95cUxPdXE4OXlYM292NDFYNnhidTNQVDRWTDFMcW9lX05fT18tRDZFMU9UYjZuWXY0LWZfTEhnYWZfUGZQV0NRbDdFYTJOTkd0dWNTbS1EcmVmb056NV9hcDNlc3JDWXVXMFZCZ3NmRV9pQ0dlZXlHN0ttY0pJQlQtUW9IUGVpWUZnMzcxMF9qYkVUMjhxRm95MTZmS2FtemNQRS1C?oc=5&hl=en-US&gl=US&ceid=US:en,World Health Organization (WHO),-0.296
"Ukraine war is economic catastrophe, warns World Bank - BBC",2022-03-04 08:00:00,https://news.google.com/rss/articles/CBMiVEFVX3lxTE1KU1k5NjFxOXVVYXg0NTRJdmhXc2swWllnY0ROU09TYThjVEo4MEVtUndjOWdTOHhPZXlTV0dLb0ItbmFFZUhDVVgzMTlnendzY2hMeNIBWkFVX3lxTFBUSHdWc1QxQjR5cjg1eU9OLWxiV2FZRnE3QURPWlBsRm9DOFgxX3pNTXhXaW1VQmw3ZW1Pa29WWldMNV9lY1F5ZVFOSnZldDhlMUR6R0U4d1Ytdw?oc=5&hl=en-US&gl=US&ceid=US:en,BBC,-0.8658
U.S. News ranks St. Mary’s Law Trial Advocacy among the best - St. Mary's University,2022-03-29 07:00:00,https://news.google.com/rss/articles/CBMiXEFVX3lxTE1LbXdzaDQxNXM3S2w0SEJ6bExxVHZvRnRLQVc2Y015UjdSNk9FTjNqbkZPSms4TlJJZUxYRFVCenFkbHJpTUJXcUhzWTlMbDhGZ3dXeFFUYTNiMlF4?oc=5&hl=en-US&gl=US&ceid=US:en,St. Mary's University,0.6369
WHO urges quality care for women and newborns in critical first weeks after childbirth - World Health Organization (WHO),2022-03-30 07:00:00,https://news.google.com/rss/articles/CBMixgFBVV95cUxNMDhGNUY2eE5iOUJlcVIySXZsMFJRUzRkVUN6RXA3T3JDNUI5NFhHX2tXanpIdmlzcG8xNk1FRUFsd3J2ejQ2VEFGQ1cyX19hV0Zmb0l4SDE3anJONmJMYzNUVzM5UGI0UDZxdFRWZWVoMkdJbXRQYmYyaUE3SkxkSGRpX1VaU0l4V1V3aXJiQlc5bTdnaUJPUElOSEtvSkZFR3BRNGdzQzZZZFRmdHhNMG9BdTlQZnRiSHdGcVVEZWhIelpDS3c?oc=5&hl=en-US&gl=US&ceid=US:en,World Health Organization (WHO),0.2263
RIT graduate programs rank among best in nation in ‘U.S. News & World Report’ survey - Rochester Institute of Technology,2022-03-30 07:00:00,https://news.google.com/rss/articles/CBMingFBVV95cUxONHpDZllCNVVPZng5aUhNSWZHNUUwb3Qza3owdVN2NXI0WWFOcngxTDdXSFB1NGhyQ1NwMUxQN2tQRXZKY2lwT2ctYkU2RjhuRGRoeUNRRWZoR2ZfdElQVHdLOVFHQTFMeGtzNTdta3hkYnlhV2FGMmNjX1hpT29Bbld1WVlCYXcwbXFoTGp0OHoybHNkLU9UYWRFSnlyZw?oc=5&hl=en-US&gl=US&ceid=US:en,Rochester Institute of Technology,0.6369
Why misogyny is at the heart of South Korea's presidential elections - BBC,2022-03-07 08:00:00,https://news.google.com/rss/articles/CBMiV0FVX3lxTFBTUzZvTzVlTnotSTFQVkRZRTVSTU9rZFNZN053U0Q4clBsa0tBMlEyeTRTYnhVc2hQdTVMSWg2RzVkWHVBUDFfZzlhMnhjcVR4UmItWmR4Z9IBXEFVX3lxTFAxVXhiWTJyLXlheXpZR0JuQWpSTGkxRHlNdnkwemtzbE0wdDE1N2V0ZTIwQW5tZk53YWZDOEl4SzFvSEo1N0NsUTNrSy12azBraFhERzM2Yzhjd29t?oc=5&hl=en-US&gl=US&ceid=US:en,BBC,0.0
"Berkeley graduate schools, programs shine in U.S. News rankings - Berkeley News",2022-03-29 07:00:00,https://news.google.com/rss/articles/CBMioAFBVV95cUxQY2ZsRXlndkR6aHpIRHYwQmVEcE9ZbEpITVI3VGdVR0pYM3dpSDJSTEZVc3Q2b0szTlRCOWRyTVZocWlWQ0FQYU4xbDRXVVA4Qktwc1JvV29WeGRHWEZnQ1NSQ3RZMlR5dEdWdHNTZDRZYjFUSVYzSmQ5d2pDTFhLcElKRnlieEpsVE9Gbm9CXzY3eVRIQm9GVEN6SUYwMG9W?oc=5&hl=en-US&gl=US&ceid=US:en,Berkeley News,0.0
Private military firms see demand in Ukraine war - BBC,2022-03-08 08:00:00,https://news.google.com/rss/articles/CBMiXkFVX3lxTE9uTmN5RzVLT1B4aHVtMGFSSi1pMzBxR0xYMkl2Nk12TWtmbF9wazNmZFdmQ2V1azB4U0p6NlBDdTA4Sm9HLW90YUEwakc3dWhOX29PTzE2cjV5TWFKSFHSAWNBVV95cUxPNHNMbV9XWVFYZk9HUWptNDM0NzFaRGpMRUZDRk96dE9JcUp0cGIyT191cUlhcUtfRXNZUkhGakdRTDdfQ3N0NzE0ay15aVFneTFZRkFkcWNGd3ltS29acmlSazg?oc=5&hl=en-US&gl=US&ceid=US:en,BBC,-0.6597
WCK scales up response efforts in support of Ukraine - World Central Kitchen,2022-03-01 08:00:00,https://news.google.com/rss/articles/CBMiT0FVX3lxTE53Snp6aFVJc2ZaaGpfb3VoSDhUNElNVmpZTzhtRWV2dllCTHpmaVYtUE1iRnZya1dxczBZazhWdld3clJ6ckk5ZUJpWWNXR3M?oc=5&hl=en-US&gl=US&ceid=US:en,World Central Kitchen,0.4019
Heart of Madness Update - newworld.com,2022-03-28 07:00:00,https://news.google.com/rss/articles/CBMid0FVX3lxTE42eURfWVl0NUFXS09FZlh0dGozLWJ6SElFVlpsVXhrWW9MbnQ0Nl9IeFpaWUxDT1FlUEgtQUF0aFZYUmFkUFNIZmUzbThodzQ2YXF2QWlyNDNPbWRKQXlpZXRTOEllTmJfWlNhc0NULWJSdVJQd0pV?oc=5&hl=en-US&gl=US&ceid=US:en,newworld.com,-0.4404
Citizen scientist: Community is invited to study the natural world during EcoBlitz - Binghamton University,2022-03-31 07:00:00,https://news.google.com/rss/articles/CBMiwgFBVV95cUxPOEFCYV9JVjM0ZW8wQXhGNnVPc0FuaVgyc0ZSQUcwY1VjUWZlNG84eDFKcDZrZS1vLWZ6RmFfbkFFM1JCN2RyWDRicU4xb3J1Z2xTSXREdVVFWTViTFJTRDN1V0xuWkxEYlQtNDdiOGszU25TS05LcDdMTWpkZzRVSE5uZGZVX3ZpQnM1X2dQUkRsWm8zZjFrRGRjWUkzQWxjdk51cUhzNWlaM2RvWnJBenVKYllBSGRqdTUzZ3lUWjA2QQ?oc=5&hl=en-US&gl=US&ceid=US:en,Binghamton University,0.3612
Ball State's Excellence In Graduate Education Programs Recognized By U.S. News & World Report - Ball State University,2022-03-29 07:00:00,https://news.google.com/rss/articles/CBMi3wFBVV95cUxNLTdLQW1LbDRNNWNtQVpLYmpBY1Eya0F2dkhoQTdTbHY3UjFmUHRxeXFfZkg4LUhWT0N4MDVoblZvNEVPeVhwRzFOb1oydmxCUkFVb3NEektIaVhOSVJjb1VsSlMyRkRYMnBBUFNzUUhLbkxoVXI0Mk82d0dvVnJ2c2dzOEozdHZMT2p6cTBsaGlVTi1hUDlOTUsxa1duTlptczZkelBFMzR2OFk2bmpCOUJ1N3pITmxySEg5bHBwaFM2YW1oMWhyN2ZhRnNYdDVSMkNvWUV4TkkyTFFUTjVr?oc=5&hl=en-US&gl=US&ceid=US:en,Ball State University,0.6249
FAU Among ‘U.S. News & World Report’s’ 2023 ‘Best Graduate Programs’ - Florida Atlantic University,2022-03-29 07:00:00,https://news.google.com/rss/articles/CBMigwFBVV95cUxQdXRnOWZPMUFUWnJIdkIxMl85Q0lpZ19QbUNxZ0FRN2FjZVUtTElpRnVRWjBFUjBsZGpvWmxvb0dubk15WGpPeHBCNVl0cDllbU1SUlhCb2lhOFRZenc4RG5SNlpMSmVEUG9JcncwMU1SNTk0QTNIeERCRnIyTVZrUlkwOA?oc=5&hl=en-US&gl=US&ceid=US:en,Florida Atlantic University,0.0
U.S. News & World Report Ranks 23 Carnegie Mellon Graduate Programs in Top Ten Nationwide - Carnegie Mellon University,2022-03-29 07:00:00,https://news.google.com/rss/articles/CBMi1AFBVV95cUxNNW5ORGNyYlJzLS1hdGhHREhlMEhWRnJEY0tBTkhfSXBWc3NWU1QybXI3a3A0V05SUktHd2RIc1o4cU1wbnd0Qy1xamc4SlVvbW5nXzJ1UlFxQXpYYU84Wi0wR25EbEdEWHdFN0IyeDBEaDdhZzdwN1EzWUhmM0NiSWQ0X2xERzBpUERhLVI5Qzl5VWNGbDBpTmNrbEZzbFhkNnFidUw5ODJWUnR6VFJtdnVJN05IaV9vUHhpWms0bFUzcU1fLWo1OFcyc3FxSTNIb1MyVA?oc=5&hl=en-US&gl=US&ceid=US:en,Carnegie Mellon University,0.2023
"Interim statement on COVID-19 vaccines in the context of the circulation of the Omicron SARS-CoV-2 variant from the WHO Technical Advisory Group on COVID-19 Vaccine Composition (TAG-CO-VAC), 08 March 2022 - World Health Organization (WHO)",2022-03-08 08:00:00,https://news.google.com/rss/articles/CBMi4gJBVV95cUxOcXdseDNtYXpzb2p3S0M1clVSOWd2MlltVUw3QlFPY2xHekxhenJ0VnRMNjZpVTZ0SFZsVlE4TUZPYlNZMi1MZk8wWEp2OTRhc0tjMlVfdEVwUmJ4dEdfTU9TRFBSR09JcThtSmZ3Tk92RVM0Tl92RmQ5OUVsRDdwTkd1NWN3UTluQkFEMFV4Q3VJamt5ZnJydFJYbmpQWEloYmh2eVRUbDl0NEhhaGRIMVlqR1RTTmZJV1RwUklrOWNBMFRoVU9XMUNPck16VUZJU05MMWpaWndzckdEdmI1bUNqemlBbGEwX2J5aElrQVl4MmRCT0VBUk4wQWMwS25GcXNTOGVsb040cDFpMU9zcERIV0twVk9SOXpFSWFneUIzSXhtRmZGSGtUZWlZNy04TV9OdklZYWVFVlpuTmJnekgxVjZUQ3RKNFBNZGk2My1LS0dhQjRoWldvQkN6VUU5d0E?oc=5&hl=en-US&gl=US&ceid=US:en,World Health Organization (WHO),0.0
News Release: Scientists Show Large Impact of Controlling Humidity on Greenhouse Gas Emissions - NREL (.gov),2022-03-14 07:00:00,https://news.google.com/rss/articles/CBMiswFBVV95cUxNUFVNdEs3M0MtN3Y3ZmNDQUNBREpUNnFFOGc5VlowcmZmNlh4QUNQbmN2WjRHeUV4NjJEYXFVY0JPdzZJMXY4OFlzc3dqUVBvenZIQThyLXBUeWxGYi1OM21jNmlmZDJSWF84UEFaS09fdWxsdlZhbHBLamV3elhZQWZhQWxYY0ZSdEN6Z2FwMzNiR19aOG81eVNBNVlUS3FPUHZEbnNyX3NHbnh6QWhHSFZYaw?oc=5&hl=en-US&gl=US&ceid=US:en,NREL (.gov),0.0
N.C. A&T Continues Its Ascent in U.S. News & World Report Graduate Rankings - North Carolina Agricultural and Technical State University,2022-03-29 07:00:00,https://news.google.com/rss/articles/CBMinwFBVV95cUxPWGlqbmF3a1o3WGZfY2dlWTF6bzNHVG5rZGlra0NRQlU4RzUyeHNqXzBKU01fdi1XYnFSMXJkU3J3QjhaQjd0aGhGVFZCWlpaaHFZZXFKdlZLYk9aRE1WVTZNWDc1NzdXV21pOTgtZFpFSlR0ODZ1ZXdVQkpnNGFtWmdQM0JfN2x0ODU0TlVrTXRiaHBsRzIzOTJlc1hHQkk?oc=5&hl=en-US&gl=US&ceid=US:en,North Carolina Agricultural and Technical State University,0.0
U.S. News & World Report’s 2023 Best Graduate School rankings recognize Loyola’s business and psychology programs - Loyola University Maryland,2022-03-29 07:00:00,https://news.google.com/rss/articles/CBMijgFBVV95cUxORHA0QWZlYm9Wb3ZvUzNMUkxlYnZGeHQ0VDRqUzlNVm9WX3RwWXVBWlZrZDRGaXlMRm5maFFsekhINWFudXRyRlJQSUZyZDJJVEtxY21zTmR2b0dXem96NXppVElfS3ZhVm1xWEhfdTJ6NVQ3U0tPMWxUMWdpc0sxcEJVb24ycTQzbXppaThn?oc=5&hl=en-US&gl=US&ceid=US:en,Loyola University Maryland,0.6369
Where in the World: Aviano - dla.mil,2022-03-18 07:00:00,https://news.google.com/rss/articles/CBMimwFBVV95cUxQa19sTlZOYjBiNVRJNnpQY2ZfZEdBMWVRcXk0QlU0NFg2SGdFTWZpMzlkRm9nTW1Ed2o1cTRMeXlZQXRyLTlzMGQxbkdfWjU0dGJaQmljcmpuREdhZ0huN2wteDh4NXJ2ZVdnTlRTX0xFVWY5LXVRcHozXzdzbFhMLXBONVdyaG12NDcwQWxZM0QzRWstY3JfbmhVVQ?oc=5&hl=en-US&gl=US&ceid=US:en,dla.mil,0.0
VCU programs earn top-50 marks in latest U.S. News & World Report graduate school rankings - VCU News,2022-03-29 07:00:00,https://news.google.com/rss/articles/CBMixgFBVV95cUxPQ1NPcE1PenN6TkhONjV0MFZINlkzZVUzZHZHdmZqMjY3elZGcWc4OENydzVVUG5CWldOVVk0aExKX0hiUUR0TWV3QkxYRzVwNjRjNlhzbzMxa08yZXhuSjNrQW05SUd5WFpsTXJ3bmhaNWVQalNCdEU2U0RGanBIVF9BekxuYk1pZUcxVUVrdDdJUHNjcGJLdnhCX2Y0Y2VaZ2FPMkFwSGpZY1l5TnMtSm9uZml0UWF1UUpacnVKQ3VxSFVHdnc?oc=5&hl=en-US&gl=US&ceid=US:en,VCU News,0.0
SCU Graduate Programs Secure Strong Showings in US News & World Report Rankings - March 2022 - News & Events - Santa Clara University,2022-03-29 07:00:00,https://news.google.com/rss/articles/CBMi5AFBVV95cUxPYlY0ZXN5bVI0eEdSaXJVSm52cExuZ2hRSEx1U25tS1VyZmpYajJKN29LdUp0YUw4SmdMWUIwUm55NXI0eUYxOHRrY1dQWkJ0SG9BbEI3WVJzQmxvdlpxRnotUXdZOTc0eUZwRlNxdm5xSkpGdkN1RF90Y0RzSXJHaEVLVUhqaWZyWDF6SlBQZ005VkJqd2x4MXBJaEs2LVpmRVJLTTUyMVFTNFFHbElXSGlyX09xMW9yY2lmeDdLNGpCYUNJNmhFVDAtTEJIXy1Gb09ucF9mZXBuczhJRnVJWXRGam8?oc=5&hl=en-US&gl=US&ceid=US:en,Santa Clara University,0.6908
LMU Again Ranked Among the Nation’s Best in U.S. News & World Report’s 2023 “Best Grad Schools” - Loyola Marymount University,2022-03-29 07:00:00,https://news.google.com/rss/articles/CBMixwFBVV95cUxOQTJ0VnJOalFEZll3d0FHZVdib3FrTGVjbGQ3cHJRbGh5YVNJaVJWUVhNSlFOR2tiRmEtLVd0WkhHdUdpaVFiV0JIN3o4eGhKQU92WFB5UFQxbWhMQTJqdkk0cThnTGRvWHUwZ3RmR1hmMW1rRFFjeW5wRTdfTkVXdENwNVpWM3RMT1JwMkxvbzZHejlWVE5RUHVQTnBKTnhwaDZMWWpzWjhQazFPekpMeU1DYkFZTk5VcXNuN3J3dWJuMHRYQkY4?oc=5&hl=en-US&gl=US&ceid=US:en,Loyola Marymount University,0.6369
"‘US News & World Report’ releases latest graduate, professional program rankings - Iowa Now",2022-03-29 07:00:00,https://news.google.com/rss/articles/CBMirwFBVV95cUxOLUI1Nm52dVFETkdEcUs4UTVENU5ER1RyQU0tTXo4WUJUQlhLMVVZanlENlBFM3hpY3BxLVZuUkQtUzVDVTdEU0tFQ2l0aTVVQTZpczAtLVJfNzdlSkNjVUZUUFA3YTdFcmt4d3RKS29LdU8tNmMyWWRDSVBKc0hFU3BhbzQ5d2NzTzRvUzJnZXlUd3dxZHpqR3Y2eWVmOFdoMkZiVGFUTHZxaUpzODZj?oc=5&hl=en-US&gl=US&ceid=US:en,Iowa Now,0.0
U.S. News & World Report recognizes UF graduate programs News - University of Florida,2022-03-29 07:00:00,https://news.google.com/rss/articles/CBMic0FVX3lxTE1rUjJmNjByRWMweUZNelB1ZEhKdDM4TDJZdzZfejNfMkpjOEZJU1IzRHJxcmo1dXQ2bHJ6eVhPTHhiTzVmamh4RFl0NFBaTW1vN0cyTVVnTzZCRk9hdG5ySGU3V3lBZzFaLXd5R1hCeG5rdGs?oc=5&hl=en-US&gl=US&ceid=US:en,University of Florida,0.0
Portal to another world - MIT News,2022-03-21 07:00:00,https://news.google.com/rss/articles/CBMicEFVX3lxTE5TUWFKLS1uU0xQYk82dVMxVzJvUVpraVQ5RkFNWTF5TmFRY0ltbEg1VG1Oa2ZJN0h4RUc3NGtXa2gwdHczbmZKMWtfeUlpcTJkQzBxSXhMSGFqTGR0cUVROU9VX3B1ZG1UMEhOenI1SHI?oc=5&hl=en-US&gl=US&ceid=US:en,MIT News,0.0
"Two years on, COVID-19 pandemic ‘far from over’ - UN News",2022-03-09 08:00:00,https://news.google.com/rss/articles/CBMiV0FVX3lxTFBMTTQ1TmVKaFZIWHh4TTY5X3pheFptXzhTZHR1dnBaWlRQQWlpUHBWaXBMbVh0YWpnbUZfWjkwV2d1d1lwS2ZmaE45bC1halEzTHkzTVU3WQ?oc=5&hl=en-US&gl=US&ceid=US:en,UN News,0.0
Global news media on defensive after Putin signs 'fake news' law - Reuters,2022-03-05 08:00:00,https://news.google.com/rss/articles/CBMilwFBVV95cUxOMzdpRTVOeUZ6WEJTUFBtM3pKNkJ0U0V3WkcyYWUyTjdITzBHcXgxVjNRTzg3Z0ZFRlNTRzRiMmFsaDVOdW1tVndRSWRVU0NuSGtUT3lRenhYWHhoY0h3WUhhZ2RWaHJEVDQzYTUxRzZ1U2xCRWtkb3doZzdjTEpGZmNKb1JoeVUtM19SLU5zNkRkM1QyeDNB?oc=5&hl=en-US&gl=US&ceid=US:en,Reuters,-0.4588
UN analysis shows link between lack of vaccine equity and widening poverty gap - UN News,2022-03-28 07:00:00,https://news.google.com/rss/articles/CBMiV0FVX3lxTFBRVm12MHAzZEN2WlZEdHVUdjZPU01yY1hvcGVqTTRKUnZTb2Z5V21iVlA4MERZNnVCN3NTbUNpV2N1bm50U01hckJmUnRxQUxFWmhRd2Uzaw?oc=5&hl=en-US&gl=US&ceid=US:en,UN News,-0.6808
OSU named among the best in US News and World Report’s 2023 Best Grad School rankings - Oklahoma State University,2022-03-29 07:00:00,https://news.google.com/rss/articles/CBMi2wFBVV95cUxNODV6YnZXMHVrLXIwaFVCbmw5V1hyT0RSck51VEtoY1RsWHJpSUNmdXBneTg0VkNWMzcxdUlPMjg0X1RWbmdMRXo5cnA3dzZtb1BlY1FzYm9EeWtMWEFuc0Z5YzVYZnM1ZVBhbGJTQ1NTQ3d2WXVrcnRBZlBBZWpfS3VBQkR3eldNLTZlSm91M1h5MlhLV3BqYmZRREw4LUdMdmdrX2R3VThJdHlnYlV6ZU93c1dCSnB0enJTLVZ3aUNvempNbmo3S2hHLU4wVXRMc1NIeFRwVUZBLWc?oc=5&hl=en-US&gl=US&ceid=US:en,Oklahoma State University,0.8555
Nations sign up to end global scourge of plastic pollution - UN News,2022-03-02 08:00:00,https://news.google.com/rss/articles/CBMiV0FVX3lxTE5NdDBjc0hyM2NRT1F2RktzWWVxLU5abVBuZTJ0UjZIRTZKTjA4YzdVUklvU1B2WXRhV2YtOGJuYmRHUkdKNmRRTkFfbnNCOGdaSWtFZW5pYw?oc=5&hl=en-US&gl=US&ceid=US:en,UN News,0.0
Schar School Rises in New U.S. News & World Report Rankings - George Mason University,2022-03-29 07:00:00,https://news.google.com/rss/articles/CBMijgFBVV95cUxPSVBrQXhkWFJYUlQ1cHNpWWJHVTY5VE1xTmlwOHgzaU1VYWdkRVJ0Q01wYUtpSmdlTFlaNW9aUlZzLWhCMnVlSWVLdXMwczNxbDRuaHRKUjNXRHd0WGoxUFJuZTd0a0J1b2Yzekc3bEhieml5cy1zNGVsSjgyYzh5VjNoLU1KQ2N6bExsRFpR?oc=5&hl=en-US&gl=US&ceid=US:en,George Mason University,0.0
What happened to the world's ozone hole? - BBC,2022-03-21 07:00:00,https://news.google.com/rss/articles/CBMiigFBVV95cUxPcTZHbndPejh1R0NJaVRhV1dSQ0dtTUJRSTU0SHpwYkNNRy14M2RBektub1hLaHIxTVI1aXNYS0ZjU3hyZHNtN2wxZl94ZGFVVjVKVDhPWk1aQTFKem1Nd2xac2NiNUFtY1lMaGpQZHJMc0lXSEozVDhQUl91THpYU0M2eFhRM3dUUVE?oc=5&hl=en-US&gl=US&ceid=US:en,BBC,0.0
Deepfake presidents used in Russia-Ukraine war - BBC,2022-03-17 07:00:00,https://news.google.com/rss/articles/CBMiV0FVX3lxTFBpMklEbHY4RlhUNlBIZDhVWHNDSTFiekJPV1ljWDQ1SmFPSUpvMHY2cW9uU1REeVhpQXdRcTI3VUlGMzlGVzdQZnhuZXhSSVdOVk1nOEoxVdIBXEFVX3lxTE8tTUdZc1A4SWo0dnc3RmxPaXBIdXFYaE9oOHBvaVg4Tk56a0s3bUdtQk5BMHlBaWhacHNaYjdWN2MwandwNnp3RnpvaVhsUzBiaGdBVEI2Mk9aUWs5?oc=5&hl=en-US&gl=US&ceid=US:en,BBC,-0.5994
Where in the World: Sicily - dla.mil,2022-03-07 08:00:00,https://news.google.com/rss/articles/CBMimwFBVV95cUxQU29NeHZKS2ljeEdwTlpwTjR4MFIyNEQxSDJLYWMySlFfdzZfX05CbUl5WlJkYnBtcjVYMERUY0Ita0Z2NUxOWXJWVkhzTkIyZmZfaE4taGY3bUJOZGQtakV2bTE3SDNlR2NKR1lJaEhQcm9GMlBwUHlyR3BDNE15S2JwZ3VKN0xQMFJDdVZXbGEtQkttQnFmcmdGUQ?oc=5&hl=en-US&gl=US&ceid=US:en,dla.mil,0.0
"Social media poses ‘existential threat’ to traditional, trustworthy news: UNESCO - UN News",2022-03-10 08:00:00,https://news.google.com/rss/articles/CBMiV0FVX3lxTFBFYnZwRVZVNnotZG8xTDZDQXVUNnl5SGx0R2pmQ0dBY1pvNmZvYTFKU1c0VFlmUDhGRlhMdWZrMzZpazhrQVVPT2V3SHI5REFrNmN5X1Z1cw?oc=5&hl=en-US&gl=US&ceid=US:en,UN News,0.5574
US programme supports Ghana nuclear progress - World Nuclear News,2022-03-11 08:00:00,https://news.google.com/rss/articles/CBMikgFBVV95cUxOQk9Nb2JROWQ5ajhQSm12OTVMZmhiYjBVYmNLRzd3dUFFdjRPNV9TMG9HeGdkTEVnblJkeE5DV2VwbmxHaVNHOWRHTlBWMlZ3WnhjRmRpM0w4TWJldnNQRmw3a05JbkhiMTBCYlFPN2p5RVJwZGY5d3N0c3hyekJvYlhfcEpBX1dYUllYMzN4SnFYZw?oc=5&hl=en-US&gl=US&ceid=US:en,World Nuclear News,0.6486
"MIS, geology earn top spots in latest US News graduate program rankings - University of Arizona News",2022-03-29 07:00:00,https://news.google.com/rss/articles/CBMingFBVV95cUxOcVVCVzBwekthLUl5V2w2aUJqSDJLOXVBdVREb0hkcmpYM1Z4ZEVBOWxEb3pUalVQSS1uU09Ja2hVWnN0d3hJV29JQlV3LUtqWWxlV19WM1hfOGQ1QVoyeU1BMVd1VzNOOU5wU1dqYURkeXpLSEdWNEU2YzJkQ3VueHBraVBaQk9vRUF6UDc1UTYxdWVtVENySVVqT1VxUQ?oc=5&hl=en-US&gl=US&ceid=US:en,University of Arizona News,0.2023
UH Mānoa sees highest number of ranked graduate programs by U.S. News - University of Hawaii System,2022-03-28 07:00:00,https://news.google.com/rss/articles/CBMieEFVX3lxTFBtMm1DWjBsM3lEa0JQczM5bHF4cVlocEtpQVB4Sld6T3pNa0c4ZEF5NlNNZ0tLLU5LcG14QV9YUFNWT2dwa1FLWHNtelpENXZfZ0g1cktPd2ZJVGh1b2FHa3ZSTWhvTEZLRFdKbmd2RnRGejVwMVlRSA?oc=5&hl=en-US&gl=US&ceid=US:en,University of Hawaii System,0.0772
Extensively drug-resistant Shigella sonnei infections - Europe - World Health Organization (WHO),2022-03-24 07:00:00,https://news.google.com/rss/articles/CBMiekFVX3lxTE1WSEhiSnp4a3pGdTFGeG5aZ000TUI4SG1Kak55R1hDcDg2MDNva0d0Z1JMNnN2S1J1WExrWTk1YUJzbFVwMEtxVTZNa2JaS3JVRms3djdReEJVU3VQR2c1QzkxSDRHLWtjZTk2cldwdnlPVUVwZ09SbnNn?oc=5&hl=en-US&gl=US&ceid=US:en,World Health Organization (WHO),0.0
Zelensky says Ukraine prepared to discuss neutrality in peace talks - BBC,2022-03-28 07:00:00,https://news.google.com/rss/articles/CBMiWkFVX3lxTFBLZF9rUDJYZGx5QnBtYTFUc2k0N1hoR01EYk5KV18wRWF2ZTRUTGtqWGpUcW1jYVUwMkZKamVWWlpuYjdscWlxbGE0bkI0LVJYUFllQkNRUWtzd9IBX0FVX3lxTE9QUlVnNkdBZnRmaEE2UllUdi1vWGJjdXRZMUtpbW55eV9iSW8zdEZaNk9wd1R1ZVRoUWU0ZDJXYk5oZjhfdE1mY0owc04wOFhXLVJtdVZpd0tMSDE3QzJN?oc=5&hl=en-US&gl=US&ceid=US:en,BBC,0.6597
NJIT Ranked Top 100 Engineering Grad School by US News & World Report - NJIT News |,2022-03-29 07:00:00,https://news.google.com/rss/articles/CBMijwFBVV95cUxNTGVlMXp6MVRQLVhwdjAxQ21rczZ0ZFV4TmVpLUdzRVkxcW10di0yazlINXdGZ282eEl6OWZGWTJQRk5jd3VHYU9ad05jR2pfZms2akhpbjVpSno5TnZqUE1udk9RRDR0bWtFZ21CMTA3UlVmX2dkUEdDSVhQMW5GTWp0MEE4c2hWb1luRi1tUQ?oc=5&hl=en-US&gl=US&ceid=US:en,NJIT News |,0.2023
"BBC, CNN and other global news outlets suspend reporting in Russia - The Guardian",2022-03-04 08:00:00,https://news.google.com/rss/articles/CBMiqAFBVV95cUxONERZU2lGOXFqLV90OTBfVFBTNldVT1RNd0pzUVpCMl96dFZwMjhhN3FCSGI1SEZWNTAxRUhLYnJxSENianBpZVZzMnJPeXZkMmJwa0tHMkFzWVhyeUpNZy1TdExPT1lvckEyajM1WkRSZ0ZEa0M4WF90UHVPLVZZZXhlN2NkbU9YbmVIY0lnX0FqTnJxM0U3TE1lNVR0cG1pVnJOVVBFYmQ?oc=5&hl=en-US&gl=US&ceid=US:en,The Guardian,-0.3182
MSU graduate programs ranked highly by U.S. News & World Report - MSUToday,2022-03-29 07:00:00,https://news.google.com/rss/articles/CBMikgFBVV95cUxQdnhNMTU0RFdJTEFDS0xYTy1rc2tUTl9LTmlUeWxtWmM0ekdfd01wN2YzSWZLTy1RMWNWUks2WU5LWjFsRnRpcmc0TE43VHl6RGI0Q25RcTdnSzN5bkNEMTVrZHk1SU15VEczSlFydG54Q1k0ZjhCc05OZWpTbHNkejZLNUZyODEtVVJJNnZKRXV0UQ?oc=5&hl=en-US&gl=US&ceid=US:en,MSUToday,0.0
U.S. News & World Report ranks Wayne State University graduate programs among best in the nation - Today@Wayne,2022-03-29 07:00:00,https://news.google.com/rss/articles/CBMi1AFBVV95cUxNXzVkZ2x6LTg3OEhabHpGVkozcjAxd1FwUVhoU1RReG5xUDhDbTNkZ0FwMURnamdMV1hNQ0NTUGdZM0d6Ui1icFM2dXllbzNuLWl3cTA3VjU2V19ib1paaF83V0h6SmRSY1Q2LUhLXy1Eelp1NDhGbmMxX0RfamZwSjU4Z1NDdXZkSzZUSVRrOTkzQ2swQU9GVDUzVGk2RmQ1dHVjV2NhOGtaa2psaGd3YUp3Tk80b2tYcVh1NHRvVWJuc1hXRjlCS2h1NDZxRGkzQW9xUQ?oc=5&hl=en-US&gl=US&ceid=US:en,Today@Wayne,0.6369
World Veterinary Day 2022 focuses on strengthening veterinary resilience - American Veterinary Medical Association,2022-03-17 07:00:00,https://news.google.com/rss/articles/CBMimwFBVV95cUxQQTNZb19LWVBxZkhzZTc4anh6LVl4b3htcHU2NVF2NlhoVDVjeC1Kel9xaEU0WGtkcTNvR01VV09oZDNoMWY2YkJ6MHlRd2hrMHJqa214QUtHeEk0Q3BoeXQycTBMcjg2Q3BJR0R5N1hHaVlHZzE3ZVlzdzI4UThVVGJKSnFJNlAwYzByVGRQMlFCU19qSzBvM2d6UQ?oc=5&hl=en-US&gl=US&ceid=US:en,American Veterinary Medical Association,0.4939
'Shame on you': How President Zelensky uses speeches to get what he needs - BBC,2022-03-23 07:00:00,https://news.google.com/rss/articles/CBMiWkFVX3lxTE95emE1YjdjVzJZc1owYUlTcExzMEhoMjR2b3pYemgzOVRGaFQtMkhfVWJKQzYxV3p5c2NXLWtCQWlZTy1YSEtlQzdXTUpIYk5TSHlZNUNpZGdKd9IBX0FVX3lxTE5sT1FjTlFCbGd2REllUjZyZFZjTThIRC1XTmJvZVhtVDY1UE9nWTN1V05YeHpIbU5PdExwVTJ3TmpUbEY3UTZKcXd5bEF2dFVqdmRMWGpuNnpZbXJrV2pn?oc=5&hl=en-US&gl=US&ceid=US:en,BBC,-0.4767
Ukraine: How might the war end? Five scenarios - BBC,2022-03-03 08:00:00,https://news.google.com/rss/articles/CBMiWkFVX3lxTE5oRkVUVTdzdmlGLUFWbjRlSUt6RmVmMkNjWi1UQVg4WFRhRkFyQ241QmFWcVc3NnBxNFpfaV9YVm1FZTdsUW5lWDQ3dGxmbnRWcWpjS1p3cHd4QdIBX0FVX3lxTE9wSDFFT1lEUkpteFJLZnJVb3VtU2pjYUZJVU9qY25FNGZfQkZTdGE4VGxMSzZaTC1PSUR0WnQ1MzEyMHN4UzZUZnF1TUhfODZ5RzdPTjExUkwtT0M3OEtB?oc=5&hl=en-US&gl=US&ceid=US:en,BBC,-0.5994
[News] One million meals served with #ChefsForUkraine - World Central Kitchen,2022-03-12 08:00:00,https://news.google.com/rss/articles/CBMieEFVX3lxTFB6SmZ1UmlGcjhZTlI1czEwZl8zWXk2Y0l1RTF1MmxuYVFLbFowV0E5WXVpRWpiNmNVUWJGU3J3MU1EbHRnRnhERHRIYUpoNWZaZ2xzU1VlMVJpUEdLTjh2aGxmNVQ2RElOcDlvT3Qzd0ItaExsME52Rw?oc=5&hl=en-US&gl=US&ceid=US:en,World Central Kitchen,0.0
U.S. News & World Report Ranks Texas A&M Among Best Graduate Schools - Texas A&M,2022-03-29 07:00:00,https://news.google.com/rss/articles/CBMiqgFBVV95cUxOQnFwZDVRLXlnWnV6eGRuRXpoMmdZekRUZml3cXV5ZVVfWnp2anlpZkhmUFp4X3h3aG5HZXdNRE9BYW1kZXRiSExSNElGZ1hXeFFHWjdJaEtzS3NBQk44LUdpOG9PTEVWRHJIV0ptQ09JblFiaWhUTzdUMWg4dzhFRnBLVF9meEpjUkRIcEZWVzZ6c0JVRjk2TUN5TER0d21odzVEOUxfSGY0dw?oc=5&hl=en-US&gl=US&ceid=US:en,Texas A&M,0.6369
Where in the World: Rota - dla.mil,2022-03-14 07:00:00,https://news.google.com/rss/articles/CBMimAFBVV95cUxPZThuTXhoeTJZZFJ5OWtGQi1fNjllWFNSTkEzX2E0bTJBUmxVR1padTB6UFVpYUpZZTJHUGQ0ekhZeHNrdW5raFpTdTNOZUdIWEJBNzNqaEN0SDAxazFyQmM0WVo2eF9TXzVKOXdfTWhwdV9lRkpHdGM2bDhGYW1sVXBjVVp4VDFfTFgwcG9LanV0NFJ6c2hrWQ?oc=5&hl=en-US&gl=US&ceid=US:en,dla.mil,0.0
Launch of the Global Arbovirus Initiative - World Health Organization (WHO),2022-03-31 07:00:00,https://news.google.com/rss/articles/CBMioAFBVV95cUxQRWNDWl9HTXkydndvMmhpZllWRWFhSGVzSkVWWUo0MF90OVJiU0JVa1hZZ0M2RDNXWFpRaWxaZXRUeHlIZmwyZ3VYLXZRNkxlUEZ2c1F3NVd2MWhYZ2Y2UnVrVm1fUDNkZ1IzWjV1OGpMUnpmVFdvZjluQWNLMmt4RTFyU1ItVGtkalVQV0JWSUdnUlZOZVlhdFY4RTN5TGVp?oc=5&hl=en-US&gl=US&ceid=US:en,World Health Organization (WHO),0.0
"World War III 'may have already started' with Russian invasion, Zelenskyy says - NBC News",2022-03-16 07:00:00,https://news.google.com/rss/articles/CBMirwFBVV95cUxPaVczUE8zMWtyUTZuRktUeTZydGczRkt0aHVGTkRQdUtmQkIxWHhITVFzQzdaTjJ2OFh1aTYyX2t4VDNaYzE2VE9yYVY0bEJCSzBvbWFhQ0NJVWpoRVI4LUR6Ylc4bjVCeTZjd0dweEl3UW9wZ3FmeHd0YWFZV1NRVV9Wamh3NjNidXNZTm9HazZZTnF2SFdtbnVhd2hxbHRmaFlNbmZhUEZHRU80N2530gFUQVVfeXFMUGlkcjZiNmU0Y3BjNXRBbjRZX1hHTnV2MmtQU3ZTczVab0p3QmFlRENfcFI3Z09fa3V6YVpaQ1otNG9tZGtCU3d4d1V2MHNDV3pkSzhw?oc=5&hl=en-US&gl=US&ceid=US:en,NBC News,-0.5994
The war in Ukraine is bad news for the world’s refugees - nrc.no,2022-03-25 07:00:00,https://news.google.com/rss/articles/CBMijwFBVV95cUxPRTIwMWo5Wm9IcVVWa09kcFJDeWQ5YVlsTVdjdktXRE1lVFMtOV9OQ0w3dUpYWkNHWWpLODM0aTJGbGVDQlJyM3NkVHVSUUd3VUl5Ymd3TlZjdnVWelVDRmxTbURWb2ZUOWRDeDgtcHoxTXplM285ZWU4UnN2VWFmWTZhS2lZWkZNUnZlLTYxdw?oc=5&hl=en-US&gl=US&ceid=US:en,nrc.no,-0.8126
"As Putin cracks down on the free press, independent news site Meduza aims to be Russians’ “only window to the world” - reutersinstitute.politics.ox.ac.uk",2022-03-10 08:00:00,https://news.google.com/rss/articles/CBMi1wFBVV95cUxNT05ValZkOGdKVE9nOWhFSHo3aFhYMFpMWkdqUm1wbHE3eUt4RnVneDRQdmRaUFphNE1HSnlfemVhY2o0MWFYdGFQQXoxVHpjTEVwSmhWVi1XR2JjMHZsYmpmekhoc3R4Wi01Z2VYYnV4V2Fqbkh0MTJ5bXNRTHg4UkZtZmNVeVBkU3YxNTl6YnpMM1h2OVprdDZwbnJneTJwemNpMUVsa0lvWW41cS1kb0FWMC1wWDdGdkJqZTNETUt0eFBpbzJTd0JXV1FtazZ6WEhya1B1WQ?oc=5&hl=en-US&gl=US&ceid=US:en,reutersinstitute.politics.ox.ac.uk,0.5106
Pope on World Water Day: 'Right to drinking water is linked to right to life' - Vatican News,2022-03-21 07:00:00,https://news.google.com/rss/articles/CBMitAFBVV95cUxNaGRWWHhjZS1GWm5pMEpmNnJLaFlrRm5NYjI0SEFMOUJveXpFdGxfOHhjYmFkSTBQc2paZ0RNSFFGZ21tV1ZoSWxXQ3J3RV9tNjN1Zk1JRVllVm5jSjVoR2lTWVZVYnRqc1hTUjNLWTd0QTNNYk11WDVLeHlzSFF0cVg4NVh3bXdIYVhzT0QyY2s3T1NRSDVOT2ViZXNwVHhxdHhQZ0w0U0ttZzZYLTdiczNLbFQ?oc=5&hl=en-US&gl=US&ceid=US:en,Vatican News,0.0
UAB shines in U.S. News & World Report graduate school rankings - University of Alabama at Birmingham,2022-03-29 07:00:00,https://news.google.com/rss/articles/CBMipAFBVV95cUxOakYzSHllSC1vQmJzM2ZUb2F5VTg5WENXQ1VrYWpFa3FQb0RseEJmVVVBVE1seGZIeUF3T29ySEZTUzVQVXhwLTVWVlZjemx0US1DazZmb3JZWHd3VFlITk5OYWQ1a1FzSTFHVW9ua2dSaGdfMjh4MWpxZFRZMG5SWUZPNmtjT0tqNjdSX0xmSUJGUWlodXY4ajFjUm5LRzFiZllpOQ?oc=5&hl=en-US&gl=US&ceid=US:en,University of Alabama at Birmingham,0.0
Elon MBA named a Top 100 part-time business program by U.S. News & World Report - Elon University,2022-03-29 07:00:00,https://news.google.com/rss/articles/CBMiqAFBVV95cUxQV2RLSldWTXEzSGk1Y1hwSVVNamNJSGtvTTZQZzFvUVM3UWYxbXlFQnE3b0FCU19lUXNGX3dkYktpYlVCalh3ZFpGSDd5WkNMQUZVSzJBMlZrY25XQmdXdDVVaU9RNHhRLWVlbDJ0QW9jTHJsUFAzcEZQT1ctMUdWb3VLQVB1c3UtNG5Ga0V0ekdhNjNhUHVucjJEbkY1WmRNRVJ6M3NqaWM?oc=5&hl=en-US&gl=US&ceid=US:en,Elon University,0.2023
Russian oligarchs: Where do they hide their 'dark money'? - BBC,2022-03-28 07:00:00,https://news.google.com/rss/articles/CBMiUEFVX3lxTE5YWXdpNW1QODFxNVlxdVZtamNSNWJkcVkxMFc2WkdwRWh2VmxPX2tDeDd4SUR0RHZORUhTVWhIckVhTi1QRWtYbG1fWXhtanVM0gFWQVVfeXFMTmVZQm9Tb0FFdjVKanBXRVJKLW9kSF9nbFF6SHRtSEtzSG45WTVsNHRCeGF1Q1pmeE5aV1VDb0UyN1JFMDl2NU5VTXpLVjBTMUxMVWNNVWc?oc=5&hl=en-US&gl=US&ceid=US:en,BBC,-0.1779
How 'Saint Javelin' raised over $1m for Ukraine - BBC,2022-03-10 08:00:00,https://news.google.com/rss/articles/CBMiXkFVX3lxTE53dWFUOHhfZjhodEJQdUdOUTRMY1RxdWhIQ2FYeWw1QjlpSjJ6MWhGa0VrSmhYLUloTlBrdXZSM2lVQThzZXRuWTJ1bjVKM3pzeTdsa0pOanFONFQ0R0E?oc=5&hl=en-US&gl=US&ceid=US:en,BBC,0.0
U.S. News & World Report ranks elite CCNY engineering programs - The City University of New York,2022-03-29 07:00:00,https://news.google.com/rss/articles/CBMipAFBVV95cUxQSHlVM1hoRzlMWFFUOGJfU04yMXNTb2V6aDlFTUs4bDFmY0ZiZG1XMlRqNTNyeF9sM2U2V3d5SW52SDlDakpjYXNOb3lBSWNucEV3OVl3MUFvWHFYRTdqaEp5QU52TFB6eTNvZTNPRFVXSVJHcVFxYWJqMEJFem1QS0tQRGp1WVVjUlZYbDUyMzJTOTdlSXp2bWhGblVxTWRSRUs4YQ?oc=5&hl=en-US&gl=US&ceid=US:en,The City University of New York,0.0
Ukraine war 'catastrophic for global food' - BBC,2022-03-06 08:00:00,https://news.google.com/rss/articles/CBMiVEFVX3lxTFAtNEl6aVR4ZTJnYXlWaEh6SFN6MnRuTk1HZWs5SlZnaDhkM1ZyeUJKbkZrLUdQZGlDck81bVFCRmJMME1vLTJEWGZiSHRhRlBlYjV3WNIBWkFVX3lxTE1ydjBTdVlGOW5sUmxGRWNDRnJjVHYzdVFSV21XS190TkR3ZnRTbGRmUmJVdXNndDdFamEtbE53dXlSSEFUX2VhUkh2VzNuSnJfdG1QUy1OcWxOUQ?oc=5&hl=en-US&gl=US&ceid=US:en,BBC,-0.7964
Bloomberg School Ranked #1 by U.S. News & World Report - Johns Hopkins Bloomberg School of Public Health,2022-03-29 07:00:00,https://news.google.com/rss/articles/CBMiiwFBVV95cUxQTGtFczhFTFBxdlNzVzRsRS00bDl4TE9tYXd1bmZnX2FuTDI5NFctWHdxeHpiVThqOTVVbGhJSTVHUXh1ZVlYVVBhUnd2RkVqUTZGOHJ6QWRxdVdzSmVKek1yVklJZnF4eFd4clRxX2lsWjlRYnVsVWpwYm5xVlo4TU5zLXJEUDdvU1o4?oc=5&hl=en-US&gl=US&ceid=US:en,Johns Hopkins Bloomberg School of Public Health,0.0
News of the World publisher fails in bid to end phone-hacking claims - The Guardian,2022-03-26 07:00:00,https://news.google.com/rss/articles/CBMiyAFBVV95cUxON1hKRlF2VElFeHMwX0lPX2lQWTM5ZjZ1OU5wNENRUjlENmpxbERKOUo0QTY4UzV5UTkyUXh4ektpbWVqU0Rnb1J4bGwxeU1vUGt0dU1oTjhobTIxZTM5bldCVmc5Nk9JSmtfWGljMFN0V1c3Vi1DTVFHUkhMc1FRMWxKTE9HemcwSDc1M0lJLURvQ0ZRSV9aQ3dvS2xCbjEzbHpxSDBrTWNVODJuQXNFTTZBYzd6RlFCWTBTYUw3VXZNUTl0ajdPNg?oc=5&hl=en-US&gl=US&ceid=US:en,The Guardian,-0.4215
ABC's World News Tonight Anchor Linsey Davis New Children's Book Explores Life After Death - EBONY Magazine,2022-03-23 07:00:00,https://news.google.com/rss/articles/CBMid0FVX3lxTFBlSjk4LVZ2eFpYZV94d3lHSGM4MlFFbm96clJ0cE1yZ1dGMzQ0c2ZiRFJyMF8teGVhTU9EWHVRajhFS25GWFZDeGlFWHNfUF9oeWoyRzROSThXU015aUNrSG81d2tZVU1YRjdRQkQ5TVJOaUhFalpj?oc=5&hl=en-US&gl=US&ceid=US:en,EBONY Magazine,-0.5994
UCI’s graduate programs shine in U.S. News & World Report rankings - UC Irvine News,2022-03-29 07:00:00,https://news.google.com/rss/articles/CBMingFBVV95cUxPVzRsR1pYaS03Nk5tbFdPczh6S0N0QzNEX3hxVllQaHFza0s3Ny1qNkotbHR0UW10Nk56aUVNT19xb2UwLUJNdmp5akpyWTRnN1lGaFN2V3J0blF0eEVOTTZNWlpoTzN5cVdpSFFqLXN6TzVWbDJqZUpBUzhWQmcyUnF5RnBVamNIMjN0alQ0TER1Nko1Ujl0SVU0U3VvUQ?oc=5&hl=en-US&gl=US&ceid=US:en,UC Irvine News,0.0
Penn State engineering rises in U.S. News & World Report graduate rankings - Penn State University,2022-03-30 07:00:00,https://news.google.com/rss/articles/CBMirwFBVV95cUxPbU9IUmY2UlhQaFhueWstSGhnUkZ0VDNsdkRHbUpRbGVoYXo2NTM4eS1weTFSYmtSRmttSGY1Z2JsaEx6MDlLOFlHX1pCVjlCNEtqQ0ZEdVBBQl9mX212OWI4NGtYMlBPWnJYNTZFcFpwclpWZFM2MnV4Z0RQTk8zZV9RaEFzdGotdE5CdENtdTNmdTh5WndjOUhzMlpSV2x3Y1FVelltUzZJX2NfX0ZB?oc=5&hl=en-US&gl=US&ceid=US:en,Penn State University,0.0
WHO Global Health Facilities Database: Ensuring access to primary healthcare and UHC - World Health Organization (WHO),2022-03-10 08:00:00,https://news.google.com/rss/articles/CBMiwgFBVV95cUxPMlhCQmxoclF5ZTg0SFlFYlU2XzBOMzE0OFhzZ0l1TldwNVFianJtYmdnV2czTk5BNzBETk5lNDh6dTdhQWREWjMtYnpPNElXSlBFTDU5RUNGc1RZaFJRc1NiRndOZmUyMThvRWtacnBCRkZyUmNXSGh4enB0TVZjTEt3alFwQy1FUDZLb25sUHdVc1N2Tjg2YlZvYVU1RDZYWHc2TmNJeHYyNTduelRUSTI4MVA0NWtzY1RaU3ExeExLQQ?oc=5&hl=en-US&gl=US&ceid=US:en,World Health Organization (WHO),0.2732
Russia faces brain drain as thousands flee abroad - BBC,2022-03-12 08:00:00,https://news.google.com/rss/articles/CBMiWkFVX3lxTE9xQ3ZaS3cyeG51MWFaUkxqZFE3czRHZ3FmUDdLWUtXamlOb2lfVVBHQ0tURGhWdksyS1JBcFc1UWxaV3pxOVpZTU5oTDVVTnhjMHRRRDM5NXJ2QdIBX0FVX3lxTE1MWnlfWGk5WHJMbjl6bjFud1poVGtGMFp6QmhOUl90UEpQT005XzJVSFFESzFiUGkxaE5ZWVNIdUVWOUxNZGRfX0ZVVVdOMFpNa3UxdE1kYmotOEdtWFRZ?oc=5&hl=en-US&gl=US&ceid=US:en,BBC,0.0
What you need to know about the coronavirus right now - Hindustan Times,2022-03-10 08:00:00,https://news.google.com/rss/articles/CBMitwFBVV95cUxOcklCNGRzbnNGZ21WVThDdEtOOHNpbGlDNDJzRTI2UlZhZGxjdEk3Q2l5SXNqdXBiWmVvQlVsWk5odFcxNlYtQkluVXVVajNLWGxCWGZna2Rqby1kVkJXZ1NCVnU0LVN1ODNnNW54TEdrdjdlaUNpMkhQVHNEV3hrcjJtZUlBNHN5Q252VDZ6QVJyQTZHOTNJMHVCb2RLWTFVVkhlbENzVWk1b3E5M1ZoSGsxM3Q3UW_SAbwBQVVfeXFMUDQ5SHFpTThTM0VQaFZFMlFoaU5iOUdQcUYteDhzaXc1V2kzUmhDNU9NUHp3UjMyVnU5LTl2Y1ZUTWJUUkJXSWNVdElZdWlFNXc4bVFmTndvajRjaWdfcXBIRlVsOWNWb3hyampOaXdkaE5lNGhscjFkcnJ5cE12eVpTWnBDcF8zbDVfWDJsVkRSY2NacDc4d1l5M0FWdGYtNGpqM0tndnRNYm9vdDMxTUpWR1lvVV9aTjFrRDU?oc=5&hl=en-US&gl=US&ceid=US:en,Hindustan Times,0.0
Pitt graduate programs rise in U.S. News and World Report rankings - University of Pittsburgh,2022-03-29 07:00:00,https://news.google.com/rss/articles/CBMivwFBVV95cUxPaFVSaXZWMW4wR0IwVnJGX0NCVGlvOXBkOWpkeWtmOVFMQmhCMGVya3lfYzR2dU5JVUJna2VqNHRvYlJ5Z2d6MHpvc05SaUZVc2JaS2JrZ3BVelR4anZaUUNZREg2V0tVczJBRHdlWHV0Q2tsVUtGZF9QNnFpTXNoMy1QMUFqN2c5b1VHTlZtT2piZEU3VC1NbDhhUldlQ1ozQ2ZDMUNEU2dpaWRLNXU0OEFOX3lfbV9TT1lCT1NGZw?oc=5&hl=en-US&gl=US&ceid=US:en,University of Pittsburgh,0.0
Design course challenges students to solve real-world problems - MIT News,2022-03-09 08:00:00,https://news.google.com/rss/articles/CBMilAFBVV95cUxNZ3psdEIyT0lCTnlVVWNCeXBUZ0MxNnptbHctU2NYTzVNN0swbnk5LXdBQVNKVXhVX0FHTTJNbEdEbmFJOFNDN3d1bnRtLVRNLXhEWURBVFBjeXM1c1BoNERKWGwzejN6RnBHTTM4ZjZzeUQxYnVvT3NCQ3dZVG9ia2w2Y3lzMTNQRnR3blYyUzE5cGVH?oc=5&hl=en-US&gl=US&ceid=US:en,MIT News,-0.1531
Miller School Moves Up in U.S. News & World Report’s Best Medical School Rankings - University of Miami,2022-03-29 07:00:00,https://news.google.com/rss/articles/CBMiqAFBVV95cUxNRFRPbkw4MU84SUhNdG5BdjRUeTg3SU1OandaUThqRllJNmlUUG5wWndrWEd6TThlT0JVU1VvT0NNdnE1cnk5THo3UlRaMkJRSkZFYmplQmVJV3NjQlJXcEhaQng4NWpHelR2ZXR2NnRvUDVLSS1MUFY3ODBha2tOTXl2dmh3TDZoQkZQd010UkNYa1NjYkZxUElacFEzdmVRQUU4NEQ2UlY?oc=5&hl=en-US&gl=US&ceid=US:en,University of Miami,0.6369
MSOE students create world's largest bowl of cereal - Milwaukee School of Engineering,2022-03-09 08:00:00,https://news.google.com/rss/articles/CBMingFBVV95cUxOU19nbHdKTW5wamNkWkRYazJjQVFLZE1LbXBBRzJuR3dOSUptMzczbGlhWmVBY2drblU3Y0VUUTQ0WkxmVmIzY0p3Ynd2MVdZdUc3czN3RTE2OERxYVZGN2JiYzNYQzRfQlNXRFdIU2NhTlg5ZlY0YWljbl9GazBKVXphWXZHckZHTGRoSnB4dUJiZmtiUk9wUXZlY2JOUQ?oc=5&hl=en-US&gl=US&ceid=US:en,Milwaukee School of Engineering,0.2732
Shanghai Covid: China announces largest city-wide lockdown - BBC,2022-03-27 07:00:00,https://news.google.com/rss/articles/CBMiX0FVX3lxTE15TEpyeWVYRTVNcTh2OHVDWl9jMHYteXIweGJIV0tENE9fbko1RU9hOXFJMm8xWHBzSFU1bHJzS2w4NHoxLWVUcENKQm5sem5iYWVVTnNIMUxxNzkxY1lV0gFkQVVfeXFMTkhFbXJaMFdCQktoWEQ0eUtMRnRBZVJma2czaW93QWxnekp6dG4xS1Vha1Rsa1dNa2VHb1RvX0YxeTd1UHR0SkJ3Y3J4aEtuUWRJYjhEYXZTVS1laDdUcU82Qy1kZA?oc=5&hl=en-US&gl=US&ceid=US:en,BBC,0.0
U.S. News and World Report ranks the Long School of Medicine in the top 50 - UT Health San Antonio,2022-03-29 07:00:00,https://news.google.com/rss/articles/CBMioAFBVV95cUxNc2pzU1BWLUxnTTBHSWFzQXY4MlExcGw3MEhrUE44WlR6TEZIZnE4SnVrYWZjdzAyVl9vMkttYXR6WXE5ZGxhT1Zic1JramdITzZVRklnOFFoZHZhc1Q0U3haVHdiOUVwaVFyZks0am5vamtweDBtbzBBSzIzSlE0RXlXTVR6QnBFTTNtdXB6Y3E0MmRPLWtySGdOWWdHckVC?oc=5&hl=en-US&gl=US&ceid=US:en,UT Health San Antonio,0.2023
War in Ukraine: The Russians leaving Russia for Finland - BBC,2022-03-04 08:00:00,https://news.google.com/rss/articles/CBMiUEFVX3lxTFBpMFhERnRVTjQ5YkpSSk9oZ0tKZnhfNzh1eUR3Yjk0LXU1ODhuQmwtUHR3UnNrVzBxWHRFTHByRUVMZm5jVFlyNHhvd2FEaXEy0gFWQVVfeXFMT1ppWDlrTDFwTzBPcjZocTZJOC1yUlFiWTJTRFM5bVJqOFZKSV9mdk1NMHVRa0t1aHQ1dG9JT2k2UkNkOEp3RjZEOExoaU5rX1JFUW1yVnc?oc=5&hl=en-US&gl=US&ceid=US:en,BBC,-0.5994
U.S. News & World Report ranks elite CCNY engineering programs - The City College of New York,2022-03-29 07:00:00,https://news.google.com/rss/articles/CBMikwFBVV95cUxQZFIyNEVrUXZDN2ZySy04d244WVV5WHBLR0JIZnFfRnhTMy01SGYwNER1anNvRzM1VXFuUF9hV2NlYWNjS2FERWxwZy1fMFRzdW5lYXgxQnlUcTJMaWs5M0tsRndCMTJVb3ZkOWRnOVY5ZmdPRlhGTENqS3BQVzY3YWlOM0gwRzZRSnZpSFZ6MU90ZEk?oc=5&hl=en-US&gl=US&ceid=US:en,The City College of New York,0.0
"U.S. News Ranked Columbia No. 2, but a Math Professor Has His Doubts (Published 2022) - The New York Times",2022-03-18 07:00:00,https://news.google.com/rss/articles/CBMidkFVX3lxTFBvSENOWGpPSlVwdzVZTVp3cHRVMXhncFpYNE9CVGNjRmJXa0pXQXFtVzdpZGUxU2ZPVGxfWGpzczRWUjRWZVVmYTcxa1VpTW9hem9VZm9JaGdFcnBScnpjVG9OSktEOUNYNDdpUGh0OVlCVk5uVVE?oc=5&hl=en-US&gl=US&ceid=US:en,The New York Times,-0.5267
War in Ukraine: BBC suspends its journalists' work in Russia - BBC,2022-03-05 08:00:00,https://news.google.com/rss/articles/CBMiWkFVX3lxTFByaHFWTU9mZmpKUkNJOHhZb1FkZWRUMTNHNG4xX3pEM2ZKb0dJOG5yd0RKalhrbXJJTUJOTnRUSF8ydHR4NHNWaXl3T1JpV0daU25zNlRsUzN2d9IBX0FVX3lxTE9uQ3ZkOENiaE5IZzdJZFhTZFJGTXNmSlVkcmhjTVhBUDNDMXpOMmpQMmx0dFNOUUFxMjU1NXBDWXF6YWZySGZMbEktM0RnOEl1a2h0bk44UXhFeXU4NlJJ?oc=5&hl=en-US&gl=US&ceid=US:en,BBC,-0.5994
"World Water Day 2022: Groundwater, invisible but vital to health - World Health Organization (WHO)",2022-03-22 07:00:00,https://news.google.com/rss/articles/CBMitgFBVV95cUxNTlhDVnF4YW9zMF9OUnpuYjJmTEJRTGx2UV85Q3FVWi1WQnV0d253NTRNUzViS0pNUTFIMU9fYnZYWVpEUGJ5UU4tYkJJRFNGME9iMndXOHdRNUloSE16SDdteDBzUEI4aFhfejVJcVBKU0VZRURtSE0tclBhem44dTVwLXJCTzRJMU5rMFBPYmdNN2loS2xESUstZmhrYVdvaXRKbDZaQ056Y1lISllMOTlJRmF0Zw?oc=5&hl=en-US&gl=US&ceid=US:en,World Health Organization (WHO),0.4215
Rolls-Royce SMR design accepted for review - World Nuclear News,2022-03-07 08:00:00,https://news.google.com/rss/articles/CBMijwFBVV95cUxNS2g3RE9GT19ZMFlaLXFMbUJPOEY0VGZtc3A5di1Lc2stTG5wVTVoQnRkbWs4S2VXQ3Bjc3h0LVlpYzd0NExFclpwZHpsakJ1ZFJ2c1Bsc05UWG42QTZ3OS1tS1hPam9VdHlERXVDNllSVWVQVlVHNExlM2J1YmprVnh0N0dWd0o0cGl4d0pvQQ?oc=5&hl=en-US&gl=US&ceid=US:en,World Nuclear News,0.2732
Viewpoint on Ukraine: Why African wars get different treatment - BBC,2022-03-05 08:00:00,https://news.google.com/rss/articles/CBMiWkFVX3lxTE96TlEyWmFnbm9uLVRXUFpiTjczRUJDRHllZ2M2Y1pWODR2dFVKTjdvMTlVY2FHa0QzdHJNLUVQYUxWUnBIV1ZqdFR2N3lSbjFHa3VFb28xTUo1d9IBX0FVX3lxTE9MaTAzTDR1ZjNtNHdsZmwySFRibjFfYmZySS1iT2N3X2drWDJhMl85MzF5SkRBLVdvUlZGeTBYS0IteWhiUlRmdzNONDhCVFMybHRqMnBITHctN0FsVldJ?oc=5&hl=en-US&gl=US&ceid=US:en,BBC,-0.5574
How molecular biology could reduce global food insecurity - MIT News,2022-03-29 07:00:00,https://news.google.com/rss/articles/CBMikgFBVV95cUxOQjZmN3c4MmxIRDhTWWZ0X2I2LXZOS1pnOENyVko5VzQtQTJOLTRiREdHYWRpQVZVbk5MSnlNQWl0d2syNHF5RnJlN1I5eWNRYlpvWDJaRmp6SjZTVlk2emNwY2t5WFkzSG1QbjJEeHcyWHJvSjZ4akh5TkxFWHZyUTJyQkNkQWpwcU1DLUctUUJEZw?oc=5&hl=en-US&gl=US&ceid=US:en,MIT News,-0.4215
Ambassador Linda Thomas-Greenfield's Interview with Laura Trevelyan of BBC World News America - United States Mission to the United Nations (.gov),2022-04-05 07:00:00,https://news.google.com/rss/articles/CBMivwFBVV95cUxNTElPanVfRGJaX2MtcS0xc2NDQzMwZ0pPRWpyX1o5dzBjM1JOd2V3T3hMa0hILXNkY1R2amZwRHo4elhHYlZTWkhMOGJHVFJFYWk5aDV0OEZsekVFemtKS0QwcjVyNExlRTUtVGlzMWJqVHlyVGJmNmppUmN3TjhEVzBvcWoxNVNrbjFQcDB5OG9tT1ZVemZjNHhuZHNCbWRCWGY5NkFWMnA2eDdNTVVtYlNnT19hOG5wNmlvZzlLWQ?oc=5&hl=en-US&gl=US&ceid=US:en,United States Mission to the United Nations (.gov),0.6808
U.S. News & World Report Honors Family Medicine Residency Program for 28th Year - University of Missouri School of Medicine,2022-04-05 07:00:00,https://news.google.com/rss/articles/CBMiqgFBVV95cUxNeDBGTWdzbDN4cVNSZFlHN0N2VlpBV1FSM3RTVWdvYlRrYWZNOV9KbTc5TUhwaXpuNnQxZGhrYmNfUC05MXd4LUtSbl9OWFlEV1IzZ2ZjT3NWMUNrelg3SU56VEUyaDZrSzhWRENYTF92SFBaVk9tVF90WUtQb21fUzFJU1NhRFM5Nk13cUhhNjFOOUhHT25KVDY2ZUpvVVB3LWxucDNGU3E1UQ?oc=5&hl=en-US&gl=US&ceid=US:en,University of Missouri School of Medicine,0.5106
Billions of people still breathe unhealthy air: new WHO data - World Health Organization (WHO),2022-04-04 07:00:00,https://news.google.com/rss/articles/CBMiogFBVV95cUxPUXFJSE1qQ3l3Y3R2ZmVwbnEwVkpmdU1kQ05tTGotWGlKUHBMQ0I5ZkNqYlA1NUc4MmVoanBQWFd6T1dKeTVrSGpHb09xR21zY25xbGhqRVRMVDVBWnFXSVhrUGNvRkcybUVqSV94VldKVGR3cm1SS1h6bTFZeXRxSW5tUTFZam4tM01jUE1sZkdYbERJazR3VVFmamJRZ0pDcHc?oc=5&hl=en-US&gl=US&ceid=US:en,World Health Organization (WHO),-0.5267
"Syracuse Native David Muir, Anchor of ‘ABC World News Tonight with David Muir,’ to Address Syracuse University Graduates at Commencement 2022 — Syracuse University News - Syracuse University News",2022-04-21 07:00:00,https://news.google.com/rss/articles/CBMihgJBVV95cUxPaTlKbkVMekFuZFVGRGFzZFpjcXFBajNaRldqMlhsN2RieERXTmNsWHJCQU84Vld2SU9lTklLM3MzWG9JUlB3dWVCNHM1Z1M2NDN0cmlJd0VsdzRVaVNBZ2VCRENoa3llUUpqemJRN3FuVHpULTFsSHQzaTNlZ09iMUFIMUwxX1A2MTFHUGFldWI1RTgwMGs4NkpRV2xDT3g1MzVIV3luSmpDVm8wZVBJWWFMYUdMN2J1TWhONnI0MzRBRXBOemc2bHFnY2dERXp4TVdMTWhZd1hBUWFKZmFCN3dGeGIxSlZDcWozTGpRU2pBUzA1czBIQXNlbHNvcDRxaGlJTzJR?oc=5&hl=en-US&gl=US&ceid=US:en,Syracuse University News,0.0
Georgia Tech Students Complete World’s Longest Hopscotch - Georgia Tech News Center,2022-04-26 07:00:00,https://news.google.com/rss/articles/CBMimwFBVV95cUxNdHJ0bkVLcGZhTDNkekl6M0FGR3dIb0lVT01pWUVWbndXbG9ISDAzdUlRa0NKZHFBRWd4d1ZjbWJrZUt3UVpNc0ZtYXcycG90RVhDOW9kUFNid2xwRWZjSGNRM2dJdk8wVjNBMkw2YjdVYUU3VnI2dDdsNjZsSk9TUnE3c1kybW5nbFZHM3lTSzFEeTR2dTM3dG5sQQ?oc=5&hl=en-US&gl=US&ceid=US:en,Georgia Tech News Center,0.0
Linglong One reactor pit installed at Changjiang - World Nuclear News,2022-04-11 07:00:00,https://news.google.com/rss/articles/CBMilwFBVV95cUxQZF9jTXNlQXpFelB3emhZbUdiQ3l1cS1jR2JsX2RJdHVmb0czWHREMUhvc0EySEViM1dWOTNLeHRKNXl0TFpzSjVFaElPR3Rua3RNWEItMWFtWjlqWHVpVWRZMmx5VlVMNm5TTlVacWw5WGtOWnZGeHBSVUQ5T3lhWkN0clBYUFVtSlFRZ0wwYkdxWF93em5v?oc=5&hl=en-US&gl=US&ceid=US:en,World Nuclear News,0.0
What type of sleeper are you? The latest health and wellbeing news - The World Economic Forum,2022-04-27 07:00:00,https://news.google.com/rss/articles/CBMikwFBVV95cUxNOHFfQ1pFaHUxaExqel9IUWg3OWNHMF8yZHFCQjBpYllxNnp4N3FhTnFCbnJqeUpPUUw3a1NHVHRVamJkQVNQaWdabDFfaGt0SWwta0FZTjluQXExRzY2TW9NTWY2NWhZSS1fUVBRLVVuV1ZEeFR4VmdCQThrOTRheFdOVjVtT2FRc0NIR2IxTXp6TTA?oc=5&hl=en-US&gl=US&ceid=US:en,The World Economic Forum,0.0
What Russia’s invasion of Ukraine means for the world - MIT News,2022-04-05 07:00:00,https://news.google.com/rss/articles/CBMihwFBVV95cUxQQ2ZlcFJuc2V5SEFhaVhyMmd1dGJYVDdHbkFjQVZFZnhHZUhJMDZYdWFSRjlraFY2UWpDajk5bFpEYkdWemExWGlJWG9zWHl3VVZjWlVFZW5jSFBVUkF4dGgyYXJIY01UZElISW9QTTRSdUk0bUpZNTd4QThhRGZ2UlJfQmJydms?oc=5&hl=en-US&gl=US&ceid=US:en,MIT News,0.0
U.S.News & World Report Ranks John Jay 56th Best Masters Of Public Affairs Program Of 270 Nationwide - John Jay College,2022-04-11 07:00:00,https://news.google.com/rss/articles/CBMizgFBVV95cUxQZ0JwalBhby1lel9TY2hBR01vT1YtM2sxbzJYQXRtd0owc1lTMXBIMHVVNFJsX1JZOGdzbVpybm9SXzc2NnRwMDdHeGdyRWcxMlozMUhCUHlRZ3hUaGFmbnhBdDR4b1FqVV9BcjkzUEllTDl2U1VRYWszQkFOWW1IR2s2SmlDZ1RLRHVtSll3T0I1eXdyVktlT1YzSXE0dVBaZVZwX0dFdy1ZWEQycUl4ZGdPNmlvNHVOcFl6NWZGMmt0R25DVzdleFIxTEJwdw?oc=5&hl=en-US&gl=US&ceid=US:en,John Jay College,0.6369
Change the Law. Change the World. – News and Events - Mitchell Hamline School of Law,2022-04-27 07:00:00,https://news.google.com/rss/articles/CBMiggFBVV95cUxNZjZYWlZ3enlkdUt3S1VCOVFYS0Vvem5ma3lqWXNmSHJSQlphejZLdXM3eWxjVGNmYXdOdVFyZUM4TUtRb2hCWTQtLS1GenBkU2FVMGp5dk5fX1FpcVcxOTk5WFdxTGYtRVZtYXJXYnJSZ2hDbG13VllXbUJrSC1WNUdR?oc=5&hl=en-US&gl=US&ceid=US:en,Mitchell Hamline School of Law,0.0
U.S. News & World Report Ranks Stetson Law Near Top in Key Areas - Stetson University,2022-04-08 07:00:00,https://news.google.com/rss/articles/CBMiowFBVV95cUxQQ01icTF5elVvVDFsR2dNbjV4bjhacFZydy1VdWd4TnFMZnI3Yk45eWVub2N2MDdaLV9qV2N5MVh0eV9iaUR2VHBiSXdFcVY0VFVNTHVzQmlBNTBoQ29sTV93QmQ4MThjQUdSTUc2WVlLQWhFT0RvaTZ6NUZfRGdFaHFlWmltX1gyQVVMN0ItMzkxZ3NwZ0Y5OEtjVzVKZEZITXFz?oc=5&hl=en-US&gl=US&ceid=US:en,Stetson University,0.2023
Katty Kay: The most exciting thing about becoming Swiss - BBC,2022-04-08 07:00:00,https://news.google.com/rss/articles/CBMiXkFVX3lxTE5tR01vQ2d0d25zRzVNRENpR1JJbURaM2pRbjRENnZHWkhMSFdJWjNseWZjWl9WOFBuZUx0QjAtQzRvVmZmUldxNEtuU1luWkVWREhLNVhBUVIweFgyRXfSAWNBVV95cUxPYk1YVm92Z1ZSRzYxWlFWNnlvd01SWkJyMXM0Y3pGZDU5akxyQlp2RGg0X3hObWNMdDlMaDREMUNFUGdCaXpHZXBkTHFjQ3BrQ2JZeW5uRXVLUEhHb1poVVNXV1E?oc=5&hl=en-US&gl=US&ceid=US:en,BBC,0.5413
U.S. News & World report ranks BCHS as top high school in region - Bethlehem Central School District,2022-04-27 07:00:00,https://news.google.com/rss/articles/CBMijAFBVV95cUxQRHFqWkN3a1A2Q0lFYW83cmEyUHpXRml1aEpmWXRqbzZTZnFha2RGbEthMWwzZ0pWYmVpS2Nnbkk1VGtycnltY1d6Rmx6NkxQM0lQNXA5bjZ5RkZkRG1CQ01VLVYtZDNZYnJVX21oYm5hSmRsdVk1Q2pUNkJiQVkzNnVIcFhLa2psT3MxUg?oc=5&hl=en-US&gl=US&ceid=US:en,Bethlehem Central School District,0.2023
Taliban splits university week for gender separation - University World News,2022-04-29 07:00:00,https://news.google.com/rss/articles/CBMid0FVX3lxTFBJN29uV1dfbjZJSXlva3laYnJZS1lFR1JvajJHM2tzVWxEUFljUUJuS3FiSWdOUmRZZFgzRVItSU1ya2hBeWdRdnN2X2J6YTVGUy0ta09oOXpCZE5mcFBBSjlYQ0s3X2Z3UzR4NFdMUHBjTFh2MkxB?oc=5&hl=en-US&gl=US&ceid=US:en,University World News,0.0
Trump Jr. text shows ideas to overturn 2020 election: Report - Hindustan Times,2022-04-09 07:00:00,https://news.google.com/rss/articles/CBMivgFBVV95cUxQeFdiQXhvRllibmNHRjVCTng3bHdTS2pvVTZwcVdzYUtOZHJha3dsRGlzLWhTSm4yWDRIMFUyZG1aT3gycEIyRGFET0NJMHBMbWxQUTBJQ25IQm96LUhwT0dLVldjX0xfU2NlVGVFMzl3QXB2dlNUSW9kajlSVjhEWGNmazJLM0FpSGQwWXllNjVKOS1VU1Rjck1qb2NaM3pBUU13aE9FTDd1RlFJeW91UU5BZ3hmcUVSVkdGMUl30gHDAUFVX3lxTE1wNlJwbU4tQms2Y1VhMk9HM0JzV1lJZDZjajZLWHY2U2VmS1huRzJsZEs4R0pzcDZkUC05dXg4dHhmN0hYcWZ2M1RMaFZJY3pMNlhvNDdaY0pOMk9qMGZzaEZQbUx3MHI3MjhkVy1tajB3a0g2TUtxeXBrQlhPOTk5MzNyeUw2WGFxOUxDa0JqQjVwcWdQQ01SbEl0RkYzczd1akN6VVpCUWt5WDRGc1kyeFdCWWI1Z0ZiQ2dPenlFRHhpSQ?oc=5&hl=en-US&gl=US&ceid=US:en,Hindustan Times,0.0
One-dose Human Papillomavirus (HPV) vaccine offers solid protection against cervical cancer - World Health Organization (WHO),2022-04-11 07:00:00,https://news.google.com/rss/articles/CBMizAFBVV95cUxPdW9zWEp4cXUyVDluUlNYbU1waWdzaWp6VmY5My1VX2pEb3MzcnB1UEN2S19Vei1uUmRlanNVa0JyODhEajFfakFncjhYMWlaR3Z0NEx2VFgwajlXbGF1V19IbEZoUTNTV0o3cHhfUFlERDVkM3NMY3h5UjdMdU5TZWozaXR4X0FtUm1PRDFxRkRieVlWUG9oVGNtang3QjkxNi1UU2JPdThSNjZuSHpSM0lIQjQxQ1NmTG5RN0c0NExURWM4RjZ2ZzdvOXM?oc=5&hl=en-US&gl=US&ceid=US:en,World Health Organization (WHO),-0.5859
Transnistria and Ukraine conflict: Is war spreading? - BBC,2022-04-27 07:00:00,https://news.google.com/rss/articles/CBMiWkFVX3lxTE5JQVlJTmRaRVRXcE9XTGQ5U1ktcDVTQzZtUGg5U1ktR0dUOEdxYlp5cnFqZlBJR2pnUE9mby1aVXJhZ1dZTzg0WDBCa2thZS1LM05DS29sNFJUZ9IBX0FVX3lxTE40OS1INGFVQWQzeTU3dEdIckNqR2o5akZ6R3prbXA4ejFtM09uVHU5eEM0OUVtZkZSSnNva0xLZUZramJHcmFXeGxKenRvRncydFhpVER2YjIzNFV4UkQw?oc=5&hl=en-US&gl=US&ceid=US:en,BBC,-0.7351
"UNICEF and WHO warn of perfect storm of conditions for measles outbreaks, affecting children - World Health Organization (WHO)",2022-04-27 07:00:00,https://news.google.com/rss/articles/CBMi0AFBVV95cUxOazRCR2VLajNFX0NCc2RLZE11MVJ5VDhGUzdJaWI1Tm5IUVNWajBXNnhyRnl4NE05NE9jRDFxaHk5RGdpMXZYSUdaTGJ2OWxCWlIwanY4elphLWFjclJwYXJ3Y2hRVVBBRllkZm1NYVhJdE56LUJWQzNKRzc5c0F2RlVKZDVrUEk5cmpiMW9sdHBxdGEyQXBQcTNyT3otVXRjN1BrVUZ4OGZ1U1Z0QUo2ZWJmNDN3OVUzU3FmRHVUc2ZsODgzaXlvOVk5TzNlWlZI?oc=5&hl=en-US&gl=US&ceid=US:en,World Health Organization (WHO),0.5106
Ukraine war to cause biggest price shock in 50 years - World Bank - BBC,2022-04-26 07:00:00,https://news.google.com/rss/articles/CBMiVEFVX3lxTE1YMm9QNkZPbmJqZldoSl9sOEMzeUNBbGt0ZnRqdjYyQkM5Ri1uZ1h6SnhoUnJ5VHRIa2FPa0RIcHBtSC1FSmhaSWZYSlhMNzdjTVJudNIBWkFVX3lxTFBUN3BJek1Gb25hUk42T1FkdnBGZG5PV3Rjb2tlbDd2VXI3dnpSekpBVGsySkpCRTFTeTBveFBUMGJjdE4ySDRoTERHRkRQQ1RucVBkNlFvSlA2UQ?oc=5&hl=en-US&gl=US&ceid=US:en,BBC,-0.7579
"Multi-Country – Acute, severe hepatitis of unknown origin in children - World Health Organization (WHO)",2022-04-23 07:00:00,https://news.google.com/rss/articles/CBMiekFVX3lxTE1FOTJnYW1mSV9KV3FodDNTQ1l6VjhwUUhyWFJMLU53VTRfdmIxTndKY1I0ZVhBb2RCaUNUZzV2ekNhdjJncWIyazlieW5CdVcwbm1nM3N4X2JHWXJOTHE2QlBscksxc21BaFlobnlNQ1ZsVlZCMHBUSHhR?oc=5&hl=en-US&gl=US&ceid=US:en,World Health Organization (WHO),-0.3818
Ukraine war: Can India feed the world? - BBC,2022-04-18 07:00:00,https://news.google.com/rss/articles/CBMiX0FVX3lxTE1jYmhXa0FmQ1ItajhwQ3ptTkhtdUpxNlhPclNMSTRUMGgxdmI1TU1XSzF6WXRacU4tb0l5cUxhVWFJUGZQQlNtdTZiRmpIVVlVOEJ3bkNHM1U2cEZGQThz0gFkQVVfeXFMT3RKVTJHZWZDbmNUSWtKcWRkMnBkaU9JYUdnQnRIWWFCczItc2toR1ZCZXlSamhPTDYxYmdmZWpacHJoUGtKdjlhZDV1NVNGNHZFWHI3ZVgwZ3l5SExqbEp5SWxhSg?oc=5&hl=en-US&gl=US&ceid=US:en,BBC,-0.5994
"U.S. News & World Report Recognizes UAMS' Colleges of Medicine, Nursing and Public Health - UAMS News",2022-04-13 07:00:00,https://news.google.com/rss/articles/CBMiugFBVV95cUxNc3Z6QkF3X0lqbFlQbjRHVmYxeWZaSk11ODVDb2pTcjJBanlXS19aWVlQdndXQWRpRlZPZlMwSmVLNlptaExHaFljX3RNQTQ4dF9TTEg5UFhUVXhyNTc1NGZMYVo2QkxVNVBtR21RTkRtaWIzNVdmV1pDLXBoTll2TzJxX0Y3SWg2dDl2eFJqcEN2TzN3eUVwQ2NWajdMMlBVWllDc0F4MFdCMGpiTG4wUjlCeWxSYnhhZFE?oc=5&hl=en-US&gl=US&ceid=US:en,UAMS News,0.0
What is gender-affirming care? Your questions answered - AAMC,2022-04-12 07:00:00,https://news.google.com/rss/articles/CBMiggFBVV95cUxPZ2lwZ1loc2dxbENmYU5GaEZyTm52azZXbHNtaDJpU1lvTFItNEp5SDQ0d1pFTDBISnlnelhDQXczTDhZX3phNlZjQ2pUa1c4WnVzWE5CVGdRN2laQkxkQ19KMkQyemp3QURrM0U5d2pBZGdzaWNnS3RtQ1VuZk0yY2dR?oc=5&hl=en-US&gl=US&ceid=US:en,AAMC,0.4939
"Indian minister provides uranium, construction updates - World Nuclear News",2022-04-05 07:00:00,https://news.google.com/rss/articles/CBMimgFBVV95cUxPNDVpcGtiRG9HcWVGS2VtM1NjRlNFZkhGRzBSRVFlZy1KekNsUHZEY2xnOE13N1RPZDAtc3lpVkJwUUxLUnlkRnBUNWwtSGpIZUdfQ1k0M3JYQ1pHMXJQdmZEbWp5Q2VhT0RMLWZQRWlCNmhFN3E2Z21MMVljZUJzZng2UDFkb09paWVOUW5XNll4eWNsdktSWHFR?oc=5&hl=en-US&gl=US&ceid=US:en,World Nuclear News,0.0
Facing Crisis Upon Crisis: How the World Can Respond - International Monetary Fund,2022-04-14 07:00:00,https://news.google.com/rss/articles/CBMihAFBVV95cUxOYlV6akEtZko1RmVJVElHZzZSeFVrUTh3cGp3S01VbDgtRFZ3aEJiSEhJQ3RodS1TNG9WUU5KNWIyeUg0elU2eS1ZVWxyRGNPaFZick8yY2RycXE4bzFfdWJwSUtoc1kwM2tZdlJvdlQ5cUpzN1MwUXFGOFc5RWc5Tk5XRmI?oc=5&hl=en-US&gl=US&ceid=US:en,International Monetary Fund,-0.8481
How can we reduce the carbon footprint of global computing? - MIT News,2022-04-28 07:00:00,https://news.google.com/rss/articles/CBMiigFBVV95cUxOVDdxcHFKSDU2UGYwUG9ETVhLc3pIQ1VvUUp5Y2dtUFMzNDRUR21aZWczT0taaldfbDd3a3JISU50czY3UDlvVnhrZVM1TzhPb3o3ZzlpaWNmYkZjYzVRazVjcUZYZUZSWXlWZVh6Tk51QVF2SUFmRUJLOUVCWk9fQlZ1c0VaMkpRdFE?oc=5&hl=en-US&gl=US&ceid=US:en,MIT News,0.0
The ICRC vs. fake news: Setting the record straight in the First World War - ICRC | International Committee of the Red Cross,2022-04-22 07:00:00,https://news.google.com/rss/articles/CBMirAFBVV95cUxOWEtCMlhGQjQ4S2tsSTVYMUlmcjBKRHhRREE1T2pVanNRbUh5bENFeUxYYXM3SVFVbjBKa21Ld3c0WW15Sk5iSlhrS2U5Ujk4UHlpNlRhQ3BESXZYVFoxOWMwSllNb05wZHpSR2tKamtsb0VOWk1RcDRwdlhpQ2ZZUmdKS3B3NTBYMk5tQUJzV1BIYThPTGpiVzctcWhlRzlGMUYtZHBKckZHZVdq?oc=5&hl=en-US&gl=US&ceid=US:en,ICRC | International Committee of the Red Cross,-0.7269
"AP1000 remains attractive option for US market, says MIT - World Nuclear News",2022-04-08 07:00:00,https://news.google.com/rss/articles/CBMilAFBVV95cUxQaHlNbGlYaVdVWGM4SzEzNzlLaU5saDdVT2d6TkpXV1ZzLUxpZ0kyQld4cEtmNHRUZU1NUE9BU3hNZFYwdHEyanhpc1FXSThWcDFXc2NienV6OWdxMVlVOUFpbWJmTUQ3a05ZRElIZkhLTUhZVVg5QjduWmpaVzdoUzRPOFE4OGV3ZHl3YUJ1ZmxFUm1Y?oc=5&hl=en-US&gl=US&ceid=US:en,World Nuclear News,0.4404
New global and community health majors available this fall - UC Santa Cruz - News,2022-04-29 07:00:00,https://news.google.com/rss/articles/CBMiakFVX3lxTE1EbFpYSlRNNGYwcllYM0VubkZMM2gtNFNSQWRUWm1zS3ZZTDJUR19RZXhkeXJEU2QzUGNGdmxhTG50TTFfbl91ZlFqQTBPeGw0WkdDcktZTW4zOE5xQ2kyRGVzV21vLXlTcGc?oc=5&hl=en-US&gl=US&ceid=US:en,UC Santa Cruz - News,0.0
"David Muir, anchor of ""ABC World News Tonight"" to give 2022 SU Commencement address - WSTM",2022-04-22 07:00:00,https://news.google.com/rss/articles/CBMitAFBVV95cUxNcS12VGVtdUZZN0VKUGQwVGw4Sjc2MGh5QVIxeEt3eldHcjZrd0h5aWRxNDdYMHJfXzRtdEtlZ2poaDFzUW5PWWJ1cUMyaW8wNGdWLUlaTm9HWUJaWkRNc0VfSXhFLVNsQXdUNHNaMzg3TVRtRERxQlhfVmF3em9tUVNIY25IN0xjQ3ZjLURCUzRHNE1GRGgzT0ZON2JvMnNOdWIyUldOMExfak82RF9Mbkk1Y1c?oc=5&hl=en-US&gl=US&ceid=US:en,WSTM,0.0
U.S. News & World Report ranks UT Health San Antonio’s Doctor of Nursing program 67th in nation - UT Health San Antonio,2022-04-01 07:00:00,https://news.google.com/rss/articles/CBMiuAFBVV95cUxOZXpOVTVXcTMyZzE2M3FjWDZMRjlDYkF0Ny1xdC1oN0pTSFpMU0NQYUZSamVaV0poenowdFJZSWRna3E4YktGLUNYYWJlU0hMZHFOVXM3Y0MxRnpxN3VkaXN0SU9HVkpMaTVVdjk1NGpFdGhEX1lsbHhtS0lHSTJIUWs4SDh0V3VvNjhmNkVETVFtS1BWUW0td2FmSmlUemNFZUppTDZCcVM5eGR5QUxEaGZqN1J2Rmlp?oc=5&hl=en-US&gl=US&ceid=US:en,UT Health San Antonio,0.0
Ukraine: Inside the spies’ attempts to stop the war - BBC,2022-04-08 07:00:00,https://news.google.com/rss/articles/CBMiWkFVX3lxTE44TFd6eGRBcVhJOGVURHdMWWFlSTJoa1FQWHBTZDg1U1dQS00tWE04UnYxTTZCNkxUbURWR1dzSU4yc2F1RFd3Z19feXB6aTcwUTUyVUdCMWpMUdIBX0FVX3lxTE9YTHhCMExGSGViYmpUOURoZjdNYkJ5cEc5X2ZIb0stSWlNM294elc0Y2pvWk5naGVZRU1qeHNuYVJRYnMxcjRaOUtIOTE3RVNFNUVTWjk1Z2NhcVJzTHMw?oc=5&hl=en-US&gl=US&ceid=US:en,BBC,-0.7269
Who owns the Arctic and should they drill for oil and gas? - BBC,2022-04-28 07:00:00,https://news.google.com/rss/articles/CBMiUEFVX3lxTE5UcTJlS2hvc3lUckl0NzBaaU02bHU4dldLeGZHZFM1a2puMlNnZFYxVkw4aEl6UzlfVENfU0ljczQwNGNrNExDU3ZzcjNVZjFi0gFWQVVfeXFMUGRBVS16cm1ZYUU0RFI0SmZrV21haXFEbjVaV0luY2FrbEpOdVN6eTd1dUg1UjlQMFZuMUlWSGxwQmxlcWk0SHAwcTBieVZpdEt2dFVrb2c?oc=5&hl=en-US&gl=US&ceid=US:en,BBC,0.0
SanctSound: Studying the Underwater World of Sound - National Centers for Environmental Information (NCEI) (.gov),2022-04-22 07:00:00,https://news.google.com/rss/articles/CBMifkFVX3lxTE9GeVVNZGE5RFZ6cTZSaERjSThOcEo1Nkd1WVByTzhkeUtyV0l3SndGZFV0aVhVOWlmQkxnVVdoN0FGcTBMTThQRnhZcTRvbmtINlhEcngycktmWm1CZ2dqdERHZkNzSE02TmdVRDdCRkNVM1BtZjU0Q0ZrQU01QQ?oc=5&hl=en-US&gl=US&ceid=US:en,National Centers for Environmental Information (NCEI) (.gov),0.0
BWXT provides update on microreactor progress - World Nuclear News,2022-04-12 07:00:00,https://news.google.com/rss/articles/CBMikwFBVV95cUxPY0ZlN1E3Q09lVTduSGZRamd4bHlrU0R0dXZyNEsxWlBQeVRlaHpfTFZTcWN6VjFKTllLeE45UHpCckhMb20xdGMwMDRSTzNOTTF1c2twZXZ4dTNVRWhMYnhJWmczLTA0Q29NdXhabnUtakxyWl9hVGNOZGd4ODFkRDE5T19YN3IzeVE5VHd1cjgzUGs?oc=5&hl=en-US&gl=US&ceid=US:en,World Nuclear News,0.4215
Rabbits' Revenge - newworld.com,2022-04-11 07:00:00,https://news.google.com/rss/articles/CBMie0FVX3lxTE5ETzE0by16UXEwa2ZhNEkxaGxuTXdOU3dYcWp3bVF1M3VBQWwzZG8zYUMwVzBESFlGLUhrUnYtZ0NkaVNhT2xQV2FIVGp5OUN3WUNPRmd6dExiUnJWMThjRFVtejJveEhFS2VYZkFrRnNvT3FWZ1JWN0k4RQ?oc=5&hl=en-US&gl=US&ceid=US:en,newworld.com,-0.5267
Ukraine war: Is Russia committing genocide? - BBC,2022-04-13 07:00:00,https://news.google.com/rss/articles/CBMiWkFVX3lxTE5VN1o1NEFVYjlIaHFRdWk5WUlRczZMQnJHZlJLVG1GZGtydzIyckNCa3ZFcEE4bE1CRXhNbGRqTmJGbUFFcjlhUkRxZmE1UFBHWHJSMUcxdmFBZ9IBX0FVX3lxTE9HUzA3ODh3TmI4TTlnRjhZYzJwLXZBSndmODh4cXZGUm53Q3hhcnp2elVOaDRiMHBhUTZWUmxfZnRPd3NCeW96TXJwSURncmYtNUluakUxNkdIVWdiYnFn?oc=5&hl=en-US&gl=US&ceid=US:en,BBC,-0.5574
Fairfield Egan Graduate Programs Ranked Among Best in Nation by U.S. News & World Report - Fairfield University,2022-04-22 07:00:00,https://news.google.com/rss/articles/CBMieEFVX3lxTE80NnFaMlFpRlJlZmFncWlpTEpWb1dlcVJBa1hPUFdiLUlHS3huT0RBMU0zOUpkR3BMSDNIUVBidTMxbXV1VzE2ODkteGMyOEIzQ3VWVlROcENvalNyYUJwMTdQeVJ2OHJpeEhVUmliWDhHak9tOFd4WQ?oc=5&hl=en-US&gl=US&ceid=US:en,Fairfield University,0.6369
Ukraine War: Russia warns Sweden and Finland against Nato membership - BBC,2022-04-11 07:00:00,https://news.google.com/rss/articles/CBMiWkFVX3lxTE1vVnhlaG1yWjJsN2F1Ylo3UDFHNkJPOU8zbVd3UlBkSG4wdW1nYmRUNG9IVDUtdjVHQk8xOElyeVhsc1lYUFl4S0YtUk9yakZCTU5IYUYxOXI3Z9IBX0FVX3lxTFBMNndnUHFDc1YzYV9lbm0yMHVFcmx4TWtGaElRVFhFcE1wcDJiMUxmV1VoNWJncXM2cW8wSk12M1QyZDN0c0N1UWZ2elZSc3Q5NEJ5QjdhejY0bnk5eFhF?oc=5&hl=en-US&gl=US&ceid=US:en,BBC,-0.6486
UTEP MSW Program Breaks U.S. News and World Report Top 100 List - The University of Texas at El Paso,2022-04-11 07:00:00,https://news.google.com/rss/articles/CBMinwFBVV95cUxOckJPZFVfUWRlN3QyMGt4TzZEWlZRS0NtZzctZWRpSERiSE9Rc1J6bHhYWWx4QkR2eFZNZVhXbHdkT0Jaejd5M0FmMGp3em5aMk1GRHp4YjlJeDBYV2tBYW1CRFdZczFCaWxCNFJkSGM5bEFrS19HV3ppMkFXbk1zZ3RnRkltVnRuRlFOYThtLXpiVDhZYzNLRndzTGxSQTQ?oc=5&hl=en-US&gl=US&ceid=US:en,The University of Texas at El Paso,0.2023
Affordable prosthetics and orthotics to rival the world’s best devices - MIT News,2022-04-29 07:00:00,https://news.google.com/rss/articles/CBMic0FVX3lxTE5HMEo5V2pSRWRma0VkVC1pZmJhVFRKZ3ZmVVN6SkZnUDFFeWVpNlpUVGllVWhrSmdEbDlaMFpBV3E3eWRvS05NZkJmUnpLMjNqTGVlaDZ5T09vR2d0cFdDRnF0UENnSDdDV3A3Vi1WMTZMaUE?oc=5&hl=en-US&gl=US&ceid=US:en,MIT News,0.6369
Cooperative effort secures plutonium removal - World Nuclear News,2022-04-01 07:00:00,https://news.google.com/rss/articles/CBMikgFBVV95cUxOX2xLM2Fza0FOLXlYbFRLaU1WQUFBR3hERGJlUEk2WUx2VDdMWHp1elBxY0JUMHpObld5UXFDcHo2cEZJYnV4Mk1ad3ZPbUIxeC1SOFdxdkZXVDlSLXM0RDQyaUViM1ZFS2c1OHJTSVhNQUVGLXVsYjZfSGotWnl2dXZma090ZzF3NU13SEEzUFJ2dw?oc=5&hl=en-US&gl=US&ceid=US:en,World Nuclear News,0.3182
WHO and NHS to work together on decarbonization of health care systems across the world - World Health Organization (WHO),2022-04-07 07:00:00,https://news.google.com/rss/articles/CBMi1wFBVV95cUxQVnVHNnF3SURYTG1hd24tLWMtNzdNektXNERfOHlEbGtJTGZpdC13bUFiX2dFUDZXX2FKN0k1bGhuS1liX25kSG1EeTZZNWFrUnhFcU5UbmRhZE1IUFhtRm9vLVBmdC1xRHVHcUtDdF83S28xeS1ZZVZLQTVVSVd4aDFOdzlleTdPQ0l3WFJwdjZsS2ZaamdXYVFtOGxIY01BYWpBdnRlbmJRMmRKNHdDZG43RElUYzA4aFU4V1d5aVFWSEh5XzNsVGoxeldVU0JVRWppaEE5QQ?oc=5&hl=en-US&gl=US&ceid=US:en,World Health Organization (WHO),0.4939
US man wins $450k lawsuit after unwanted office birthday party - BBC,2022-04-18 07:00:00,https://news.google.com/rss/articles/CBMiXkFVX3lxTE54c0JJRWRoVE11UXFRQ3dIOTBzSjlZV2RZbVdCdVZlcHByZDRna3Y3bEZKTlRHVW1NdUwtUHNnUXoyQm92QzJpaGVFOVRNZC0zcE5yZzBCa3NiUHhFaFHSAWNBVV95cUxQMm16WVVCRGxINWwtdTg4ejBnanpJWkNNcGZjMDF3dGl1T2ZDYklrNUJaOWlnLUt0d2FYNUI5cEdHMVpSU0hLU0pUcC1TM1pfZ3JCM0QxaVNxM3VYN1NGSkhTV00?oc=5&hl=en-US&gl=US&ceid=US:en,BBC,0.5574
Bitcoin becomes official currency in Central African Republic - BBC,2022-04-27 07:00:00,https://news.google.com/rss/articles/CBMiWkFVX3lxTFB2ZlJoV1ZucWxVcVhqQ0pPUGZYSm9CcXJ2ckQwSWlyT0pWV2NFcFBmY0EwVWdmRjZDTlNHZERGZng1MExPNjl4a1FVU3JTX01xc01kUjNIN2pMd9IBX0FVX3lxTE9McklXVzBxR0hmcWVIRG54RTBDcmw5NkZXRUhsQkdSck9LSDJJank0dkFhV1FQRWJpb3U1ZFg5WlRXYXpyLU10UXhzbXNoX0JBeEZ6ejlNYjlTd1E0TnBF?oc=5&hl=en-US&gl=US&ceid=US:en,BBC,0.0
World Malaria Day: Meet a researcher using genetic engineering to tackle a serious global disease - Frontiers,2022-04-24 07:00:00,https://news.google.com/rss/articles/CBMiigFBVV95cUxPejk0S2lBOXU2VGhHMEtSNXZPUzNaZDFaOHFKQ1E3WkN0NXYzMFpjQ0dubFUyd2kxZzZjNXNPd2E3cjgyLWprZHAwVEhNNDRQVWx4Y2ZqYmlvZmdIZ1kwbTZMeVhOM2sxSy1EZVZUcy1vUjI5b1pQQkFZMnFrOTg3a3gySlotQ1l2NEE?oc=5&hl=en-US&gl=US&ceid=US:en,Frontiers,-0.0772
Ukraine war latest news: Railway strikes targeted arms supply routes - Russia - BBC,2022-04-16 07:00:00,https://news.google.com/rss/articles/CBMiYEFVX3lxTE56UTkzWUxWNlJlU3JpZnpuM3gzeG9HSk1OZkd1MW9BTVZDZFdSZDREeE5rX3NkallKc25zUjFtdU1VYlYwSHo2QTZtd2V2RFN6enRENEJQMTlGUUlpVVhKZA?oc=5&hl=en-US&gl=US&ceid=US:en,BBC,-0.7506
Sustainable development hinges on fate of world’s cities - UN News,2022-04-21 07:00:00,https://news.google.com/rss/articles/CBMiV0FVX3lxTFBVQ3ZLQWdsMUdaNWF3R3FWSDc4VHc2ZTVJTWdiaEY2OEJETWhzWkhmTmVxVFdGT2JVelNvTzBFMVZZQm5DRkNkNTdnUkFvakdaMjhQRmp2cw?oc=5&hl=en-US&gl=US&ceid=US:en,UN News,0.0
U.S. News & World Report Ranks Two CofC Master’s Programs in Top 100 - The College Today,2022-04-21 07:00:00,https://news.google.com/rss/articles/CBMioAFBVV95cUxOV2FIcmpkLTlIMEJnWjA1cFhvNTVOYl93YW11enZzZGdqc2Vkd2pTT0ZsWUY0VEFmZjlDVWp6dGZkYkZGZW92YUJRdHA2VDY4OFpHZG02YTBnM3JBbVIzYXZqcEJQWDd6OXdXc24xdm5UYlZsVjdkMGJ5RGIxMGdzMHpaUEdlT0JKbTBVNUdoNG1JZkkwa2szVW1DRmR4LVB1?oc=5&hl=en-US&gl=US&ceid=US:en,The College Today,0.2023
Russia-Ukraine war: catch up on this week’s must-read news and analysis - The Guardian,2022-04-16 07:00:00,https://news.google.com/rss/articles/CBMitgFBVV95cUxPbGFpOWlKTURPTUlXd0tSQUFTRHBVVTFaOTctdnBKTlBSV0NkMEt0MHZMQlB0dUxNUlV1anVMZUpFTlhpMDh1Tk0tN2daaGRoMmpwblJ4TnR2T3lOUnNiNkFYSlNlOWdTd01jNklGemJmSmMwa3lLX0FpY2cwdUxRMURGOUhYdElCdWUwbDhYbWdXUUJQdk82U1BwZnhaOHd6UDJSUGtIUnNzV0pnb1BGMEJPQ0NxZw?oc=5&hl=en-US&gl=US&ceid=US:en,The Guardian,-0.5994
Covaxin: India approves two Covid vaccines for children under 12 - BBC,2022-04-26 07:00:00,https://news.google.com/rss/articles/CBMiX0FVX3lxTE9vQ0pvSVBSbTJQR0MyX0xoOGdydmRlV2Z0V3VRV2dDT2lSQ2VtRVVzUGczdGY3TzZpdEFTZUpzc0FVcFBORmJXSTRIc19CY3ljbzZxZ2pxN0RUcmRaemxJ0gFkQVVfeXFMT3lVODFlMHZUZGFhM2lQNVhGZ1VDYnJWdEFoMTN3S2RKSDVsUlk0cDJmS1d0U25MZW84aXBzdlpfUTdWVGt5RXdLT1F1Z0ZHb1dITk9CemxjZGh1aHF1ZW9JOWhTZg?oc=5&hl=en-US&gl=US&ceid=US:en,BBC,0.4019
Kramatorsk station attack: What we know so far - BBC,2022-04-08 07:00:00,https://news.google.com/rss/articles/CBMiWkFVX3lxTFBuM3dpeWptYkJoaDUyOTJqaV93eE9PeHppRUJyZW5hd3oyVzBtRXBFOVR1QWdXY3BKbVBjV0loT2c3QW5fb3U4RDhuY0owU05FWkFtU2VTYjBsQdIBX0FVX3lxTFBmYzRpajA3RTlOQ21KYUs4czdTZ2pSZ2JUbEVtQjFUY25VbjVlOUJuenUzQUNEcHBXUldHZ0I0MHFfTHFrV3Ita2JVX2RSdHpjMVNkZW9IM2VyYmRTUUxV?oc=5&hl=en-US&gl=US&ceid=US:en,BBC,-0.4767
UN warns Earth ‘firmly on track toward an unlivable world’ - AP News,2022-04-04 07:00:00,https://news.google.com/rss/articles/CBMipAFBVV95cUxNeEs3VEcxbEptM2gzYVk0TUd4Yk5Cd2l3aXpnZHRYb1RGSS1YMjIwcFJrX0VaLVg3M3NFYVNyeTQxdlN4c3RrRngtbVYxWWE1Zndrbl93UGpJcUJqMkI2anh2ZHJNbWswVU90NHVOa19LR1lZYm10UFcxcEwydTZLRlpQcmttWEZJT3A4NHFTM2Z6YkVPV0NjVHBZUmFHVVJtdDd5Zw?oc=5&hl=en-US&gl=US&ceid=US:en,AP News,-0.1027
Netflix likely to restrict password sharing after subscriptions slump: Report - Hindustan Times,2022-04-20 07:00:00,https://news.google.com/rss/articles/CBMi1gFBVV95cUxPdEJwR1N1WFdiR2RPRGc4eFJYM2hiWDBhWkJzM1pDbVBzNGxBUks2TUtpb2VUT0x6dENVU2hRSzdNSGQ2OXV3bllVbk1qU0otblN3SDlTX0dwVWFvc2x0MVQ2a1FSVTQ1eUxBRkxYdGNXSUc2bC13VTc5LW9IY0JhbFhmTEhMLUsycm5DRWQtQWpzTFpqdjhwZm9OeXFRUGJMWkR3WWFQVFdNdElmb1ZkUzJJT2lVTmM0MGhzdVp0UFphVnB0cUJrakltMlpEbEFjT2NWVElR0gHbAUFVX3lxTE1hb1RoaF9YWHJtOHJPd3pMbmwyQWtMWTZvVzhfcnptbmJ0aVNRenJtSUFocWZ3UHFsMmNvNlhDVEpZbVdTenJUdnRfYzYyRWQyQ1k0VTdqRUZaVnA2V3dlWEY4Qlk3ZTZ4SGh4RHp6MENscm8wSFZkZS1DQURnVGlKUW9GYnBtT21uVFk4N1hkRDUwYWpFVWwtcGJxZU5Va19QTFZkZ1hQeXktX2hCbkxXendmSDh6cXFXTmpmR3VjMUNMdzB0Q2xXTmoyTFBmWloyUHQ1RkRWd3cyTQ?oc=5&hl=en-US&gl=US&ceid=US:en,Hindustan Times,0.0516
Increase in atmospheric methane set another record during 2021 - National Oceanic and Atmospheric Administration (.gov),2022-04-07 07:00:00,https://news.google.com/rss/articles/CBMinAFBVV95cUxNSDRhb0tLT1NjTGt0VngzSHI3UHpIRE50RE5LMDdMRWFnYm1OQXNuRFhrWVc3dW5lalZKbXRBRXE2MWx6dVlVQnJQeXFFbWVsa3MwMHh3UnlwRFlZMzFuZ3FaY2FDYXF4RUw5TGRzT0FmTHdubkJodmRaNFEzck9ReFVheENCNnNiWkMtTmd5VkVHRjU3UUVpQlZCZUg?oc=5&hl=en-US&gl=US&ceid=US:en,National Oceanic and Atmospheric Administration (.gov),0.3182
As it happened: Putin warns against 'outside intervention' in Ukraine - BBC,2022-04-25 07:00:00,https://news.google.com/rss/articles/CBMiYEFVX3lxTE5kNGJZejhobTdVdWluMk5IclhaektueW1WMHo4RWU2VjJlT09RWTdiZDJad0xRYlUzTTFjV1FwZVlycS1UaEtlLU4ycElRSTVJMzUxMGNqdDJ1bE1wbERDaw?oc=5&hl=en-US&gl=US&ceid=US:en,BBC,-0.1027
Russian warship: Moskva sinks in Black Sea - BBC,2022-04-15 07:00:00,https://news.google.com/rss/articles/CBMiWkFVX3lxTE4zY3dEamdQSTk1T0o0VnRMVGE5N01mMjNSX1ZlRVRWR3cwWjc2aVpTVWpONC1VdWU0MFJxdUpFSFVqNTVKSTQ0REJtUUVKcThDaGEtNFVtbURtUdIBX0FVX3lxTFBQT01ic0d0WlZ5RS1Xc1I0VHA4cU9wUm1GUk9wNmdGOVRDbUt4aDBhTVI4dlg5cE5MZk5GTEJ6RU9xa0JkbE1Razk4eHl1cUlCcWZ0cEI0MTJvc0c5bHRr?oc=5&hl=en-US&gl=US&ceid=US:en,BBC,-0.1779
World Chagas Disease Day: finding and reporting every case - World Health Organization (WHO),2022-04-14 07:00:00,https://news.google.com/rss/articles/CBMixAFBVV95cUxNQUdyakxqckg3czVVbnFwaU9CbUlqZl8xUVdXak9fT3JrOWk0alpBaGpZYjd5aG5NUGNETTQ4VHkxbFpiOTFXZGZoaWxpb2RvZElUZGJpNTYwQWwwZFBuaE14SWpmYmlfdl9MX2k1RnM4UkdEN0lGVVBiSEw2X0pHV1B4U1p4VXV5dFNySm5XM1A0OTRoZWxSX1c2V1hFZldDMlJwUldfRXc2UGlxT3VMVlhDWlBGOFNid1hkRlIzdTl1bk5a?oc=5&hl=en-US&gl=US&ceid=US:en,World Health Organization (WHO),0.0
Health on Earth: a healthy planet benefits us all – World Health Day 2022 - World Health Organization (WHO),2022-04-07 07:00:00,https://news.google.com/rss/articles/CBMivgFBVV95cUxNbVBpXzRpaHRNVWNwSWpBMVNFak1IVzdnSU1PQVNTa0RPbE9ocDJabGF6OXVCX2FKM3FGc1dtZWxfQXZaS3hPZ3hKNHdMY1VWdEtIMWV3bVgyZmE0ZVA5NnRtUUF4UVF2NWFGcE55UXBpa0NRYzdLaEc0d0dpbktnTUJ6QndBak5UVEp1T3dmX2dEdm05TjZRRU1vTEhSZ2hLbzdYZzB4MDBtRmVuN0xkY0FJUHRfQjJmNWhoTUZB?oc=5&hl=en-US&gl=US&ceid=US:en,World Health Organization (WHO),0.6486
The Chinese government is hunting down Uyghurs around the world with help from some surprising countries - NBC News,2022-04-25 07:00:00,https://news.google.com/rss/articles/CBMisAFBVV95cUxNMHBTdDdWemY5bkRzUFVLMXNBUUpIdlVkeGk5d2JwckljTzBQczdpbjBJM0NZSk1lN2FSUHhMd0p0T0VhYkpUQUZLVnpsUDkzVjZJMzBDVEUwR05UNWIwTDdmRVJCeVdaeF85XzNyenFLT2duWVVDY1lraG04QU5nYUI0YXA4NmVRNUphSlFFTXpqcFdIZFJIcm9Yd1k5X29ZanpicDZERTZWUG9vYzAxatIBVEFVX3lxTE5nMHQzS3ZWT096WmxNT1BtOHJSWnhVcVlXdU5WWFpmbDBSWXNLM3VTODZyWTFUVEdLRlBMQXdwdnFGekwyZkZVOHFSSVI3aHBjdHg5bw?oc=5&hl=en-US&gl=US&ceid=US:en,NBC News,0.5859
WHO recommends highly successful COVID-19 therapy and calls for wide geographical distribution and transparency from originator - World Health Organization (WHO),2022-04-22 07:00:00,https://news.google.com/rss/articles/CBMi_AFBVV95cUxNNXlDN1YwYjdBdEVxQW4wVElFRXVVTWF4VmdZZ2ZjMTN2T1pZZmFITEx5MUVIUnBfQmNjdF9Ma1Q5NlVFclJxNFhyVGUxR0czXzBPU09rdG40YWJzOWpmRWYyejl6bzBaZzc0X3NBWmFnbXBYaWl0Q21ocVlocWllcHlhZ1RndC1sMnIxZmtNbHRKLWs3VmUyTnQwem5tcl9JWGZuejc5NGZmdjJMaWlpWU9tUlpSMXdLcDBwbUlGNFoybDYydGRka3k2UjZxVjVYRHEyRGJIckV6LUVnT1pnYmltaVFSNXZJQThMd1Q4WXJiSlRoRTRfTXBCOVE?oc=5&hl=en-US&gl=US&ceid=US:en,World Health Organization (WHO),0.7178
International Mine Awareness Day promotes efforts towards landmine-free world - Vatican News,2022-04-04 07:00:00,https://news.google.com/rss/articles/CBMiuAFBVV95cUxPVnp2bTFfcWNmdFphS1lEQk1XY3VMRm9nSzViamliejl4SzVKbGozc1VGbzl5VmcyV1R4VGFHSVU4YndKRDQ3dFZuRi0tQXVqQ0R4ckVNOF81aG9ZUmpOVUNkWVlkRmdUNVhoVlFBVndUMTdJN2RXdUx1ZjF3d0t4U3hBRFoyU294Q1lpVG1lRFVjT1FXVzlPbkR6WWlsZDl4SzFrQzJLaWFuNl9uSjlaLThTTkZBaDg1?oc=5&hl=en-US&gl=US&ceid=US:en,Vatican News,0.34
Hungary election: PM Viktor Orban criticises Ukraine's Zelensky as he wins vote - BBC,2022-04-04 07:00:00,https://news.google.com/rss/articles/CBMiWkFVX3lxTE95RVVFOWNTMll6Zjl1OW16N2pLMk9RMXNEMENOVlJ1ZjJtOU5veDhfV3JUemJOM3diMERCazd3QWNySjV2b25JUENIdXNYY2Zpbi1yQThPYmpWZ9IBX0FVX3lxTFBnVlNHaWpZNzl2WUJwR0VxMzJ3aXlVMXowbGl4UU1VWmFGRXJsVmdLNkZKdW42VTJCQ05yeDNSaVdtWDhSc0F6bzFSTVpteXVRWnRIZTF2YlFsX0ZYRm0w?oc=5&hl=en-US&gl=US&ceid=US:en,BBC,0.34
Over 1 million African children protected by first malaria vaccine - World Health Organization (WHO),2022-04-21 07:00:00,https://news.google.com/rss/articles/CBMiqwFBVV95cUxOVmpTd25tWno0RHNVSzRyTjJvajh6UG5xbDk0VGdJa25KQnZURVBRYy1MMk5NWXY0ZXNXTklER18wdU5iaHVOSU1MYUZRX185Q2ZTR1ZnU0hhT1RYa1VIMjVia2I0NWFRejJQaGp6aDlOelJjYUJhUjlpZzNRZHo3bF9mcXdtczRfWnFsclFQYy02RGp4WktZbWlxeldNb2VvTXhtNWZoS0JiNHM?oc=5&hl=en-US&gl=US&ceid=US:en,World Health Organization (WHO),0.4404
Aeternum Website - newworld.com,2022-04-11 07:00:00,https://news.google.com/rss/articles/CBMiakFVX3lxTE01ZERPMXM1dU0zOGpYZVo2blBydS1ZdTFBX2g1am1pZnJLc21OM1BLVnBvOVpRRzB3dzRlLXRnV0lCN3hxTzBoYmxqSFFRSXFNX3BfZ1hHRjFjdHdmcG9pMVA1ODFTSFZieEE?oc=5&hl=en-US&gl=US&ceid=US:en,newworld.com,0.0
WHO records 100th attack on health care in Ukraine - World Health Organization (WHO),2022-04-07 07:00:00,https://news.google.com/rss/articles/CBMilgFBVV95cUxPb1lBQVhwWnZpVm9KaTNFNlFWcUdzbzg3YkN6SEVDS053UzdrX3ZNT0MyQXBkNHlYcW51cVlFVkZ2SDdOc3loV1FLWjROV2JhTUhoaEZxQ3BqVWppZk80dFBSdXhUZVdlRjFqUDdzQXJobnhFLTFwWEVkMUNvSVpQbUVTaG1wbGhvSzhRRkUyRllRQjFSZFE?oc=5&hl=en-US&gl=US&ceid=US:en,World Health Organization (WHO),0.0258
Government Professor Joe Reisert Uses Science Fiction “To Make the World Better” - Colby News,2022-04-07 07:00:00,https://news.google.com/rss/articles/CBMihwFBVV95cUxQRkpaeE5DUURWd1pOWFVWWS1tTzJmXzE5bGJjQ0kydWxoaF9zU1hKQXhTOTMtOFZvNmRWT1hjWmU4QTVYbmNwTVNYUlNsU3pLNUZGamxqQkgtRUNGLXFHQ01ldGk4MnVfREpWZm9XbUlJVzd5U291X1Rwd29XNkppNm5IUW5TcTQ?oc=5&hl=en-US&gl=US&ceid=US:en,Colby News,0.0
How is the war in Ukraine affecting food security? - World Bank,2022-04-05 07:00:00,https://news.google.com/rss/articles/CBMixAFBVV95cUxOYTJEek52NHUtUzFpRnJQeGNraVk3QlZIZjMtVUJtLTZLSXpleE8xQUFpa0l0X0djeV9nUmY4N0l0ejU2M2FmNE84Wk9YNGxza05yVnREdmxrZ2pPUGdMM2RJdVNkMmcyS3U1VERPTUJDY2pWM0c2UU1KM2k2NnhwdGZ3REdGU1dvY2QyUzNhTkZUYV9aR3BzVGN5UE1rU1VMTGhKNDU3Z19XMzB5b3pNcUJGNUVjSDlzWmhXcS1pd202MmpJ?oc=5&hl=en-US&gl=US&ceid=US:en,World Bank,-0.3612
The heavy losses of an elite Russian regiment in Ukraine - BBC,2022-04-01 07:00:00,https://news.google.com/rss/articles/CBMiWkFVX3lxTE9BMGRLOXNWalZZelZIQjhhYjFpb2hqX1VCczFvYnh6a0ludGNFeUlhNlVPcnU0dERFUWRsZ09LNGJwSFhBTjNKaE5wbVYtd2pSd2dJZnlxLVNUUdIBX0FVX3lxTE4wVnQyRnhQOTdKRlNHRjhOOGZMd0NSODhUU3RWYU9XYTJtOXk4c0t4VHE2RmxxYklHOUNOMXZLLWFia1ZTMklMQ2lkaFJodnhpblJ4T2Z0QzNSNUxfLW5j?oc=5&hl=en-US&gl=US&ceid=US:en,BBC,-0.4019
WHO says 99 percent of world’s population breathes poor-quality air - NBC News,2022-04-04 07:00:00,https://news.google.com/rss/articles/CBMiswFBVV95cUxPWnZzckFqeEQ4d0ZNclBNUUZJWXBHZnV6QmpVSFZkZmhXOEl1eWFBOU55Y281aU9TNl9yU2UySzU1WS1Fd2lydTZTTWNicVhoMTBRNFB1TlBaZE0xZTVhanZ6M1VYM3V2V291UlBEbFFOb0ZldDREaG9mTVFRT05jMlYxOTBRTWQ0LUQzaXNBUTc4RzJDVVEzZ0NHX0c2UzNRNGVfNDBqakhNN2tFdW5XeHdDSdIBVEFVX3lxTE9qMDhuanBIMHlwN2t1Y0wxaGRwTFZ0UDNKeVJRSUV6WDZnV25xenU2R1A3U2xlWUdmU1F3c09yUHctTGlWeWJIZ1ZOeEZsQ3UwRjBDcg?oc=5&hl=en-US&gl=US&ceid=US:en,NBC News,0.0
Ukraine conflict: Why is Russia losing so many tanks? - BBC,2022-04-11 07:00:00,https://news.google.com/rss/articles/CBMiUEFVX3lxTE1zR0wwckI1cUoyanhhbkYxVkhYZXBaOHJSS19fVnZ3Nm9ybDVkS0tHN09XSnVVYVJKbFRvTWZJay1HWURZY0w0dUd4QnJnNzlP0gFWQVVfeXFMTUFfY3J4RkZOWlpnREVlNExJMEtsOWk1VzRCRXZHNlB6QlRTNW1RV2tCZXN0RmZYMnM2OG1aSGt4aVVpZmw3MklaWnlZbnZFX2FfN0M1d0E?oc=5&hl=en-US&gl=US&ceid=US:en,BBC,-0.5994
Ukraine: World responds with outrage to civilian killings in Bucha - Vatican News,2022-04-05 07:00:00,https://news.google.com/rss/articles/CBMipwFBVV95cUxOak94RUFIOHl3WFJfSVFfdEM2MlV3TjJKVFFEUmhVeEozWnF6SmpOazFLSHdzem9NZlpjS1UwT0x4bFhoQTVfSmhZTFdtSlpjM2ZaZWk0MEtYWVlsbXBnYm0xZlJSOVZDakpzZVUwR25ZN1gxcnNQY1BJckw0TFloT1VDaHdON0pjWkRKQXg5d3k3ek41clZPQUtnSUM2SUQwR1VXekQyNA?oc=5&hl=en-US&gl=US&ceid=US:en,Vatican News,-0.8316
Framatome and Westinghouse to supply fuel to Temelín - World Nuclear News,2022-04-13 07:00:00,https://news.google.com/rss/articles/CBMimgFBVV95cUxNUE56SFlaVDV4ZlQtbnk3b2RjcE5tQW1QdHI5TDJ4YXVtVFV5R1YxZzF1NWQtT1FRakhFTTRiSXZUUVUzSEVhZGpFOEhhY25IYWRPUWZNSldrOVFuYVpXYkd2ckJSZElEVUJZS0NzRjc1OWMxZ25rS0E3X3Nza3lBazlkR19RZVRmVTZ0RTBZUjVlNk1ieDRlamt3?oc=5&hl=en-US&gl=US&ceid=US:en,World Nuclear News,0.0
Sunken Russian warship Moskva: What do we know? - BBC,2022-04-18 07:00:00,https://news.google.com/rss/articles/CBMiWkFVX3lxTE5yMkVCcDBLU2dtcWJqQ3BIRWd0RmdObHgtMWhjeHFJMmRzWFF3dXNxQlhSUWw1dlREYV9kMU9ud2VhTHhXN1k1Rl9yaW9DbzZiWjNRZFNPTUpWZ9IBX0FVX3lxTE5vY0lyZkhTM1lyeUhOU2d1TGJZeHhMaXZTSm5rRTVfdXJ1QUYzaTQ2Tng4c1RwT092RHROUzRnQjNwS1RjT2ZkQ1hRdENqa3c2bkVlcUZCTThBVmNXd2NF?oc=5&hl=en-US&gl=US&ceid=US:en,BBC,-0.1779
New realities for uranium enrichment - World Nuclear News,2022-04-29 07:00:00,https://news.google.com/rss/articles/CBMihwFBVV95cUxOTlQtREtPSzRhTW03VnZCdUV4S3I0cUd4ZTlUNXd4T1EtaUJKZVhwQWlZTVh5eXdpdFNfN0E0azY4R0NzSllyZzhDNTVhMHRPamZDeTZjc3NEaEhmVEVjYVNDWGVoeXRrRG1RWUlHN20xcU1HTUo1bHVNcjhRcjJQZm9QX3lzT0k?oc=5&hl=en-US&gl=US&ceid=US:en,World Nuclear News,0.0
"Russia has fully withdrawn forces from north Ukraine, says UK - Hindustan Times",2022-04-08 07:00:00,https://news.google.com/rss/articles/CBMiwAFBVV95cUxNdzJhOVZFMDlmcXk2OGx1TzRGbFpJS1RqNXJnajIyMFZ1WkdEX2NaQmdDNzA0eW5xS0p0dzBjbUxjTTBSOUhtbGxDbVFUZGpuMTBFWHlHYlh3Ykd3QmZxdDRQcktkR0dOd3IyM2Ffb0F0aFFrbV9pLWdSNDZrUlhKeW81SUF0OEtCZ0JUWVdsdVpuNWNJamN2dlE0LUpkSG5KS3hhSDljVmJYOUI3RHBtS0FSYVhDcmNlNURlLWg3OS3SAcYBQVVfeXFMTTFjNXFnSnpNTkZ5VzdUcVVRR1lieGRVX1FaYkJVc3BNSzY2alZldzA0bmxiWDFNVVk1WFVtNmV6OTdQdE1XV3lZNV9HaXprRFJyUWJZY2lqWUtsSE1CU05oTHBKU012SVlJdWRabUhwQVY1WnJ1MlcyVktKUTVfRFUzM2VKTW1MMUVZQkpyRzRaUFItYkliTEVLSXRJN01GaUp1UVphd0JvSXp5ZXRSNzVTa0xTcF9QaUxqdEJ3eklDSUVjNDF3?oc=5&hl=en-US&gl=US&ceid=US:en,Hindustan Times,0.0
Sweden set to be world’s first country to target consumption-based emission cuts - Climate Home News,2022-04-08 07:00:00,https://news.google.com/rss/articles/CBMiwwFBVV95cUxPaWdRVnBFUVdQem56RFBrSzJMVW9JV0t2OGk4Y1JuaUhPSjJHV0pWR0QyMmMxMGVlNUNvRGNQMUhuS3Q1Yl9wWHY4cHhONHVLZW9CLXZseUR0Nm5qYWlKdmR4a0tYOVltNFJnUG1mSG01dVZtcVVoRVpOdVo3eUpBQi02VF9uelRxbmdiTU5HX0FDQ2MwSWdGamRqQVVkS1haOXB4ZTFEWm5VRjd4ZzRXTGpmOVlGc3JISnhqNWM1OTFOWkE?oc=5&hl=en-US&gl=US&ceid=US:en,Climate Home News,-0.296
World Athletics announces sustainability requirements for all sanctioned events | News | Athletics Better World - worldathletics.org,2022-04-22 07:00:00,https://news.google.com/rss/articles/CBMixAFBVV95cUxQSmNvVjhhU3dGUTkwamdSNUhOMVNqSGt2T3VNQUI5RldDWWoyX1RiTm9xaHRHZlBSOEpycmVxbS1ZamYyWGdMM3hiaVlzYVBuX09RSEpwaUVlYTVPbWh1Q0V4ZGJBMGQxN09mSHZuMV9HaDJDMGlyR1lUbnpYc1RGQmU3R0tQYk1abWR1cjhhNUNnMGQzcFZDemd2bHdIek5qV28xQ3NiR2pkYlJqbGdWdi1fRTVLanp4ZERIak82dlZ6RTlr?oc=5&hl=en-US&gl=US&ceid=US:en,worldathletics.org,0.4404
UN climate report: It’s ‘now or never’ to limit global warming to 1.5 degrees - UN News,2022-04-04 07:00:00,https://news.google.com/rss/articles/CBMiV0FVX3lxTE1LZkxNLTh4UmJORmJEeHZOSC1zc1JoblQ2WGxXcVRNXzA0c0hmTVYwX1ltUERhbVBVUFNLcy1pVkUwMkJMS1h4YjFhbnJoMjlxSHNOVWZwTQ?oc=5&hl=en-US&gl=US&ceid=US:en,UN News,0.1531
Global roll-out of WHO online training on rights-based mental health services begins - World Health Organization (WHO),2022-04-12 07:00:00,https://news.google.com/rss/articles/CBMiwwFBVV95cUxQSEtnNWpVdjYyR2NLakM0bVc5OGdwSlladkhPZnFFSW1LN3FBNVYtQ3ZYSGJUMGhsN1h4MVhfa0xqWGRXYUY4ZVlRUlhxNDd0VkllS25FU3F5VkFLckx6SDB0Y3l0bjlMUVFZZzRJRWZ0dGNhRmhaNThpWmtmdGhZWF9IMHZmVjJJc2ROcU9SVUNJS0F6dG5qWVBWNVlHZTRhdFBMbHRSaG5GTW1oVFVFUzZYa005VWE1NFBITWhXZ2JCdWc?oc=5&hl=en-US&gl=US&ceid=US:en,World Health Organization (WHO),0.0
ASU physics professor makes an impact on the material world - ASU News,2022-04-08 07:00:00,https://news.google.com/rss/articles/CBMilgFBVV95cUxNeDZvejdValVEOTlNTEVSakxKcjZXUlBleGtnWG5WckNleUJfOUxrVThIdVV1dDdoV3BWZ0F5QmdmcVJsSU1VTkJFRlFHNFF6a0MxVkxsUlROQkFRSTVfa2dzMjVkVjBsbE4yMnZNdm01Y2JKaDNZeWN1azA5ZVhScW1iNWhVWkpnWFVQQkdiUm5zaXZzckE?oc=5&hl=en-US&gl=US&ceid=US:en,ASU News,0.0
Kenyan First Lady applauds athletes for championing climate action - worldathletics.org,2022-04-22 07:00:00,https://news.google.com/rss/articles/CBMitgFBVV95cUxNeVhtcXo1cGNlRG5HNHFJUjZOWmdRcDNwNnEwS3BVWlI3eHFiNklhOXl0c19xZjlJOVN3UnRIQjB2MHpSOXowRll3UFk3dU90TzFRd1lYQnFiRncxMHJiNFQyUGZ2emoyYndzTzVuUGRSYnZSYWF3cEFRRm5IOFl2dFpsaVNIdUNpd05zT0w2TTF3VlhyQnRUak9fMGZoZWgxZFB0MXVSNzZjOHJ4TzZwUnA1TGRFdw?oc=5&hl=en-US&gl=US&ceid=US:en,worldathletics.org,0.6369
News | RI’s Top High Schools in U.S. News & World Report’s 2022 Rankings - GoLocalProv,2022-04-26 07:00:00,https://news.google.com/rss/articles/CBMipwFBVV95cUxPcUVJZkVwdHNWX3ZPM3F0YnY1MHNLRE81QXRaUnA4bWR3emVIQ0xLUDRka1dSVjk1Z0x6Y0JIMVZGbEZmME1adW1EbGNIOG5Vano4VmZ4MS11akxEZzk1TkFOZkhiVHZCOHRiM0JfV3U4Zi1Jbk5ZMm9Mal9PZ1Zpc2NVaFdvVWpzTUxsNUp5NUFwSlRiMHFId1Zfb1RtWHRPVzd0Mklwaw?oc=5&hl=en-US&gl=US&ceid=US:en,GoLocalProv,0.2023
Ukraine war: The war for Donbas region has begun - Sky News,2022-04-20 07:00:00,https://news.google.com/rss/articles/CBMiiwFBVV95cUxOTHlfRjA4Y2dmX2hJZDVjNU9tWUVVTm15MkptRkRaQ3laOFpZR2FfNGxsWWNGSGxRQmRhQk9nWVNKaDZTSzJyNU5yd01PUFVtbUQ4QjV1U29kUjdwSDBIYWctRGJVb1Z4TWpfT09odzZ1ejludUZmUUNRc081ZDJwY3o0V1BBM1lzWTM0?oc=5&hl=en-US&gl=US&ceid=US:en,Sky News,-0.8316
Who is controlling Pakistan tonight? - Hindustan Times,2022-04-03 07:00:00,https://news.google.com/rss/articles/CBMinwFBVV95cUxOMTV3VlJFZm80NTY1aW5qdUF3ZGdmQ05zLXhia05Hall5SHJubmNFZE0tZTJXVEdGZWdNNEQyWUZUX3hHTnNjUVMzWkcwSEprY0NrNG9XVmdDYUQtX2puc3BQTXAweHpFXzhnRGE3TWJZNUtKaGRJTy1Nd1p0SjlpN1Z6ZEQtSjVhU0p3OHN5RVhELVFYTlJ0UFpSaGowN3PSAaQBQVVfeXFMTkFsM0FrN0FHVzROMzNLQzJBbU4zM25MdnJtaXY3U0RUVm9ybnhCWWVqc1phX3ZFWkR2cWhuYmMycXg0ZXVGUXZVSFpZZVhBaG1ObGJlbjRRMU9aS1RBcEFZR2VCNFR6VkhINnE3a2thdVdsTnpXb3MzNHFXSWQtX19OYTJUck5LRnU0RkpRT1pPLUppaGk3UnJQWFdKeFktVVZ0ckY?oc=5&hl=en-US&gl=US&ceid=US:en,Hindustan Times,0.0
Sir David Attenborough named Champion of the Earth by UN - BBC,2022-04-20 07:00:00,https://news.google.com/rss/articles/CBMiY0FVX3lxTE1ocGF2LVExTTl1NW81b1lmZHFKWnJHQzhmYU9SUHY0NVdoVDdsWGtmeW1fNDNNYVZnUmpDUTJma2UyeWJQVW5zS2NWMFlQRzlaSG80bHlLbUZZb0tKdFZ4eDZfRdIBaEFVX3lxTFAtUWoxTFotR1pMMG5Uc090VEsyT3BqNXhEX0RNVWQtWFBRbmQ3LWFhTW9kNVZPM1lFUjVaWlE2d3dEVnRtUUozTDNqc3dHTGxFS28tTDdTZnFUWXFaSzZadzJWNWFOYlQ5?oc=5&hl=en-US&gl=US&ceid=US:en,BBC,0.5994
War in Ukraine: Russia accuses Ukraine of attacking oil depot - BBC,2022-04-01 07:00:00,https://news.google.com/rss/articles/CBMiWkFVX3lxTE9VUFpHaGJJRGJ6TU41VDdzUjZzMmowdDU3ZWVncmpJSkt4LWRrQkJ1dWstVzU5MmNtY2FGaFRaWV9NQ09YTHMwUHNrXzMyLVI4a0E1OGVRWWFWQdIBX0FVX3lxTE9Kazd2WUZlUDA0YlEwMHFYZjZUcWUxc2kzZU1WSU1HdXlNcE1feU9KTjJodldGX1B3eG1vRW9TOUtZRFdqMmdNNUVOQm05THBJM2p4NWt3UDk4bW4tMFlB?oc=5&hl=en-US&gl=US&ceid=US:en,BBC,-0.8519
How women run the small business world inside North Korea - NK News,2022-04-29 07:00:00,https://news.google.com/rss/articles/CBMikwFBVV95cUxQay1hRDd6QTJtOXotcDJGVEhNZ1VtZUVTWEs0SEtROVNhN3M1bzd6a2hlVWpnTTBtbEx5V2tpOGU4QVBQUlVXNll0TFkxUXludFBzWGZLN2dfZ3hoS2VJcTNPMnl1cHVMX2lyVVB6QVhkUVRGTzZoa3RZV3NWYXBQTXZIcmk1djNuQTcwVWVKSGlRWkU?oc=5&hl=en-US&gl=US&ceid=US:en,NK News,0.0
"UN chief calls for unity to ‘build a peaceful world’, ahead of Ramadan - UN News",2022-04-01 07:00:00,https://news.google.com/rss/articles/CBMiV0FVX3lxTFA3dHc1UWRXaUJYSkc3VVVpQk1pYUpDeVNRdGdWcHk0WXZBOUdQcnVyM3h6SktfdFh2MFlnZExiN3gwZ3hYdUs1c0p0elhWOFhHRC1QYldBbw?oc=5&hl=en-US&gl=US&ceid=US:en,UN News,0.4939
Ukraine war: Russia's apparent strategy in Donbas region - Sky News,2022-04-20 07:00:00,https://news.google.com/rss/articles/CBMilAFBVV95cUxOLVhSQjZCWUFwR2VQbk5YNEl2YURHYnJWWkdGMVpON2p4NTNwVWJLcFhIQnVYaGFkOFpuN0hDajVWRlRReU9sV3IxMVQ4Z0c1X084aWY1YmxfQXpidkt1X3dSRndrYTdyZnVsZ0FZaG5FUzZiRzRRX29XRFhpa3c4Tk8xVXZMa21VY3A2cGxXSmRNMFhh?oc=5&hl=en-US&gl=US&ceid=US:en,Sky News,-0.5994
A Look At the Numbers and Times: No Denying the Advantages of Lia Thomas - Swimming World,2022-04-05 07:00:00,https://news.google.com/rss/articles/CBMitgFBVV95cUxQQkV5OUhoaTEyS2lCVzZUZ1lCWklBempVYlhWSmZtalhCRGlrcVZYNWs3RTU0TnRxaWRsZkZYMHVyZEtfR2FodGJYYjhBc29VSllOeWVKbzc4T01TM2F2THlUVHNBeHJDNUNPTE1jek0zby02RWRxYWtjV1dxc0MtTV91d1VWS28tMVhrY1JxWDZsQ1V3bmdTbGpOU1RBMmlXR0dFSnhNZDkzS1FyTElkLWdvZkJVZw?oc=5&hl=en-US&gl=US&ceid=US:en,Swimming World,-0.2732
"""Ghost Of Kyiv"" Dies In Battle After Shooting Down 40 Russian Jets, Identity Revealed - NDTV",2022-04-30 07:00:00,https://news.google.com/rss/articles/CBMirgFBVV95cUxQNmJrN2o5VXlIZUswLWROS0ZsaklPUzlWckJkanl1TjFYdE0wWC1keG5pZk5nOUJJaDVZaXFXdWdFRFZFZGVYeWFNeEUtaEhENlUwSVg4bzJVTHU0dUlHQkIyOGpoaXVNMWhIN1lkZVZobEZpRk1sZ3pBa2lBNS1LYXMzOFYwVHZfUmdVYzdBb3JHSlhTdzlyUTZuNk1PdWw0SnJYZmx0MEdwTnhuc2fSAbYBQVVfeXFMT3lCMTJsTXV6bk5LUmZvVy1KZWdjb3hSOWNyVk1TQ01WazZYMnVOSmJCUTF1aUUyQlBjbE14cDVlQjRsZV9Za0VWN1A4OHBjTGJIS0c0NXBwa3NjMTAwSm1QNEZ4WUpVZm1ReEhsRkxkWHRwZDNVcHVxLThDWk40eThBdWowd0lqblY1V2wtcVB5cVlrenpqREYwSEx2TGs5cUVaMnZ3Y0pCREc4cjNoX01SRGZHQ2c?oc=5&hl=en-US&gl=US&ceid=US:en,NDTV,-0.5994
Truly bizarre: Strange tales of Akron in Weekly World News - Akron Beacon Journal,2022-04-01 07:00:00,https://news.google.com/rss/articles/CBMirwFBVV95cUxPVWJDSXFTX0FsN2R1c1J4QlZZWEkxTzhtb0xxa0ZtMzRZa3JvN0xzWFFKYmhfRWpOTnlleEVzOWhDejBWRzhncXBFWU05ZmF5SHRVQndQa0VBN0xZdnVrRXhtMDdsS3hwZWEtMFJMWXEwLW1fRXIydnZtbEJhMGRZeG41VnNuTl9EaHZ1eGRKUm9MSHloVmM5QVlDV25scV9hU29DVFZ0ay1qVEI1Ykh3?oc=5&hl=en-US&gl=US&ceid=US:en,Akron Beacon Journal,-0.0516
"‘The world sees you’ UN chief tells Ukrainians, pledging to boost support - UN News",2022-04-28 07:00:00,https://news.google.com/rss/articles/CBMiV0FVX3lxTE9IWlNyZG1XcnNTS25ibzdyTkI4YUVUYXQyQmdhTDZTODRkVlR4T1JpVVlwQng2OGk0dWtWMmQ3UWFkbTlVYUhUeDVrNTZfelpxQVlnRXlZMA?oc=5&hl=en-US&gl=US&ceid=US:en,UN News,0.6597
Kane Tanaka: Japanese woman certified world's oldest person dies - BBC,2022-04-25 07:00:00,https://news.google.com/rss/articles/CBMiV0FVX3lxTE9mX1lmNDBTMS0tRmtPdE5JWHVnVkRvN1FMLVRHVnV1dXBYOWk0ZHFMRHFsSC01cnF2b1E4T1BaV05BSTZxNlo0bDdxY20waUlvcXdSeE1oQdIBXEFVX3lxTE5XdGdjd3ZReDlWVlJmR0VrVmxrNGlfakVmTFBzS3JCelF3aW41a2sxalRQYVZoUDhRQnlTY3lxRHRISWN2REVqeUxRV3Y0SndBRlBZeV9FUjlTTVBP?oc=5&hl=en-US&gl=US&ceid=US:en,BBC,0.0
LAX ranked fifth-busiest airport in the world - CBS News,2022-04-11 07:00:00,https://news.google.com/rss/articles/CBMihgFBVV95cUxNQkRjNXNGS2ZVaUEtRVJ1bzFKZE5FdXRwNEllT0pXc3A3ZWplZzJVdzE0SFVuWXRwZE9SYmJUNUFwT1htakdGa2JqZ0twVDM2OUkyYmpVZC1nbHB5U0Jha1NReUNUM01LRzJwVDRGZ3FnaXkxWk5SQ25SaC1FZkR4blR4RENkZ9IBiwFBVV95cUxOTkQ2WENuRllXU1A2RFBwR1NiTEFoeUN6Z1NuRjNNRm9nY1JLcVB5QmNwUEIzdFI0MmhNaXlCRDlKNVE1M08wQzhtcXdyOVVZRl9icmw1X1hYa3NtZzJxa1h4SW0tWEVSM3B0bDF1RHlJdVdlTFV3ZTdlTWF3MjhQMjhDSktFVklVX2lB?oc=5&hl=en-US&gl=US&ceid=US:en,CBS News,0.0
Imran Khan ousted as Pakistan's PM after vote - BBC,2022-04-10 07:00:00,https://news.google.com/rss/articles/CBMiV0FVX3lxTE5hMTFKcmM4ZWpicmlIRU5YemZlUGpoU2w4WDRab3NvZkFZQ2J2S1B3MjBBQVUySTJ4ZEVjM1R6ZHgyY2FBNmdYbDFaS2tVVWUwbC1SSHV6a9IBXEFVX3lxTFBXRm02ODNmcGY2MXdjRG5WdXVmc1daNlo3YUZxVVQ4eHh6MGZTLVdyTFI1TExhZThxcV9uNXpXd2gta0JHekJpQzFkdEkyZ3l5YjA0Z05xVTJpbmVa?oc=5&hl=en-US&gl=US&ceid=US:en,BBC,0.0
U.S. News & World Report Best Graduate School Rankings - UCLA – Chemistry and Biochemistry,2022-04-01 07:00:00,https://news.google.com/rss/articles/CBMikAFBVV95cUxNQjFhanoyWjZqWDVGTTdjbUt3Z05zU1JmaTRMMWZFUkVaREJvcW9vOVRsZVYtTkhWRkFfQU1BdnB5dFltczlKWVV5ZVloVEo0QjRBRHVyTkM4ZjdCbVFpWjItUUU3UThYS2Z3Qzl1X0Nwd204RkpnZ0dyeDJCZmJzc2N0Z2FfVVhQMm9FVXd5enM?oc=5&hl=en-US&gl=US&ceid=US:en,UCLA – Chemistry and Biochemistry,0.6369
As it happened: Mariupol defenders ignore Russia surrender deadline - BBC,2022-04-16 07:00:00,https://news.google.com/rss/articles/CBMiYEFVX3lxTFB5MnZqMkJZUGM5SENrV3VwWnhCUmlwRjRiRzh5d1VDSndaNXN1WVAxRVVDYmZnc1FEVWZYenVHQ0Z2NUZRQkFGc1BLNVNhSTUxSGVKQTJ1cnNwQkFUUzhoMA?oc=5&hl=en-US&gl=US&ceid=US:en,BBC,-0.296
Sub-Saharan Africa under threat from multiple humanitarian crises - UN News,2022-04-08 07:00:00,https://news.google.com/rss/articles/CBMiV0FVX3lxTFA0ZWlTdU9CZ0p3dmg4a1hFb3hIZS0yYmhQakFNV05fS0FnQ1ZlaVRvdDlLZC1oVy03MnF6cFhJazF3RFVqTk50N3Q5NjFtMXRkSG1fVXpROA?oc=5&hl=en-US&gl=US&ceid=US:en,UN News,-0.5267
Multi-country monkeypox outbreak in non-endemic countries - World Health Organization (WHO),2022-05-21 07:00:00,https://news.google.com/rss/articles/CBMiekFVX3lxTE9ldnJ6dVQ2ekpXY2V2SGl2aWJmVGF4THVGa08tZnJ4NXBrXy1nX1RQN1h1eHNQLXdyejJxbVAtSHhPRDhGUHVHS0xZLTVGMVZSUmFRUVpTd2ctVE9nZTdmckU0UC1EWkNBMVBJMk1YY29kNUxfQ3NrNXZR?oc=5&hl=en-US&gl=US&ceid=US:en,World Health Organization (WHO),0.0
"City of Huntsville, Alabama, ‘Best Place to Live’ in U.S. News & World Report survey - City of Huntsville (.gov)",2022-05-17 07:00:00,https://news.google.com/rss/articles/CBMiqwFBVV95cUxQdWhJalFiaEdfbHpVSjhFeko4Wmo1LUJWeldlbU5qZWc1eG4wdGx0aGdMSmRuNW8tOHl0ekJWV091clF1UDFtRTAtdW04czM5emg5d0ItUHl4eDNzc2NscTNlUHUyZmd5RWhNbV9zMFFqTU5iU3c1UzduZGlFMHVsWGFsVDJRUWNzal9qNXBrRFBrNFVjT2xyUHpzRmVoUHByT3dTSU9nNW5NTWs?oc=5&hl=en-US&gl=US&ceid=US:en,City of Huntsville (.gov),0.0
"Ukraine invasion could cause global food crisis, UN warns - BBC",2022-05-18 07:00:00,https://news.google.com/rss/articles/CBMiWkFVX3lxTE9PRDFZcnZ6QVhldUZyazNNVDF6R2hQX2tvSkp0TWs5RGpBcWZUc3JUcHVhRUVqWnozSHEzQWlOaC1ORUR2WUQyNnVEMi1wdmhIZGR1Tk04UVpIUQ?oc=5&hl=en-US&gl=US&ceid=US:en,BBC,-0.6705
Radiology Facing a Global Shortage - Radiological Society of North America | RSNA,2022-05-10 07:00:00,https://news.google.com/rss/articles/CBMib0FVX3lxTE5GMmNBZWpDMjBuMXVjOF9XNnZQdjd0WDFtc0VjU1VhVGR5VUMwYzdMNjFHOGxZMlIwOWtHVWtJNnNwb1VZY2U5Q0ZYOEZyNzM0WFdndmxlZXQ4djRxNXZzdHBDMW81cElVQW5GTzFIOA?oc=5&hl=en-US&gl=US&ceid=US:en,Radiological Society of North America | RSNA,-0.25
Climate Explainer: Nature-Based Solutions - World Bank,2022-05-19 07:00:00,https://news.google.com/rss/articles/CBMivgFBVV95cUxPWUtBVFNGb2F3RjlwRVRwT2VIZkZaVmJ6Z0duNmtxa2NDWVhiOF8wbExkQ2t6MmdTVHNoQUlvTUlFZG9kcXlORWdtTWh6OVBEb01ZQlVBSkFobXJIdUE4NUFXbUFPZWNHSVZ2TVJtZ0J5Z3pfQ3VaSnJZRm15UFRoRVR2Z0IyTnNXalN0VnZ5X2tSb3pLQk5kZnZ1c1BiTWlTQ3U0NXBxOWpwZDJXenZXS2sxanJJXy1BNkVKX0ZB?oc=5&hl=en-US&gl=US&ceid=US:en,World Bank,0.1779
Ghostly ‘mirror world’ might be cause of cosmic controversy - UNM Newsroom,2022-05-19 07:00:00,https://news.google.com/rss/articles/CBMiigFBVV95cUxNaHB2eHJPRVJOLVNtQThDTFpqNEVIUlktUHNhN3QxWGdBN2E0alhBY0NxbnZTZFpSdUJPZ2tPTXg3RVdQZ2ZDakUwQXROdUF0QjVMQ0V2WWRZQ3ZxbGcyT2M2Zk04ODljZ0FlclNzMFBRNW1POUdSNkFjaThId0UzeGV5OU95X0VpNHc?oc=5&hl=en-US&gl=US&ceid=US:en,UNM Newsroom,0.0
LGBTQIA Ukraine with Anya Zoledziowski of Vice World News - Commonwealth Club World Affairs,2022-05-05 07:00:00,https://news.google.com/rss/articles/CBMipgFBVV95cUxQa01HOVU3RndMMzJObHZwRFB5VWxOSmc0cjVkNjBNTFluYnE2NV9FUllOYm5hSGZyYWRRcUhwMm1lVi1aQmlDSTFzaUFPaEx4MlY1YWdZTnNFWGRGV3pHZVM3WjlDU0dxa1ZIU1FXTWRTM3UyeE5BWXBNNUxoS3hTZDF6SnZBVzY5a2xsekJja1ladC11T1UyTG9NVEt3Zl9MdGthQXFn?oc=5&hl=en-US&gl=US&ceid=US:en,Commonwealth Club World Affairs,0.0
Why bees are essential to people and planet - UNEP - UN Environment Programme,2022-05-18 07:00:00,https://news.google.com/rss/articles/CBMijAFBVV95cUxOaWtCOVNuVHkzOGZISzJjZUJUZkpkTzNZRXZMWEVRNTVQTWZ6MUh5bTBBMXc4dDVKUHNOVXJzeEdvSDR0ak5ETXdLVFBlV1d4dmYyMXhSZk5XX3EtM1RjZ0VWUDY5WlB6QnRwaVRUY0kyMEtWRWpzcDJnTWRqUUxGdU1TQWIyQzU1aGtPTQ?oc=5&hl=en-US&gl=US&ceid=US:en,UNEP - UN Environment Programme,0.0
Arenas Update - newworld.com,2022-05-25 07:00:00,https://news.google.com/rss/articles/CBMiakFVX3lxTE5rUFQ3LU5ZMkdicHduTElkWWtCN21TTEp3UXdLUmZEYkw4cU5PUlFQeXpTTVVfc0hBNzkxeU91RFIyUS1JYkNSZFhDVFI4ZVhFT0YyLTJCeFV4VTFjZUFPbWNoR1lmVWtMeFE?oc=5&hl=en-US&gl=US&ceid=US:en,newworld.com,0.0
14.9 million excess deaths associated with the COVID-19 pandemic in 2020 and 2021 - World Health Organization (WHO),2022-05-05 07:00:00,https://news.google.com/rss/articles/CBMixgFBVV95cUxQdGtNOThmSFFnSkR6RGRYd2JTX2JlWkNZVENjaHljRk12ZXc5SVE4M3lmT1VXdWZ0SnFfR01jZGx4bW1ESGpPSkdlVFVidFZqbGVFYUNjTWZDZ3FZMGMzMW5DcE1uTGdPREsxVTFkZDY4Mkt2Z3lsaGlnWWxvN0ZQdDFpR2dQM3FaOUhwY1k2aWlmV0NnZFRWeFFRQmt4bWpkOWpJWE90eWJ3Z1FFcm1MSDBKY0dZODEwS19lTGZOZ1RWOTc2cXc?oc=5&hl=en-US&gl=US&ceid=US:en,World Health Organization (WHO),0.0
Who are the Uyghurs and why is China being accused of genocide? - BBC,2022-05-24 07:00:00,https://news.google.com/rss/articles/CBMiX0FVX3lxTE5pNjNtWkQ5Znc1d3R3ck53VHhfYmk0ekk5aWhlb1l3RnhWaVhTZ2ZPYjFPNnhiYXN2WGVHYW1pXzk1WlJ0V3RVRE12aE96V2VfZ1pDLWpBZWdYdlc5M3cw0gFkQVVfeXFMT01od3BZNU00YXhkeURjT3BsOXFQWERGRWRKRkNwSWxGRWVHRDdyekdoaTJBbm83OWNGTTRhdVFsMWJMVmJiQ2ZCRHNSNEJfU0k2NWZ1b1A2WGM0ckRfdXZBaGNWcA?oc=5&hl=en-US&gl=US&ceid=US:en,BBC,-0.296
World Health Statistics 2022 - World Health Organization (WHO),2022-05-20 07:00:00,https://news.google.com/rss/articles/CBMieEFVX3lxTE1lS2FUbElqSmNCaTFkaHBYeG5tcTMzNXNYa1VSQmgwSUFfM0FsbU9PQWwwZVZIbm1wVFc4OFpQZ0d3b29GQmdVRExDUnA3UnRHSUdDOXBMOERHa1k0eEZJTGl2akE3VTZaWmVMdURLNzk0LS1FQ1I4RQ?oc=5&hl=en-US&gl=US&ceid=US:en,World Health Organization (WHO),0.0
Donbas: Why Russia is trying to capture eastern Ukraine - BBC,2022-05-26 07:00:00,https://news.google.com/rss/articles/CBMiWkFVX3lxTE9uNmdvNC01UkhONi0yQVREc3J0M0xGYkE1QjRpRjNxSFQ5RUFydzRkdFI3OUluYVltU0d3NTlXVU5CdXVVZEt4cV95TkNmUzVfT2lPYlM1LTVJUdIBX0FVX3lxTFBka1lWV3R4MEJjZFNNejBzdkotNjNhTk1lODV6VEJNSklVakxmcVhmZUdBQ0hpdGs5ci1SREdvSmxMUkQ0aHV2dFRKNTZIRlAwdnpiYkF3X1dZMlh2eVNr?oc=5&hl=en-US&gl=US&ceid=US:en,BBC,0.0
Multi-country monkeypox outbreak in non-endemic countries: Update - World Health Organization (WHO),2022-05-29 07:00:00,https://news.google.com/rss/articles/CBMiekFVX3lxTE1oZ0tZNnFVWVJsX2d6ZlNoaXRUay1tXzgza0RXSzJxU1JiR1luSHpneHdnd2EwSGVIZTd1OHNHX25TMlFsY2RXVlp6SjNITjRlbG53UDFfc0Y5M2wyNUl6b2t3dmZGN0VaRndHX2YyM0FGamZWbnYwcFlB?oc=5&hl=en-US&gl=US&ceid=US:en,World Health Organization (WHO),0.0
How can Ukraine export its harvest to the world? - BBC,2022-05-25 07:00:00,https://news.google.com/rss/articles/CBMiWkFVX3lxTE9NOEVlUU41Sk1Rcm1OWUFYdGU0eTZ1YUtzSHp5M1JZa1l1S3oyV1JYX3Jib0ctZndPdE8xaHpYalV2TzlkWWZlM3FPamFJanE1ZUVDaU9xbTdQQdIBX0FVX3lxTFAxV2YtaFBGR3NSSmpwTWt6eUdBMmFwX0lQbUZqbWRTZG03LXlzYlQ1TDdTM2NXTmFSc201WDczbnRFX2VtSm5IZTBNQVM5dUg5bTJLUTZYZkg1bERtMWxz?oc=5&hl=en-US&gl=US&ceid=US:en,BBC,0.0
Refugee and migrant health - World Health Organization (WHO),2022-05-02 07:00:00,https://news.google.com/rss/articles/CBMigAFBVV95cUxNVXhvTjJqT2d1VDFwaHo0UzRxX2s4MkxGT1JEMUNMQzNqd3o3U19LX1lNbUJBNWc1c3FrbERsQmxGS0hCeFEyUzE5S1V2bndmSFpSWDNyXzdtcnNxMzFVNmcyaEpPU2xtTzFNV3pYa1VicWh5NnBjY0FmbmpMREVmaQ?oc=5&hl=en-US&gl=US&ceid=US:en,World Health Organization (WHO),0.0
As it happened: Ukraine aiming to arm a million people - BBC,2022-05-10 07:00:00,https://news.google.com/rss/articles/CBMiYEFVX3lxTFBGM0lyN1F1VWpVWlNJbEFQMjRpX1JPVDZKcHlVRnhDb0x3Q1E5TFZwcWZTWU9FMkMwOXNENy1ISnpQbXdKN2hHOFktTV9OODBabnVDQ0dhcGVvc3lnendDVw?oc=5&hl=en-US&gl=US&ceid=US:en,BBC,0.0
World Health Assembly agrees historic decision to sustainably finance WHO - World Health Organization (WHO),2022-05-24 07:00:00,https://news.google.com/rss/articles/CBMitAFBVV95cUxQbk1sbE9wWG1za0taXzlqYU1sRWNZVTVqam1lc2NBcDJ1Zy1kc294NXRxb1dDRUNQbFJzX2lwZXR5VzFIUjFud3BteEF1dE5udEZudWRvUzliNmFkdm43ZUhXVEFmZmhSc0VFckhpNWZWUVNhWlNuUTNZX1VBYS15Y1BZMll0WVlMZjB3aHJKTnptN0g0T2RETDlkSVVwTjVEQVdsbWV3MHBLZEd5RW9acmthUHk?oc=5&hl=en-US&gl=US&ceid=US:en,World Health Organization (WHO),0.2023
WHO raises alarm on tobacco industry environmental impact - World Health Organization (WHO),2022-05-31 07:00:00,https://news.google.com/rss/articles/CBMinwFBVV95cUxPVEpoUE9IblBmQ1ZfQ1FoeWl2akMtaHZPV3JYbVdGbVdFRUkyWER4d1dsZ1NsQnpzandPc0gycnpYaERfYzJZZzl4cGZRUE53N3YtajctQ3FjMlppYmZxbGIwNEhLeHYyTnZKTERidjNmZ24zc2RPLUdyZ19GTFpoS3NpUmxNUDZKMlR0ZTAxbTEtTTlETndXdnZHUGxYWWM?oc=5&hl=en-US&gl=US&ceid=US:en,World Health Organization (WHO),-0.34
WHO launches first ever global report on infection prevention and control - World Health Organization (WHO),2022-05-06 07:00:00,https://news.google.com/rss/articles/CBMitAFBVV95cUxNQ3hpY1BvTmpheHRSajRMckVmX2JHWlptVjUyWDJXXzR0WjRXdU9vdjJVUkJ1czVlU0xWRmlsLUZKb0Z6d3VjX0JpLTRkTTZSN2lmVG90LV8tRnZfWnE0cDU0N2NCQmtuakNKVjdwZWhoMnljdXprN2NZek9CdnlNQkRkQnVJTVJfdWRYNmxaaWNXcUJyNDlDUDltUzRfdC1uRDRuN0NsaEpZb2l1UjFSOGQ1RmE?oc=5&hl=en-US&gl=US&ceid=US:en,World Health Organization (WHO),0.0
Three major universities quit international rankings - University World News,2022-05-11 07:00:00,https://news.google.com/rss/articles/CBMid0FVX3lxTE5mQ2x4aVJWRi0yOUkyUy1uelRfdmpGanFKUzg4c3JVRmNqSVlsWmdjWXh1NVFDdWE1cGQ1VmUzQkVhNldMamtQNzcwSE4tZEJhSlBRUFg3ckdZZzdaY3FYRmNzYVVzaVl4VDZfejhjbi1SbkFzTXE4?oc=5&hl=en-US&gl=US&ceid=US:en,University World News,0.0
Pope announces 21 new Cardinals from around the world - Vatican News,2022-05-29 07:00:00,https://news.google.com/rss/articles/CBMiqgFBVV95cUxPOHZ5dnBJME1faVhtSXY2NDlEcGFhRkxJMmVuU05CTEhKQXJTc2k1X0l2SkNjckdsM05TMHR5MGRJdk40RFNHUUVDTkMwRXhpYkVTLXBpSDlfMjB2RGdPQm9MVUg2TmJlSzJIR1JqSlRsa1ZISlNScmF3NjVUMFhVMW1NQ3FQbWl4OWMtTktEUzlZejlGX2ZmaXZUc1NBRkM2WTdZVVE5Uzdpdw?oc=5&hl=en-US&gl=US&ceid=US:en,Vatican News,0.0
"Improving the world, one app at a time - Boise State University",2022-05-25 07:00:00,https://news.google.com/rss/articles/CBMiiAFBVV95cUxQVThzNGxnTVBoOVJxSWdZZ0pOdzBFSmJBamY5aWp3UFk4QmtqTHFiTkZyQkd0TmtINzdWY1FfYXR6SnNFNkdJRE5MOU5aRlpiZmhsWGhOS3haa1I4b2lxZzJwbWZXWWtGbWlNLTZJbkY2dGFrU2VOM1hNV2E3UE40OTRIdUs5WlBr?oc=5&hl=en-US&gl=US&ceid=US:en,Boise State University,0.4215
Skydiving salamanders live in world’s tallest trees - Berkeley News,2022-05-23 07:00:00,https://news.google.com/rss/articles/CBMikgFBVV95cUxNT013b1Q2QTQ5VldnX3JyUmw2dU5rM1JzeldYYXZ4bHJTT0ZxUGl6RlZ5dlpUMUlRUk9weURjWWRFeUlWamNLX05xazNfZldSaWNBSU1Qa2VRT1dibXBTcWxMUEtRN2I2dm94UGkzejB2TWpyUTgxdFZrdXpBYVNQd05qNWZtS2huSmxvVEx2bzNPZw?oc=5&hl=en-US&gl=US&ceid=US:en,Berkeley News,0.0
Seventy-fifth World Health Assembly – Daily update: 24 May 2022 - World Health Organization (WHO),2022-05-24 07:00:00,https://news.google.com/rss/articles/CBMidkFVX3lxTE5YN2d6Tl94MmFTODBTR2FaRjdwT2J1cm4wVkE2aDVUeWE0RGd1ZTZCQ3BIbFR4cVNyVDJLWkhTTXZnWkpwQWliMW1GYnJ3WEZzZXFnVTI4T0ROMEpGRnlCN0NyQlpzaVBXV211YlRoRUJGeVRlLVE?oc=5&hl=en-US&gl=US&ceid=US:en,World Health Organization (WHO),0.0
Climate: World getting ‘measurably closer’ to 1.5-degree threshold - UN News,2022-05-09 07:00:00,https://news.google.com/rss/articles/CBMiV0FVX3lxTE5DSFdpYUFLSDZvUExCQ2g5ZU9lYmQ3V3E5RFRYS21nTXZ2eEhIdEd6TldieVFWVlhqbXRheEhGdzJSbkpINTRnUHlCZTVCNFU4Z3cyTXhwRQ?oc=5&hl=en-US&gl=US&ceid=US:en,UN News,0.0
Report: State and Trends of Carbon Pricing - World Bank,2022-05-24 07:00:00,https://news.google.com/rss/articles/CBMiuwFBVV95cUxPMzVUZ2V3bXhnVDFlQ0ZjVHZ0aDcwLWJlUVNEVlJWOVNLSkpmbi0wZDJhU3diV2hISkwwdHNMSkpYT3FJSjVNeEJkRzFvMm93MF9odF9laFN1cGphSFlYSXJQQnIzekFweGZEVjF6MXd6MmhzMVhmakpueVp4dFpBQllRa1hwci11Z1J3WFJUYUJPY2hBSWNKZzF1ZHlmN2JzNDRwQXpXb2xWRDNsckVWRVhhclUzZ3UwUjcw?oc=5&hl=en-US&gl=US&ceid=US:en,World Bank,0.0
New World Combat Academy - News | Official New World: Aeternum Website - newworld.com,2022-05-13 07:00:00,https://news.google.com/rss/articles/CBMieEFVX3lxTE1xRldSS0xSUl9rMWlMajhOT0R2TXRMVUNuQUp4TE1sV3ltTFRpbnZzZUlaU0hLZUtLai1LV0w5d2VfRzRUWVREWlh0LUQ5eGx3dUI0QXhGeXJZc2NObW91N0ZfbzQwVnItYllLb0JoVWVoYWFsQkhuNA?oc=5&hl=en-US&gl=US&ceid=US:en,newworld.com,-0.34
WMO update: 50:50 chance of global temperature temporarily reaching 1.5°C threshold in next five years - World Meteorological Organization WMO,2022-05-09 07:00:00,https://news.google.com/rss/articles/CBMizAFBVV95cUxORkR6cTVISUI0aVBBSkE5X05OS0hHTFFsa245b3U5enZNT1c2ZGpqZjJqeFNkc3o4Y3VMQllKT3psNXRHdVB6M09CYjA1WkwxS1JLUzhKcEROSlVDRktBZUhTbTVVQ0RyZkNGSWlmZzY4TXBNUmE4Q01ueEU3ZU5CSGJRZzA5QlBWeTN3SFlITDJ6UXBldHFBbF9ST3JpVGYxdUJIeHNGS3g3VFV6U3pwN2xxUHpiQnV5ZUwtYS1sY1FKVGNzekNvckRVcnc?oc=5&hl=en-US&gl=US&ceid=US:en,World Meteorological Organization WMO,0.4215
Serena Lopez - U.S. News & World Report,2022-05-23 22:56:10,https://news.google.com/rss/articles/CBMiXkFVX3lxTE9fbVkyd0Z1anNIQzFGNUFUVElEUmVmWS1HcjRiQVEzTm5rVDhoZjBNcjN0czB2Um1RS1J6MjdTLXZ0cDNCOVhoenJJZ1VnbHd1RGNUa1IwMWxvVkx2WFE?oc=5&hl=en-US&gl=US&ceid=US:en,U.S. News & World Report,0.0
World's biggest plant discovered off Australian coast - BBC,2022-05-31 07:00:00,https://news.google.com/rss/articles/CBMiXkFVX3lxTE44bUZFN2Z1R1lIZDFqdUdEQVhyWHB5dWtJNFNudkJ3dDR3ejNTTmVGbUV3NGNqQkx0cDBhVUZKZWljeVQtUHpnRGtNR1d0WWNIREFyR29ndGQ2MjlVT2fSAWNBVV95cUxQQ0JMVmNleElia2xmOXB6aU0tUmRMVHdoTzFpdHgtUjM5dTVTQU1rZHVucUNuZnhJTl9MbEZBYlk4UEE5eDVpcFdEdFBIV21ZQ2FNMmN5bHFFRy1PYXlmN19pSzQ?oc=5&hl=en-US&gl=US&ceid=US:en,BBC,0.0
Ukraine War: Is Vladimir Putin short of military options? - Sky News,2022-05-10 07:00:00,https://news.google.com/rss/articles/CBMiekFVX3lxTE1pYkN2LVdUYjQ3SHpoRG1wdDk4cGtTcmxja2NzcXdvZ09tMlBGaG15WTd1UUF0aElfMm5oYjRyQTZ2VlBTV3ZlcGxtTi1RaVZHNDY2ejVNdEl4eWo1WlI4eEhmbFI2dzlpSUdGdTNtQWpDajBkRC1mcWVn?oc=5&hl=en-US&gl=US&ceid=US:en,Sky News,-0.5994
World’s richest countries damaging child health worldwide: UNICEF - UN News,2022-05-24 07:00:00,https://news.google.com/rss/articles/CBMiV0FVX3lxTE85UEZDNWpfc0xtWDFWMjg3bDFtb0FkX0lxSEN5MjYyUGVXWVpibFNZdzloWG0tSTdyLU9pODFfcnRmdXcxbFZaTUpEd0F2U1pqb1hRY3g5RQ?oc=5&hl=en-US&gl=US&ceid=US:en,UN News,0.0258
Mozambique insurgency: Why 24 countries have sent troops - BBC,2022-05-22 07:00:00,https://news.google.com/rss/articles/CBMiWkFVX3lxTFBrd0Z0SDZJNUxtcDNzM0p3cFROdkdoYWZmWEtVbGtoSlZGTDQyVlhLTmxoNmRiSTFKY0tUdWk4R01GSENfT2toWVkxTVlNVUVxM0x0X1NTSjl2UdIBX0FVX3lxTE8xd1FUUUlwclFPajVqT2xvcnF5YmZkU2V0TF9kcTVhOTFWcDd4a1VvVkhzcUR4WDM5SnBuMGxYQ0xoNkt4eHZDRXhWcjlwVmNRck1zZkpUZ1ZmQ2ktSnpR?oc=5&hl=en-US&gl=US&ceid=US:en,BBC,0.0
WHO working closely with countries responding to monkeypox - World Health Organization (WHO),2022-05-20 07:00:00,https://news.google.com/rss/articles/CBMioAFBVV95cUxNYnBXQmt6d1ZrWEFhckIycmYwdm5QUWlVTm5kNWtKTkJjUlZnWi1LMnp4Ty13b3duYjdoNVBiaUF5Z3lwbnR3N25nZTdWenNVZ0FOV1VDRThUd0k5MEpZQzYzWGotd0lmaS1lSVFWSE1iZF9MNUxTY2FVYmxETVZvaVJwemtxXzNHRWp6QmtwNVdKdnBHRkMwLUJ0QUlXYWFp?oc=5&hl=en-US&gl=US&ceid=US:en,World Health Organization (WHO),0.0
"Seventy-fifth World Health Assembly to focus on “Health for Peace, Peace for Health” for recovery and renewal - World Health Organization (WHO)",2022-05-17 07:00:00,https://news.google.com/rss/articles/CBMi5AFBVV95cUxNeGRHUGFWUnZsN09IVENzVFlXaWpOaFZRZ1lidzZiTVpDeC02VHhtYi1Rb2JLVHJfNmRXRE1hYTlFaGtmNC1tal9paTJtYWg1QnRuaFBrNW5Hd1RxcmY0TkpYTFRxWU9JYVJuak92ZkN4SWU3SmNmM3YwazFoM2FVb1AyX0F0ZFZyTGdLS1ZjUWV3WWE3RW1Cb2sxUzRKek8wV3h2cllEZHcxeDA5cHlzRnJQZkNDcGdacXk0aHg1QUN2VVdHQm1tNjdEa21hVnQxUm9XVmZYaGN2V3ctaHY1X2Q2V3g?oc=5&hl=en-US&gl=US&ceid=US:en,World Health Organization (WHO),0.7906
Statement for healthcare professionals: How COVID-19 vaccines are regulated for safety and effectiveness (Revised March 2022) - World Health Organization (WHO),2022-05-17 07:00:00,https://news.google.com/rss/articles/CBMi3AFBVV95cUxNYUdQMG4zRi1YNHdhd2F5bXBZLW1Hcm56N1hLNjRmajN1VHpZUllpVzBsNGNfLWVhdFlwRHp3b3QxaENETU1MS29KWng0dmU4TEJRYm1iSDVmYjcwOVRFeGZ1Z3N0TlQ1NVJUdEQwSnlvX3VRQ1dOanBERGlCTUFSUlJuNWt0d0ZUcmdydkgzMno2dUZfVDZVZ0JaVDV2U1VyeWhpSzcxaFN4c2VEUzNSVmhpbWdTSVFwUXZ4aWlPeXkzMkl5OWdHS3doSEhmWE5sQXBEZXplc1FYZ3JK?oc=5&hl=en-US&gl=US&ceid=US:en,World Health Organization (WHO),0.4215
Stockton Rocket League Heads to World Championship - Stockton University,2022-05-25 07:00:00,https://news.google.com/rss/articles/CBMigwFBVV95cUxPQmVVMXhqSzRJOFAzZldfbWwyZmpRNTBac3NiRDRoR2lkbC15YzN5a2VDdzd3RXlnLWFNaDMzOE5mRWlMczVIaFNLdUNPREw4YUFjRnBSeGxHT0pvNUYtM183REdrLW5FTkJiM3pyaDBLeDRuMDdjcnJ6WFhzUlUtUDJrcw?oc=5&hl=en-US&gl=US&ceid=US:en,Stockton University,0.4404
"Covid: World’s true pandemic death toll nearly 15 million, says WHO - BBC",2022-05-05 07:00:00,https://news.google.com/rss/articles/CBMiUkFVX3lxTFBlRDVrX0p6ZDJYSFNia05tLXp2VTNXekU1UHRRYS1kTF9LaDN1bGpxdzJLd3ZxeEIwMlVwYmpLT2lLZU1GR1JXY3p4Z1Nzc2d0ZFHSAVdBVV95cUxQQi1mLTNYNU1yOHU5cENGMzBnckJqT2p5SlpPNzQ4LU9LWWxxcFdKaHBvRkR5aHNPOWhTQ0t4MWZXcWFRUzZubmFvbVlvRVVqaTFjYzFWVkU?oc=5&hl=en-US&gl=US&ceid=US:en,BBC,-0.2732
May 2022 Current Events: World News - InfoPlease,2022-05-04 07:00:00,https://news.google.com/rss/articles/CBMibkFVX3lxTFBmLU9VQlhGcVlJUlRON0duTWZyeWo3aXFKbVczQV9iNGNreHRUNGhMZS1NLWh6THJ2TVY2YWZ6LWlZQ3BrU1hmZ2M1bHR2RWF4cWpvQmF2Ullod1RHMENxOEVpS013VUx2VU5PR3Vn?oc=5&hl=en-US&gl=US&ceid=US:en,InfoPlease,0.0
Davos: Church already dedicated to themes of Forum - Vatican News,2022-05-25 07:00:00,https://news.google.com/rss/articles/CBMiswFBVV95cUxOYXhPMG5UdThfZEhtdlV6UGplX2xuelc2bExJaXZJdHF4LUFxejZiOFFDMG9ETjB1cFRsb1pGV1RNTk5HcjE2YTdNVFR0TjFOMG5ONmZIRmlJeTM3WXJ4Nk03WEtWLW1aNWwzLTNwcGgyNExUeHJZNGl6dU93OWNNUzhhUFUxLVFucTZvazZPVW5CTjZUQ2JQZzhfRWJjWjVLMUJmTWlFTkh2OU1IQ05NWTdVWQ?oc=5&hl=en-US&gl=US&ceid=US:en,Vatican News,0.4588
A Semester in Prague Emphasizes Importance of Global Studies - Colby News,2022-05-02 07:00:00,https://news.google.com/rss/articles/CBMid0FVX3lxTFBGZW5rM2NVTlhHWW5CY1Nkc2w3b1ltWWtteVRVQk5Ec3Nhb1g4SzdNM3VZb2VVLV9DdWpyVWlYQXFObW5wbi0yQWtZRGNsVzVfMWlSQWJ4QzJ5NVVGWTA0dkU1alQyYWtGcXhHT2ZwZWJ1eGxiZHlF?oc=5&hl=en-US&gl=US&ceid=US:en,Colby News,0.3612
"Roe v Wade: US Supreme Court may overturn abortion rights, leak suggests - BBC",2022-05-03 07:00:00,https://news.google.com/rss/articles/CBMiXkFVX3lxTFBZSmFtVTFobklSZ2hENjZYeFZRb004VE1aa3BsckxoWDBMdTNYYTZzMzBVN1hRVWVtMUFzclVhUlo4NjgtRXJKZm9iZ3RIQ2tpQkc5SGtfV2ZUSnlFN0HSAWNBVV95cUxNYVRDM0lMVHlHRUNyaTBPVWVQT2kxOTVKRjVLcWVkTVM1UzYzTmFfX1VCM0xmTXRNRFVXS3hNQVlTazhNOFhWOGx3YUt2RHU4WUdkS3VLdjZZZUljUU00dWRHYUE?oc=5&hl=en-US&gl=US&ceid=US:en,BBC,0.296
Students participate in world’s largest international cyber defense exercise - Marshall University,2022-05-13 07:00:00,https://news.google.com/rss/articles/CBMi1AFBVV95cUxNdjVKaHpkZmprQjNhRWVkdXMzS1BfenpzU19jbE42RlF3U1BFTmZPTHZDYlNZcll2eXhlVHJpQUZSNWdoZjVUc2Y4cFV2cDZVOFIycGY0azBOQWZET3htVEVEOXRYWFZPSklSVE5aOU9tUDVLeXFNNEc4T1Z5d1lkNVlpMi1peGZQaHZreUlIT25WdlVLUGd3NUhFeGpUQy1MQTQ1ZkZaSTVRbDdDcG9RNTYxMjBzcWJzanFTbmFsYW9VeXBubzk0LXNyUXJVSThiNm83bw?oc=5&hl=en-US&gl=US&ceid=US:en,Marshall University,0.128
ZIP Launchpad Entrepreneurs Graduate with Real-World Startup Skills - San Diego State University,2022-05-12 07:00:00,https://news.google.com/rss/articles/CBMinAFBVV95cUxNbkxxN0o4VlpEZ3J5M21pNnZUWkhTanVQbjB4M2xlQ2hyREFGd1pTUmRza2Y4LU41bmVlRDVFNlNRdHFwUFhjX3ZycGNnbHRmZUloaE91WG1IeTV6ZG14ZWJKV1dkUVR4Qm1pVVR1X2dqVlItNXJOeVdSUjFNbmxGd0NzZnUwN0JQWkJUb2llNVpUMURNMllZQjc5MGs?oc=5&hl=en-US&gl=US&ceid=US:en,San Diego State University,0.0
Global ‘Roadmap to 2030’ for higher education announced - University World News,2022-05-25 07:00:00,https://news.google.com/rss/articles/CBMid0FVX3lxTFBBZm84YU1Gb1YwYzVtallPR1hJQWJpS3FnQ2ZFdGY2WS05MjNKUWN3YWJvbnh1b1Znd3BGX0RZR3JKWkFSUno3d3otd1pRMmMwR1FPcjY0UXh4Undfd21IRTR0NW9FNDhhV3B4alJxNHpCdGo2cE9N?oc=5&hl=en-US&gl=US&ceid=US:en,University World News,0.0
"Almost one billion children and adults with disabilities and older persons in need of assistive technology denied access, according to new report - World Health Organization (WHO)",2022-05-16 07:00:00,https://news.google.com/rss/articles/CBMilAJBVV95cUxPeVVObUdENEJNT3NXc1hGSVVYUFJqc3JWX0Fpc2N3N2NpcTExMC1iRTE2bzQweXEzLUdhbVdHcE1FVVBkWlpkTDJVUm5CMTA0b0ZZbTV2Q1lfak9lem81V3VxdGdQcEVRLVU4OGxPSXNobG9Pc0dHcHZSLXNTbTkxOXAtSTRfNi1BS2hlcHl6dnpaZUNNMl9Pa1BrVjdxY0hCMzdiVmVSVlJ6a3EwamVIS1U0N3FkZ0Z6OTRDakw2Rk5kbDFHenF1NktMcW12SnpyUUpObDlHTFF6RmJEOUZuNnI3TlV4LXphVmhEd1pzYVBldGJ5NFJvM0JoWlA4XzI3UnZfNWZvbTZ0SWR5dVJ1VVpzSFg?oc=5&hl=en-US&gl=US&ceid=US:en,World Health Organization (WHO),-0.4404
Climate Explainer: Article 6 - World Bank,2022-05-17 07:00:00,https://news.google.com/rss/articles/CBMiswFBVV95cUxQdVBTcmg3c0tfNkNKYldVX1dpR0h5dVE1M29YMHh2VzF4UWZMUmhRdFRuQVlKMVZtdmkwakttNmg4NFZ2bDVQMm9qNTNHRHg3WXZKbnRySVdGTW16R185dVN6MHFYN3J2WUFVSFhObUkwNnZkSHYyTWFSNEV2M0tvZUI4cFZhQVZraDUzQWVGM3Vpdnd4Z0RRZTYxd0NGTFJiZXZZbGNUUkotWGV2ajllWFZoZw?oc=5&hl=en-US&gl=US&ceid=US:en,World Bank,0.0
"World “at a crossroads” in drought management, up 29% in a generation and worsening, says UN - PreventionWeb.net",2022-05-11 07:00:00,https://news.google.com/rss/articles/CBMiqgFBVV95cUxNOG1QX1NVSEtKWUVpbVhucXVsQTkySVM5MjVLTU1VREZqRW9Zci1BLWFTc01zYlQ4T2xvN1U2bWNvLXFyOU1pdm9RQ2ItQ2lOeUd5UEFMcTRHOXlQQmNtblZnTXo0T0tLX0k3TnNQUEhBSVRWNXU1R3FvLXotU0NaY2dxU251MjZldV81a3QwMnpjMEF5Z0FJaGxJeDJvZzJiZUV4Zm4tUHRDZw?oc=5&hl=en-US&gl=US&ceid=US:en,PreventionWeb.net,-0.4588
WHO Results Report shows global health achievements despite COVID-19 pandemic - World Health Organization (WHO),2022-05-16 07:00:00,https://news.google.com/rss/articles/CBMiugFBVV95cUxOT3dIYTZxRmVmZVc1T1lqN25NUkJtVjdlNVU5d2hBZzNsNC1KWkpmN1Q1c0R2RkRBS0xwM0VFYjQxQ0hPQ2RCQjd5c2dlTmFTUS0wR3pHOGJPemdXSkJZeURscWE2UEpDT09hRzJyaEtXUDlnSzBwdVR4NGpvWGVMeWpZallpSm1FN3Q0YTZQaDl0TkpRQk4tQ04yMC04WWw4Wm8wLUp1TW1McndqNnlCTFh2YkZjMFhlanc?oc=5&hl=en-US&gl=US&ceid=US:en,World Health Organization (WHO),0.0
6 Podcasts That Go Deeper on the Headlines (Published 2022) - The New York Times,2022-05-03 07:00:00,https://news.google.com/rss/articles/CBMiakFVX3lxTE5VcUJSX2c5U0xjR2pseG5nOEVOSkYwQXVVaDN1aEh5UURLaHFIMi1NNjVWYTBmR2V5bjE2ZU5wcmxiZl9TUDE0Ui1vbm43dTlGc3hoNkJzUmxZdHduR21JM0xmc3oySW9iY0E?oc=5&hl=en-US&gl=US&ceid=US:en,The New York Times,0.0
Ukraine bid to join EU will take decades says Macron - BBC,2022-05-09 07:00:00,https://news.google.com/rss/articles/CBMiWkFVX3lxTE5xSWxIcEp5S19GaGc5emI3WElvLURzTi1wR0pQaWNGLVZXWlJUVXdsRFc3S0pHT1k5TE0wR0RvbjZEeWxiRXNLRkhrSUdtUkVTVFV0WkpPWV8xd9IBX0FVX3lxTE9IMWFMYzNIZTdfTzFRaXFTcE1DUHotdnhMT0lYRktWaTFHRGY5MEdQQnZ5Z010SExMRTF4N0ZjRzlCeG84a29zeHViQ19wSEE2MjdsSndRaGZlbjZLeDI4?oc=5&hl=en-US&gl=US&ceid=US:en,BBC,0.296
‘Death to the enemy’: Ukraine’s news channels unite to cover war - The Guardian,2022-05-25 07:00:00,https://news.google.com/rss/articles/CBMiqAFBVV95cUxNbmZXa2k3UzFYS0k0LWRCNUtHV2FVNkRTQTI3RDZTWEtpODR1bEZyNVE4TUdPdDloX3ZOQ29uLTZHeHZUblM2cU9FRVBzMjR4cktOb1RBMUZDcGxQYjI0MU5QLWlhM3pKYmlza0puYjhWeWNxSFNVN0VOXzhwckcxeFUyNlU3ZUhVb0UwV1E0aC1yVkdwNWJrMmJYYU5TcnlDWVROMFkxM3M?oc=5&hl=en-US&gl=US&ceid=US:en,The Guardian,-0.5994
"'COVID-19 is not over', Tedros warns World Health Assembly - UN News",2022-05-22 07:00:00,https://news.google.com/rss/articles/CBMiV0FVX3lxTE9pS3I0NHdKZEJLQ3l0WEUzai16elZaWUk5V3hBUFR4OWhWWFdvN2hVTXFKdXRVdlBLRXdobmM1YXB0bkdjSGtlNWdWT09fUkZVQV8zYVRqbw?oc=5&hl=en-US&gl=US&ceid=US:en,UN News,0.0762
"Purdue, Rolls-Royce sign 10-year, $75 million strategic alliance agreement - Purdue University",2022-05-25 07:00:00,https://news.google.com/rss/articles/CBMisAFBVV95cUxPYkJLYWYxTnFESWVOS25zUWI3NWxocXpMUUZlMHJQVUY1Q29WWFh1b2dpTzJKcVhYWkZDYkFVV0NRWXRBNGhIZFpRNkYwY2pFcGl3NjQ5dmhERk1lUE9KQ0dfbFREOXNmWEVfa1hPRXNEZ0owSGE1Y1lqNmprOXZHeE5jQkVEa0g5S3R1VXhQWkZNTGxZbmpOOU9fb05EMUFNdnNfV3RVTGtUTU1CNTNVaQ?oc=5&hl=en-US&gl=US&ceid=US:en,Purdue University,0.4939
Why India's real Covid toll may never be known - BBC,2022-05-05 07:00:00,https://news.google.com/rss/articles/CBMiX0FVX3lxTE51N3JkalBVOGZoM1FkdE8wRHk1X2dPcXpYSVF4Wl9KTFBXbFRqZjZDTWlJMk4tSUZRXzF1NE1oVDNMR1dYR09IbllZLTc0ZkU5bWF1aTRSWTdkaDdhRkNn0gFkQVVfeXFMTnBOeG9MYW1aWERiTXMwVFRKSkRYZ2xEdEVJbWxtQUYxd1I0cjVqdmUwYjFueWI1dE5YMU9NMVZRMDVhY0Q4cjRMLWhNQm5WeDA5cllnRWJSWnk1UWVmRmRVMVB6Rg?oc=5&hl=en-US&gl=US&ceid=US:en,BBC,0.0
Russian oil: EU agrees compromise deal on banning imports - BBC,2022-05-31 07:00:00,https://news.google.com/rss/articles/CBMiWkFVX3lxTE5CejIyWXlHOExoT18xVHZwY1RweVd6OHhSVnNfNXh2N1pMN0g4LWk5T2VNUkpTanY3WEVPQ1NXNU9HQy1GVUNPUm9mcTdIcmUtUU52cjdPV05Ed9IBX0FVX3lxTE1idUFvMF85TzZwNWxkbjBONk94ZldxQTZOcGh2Q1VUMVAxQjg1S2Rja3dkX3pUNW9wUU5yY242SzNBWEhBZndfazlEWGg3WmhsVGpxcGh0bkVYRmVhVzJV?oc=5&hl=en-US&gl=US&ceid=US:en,BBC,0.2023
US SEC looking into Musk's Twitter stake purchase - Hindustan Times,2022-05-27 07:00:00,https://news.google.com/rss/articles/CBMisgFBVV95cUxNXzYwOTFQSnIwTzREZHNkOXl0enl2OHA2Y2VqTGhnOTh0WFdSVWpJZTJRcEFLMlBqd1N3TldjY0tDcFh6T3l5aF9pekZZampuSXRlUzFyd1hqd2tNYzlDS3RyUjNUYllaZllYZU1pV2d5LTFtZGVkODNLS0VBQUd0QmJZNVpUR3lKOWtaSm1uYnJ6NmJzQU5ZaDNsbVZCMnl1WDROR29RMXZiVDY3VDhMdy1B0gG3AUFVX3lxTE03WEpEX2FsSVItZlhoZ0dhcWwyX2ZkRGR1Vmp4NzIwb3Z3TEpGamF6anhjRndDVGZfRnJWMEwtQjBYdmM0RlNCY3NwZl9rUEpNZ0pFejZHWHZFMWxnZWNIaXVOcG9fTEVBM25KTGs3bTExU3BwZlUtQm10dkFRV0MzYmdzQkR2SXBjd01Va2tHeFJQTFE5cFBqemIzRjZWNWJ0NkZqOEJ4NUFSanJjXzJiVy16UHU1bw?oc=5&hl=en-US&gl=US&ceid=US:en,Hindustan Times,0.0
Seventy-fifth World Health Assembly – Daily update: 27 May 2022 - World Health Organization (WHO),2022-05-27 07:00:00,https://news.google.com/rss/articles/CBMipwFBVV95cUxNaUZBa2lBYm9EVm82b19rNzEyTWxGdFhNLUNOT2NDazF0TzlRcGZIZ1U4amNpdWI4VWxrMWctMnlGc0JVRURuSVJjWHFaQnoydk5uYl8zeV9NVVRSX2NwbV9wNDFVTVFJWHNZeWhtUUszeG5rekVkMFdrZzhCejYwR2NIU0tTM1VWdXdVV2ZRUTA4eDBkMnI5YnlqUV9ybGNwUjZJZFRNYw?oc=5&hl=en-US&gl=US&ceid=US:en,World Health Organization (WHO),0.0
World Health Assembly re-elects Dr Tedros Adhanom Ghebreyesus to second term as WHO Director-General - World Health Organization (WHO),2022-05-24 07:00:00,https://news.google.com/rss/articles/CBMi2AFBVV95cUxQbER0Y3BtLWgtVzE2c2RucDBXc29FZ2NsVEtkX2RlYnNVYW9adG1laDQ2ZzVPWjhWSlY3amoyQnVlTmdHcUlkcGNFWWxnMWdnV3ZtckhzQWJXZUJsTlJmNU5PUWlub3NvTUVmMXhIZVc0Y1RpYkl1YVJMYmE4eExZaWNxWlJoVm9hMnR5YTV6VW82NzVmbF9IRG9HTlhZV1lwbDBjYmdmTENaYUZUaHhIWGk5bkdoelpQeGt2NEVVSjJwbWQwdm80T2F0MEh2ZXRicURBZ1hpQU4?oc=5&hl=en-US&gl=US&ceid=US:en,World Health Organization (WHO),0.0
"Policy Reforms For Dignity, Equality, and Menstrual Health - World Bank",2022-05-25 07:00:00,https://news.google.com/rss/articles/CBMirgFBVV95cUxNVXpzMVBnc0xpVnFFaHhIRm5RZjNaVVlfWEJfUGZUR1h0V0tWXy0wVWkyNmJOMU0zNUZoNzFEc3hKRUdZd1ktRXdsSm1UdFVZVC1YanFQZElEbGItWGZvQ3UyY0ZUTlFHNDJlajFUV0hmNVV3ZzVqTGVNdHAtR1RXU1pIS3RFZmttaHpiSnRTSWQ0WW5JZ09ETlZoUXhEQVJEZjczMThQTUplNFdRX3c?oc=5&hl=en-US&gl=US&ceid=US:en,World Bank,0.4019
10 ways you can help fight the climate crisis - UNEP - UN Environment Programme,2022-05-04 07:00:00,https://news.google.com/rss/articles/CBMijgFBVV95cUxOVXB1MjFYd0d2NHczbjZWXzNydEhNSUlsUVVVWkYzQ2hRTUVaZlMybnVXbTdwc0FFUVlJcnpsM1p2ZmZtVk9lOVBMakhiQ3NfQ3NfRlZmbkx4bXZOeWpXQ1Jybm84UGdJWnM3UTlrWjlIaVdqY2djcm9ySURpZ09XaUpuRmNraWs3cnFsbjlR?oc=5&hl=en-US&gl=US&ceid=US:en,UNEP - UN Environment Programme,-0.6124
How Ukraine's 'Ghost of Kyiv' legendary pilot was born - BBC,2022-05-01 07:00:00,https://news.google.com/rss/articles/CBMiWkFVX3lxTFBJd3pJRU9IWkJqUlkzaDVvSi1OLXZoSmlYQm9oblBNTkRjdzR6VklhSndHNzZHNE1adHRxN2I0WF9aLW1YWFY3YnVWaXhwT3l1NmZsQ0twOVBHZ9IBX0FVX3lxTE1zbWU4eTNoS1VJdTQ2T3p4LXRPYVJNcDNaMzh1a3BqSzZGX1JNU2lUdUF2UFVxVTJONXlVcXRMNnJ2cTY3MUw0azZKUzExUmxNd0lKYm0xdm91QnpfeE5n?oc=5&hl=en-US&gl=US&ceid=US:en,BBC,-0.3182
‘Lifeline’ of renewable energy can steer world out of climate crisis: UN chief - UN News,2022-05-18 07:00:00,https://news.google.com/rss/articles/CBMiV0FVX3lxTE5fT2VmY3Z0Tkl1b0Nvd01jRTlyUXdkY0k5OHE2c1NZbnJBZmx1ZEV4Nmh5M0UtNWVON0VpY2Ztem1DX05kUGpUZDJoWHRveE1zVmNueWotUQ?oc=5&hl=en-US&gl=US&ceid=US:en,UN News,-0.4588
Russian mercenaries behind Central African Republic atrocities - HRW - BBC,2022-05-03 07:00:00,https://news.google.com/rss/articles/CBMiWkFVX3lxTE1FT1dwUjc3TFRWbGt0S1Jnd0Q0NlBqVEFZZGJEVmlVYlJOdl9GYnkxSGpsM2gyTkpjNUlReDdVWG9nVURJM1F0Wlp4TXVVOXlEdllDbGpWUlFRQdIBX0FVX3lxTE1zTGE3UzFxTjNGSHNiaWlrMjA4cldFM1dzOEVhUms1TTU1UUlicndzU1c5b1AtbW9TMFl1UXNUeVdDaFhHWldSdF9OZTROTTJ0RWo3aDhZaXlzTUliSW9B?oc=5&hl=en-US&gl=US&ceid=US:en,BBC,0.0
Climate Stories | Carbon Markets - World Bank,2022-05-24 07:00:00,https://news.google.com/rss/articles/CBMilwFBVV95cUxNUDM4MWpqUzZvWXdwbXV5Wk52U05tSHBYSzBuZGhyWnhNU0FxU2wwYWt4WjVsWVRYd2oweDExdGdyZFNwMGExTnUyVjlZRzFlVjliNkZGc1ZDTi1NT3Z2TWZVLUVoT2ZFSDVVQTlRNXJSaWxQWEppUEdrVXFnZ0hYb002S0UwbHRTMGQ3OV9ibnVnbWViSjRZ?oc=5&hl=en-US&gl=US&ceid=US:en,World Bank,0.0
Does US really have world's highest Covid death toll? - BBC,2022-05-12 07:00:00,https://news.google.com/rss/articles/CBMiSEFVX3lxTFBQS3FJbm93eEpaS21EZlg4cEg1c3RTTWNPRGF6cHM5VnNDRVJnZE1fS3FTV242aDVGaXRUSlB1azVuVVR3aGplTtIBTkFVX3lxTE1BZkpkbG8xQVo1R2pqVW9rbmMyLTVBNGZSVURDakRGV3NibFlUSzFmYkEzY290UEhYcW5CU0xfZkYtYmMzdzZJdWppaU9tUQ?oc=5&hl=en-US&gl=US&ceid=US:en,BBC,-0.5994
COVID-19 pandemic led to increase in loneliness around the world - American Psychological Association (APA),2022-05-09 07:00:00,https://news.google.com/rss/articles/CBMiggFBVV95cUxPZ0gwT2hZN0FIQ3BIcWgwNk9qZmc1Y0ZER2xEcllnLXB2RDNmU3lSOGZ0VGxqUUN3UUtKaDBoVGtlNjdkNkVocU56ZzM1Y2Y3Mm5UTGd4UFNMQUR2Z3VHc3ZMbGh0S3VsUUdWZVZRMjE1MFI2eXp0Q05rVkpmUVIxdFVR?oc=5&hl=en-US&gl=US&ceid=US:en,American Psychological Association (APA),-0.128
5 Reasons to Consider Community College - U.S. News & World Report,2022-05-19 07:00:00,https://news.google.com/rss/articles/CBMinwFBVV95cUxNT051VDAzTmxndlI3WWZsNnZYQUotOFd5NWRMQ2hYZ2xsdzk3TU4zOWtSZkljY0JFT1FpXzlQNmxqRzFUcHRZMlRmeGRIV1VjcWY5dXY0N09ER1h2c2paRzNhUEFuNVJMbWhDcXJaRUlqWTByUWRwYnJ1SDdUVy1DRm5EZGh5Tm15UVN5c2JpSElYa1dpcGVraTBmNTBIUUU?oc=5&hl=en-US&gl=US&ceid=US:en,U.S. News & World Report,0.0
Elon Musk says he would reverse Twitter’s ban of Donald Trump - PBS,2022-05-10 07:00:00,https://news.google.com/rss/articles/CBMinAFBVV95cUxQSjBjdXY4d0s5MkwwMVJicDkySVl3XzdzNkFOYWFVcmJWLUtsVEFEUlpZVDlCdG5nXy0zUmpYaFJtUHdPM19HbnNXM05uQW5EbmxWTllEcUdyWHRGdEY4Vmc0b1J1cDZPNVhCTEZOdHJiMG5zOTdza1BpVU9xOFZqeEFUMXlmUnQ4YzFzU1BkSDg1Yy1TbW9mbS1lVlM?oc=5&hl=en-US&gl=US&ceid=US:en,PBS,-0.5574
Bongbong Marcos: The man attempting to revive a corrupt political dynasty - BBC,2022-05-05 07:00:00,https://news.google.com/rss/articles/CBMiV0FVX3lxTE9sMmFod05NcXBGd2U1VUtnWkFHcFA4ek5tcjZsSVRfLXVxOGRoamJsMlVYYkpxWm5KVVhBUlFISS02VUVkN3I5R2lnd05Zak5BclNSNUYwWdIBXEFVX3lxTE1vTUNVSTNNbjFZWXdfTjd0N3VCX3g3cS1tNHpyUUxyb0tYc19HX0o3UUYyTzV6OGo3NVdYREEzN2loWG1NUFN5VFBLVG9LZnFobVhJMFBTelRtejRu?oc=5&hl=en-US&gl=US&ceid=US:en,BBC,0.34
Pope: World needs a new Christian model of economy - Vatican News,2022-05-25 07:00:00,https://news.google.com/rss/articles/CBMiqwFBVV95cUxQOE5weXBJTVVCNDJvMERRZERvUUhxYUpzZXMzd3o1bktHeFlhRUowR2dFX2owdlhDNlBWU0QyNC1OVFdpTUg4eFJxanBDMUhURmVISUk2ZUNQWTNJeXV1NUdmUWdYWndGSkotVmxVTUhxUnlFcnprMlNHTlk1dXpzbnViR1ZNeW5OM2VQNjRMTUJFcERrTjVCajd4VDYyN1ZIT1B0NG5GSl9uMjA?oc=5&hl=en-US&gl=US&ceid=US:en,Vatican News,0.0
Apocalypse now? The alarming effects of the global food crisis - The Guardian,2022-05-21 07:00:00,https://news.google.com/rss/articles/CBMiqwFBVV95cUxQNko0NWlnWU1Sc25NN1BvZVNSLU95bXlVU3QyYkJSYnlWcmdvVXhwcjZoeGlST25hamhQa3RGaVctZ0JmTEYyUGZob1htdWZ4d29VUXlTUlBlLS0zTUlMeU02ZS16NWo0SlUxQy1PZGRBZV9EeFc4OV8tYTFfSU9iM01iNVNfTGdNNkJ0LXdHM0lIRTFnOXprQWxHenlGMi1UQ1RuQTBBMTc4N3c?oc=5&hl=en-US&gl=US&ceid=US:en,The Guardian,-0.6808
Chef José Andrés on serving meals in a war zone - CBS News,2022-05-15 07:00:00,https://news.google.com/rss/articles/CBMiqAFBVV95cUxPOHB2M3pLR0RGQVByX0txYzUtQXUzTld4dkJlZk1vc0x1V0NRN3pJckRIaS0xVXpyRWdlanRNQUZQUjRkRmR3TUU3d2wwalJoUzBndGt3WktxdkRmbTNFMGYxRW94VWNBQWh4cnk4SDk5RnV4emk0MnJlcmY3ZUNjZTgzY0JYSFNLb3ZDNTNvUzEzQzh3ZUQ5cjhFLXZKU253MlIyeGQwQUrSAa4BQVVfeXFMTVRxSERjWVFpMEN1VTdNZWRfN3gzY2ZLTFVlZVBlMWZ5UXpaNVg1eWJ0Uk5JaUt3cHp3NUxmVExEX3Z1SXItSmFtRWpLajBMOTZyTV84QjZZMTUwa195SVJFbHhtMEk0ZTJ3TVJnZ090MFFneHoxN05Dbm1kUGdOZllEV0hIaXRiUGZhZkNaN0pxa0RudDJaUXNEVThYTlgxWlA4Um1EYkpnM2w2ZkhB?oc=5&hl=en-US&gl=US&ceid=US:en,CBS News,-0.5994
Sheikh Mohamed Bin Zayed Elected UAE President: State Media - NDTV,2022-05-14 07:00:00,https://news.google.com/rss/articles/CBMinwFBVV95cUxPVDhrNHNXUXc4dTA3b0xGbU15SmxOUkM2ZkdVUm1TUWNJbHRYTGkwLUJDY2xqekVSM1FZdWl6eTVPNzVUUFBla0RweHhBMjlUNWtZVnpOX2x5UHRQMUJUa29DZ0ZfRlVYX0dubzBCUm45bkkzREtyWDZpaEJob3BaVUFETXUxc3FZMzFDc3luck9lYTFobmxWV0ZpX3ZENnPSAacBQVVfeXFMTXhVcTVKUWN3dUtWVk4wOFpjbDVSa0NnR1RTREhyaElWUmliRG1iOElVdS1FZmpmczhuSEFvN1Vuc0NHWi03RXJLWUx4QTM1Rmh3TWxKdnBnNlRiTEZSYUExcEpjVlpvaWZ5U1NoYUtvaUt3UXN0N213NElvcEdGRUVjbTVtOWpycXhpZXQ4Y1NzcnY5VEh5YjZ5MlVYbmFDeThQTHJJb28?oc=5&hl=en-US&gl=US&ceid=US:en,NDTV,0.0
WHO Director-General announces Global Health Leaders Awards - World Health Organization (WHO),2022-05-22 07:00:00,https://news.google.com/rss/articles/CBMiogFBVV95cUxPVFY2czFmcmpIZC1sLTlsdDVSQk9BYUdwa1dITnRUUFR1LTYxZ1Z5ZUp6Y2ZCbFlsbU9RWWlLelRIbXBfUG81cFZPbjBVdlpid0xnekRsMU1vVUI1TmhEMnEtTnhMbi1GVjkxbl9yMU82RjBfMEZvWnJTRGhiYnFNUHg0T0I0YWZ6ZGxleVQ3QUdpbjBHcWtqd21sSjcxWFU1VXc?oc=5&hl=en-US&gl=US&ceid=US:en,World Health Organization (WHO),0.4588
"Russia Takes Censorship to New Extremes, Stifling War Coverage (Published 2022) - The New York Times",2022-05-18 07:00:00,https://news.google.com/rss/articles/CBMijwFBVV95cUxPZXVaSmdSTVE1T25VLVM3bE41dzNMeDdzeVJuLVJGTjlCbkhuTTkwMFl6bHdHdWZqOUZ6U2ExdmROS2VHVHVDUlItT0xfMjB6bUU5QV91X210d2xMd25HV0xZVjJHZWpSQnJHaGsyaGdWLU5wMFVpbGtQWktyRS1GNnlqQWtlUFJlVDFvTEMyUQ?oc=5&hl=en-US&gl=US&ceid=US:en,The New York Times,-0.5994
Why the Marcos family is so infamous in the Philippines - BBC,2022-05-09 07:00:00,https://news.google.com/rss/articles/CBMiV0FVX3lxTE9oX280RTBwWnhZRXBQeFFoM0NVMk0zSkNlaHVqQ0Mxbktma1J1b3A0SEpGdXFsYXJZSHlPTV8xa2pMN1dpYnhwaGtyWm40SXk0OXBnYVVHWdIBXEFVX3lxTE1yTFFXMkRHeEwtTFdoZEZYSkxzWF9QV1RGQnNYM1Y0ODMyV3NHaXhQNTE3LXowNUl0S0Eyc3ZuYUR2QWh1X28wVEoycXgzRzZKVUtudnFNRVJqS3Jp?oc=5&hl=en-US&gl=US&ceid=US:en,BBC,0.0
Israel outrage at Sergei Lavrov's claim that Hitler was part Jewish - BBC,2022-05-02 07:00:00,https://news.google.com/rss/articles/CBMiYEFVX3lxTFBYdHZoVWw0QU5yUEUtNkVTTUF0YjFyOXl6RGs1ZEN3NTBuUXNjVFdZTThNcmdqTGJSdzdTNDJmWDUzM0lwRFZUcHgyTEJRRk5OXy1Kc1VwUTA5N0YwY3UtU9IBZkFVX3lxTE51VXZYMEdsNlFVb0g0Nmw1aVJBOUt5cWNUUV95NEdkbjdZcHVpZDdibE9XT2JZTXFjYjNqR0EycjZzRzhhWHBsd2h2cFNDVFlDMUNUdkRzckY1U2IwdG1meF90dFJxUQ?oc=5&hl=en-US&gl=US&ceid=US:en,BBC,-0.5106
"PM Modi, German Chancellor Scholz calls for peace in Ukraine - The Indian Express",2022-05-02 07:00:00,https://news.google.com/rss/articles/CBMiqwFBVV95cUxQX1l3SkZBZEQtaWhPMnBUdE9PTXZOMHZhUkp1Vkp2QnhSWnA1NG9jaGo5MDd3cVZBam1iVWJGYy1Qc1h0RHpSZ1JleUVjSnBWc29lLXk4NlVuOTNHV3pBUEZIWjdJemVmR1F3eE8zNGxQNVdCNkE2Y0dkRDlhZDdES1FJaWNoUlBGZmM0ank2LVdDTC1hUkxHV1lzUWVVdXBEQTMxVUZMUnRWMEHSAbIBQVVfeXFMTkFsaDZEVkRROWR1dzh3b0o5V2pXa2VtTmt1YnZWUVpxUDQwaTgtZU0wLWVWYmV6RHJZRC1BYkt2ZE9vbkstOUdOZ0EwVGVka0FhWUo4SUhfSklBaW53bXlDcDhqcUcxUFJiVlZwQzBubmxEb1AyX0l1MURaTHFJT2tzVjJtYmhYSlBlWUZtZUJDQzBzdzg2MmRiejFrYzJjV3lDNEJwU2s3a2JNbk50c3ZGdw?oc=5&hl=en-US&gl=US&ceid=US:en,The Indian Express,0.5423
Marconi's first radio broadcast made 125 years ago - BBC,2022-05-12 07:00:00,https://news.google.com/rss/articles/CBMiY0FVX3lxTE82c240WkV1Y2FIUW5ZbEVyMHRGclFzVk94dUZpdVNhSmFYYmdIZ2ktMG5xV0NTRk1zaHRfRlh5R0NTT25tVk5ldEZHVFl2Nm5wVGlVbE9uVnpTNkJKQWFIMXRaTdIBaEFVX3lxTE9FS3VzcFQ0QVpQem1fZXpmOGczWUVqNzJJY1p1bzBjTWRFV3FEREZXMkYxbU9kR3V0ZjFaZ0lPekgtU05RSkNsMXNQbVRJWm1RRTVkVzQzLXRuUUFCdDlVUmdTM1VDZ0FC?oc=5&hl=en-US&gl=US&ceid=US:en,BBC,0.0
COVAX calls for urgent action to close vaccine equity gap - World Health Organization (WHO),2022-05-20 07:00:00,https://news.google.com/rss/articles/CBMinwFBVV95cUxNanRNS29BTW1MZDRObndBQXpJeGFoM201VWtjZUcxUlRHOXZGOEdUYkJ6NUNnNDJYQ2JBTzRRb25tQjdTU1BRRm9fWWFjRU1zdzQ3UHRFcnktWk5DUE1UU3pJRHlraFdfZlRsUDR5OFo4anRNN284a0hELV94ZmxOdloxc25RTWpVSC1kYWkxaGhodXNGMUg0ejFxa2hHVGM?oc=5&hl=en-US&gl=US&ceid=US:en,World Health Organization (WHO),0.2023
World Migratory Bird Day illuminates the dark side of light pollution - UN News,2022-05-13 07:00:00,https://news.google.com/rss/articles/CBMiV0FVX3lxTFB6RElJbHhGSkFEUm1DQWtXZUVNNnhfZFNqUlhoQ1NOZlk4U3FqSm4tckJIWUpHbHd0NlZHWkFkNFE4YWdzQVNLenFPaDYtVDJqdHV6cGY3bw?oc=5&hl=en-US&gl=US&ceid=US:en,UN News,0.0
From Chile to China: The global battle against desertification - UNEP - UN Environment Programme,2022-05-10 07:00:00,https://news.google.com/rss/articles/CBMimAFBVV95cUxNb1JFSXQtWVVvUDhoVE1DX1o0WTNXVTNua0JITGgteEt0YXdRdG1maUJMNFlGV1JHY0VWVDFRS2s1TF91TjNrN0Jmc0hKVnpOOVdzbm51NkJUMGcxcTFnVmhUaC1nS1hZckszY21JRHZXNGhsclRNTHBPdDNzMFdZc0hEVWZPcC0yd0hMMUZ5ZHg5U21qTE42aQ?oc=5&hl=en-US&gl=US&ceid=US:en,UNEP - UN Environment Programme,-0.3818
How long will Shanghai's lockdown last? - BBC,2022-05-18 07:00:00,https://news.google.com/rss/articles/CBMiX0FVX3lxTE5QaXBpcXZZWVVzbmR1YXVkemE2Qk9oT2wxSTZGYlB2RUNPTWlZZ2w5N2lEanhjU29qak02M2EzVUUtNjZqSm1rRVVtYXo5NXVhX2hTamRDdmYxNkUya2800gFkQVVfeXFMTjE1MEotcmpQN3F4UHR3bXVHcEV6RXlMSUFrZlFGRllOUkVqa1g2SVVOWFVvekZxZkFfenkzV2N3UE9yQzZtbGxianYzRU8wUVk1eFZzMUpwdVRSNnBrcElCd2hSRQ?oc=5&hl=en-US&gl=US&ceid=US:en,BBC,0.0
Completion of merger creates publicly traded SMR company - World Nuclear News,2022-05-03 07:00:00,https://news.google.com/rss/articles/CBMimgFBVV95cUxPaGd1QVBpcnFnZXZBTFRURENCbmVaeFAtYzRDejVQRWI2OW5JSE1iSl93QXhNYldPQjVmLS1GTXRRTnlVV2RMX2x1N1RoZy1tbXZ5ekp0blRiaG9GN0JjZGhibk9zNnZMU0xFeHc0WDBqUGJIWkRaZi1OckpiZlhZUC10am1LUXV3d2NuWUFsMENvdHNhNk1NTWFB?oc=5&hl=en-US&gl=US&ceid=US:en,World Nuclear News,0.2732
As it happened: Biggest-ever US aid package for Ukraine approved - BBC,2022-05-17 07:00:00,https://news.google.com/rss/articles/CBMiYEFVX3lxTE5JdlJCXzJsY19TazEzenZGVVlPZWlLY1BHZG5yWVpYLV9taUs3NG1fQjd3T3BXSW5TZ0syeURMeWhLRmo1SWNRaFpNendPMVFXNEIyVElEUlpCYkhyZXhzNw?oc=5&hl=en-US&gl=US&ceid=US:en,BBC,0.4215
Awards for outstanding contributions to public health presented during the Seventy-fifth World Health Assembly - World Health Organization (WHO),2022-05-27 07:00:00,https://news.google.com/rss/articles/CBMi5gFBVV95cUxPTktaQ01ScG9tS3VPX2pkTTdObTRiRm8wYWFUN0pMMlFyOFpzMUpWbHFYcjlCVVZFM2hMR0ZtNnBFTE5uZmQ2aDhrSmc1WFJOTTBaRlZnQ3hZRXpKWUFxajlHYjF5Vm9YVmlBY0psMUJHTE5sY0MxX0RzdXZBQTUzQ2ZFUjQ2UGlvZHBjQUZfZWdWVDZwTHRPRmRVZ0x2bmllUGhuWUtLeDRfS0NWc0Q5MlYzV2pjQldmeFBUNlpKZFhORzVic0JNdm56b0VuWmZodEI3UDdYQnlvY1dmRllPY3FDN012dw?oc=5&hl=en-US&gl=US&ceid=US:en,World Health Organization (WHO),0.7906
"Bangladesh, South Korea enhance nuclear energy cooperation - World Nuclear News",2022-05-25 07:00:00,https://news.google.com/rss/articles/CBMimgFBVV95cUxNclFyQ3FZUVRWN1M5VlltWWI1ZTNCMV9zZnpCZngxMWZidEwzNmtYX1RpWFV1aWtGaVZ3Sl9rMW9ybG5WbGVtSXNCcUVMaUdldkl3My1GU0tmRUVYTTNLNFZMTVJBeTNrWmlQUS1mV0dYYlVwWnhMTUlLSUo5T2lVNnN6MXdWQi00YzFZMThyOTk1T0N5SkdSXzV3?oc=5&hl=en-US&gl=US&ceid=US:en,World Nuclear News,0.2732
Sri Lanka: The divisions behind the country's united protests - BBC,2022-05-03 07:00:00,https://news.google.com/rss/articles/CBMiV0FVX3lxTE0wcVNwTy1QSzJ4NEFaamJzbDdpTmd1WlcwZ2xaTFg1eUIzY1RMRDdQaGw1dzNXVkRLTG1hWkxINkZ3Z3FyXzZBZzJwNmxBV2VqZmJxd2Raa9IBXEFVX3lxTE5OOWhCTF9DUkNqVDAxek00ek5FelFRYXlYTVhZME10Y0JvVU0yakYwc2tBUkJBZUJFMkpaZml2b2ZnRHBSbkotRkRsUzFBS3lTeHdueG05dkJ1WWxS?oc=5&hl=en-US&gl=US&ceid=US:en,BBC,0.2263
WHO highlights glaring gaps in regulation of alcohol marketing across borders - World Health Organization (WHO),2022-05-10 07:00:00,https://news.google.com/rss/articles/CBMiugFBVV95cUxQRVJ5cVdvdkJwV0U5a1FER25fakZxZDI0blN2LWpJV0JaSGg4WGlsNWlmYThvWWVKa1FkcWpfYmRKSkRyS3pILVVmZVZoajFtZi1VTUV1T1VNSHpVN3J2UWlDUEM5YWFBNEUzMm83dmdITDlzLXhkUmhXcThjVS1LT0Q1ekh4RWExZ3p0cndfLXdJTnV3bks3MzhHc0FtVFd1REdqUGY4U2oySVd0Y3ZrTnlQRDVJbzlVSUE?oc=5&hl=en-US&gl=US&ceid=US:en,World Health Organization (WHO),0.0
Interim statement on the use of additional booster doses of Emergency Use Listed mRNA vaccines against COVID-19 - World Health Organization (WHO),2022-05-17 07:00:00,https://news.google.com/rss/articles/CBMi5wFBVV95cUxPYzE3dEdXcnBWVHJ0bnJUU2IybzBQMVVZZ012OUt6dFlLeDV4N0Z3M3NYa3ZWNHljc3VYZ3JmcTJmNUJYckhHMnJmV0d1OGYtSUk3ZG16Qjh1VGZkRlBaZlFvaVlLZDkyMzhhQkxUWjVWV2E5MDRvenFBRGZHSVkzcnY2Q29yNFFlM21mZTd2UXVJMnFhUUQxQW1jU0JBa0IxMVFMaUNxSWh6UHZCcWFrNzFFbG9UVmRkYnM3eTFVVV9OYUpRUDlRMjFxT1dLN3JkYVNoNkNqZkVxb3duYlhtTHpONGpFODQ?oc=5&hl=en-US&gl=US&ceid=US:en,World Health Organization (WHO),-0.3818
"Computer Engineering Grads Dream Up Creative, Real-World Senior Projects - CSUF News",2022-05-27 07:00:00,https://news.google.com/rss/articles/CBMiqwFBVV95cUxNSWpNbGdhcDQtaXlaTXlPdGNBTDlTMFN1eHU3SnM4eGJycmVWZVhtdWZqVko0bnBTY3RWQjAyYUs3bEpwSEk3dWRUVE9BczVOaVBCR3BVQ0NxNVJFUy1ZZDFGaWFxS0wyN0tZcXdJODVxY1dodFVQVGVKaUxxWEV6aFpuOTRvOXRrTEt6eXAyb0o5NU9fUkFndDkwbGszYVFmT251bGtLYUtkelU?oc=5&hl=en-US&gl=US&ceid=US:en,CSUF News,0.5994
Video games for climate action: winning solutions for the planet - UN News,2022-05-31 07:00:00,https://news.google.com/rss/articles/CBMiV0FVX3lxTE5PM0NMTHhFdjVWYWZUem9aemFJMWYyaXQ0TXotb1ktY096QjlwYmVFRThrRno1RHJRY25hQVFLZUsxejFucFRidkVRZFZNTDJJTmNXQkhhOA?oc=5&hl=en-US&gl=US&ceid=US:en,UN News,0.6249
2021 Global Climate Report warns of alarming record temps - Vatican News,2022-05-18 07:00:00,https://news.google.com/rss/articles/CBMiqwFBVV95cUxNRjIzcWxLNFFLeGRVWEJQTnprbDBwS1R6TXlaUzhqODdfQ0EyOERZSkRFZ0NjY2V3QzB1TE5NUktndmhCYU1uaFIzUUc4Tk1NZDhObERBOUdNejJRUE1IYkNlYnM4dnFoQmtYVzF0VlBWT3FZVVNaTUNiVklaNmZWVmdLR252eU4wcmVGQjV1U3l4TjUtaVZzbkVhR0V4ckZYamg4aEZZSkU3TXM?oc=5&hl=en-US&gl=US&ceid=US:en,Vatican News,-0.2263
"Benin, Uganda and Rwanda eliminate human African trypanosomiasis as a public health problem - World Health Organization (WHO)",2022-05-24 07:00:00,https://news.google.com/rss/articles/CBMizAFBVV95cUxNYWtZRjN1TlFTVTVUbnhZemFjNk53Vy1zYkdzcW9NbFRHRS1IODRQbGZzUXY1RHd2VHNkZlBNbElvUEx5T2EzWGFWUGlCUkVuYU5CQTk0UVE4UzRZTENhaHVEM1dMVzVMdzlGb1dNSjNFQ2l0MzVVS3pGVVFENm9kLXplNFVMMHlkZHh4VHFWamZNQ2VxdW9Hck5udDFaMUhoVWNoai1rOTFrRzJNemN4U3dOOFJOX1V6MTZUUkR5b2xMX0ZDTHRYRXFyckc?oc=5&hl=en-US&gl=US&ceid=US:en,World Health Organization (WHO),-0.4019
Why Sigrid feels on top of the world - BBC,2022-05-05 07:00:00,https://news.google.com/rss/articles/CBMiZEFVX3lxTE1wbmNUaHVGZDFyWkpfS3gteWJsOVBUVnV0a296SWVjV2xDQU5nSGpnY3VkdUpObkI2MHZ0ajBYM01mRWNreDZPVUNUeXBoWHBfeF9Cb2dzZXg1ZEEyWkRPWDhOWTfSAWpBVV95cUxOU0RLZHdUQURrOXpTcEZiTHdOWlVvT1Q5TEhQV2dFYUJPLXFFVHlhQlBQY3YzTW1LMUxmTXlWS2RzbnBEeF9JdEstdEo4bHk4dTFXaWZRZG5PZmh5bGl4dDB6UldESFNGOTJR?oc=5&hl=en-US&gl=US&ceid=US:en,BBC,0.2023
Ukraine latest news: Shelling constant in Severodonetsk as Russian forces advance - BBC,2022-05-23 07:00:00,https://news.google.com/rss/articles/CBMiYEFVX3lxTFAtdzlaNkRYeHJIdzBjS1ZySVVVbkNESmlTaFhTMU1lVUIxUVJFeUFiQkkybHkwZTRUVTBjUG1wbl9sMUlHRUw0dTRWdmJLUWNtMG1RbE9CenBrbUxnLWJKRg?oc=5&hl=en-US&gl=US&ceid=US:en,BBC,0.0
Ukraine War: Will Sweden and Finland join NATO? - Sky News,2022-05-12 07:00:00,https://news.google.com/rss/articles/CBMieEFVX3lxTE9jY0FYOEhOTWFVOU1HdnlCTjZJUHl1MGkwd1N2Y3hFVXZHUlZwRm1HS3hvWEdJVHQ5Y0hXMm9YMTBzbklmaDlFYzZzbkZLNTgxSGlaMGVDX3JUN2lyekJaazRpMFNsUVFFdWstWi1pQ0lkbzJzT3VBQg?oc=5&hl=en-US&gl=US&ceid=US:en,Sky News,-0.4019
"What is the Quad, and how did it come about? - The Guardian",2022-05-23 07:00:00,https://news.google.com/rss/articles/CBMikgFBVV95cUxPdFdrMUFLV3FEaWYyZHh1a1JRREZhVFlLWUFCNElaN25IMm1wVVE3M2JJMzV1LXhhSllob2NIVVZDV1BNQUYwc0diSTVjV3Mxa1FWWTFQQVpHcF84ZjFxdnNhcEZ3alFGeExGekRReHprWmtDSVdLLXBMMXktWXdxU0pTam9Ba2pRcG9LcjVXTVR0dw?oc=5&hl=en-US&gl=US&ceid=US:en,The Guardian,0.0
Mental health - World Health Organization (WHO),2022-06-17 07:00:00,https://news.google.com/rss/articles/CBMikwFBVV95cUxNY1hvOFFVb0k3RXFldGFyUkltVFktRTN3VWhjcnQ1eVcyeXA1bHJqd3RCeU9XcXlWb1ZVQ3ZZUGpSaGs2RDdYRzZfQ05ZSGpfQkl2T0tpNEh5aWM3VGhUSl90eFFpT2xGaDBFVnZ1V0ZMRi1NMUxQdTFwMnBfLUFFSXFMWHRhb0h5a0NISk44a0h3dGM?oc=5&hl=en-US&gl=US&ceid=US:en,World Health Organization (WHO),0.0
Comer Children's again listed among top hospitals in U.S. News & World Report 2022-23 rankings - UChicago Medicine,2022-06-14 07:00:00,https://news.google.com/rss/articles/CBMirgFBVV95cUxOdGJqbDVfaWYtcWRkMVRMOG5HQW45QlpCZEI0YTlWamxlWlR5djEwMWR5NDV2TzJ4c2xONmxQVFVTNkVxZ1FwXzBUWDkyd0tJdjRDajc3TXV0aTBKU1pJTm16YlZsRVctem1POV9VUHdmSjhvVTJfOGtpcFdveDRwUkRqRGtrVEgxWHVPd1ZJYWNBNmRSajc4dFkwSmhiSFZQckFfT0Y3eW5yTmlMZHc?oc=5&hl=en-US&gl=US&ceid=US:en,UChicago Medicine,0.2023
U.S. News & World Report: OHSU Doernbecher among the top children’s hospitals - OHSU News,2022-06-14 07:00:00,https://news.google.com/rss/articles/CBMiqAFBVV95cUxOYlhyOGcxLUdPSGI2bkZ6VEhFSV9GSGJtbHRydnhReXVudmt4aFNQTWIxZ212NzFmb1lRRXAwclhSZkdaeEp4d0sxM0VycHZwQ1EtTFY1WmVXbC1KMDI4MHVzS0FTWkROQ3I4dmQ5eEdhbDV0dmc2SnpBVHdBYkRaa3F0bnBtaDNXU19aUktHVWRVS29wTjNUWGRSMjNELWFFT3BYQ01NMWc?oc=5&hl=en-US&gl=US&ceid=US:en,OHSU News,0.2023
Douglas County is among the healthiest in America – again – according to U.S. News and World Report - Douglas County,2022-06-27 07:00:00,https://news.google.com/rss/articles/CBMivgFBVV95cUxPNW81SldjMG5IVGVjTjVaUk9LMVFCZzBYT1FNUjNtNktzbzdldkxiLW1ZVm9OS2Z1dG84WG9DQTk1X1ZoMVUybkhMcEhQcmo4NzFSVWFtaUsydG5xUGNiR3dqOEhqeVFzRWhiZXVyTDRFbjlSaEd6RTVWV1h4MTg5R0l2UUUxajY3LXhzN3BNODZONjZjVDdQbXRZbHI4WW5vRDVfdzVpLVF1WUFWZ0RWZGxoQVJBcTJfb3VnV19n?oc=5&hl=en-US&gl=US&ceid=US:en,Douglas County,0.0
"News: NATO leaders meet with key partners to address global challenges, Indo-Pacific partners participate in a NATO Summit for the first time, 29-Jun.-2022 - NATO - Homepage",2022-06-29 07:00:00,https://news.google.com/rss/articles/CBMiX0FVX3lxTFAyRnVhN1NFejJTNmdmWUJkNmR6c0xjLWFTVFF5S3NycUVPeDFMWHZ6QnllZk0tWlFwWndLdm1DT2gtMldranUwQmVQNmkyaTlQRGhGR3Z4VUxaMFVhcmlR?oc=5&hl=en-US&gl=US&ceid=US:en,NATO - Homepage,0.0772
World Oceans Day: Revitalization and Collective Action - World Meteorological Organization WMO,2022-06-08 07:00:00,https://news.google.com/rss/articles/CBMihwFBVV95cUxNYTd1dkxZMUJSd3JPamQzMzJzNXZiY182ci1HNEE1RTlsdl95SVk0ZWxndy0tcEtTUWRkaW5NdEpMSHA3MlJiMTBYZ3RNNEs5NGNVLUFUSDB6SzBCaGl2aUpaOFpXeVh5RFVNMEZvRjRSMnd2VFFNRjZGVkc2SUVQXzZKbzNvalE?oc=5&hl=en-US&gl=US&ceid=US:en,World Meteorological Organization WMO,0.0
COVID-19: What you need to know about the coronavirus pandemic this week - The World Economic Forum,2022-06-13 07:00:00,https://news.google.com/rss/articles/CBMiswFBVV95cUxPc0xWaGQwM0JCd1VSWlhrMUZ4NmZhRW1veWpjTWhoRE82dzBUZGVtbFJXT1Q0ZHpHMWxTX1pILUNUZi03eTBZVjdZWFVDemJPWHg2NzBBaU5yeEpubnhtcW14b2RIUHQyQmZWX1ppR0dMSXFjMGMwNS1veXJOdmNMeW9PbHlwQXJlUGlqS1htWFRMT2Z6cEdkTUMwRE1yRVphSkN2cF80TzNIRm5NbXh4NVVSYw?oc=5&hl=en-US&gl=US&ceid=US:en,The World Economic Forum,0.0
Roe v Wade: What is US Supreme Court ruling on abortion? - BBC,2022-06-24 07:00:00,https://news.google.com/rss/articles/CBMiXkFVX3lxTE5aaU8zUy1mWTBENUhRVUc1TUUwM1BzQlBDaWpWVS1aeXhZUGczZFBBSFNmb2FvME9UbVcxMGdGcVpFMnlPQVlEUmpTeXlBRExCb3BFQXJtOXR2bkJJNGfSAWNBVV95cUxNdU9INnNxX0hhMlJPUnRnSndzSVRSdnpEMlJ5eE5qMl94S3NBbkp1NW9Ec3dEeTl0Q09wSEdhVE9lT19GbXhQVEU3SXZZQllzMkw4aExXV2ljUGNEZGVVNVpFOG8?oc=5&hl=en-US&gl=US&ceid=US:en,BBC,0.5574
U.S. News & World Report ranks St. Jude as outstanding pediatric cancer hospital - St. Jude Children's Research Hospital,2022-06-14 07:00:00,https://news.google.com/rss/articles/CBMi4AFBVV95cUxPQ0NpWlo5aEVJNDVXWUoxVElqNHNGcC1LRklZZlg5UXdaeldDQXA4X3lJVjgtUThfNGg3bUl6eDg3NkhhTlRyMjBiM1lqeXpTZS1ET3V4cTVWVDZaYVItbTVJSWxnS05QYUFxVFVPazJZVkN6ejJSdmtvaXhqQ3dIdjM2V1dVQ0U0QWJmWUdqaHIzR0xNMGlWNTV2STVUTzRWdlVQd3dTb2tXd3RJRUs2N1pPSm9HbXRMckxfSTVWSkFXOE82ZS1QQ3VrQVllaVBzNlJrU3F3U18xZGJER0V1TQ?oc=5&hl=en-US&gl=US&ceid=US:en,St. Jude Children's Research Hospital,-0.1027
Charles E. Schmidt College of Science Among “U.S News & World Report’s 2023 Best Graduate Programs” - Florida Atlantic University,2022-06-13 07:00:00,https://news.google.com/rss/articles/CBMilwFBVV95cUxOQzA0ZDhfM2kxdWFsS2xxM2UweG1pQkl2UFc5cmVUbjFjd0tERC1UaWl0UVNWVFhsMW9rQmJTSG5QS3lnZVA2NGV5UTJqZzlVclJLdXBwWklHZkxXNXFKSS1VTUhxS1Y0R1RZM1hTenNrNHRxb2ZJWjBkT3ZfczBDQ0s5cTYzeGVLallMa1k0RklLZk8zWkxz?oc=5&hl=en-US&gl=US&ceid=US:en,Florida Atlantic University,0.6369
The Declaration of Independence as breaking news: How word of America’s founding reached the Atlantic world - W&M News,2022-06-29 07:00:00,https://news.google.com/rss/articles/CBMi0wFBVV95cUxOZ2F4SUxhT1hzZVVXR3pmY1Y4OXFBQTBxeEhDamo3aklENHRTdHRld2lHbXpmclBpVTd1NkVIclpVTmxFTFhjMGdLVzFVUHNZSzBCTk56cnN0SVhkWDR6SVNRSTQtMkhPMThlNEE5WUljd1VmbnhnbGlkOWJaallJdmg0c2txMzRNQTlTZ1lKYktDaGw3WlFNLWI4d2JlakRqb2o0bTBadG5UVGRkdEdGbWdCM0VHNWZodjBIY3BBVXp0cWhyVjVkU3p5ZHdmNXgtaEZn?oc=5&hl=en-US&gl=US&ceid=US:en,W&M News,0.1027
Read all about it: A new look for Google News - Google Blog,2022-06-22 07:00:00,https://news.google.com/rss/articles/CBMiigFBVV95cUxNOHl4Q1ZaY1djNkxFcHFXRDlnT2VET0FjMHhueC1tM0VuUHFNZTNpZzlqbTdxZWwxS253Mk92bEFwelhtVXNRZWJXUmpWbVpXT2Rsd1QwWFNzUWFrVW40RVZzbjRqVThGSVpmYXJ2WVRWS2RSdUpPa0FtVWR0MXdxc2t3WDFUcC1aS0E?oc=5&hl=en-US&gl=US&ceid=US:en,Google Blog,0.0
What’s Changed in New World Since Launch - News | Official New World: Aeternum Website - newworld.com,2022-06-24 07:00:00,https://news.google.com/rss/articles/CBMijAFBVV95cUxPUjFPMWo4ZGdSVzF6amdScGJrTWl1WGhjNk5rc2ZMMnNsS2NGZmEwekFBTUZaN0tnYnJyYy1aSVBqcDY3N0ladXU5YUJuakZDcUw3TWEweExKa25yVHhleFJrcXFxUmt3Y085aEladFhsWXB5WXRfYmYtc0ZDdjhhaGpmZFRDOTRfc0VLSA?oc=5&hl=en-US&gl=US&ceid=US:en,newworld.com,0.0
Is the world running out of freshwater? - wellcome.org,2022-06-01 07:00:00,https://news.google.com/rss/articles/CBMiZEFVX3lxTE53alRwT3RoNWZVLUVISEh2cUlkdEJ5UURneHpIR3kxN3NpYVdFVmktUlhHUDZrUEFDQXRmQVRUTmhObkU3dGtsempNcTlBdUtPT1llOGp3VEcyRFBldjgycWs1SFA?oc=5&hl=en-US&gl=US&ceid=US:en,wellcome.org,0.0
Multi-country monkeypox outbreak: situation update - World Health Organization (WHO),2022-06-27 07:00:00,https://news.google.com/rss/articles/CBMiekFVX3lxTE1jQk00c0tXNnpmRTZYdFJJRENnSnNiSzlyVFdqVlU4aEhUWHhaNDFyZDdHUE50NUs1S3owUE01WFN4RUlnLXVDQ3dSb09Sem9wazJKWVNpeGVVb3h2Q2U0R09sSTJkZDVtU203SHJXQTNPa0xqQmdqZjFR?oc=5&hl=en-US&gl=US&ceid=US:en,World Health Organization (WHO),0.0
Interim statement on the composition of current COVID-19 vaccines - World Health Organization (WHO),2022-06-17 07:00:00,https://news.google.com/rss/articles/CBMiqwFBVV95cUxQMWNITzlodXVpSUtKYlpSRUpmWFdMTkNtT0Z0UXdNR1VxT0JyeVFMS0FadHMwRDd0RDFReHotSDVKTzBEbEJ4LWtCSXBfa0lJOWRqNmlhdDNDYUtKSEZITVJwT1NReTk5RmtjaEtWOU1hSW1GVmdDTUV4emhhalVCV1FBc0thYWs2dzFMQmM2R21BQVpVNVBHaTkyd2J4VWdsM2xyTHJVT0FBY3M?oc=5&hl=en-US&gl=US&ceid=US:en,World Health Organization (WHO),0.0
Updates from the 75th World Health Assembly - World Health Organization (WHO),2022-06-03 07:00:00,https://news.google.com/rss/articles/CBMijAFBVV95cUxQWVBGUmhzNTdrUjh5aGd6Q2RpY2JUOWZ4QlMyUEx5UnJNMkdFNEs0U3BBUHl4clN5OGltS0JXdGIzT0VaUGJlZEVjSWRDcElzU3N4YmRqSXJfdUVTa3BzTzBOMHpnR3pXZUZ6RWQ2WkdsZHZ5TjVsTUpWdkxNZnRSRnVvcm1zZ3FDSjZ6aQ?oc=5&hl=en-US&gl=US&ceid=US:en,World Health Organization (WHO),0.0
WHO statement on menstrual health and rights - World Health Organization (WHO),2022-06-22 07:00:00,https://news.google.com/rss/articles/CBMijgFBVV95cUxPQ2ctQWhONXdFakJsVVFUUTV3WkVRVWhKaHBucjktaUNWVmY2elY1QXh4bUxXNmhPV0d0ZGNMVjg3NXVpV2dtT1V6TGRwTURXV3h6aFdtZDM5eFZ0SE5zd0ZLdnIzbVcyd2tHQi1UN0VFT3NBdTlCN1BJSW45dDM0NUpPX0tDUEg4TjllVjdn?oc=5&hl=en-US&gl=US&ceid=US:en,World Health Organization (WHO),0.0
Why mental health is a priority for action on climate change - World Health Organization (WHO),2022-06-03 07:00:00,https://news.google.com/rss/articles/CBMiowFBVV95cUxNci13Tk5Jb2dhUWplSUFWU3ZGa1JZZThkOE1yem00aXM3MFlmVjRiakxGSXEyaVZoUUJzVVlZblNTRHo3ZV9wLVVxaGRYaWthLUtxMEpvVjdEaTg0eWhxSUxGZ1NodG9UYnZ0bnN6STlzeEhfTVU2UmVXMm9sUnZsd1FoN1dxZWIzVktJNTkzZmxYekxzQkt2eWZqV2JlUTZBMTBJ?oc=5&hl=en-US&gl=US&ceid=US:en,World Health Organization (WHO),0.0
Global Strategy on Human Resources for Health: Workforce 2030: Reporting at Seventy-fifth World Health Assembly - World Health Organization (WHO),2022-06-02 07:00:00,https://news.google.com/rss/articles/CBMipAFBVV95cUxQYTk1Q3dIc0Q1Z29ZT21iSnlQVV9hU1h0MS1qWERWbElJbk0yS0pnMUZURDhLczF1Qk1oNE9qT2RnVTVMb1VDNkFZZzFHZHNROEFhTHNJVUY1NUxTbDJsa0JROFhJV3hHYmpfRXNCMHJmM1JTUm9oeFRTOXN0RlJfbUdPaFkxaDJwVWpRdmdWQmY4MDlHb1ROaHBYYXltUGV6ZTd4TQ?oc=5&hl=en-US&gl=US&ceid=US:en,World Health Organization (WHO),0.0
Roe v Wade: US Supreme Court ends constitutional right to abortion - BBC,2022-06-24 07:00:00,https://news.google.com/rss/articles/CBMiXkFVX3lxTE52X1gxN0RJMWRBOWFHaHh4SllaS2dwci1EVlJkcHNSWV9HLXB6ME93cUVkLTV1ZDA0ZjQ0TFk4MnBLTXlwa2dwekZmWGJTY2tkckpEZ3FHS2hQdzFzZEHSAWNBVV95cUxORHkxbGtKQlVNcno0aFRwbzNIMFk2a0VIaV9tR0lBaVFLWDk5QnU0Y19wSEpTZUN0M3JXbGtubVl1Uk9UZ3YxUklybzdrZXFJOFRNR2hlMy1sbHZTanpkWEhJS1U?oc=5&hl=en-US&gl=US&ceid=US:en,BBC,0.5574
What are President Biden's challenges at the Mexico border? - BBC,2022-06-28 07:00:00,https://news.google.com/rss/articles/CBMiXkFVX3lxTE9PcjhVTTV3TGxmMW9PNFRzSmpSVlgxRE5zTFltSzRaRW4tcjBuZDQ2VzhZaXFiQjF5UlRRZENaTmRwbmFNLVRNcll3dmpMOUpkMUpMZlBrTS1tX1REZnfSAWNBVV95cUxQdmpEYzgzWldXRDhzXzN0Rko5aEd5X1RWRVBOcjZ2cUtibTNjM1VWUmJDbDNPX21QbmJMY2hWMV9xY0t0eFRPeDFGLUV3WksxSFZPaTU1Tnpld2QxZDFYaldyVTg?oc=5&hl=en-US&gl=US&ceid=US:en,BBC,0.0772
Lack of innovation set to undermine antibiotic performance and health gains - World Health Organization (WHO),2022-06-22 07:00:00,https://news.google.com/rss/articles/CBMixgFBVV95cUxPOE1DbEdSZ1c3S0ZQQm80d3d1akZSMDZCMU1WVUZDZ1ZNZHJsdjZXQ2Q5SFgtYVEwTDg0eHNHa01md0VtNFJfN1hCd2pVMjVtVWZtaXZhQmdmaWxJRVc0UGVqcDRLVXJDdjlybXcyYjJUZGtxNFhzNUNlRm02MUdfSWhQNU5CUWwwTkZyZGY1VWJQdTJYWU8xWEROMDNwWk5GNmdVY0w1YlppWmd2aDB4N0Z3cVNjdFdMN1RNMk0zMGpzc0pwRGc?oc=5&hl=en-US&gl=US&ceid=US:en,World Health Organization (WHO),0.128
The impact of COVID-19 on mental health cannot be made light of - World Health Organization (WHO),2022-06-16 07:00:00,https://news.google.com/rss/articles/CBMitwFBVV95cUxNWFQ3WHhtaFRuZEg2WEZSX2VaSmJ4ZVhNdWFLTW0wVVkzOHhVbjh5TW9NaGdsTmJXd0JJcUxuZWU0S3lxajNVSXVzVExZWC1GQTRZMklPVFBkajhYQ053eDNLc0FHZGJxdkRsbXNseXRDcWg2Q21MSlppc0dOc2V3RExXNWRyQmZDSVJ1OEtNWWpQaUt4NUF3OEE5eHMzTzBwaks3d1hRUzM4bVMwc2tOZkpUeWdXd0k?oc=5&hl=en-US&gl=US&ceid=US:en,World Health Organization (WHO),0.0
Lavrov: Russia is not squeaky clean and not ashamed - BBC,2022-06-16 07:00:00,https://news.google.com/rss/articles/CBMiWkFVX3lxTE5wMWpaY0s0WDktZDlqcUpxSVNUNGhpUzBhaGd2Q0lCUnZDMl94bU5rS0lqN0d5eTlvUExfYmJkYnRYNnNzNlpCcjl0NWNlMm5OVm1HU1JDbGJIUdIBX0FVX3lxTE1iblNLLXpYOVRlNDNsMXJnZG9wWnFjTlp2YzVZUjYtTlZycmkteGpOTWJqOC1YdlFwRXgtWFV2Z2g2cUZEeXdVTUlUSzFJQ3ZQd0gzc29uZUVNNUJvM01v?oc=5&hl=en-US&gl=US&ceid=US:en,BBC,0.0762
The Oxford/AstraZeneca (ChAdOx1-S [recombinant] vaccine) COVID-19 vaccine: what you need to know - World Health Organization (WHO),2022-06-13 07:00:00,https://news.google.com/rss/articles/CBMitAFBVV95cUxQVUp5NGNGbHpUYnNuTGNYSGdpWm5GSlFPZHRNOUxCNk5ycm5jTU5KQ3ZheUg5U1VhRDBEQkRRbnM1OUtYdDMxSDRtVFI1WW1uZDZ3SXpfTl9iNTdHUHVZb1JFUTVjcW92d2dRS1hGWjZoVHhLX2drWG53VEZzM2kxNEljZ2ZpNkljakZ4ZnFCeE5KWWVfTk4tdkE0amJnZlFfbkI2eEk3cGtxMG5YbHJBWnlKS0U?oc=5&hl=en-US&gl=US&ceid=US:en,World Health Organization (WHO),0.0
Celebrating World Hydro Day 2022 - navy.mil,2022-06-21 07:00:00,https://news.google.com/rss/articles/CBMinAFBVV95cUxPRTJGckhta0dHbVRmUWV2TFZQbEZWeHladkwxTFFiMmE0VFFGd3VnOUE3cnR6VFVPZ1JaY3Y1a1phYzJnUmk5SGJvY0F2dWg2MVQ1Q3NPcGlaSC1qYzZBZ0c0OWJtX0RjWXFicUV3c09mNDdGTERfMnJoeEE1MjNUZFNDTmh0ZUw3T1RuVEIybkVKdVFBT0tRYnpfdDM?oc=5&hl=en-US&gl=US&ceid=US:en,navy.mil,0.5719
"14 percent of world population may have had Lyme disease, research finds - NBC News",2022-06-13 07:00:00,https://news.google.com/rss/articles/CBMimAFBVV95cUxNZ3lkN0UtTXpXRlFvWUV4Y3pORlRiM3VtV0tfZFBXbGtzekRoSjJoMGZjS2IwQTBiaE8wYzAyRjQ5UGl4c1BhcDdDUVhleUlIQm1pd3FiNVFyQnNGelhVNnNBN0NEVUpYV195ZEZocDU4Q1VkejlfbDNHUlh5R2pCeVNwbDlHcXdKT2trQWVQUnFpdzMzeVA0UtIBVEFVX3lxTE9Bb3BpbHBRcnR5dFlFeE5vNUxOd1ZOdHNUYVJaNXhCTzY2MXp4VEZPR2kxUk0yZzJyZWF4MWVNNk1VT25US2Z3MW9OUUFST0pyUWJIQw?oc=5&hl=en-US&gl=US&ceid=US:en,NBC News,0.0
The Sinovac-CoronaVac COVID-19 vaccine: What you need to know - World Health Organization (WHO),2022-06-10 07:00:00,https://news.google.com/rss/articles/CBMipgFBVV95cUxOT1Rjai11T2dtbl9BY1lIb0I2S1p2WndqUHJFV3dIMExPRUtZc1h2RkRzbTZFUEJsM3BDWDBEWlhmdTdPZlBIX3dLN1Qxck5RbGxCOTZNakxwRzE2LTcwMHdxV2tIWkhFaFpIWHlRUHdNQjR5ZC03dl96SkQ3SUdONXhvWUJrSldfWmdaNkdfWEhxUVAyOWZtX18xUEc5THp0TER0RW53?oc=5&hl=en-US&gl=US&ceid=US:en,World Health Organization (WHO),0.0
U.S. News & World Report ranks CHOC among nation’s best children’s hospitals - CHOC Inside,2022-06-16 13:54:07,https://news.google.com/rss/articles/CBMinAFBVV95cUxPQ3QxUmc3bzFmZmV6dmdhQXB4YnBwMWhWbVhoRjdia25hYm9TRU83YUQ1QU5iNDlSTV80bHd2QjFjbzNLeG92Rlk5WlQzc3FFU1Jic0YzNlJQQXlpUlhIU2VEMFBLLVBCczlDMkwtUUI2VEZXbEhGcldpQW5RVDNlcXJCM3FFYmhZaWFrOUNaUlMxWnA5Y1RIdlFqWHE?oc=5&hl=en-US&gl=US&ceid=US:en,CHOC Inside,0.6369
"WHO publishes updated guidance on hepatitis C infection – with new recommendations on treatment of adolescents and children, simplified service delivery and diagnostics - World Health Organization (WHO)",2022-06-24 07:00:00,https://news.google.com/rss/articles/CBMinAFBVV95cUxNYW8yT1RsMEdsYWRWbGpGWWNwcUtiZjFkcHpLRnltdFBCT2s4X3hRNzVvY24xSk5jeFl2UF92UDdGQ3d5d2xBSS0wUzBBSGpyamxsMEgtSWpCbDN3bFJ2blgybHNWaGFtckFLbnVrRHdDcnd4Z1hJbWx6R2JqeVlJMnl3dTJ3SEFma1l1OHE1ODVTMUo4VGJKdHJRbEk?oc=5&hl=en-US&gl=US&ceid=US:en,World Health Organization (WHO),0.0
Turkey wants to be called Türkiye in rebranding move - BBC,2022-06-02 07:00:00,https://news.google.com/rss/articles/CBMiWkFVX3lxTE5od2pNYlJMWVV3ZE82dVhFcWJXZlA5N1FfMW5lWDlwRlFXZnJMSzRrWTFHWjZQOVJHOU43a05EV0xaVjNPQVJXOFUxNWNFNE5YcmhIZEJaU3JIZ9IBX0FVX3lxTE92YVJCV25WYTFZeWt2czRkcDhzVW1nTDAzYjFEYmRJakg4LXY3WENXRkF3eHhoODZmUXZGUU1YYVVWTk5sb3Y4aXNQT04wUEhJRkRYZEljMTIyVHFaU3Bn?oc=5&hl=en-US&gl=US&ceid=US:en,BBC,0.0
The world’s ten most neglected crises are all in Africa - nrc.no,2022-06-01 07:00:00,https://news.google.com/rss/articles/CBMikgFBVV95cUxOdUwzTHBhblJ6b1hVWExlSF9ncVpndXllUVVURkh3b2tNd3NsVm1yN0N6VUxQMDJWZHpwNnVRZFpIbGwzSVZXUmlEWk0xaHVGdTZHV1ZMc3FranV6cmtJQS15YTE1WVh3ZEJwOXpPNFhYak9Ba1hZY25DeGxPR1l5M3k5a2hyNUp2ZV9WaVlNc1BEQQ?oc=5&hl=en-US&gl=US&ceid=US:en,nrc.no,-0.5709
World Environment Day: Earth ‘cannot keep up with our demands’ - UN News,2022-06-03 07:00:00,https://news.google.com/rss/articles/CBMiV0FVX3lxTE5oamtiRkllNTZpSUJrNDdGWGQzVzZmR0F4MXZKWDRvdXdyTGZtaGR1OFFKR0R4OHR2UTJuYkYtRU1KZDUtakR6SEZJT3c0MHYxTWVOSG1Odw?oc=5&hl=en-US&gl=US&ceid=US:en,UN News,0.0
Purdue University partners with leading global chipmaker on semiconductor design center - Purdue University,2022-06-28 07:00:00,https://news.google.com/rss/articles/CBMixgFBVV95cUxORko1aG1BYWpyY3pqaUFvVWg3Y3FNVXplT1BNNU5GVTNhZ1pLTUw0UTYtOUVyUUl4Y2JHVXhHLUtkZVV3UTFCRTNqd0pXcUp2VWV3NHF6TngtNnpaVHpSMWdBQURfMWN3RkpPYUZON1VxWVpoTmtjX0NueURTcWhXOUluR1NQMmsxb0RoM2NSUzRoZ01hbUlJM3haQVBpZldKbGdOc2ZabzdRaVlIYWl4U2ZRZlBLVEpuQ1Y4QU9RaTRkdmp4T0E?oc=5&hl=en-US&gl=US&ceid=US:en,Purdue University,0.0
"The Berlin Airlift: What It Was, Its Importance in the Cold War - U.S. Department of Defense (.gov)",2022-06-24 07:00:00,https://news.google.com/rss/articles/CBMiyAFBVV95cUxPQS03Nm0yYXA3M3BuSUVIa2xtVWY5ejNYR2ZoNzNrN1NVc0owZmFRMTdJQWZoU0E0R1FxSEstZEp2SnZBeWZ3TTlyU04tTEVERnFnaWpZX1MxZzctR2plQWRtcVpCSTNjNE42WnhoeWg2MXh0YkNZdEN6c0dwSlBKdEpZeWxnSTcyWlkwOVlDT3JuX09zaXk2bUI4bzhFQ25KY2V5WXN3bDhUU1RJLUhISG12SkZ3N1BkMkJuYjRNcEFIZlRldTZuNw?oc=5&hl=en-US&gl=US&ceid=US:en,U.S. Department of Defense (.gov),-0.2263
New maps of asteroid Psyche reveal an ancient world of metal and rock - MIT News,2022-06-15 07:00:00,https://news.google.com/rss/articles/CBMiaEFVX3lxTFBmV0xWX3NjVjZkSExZTERyNVJweXVTQ3VvMTRtd1E5cEl0LWF5Tk5fV3d6Vy0ycUktcWpqd0JBYzRTUXlMVDVQRUlKWXRCdFZsSXU2S1hESzdZQV9qcGZ3cTBHd2dHTDV4?oc=5&hl=en-US&gl=US&ceid=US:en,MIT News,0.0
Universities in Japan and Taiwan open doors to Ukrainians - University World News,2022-06-10 07:00:00,https://news.google.com/rss/articles/CBMid0FVX3lxTE5MQklvajVIQjY0R005N2tIWXd4U19tZW84eW5aQWxYbDktOVc0WVZnRlZjVTJNZm1VYmZRdnVCel9zc3Btek9SXzk2TGk1Z3Q0MmVSV1k5Z1NUcFVaUGJRRmlMc2xrZjR3SnpMQzVJVE1iTHU5alc4?oc=5&hl=en-US&gl=US&ceid=US:en,University World News,0.0
Give blood in honor of World Blood Donor Day - American Red Cross,2022-06-07 07:00:00,https://news.google.com/rss/articles/CBMi0gFBVV95cUxNOFZkc2haM2dJNW9fMDRwdEtSYTczZ3N6RTBwWlk5Rk5rS0VSQ1pZa0tCc2twU0JBRGNzVm82ZlloWXBiSVZZbkRkdFdzSEFRejkydFZ5Ql9QeDM5OWVnSE1BMHVjb0JPNEQtOEZVSW5ybTJ0cGtYMmcteVhRcG8xY3N1R3VCcnlsTG5idnd5WGxpb2tGVFhrTFRYdnhjNmlIRDBwX3Z5bWJnUUR2MlNDSURRTUtyN00xNDVDbW8yOS1NejNBdVlWMno5QUZ0QXA4TWc?oc=5&hl=en-US&gl=US&ceid=US:en,American Red Cross,0.4939
ABC7 New York Live News Stream - ABC Network,2022-06-13 07:00:00,https://news.google.com/rss/articles/CBMicEFVX3lxTE1sel9EWm5MbF9zbm9kWnFtbFZzM0tjdTRFSDQzRTRlSVNiM05xNHlqZkJwUnd6ZGlpdU82V3g0akZETnoyb1VKT1dFUUNXWEZIT3FOME93U2dBTDhpYkJha05zZzFxajRyTV9YSzJPRzI?oc=5&hl=en-US&gl=US&ceid=US:en,ABC Network,0.0
The Janssen Ad26.COV2.S COVID-19 vaccine: What you need to know - World Health Organization (WHO),2022-06-06 07:00:00,https://news.google.com/rss/articles/CBMioAFBVV95cUxPR0VseUVvMHd6MmRoaVpPSzVSbEZrcWQ1dWZnb203Tm9pX3lMZTE4c0ZBU0VocVJMT1V2SzhtTlJnVTFxR2hHUWNOSi1yQkJKUEI4REt3Vk5fYllpTmpsRi1fODVha1RmQkdUb2VMSFVoWWJEaG5vUGIwVVRuME1pZEhrcjBkcWdWRk9SbldJZHNEdENTQXEybzBfaTNOSGFD?oc=5&hl=en-US&gl=US&ceid=US:en,World Health Organization (WHO),0.0
Purdue’s new Institute of Hard AI connects AI with the physical world - Purdue University,2022-06-14 07:00:00,https://news.google.com/rss/articles/CBMirAFBVV95cUxNbDBnRHhfZnNPM2pPcXJrY3hpVXllUmJXOXBDWHRNMC1JUnhvclY2QkZtMWZad3ZaWmhaQ3dVMjk5aWZEblFVdWFNNVp1Q0phakNIeExuWVcwbDlkTEl3MnJsTXZOZnR0c2xWdldLQjljM2RrZzlWTUpOUTMwUnFwa2Y0VFBBWGZvUUdBSFJ3VkU3Rl9TYkUyN3F5VXdZOTdDRUlwVFFneEdnZnd2?oc=5&hl=en-US&gl=US&ceid=US:en,Purdue University,-0.1027
Decommissioning milestone at Spain's Zorita plant - World Nuclear News,2022-06-27 07:00:00,https://news.google.com/rss/articles/CBMimAFBVV95cUxNNXNsbnlEUzlSVU1GNUREYUlZZnliU1VCaHBZSEg2TlhXRUxTTXJNMkV0bHp1M2R5Zi1hZ3NIZXpOSllld0pGV2JzSFlJanJKZTNXSHNDbU5OUTJKMVdRY1R3aThHc2kzYnJpODVFRDk3RVBROXRrbHFMQUNNNC1xOXNwT01sTW1LWlJFZnNZVURuMVQ4MXpwWA?oc=5&hl=en-US&gl=US&ceid=US:en,World Nuclear News,0.0
Is Today’s World a More Dangerous Place for Journalists? - Northeastern Global News,2022-06-01 07:00:00,https://news.google.com/rss/articles/CBMidEFVX3lxTE5rNHFNZ2VCMEo3RmRNYXRPTEtVUzVUZTZBbG0zSzlMQ2VzTzNKRHFIYmpya0JuNWlZT0JhZnM3c01DSU5pVng5UFZndGhfVHBTdFM3ZXdfZkJ0a3k2OWoxT2FEVHVjMUhMRExXR2dzemlVc3hH?oc=5&hl=en-US&gl=US&ceid=US:en,Northeastern Global News,-0.5256
IEA Executive Director addresses world leaders at G7 Summit in Germany - IEA – International Energy Agency,2022-06-27 07:00:00,https://news.google.com/rss/articles/CBMimwFBVV95cUxOSTRJYTZJNTNuWFhjbmNhajNsanVrMzFGa1lyblRuLXlpaHliand1dEFFcXpIZGgwT2hLV0NCaWFlZDk1ZUxLeDIwUHZkZXJSOHh2RUVRNW1HSlRNWVlRbzdvNXdOYWJlT1BQWVJGa1pnaWhwY09FaDllUlM5WEpSd2hJZ3Y4akVuWlRRdi1oU0J0WDNfTGhkR2w2RQ?oc=5&hl=en-US&gl=US&ceid=US:en,IEA – International Energy Agency,0.2732
"News: NATO provides security support to Qatar for 2022 Football World Cup, 21-Nov.-2022 - NATO - Homepage",2022-06-23 07:00:00,https://news.google.com/rss/articles/CBMiX0FVX3lxTE5DNGVCZW5sR1BJa0loajVGdDJXVWR5SGVFYnY4M3Vzc2xqdkh0cjRESmxLdUlNUlItN2ZUSnNwQ0UzdFJBR0FxTzNBOG13bXZFSF9ac0xOWnlxemxOSW9v?oc=5&hl=en-US&gl=US&ceid=US:en,NATO - Homepage,0.6249
Congress passes first gun control bill in decades - BBC,2022-06-24 07:00:00,https://news.google.com/rss/articles/CBMiXkFVX3lxTE04ckwyX3ZDYnBtcUcwQ0lsZ2p3ZVc3b0lacEpPVnVBYUxxR1NoMXpQRktnWnRSYmVSVGxYeHN0ekhfMnpUc2tuSjhBcW9IYVRmR1pKOEMydkxmeXo3Q2fSAWNBVV95cUxObVF2YUx3VXpkeUhvTGZrbGU1VThtdkJsSXYtWFJLczNyVEtJVVIwTko5UlVGREZvaHkxTkdoQnI3VEZaVk04MnNmWlEtSkZMRFBTcVNtWUwtTkpJVzJCbjNjT0U?oc=5&hl=en-US&gl=US&ceid=US:en,BBC,-0.34
U.S. News & World Report and Pharmacy Times® Reveal - GlobeNewswire,2022-06-13 07:00:00,https://news.google.com/rss/articles/CBMilwJBVV95cUxQR1B4Wm9BbkNNMVJoSml6X2FmdzZRYWlIN3AwazBiZDRueERvOHc0N0FCNjVDWFBraGZkY2s0RTc2M1c2N2JpaHlGUUlST0NCU1Z5cGl1RXI2T0w4TTJwM0Z1TWdOU01hS1VjY3RGQlRXZ20tY2syQXN3T083MEFQZDZMQVdEQVp4ZXNNcjN0T1FYRm90dldNbW9mb21hZDR5ZzUwOHV0SjZ0b2NSbmx6eVI0S29qaW9jVFprcWtYNkhUSFF0NXJ6OE41d2prdU5wODRqdkVvUmRNUWZJVU1hY3dublllb1FyVGdsZTBTWXBqbEt3RlJzZjJjZVNScjlRcDY1U3hhdmY3QWdyQUdlSjZGY1Vpa3c?oc=5&hl=en-US&gl=US&ceid=US:en,GlobeNewswire,0.0
"News List - City of Atlanta, GA (.gov)",2022-06-16 07:00:00,https://news.google.com/rss/articles/CBMifEFVX3lxTFBTNWh0WHdLWm1fRHZUU0wySWFqX3lBNWtfN25KTEhCeldyM1pCR0Q0RjFJeDNaOUN4MEV0RFV1Z1E1MGdyeC1JTDdPNGJmQTRQUVEydjVQREZkTklKUHhQVE51RGRhSzBPQzJPT01NZ1RSYU5ab2NmaVF2Rm0?oc=5&hl=en-US&gl=US&ceid=US:en,"City of Atlanta, GA (.gov)",0.0
"Global plastic waste set to almost triple by 2060, says OECD - OECD",2022-06-03 07:00:00,https://news.google.com/rss/articles/CBMisgFBVV95cUxPSHhCY3daWnUwYnpPRzE4NmZ1Q1ZfOExyb25qWlNyTHp0QU5rQXotZm85NGI2S3pMaE1BZ1FEM1NHWTVtV1VmcEd2aTdMRGhkU25tMFRZV2NVMHBnXzZiR0Z5dWZ5b2dTNWNTWGdIRDFfLTJ0eDlnV0hSOE5xaEJLT3JITTFWY2tKcXkxTnFxZ3ZtR2FMX3NJc2JEUFhTNDhBa3F2SDJicVA3YjRTckp2N0pR?oc=5&hl=en-US&gl=US&ceid=US:en,OECD,-0.4215
Launch of the World Mental Health Report: Transforming mental health for all - World Health Organization (WHO),2022-06-17 07:00:00,https://news.google.com/rss/articles/CBMi3wFBVV95cUxOSS1GZ1I3SkwxajdvZ2ZFU0ZGSmZCLUJ0dzF6WkJfeHphTTJRUm5uMmktRzU4NjZhNVRjNk5BQ2huR2RNSTlPc016V2FERXpLdG9XcXFCanF2dHJxRHNZLWs5dXRDNVFWcVY5QXVxb25raUxnZmhZMVd5dmlQUWVNNlNpZlU0ZjFBeWZGZmNzV2Y3R1pTanF5VmhDSTNYaXc0UXBaY1F6RUNaZjFxdi1TbWxBZFFOQkQwT1VZbFNlaS1QTlJYazM4eDlFN2ozanBXc3dMcWFlYndYVWZPLUJZ?oc=5&hl=en-US&gl=US&ceid=US:en,World Health Organization (WHO),0.0
WTO | 2022 News items - WTO-World Bank publication stresses key role of trade in responding to health crises - World Trade Organization,2022-06-03 07:00:00,https://news.google.com/rss/articles/CBMib0FVX3lxTE9OX1VkQzJLa0w1LUhCLXZiMklJR0FoSGJXWG02SlFLOWs4QUhpdjh6SkV6T3pCQklzdVlvUDJ1QjdQTVVrbjh1d3hkeUNmYVQzRDFfTkloTG5wS1J3bmtQU0s4OFJFR29WaC1RRzlLMA?oc=5&hl=en-US&gl=US&ceid=US:en,World Trade Organization,-0.4588
Shocker alum breaks Guinness world paper airplane record - Wichita State University,2022-06-22 07:00:00,https://news.google.com/rss/articles/CBMif0FVX3lxTFBjcU1hMEFYa2lDdjJLSXRuQVVkQkgtMW9scmRza2ctdi1mUnZIeU00SEhISXRWUlJuZWlvaWgxbks4dnFMZDRPbzY5MWRac1RfX0VOM3NFR2hzb0E0Q1BBT0lBQ2dPNFVQemwtMFdSYTJjTHZZdlBpZG9oUURYRzA?oc=5&hl=en-US&gl=US&ceid=US:en,Wichita State University,-0.1531
USS Samuel B Roberts: World's deepest shipwreck discovered - BBC,2022-06-24 07:00:00,https://news.google.com/rss/articles/CBMiY0FVX3lxTE9hdUU5WE5qZzVSLV9tejBvc2RqR0FBSEwyWkVtZy1MU25MQVExYnNSRkpMWlJiNTJucUNxLUZ0WU5oRkJ2RU9PNFJhcy1OUFNOZGxoR1pONzdtTTJrNG5UdENVRdIBaEFVX3lxTE5hWWF4YjVVd0lsTVRKaXlIdU4xTG9wQmhadDVIUGh0U3BKUUNtTGY4NHA1TnRvaTRfRW1Qc2tyRzNEZWhoT2NIbm9GYkVaVlI2d3pzOHpDNTkwMzRyVHdJdi01ejBIU1F5?oc=5&hl=en-US&gl=US&ceid=US:en,BBC,0.0
Updated WHO recommendations for malaria chemoprevention among children and pregnant women - World Health Organization (WHO),2022-06-03 07:00:00,https://news.google.com/rss/articles/CBMiygFBVV95cUxQeDcweG5jVElVb1ZBanFua0JXcTZsdUJqWkEweXd6Z3huaGpkSUt2U2JfSEswbVE1dmgyd0NtUk1hTWpsQjZhd0VxbWhDd0loTThudHJydmg3X1FGa21BT2czekd3UF9TNG5xRGRYdnpDM1Z1LU9vUTBDbG5qcFlZUF8zdVljQ3NuWkxiUFdKck1GUkdoRldYT3duWGs1NXlhY3pzNnJQQmhSY3BUZ0pPU2RlcnowT3FKWS1oNWNTV3MycVB5T2FnUXR3?oc=5&hl=en-US&gl=US&ceid=US:en,World Health Organization (WHO),0.0
World Blood Donor Day 2022: Donating blood is an act of solidarity. Join the effort and save lives - World Health Organization (WHO),2022-06-14 07:00:00,https://news.google.com/rss/articles/CBMinwFBVV95cUxQVEpDVnZ4ZjZDZDdySVQwbjBZb2NaOWlJV3g2OExnVFJiM2JVYnVFRVZZaUx0WGh4VDBiMUZDWmFPZGxWQUlLeXl4N1U3WERDTGs5UElGVTJfZURWM2IxeEN4SEJIQXpZdjJyNFlOZXc3ell2bm1odzg0ZmRMeFBKNDJNMG9kQTItbW8tZXJPMlNQRkdFZ3M1ZlptbG5BdnM?oc=5&hl=en-US&gl=US&ceid=US:en,World Health Organization (WHO),0.765
The Sinopharm COVID-19 vaccine: What you need to know - World Health Organization (WHO),2022-06-10 07:00:00,https://news.google.com/rss/articles/CBMiqAFBVV95cUxQVHMza1FLVTJuNmpKVmxhcHk1ZlctVEY2aDl5QlBfSTQ1VFhNRzdiTW5YXzZ1Z3U5NHlqTl9xbjBpUllFaW5VSXVMLXhzZWlQLVFQRThzaWtjMWZ1cmJtcmJiQVQydURFdHRNSFgwNEpJeUl3T3hNLWYtWmFGSFQwVzcwMXNFbVp2TWRiTVdfbzMwMzJpc3lfTHpOVGlLRUdLQUhreERtZTk?oc=5&hl=en-US&gl=US&ceid=US:en,World Health Organization (WHO),0.0
"UNHCR: Global displacement hits another record, capping decade-long rising trend - UNHCR - The UN Refugee Agency",2022-06-16 07:00:00,https://news.google.com/rss/articles/CBMiqAFBVV95cUxQeVNYZTgxWWFsVE12cGt3OHFnZy1hZ2tDNElRRkhmWHNrVkcybUh0Y1llUndxcW1nc2JzZlo0bUZvMXJJSUdfaklGMHJDRldTTklIQUd5VmNROF9DZDl6VDc2Q1pzWmlaczZKNUpxdDYtOFVReUE2Slc0eVFoQlBBelZFSkFfcW5iWTBGUndQMV9TMmxWVDR4OWdPa1FPbXlWcVNOSDhvSWs?oc=5&hl=en-US&gl=US&ceid=US:en,UNHCR - The UN Refugee Agency,0.0
EU awards Ukraine and Moldova candidate status - BBC,2022-06-23 07:00:00,https://news.google.com/rss/articles/CBMiWkFVX3lxTE9ycnlEdnRUSkVzM05ISThNSkMwcmo1M3ZIN0NhUW1TNUx3enVSR0ZOMXNTNl9NaHR4cGJPdk5XVTFBR1JxM25VbXZCMkZJeW5hSHZrU3JRYkc0d9IBX0FVX3lxTE9RS3F3T1hnQ1o3dUJCVVZkVDRBMnBQRDlmQTZCUTJPcUs1cDdTSjFoR2l4N1NzYWZlZ0docTkxcGlFcTE4bTZtYUlQbFBqMTdzSi12WVFFTk9sZ3NhQzln?oc=5&hl=en-US&gl=US&ceid=US:en,BBC,0.4588
"Nursing students serve campus, gain real-world experience - Boise State University",2022-06-03 07:00:00,https://news.google.com/rss/articles/CBMiogFBVV95cUxPc0ZGSkEyc3cxekZSczhQTVZSdTZwd0h6VnpJYnc0c05XRzljNlNENEZ3WW12bEZJYzhnc0U4NWVLeWlydzJkLTluNmQtdGUwYXNRYl9mSVA0RFRRTndZd2tNQVFmQ05IRkdoUEh4TVBlMTRldkRBRm9QX3hPdm1FVm9NZ2VCTFpfdDlsZ3B0S0NNNVZxT1pVd0FWTnRlQWpnREE?oc=5&hl=en-US&gl=US&ceid=US:en,Boise State University,0.5267
World Hepatitis Summit 2022 urges action to eliminate viral hepatitis as unexplained hepatitis cases in children rise globally - World Health Organization (WHO),2022-06-07 07:00:00,https://news.google.com/rss/articles/CBMi-wFBVV95cUxPQTJMUk1ZM0t6ZWQ1RGs5Z1ZJWHRYUDdMSFNFQXNDcEkxVHdoeFFuekQxR1BPbW5GZDhjR1E0YVNRQ3daeGJKb0w1NmFIOFBvVFRjWlYyRExEbnVCalZoRU91dndadTk4bTV0NnhnM09pel80aVQtMTRySTNOVjhXd0VSRlpDUHFUWkRzeDA0ajdwS1ZkeGVXRVRhbXBMdlR4MW94WTVJb1lxOGJFTS1XTmZMOGlKVGhWcm1JOXBZTk9FbS1iUm9qV2JyZ2NvVjdadS1TbDBId2FVOXRTdVpaNkpFV0UtT3BsSi1RSV92R1NWY19PeU9VYXVsQQ?oc=5&hl=en-US&gl=US&ceid=US:en,World Health Organization (WHO),0.0
QS ranks MIT the world’s No. 1 university for 2022-23 - MIT News,2022-06-08 07:00:00,https://news.google.com/rss/articles/CBMib0FVX3lxTE42SnF1akZGdElnUWFnaTJveENxdG9ZczRTOEgyVFg3Ym9ZNUxkTDlGZzhoemEwLUE1VkZEQ2ZNU0hhVDdIM3draUNBTkNzS1F0RWxmRU5seGhCQzQwZVkwQXFBTXBfUWtyTERDZW4wQQ?oc=5&hl=en-US&gl=US&ceid=US:en,MIT News,-0.296
WHO Global Code of Practice on the International Recruitment of Health Personnel: Fourth round of reporting - World Health Organization (WHO),2022-06-02 07:00:00,https://news.google.com/rss/articles/CBMi4gFBVV95cUxOd1FJYjk4bVBCRFVVVl9SLXB0QjFRUmJXX1R3Z3NnUU9mb01LX0wybkppWG9yMkVYYkladVMxeFc0a3k0Qmt1c2J5b3FkRkM4MUhiRTNLM0JFWWJaNjRDbzM4QVhQWTVvN2lRaXpId3g0Q2wyelo4QjExM3dnbW9DcEVzcDBfMWV5NmpJT0JRdWd2bjlsVmNMNHRDMmVrMTB5VVJkLUY5QXY4R2NsTDNOWTF6bXkwdzM3UTA1M0hvOHJXWVpUVnpkV2NLdF9iYTBjMGNnMDJXRFp1SmNEa1NDcFhR?oc=5&hl=en-US&gl=US&ceid=US:en,World Health Organization (WHO),0.0
'Russia will strike harder if...': President Putin's warning to West - Hindustan Times,2022-06-05 07:00:00,https://news.google.com/rss/articles/CBMi3gFBVV95cUxQMTVoQWlMd2E1UVJjN1JUSThzaDV0UHNtS3ZRajdMSElkQ18xTmtSamV4eXlLLUhqeWVWS2M2UnlOTkF3QUs3ejgxWnRPckZqeEF5ZDhIakNXQnFVU3JRRmRpSDhYN2pXYVJfY3VhYXVJTDl1V0JIVHo1SlNfaUNpUHl1dENuU3hQUTR3dnVPeEQ3Z1dJNk1jZ3Q0UWsxQ0hSeHlUTUMtdnVpWmVYRVJBMDBoclI4cWg1YXVxX0VWWVhCTnBxZC03LVFhS21MMUxMbzRDOExxZVFCYlRFVnfSAeMBQVVfeXFMTmQtX193VUx0RlFkQWtDLUY2cDZ6RXlKY1VFSGZkSDV5NGNiMXVDM2xBNE5qRzdrcjFRNFIzaFQza0V2bi1MNkZTbmFiMm15U28tLXotbF9CRGpHMmh4dUlpSzRTNDJPOHRfeExzWFJZQ3czUUFqMVhZV3VhelBpY3hINXF6c3g5Z3Z5cDJVRTFZVkNRS1FZbmpid2VVQnhYQjdyZWlYYWx0SUhjMnNIUXRiRF9SdkRGWk1zOWp1cHJRZjJQaVdoNW9FNmR5M2tzYkZnaG1EQk1sZ19KNFJDVmVpR0k?oc=5&hl=en-US&gl=US&ceid=US:en,Hindustan Times,-0.4404
Roe v Wade: The world reacts to US abortion ruling - BBC,2022-06-25 07:00:00,https://news.google.com/rss/articles/CBMiXkFVX3lxTE40NnRWZl9CbEVXeVlYY251aVBDTF9xQm1ibThOS3R6elRhNDJhd2czREFyRHpwWFF0dzMtemI3VnVMLWNhODVad2ZZVWF0eF9kU1JPS0oyRmVENzJVWXfSAWNBVV95cUxNSzloT3VHRmpOejNvYXZuZmNybUJYbmppVG1mNmZ0cVJVTkpyM2NfUFZ1SW9NUTBTNjFzdGxLR0dXbnFUWW40dC1mMGV5ejZfTll4SHdwbHFOY1JJR0JMWUNpTlU?oc=5&hl=en-US&gl=US&ceid=US:en,BBC,0.0
Chronic staff shortfalls stifle Africa’s health systems: WHO study | WHO | Regional Office for Africa - WHO | Regional Office for Africa,2022-06-22 07:00:00,https://news.google.com/rss/articles/CBMimgFBVV95cUxNN3ZnZWU3WE91OWNBWUhzS1FxZHVHc0xFdG1tYWUxb3NRWVA1VktoaUthRTBUN0F0dFNKcG50Z2pwTjZvWWtUaXZwWkxsRmZBMndUaEd2dWcyOU1pYnNMUWYzMzBvNHhsbHZnU2lPalBub0ZJYTF0ZEYyTEdSaTlXOTJRdFRnbzJOTnI2SE9ibm5UQTQxQkNMV3pn?oc=5&hl=en-US&gl=US&ceid=US:en,WHO | Regional Office for Africa,0.0
"World has ‘gambled on fossil fuels and lost’, warns Guterres - UN News",2022-06-17 07:00:00,https://news.google.com/rss/articles/CBMiV0FVX3lxTE03V2t2ZDJobUQxb1M1aTJEWlRZX2hHM08taDJEQnI5VnF1WXpMZlpmbTJsMEJaSWZTdDMzZkdDaVg1eUwydGJabzgzMFBVSWhRN1pBZUY3TQ?oc=5&hl=en-US&gl=US&ceid=US:en,UN News,-0.1027
Putin and Peter the Great: Russian leader likens himself to 18th Century tsar - BBC,2022-06-10 07:00:00,https://news.google.com/rss/articles/CBMiWkFVX3lxTE10SG5MNHJJNXcyR2wtR1ptU2JNV25xSW5WN202VzdoMFdULXpCY3Jzc05rOXR6ejNrbFMzOVBELWp5OTBpNHA4S05LcUxZNWgxbGNKOHNtYUF1d9IBX0FVX3lxTE9vaThMLWRzbk83aXhlcDlGeFFvdy10VWRLcEE5cFJVMmRnTG94RDExbjlhcUczdFNLaUNlTkF3dDlBSlBBMW84VmlJNHZ2TVl5SWJmN0k2UjM0TVpKNFdZ?oc=5&hl=en-US&gl=US&ceid=US:en,BBC,0.6249
Global nuclear arsenal growing for first time since Cold War - Vatican News,2022-06-13 07:00:00,https://news.google.com/rss/articles/CBMimgFBVV95cUxQSXNvWHhzSjUyZE8zZkNSMXVpdVZsTGpnVVliZG9vYjI4OGN4b3BmTkNFZGtFaDZRVjRkMTl6bjN3SFNGODA1NVozYjdBaGd0cVpyd3Q0Qi1mZWZiMUcteElPTnp2QldDSHdBem5ZNHJZVmFKblFHZWQzTWFCei1ySFlRSTREWHJzVkxCazZWTjBsU2lHUE1kYThn?oc=5&hl=en-US&gl=US&ceid=US:en,Vatican News,-0.4939
Interim statement on hybrid immunity and increasing population seroprevalence rates - World Health Organization (WHO),2022-06-01 07:00:00,https://news.google.com/rss/articles/CBMiwgFBVV95cUxQVDBJd2dtQ3E4SlU5amZMVkd2RDR6LUdDdTQ2dEUwWFF3eUlKa1VQSTNFbHJCdGNYdFVyWmduT3hoZkNGYmlyUnQ0U3N4Wm5nMW5kZF9KVW02QmRpSlJ1amRieERjNHNZRVlHekM4NjJtLW8wcnRxOVo5ZnB0Qkh5bWdkaHBjUE5XT1VrbFJoTDVSbEJjc3VxS3V1bEVTeExGT3NtZFRwZUsyN2pUT21OMW52OExfajNKb0lrSDhOaENfUQ?oc=5&hl=en-US&gl=US&ceid=US:en,World Health Organization (WHO),0.0
World Refugee Day: Visualising the fastest-growing refugee crises - Al Jazeera,2022-06-16 07:00:00,https://news.google.com/rss/articles/CBMiswFBVV95cUxNOWVQVm1SQ3ZkTi1PMnVkZ05wdXB6NEhxeTQ0RC1DZFFxSVJfWGlmSnVHWVdBMWo1Vmx3LWR0d3pCX0NXNlNmU1RHOWEtOGM2aEUwbk5FdjhCV2U0YmwzQnZFMXlIUWVfVWNLWm9GRFhJdnJUWXNoVXRxLU9QRXNBc2VWWU85QjlkV0tJdllDRW5VY3BObHo1QlBPcG4zeHZabWwxMVlOUTdsX2hBZG5zWUxzNNIBuAFBVV95cUxNc0RTWmU5Q041UE04TmY3azVRdFMzUnkyOHhrZGxhNXFqVWdMeFpUMFhLYzdDcGh5Y05ULTJ1MmdScGljcGdvZmpDX09nNzZvaEFKeDcyd2kzNDhjQVlBQVZ4VHNTMGduZ3lJWUNOVVZMN19wRmg3QTVJVWxPc19aMjJLTjB5d0phU1Q5NzMwZzVVTzZLOHc0UVUtNlZITmRDeDd1UUNWNUxyZjVNamRyQ05wWXYyQllN?oc=5&hl=en-US&gl=US&ceid=US:en,Al Jazeera,0.0
Carbon dioxide now more than 50% higher than pre-industrial levels - National Oceanic and Atmospheric Administration (.gov),2022-06-03 07:00:00,https://news.google.com/rss/articles/CBMioAFBVV95cUxQbG9WT0hWOGZILTB0dFlRcUlVWlRQYkVNSDl0ZThfWU8wSkgtSE5yTUpRWmhQY3Z4T2NTb29YUGZIQU1xRG1SR015VVgwTkJmTGlWTVFIUUZGUE9lLVhqS2otWE5OaXZSNzBzR1ZhajZEWmFKd2lGRk8xdFdTRUswWXZGZzctbmlfTGZ6UFhhaFg1cVV5bDEzZTR4REFoQ0tq?oc=5&hl=en-US&gl=US&ceid=US:en,National Oceanic and Atmospheric Administration (.gov),0.0
Tapping into the million-year energy source below our feet - MIT News,2022-06-28 07:00:00,https://news.google.com/rss/articles/CBMiZkFVX3lxTE9VRktzMnNzVnpabW1UMkFROXk3aXh0eU0yUEtpVHB0d01ob0wyRmVzYmtOcUJHTWROcnVta29Bc2dpLVZSckZ4cDN1SE1oeXhXMElVMHRGbWtFMFp0dWF2VGUtSlIwdw?oc=5&hl=en-US&gl=US&ceid=US:en,MIT News,0.2732
"Afghan earthquake: At least 1,000 people killed and 1,500 injured - BBC",2022-06-22 07:00:00,https://news.google.com/rss/articles/CBMiV0FVX3lxTE40eV9TUFJzM041TG54SG0zTHhiaEZoa2dxdUF1Sno2aDlYSi1xZ3BOdzM5N2dVWU9UTVcxT1VoRWJQMEVHc0lHdjBIWGVvYU1JSldyU0p1MNIBXEFVX3lxTE90NTA3YlFRdVY1OVJCRVNxYi1lcXBxOGNONkp4RFk5Z0xsNmdkajROSmJpWi1pNlBsT25OM0dVYzBsMHFqS2ZjdzhrbjFpOURvRU5SMDhhS0prMVJw?oc=5&hl=en-US&gl=US&ceid=US:en,BBC,-0.802
Working for Health 2022–2030 Action Plan adopted by Seventy-fifth World Health Assembly - World Health Organization (WHO),2022-06-02 07:00:00,https://news.google.com/rss/articles/CBMiX0FVX3lxTFBtdXhJY0lHejVhcndiVnYyRlVPd25DeDlrMlZZYWdvVDFXR2dTaHhNeHhfbzhrZms2Nk84bmFsMlJkLVBsTXhhNWNjNnBkTHJFdHFNLWNUdkVzY2NpVjZ3?oc=5&hl=en-US&gl=US&ceid=US:en,World Health Organization (WHO),0.0
Ukrainian casualties: Kyiv losing up to 200 troops a day - Zelensky aide - BBC,2022-06-09 07:00:00,https://news.google.com/rss/articles/CBMiWkFVX3lxTE9PenN6UE5ZWF9wUGZGY0FtaVdncDlENjRrU2I4TnVrdWJPUmRENVUtYk1RRXpFYWxWX3FsQTdnTFRFMVppUkVCdUhKV3R1ZGZVeTg4VXBrb3Ixd9IBX0FVX3lxTE9QZTRHSW54UWVhWWtSTTZyUmUwYVJDa0hyMUtFZUxYVXFPVXpLV0FlWDJ6bzFIVGc1X21KdlhvYmNwLTZZN0psMFBVUTNLMmwxUHpvRktZMlRkYm1VcWpJ?oc=5&hl=en-US&gl=US&ceid=US:en,BBC,-0.3818
The Cost of Private vs. Public Colleges - U.S. News & World Report,2022-06-08 07:00:00,https://news.google.com/rss/articles/CBMiwgFBVV95cUxPOW9DbGhxWjZBb25tSXVOeWNuWDlISENCOGRGR3hWUVFkUFRyZ3VhVXpYUXVtWlZDcU9QLVhjMnNOcDVUS0NCZVpBWGxnMEN2R2stOWVMSzg1YTQ3ZHM1NjdGd0Qzb3hscVZFUW1WTEJXSGpGMUR4eHhIZ0E1NVFzNW9JdU4xM3FjUEp6ejZCV3RvWWpfVnd1WDhYSlJpa1UzV1NJSFV3VlQ2UldUa0NvTGwzQXpWdzZrOTdTbF94WkVjQQ?oc=5&hl=en-US&gl=US&ceid=US:en,U.S. News & World Report,0.0
Live Streaming - NHK Domestic Channel | NHK WORLD-JAPAN News - nhk.or.jp,2022-06-19 07:42:32,https://news.google.com/rss/articles/CBMiXEFVX3lxTE4zdWhvbElaUHJoVThIT1Jrb3pkdy14aW1KNHpJNENrYlpGaDk4Z2s2ZXJES2dod3h5Wk5lV1pzcUJrNWRLNHpkb1JjQURBM3drUmRDcFpFbnBMSUR2?oc=5&hl=en-US&gl=US&ceid=US:en,nhk.or.jp,0.0
"Hong Kong: How is it run, and what is the Basic Law? - BBC",2022-06-30 07:00:00,https://news.google.com/rss/articles/CBMiX0FVX3lxTFBfTjc3V1JKZFd1ZUR5NUJZdVhsOGE4MWxNMFFKVU9LcE1iYy1sY09PNV9GcTBGRko3YjZxRGxibFNRQlgtbGNIaVdrQ0lMYW5ielRheWd3amIwdzJHTW9J0gFkQVVfeXFMTUtreE9JUDdDNmhqbHZ6X2dRODJ2ay1RU25YZ1QybWZBdG5lREFscVQ1TmpzV1lUaHhJNVJ6X3hOR2dsWE8zaFJOQk9NTjN2WEdxenRNckxOWGZxRndFTnJNUkNSNw?oc=5&hl=en-US&gl=US&ceid=US:en,BBC,0.0
Watson senior projects take ideas into the real world - Binghamton University,2022-06-24 20:02:02,https://news.google.com/rss/articles/CBMiswFBVV95cUxOT1FRSXVJRzhHTFZ6OXlkS3VzbktodDBfaDE0VUFOQU1hSEdzc2hMSTdaanBOYnowZUxVdW5qaXQ5OHN5QTZTM3BKazA4UEdQcnpaYUNLdzRoVnRnamtsNVhkbmVzT1Ezc2JETlNZZlg3TWp5dHBNNGRzc1F2NmJfdnVxRGxWQWJrZG92dC1DRkZnUkJPOXFSa2F5eUVRSFNVbzE4dHY4ajA2dXgxS1dKMkgyMA?oc=5&hl=en-US&gl=US&ceid=US:en,Binghamton University,0.0
"Cycling and walking can help reduce physical inactivity and air pollution, save lives and mitigate climate change - World Health Organization (WHO)",2022-06-07 07:00:00,https://news.google.com/rss/articles/CBMi8wFBVV95cUxPYWg0RzF2UmtDSDFKUDYyeGRJSmdNdXp1dXRNVGhqbXBWTkdGdmNMNHhQeVNFa2hFR3Nub3RjcUM4alVyaUdqbnVNRVhDdm5LcVFMNk5BamlsQVlLV1k3RTZ4S2tSRThheUxqdlBkUXNHVTNBU3oxb1JhNFNGTTZlNFp5Y2lBODY0eXVmZHFFN0RkSTdzTXoxWktyMEFrT05SdEI0MzVhTXNxTTF0MU0xZ1VNRm96aEsyQkhQdk03TC0xZ3dRVWpuS2kxUTh5WXRwVkNOZS11d3lPblFCLXZNeXhJOUc0WjBrWUlfdWNtbGtFeEE?oc=5&hl=en-US&gl=US&ceid=US:en,World Health Organization (WHO),0.7096
How bulldozers became a vehicle of injustice in India - BBC,2022-06-19 07:00:00,https://news.google.com/rss/articles/CBMiX0FVX3lxTE42azV3LXlfc2ZhLVliQkZOTzM0c1c5QmlfbjVqVTJMRFE5bUNtVDQ1T1RTeUtWS09Xa2RkUUJCUlN5Vlg0aGRXUHZKRW5GN0JueG5qcUIxUk1XWEwtUm9v0gFkQVVfeXFMT3ZOLXVvM1JEbFpsVVdCeVE5Qi1JTm5vVHdfVGw4d2E0TC1pZFM0X1F6TVFQZ3J1X0htdXEtQUxaRXh3R1I1WVBxejhsU21wOHcyR2g2MkZYWnlMSUg5UE1GcUJyTw?oc=5&hl=en-US&gl=US&ceid=US:en,BBC,-0.5719
Africa Eye: Racism for sale - BBC,2022-06-12 07:00:00,https://news.google.com/rss/articles/CBMiXkFVX3lxTE5CUW12MUNEV2tDcEJ0OFJTYXg2S3ZEcDFwak5nU1l6V2dpVjN6aXRKWm5IRDJsMGNZcGNCUnc0bEtGWXpxWFRYSXFSNzdQUEhsX2MxRkczSl9GNUxqNkE?oc=5&hl=en-US&gl=US&ceid=US:en,BBC,-0.6249
Russia-Ukraine latest: UN says war impact on world ‘severe’ - Al Jazeera,2022-06-08 07:00:00,https://news.google.com/rss/articles/CBMieEFVX3lxTE9xVWNhY3lpT0ZZNFJ1cEh4NmM0aUhGMVBKb2NUb1JSNDl4a2RHajBoWUZGQVVtWGxlM19pVTE1OF9GWUltTW43MTRudjJSNEVYVENmbmktRVhmODU5ejF2OG1OSjhkZDJJeEI1RDdqUWl4VXl0VGRhUtIBfkFVX3lxTE1acmw2MWF1Q2N5ZXdrNXdaRWlxNFcyejdMX1lPZ2Mtcy1vZ0Jyci1qSjAxRF9IZktYaEQzZVYwazA5cFRYUHpMU05GQlVTcjJJWjB4YlVPNHZiMWhzd2NtTDBHLUU0M1ZDNlV1T1k3Ml9JeGh5V3ViTXBMTWlrdw?oc=5&hl=en-US&gl=US&ceid=US:en,Al Jazeera,-0.5994
Ukraine president Volodymyr Zelensky visits soldiers on southern front line - Hindustan Times,2022-06-18 07:00:00,https://news.google.com/rss/articles/CBMi1AFBVV95cUxQeVZ0ZW9sdXRIUUR3alFCUDdaRGpMTGgwNlc2SjhxRjBYbHRQM2o1cUUwQ3prUmlkakxrTkhqYUpFZ1MyT0ZNeGg1WTlNTF9hVEQtMERsMkFPdnJiaUE2NTd2OU1LZ2VhWGtlZGVVY2Izc2swb3c3TkhWdHhjeHB5TXVlUmdkNDdLelFiWUlqSGJFbmJtQ1ZMd0Q3S3ptYlBLc1BhRGliY3R5cVpqSzExdjFxdkd2RTVXRFZ0OXFKM0ZqX05qeFVKQUpxYVJncDhoWEs5R9IB2gFBVV95cUxPemJ2bWN6Ui16dEZ6d2VrTS11TXVzUTY1RWR6N20zcHJTRC02U1Q3bjRPZU5YaVR4a1NTMUVvTGx2Ym90S0xGalZNTWlZQzFlZk9HdzVhUWdMeHllRno4Wmw1UXBRU2lNYkRLN0RGRV9yRHFpc1BNZS1mb1FuRmh6SXMwUl9CQmVYWmR3Y1BqQWwyelZuRmxhREZLMEVQOE9vWVNDOHZNYzE0UnFPaEUwUUhUTGVmRWwtLXJhSTkxendMMjdSM3BsdjdXQUdOVU9GNkRTWF9teW1rUQ?oc=5&hl=en-US&gl=US&ceid=US:en,Hindustan Times,0.0
Melilla migrant deaths spark anger in Spain - BBC,2022-06-27 07:00:00,https://news.google.com/rss/articles/CBMiWkFVX3lxTFBYWURnVGlfVXVWdjBoWjFWTGRvTWotampoaVA1MFNURmY3VkE5cGVnRzk1Z3lnOG80WVdvZldZQ3QtNjg5Mkhyb1JFdDN2UkdiT2xwZVp5czNZZ9IBX0FVX3lxTE44a2pTUXI5UmVSNXFtMDU2SllXYk1fNTBQcEFZNzY0UGprZmVxUkpJM1BaMEMxdUpfUXc5SFJpdENJLWZyTHRIRmNmSnY2OGw5STNrSjU4NUNOT0I2MExN?oc=5&hl=en-US&gl=US&ceid=US:en,BBC,-0.4215
A deadly ideology: how the ‘great replacement theory’ went mainstream - The Guardian,2022-06-08 07:00:00,https://news.google.com/rss/articles/CBMisgFBVV95cUxQbEJYb3pSVUhkYi1TNjRxX1ZlTVFwQmt3V044bFdyQ0hEU3dlcnZZeDZXVkpJYVRJTzN0VHcwUFl2QmJUYVEyLVU3WGt3R2J4bW44Zk9heENlQ1hDaWNvdzFtNVZJTHVMVTFzSlpaMFFtRkw5S0hkby1kUEFoZjBUMXNxN3FycWJueGlEMnJ4T1prNlBqcTZUVk53eEgwRzIwVnZnTXBfdVNLY2Z2WlRGbnBR?oc=5&hl=en-US&gl=US&ceid=US:en,The Guardian,0.0
Spectrum Health Helen DeVos Children’s Hospital ranked by U.S. News & World Report for 11th year in a row - Spectrum Health Newsroom,2022-06-14 07:00:00,https://news.google.com/rss/articles/CBMi1AFBVV95cUxNMEhwRndJZDl6WUlRbHdpNzdFLTZobk5HbFZaMU1MUGJYTHhaVEJZTmlVelc0RzBSVXJ5R2RnNGt0TENSaWZUUUNVQkNlSGZYQmxPUmRqQk9idnJNTjNXYWticEtNd1J2SWlBbXQ5M05JVTN4M1E3NlNreWJlUkJfYnFFeG9jTVN4bC1vclFGVkV6SC1QUGdBa1JyV201bExpR05rbUxGSUdEV05xVHFaNjF3aWdidG4zbU1qUGduLThScWs4cFVSSEl0Q2xwSHFlb01iUg?oc=5&hl=en-US&gl=US&ceid=US:en,Spectrum Health Newsroom,0.0
India wheat export ban: Why it matters to the world - BBC,2022-06-05 07:00:00,https://news.google.com/rss/articles/CBMiX0FVX3lxTE5kN05GZHNVaGRQVUc1R2pjV1pBcXR0MnhWSmlPVmNXSG9FQTFrVlBFZDQ1QnJIQkVuMk1OZjZpSkx2REVtUHhsbWw3ZXRFLUhXRU5pLURlWm1FblJJRmZR0gFkQVVfeXFMTzEtM1RwUWdLSEw2LWVXd0FoS0pOTkpITk1ueFdtaFd1SEtJY0FFTFBhRExSd2pnN2ItNElWSTB5Wkhaa3pBMEpNQlpIVDBGbkhTUEdHemVKWThBQ0NiOEdRcUlEOA?oc=5&hl=en-US&gl=US&ceid=US:en,BBC,-0.5423
Zawahiri wants Muslims to emulate Islamic jihadists as role models - Hindustan Times,2022-06-15 07:00:00,https://news.google.com/rss/articles/CBMiyAFBVV95cUxNZ2FVNnlHb183eW1Xbm5MaWdmbS0taXd4S0J6RUw4T3lGWFctMDhnZjV2N0xTd1MtaXhHcV96TGktTDJxYmtzdjlUMHEyU3lHZHFyT3Z3R3BzMXJkQ3A1SmNCdWg4a09faThMeEtCbklHM085cG5feGZOalNlcFZDV0x4dVU1NEx4YWkyUDhISTZ0QjVsQXZnbWx6QkhEVzk4TEk4TXFlR0hQei10R2QwS19jVl9nZ2ZNYmVTMUVqMENHaHhkQ1VzZNIBzgFBVV95cUxORC1RODRJU2ZEbWIyUnU4VThHVzJPRmZRNUsycHVJT0RLS3BrMnNIYWp1Z0tjOG9DOGtITGlGSHQ4bWtJa0Zpcm1IU05URE5HTXV0dVNQZ1lQeC1GVnlqbko1aFEycUNLcEVnMzBkbzlCaXNlanl2V3B2WHl3bE5KOVNVNUlvUFZTNXYydHhXMUY5TVFid0lFampza0xoTnBfczkzNkluaE4zN2JxaWZ2YnhsNWJMVTdBVGJGcy02S0lobW95Rkp5LU5PMVZEUQ?oc=5&hl=en-US&gl=US&ceid=US:en,Hindustan Times,0.0
"Sky News Australia is a global hub for climate misinformation, report says - The Guardian",2022-06-13 07:00:00,https://news.google.com/rss/articles/CBMiuwFBVV95cUxOejVEN3VHY1lSTlBHVUxiYXBxaFc2WDNMYXVZUmtJU2czX2dDa3diT2hPSXhlX2o4S2JXemUtcUI4Qk1mNVhJMWxWU1Jlako2aG5oNll0TFpHYmYtdU5LdHR6WURjME90QUhXa1RScWJqcFdkS0d3UDJaNDF2OEJEYTA2NWY1eFpfRXBQZVBRSUVMdGNWRHVBdEpZUUhyZFY2XzBDOTZqOTdWVFpvdXU0LU1oaURkRW13WXhr?oc=5&hl=en-US&gl=US&ceid=US:en,The Guardian,-0.3182
Why South Asia Is So Vulnerable to Climate Change-Related Disasters - U.S. News & World Report,2022-06-30 07:00:00,https://news.google.com/rss/articles/CBMiygFBVV95cUxPNUlLVThDRGpybGZ0X0FrYjVQWG1NQTZjM2Zfc2hLSlppNzY2emNGWkZ1THBielZtZXBxaERpa2VnekpNa3F3bDJvamsyOGlTa0t3aWFCSWs1RjZGMkV6d1Z6XzR4RDd2dUdYdkdLRVFlSWZoMGRRd1E3S2Zmekw5SHd3WVN5WWYxVXhwQWNDRWJHejY1WEJmMmpwa1A5bEJzQjlKejYwbkhZZkx4b0hoWVVZTlNfWFoweUVjNW1paE5HTVdaV3kwby1n?oc=5&hl=en-US&gl=US&ceid=US:en,U.S. News & World Report,-0.6997
Here are the 2026 World Cup host cities - CBS News,2022-06-16 07:00:00,https://news.google.com/rss/articles/CBMiekFVX3lxTE9QYUxUWTQ2aDB6U1lnUlRKczl0Sy1RXzEzU1pPbElXVzNJSkluTnJadi1BQzRPM1oyZm8zT1VydTNBaEJGMXRSOExHSEh3TFIwclpjUkliWEhGZG5kLXR0ck9rWFA1X2UzMl83TTJxYlVHY0JNMUo2YXJn0gF_QVVfeXFMT1RZQ25PbUdmdDFyUUVuazMtb1FMcEladDB5NnlBQU1NLWJVRXJBeUJrcGxMVk41b1hURkZMbE5jWGN5WHAxUUIwaTRlNkxYYXItS1J6R0xHR0xIZ1lndnZ0a29xS3JJbE5aUnp1R3JCM3RfZmpsLUYyQWRQNE5Xdw?oc=5&hl=en-US&gl=US&ceid=US:en,CBS News,0.0
Is the end of the world near? - Fox News,2022-06-22 07:00:00,https://news.google.com/rss/articles/CBMiVkFVX3lxTE9lOERVQktwNHJMVFNSZy1zcERDelhGbk9jLXlONWlpanVkTlpFeXJUb0oxbEJhMjdUSlpKdnZSY3dHbFEwbTVLUTlZb1Y3alFqMHBIaDFB?oc=5&hl=en-US&gl=US&ceid=US:en,Fox News,0.0
One hundred days of war has put Ukraine’s health system under severe pressure - World Health Organization (WHO),2022-06-03 07:00:00,https://news.google.com/rss/articles/CBMiugFBVV95cUxObDV4MTRZWkN1MWVKeURoSmt1YS1pT3J4OUdSb0Y5U21GSW9iZXlOYTk5LWZlLW5vVExFN2JZM2paWi1PVHJjUlE2d2hLak5ZZkRobFVRUWh0aFdKbzhBUFVTVFFkMW9IUzBUeEs1SzJWZXREZ2VlWC1YbVRGdm1sS2hqSFBmaVEtV0YtM2RHZXBKQW1keElYWHYxdDVydFhiYTRVY1h0dmxScUNLTGNmMWI2SmZQakN2ZlE?oc=5&hl=en-US&gl=US&ceid=US:en,World Health Organization (WHO),-0.8271
‘Revitalize our seas’ UN chief urges on World Oceans Day - UN News,2022-06-08 07:00:00,https://news.google.com/rss/articles/CBMiV0FVX3lxTFBqZ284T3ZJLTBKcVJjUllSZ2o1T3lZRGtaU0dFczIzT2NVaGNNS1VCcmRYLXVqb2puX01mTEE2ZmF0YXkyVUl1Tm1UQk83bGN6UUdINWF4NA?oc=5&hl=en-US&gl=US&ceid=US:en,UN News,0.0
Partnering to improve the quality of cancer care: WHO teams up with the world's leading organization for physicians and oncology professionals - World Health Organization (WHO),2022-06-04 07:00:00,https://news.google.com/rss/articles/CBMijgJBVV95cUxPTUtJVWs5S1dNb0o1UXFlVHVqNkhFZURmUWdtUmxGMk02NU10VUNPWXF0NVhhbzlHWWdvd09SNnlwUkd0d09wdy1lWXdublhfV0ZrMWFXMmR6MjdINUV3Rmp2WE1mckRlOXRQWm9Pc2FMT1ZwbnZZTTZIanhLajdMcUw4OGlMWWNmMmpTYUtLQmdESExvZEsxSWZBMlVMZldjQm1vMEpPblVtZlQtemVNVmNzb2MyYzVKSmJCX25yN2JXUFA5dEJYYkFrLXVNajBFdGtwZXBTMHZIVTZHM1FiaVRUU0FXWEpOZ1ZhYWdIZ1N4Wm5Ra3JXcEwzbWppdVlxeDk2a213VFJISDFzY2c?oc=5&hl=en-US&gl=US&ceid=US:en,World Health Organization (WHO),0.1779
"At an Isolated Boarding School, a Culture of Sexual Abuse Thrived for Decades - VICE",2022-06-28 07:00:00,https://news.google.com/rss/articles/CBMiigFBVV95cUxQTHZ0T1o2dVRaMGx0SDhwdWRTT1VmZ2NwYjFVUVo3LXhGdTlRaFYtQXVEV1dadm9LLUZ6Nkx0X1ZFRnJGeFJxNHZTV25TaTF1Y0Itdm1adjlDd0FfUHpHeERFTVpqRVRzTW1KbXdlY3hhNFJ4OGpNSzU5ZlJrR0RIMFpfNnBFVzMyOXc?oc=5&hl=en-US&gl=US&ceid=US:en,VICE,-0.7579
"Super Nintendo World News Update - Universal Hollywood Reveals Details, Donkey Kong in Japan and More - Orlando ParkStop",2022-06-09 07:00:00,https://news.google.com/rss/articles/CBMi4gFBVV95cUxOQ2lkQlRpYkRhWmxGMnQ5QW55VElLQXNBbnBmbjZyRWYxU0NHTm9tckZEVlRRbHhVMDkxNkVLRHQwc0ltejhiUnk4azk1X1AwWEdfMEdCV0h4SVgtUjhQRnZLczdZRDFJRERGeFQ5SnFxTGtUN2ItSHRXS2Rzc2dqeC04ZWNJYldsZEI4T1hSY3lpY015ZTE4cFBEZFlzU0Nyc2Q4QTNwN2xjZ0gyc1U2dkRXZWFNN1lkTy1QRGdXZmhJUVpaNWphYmxKTVNWejU2NUtpV3M4SGVNRWg0bUp6THJB?oc=5&hl=en-US&gl=US&ceid=US:en,Orlando ParkStop,0.5994
Situation critical in Myanmar with mounting resistance to military junta - Hindustan Times,2022-06-18 07:00:00,https://news.google.com/rss/articles/CBMi0AFBVV95cUxNZjBvWGdJeUprRm9KeTl1V2JWVThRTHp1dkh4TG5RRGxBU3JkNnVFdnFUaFM0TlczSUFsOG5CTDQ0Z3U4bWMweXVMN1lfdjJsLW5yZDdTclJDWGdFTXUwSEUtQl9iQTloNFVyXzhRZzRlWk1paGpzX3RLYVVCX3QxTnJxcGJFTG9BRUVlVUxjRDNGaGpobFFNQ0J2V0ZuR3ZucWdvTTlYRzNPalFBNWRKbDdwWUtkMWtKR1JSX1M1LXFNZkZORXhnTFBPazY3VWZx0gHWAUFVX3lxTE41MlByVnFwcW9OTUJrWkZhdUF2MjZqVkQ3dEVkM3ZUZVBDRHBNSWNkOWt5ZDJvWGY4YUtEYzdzR0Fua1NoRXlhM1NuTWJ3U1RVY01pTXRDWFl4LTFrUXRfVEJwbXlNbG9pZEFwNVJwdGs5bWRoX1ZoQjd3RGEtaVJrdG50NGNsMUFyTW1MZkw1Q3BWSWU2VEk2MjJfcjVyZjFMelFzSlF6TmxfUzAzb0pSZC12c21tUlJoWk1MUGJoUHdRcVoyT2Y5RURrVWlBT1htbTdEYmc?oc=5&hl=en-US&gl=US&ceid=US:en,Hindustan Times,-0.3182
Mayo Clinic ranked No. 1 hospital in nation by U.S. News & World Report - Mayo Clinic News Network,2022-07-26 07:00:00,https://news.google.com/rss/articles/CBMitAFBVV95cUxOZTRGdjNLaE5RQlZwWmlPSFNscmF1OHRYcTBRLXJqRmUtZWFiQnBybUh2RllsbnpOc2NjQXBENGFqNlJPdVVqN0Z4XzB5LXdidlRLd3hzb19vNWxHTlJUMUwtQk0xZ1IzMFJJRkNLaFE0Y0ZLVXR0MjE3dFZLYUo1ZUJrTklNcW01WnFvekp1UXRIWWcxLVJFUjFOTzJrX2V5eDE0ZTZYc01zZ2xva09TemYyM3Q?oc=5&hl=en-US&gl=US&ceid=US:en,Mayo Clinic News Network,-0.296
U.S. News & World Report ranks 10 University of Chicago Medical Center specialties among the best in the country - UChicago Medicine,2022-07-26 07:00:00,https://news.google.com/rss/articles/CBMi9gFBVV95cUxQeG84MnVOZ3VJNzNuXzhPaWJlanJrVTFnNGlIbWEta3ZYaE5lNmVrZnlXUnY1Zy1fSkxxNms4Zk11T0VVeWZQQlFlZWtCandIM01RNC1GNlk5OEE3YXV6TmU4ZHNfNE52UG5LSHVxXzUzRW1UQ2JmSnJFeGQwVHhvbWdoN3pQTEJHMkZIU0pOUkZNLWdXM053aXUzYWctRGZJdUZsNWJFMmJvZzVHWk9hZkNNd2pJTkpNQkxDQXc4LVBZVTViTHdJSnpWYVZLeUJPeXpvazBCVUtnajdpS0FGNkotYV9LNjQxQlBvQ1VaQmxBVGVqbnc?oc=5&hl=en-US&gl=US&ceid=US:en,UChicago Medicine,0.6369
UC San Diego Health Ranks #1 Regionally by U.S. News & World Report - UC San Diego Health,2022-07-25 07:00:00,https://news.google.com/rss/articles/CBMiyAFBVV95cUxNSExvTDBxMlJCaGxvMTItWDNHdjJnTVBZVVJycUoyX2FtcDA1Q04wWkVJam9zYUNJaUl5YTRKRncwUW9fNU1NdmI1TVNUUGhsMGpCQzNiUGtmQ1Z5RjVrVzZwTkNwLVJvV1UxNlVXeUhlSlRDMGx4ZF90V3pfaWVTWl8xRUxNbEYwaDVqMndUTXlIZDBjYURjWXZuc3dlYmVWWWNRX010YVRoZm1JZ3E1NjNkbGJac1lQR3VYZV9hQjFrNlZTZXRfOA?oc=5&hl=en-US&gl=US&ceid=US:en,UC San Diego Health,0.0
U.S. News & World Report Names Lehigh Valley Hospital Top Hospital in the Region - Lehigh Valley Health Network,2022-07-27 07:00:00,https://news.google.com/rss/articles/CBMimwFBVV95cUxOVU83Q21EWDZxTjNkek1SanMxNm1tSF9VNl9KX0VwRlNrZi1BU2x2VVp4SHZQUGhNOVcxYkpVUkNJbHdWUFpFNG13SU82NVU4OUE3NEhnZzJlTUxLUDRDZ0Q1TG03SDQwYWRrRkMtMWZwNDZUZXBhWHk0ZUJJOWZXWEFnWkNIbmN6UldHc2ZkWDRSekZLSUNzRHhXMA?oc=5&hl=en-US&gl=US&ceid=US:en,Lehigh Valley Health Network,0.2023
WHO recommends long-acting cabotegravir for HIV prevention - World Health Organization (WHO),2022-07-28 07:00:00,https://news.google.com/rss/articles/CBMioAFBVV95cUxNZFBHdWdEM3RFVFczbEI3bGtPX2kyT29yQ2FlVkxVano1UDh0b2NOUmhVUnBUVF8xamU1RndRRXFRaThVelNKMWNoZEtrc2VTVkR1TU1tSF9oeXlidmxpS2tsWXMxWWhBYU9uWnp4RHZaVUtUWGRTa0lneHNhcUlJc3FUNXNreUUyWmpsSU9NQlNYZ0NiREpvaG5BaG9MWExu?oc=5&hl=en-US&gl=US&ceid=US:en,World Health Organization (WHO),0.2263
Could the Great Lakes solve US shipping woes? - BBC,2022-07-26 07:00:00,https://news.google.com/rss/articles/CBMiXkFVX3lxTFBpaVg5anF2SXpqS1lHcXdnZkJVdVhHQTMyQU9CQ211TkQybGQ5MEktOTZqSlNza19TN0ZWTUNOajdIZkN5ZkYwQzhjWXB0bnZkdnhfRksxU01vWlh2SWfSAWNBVV95cUxQdEh3RzNYN1R0NWJ3SEY1MUhhVXJqZFFwekxlZDlYSkp5NUV2NXJKOF9rVWhBZ0NCQklSN3doR2pubnRVOUpUcmZYWkdVUEMwVTlIeTYtRWwzbVEzenNpUXBaeHM?oc=5&hl=en-US&gl=US&ceid=US:en,BBC,0.4588
How Can the World Adapt to a Changing Climate? - Columbia University,2022-07-20 07:00:00,https://news.google.com/rss/articles/CBMidkFVX3lxTFBaeS13OUV1c09FQ0RhTmFLVjg0dDlYSE5nenU5Q1dVMVo2c1ktWFAzODF4OHBqTXFELXhmSXRka2V4MXhYUmtWWnZmVWJXQ2xTWFY2Tm1jUGdLRzNiMWJXLUZIMV9sdkt3VlBzZ1Z4QlBIbndaSFE?oc=5&hl=en-US&gl=US&ceid=US:en,Columbia University,0.0
"For 14th Consecutive Week, ‘World News Tonight With David Muir’ Is #1 Program on All of Television — Winning in Total Viewers, Adults 25–54 and Adults 18–49 — Only Newscast To See Week-to-Week Gains in All Key Demos - dgepress.com",2022-07-20 07:00:00,https://news.google.com/rss/articles/CBMinAJBVV95cUxNWVJoV1VYMm50UE9iN3pKajU1VHplZ21XYWFheWQxTGQ3SWVZd0dSRmRMa0xuRk1iRkNaU2dsaEZxWTRydVQtd0M3emNUWExRVjlhRnVZRC04NGRwekswR3gtUnM5d3dWcG1fd0xfcUVVWkFpbWZQbVcxQjVUV1pvVFFHQmNIN0J5aHpFVndJMDB2Ri14V0ZMb0Y3WFZnRHdVVGVfYlFMWHRvSlhXZ3E3NENRLW50N1VBdzJPX3RoOG4zdzE5TFFxVUJ6ckFUWTY1TmhVTUs5MU45clJSNDVWNlVfTmFydTkwXzhRcHhhYzk3OEI4akZ2SUxvbHpYWGFZYWxHdnVqX05tOXpWaUFKVlB4Yjl6SmR3MV9rSA?oc=5&hl=en-US&gl=US&ceid=US:en,dgepress.com,0.7003
UI Hospitals & Clinics remains only hospital in Iowa to be nationally ranked by U.S. News & World Report - Iowa Now,2022-07-26 07:00:00,https://news.google.com/rss/articles/CBMiuAFBVV95cUxNelczN2dPTVpZcDFyOGVUQnktUnZMdEJ1MVFDaU1qY2lBdkhZckNyQzlFYnZnUjBHZmJqMHRSdTFvS2NITldSRWdibnNVNjlmWl9NeW4wYVB4NFp2WWk0VnJlbThyMWRwd1FWa1U2b3NuYzM5ZWo2UGo3eC1WMldQUXY2VXhjQ1NHQy1xR1ExSms0WnZCR1BfX0Rsa2RSS2pST3RRWVg5RU9GZDJBamM5ME50SC15ejFa?oc=5&hl=en-US&gl=US&ceid=US:en,Iowa Now,0.0
VCU Medical Center ranked No. 1 in Richmond 12 years in a row by U.S. News & World Report - VCU Health,2022-07-26 07:00:00,https://news.google.com/rss/articles/CBMivAFBVV95cUxQYVFCQkJqblUyUXItWFJaN0lFWVNyWm43cTkzdC1kZVRYNmpqamhpdWNzZDdEUkpSNmdzMUlzaXFPeGVVczBnWE5FNV9LdTY0eEo0YkFVcENBLVlHbWJraUpqcDI4N2sxUnU2V05RRjFITEtlOXd5ajlydkY2TkM2djZYQ1dHcGZHYk9iamplZ2p0eklaVlZXNTAxVlExNjN6N3J1SFJZX2p5emg4d0dyc1otc0VGdVV6eWdlaw?oc=5&hl=en-US&gl=US&ceid=US:en,VCU Health,-0.296
"What You Need to Know About the Measurement, Reporting, and Verification (MRV) of Carbon Credits - World Bank",2022-07-27 07:00:00,https://news.google.com/rss/articles/CBMi3gFBVV95cUxOLXFiVXlYYmtuTzRmbEpTWFExTkw3S21ZWUpfTXFqckJmMk5xbEFZVm8tZkpXVjBIT0hxdTEtcVotTGdWclliVk0xRmp5dGNid1d5Z1BBbFFuWDdmZ3FsMWRnQXF1UW9PaWQxalJDakNoU09NOHNVYWp3enpvWWNScl9ZXy1uVVREMjhoaDhaajBzMUhTQnRKa3BneUIxeHJGdElpMkZ4cEs5SHVRMm5kNjVWN1FaYkhtcWNOdDFIb0tpeHlfNVN6VEhhb1hfcGRINXFsR3ZaTTBqanM0X0E?oc=5&hl=en-US&gl=US&ceid=US:en,World Bank,0.3612
ChristianaCare Rated a Best Hospital by U.S. News & World Report - ChristianaCare News,2022-07-26 07:00:00,https://news.google.com/rss/articles/CBMipAFBVV95cUxQQzlxRzZpSGRoRm14bVdja1J2NE1EQk1aTE5sY2dTQlFPTUR5Y0FSc0hrTUthbTlkYmpJeGZvLUotclRsSXBuc1lvMXNqRXl0TDFWNW9TUHZVcFJ3WjNtRGg4RDM4WGRsdHYxV1U3RnNkclRXSm5WZC13WEV6amR2VVdtdlBmRDJORUdyR0hsLVZJazZhSGV5MXVFZzRTQ1BoVmNlQg?oc=5&hl=en-US&gl=US&ceid=US:en,ChristianaCare News,0.6369
U.S. News & World Report names Loma Linda University Medical Center as Best Hospital in Riverside-San Bernardino metro area - Loma Linda University,2022-07-26 07:00:00,https://news.google.com/rss/articles/CBMi4wFBVV95cUxPMTctOTdQc3J4a1dSTE5WcHctVC1DOXlnaGFpc2RtUm8zX0NmWER2S1JaQTVjR0tyS1pVa3VUUGtKOHBFd1hlVUc2T1BYc05mejl1akVVVFJGSFdUTVZpTV8wc3lVVXdpTGtJS1IzVUt5WmNjZmI2UHJqX29NMkFXa1YxT0VIYmI2bGp0WmVkdDYwUzNKemdpbGx5c1k1dDZuTndWaE1DT21Zb1pFQVljRllmWWxuWDF5eE1LM3JvcVhEaWVJa0YweFRXLVNSSmFTVlZRbjNwb09JOGl3bkxrbktyUQ?oc=5&hl=en-US&gl=US&ceid=US:en,Loma Linda University,0.6369
2022 News items - DG Okonjo-Iweala: “The world expects us to keep delivering” - World Trade Organization,2022-07-07 07:00:00,https://news.google.com/rss/articles/CBMibkFVX3lxTE90aFVaeXVSQ0VUMk0tWXI2eHV4ZGlFZEVoVjhpNXVkNmlrb29mRDJaZlhKRnV6ZE9EaVN2SkF6OUVDNWpZdlZiOERCTW1PdldIajJWMGFjLTB2Tk9TWllSc01OOF9iVjlnc0ZNeEtB?oc=5&hl=en-US&gl=US&ceid=US:en,World Trade Organization,0.0
The US has an instability problem and it’s affecting HE - University World News,2022-07-19 07:00:00,https://news.google.com/rss/articles/CBMid0FVX3lxTE05WXNMUS1xN3V4X3Q4Nzk1UW9nUXRwZDVmMl81M3JzY1k0cGIwWHNOTkptR0I0RDVwUV9PdEVKR1FIY0VuM0RFRm9Nd0JkZDJmekVWbWppeGlsdlJ1NGRYQWJsZ05uR0tqWTBGUnRURFNDT2VhMUxB?oc=5&hl=en-US&gl=US&ceid=US:en,University World News,-0.4019
"In a hotter world, air conditioning isn’t a luxury, it’s a lifesaver - Harvard School of Engineering and Applied Sciences",2022-07-20 07:00:00,https://news.google.com/rss/articles/CBMimAFBVV95cUxNOHNpNXRSeEw0VkFZeHM4YTIxM2VDSlFvR2dBMzN1Qlc1OEZZZXEzSWV6OUtmYU52a0Rib0RZZDdPRnNwdXZGSVBmenhsRWlSMkk0LXh0c3oyNDl1bHlFN1pzQmlKUlk2UHBRSmVWOFBiaHhXVTF6Mm9kR1pWWU5PT3pPd29yS2o5ZVFWS0FFemZmcDJEbFkyQw?oc=5&hl=en-US&gl=US&ceid=US:en,Harvard School of Engineering and Applied Sciences,0.5859
Stony Brook University Hospital Earns National Recognition from U.S. News & World Report - SBU News,2022-07-27 07:00:00,https://news.google.com/rss/articles/CBMiwwFBVV95cUxNeW5za3h0Zm91QU5oaEptQVZhVC1uZmxDamprSGRXQVEzazlIQzYwTkYxNWF6dktYSWlWbFNZRkF1OEhkVjRmV1g4T0NNc2p2UUs5cklVemhoM2RRT0NWY211N1lNZUdoZDA1dFlwUnBfNG93VHNLNFlIN21lQlJrQmFUZGJZWTN3Z0wyNjNMUXZ0ZDNJWHVtZVdnZm9McVl2UkdmNDFIVW9RaEtLcHpvblJ5Z25UNmk3MUh3aWt5Q2wyS2M?oc=5&hl=en-US&gl=US&ceid=US:en,SBU News,0.0
The Mount Sinai Hospital Ranked Among Top Hospitals in the Nation for the Seventh Year in a Row by U.S. News & World Report - Mount Sinai,2022-07-26 07:00:00,https://news.google.com/rss/articles/CBMi-gFBVV95cUxNZ1JDSThEVHA2eDZBMnNZTHd2RTh1Yy1Zd2c2cEtiS1h6b01rcjd5NjBnSmthRzhlWGpzOFVBLVUzaGlNNVJhNW91QTVsSmNYQ2pPZWhyV0JCVkdya1BERXZZSnRvdEJTMXdwVjl6Z1oyRXVDSVBKaFF2MXNwQmpObjV2bHNoMi01d1JCSDZiT3h5cFdJYXp0eDRBcXdvSmJUaDNrdWppTjlWWHd4QVI5Ymw3Q2lVbGZoYlhFOEJSZG9xRU5qS05GTmhFakl1YkZKX2V3ek1UbDU4c0tlcWVkUWRyLXhER0FwVEE5SWtPV19KSkJmenhiaGx3?oc=5&hl=en-US&gl=US&ceid=US:en,Mount Sinai,0.2023
Global Findex Database 2021 reports increases in financial inclusion around the world during the COVID-19 pandemic - World Bank,2022-07-21 07:00:00,https://news.google.com/rss/articles/CBMisgFBVV95cUxNY1cwLUotVEVBa1pONTNYX3pYU3pHcXN4Rnh2NmZibkJZQjUxQ1V5aWRaNjlaLXA0cExpc2cyTkhDZ3RuV2xfb1pXUndJSFdVYzJHMlctYzUzX2IyVHBVQ2x0ZHV5ZWVKR0NtTG9ydmt2TFI5NWktb0tRZDE3YUxfM2swRGRtTm82ZGtvVUNnbDR5d3FWRnJTcl9hSk1Mak5xRW1jRTNNdUY0amJObzBXSjh3?oc=5&hl=en-US&gl=US&ceid=US:en,World Bank,0.0
Universal access to sexual and reproductive health: - World Health Organization (WHO),2022-07-19 07:00:00,https://news.google.com/rss/articles/CBMilgFBVV95cUxNOVBFMUlLelRfQm9EakxtQlpGTU5HZWdOVkJrdUUtV2l4NlJSTmZ1ME1Nem5jZEt0bGVpekNicWNhZDUwR0VHQWtHa25MOE5uMjRaN08wNjBvNk03VDhfY0dNUlJBMHd5ZFFyeS1XUkFsaTRQVDdEV2FISDJrNVN4ek05YXk0eXZLVTBfODFld20xa2xHdkE?oc=5&hl=en-US&gl=US&ceid=US:en,World Health Organization (WHO),0.0
Several WellSpan Health hospitals named 'High Performing' by U.S. News & World Report - WellSpan Health,2022-07-26 07:00:00,https://news.google.com/rss/articles/CBMiW0FVX3lxTE1oUTY1dDdybVBsbloyOTFZc0tucFY0bGVTQWs2eUtoMEdiWnBva0hxR3dLdy00Xy0wWjltWTlkNGdEQzY5OUZieDlEeU53elE4YW92OVc2OHo0OUE?oc=5&hl=en-US&gl=US&ceid=US:en,WellSpan Health,0.0
Shortages from syringes to dye for diagnostic exams: How world events are straining everyday health care supply - AAMC,2022-07-05 07:00:00,https://news.google.com/rss/articles/CBMiwgFBVV95cUxQLUxXcDQwMXhJM0ZBa0dqSUlGQXdHRWpUTlF3Q2tlTVJ6aEtIa3U5bDV3WDgyMnA1Wk5Eckl1bFZuTy0xUVJISUpnNEtZU3daRVFQZm40aWI0TGlhRXZLTngwRUZMVWJzMmlaM1VXYjg2U1psa05BQUE2ZmNGVXgxQTRPdHZqQVdFb2U4QkZ2X2xKNVIxNXZCb0F2X2FsS3d0SkZFQUJpM1lTcWQtZnUyT0tSVV9WRTZBRWprX0VHTGxrQQ?oc=5&hl=en-US&gl=US&ceid=US:en,AAMC,0.0772
Global Engagement Pivots as the World Changes - Georgia Tech News Center,2022-07-15 07:00:00,https://news.google.com/rss/articles/CBMihAFBVV95cUxNWnVwNVhfRy1tRFBpdFR2SVNaT1ByclJDc3I2Uy1KV296all0YWVpNXVvZXJad0g4dkt1NG5uTVZCdXY3M3lSa1I2SEJ4a0lZRnlUb19Wdk9GZG4tdDVZZkh6QVMyUWt4UjQyRHZIWE82N3lZanZ2X00wdnlQTENsYnJhbmM?oc=5&hl=en-US&gl=US&ceid=US:en,Georgia Tech News Center,0.4588
"U.S. News & World Report names AdventHealth Orlando No. 1 hospital in Central Florida, No. 2 in state - AdventHealth",2022-07-26 07:00:00,https://news.google.com/rss/articles/CBMivwFBVV95cUxOdUx1WGM2VkdMWHVyWmR6UHJtb0pGZ19RMHFULTdrNzkya19ZY2MzczZ1Z0tLVkFVZE9NYXlOOXlRb1FVaUpQYnZPZXBBX01PRGJ3cmpqbEh2SHVIaDdTMjZlLWdTZ3NWclVrQ3B5aHhfMlR1TVlPbzU0U0otR0lrOFphMDZOUUxIYU91Q1lVSTlMME5wcXBTb0ZSZk5BazV0NzVMR2ctTXlSSG8tbEY0aGhIRkVqQTY1NWc5bzdSNA?oc=5&hl=en-US&gl=US&ceid=US:en,AdventHealth,-0.5267
U.S. News & World Report Names Winchester Medical Center Among Best in VA - Valley Health,2022-07-26 07:00:00,https://news.google.com/rss/articles/CBMingFBVV95cUxNbjJtNXFkdzZlc2ZzOXl3c0xpS2xMdlZyazhtWURxYXRiSzNyOGVTVkVuZ0Z3dTFMR2pTZlhxck8xOEV4Q3ZZeXNCWjdxUHlmWllCOW90UXdZb1ZwaEtQeXUyWl9vRlIxMWdqaUd0YnBNSzR0Mnk5Z0NDeEMyYkxocGhDZ2RvNl9ZaUROSURNdnhIUWI3NnFQczFROE5ldw?oc=5&hl=en-US&gl=US&ceid=US:en,Valley Health,0.6369
"With eight highly ranked specialties, U.S. News again calls UAB best hospital in Alabama - University of Alabama at Birmingham",2022-07-25 07:00:00,https://news.google.com/rss/articles/CBMixgFBVV95cUxPdUNJYmd1eDM2SFRES0djVnJtbjEwR3E5LUljNjZCb2J4ekdGUjQtUk9wZEZJQzgzbUxxY2NxTVBGR1lvUWdtUHZaR24zREI2c3NmSTVjd1Zub1AtRTV5WGpOS29yTFJ1eGg3YlE5ekJvaGttalIyb3A5THdHUU5PWWdEWnA3a21wOXB4YjB1T0NQYjdqMW45Y21LeDBqVm96QS00X2ZObEVBTVFGVHBYc0oxbEMwUWprSXlNU3NTWG1PQkFjNEE?oc=5&hl=en-US&gl=US&ceid=US:en,University of Alabama at Birmingham,0.6369
Stanford Health Care ranked in top 10 by U.S. News & World Report - Stanford Medicine,2022-07-26 07:00:00,https://news.google.com/rss/articles/CBMid0FVX3lxTE1vMXZ0X2c0N09ndHJzUjVfQlphZzJIWGRoVFh0anFBRHN1aTUweUZxaU9ibkR0cXE1MVZhQ0tsVTB5akZETXRUcUtoUlh4emtCVHVvdVBIN2d0ZUt6Z1FyWElZVXRFd1JORzktdnlnZzN4MFlvZFRV?oc=5&hl=en-US&gl=US&ceid=US:en,Stanford Medicine,0.6124
"Firm behind tabloid's infamous Bat Boy to open TV, film studio in this South Jersey town - TheDailyJournal.com",2022-07-13 07:00:00,https://news.google.com/rss/articles/CBMizwFBVV95cUxQQjVoQ0dvbjJueEN2RldQS2dOYlFNZ2xHc2FiWmpVdGxteE5YclVIY1p0WVRnZHVOZ21jWUp3cEtsZVFKYkgwdTVNZ0gtR3dOWDNZSUc4bllfalU2UXZqczAtUUNIb0hqU3h4M0R1dHFiNTZ1bm8xemREQUF6V2FKZGstV2g2dWhkMWJORk5YWFlwM01HTG84aE00NjhKLXdHZkJ4WjM1LWkybUF4V21GN3h1djE1YW5DVC1XeDFuLVZMR1VFUGRoQTI1TmV5UDA?oc=5&hl=en-US&gl=US&ceid=US:en,TheDailyJournal.com,0.0
"NYU Langone Health is the top hospital in New York State and No. 3 in the country, according to - NYU Langone Health",2022-07-26 07:00:00,https://news.google.com/rss/articles/CBMihAFBVV95cUxOS1h3ZzRzWnprbjljMkJsVnhGWnducjZmWFdwT3VpZDBOMF8tZmlWcExBckpTdFh6d18wWGpwbGttdVc4ZWFxNGdXVUZobTlvVFYxYXJCZmIyZ1JOYUtkWkY2TVEweFpkM2wyNmpjQU5Jb1dzSlhqYlRYTHh2Rm4wekJLYmE?oc=5&hl=en-US&gl=US&ceid=US:en,NYU Langone Health,-0.1027
Ukraine war: CIA chief says no intelligence that Putin is in bad health - BBC,2022-07-21 07:00:00,https://news.google.com/rss/articles/CBMiWkFVX3lxTE1RRFkyWUQxZkw1UGhzNGlnM0tVYVByVXZZV2phNTQ3Sjdxa2hZdk1TOFdYalAyZ1BSSmt1QWNINmx1SWVDT3RQUnUySVhQRFUxZGpvNnVsNjdyUdIBX0FVX3lxTE5lbFFZd3Y1RVFXSWV5TDVUMHdZN2F0cFJJVUxReXhRZnZMMDdON2E1M054RkVaejBsSzlUSjZscUo3RWgxakNzdzdaNVc1SWlXekxQTmxjLUEzalhMaGln?oc=5&hl=en-US&gl=US&ceid=US:en,BBC,-0.7579
How 3D world-builders envision the metaverse - Verizon,2022-07-27 07:00:00,https://news.google.com/rss/articles/CBMifEFVX3lxTE5KaEx5UGNOa2ZST1U5dDZLTjBQeFc5ZVN4UXdYeUFPMXFRX1RsVG9YRnJqbmdzTlc5QXNlY0pYUTYyMDFUU2V2WnBVMTEyOWJGLW9yTHpUN2ZQNzE4VHpUWXlMUXdudGtpa0h3eHp5cmpvdWYxdjRwMjZqRGk?oc=5&hl=en-US&gl=US&ceid=US:en,Verizon,0.0
Mass General Brigham Hospitals get Top Marks from US News and World Report rankings 2022 - Mass General Brigham,2022-07-26 07:00:00,https://news.google.com/rss/articles/CBMi0wFBVV95cUxPZkh5Mmg0eEk1TkVSVGZqTVR0VHlZZmJsSUtMUVp1d0M4VEUwTWtyeExEVGJaNGFqelA4NWNzZVB6UkMwam9sVEFLT3FDMDJheWNxaGpmLTJaekpma3o3R0IyallBY2RpT3U2N1ZnSl9FdnJ2Z01iODNxRHJmNGJRM1RXQ19MVzNLTnE1cGFCSC1SS25VYmpuRWktckNfWTMySFE1ZmNhZjJvS25jcEJCVktaMFJqd1V0YU8zS0xLY1M1dXZKaVM0aTV5blpad2lZRndB?oc=5&hl=en-US&gl=US&ceid=US:en,Mass General Brigham,0.2023
Mayo Clinic ranked No. 1 hospital in Florida by U.S. News & World Report - Mayo Clinic News Network,2022-07-26 07:00:00,https://news.google.com/rss/articles/CBMiuAFBVV95cUxQaE15UElHdXlQcjNFcWthbm52ME83TEFDOVo5aDZTVkZfaDV5eGdMc0J5VkZCaDM0S3RkUi0wS1Q3UUlnSHZxTmZWU09YeVpnU3IzWHZLMGFXUENlSGNnVk9vR1FZdFh1Z0s0dG0tUVVyalVMaHZ5QWl0Z2gyMXA3R19wMzVZN25KdnRnMGNwMy1vS1E4RTk1bkU5Z2lGaU5nSTc4WjdzN1Z0b19ucGpNREJhXzZjc092?oc=5&hl=en-US&gl=US&ceid=US:en,Mayo Clinic News Network,-0.296
New World Showcase: Summer Medleyfaire - News | Official New World: Aeternum Website - newworld.com,2022-07-15 07:00:00,https://news.google.com/rss/articles/CBMiigFBVV95cUxPTHVjcHdpeTUxWV9qX19sS2xxSTJPLUtRX3JuRDM4OFNWM3FwQU51RDBoZTAwRjZsUXVzZzJ6WmNJd1FNeEwwTWVCQUY0Y05qVmN1aEV2X0ZsSGpHb2ZnLVYwRjR3V0dDaUxkVTRiUHA2VS1yQzl5Y0c0QzVkdC1zeV9tb2d4SDdaaUE?oc=5&hl=en-US&gl=US&ceid=US:en,newworld.com,0.0
Atrium Health Earns Multiple U.S. News & World Report Honors Including Top Hospital in Charlotte and Best in Rehabilitation - Atrium Health,2022-07-26 07:00:00,https://news.google.com/rss/articles/CBMitwFBVV95cUxNY2FJcmlKN2xjVEVZaDVBZ1daTGNGbXpsMEE4OTRGY2xtUlFQNy1vRjUyRmJ5MUZtc2YxZlRKdVV1c3VqOVN6RFR5TWxvMjNVNV9RSjBTRVVrck5MRjZfUHNwMmlXSzlxTjlDYk5seHhlYWJFd0RValJQcHdwVEd6WlVjbXVmRDRPLW5sUVBVVEhwdDA5ZEFRVkVzaTJoQ21sS3huLVlIZG9oRVdwODVYbnhWZUg0QXM?oc=5&hl=en-US&gl=US&ceid=US:en,Atrium Health,0.8519
Europe swelters in the heat and other environment stories you need to read this week - The World Economic Forum,2022-07-18 07:00:00,https://news.google.com/rss/articles/CBMilwFBVV95cUxOdnU3TkgzblRMaDVlZnlPOVFYOFBkOVoxM09ibDVadEFLcVBMVDZFZE8tNldJSm5QeW1SaEg0QWMxZ0R3Y1A5WWtmT0wtd2w4NGhFbFpKVWV1S2hTODJvenQ5bFZZcXBTcVlUU1liZDF0ZDNDMXNGU1hfN3Q2U1ViN2tFZi1qV3RBQ1dpYk1rZzVXLWN1Y1M4?oc=5&hl=en-US&gl=US&ceid=US:en,The World Economic Forum,0.0
Next for World Clinic: providing nurses with opportunities - Sanford Health News,2022-07-19 07:00:00,https://news.google.com/rss/articles/CBMipAFBVV95cUxPZEdlamxMY0JjcFpGX2FqMTRDVWh0TmpsQkJIRTBOMjByTC12NlJpY0owWWJJQlZ0Y3ZPV25OV1c1S1poUDFNY3Nicld1OEE5WUNDdWZJbUVwVU0wQWQtSVI3TkJIc1dTTFJLclQ4aEJ2eE9HU0VLNmlBTzRDMjBwQTl6VTJ4dHZFRm5MWk1nSUpKaEVWODV0UTZELXYtLUwtU1lFTA?oc=5&hl=en-US&gl=US&ceid=US:en,Sanford Health News,0.3818
LLUMC – Murrieta named a 'high performing' hospital by U.S. News & World Report - Loma Linda University,2022-07-26 07:00:00,https://news.google.com/rss/articles/CBMipgFBVV95cUxPVHpxMnRxd0sxLWtfemU5UVJqTFU5TTFEQ1ZFY1haOFZQbjZZSW9OMkxxUU9iSkRiek5GamZ4ZDgtU1hQUFdURTB0RGNPNnZ6RVczQXlibzdCZDUyMVhSZ25DTDRHOGpQQXlYUURBWEstcURlTFo0MjRnTEt3WTgwV0NvSnI3aXgwQ0NQWXJUNWZMOGctZkk5eWEyX0d6cUZJaWRMRjln?oc=5&hl=en-US&gl=US&ceid=US:en,Loma Linda University,0.0
Cedars-Sinai Ranked No. 2 Hospital in United States by U.S. News & World Report - Cedars-Sinai,2022-07-25 07:00:00,https://news.google.com/rss/articles/CBMitAFBVV95cUxOeDZtQVJ6X2dMTzhLU1JQaGxtczZHN1UzLXhYVXZNZVZscTNWaVp5TzRwNlFWR3lqZTRVcUhOX2pjRVV5M0dyYXBHdFIyc1JTM3dPSUtoamhNMWFrNXRKT3RhQm9IazVHN0Z6Q1JXR2NxT3YxME1aWEZ4MnFiaVk1YUx5SmlJalNKRXVZRlVoYjNMTkhETDFlV081cTI2QnQtMlVobFBpcUUxb2RjZjBRQmh5Q3I?oc=5&hl=en-US&gl=US&ceid=US:en,Cedars-Sinai,0.1531
Russia about to run out of steam in Ukraine - MI6 chief - BBC,2022-07-21 07:00:00,https://news.google.com/rss/articles/CBMiWkFVX3lxTFBaQWMzRE9PMzNvTS1qM2VrU3NpcEw1dU54ZlhKSUhfN2JUY2lteUtVUW5LbkJ2UkNJX0hsSE1XWjdKVmJrWE1jN0dKTWhNVjlYSjV5YnlBb2xRZ9IBX0FVX3lxTE9mMTZkNDd0RlZQTHZUNG9SMlJaZ1NjUTRWNXBsdGI0YkNKaWVoYlpiLTJrZlRKV01VYnlfRUwyOXRpU05GMDBITms2U3c0R3hoYnZ2NXRtci1aWmt4bTNn?oc=5&hl=en-US&gl=US&ceid=US:en,BBC,0.0
Finding her path: from philosophy to the business world - Duke Kunshan University,2022-07-28 07:00:00,https://news.google.com/rss/articles/CBMiogFBVV95cUxQV3hUdWJjRnhYakhxc2dQOTFCZXNaUXhTZ3d6c3libEZwMlF3QXZWYXlVTkV3cUdEVUJodVc3bXhva180U2JLTjNZYlU2YWZ1YkFMSC16VXVCS3Z5NjNndUtwRXFDd1FUVHJ0aU9LV3llUm9sRjBidHFFT3I2YTRFbWRacTg5WkV4UGlvaERuRzUwdGx6LVpQQXdtZmwwTlVpRFE?oc=5&hl=en-US&gl=US&ceid=US:en,Duke Kunshan University,0.0
Monkeypox declared a global health emergency by the World Health Organization - UN News,2022-07-23 07:00:00,https://news.google.com/rss/articles/CBMiV0FVX3lxTE5Lb19tOC1IT0FCUGhaMkc2aE9BVXgxb2RsS0NVSTFORWphTzJCakJWcmxfUFV3OFVqZ2RpLUdHbzU4bzJ0N3pzbHUwVEhfMDZwamJ3LWxNdw?oc=5&hl=en-US&gl=US&ceid=US:en,UN News,-0.3818
WHO releases global COVID-19 vaccination strategy update to reach unprotected - World Health Organization (WHO),2022-07-22 07:00:00,https://news.google.com/rss/articles/CBMiugFBVV95cUxOY3BqR3hNanYtLU9EMXI4alhiRkkxQllMOGZuYVU4Z043dGJSMk5nN2NuZkQ0RGk0WHZHY0lWNGVKWElTMURfMVdMR2p3dDM3Q25BZGNiSW43NVdXQzdtRWpHMEE5QzhIQWVuXzBCUkFoN25SZ2wtM0hpUzZOeDZoUi1GOHVwS1dtdmhkR1BualozSllnRi1pRkNaWG8xR2E1bzBXZ2daVHdjUV9rVVVLNi1OSFFrQ0dKU0E?oc=5&hl=en-US&gl=US&ceid=US:en,World Health Organization (WHO),-0.34
WINDOW TO THE WORLD - East Carolina University,2022-07-28 07:00:00,https://news.google.com/rss/articles/CBMiYkFVX3lxTE1fa0dmSTFlTHlXUTV0dUYtZEd1cUZJVTR6dFNFWlVmWXZoN2dZQzhOc0JVd0NEQVY4cGc5R3J5NDB4SjdBNW1QaHk2QXdIMUU0STJWazNTejBLTVN2VXpqNUt3?oc=5&hl=en-US&gl=US&ceid=US:en,East Carolina University,0.0
Gowda ’23 Doing “Real World Work” at UN Institute for Training - Hamilton College,2022-07-12 07:00:00,https://news.google.com/rss/articles/CBMijwFBVV95cUxOek1KS21tZmNlUEVxWEs2T2FUTHlVSEtoZW1yRHBKLXdXU19WeGIyUUMyM3dibHpENDdndS1nX1BhTGUtRFlLLWkzYmFpZG44OHJ2QmJuWE9mbEc5Y2w3V2RDS2dhcnJZNFdrejNXQTF3T3hjWGllc2JPV21VOVJOVk9kaFNiaXhEUTZyNkI1QQ?oc=5&hl=en-US&gl=US&ceid=US:en,Hamilton College,0.0
New World Fishing Guide - News | Official New World: Aeternum Website - newworld.com,2022-07-19 07:00:00,https://news.google.com/rss/articles/CBMid0FVX3lxTE82NWVtWThBN2J1ZzlnbUdlWTdMZ3Y5bTIzU2tOTTlpUlpQX3pHQXFCYk9oTThuYUl4UWF5WTVFcUNRNUZHWkdyT0dOY2xud3BCcDJXMW1tLWpIX1I1S3lZb29kNjRoMkNwU05LcnZGWmdQbUZXUGdR?oc=5&hl=en-US&gl=US&ceid=US:en,newworld.com,0.0
Northwestern Hospitals Among the Best in Latest U.S. News Rankings - Northwestern University,2022-07-26 07:00:00,https://news.google.com/rss/articles/CBMiugFBVV95cUxQNXFNX2FrVHFXdW11U1JhVUZ5ZnJTdW92UnNqWUNqd1VmRVp0UWlZMnMydkhEZlFuMURWeXhNSnJKSVZZNGUxOFdwRUdOS09ILTJ6Wk03RHk1X0Zvd1pYWjVEZ216ZlJqYndiRUZSbVBzeDV3ajlTWEU0X3dGcEczT09kUkFCR21mRHZMM2JDVjNoT0tCZ3UyM3RlTDdNNlZ6dG56dmV4Znh1d3JUd3ExQVlUYnhkSzdsUWc?oc=5&hl=en-US&gl=US&ceid=US:en,Northwestern University,0.6369
'Why I invented Non-Binary Day' - BBC,2022-07-13 07:00:00,https://news.google.com/rss/articles/CBMiXkFVX3lxTE84dWpjQjJQQXhHQlYxS2JiNXpILUY1WE1pTjdmVFZTd0J4R0JuTEJud2NSYnZKemdOcTdNeDlxOTl6UnBzcG4tT0J6U0RhSFZhajhJcnp1ZnZvVG5uRXfSAWNBVV95cUxOYlFETEZxVlg2cVRZMjV0ME9VenQ2MFg3VFNpc3U4ZGNsM2lJaG9fWFdwaEdXLTB0eGFMMGdNbmhSOElMb2h3RGtSNmVpZl9CNDlWSjZLUTJLTmhoVzVzMjdneHc?oc=5&hl=en-US&gl=US&ceid=US:en,BBC,0.0
Why Dutch farmers are protesting over emissions cuts - BBC,2022-07-28 07:00:00,https://news.google.com/rss/articles/CBMiWkFVX3lxTFAwT21BNnBRV2RTb19WNEs5UzgyS05FUWVMTF9VeW5jLUxIaDNQcWlLTEJFVFNqXzE4OEZsQjdmQlNHYmU5bnhZMDJCVmV0ZTk5NTJKSm1iai03Z9IBX0FVX3lxTE1hNGxubUVubFlrclhMMTZ1a2RVOVlyY2dOUTV2VGphT1BqajE4T1JPd2JiV0JadlZYMGZISGJBZExaZ1Q4VEVjYWV6aHJROEtEd0xlSWFwZUhlLUE2ejZv?oc=5&hl=en-US&gl=US&ceid=US:en,BBC,-0.6124
She treated Myanmar's resistance and paid with her life - BBC,2022-07-14 07:00:00,https://news.google.com/rss/articles/CBMiV0FVX3lxTE5ZU2V5SHdDMEJLMVMwcFdIMzlmLU1LT3h0YTNldFdkZWpiTVZMQVROWmxLLUdjbjlpeWFlc0h2Ynk2TGk1Y2V4YXlkZ2k5Rk5OeXhHRUN0Z9IBXEFVX3lxTE11OHk2a0xrTVVJTXM0NUx4Zko5RUtuM0ZCT1h4eWFEWnA1TlltWXRzT3o2T1dZd2tVajR5QThLZmhzZFZ5NThaMDNnWEFHNTJKUHJMZVdUcl9WOHpf?oc=5&hl=en-US&gl=US&ceid=US:en,BBC,0.0
Staff Shortages Choking U.S. Health Care System - U.S. News & World Report,2022-07-28 07:00:00,https://news.google.com/rss/articles/CBMiqgFBVV95cUxOdG10M215cFNvNDlqN2NPeUZudkEwb1JhRF9Nc0dIazBDbThEX1FwVFFjQ3A5c3pQM0E1MkxXdHpxOGdwcG9TZURXTTFLRkotR2o2RndiQ0dHM2dWdHZobGc4ZmVxUzJqdnNLSTFPb3hwamQycXBGaUdpVTRGWVBubmx6SjdCbDRtY1ZTemVYN3dRcm13dk1VUzVNakdoUGM0d1dEOXlCeHdVUQ?oc=5&hl=en-US&gl=US&ceid=US:en,U.S. News & World Report,-0.1027
Barcelona 1992: a city turning towards the sea and winning the hearts of the world - Olympics.com,2022-07-22 07:00:00,https://news.google.com/rss/articles/CBMisAFBVV95cUxOVERSQWMzTzlDT0ZOVHBWdDRnWUdTWHJPTlJjQnNuTG12eDBDNGNHcEZnRmxRYkVIZUJGTF9hbTNrd1pieEcyTDF6aTRHN1pXd1B6VnJoLWtPRk9fVVVRTXFYSzBlVk9vbUpSSnpZRUF6M2VKX0pCRHljVjU3Qk5BYTBxcmZCN25nYjlBOHFiVFE2QzZ4Q1dpZ2lnM1Z2QTYtZ3dTMV9pMXo5YVRVZ1pkWg?oc=5&hl=en-US&gl=US&ceid=US:en,Olympics.com,0.5267
ITER fusion project preparing to outline revised timetable - World Nuclear News,2022-07-11 07:00:00,https://news.google.com/rss/articles/CBMimgFBVV95cUxNRDdraV92anNPZG42SlNlblAyWHRONEdSdE12VUNzbzRwWUI5aUFEVmgyRWFYR04tV0RveXZvTFpST3MwT1dTeXRnNVVnT0JGdGhPeU1wQlJkR2paTUhpbllfQmdCZzBFZXE0N2F2RUhySy1RSWdmN21KLWRrMWg2OWxHZkJIVm9mUzh2d0NtODJXZmNCUjVkTXlR?oc=5&hl=en-US&gl=US&ceid=US:en,World Nuclear News,0.0
"How has the threat of World War III evolved, now that Russia and Ukraine have entered a ‘protracted’ war? - Northeastern Global News",2022-07-28 07:00:00,https://news.google.com/rss/articles/CBMibEFVX3lxTFBQMHBCcWNfR0VmTmlDSEFrc1FlY1owQ1ljVXp5TTI1SDNVbk05M2ZfelRuUjlkc2lIUmwzSFo3MnN1dXgzRDYyYkpramk2U2Z0SS1vSEFMTlRvRExGOXl4YV85THpkbzNfTVhhcw?oc=5&hl=en-US&gl=US&ceid=US:en,Northeastern Global News,-0.9042
U.S. News & World Report ranks Duke University Hospital 23rd in nation for Neurology & Neurosurgery - Duke Department of Neurology,2022-07-28 07:00:00,https://news.google.com/rss/articles/CBMiugFBVV95cUxNSDVsM3c1Zkl5N2dER0NSa3A1ZUU1STJHQ0U2REJPc0doX1FybEQ5RzYzZWRVQkI5U3pVZ25yRUItN0haZXBTa2tJSmo4S2NhVUZtT2hiM1FRM0V5aFpOenB2eVFjbURZRWo1cjFxRXN5aWNyS2RvdkF6Ql9qd1hoTG00MTJXTXdOUHY2Zlo4dm05UkU4bkQ4bFpYR3RGWkdhNy1rZDdiYnAzQm9NZGpCWkRXU2xEcnpISFE?oc=5&hl=en-US&gl=US&ceid=US:en,Duke Department of Neurology,0.0
"Wightman gets ""whirlwind"" win to beat Ingebrigtsen to world 1500m title - worldathletics.org",2022-07-19 07:00:00,https://news.google.com/rss/articles/CBMi8wFBVV95cUxNaUZDUU9ONU12bWtRZVNfb1ZCeEFQaUtkM2lMUTRzNDloZ09YdE1sTEZfM1o5N0lwbERnV1pRdXBydzY4RGczN3NfajJCZjU2VzdZdWIyc0l0WmFsQllWYW1RQW1YUFgwQ2xxdnFZMGRfV1oxU3RUM2ZmRmc1X1RHdEhscTVNcERFNkxEWXBzYUpWUHc5dmNsY0F0eUpwdEx1YmV6UkUyc01FdVBHRnlMbmhBQ1g2SE9TdGhRQTNPeHA4RHBCaXVyQkNETzVYRHVqWTZwUFRrRTNMbGpTMS1Lc0RXTFlxckdtMkJuV2cyUi0ybW8?oc=5&hl=en-US&gl=US&ceid=US:en,worldathletics.org,0.5859
Navigating data privacy in a post-Roe world - Stanford Report,2022-07-18 07:00:00,https://news.google.com/rss/articles/CBMihwFBVV95cUxOM3BQamNveVFucFJ6MWlaVEtqWnFhTUZCVFU2ZHpYTHBDLWZyNnEwZW4wN1U2OWdhU1FUYVhYREVXUFFScUg0WG1kZXdwcUl3ck5RYUtxWHJxZDJSeDVROTJkOHNXWG1TUXFjY0NVdndheXVfaDQzVE1yYmk4dkZ0cFNBYVI3cHM?oc=5&hl=en-US&gl=US&ceid=US:en,Stanford Report,0.0
Pope invites Canadian clergy to confront challenges of secularized world - Vatican News,2022-07-29 07:00:00,https://news.google.com/rss/articles/CBMisAFBVV95cUxPLVhLaWMtdXVvMjF5ZUNTY29XYjliLW9nQm5DN3p6WWZhNm5KMG53blBBclFvZkJpOWRhMnhyN3lfS1lZMi1uN3B1enJGSzlQNG9FN2FGcXpvNHJCRTd3ajFldE5MMU5qeHQ5WkRkYWRjeWI1anVoSDJ1U3R4U1ctbU4ySWM3V0p2dEgxVTJLS1A2ek1vX0s4Z1JxanJZcXBFd1R5UkRUSXNMVFNoak0yTg?oc=5&hl=en-US&gl=US&ceid=US:en,Vatican News,-0.1027
Heatwave: Ferocious European heat heads north - BBC,2022-07-19 07:00:00,https://news.google.com/rss/articles/CBMiWkFVX3lxTFBlaDdNVk9XNkpwb1otd202WWlTcEdWOUpFN2Q1MnY5NmtpU1VaV1dYSDhEeDJFRGRkRWVhR3RBcW1QaThlUUFnN2tWZTc1amlobnI5dl9kTG5nUdIBX0FVX3lxTE1TamxWU0NrWlFZOE5ZeDR0QWZZY2JOV2RSRnpBV29BcW9ZaFFJTjd1QkRPNnphUlpmUFB3YXgzUVNRUC1vZUVGeVFGRlZVMjh2UHBQUWk4S2phRGVyWk9z?oc=5&hl=en-US&gl=US&ceid=US:en,BBC,-0.1027
Construction begins of fourth Turkish reactor - World Nuclear News,2022-07-21 07:00:00,https://news.google.com/rss/articles/CBMikwFBVV95cUxNWE01dVczeWhlb0l3NnBmMUhrU0drVjV0M29GQ0pJdzRTVk1yMUhpWG9SZFZYX0pFMVFUbXc5eHdHY2lBN2UtQ3FnZ0FkdHhNYnFmM3Y3WXU0RE9KSGphbzI1ZVBMbmhDOFlwc05ITVp4SENha2lfV2tCWG9JNzhLSlM2d0VjVHo4bEV2WlhyUm9NUlk?oc=5&hl=en-US&gl=US&ceid=US:en,World Nuclear News,0.0
Prince Harry shares the moment he realised Meghan was 'soulmate' - Hindustan Times,2022-07-19 07:00:00,https://news.google.com/rss/articles/CBMiwwFBVV95cUxNbklRMzhEeC1ZWHNYRUdhRzZickFkVEd5ajlNakFYWlZXc1E2RjJTZklwMEhvTHUxQ1lmS0VwQ1Q2ZUlGa2stNlZYSVFPam9Fa2Z5V1R1Q2pBc1pUdUJxU3JzU2ZCc0x2QzZMZUtMLTdVWkpFYTB5M2tybFZGWTE1d1k0NHhlTjVMLWVDdHEwRnBzaHAyak1FN2hLS2oxRkFvUmhWcXVCWmFuaUF6N1FtZ0NfelBYSUItTFo2T3U5a2tyUnPSAcgBQVVfeXFMT1FKeDU0cmlPeUZZV3lPLVhmQVNzOUpnSldIYXk0Yl9vbEk5QUJ5RnBlNzVHZnl1d3laOG0xVVRZRWRQc3Z5S01NRkFhOUxFeXBBbndoeE5fcUJrejRkb3dVMFFjV0x4amhGYmFpYUZTYl92RDZOTHVraFdvTnNPaktRS0VtWllkcWFhMUxoajNXZ2xqWm53SE4xUDFFY29LQXNTQkpJUGFHZi01WDZ2NDhHNS1SXzBGZENCNVdCOHJQVE5QZEJ2UnA?oc=5&hl=en-US&gl=US&ceid=US:en,Hindustan Times,0.296
Protect the Protest - Amnesty International,2022-07-19 07:00:00,https://news.google.com/rss/articles/CBMidkFVX3lxTE1rNjFUQW1DOHJDQ19lS2pDZjRSSGwwc3RtTmsyc2ZPTUtlM0YzeGxTWXRMNU04c2tMT25rbEZ1Y2RrVnpkMlozOTcxbFFtUDFWUEQxZU5LTElXMkJYS0NseTZQdFdLME5FaGZBVjZrNDB2eW1kZVE?oc=5&hl=en-US&gl=US&ceid=US:en,Amnesty International,0.1531
Rising lure of studying English-taught degrees in Italy - University World News,2022-07-15 07:00:00,https://news.google.com/rss/articles/CBMid0FVX3lxTE9JTEwtSGJKR1JNMlNNaDBZbUVQYkJuc0ZZUEJmY1lSZGJpYUtJZ2xCWlFmQndRRVpXMmNSWFY2Qnl1bm9nSlJvMS01eldrQ2NSaFZlYW9LR2hvUjBjcG5SamFXR2o5am1idTJhX1JSdHA5Qnk2d1lZ?oc=5&hl=en-US&gl=US&ceid=US:en,University World News,0.0
Ivana Trump died of accidental 'blunt impact' to torso: Report - Hindustan Times,2022-07-16 07:00:00,https://news.google.com/rss/articles/CBMivwFBVV95cUxOVndZMGUyN2JPcmhZdTRWaGVyQ2VkMjFrQlhTRHhGcU5NTW1zR1RjWEI1aUd6em40Sm1KeGhZOVBmOXNsN05XOVVnRVN6aGlNUzk0eUhEZzVscC1Wb3h3enU4VVJDUUM0UENzMHZkV2NXcFB6U3I2dUE4UlI0RkNxdUw3NGRFOVRpb0ZJdnFWZDJuWFFobngydDJOV1hBUmNFb25fWXI3T2Y0WVJ3VzNLYjZ3ckJOT3JJc3FjMWZzMNIBxAFBVV95cUxNSGJ1ZV9QYjdsajBmRmhYMXBwUHJ5d1U1VmJhU2g3dEZWMzhwZm5NYXI0RWh2WGxyc2xOVUpxMDQyVy01NnhtN2w1WU9vR1dYWWxGU3FBQkp4Z3FUbWY2QzV4aENZd0sxNVdnYVNObjR0ZVViTGp5emZZeS1yQ0xMM2ZhNEd4YjRBbmVWckp3X1lIeEU0ZVBPRHptUV9FNlByRnNaQ3AxMUd1dnVNZE1vWjdiWFJsai1tcm9hQkRCREVvcDRK?oc=5&hl=en-US&gl=US&ceid=US:en,Hindustan Times,-0.5994
"2022 News items - In a world of polycrisis, Aid for Trade Global Review focuses on recovery, resilience - World Trade Organization",2022-07-27 07:00:00,https://news.google.com/rss/articles/CBMibkFVX3lxTFBtZ0I5SnFYMlV4R09VaU1hVGJ5MUQ3NE5Zem1FbnBUNElQYmpBYzB3UDJQdmtqaThGZXhCS0lHQlJIemN2eDRHM3V5UFZGM0hUUlhqNXI0ejdpQkdYTTQtUnFrRlJfMG9LRGlFUkp3?oc=5&hl=en-US&gl=US&ceid=US:en,World Trade Organization,0.0
Urgent call for better use of existing vaccines and development of new vaccines to tackle AMR - World Health Organization (WHO),2022-07-12 07:00:00,https://news.google.com/rss/articles/CBMizwFBVV95cUxPQ2tWMERkVE1PNW9fX3lPNnZPWGFlYmd1a0E2emNXWW14NUNqTkVPdm9XYTNEX21DYk12VHFxWVBMSkdRUlMwSlFPWlVCLVY4SWZseW1QWGh1TnNJdjB3alZ4TENuU1NobnFNRVlFelF3VlFnMEdoRTJ4bHlDdGhoeVFLNlNxU3ZCTm8xR192a1diMXZqTUJpd1F0Vk5BeUdlV1pPbjZhQnE0Slc1cTNPRkdxWUJlUFQ3Q1Vpd1hMbjFRMmFYaHhtOFlfWEl2RFk?oc=5&hl=en-US&gl=US&ceid=US:en,World Health Organization (WHO),0.5719
"WHO publishes new guidelines on HIV, hepatitis and STIs for key populations - World Health Organization (WHO)",2022-07-29 07:00:00,https://news.google.com/rss/articles/CBMitgFBVV95cUxNUndVbGRXdWFfc2NGX05PTThfNkI4YzNSRTN4LTl0M2lQbWZtdVc0Y1FKdnlqa0dVMDNGV0FnNHl3NW1VNlE0WlNwZHdvX3VGWHhwcDVZYy1HalNjMXhHS0RyV0pUWWZPMVlGc3FmNkNzcExmangwa3lyT2VIcWFqbldqdjhHZEswSE5ucV9fUlh0T3FCano4SFRCWEFmNmMwYndPZlBJdi1taEpJZDdweG5xYWFPZw?oc=5&hl=en-US&gl=US&ceid=US:en,World Health Organization (WHO),0.0
Saint Luke’s Recognized on U.S. News & World Report’s 2022-2023 Best Hospitals List - Saint Luke's Health System Kansas City,2022-07-26 07:00:00,https://news.google.com/rss/articles/CBMitAFBVV95cUxOTVFHaHNMVkV4RzZnanI5XzMzLVF0ZXc1TlA5SFN5NjRBT29VQVVnOVRaYVJGVWRWckhDbUdWa1VXSjdnTjdGOGJBWHo5cWtmX0dpZEdWN3E2aUxiNFdZVmU3YV9jcGE1ek9uWHU2Z0VOV0ZTWDVydWtDbFA3Mm5fQmt5MzVtbjIyMlRaMGM5WHlVTHBfMmR3dVJFUkhBeU5XX3dkdUdYcjhucXJic2wxWjlzaHI?oc=5&hl=en-US&gl=US&ceid=US:en,Saint Luke's Health System Kansas City,0.6369
Ukraine war: Russia's Lavrov says ready to expand war aims - BBC,2022-07-20 07:00:00,https://news.google.com/rss/articles/CBMiWkFVX3lxTE1VcFMzeE9XR1VjTXc2ejQ1dGhJTGwzNUhBNnlid0Jtd3JmWW5OVVlSX2dvUXBkLTNLZ2RkZWU2N3FmNTJxZlBvamRrWTNQMFZyOWs0UUZmdW51d9IBX0FVX3lxTE1yZDJPSzRpdTZLeGcyNVUxWGYwSDlsakd0dFZVM3lRSS11NGhyN0RTaTVhM0xQRTV2ZFp2eHhyUE5jLVZWVXJtclpLenhIbldGNWw3Wm9lSmpHNDhsTjJZ?oc=5&hl=en-US&gl=US&ceid=US:en,BBC,-0.6124
U.S. News Best Hospitals 2022-23 - Northwestern Medicine Newsroom,2022-07-25 07:00:00,https://news.google.com/rss/articles/CBMi3wFBVV95cUxNLVQ3SnJMQlUzZURIb0tjQlZRc2F2WTB3THFNc0ZPUXN1b05XYmZYeWQxQXRienFOYThzT3JZT0NvWmhldHhULXh2YzBzaTlobXZNNFcyOVFudmRjdG9JZkEwRUJELXBiaEN2ZFpNb1pOUTJFMXVjMm9lX1dhc0ZoajIwOGxPSjlKWUlCREthSFV0Y2drdmtJa1lXYkEwMEpQRTVsQnNKbjRFQTRadXB2NVZXb1RnbnlHdXp3WjloMGwtcmlEb3BqSTVwb1AyNHBYWVhDN2Vua1dGZ3g2REww?oc=5&hl=en-US&gl=US&ceid=US:en,Northwestern Medicine Newsroom,0.6369
A look back at the World Athletics Championships Oregon22 | News | Oregon 22 | World Athletics Championship - worldathletics.org,2022-07-25 07:00:00,https://news.google.com/rss/articles/CBMiowJBVV95cUxOQUxERUVnSDdBbXZPNXk3RkJmaENYenpLb0gyb3VBTlBNSzRNTkNFUmdTWFNqMl9OeEJhLVZWN0RweEdfdXlVbFU1bUZqQW9OUUVEbC1RakhuRzloTnQxQWRHWGcwcGJjMm9jT29mMnY3blptb0RGdTh4MVFiUmtfazNRRjY2MVc4ZnhlNlRaNVZhb0RzdnN5YUN0dTFIWURxX2hVN1VQVEhLU040NUhCMWwyZ2hxb0ZoekdxcnIyRmtJa1Y0MHlxSzg1eG9nMG9iSWNjbFJHQ1hNX1lpa181WWRTMkM2cDJMVlN3SEUtOUNackswVmNJSGZqcmRrcXFoTy1FZjBKai1NOXZ2Vi14R210bHBDaGRSa3BRVnVUZk1ZSFE?oc=5&hl=en-US&gl=US&ceid=US:en,worldathletics.org,0.7269
Ukraine war: 23 killed in Russian rocket attack on Vinnytsia - BBC,2022-07-14 07:00:00,https://news.google.com/rss/articles/CBMiWkFVX3lxTE9VUWtiazBrcHoxdFphb2dXOHVlcWNpbTBQVXluejVxOFZvT3BFd2ZOTnEwSG9YSG8xWHBNOVN5eEFBOUd3cUZRYVE5WEp2TnFnQ3FvN1BHZDNCUdIBX0FVX3lxTFAyM192UzhQT2YtaTF5VUt5TFJFQXpXOUpVS1RCMTkyRjdWT0hiTmE0aE04Vy04RnBnbFdBM3BWaVkxenQtZmxyOE13Q2VhUTJqU1NnbDFOQ2Znb3BOMGFB?oc=5&hl=en-US&gl=US&ceid=US:en,BBC,-0.91
TDK and World Athletics to support world record programme in Oregon - worldathletics.org,2022-07-13 07:00:00,https://news.google.com/rss/articles/CBMimAJBVV95cUxPMklOV1dTVl9mMDhPLV9uNFlRdTBwdUFXd21IMmkzUklvYU54TEpaenRScFRkQWFHbzNkQW13ZnU2SG8tM3hYVmhMRU5aUmRVSkJOZkFkWEZ5Rm5mSHVjT1ItM28yRmVVdGRpVTc3WFZzaUVzWkJvcndQc0J3akJuSThjbmxoNV9UeDFZSG80YWpGYzFDa3drMER6UG4xdEo3WXhvdDlrbnU1NXBYYUVQOFU3U3AyNnN1ZUJyaHZPOGRueTVhcmxSQjY5Qnp1YmpaRm1KUUlERzk2LVNlRGJZVE5OcDZ0ckwyTU82bVFmdC0wcnBsdjhDQlNMZWhkS3RBS3hDUGs3WlB1NGJiVFpKakQxeTdfdm5k?oc=5&hl=en-US&gl=US&ceid=US:en,worldathletics.org,0.4019
Hausas in Sudan: The pilgrims' descendants fighting for acceptance - BBC,2022-07-22 07:00:00,https://news.google.com/rss/articles/CBMiWkFVX3lxTE1KVDNDN1h3NFZ6Nmp5WTZpNDY1WUZWV3V6SVJkN1RwWDdNa1V1amEyV280SWNkTTZnSl9oYnpuZWk5NHlqNGFGYVZUdWFqQURrSjl5Z21IWHZfUdIBX0FVX3lxTFBsakFOODIyYm01OVVrcmZ4SnozWWItOE9tX3JjcGZyY2l4NzdWVWlHaWtwRUVEUy1QTnhvTWw3dUV4QU9FQzVoclNocWVXSFB2NU1nbXhGRTRobDRXd2FV?oc=5&hl=en-US&gl=US&ceid=US:en,BBC,0.128
"Joe Biden fist bumps MBS, seeks to reset Saudi ties - Hindustan Times",2022-07-16 07:00:00,https://news.google.com/rss/articles/CBMiswFBVV95cUxQNi14ZE5aaFcxQmpFVmI3eTdneElmUEEzbWEzRFd0R2dxcGdQWWJ1dFlodlhYVWZaNVZMaUE2ZE9BaG9CZkpUN1FHa3JhQUI0WmJiQ0t1dUNGV0tvYXlTRVBSODN4UExtSUhhWUxaUHN1Y01RbEVIb1BqclRrNm50TjlZUXpaZHVuaTVlTlZ0NzRKbExEUDBENERpSjMxOS1HRTRfci1icUdGOUMzc0lvaktZNNIBuAFBVV95cUxOTXp0TFdYQzFMN2xIZExrMkEwWktwaHN3c0s3S21PU2JlYmR6ZVBudUdLa3gtTXotZWpDNXpscnZKRU1GSERHMDBUc3czeFJwUldqT2laeWZWLWM1d0lCeFlqYktMcEtLVDg2a2EzaWtBSU9GN0UyRjJqTGJTT1lvQUE4MDRCM1ZmS0dFRDFwSk5lQVRnVFFmUGVWQ3FOSkVockxONFdFeW42MHdXWENYWWQxTEhfNWk3?oc=5&hl=en-US&gl=US&ceid=US:en,Hindustan Times,0.0
World War II Veteran celebrates 100th birthday in Pensacola - VA News (.gov),2022-07-04 07:00:00,https://news.google.com/rss/articles/CBMikAFBVV95cUxNcE9Zbmd6dS1UVjNjZXJaV3p5czBRQVdNMmthU08zT1pfU3hWSllTbEsyekNnb1hISUo3S2J2ZE5fWHdVcnpWdW95M2g1VXM2QzYxVWxNazFBYXBmUVdnckNtRXpEelp1cnFpSTBDOUdaM0tBdzFGdzBhNUVwdHZuMjZKdFhBSTFvcjJMU0FEODg?oc=5&hl=en-US&gl=US&ceid=US:en,VA News (.gov),-0.0516
U.S. News & World report ranks Ohio State among nation’s best hospitals in nine specialties - The Ohio State University Wexner Medical Center,2022-07-26 07:00:00,https://news.google.com/rss/articles/CBMilwFBVV95cUxQbkQ5bXVmbWFOV09HMmIwejNnOWpzcUhXSmN6MjlBLU5WblBWcHVjMGEzTkM0R0c4b01qSWs2NTczQjljaXJkR3Q0WGFra1N5UmZtVk9kM0tsN3ZUbFFydGZuZi1oSEsyZmU4WFpRbU8xNDdMd1VrdjVjNnp6Y2t5bVE2Rm9VQ3dHdWhGc0g4eU01emUxTXNN?oc=5&hl=en-US&gl=US&ceid=US:en,The Ohio State University Wexner Medical Center,0.6369
U.S. News & World Report Releases Its 2022–23 Best Hospitals List - Johns Hopkins Medicine,2022-07-26 07:00:00,https://news.google.com/rss/articles/CBMitAFBVV95cUxQcjd2OG9ETjhaaWZJNklRTTZZV3lKbWtCYnI3Ykk1aUJlYmZhc213b0k4V1pzMzIyVlVQOWpOcUFURDFwRGEyNzRCOGU2bnlmYlJFeE9RUjJBNzYzZnZMRHppakVvS2FGOEtuQ1daSGRBTEctT2FveGlvZjhKbHRvSmc0Ql82MjlMVm5yRTd6UDBkTURvYnNIdjBNMjRtTFJTNHc0NHVMVW1icHNyNkNTT2Q1WEw?oc=5&hl=en-US&gl=US&ceid=US:en,Johns Hopkins Medicine,0.6369
First phase of 800MWh world biggest flow battery commissioned in China - Energy-Storage.News,2022-07-21 07:00:00,https://news.google.com/rss/articles/CBMipgFBVV95cUxOLUVXcWpUYUNkVEFkMm95LU4tYkUyemR1VGNYMkZqOEpWcnVJWmRKTW1BRzNCNk1CcVRqbkdyemxLSl81UmlSem9Gcm14bjE3N0hmRnByaF8tcWx3TDVUS1hTTUdLNXJrcllOUTZMWVVYUXluaVFxUkxTaUxPLS0zZVBrYkp2NW9EaC0xdW41UENCNlNvTzVqb01sNHdJVFoyejlHVkxR?oc=5&hl=en-US&gl=US&ceid=US:en,Energy-Storage.News,0.0
Women in the health and care sector earn 24 percent less than men - World Health Organization (WHO),2022-07-13 07:00:00,https://news.google.com/rss/articles/CBMiqgFBVV95cUxPSWdKU3ZYM3BJY1Q3MktoeVFDSEFEQjJlMXJ2ZXNLbmhsQXhYM2pfOEVNa1B0SU5rdjhzQVJkZE0wQktlRTFCdm5tSV9Bb1huSm50UW56R3lVdzNnclZrRk5SVE52dUlzM2NQcVNScU96SlJJdmNuaWdVRUFQWHVCOUoxbmU0Z28tM0Izcnp1cS14UldWOGhzNzFfSGhfV0w1cXNTMFdLUlQwQQ?oc=5&hl=en-US&gl=US&ceid=US:en,World Health Organization (WHO),0.4939
NewYork-Presbyterian Hospital is Once Again Named One of the Nation’s Top 10 Hospitals in U.S. News & World Report’s Best Hospitals | NYP - NewYork-Presbyterian,2022-07-26 07:00:00,https://news.google.com/rss/articles/CBMiqgFBVV95cUxPWURkVDdjci1sNEx0SUhhMUR0eUdyUlpmWk5IREV6UklEY0NPcWEyRWpQNk9qRGhUOGZ5VDJxanUtN0k3SExJQ2Z6Smh2Y1lRUWN4Qy1iWFBFdFFycUV1RWdjSHdmQnBpQlJPRDdKWDdEMEltMTFmdkhZbVltN3pDdGxiOWF6VG5qNUg3OXc4cGVuVVlIQkJITmRZbDRVd283Yms2Z19TSkFOdw?oc=5&hl=en-US&gl=US&ceid=US:en,NewYork-Presbyterian,0.7184
"Pandemic instrument should be legally binding, INB meeting concludes - World Health Organization (WHO)",2022-07-21 07:00:00,https://news.google.com/rss/articles/CBMirgFBVV95cUxORGQxemI0TEhuUVZfVlV5THp6ZUJsVnQ3azVrUE4tYzhuSkNsc1c5M19rSk84aXJ2d0s2cXczZGF5TnNCWVdsYVpOZW1VR2tMNldHWUx2bHNGaUEyZ2VMYTA1amJRN3FTOXB5cjBienRocnpDbmM2YkFiMk5zWTFWT2RwY3B0QkVDeDRvOWZadUlFbTBxZE02eDB0cUtBUXJpMXV1S01DQV9NdjItdXc?oc=5&hl=en-US&gl=US&ceid=US:en,World Health Organization (WHO),0.1027
Sudan: World Bank provides $100 million in emergency support - UN News,2022-07-27 07:00:00,https://news.google.com/rss/articles/CBMiV0FVX3lxTE9uYVQwVVNnTWVBYnFmSjBkS2pPSWFtdC1OV1NRaDhmcy13Rnd5X1JYWnF1WFBscXlOOXVMN3dMVXJWdlJTVkRyaDd3XzdLeW11aWwyRjdQQQ?oc=5&hl=en-US&gl=US&ceid=US:en,UN News,0.0258
Memorial Sloan Kettering Cancer Center Ranked Among the Best Hospitals for Cancer Care by U.S. News & World Report for 33 Consecutive Years - Memorial Sloan Kettering Cancer Center,2022-07-26 07:00:00,https://news.google.com/rss/articles/CBMiwgFBVV95cUxNUk1mdVZWelVhTG5QVUhveTRYcGc3Yk9vV0xQS204WG1NSzhZOGtIRElOZ0M1eUNDSU1KR0ZkYXBlX0FIX0d0bGd4aFdLZ01QT0RGcFlSbF9Eb3NoZHlhWmJaVWZsc2k2eElkeGJBUHR6dFVKNmEwc3h5b3BXbDhzVWk2WEZWZTk3NnFORzZoVGdFWFFRbG0xVlVmcm14RHNYVFlEOThmQ3Y5RHZPVlVWbkRJNHhRaVpTbHNtS3FJUnVEQQ?oc=5&hl=en-US&gl=US&ceid=US:en,Memorial Sloan Kettering Cancer Center,-0.7783
News - Cameroon Edges U.S. in 2-1 Win in CISM’s World Military Women’s Football Championship - DVIDS,2022-07-14 07:00:00,https://news.google.com/rss/articles/CBMisgFBVV95cUxPLVk5Zk5jNThnREpVV1Fja3ZBV1VubUFwX1I0Rjc2XzZYaC1rV01LNzNnVS1uUy02U3pxZGI1eUNuLU5SVkFqa2ljM3BnUTc3clZ3TUdIN3BycUJmZFNTOXR5SDlsUktqUndwUWtTNUk4ZS01UUNySHFjcGt5UXJ4NUdWLWpjcmxWX3lVeW9LNTExWWFYZWU4Qy1RY2VTV0JSeHhfcW43NW9FemhMUWUwcV9n?oc=5&hl=en-US&gl=US&ceid=US:en,DVIDS,0.7717
WCH Oregon22 preview: marathon - worldathletics.org,2022-07-10 07:00:00,https://news.google.com/rss/articles/CBMihwJBVV95cUxPNDR5NlFNNzYzTjZrNU1hQUQxY0dkdV93QThhaDc1SDhucFR5OHpNT09yTmFMQzFwVG1BZjRwZWlSdWhlUTQzMTRRSDIxYW1QSFZpWTY3N25wUHczbHRpT3BLTXlvQ3Y5Smp4Y042dTVnMkV4N05iQjJscTdoQlJkbUFJRGEyTGxnOHByTGdkSzdCZVNiVlNlR3VDbGxIUWNtN3NYWHRDQWJMYUQ4bi1tWGlnSnM3ZEhDNWdONHM2SU1lYkdrdVI4cUJ1NzZ6ZVRLMkV0b2pFM1lhMXktZDY5a3psYkM3anFYVTh4VjVLc21zcmYxR2lmVWxRR2RFbjgxUXlZdkxLcw?oc=5&hl=en-US&gl=US&ceid=US:en,worldathletics.org,0.0
"Pesticide made us sterile, banana workers say - BBC",2022-07-20 07:00:00,https://news.google.com/rss/articles/CBMiY0FVX3lxTFA0T0pKaEM2QnFSTERpSTJPVHhXZzZGOGQ5SmFMYkh3eC1URVRNSUt5TkZ3c25vRlVOeVU0by1SakNPclJBVFdfdVBRWHQyUU1kbzlhOE5RaEQtOUVPcWNTY0tLb9IBaEFVX3lxTFBmWGctT1AzQ0xndVF3UzlMWmxEZjM2WC10ZUVfdGt0UWtlUjRtWjgwYThvbWxVMjN1dlJmUFo4bHpiRElGc0FZcWhRaWdJX1VaYjVVeE92QnROS2lfdmF0M1VhVVZqX2lB?oc=5&hl=en-US&gl=US&ceid=US:en,BBC,0.0
Study Shows Economic Impacts of Greenhouse Gas Emissions - Dartmouth,2022-07-12 07:00:00,https://news.google.com/rss/articles/CBMimAFBVV95cUxNRzRJb0k0ZW9lUzl1b0F4REt4VHQ4UFVzR1hrYXY1eldLT09xODJteXNfVWpLOGlhem9LcEd6MTU0TERRT3FlVk15aUpOLW9yLS1HMkM4VUs3ZC1WRG9OUkt3RURwb2o4VUc3TkFpanp2bUxWa25qejJuNnprZ3F4RGN4VVBPVUIwMzFRWE5IZGJoV2JhazhTZw?oc=5&hl=en-US&gl=US&ceid=US:en,Dartmouth,0.0
Pope to young people: 'Offer the world a new face for Europe' - Vatican News,2022-07-11 07:00:00,https://news.google.com/rss/articles/CBMisgFBVV95cUxPMFlRT1liUlZ3V184M2d6N1lJTWxMYWlIQUJjWDJlLVlBVkp6eUk4N192cEJzWV96XzhPaVBNNHNyTVBPeUlxRDAxS3VnTGpJenB0SVh4MDFVbUR3UlR0bGFFZHhFOU4wZWREckhiRjdzZ0VpNGpIQkVXYWw1UVl4S3g4YVFpZkROU3lQclFQOXpYMkVOR3N0WDdLTExvVjM4cE5HX3NHWmU1b1FlNUZWeUJR?oc=5&hl=en-US&gl=US&ceid=US:en,Vatican News,0.0
World Athletics Championships Oregon22 Statistics Handbook published - worldathletics.org,2022-07-11 07:00:00,https://news.google.com/rss/articles/CBMihwJBVV95cUxPNDdOS2M1cmhkcXQwcm5fMEhRbHZrQ3UySVZWRlJKcERxRFNoODRJN19kN3RDVWZEOXhKWVB0NXZIem4wY1I2eWk5VW5Pcy1uVkt1RTd3MnRqZURnN0N6X1dhZTdvemN6eDIwcmhuR2N3M1BtRUR3ZHkzYnBaS1ktaDZBQk5jNTZSQ1VyX2g1Y2R6azlsbnNmSEp3ZDYxOTFtX2wxZ2hXeUFZRV9xaFM3dGxFTUhqNUJWYUw1eTM4RFhlX2pzTjlZYTU1Mm1PQ0N5S1ZjckZmSDdVY2JzNUNUaWFhbV9wQjNGM0VkTjlpTFZMVFRrYTdWaElVdjA0UVo5TlhvZW9vZw?oc=5&hl=en-US&gl=US&ceid=US:en,worldathletics.org,0.4939
UN and partners meet to address ‘critical’ state of global food crisis - UN News,2022-07-18 07:00:00,https://news.google.com/rss/articles/CBMiV0FVX3lxTE5MVUlZQWVhSFpVeW01WGtPZ2J1SVVfVXB5ODJiNXMxODdHN1hEVExuMTBqaVBXclhyVWhBNWFjWE9mRjFIV0gtNTFYdDFMNTR2ZEhMbEVUVQ?oc=5&hl=en-US&gl=US&ceid=US:en,UN News,-0.6249
A decade of excellence: Mayo Clinic named No. 1 hospital in Arizona for a 10th year on U.S. News & World Report's 'Best Hospitals' rankings - Mayo Clinic News Network,2022-07-26 07:00:00,https://news.google.com/rss/articles/CBMiigJBVV95cUxOZklZZnlFQVpNa05VWFp5TDdfSUxiUHVOUk9jWXBBNXRWN3pzdjh4ZmlyYWJOSnR3MUQyRUxRNDNJNzlFRXpxQ0dCVjNCbVVWc0dkNjVqelQyeHQ3M2pJYVNpQU9wLVRzTk82TVBCaWl4T09oZHZfWVdROGpBSGpDbWlEb3JTMHZTVWg0TVVXTnJZdmZOaGFHTkkzZlRkeF82cm5HUkJaOTg2MWVPSGtTZk50aU1ndnRPVTdyRjJRRGVJZXhNMHVRWkNLQUdZd2JwUWdYYVpxd254cmpDakRhSGo5bjFfREFVRWRMdWhzUEpUbnBqU0FhNHVjSkY1Z0V2SERsUFZ6NjV0dw?oc=5&hl=en-US&gl=US&ceid=US:en,Mayo Clinic News Network,0.7964
WHO chief declares monkeypox a global emergency - PBS,2022-07-23 07:00:00,https://news.google.com/rss/articles/CBMiiwFBVV95cUxOaEV5R2YyZHNma29WMno2VUZoZ3dmQWYyb3ppSFZqXzNlam1JcUFHRmhUSmk5SURoSG0tZ3VBTVpBcXk5cTBRdTBjTzNDWE9wV1Rtd05VNlBJWm44SC1TWlhKQUtpVHowWHNSTmd2RHd5emRIdk5HS2NXMUMxamlsYjZ2VWxwSUozOFJj?oc=5&hl=en-US&gl=US&ceid=US:en,PBS,-0.3818
Bill Gates vows to drop off world's rich list - BBC,2022-07-14 07:00:00,https://news.google.com/rss/articles/CBMiVEFVX3lxTE9GTXZjbndLQTdjbFlEc254QlBQSG0taUtEMzd4V3BYa1c0QzhuTUc3bmRvWnlQakRnUjF1NXRWVTk2bDR3VmhZY0tjNlJudzcycVZSRdIBWkFVX3lxTE1MQXhMQWFyM0g2QWh0b0UtUTFPUGJRTzliUkw2Y3A0YjBfVnRib0Z4RnZjX0tFeG5pZnpuWXZSR3dBUnhxblRUZGFELWdBWU4wTE1ldFpDcUdaUQ?oc=5&hl=en-US&gl=US&ceid=US:en,BBC,0.3612
"Amid Global Crises, Nuclear Power Provides Energy Security with Increased Electricity Generation in 2021 - International Atomic Energy Agency (IAEA)",2022-07-14 07:00:00,https://news.google.com/rss/articles/CBMi1wFBVV95cUxQZGdNdmF3Q2ZGUEdOUWl4Zkh5X0hkanhVdjBjWVFvdHBqWlBOVDV0enRLYXllUy1kcEgwYkt5UU81a0pVVDlmT2RrcE00WW1rUU5zczJyRWNBeGhXSWVETmU5OFhJRDBKOGItSS05YjdTNTc3Mzl1czlYYWdNdWZwcFVuRTVEODNSOEVxd19wOF9selhubUlfdWZCa3B6V0QtbkV6bVVHaS0wSTQzQ2RzbG11djBZTjgyZmJQRkh2TGI3Y2FlQmg1ZF9ROGNROFhPSDl1WVF3WQ?oc=5&hl=en-US&gl=US&ceid=US:en,International Atomic Energy Agency (IAEA),0.7717
"Ukraine aims to amass 'million-strong army' to fight Russia, says defence minister - BBC",2022-07-11 07:00:00,https://news.google.com/rss/articles/CBMiWkFVX3lxTE1YSGVqVDJya2d3aWtYajJ2ZGlaRHdYdFJCSmpqaC1zQlNDRkhDbTEteFp3dUdwTWlleUlGS2dSN3RzTVZtd2Q0QXVsWFBXREZxTDVCWDA5dERoQdIBX0FVX3lxTE56ZlBJbDRlb2F6Q2VZbUJseE5ncGJGMFhvc0ZpQ25mbE9YdWN0bDJFc3hYVnlDRVVfbG5PWExUdFZ0N2hlT0tod3F3RHRUYTF3eUNSLUJXRHFZSzlIQ2Zz?oc=5&hl=en-US&gl=US&ceid=US:en,BBC,-0.296
WHO report shows poorer health outcomes for many vulnerable refugees and migrants - World Health Organization (WHO),2022-07-20 07:00:00,https://news.google.com/rss/articles/CBMivwFBVV95cUxPYVFOTDl2OUszZ3hIbFhsVnpyOTR2cmZGdUpRMmRpSUpwVjZjZTZaUHF0LXpoYm9DaTZxWk9Kd3hfcUk1OHZXZk1Xc3hRbU9SSjEyOXFZb2NwUEtDck1jWlVfZjRWRy10ZUdRTU5STWdZV0g5WjJsM0o0Z0UwMml2ejRGcFkxZ2pjX2k2R21aRUFWTk40ZDdFN1hWWlVzb1Q5OW13MFV2V3NFWkxTMVlEb0tzN1VXSmhDYzZ0aFU3UQ?oc=5&hl=en-US&gl=US&ceid=US:en,World Health Organization (WHO),-0.5267
WHO launched new implementation guidance for simplified and differentiated service delivery of pre-exposure prophylaxis (PrEP) - World Health Organization (WHO),2022-07-26 07:00:00,https://news.google.com/rss/articles/CBMi1wFBVV95cUxQZXNGWVNvUVhFT3pvZlcyX0s3LXdxdjBNWUJOX3hoVTdGTmpCa290YWxIQVNSUzFWT01tOHhpNWdrdFROWGpWeXBmRzNvaS1BYm9oZ2NmX3Zud2VOTElDUkhTRm5lWVRTUzhaY21JTnJYN1FFQXRmVXFDOFQtR0VJaXozRWtLTzlocUFldTN6b3BqQnRGTVd5WnZWbWlIc2hVMHpObW4yOWFYVW4wU0o0YlFhME1wTDZUUC1tcHNPdDRadWdwQ1VMODJhcWdhQTRYTEdpSVdOWQ?oc=5&hl=en-US&gl=US&ceid=US:en,World Health Organization (WHO),0.128
New guidance set to help reduce impacts from development on World Heritage sites - UNESCO World Heritage Centre,2022-07-29 07:00:00,https://news.google.com/rss/articles/CBMiS0FVX3lxTFBCcHdkclRnVjdSZjE3Q19YTjZ5NU90Z2xIYTRMczhmWER3RkMyLUJLMElrQURreEVtVy1PUXQ1UnFySW4xckxNa0xaVQ?oc=5&hl=en-US&gl=US&ceid=US:en,UNESCO World Heritage Centre,0.4019
"U.S. News & World Report Names Baylor St. Luke's Medical Center Among the Best in Cancer, Cardiology & Heart Surgery, Gastroenterology & GI Surgery, Geriatrics, Neurology & Neurosurgery, and Urology - PR Newswire",2022-07-26 07:00:00,https://news.google.com/rss/articles/CBMi3gJBVV95cUxNaFpCQVZSQ2NabTdBdmhNNnhBbjlBQnV3U3RKRmh6c3dfSFhMQTJRR05hYjRXTVhCWW9fdDFYMVFaVE0tUGF2VFFpTVZyY2QxWmdIOTNsOVJHczZEZXNadlZiUUk2OGZfQ3ZjTVJDTWZrQkE2Z2lKd05lUkFOdlVlalJfU2x3YzZINHZJa0ZfYW1TQklwX1pOanNETjVUeXp0VkNuaVJfOFJLN013V2RqNHlZelJTUzFMMEp5RlB6N1QtLXpOclh1eXllLWIzWXpFXzQ0Wk1xeDlJYlNBTFNGUmFoZkdOQV9HUVc2Zi1PZ0VtS0Y3V3l4TGNuTGVjdkdZbFp2WVV4dEY5ZnNISUhsRWROODAwZjJ0bGFBeWx6aTVibTZMRVNyU2FieERtWk94SVQ3OEtBMTViT2F2cW5sUldVbHBKdEt1UWhMNTg2cThidF9fQy01Wm1Zb05Zdw?oc=5&hl=en-US&gl=US&ceid=US:en,PR Newswire,-0.0516
Who are the Taliban? - BBC,2022-08-12 07:00:00,https://news.google.com/rss/articles/CBMiX0FVX3lxTE1yQVZacjZMbVlRRUk2ZUF1RVB4Zk5ZWWVqUlhkaG9aaUxZYjNGd293OEItMFlmYXhhTGRFbjdrLVlHaURZQVYyMXloeG5jV3JrWVN4SG9va3hFTHVEU09r0gFkQVVfeXFMUDk5WG5DYnFwei1HcGNXN1JUWmpWd29pYW5YRlBCME5EZk5fVUF2TGxwbVp1UVN0dkV0bzEydHpiVHZqc3Q2amNDVUFRazlDcUhxU0ZoX2FybTNCY0xacEpOV0NzdA?oc=5&hl=en-US&gl=US&ceid=US:en,BBC,0.0
Monkeypox: experts give virus variants new names - World Health Organization (WHO),2022-08-12 07:00:00,https://news.google.com/rss/articles/CBMikwFBVV95cUxNQ0pGVXFlSWNkOFdrcE1hZF82WkEyNVE1eVBhWjItNlQxMkpOb2FiRmdxWW15eFVTcXdqMDZQU2F1bV9acDduSG5veTlodnZuc09SaWppMVE4ZTFpZHJodUNNbTFoSHV4NmNVNldaVjdKUHkzbmJtekNPVWUxc0FtSG9jMkViWWxRZzNJN05JODAycms?oc=5&hl=en-US&gl=US&ceid=US:en,World Health Organization (WHO),0.0
Rhiannon Ally Named Co-Anchor of ABC’s World News Now and America This Morning - Adweek,2022-08-09 07:00:00,https://news.google.com/rss/articles/CBMirwFBVV95cUxNeE10OFpNUFpHV0ZmdVBhQlRqLTM2YmdBcVBSOVFGQTVwYjZZWDZqeFR6N2FYbHhmOGF4TzgzaU1KZDJHTVVzZ25nYzAwQXI1NnBEQzhWTkh2WlFDaGVVeERRQ2thNEdFUFBoamc2anV2aGdYOW5PcFZLUUpVU1BnbFlWUzB2MXZwYTJWT0ZqSkhnZWcxZE41enVNYUpPRnA5cGJsS1RnM0E1SVltdndV?oc=5&hl=en-US&gl=US&ceid=US:en,Adweek,0.0
New World Update 1.6.2 - News | Official New World: Aeternum Website - newworld.com,2022-08-09 07:00:00,https://news.google.com/rss/articles/CBMidkFVX3lxTFB0YlFmN2VDakFla01JNVhBR05hVjdvRzgtWi1qZFBQME9iSldOVVc5N0RfV2d6Vm93a0x1US02cXVTTmdhX2p3c3lvR2JNVUFKeTBoYUkteE1hMFQ1aXRlQ18teXVPb3pfQVpOLWFTaFAwdlpKU2c?oc=5&hl=en-US&gl=US&ceid=US:en,newworld.com,0.0
"Rhiannon Ally Named Co-Anchor, ‘World News Now’ and ‘America This Morning’ - Nexttv",2022-08-10 07:00:00,https://news.google.com/rss/articles/CBMingFBVV95cUxPQWp1cGduSGd6dkRwdVQxWndmZG16UnV1OXhJX2pnZ3lFMmMxMFd2TnpNRnJaZXByRktPdWlLUVl2MkltZldJeUtKMm5qVE42T29tWnpITHBaWV9HdGZnRmhNaHNUemRWeG0tUE1SdGh2WUpoVmozQm9SZjVZTmdXenRWbm5zOW1tOWppUWVQaExLUGRkZDFWa1J6SjRfZw?oc=5&hl=en-US&gl=US&ceid=US:en,Nexttv,0.0
The Benefits of Arts Education for K-12 Students - U.S. News & World Report,2022-08-30 07:00:00,https://news.google.com/rss/articles/CBMimgFBVV95cUxNZ2FZLWNERnFLUWFzZmJqWEpGc25Pd3lPa0tPVGhCOXZ6OHhMMk5uSUpOOXY0WTJqaVBBWkN4N3d2cFEtWm1uZ0JwOHl5YkhNX0RLU0dUOFZHVk1qMk1sYU9yTnAtcjZoYk0tZV9PNGdUZWtId2w4VFV3TGtDdGRGX3hta0c4ekR0MU9SQlNQQk11WHdWeXJKdm9n?oc=5&hl=en-US&gl=US&ceid=US:en,U.S. News & World Report,0.3818
The first trees: Preserving ‘the world’s oldest forest’ in Upstate New York - Binghamton University,2022-08-18 07:00:00,https://news.google.com/rss/articles/CBMitAFBVV95cUxPSUxCc3RYeDYtcTZtckpRdTFVemN3ZHZhRGxsMGpVREZZdWc3ZW1lMDVrOUxDVVVrbXF6OWVHRUQ2YUx1aWVzRjdfVk1USFZ0VVJNS2pkdmNsUnN4VThjZUdCMEg1TzRmdzZVRHpmTW9vWlFUck1fVldxejc4UnhaR2hlWmlZWHA5cnBhQmQxeHBIZFBUd2t2STJCV01PQnNsOWtUems2TVRIOEFhX2JQV2pPaXM?oc=5&hl=en-US&gl=US&ceid=US:en,Binghamton University,0.0
Ospreys Spend Summer Exploring the World - Stockton University,2022-08-23 07:00:00,https://news.google.com/rss/articles/CBMiZ0FVX3lxTE9NZm1lMkVuT0hTZlQxNHZmbnlwWGhoeFJKZ3g2RkhNN3MyTTBnNmVtQ2tTUXRXMTEtcVpacUkzNVVyUTV2ZW1FSzdkX0wyeWJPLTQ3TF9oV1U1cXZJM0lCdWpiWllwOUk?oc=5&hl=en-US&gl=US&ceid=US:en,Stockton University,0.0
Tracking Global Marine Microplastics - National Centers for Environmental Information (NCEI) (.gov),2022-08-17 07:00:00,https://news.google.com/rss/articles/CBMidkFVX3lxTFBvTWFBSnExZnRYb003YjlpT3NYWGtRYm5tV25iS1AxM3Y5RzVEOE9wemJXcXNCLUtkelJvbi05aHAxd2VTRTF5OEtSdzlFQmdhQ0hRQkZQaHB5bTVvR2VhY0hpajBQR2t4azRTTUhzeXBja05YeHc?oc=5&hl=en-US&gl=US&ceid=US:en,National Centers for Environmental Information (NCEI) (.gov),0.0
Mona Kosar Abdi Leaving World News Now and America This Morning to Become ABC News Correspondent - Adweek,2022-08-23 07:00:00,https://news.google.com/rss/articles/CBMiyAFBVV95cUxPZGdZQ1luSHB4anNkZnJkRnJVVTl1MDdIZ2NXYlV6d3l5UFZWR2ctQXFxQldPWVdvUTBCaGZxYkZSTlNpMmhPUDdVbWdWUXVXcnlrYkxfVmwzVFZHUURMeTJCd0lJYUZOYXpJNWhZX0xFY3FBcjh3cnM3VElnd2c5d1ZOUUl0eHItVkFNSEpwczFmbXNQX1JUbVNRUVFJTzdDNEVzaTZGNjVQb1lEQzczV0p6U3J6bUcxc1l2ZWZmZ3pKa2dKREpNbQ?oc=5&hl=en-US&gl=US&ceid=US:en,Adweek,0.0
Middle East respiratory syndrome coronavirus (MERS-CoV) - World Health Organization (WHO),2022-08-05 07:00:00,https://news.google.com/rss/articles/CBMipwFBVV95cUxPTi1mM0FsQVRGdUFWN2NrWVRRakxHLWNNOGFCbDZJSzl0T1ltUFJraWwzZFVIM29KcGI0ZVFQcThWcDJhVTM0dERFZllabUVGOWdTY291b0IwUkt2MjNTM0djNVRzb0M0SE1IMGt6UEw0b1VUSzZDalNtZlBIenJBUlpzUXk0RFlTVGt3SXJHOW9MeEhGb3RFZDFYbmtOVHNBbkp5NnNtNA?oc=5&hl=en-US&gl=US&ceid=US:en,World Health Organization (WHO),0.0
Taiwan: Nancy Pelosi meets President Tsai to Beijing's fury - BBC,2022-08-02 07:00:00,https://news.google.com/rss/articles/CBMiV0FVX3lxTE45ZVludjF5OUtPVTN4azc4MlNGcmF2QW9SWS1uejViT19QdHRSQ2VwZDd1X19SY3pzWnU1bG9sYTU0YXNaOVZBdWZIZkV1cjVULWJkUXNBQdIBXEFVX3lxTFBhcDI2RmJKSnZ5aGhpTDlabm1QaVgybTR4VGE0dUE4OTQzWUZKUzRsS0tsc0VFcEZES2RMRmRTejhRVEVHTWlOcHBySkR6Rnp3NTJGMlJucEtyS19k?oc=5&hl=en-US&gl=US&ceid=US:en,BBC,-0.5719
Introducing the Group Finder - newworld.com,2022-08-25 07:00:00,https://news.google.com/rss/articles/CBMifkFVX3lxTE82NkZXVzRsS08wWmJNTmViTmkyMVJpalRsZWd1RjFrbFQ5aU5faDJVQjRqUFVRZmxOSnl6OHZCTGhyc3NkM21Ua0pHM2JLTVJrRkpYR2NBN2NIdHF5UG9tTy1hS3Fyd2d1bGZiTlNwSkZvRlNjMzVwb3ZmenhUZw?oc=5&hl=en-US&gl=US&ceid=US:en,newworld.com,0.0
The Moderna COVID-19 (mRNA-1273) vaccine: what you need to know - World Health Organization (WHO),2022-08-18 07:00:00,https://news.google.com/rss/articles/CBMiswFBVV95cUxQWTBUR1hlU2VHRi1hb0NiVUsxLUQzc1ZoMGVucl9ZaU1TUWZDbkhCcFZ4RzZUSFZCbFVidVVNV3FDMFhnSl9pTWhqQy02T0VSNzV5UU9KY2gtdWw3RTlDUThJZjBLSGpNOEZ0Zl90TFlXZjRseXRtd1dyWHZrVG9ic3V1SjJ3SnpFSUt5QTFrVFVHTWQ1dVR1N21PSmpmTXY3RHVjMWZpdjMtMmhKQ0ppY2U2bw?oc=5&hl=en-US&gl=US&ceid=US:en,World Health Organization (WHO),0.0
Period poverty: Scotland first in world to make period products free - BBC,2022-08-15 07:00:00,https://news.google.com/rss/articles/CBMicEFVX3lxTE1Td09JbEhiT1d3OGFvZUF6MEZ6aGZRWWdnRWJkWDF2MFhhLWlveHE1ZWtrX2Jkb1JUZklfSXlzMUE0TkhRT2VjRGhXWS1TeXJkSVMyWjZWRE9iUGRrbmR2eWpHMG80R19OWlkyaGlxVjbSAXZBVV95cUxNa0FRNVVUVTRoR2ZwMFkxMlBYUkNMdnQ5X01yUU5KNTh1bGd6M1ZQcS05WmhuekFEVDh1cDJWM0lBVlJTQjZXNkFfc3c5NHU4ckNWMzRaY2hWYzMzRjhROGxQQWF6QjU2RU40T09HbEV3c0ZBZTVR?oc=5&hl=en-US&gl=US&ceid=US:en,BBC,0.0
History of measles vaccination - World Health Organization (WHO),2022-08-19 00:43:54,https://news.google.com/rss/articles/CBMimAFBVV95cUxQelZrQy1uM2R4ZktJWFd5aHFORHA2TW1WaFRfaGVsTlNyY3J4Vmk3Y0lnOFJRcUVPUDNJai1WQW9VdFVzV2RJekJIZ2VhUEJQcWtSOUNIVGJOWEZOd2xiRldtcllzZjlFSXo5eFE2QkFXNUlWQmx0SUdzN1RZbDVORERNemhCVjd1MUF3aTlkazJzZmN5MHctWA?oc=5&hl=en-US&gl=US&ceid=US:en,World Health Organization (WHO),0.0
Lee Jae-yong: Why South Korea just pardoned the Samsung 'prince' - BBC,2022-08-11 07:00:00,https://news.google.com/rss/articles/CBMiXkFVX3lxTFBCcG9jX1REdnlMeXMyRkkyRW54SERhNzBFYnEzR1o4Tk5HR3FWLVBZMWdTOEM5UVQtZDJab3NtVFEyREN1Uzc0NG5zeFhXVEhCME8ySmxQV1R3LUVYRlHSAWNBVV95cUxNX3haTHNVZzZKX3R2RUJReV9JalBYZHUyWThzRjlWYUU4N1I5NlNDeTVPYlY5LXBjSUtvSVZRUE1kQWc1ME9XbzMzNzhXQ0QzNlJxdkFjQnlMVVRicW4wRzNqaFk?oc=5&hl=en-US&gl=US&ceid=US:en,BBC,0.2263
The Pfizer BioNTech (BNT162b2) COVID-19 vaccine: What you need to know - World Health Organization (WHO),2022-08-18 07:00:00,https://news.google.com/rss/articles/CBMiwwFBVV95cUxOV2RydUozdzJMVHVBdnFXZGtqREZfUmo4MHV6bzM5SXZBTWo1TDdxWTVwWTZVbGhiMlBab2tZQnBBRjlrTzhCMW1LU2hoS2FPbjdWNjVhNUdGVzdzSnhYb0VWQkhkNUhTOHRFVWhMWTRBbEVrOHViU0pCQW9pNWl2WU9WWms5LUVUQllHU3JmakVDM2NBaUVSR2RMWnVMQlFRNFM4WDZhWHNBZ0xmMHRXTUhkM0QxZTBHZmxoRUJaYVdNVUk?oc=5&hl=en-US&gl=US&ceid=US:en,World Health Organization (WHO),0.0
Ayman al-Zawahiri: Al-Qaeda leader killed in US drone strike - BBC,2022-08-02 07:00:00,https://news.google.com/rss/articles/CBMiV0FVX3lxTE1MT2hBVWQ3RXhFUVh4eWFWb0o4aXhDdkhSZjFweGlZUTBBVURmVkV4bUwyVGNoSkJ3akxmSV90MlpRVEVDZlFpZEYzQXBnSVZXVU5vbGFMb9IBXEFVX3lxTE5XbVBlWnV4TWFtNFhQMzhHSXV1bm1PclNKV0RxWGVZNHJKVkdQR1Y2TEg2cXJmWU80V1hMMDJWay1vakxmSHRsVFlWSkZQWVV2MzljNnNIVjcxdGtQ?oc=5&hl=en-US&gl=US&ceid=US:en,BBC,-0.7184
Collaboration for Rolls-Royce SMR deployment in the Netherlands - World Nuclear News,2022-08-25 07:00:00,https://news.google.com/rss/articles/CBMimgFBVV95cUxQZTBPOHkwaWN6T3czRW9TWUh1MjlWdzNFMFBPTjJpZnZSXzN2WDFVeHF4UDdvM0x1cUFXR01NZXdtWUZrbkV0ZG81Y2pNMVcyVXlVYldiOE9TLTQwbFZqWnpwcHFyYjlvTC1jcDJGZWJSbXJhTEs5bXRMY0Rvb0hYcVVERklUb2VwZGM4RFNRNjBtOXk4UkZsN3l3?oc=5&hl=en-US&gl=US&ceid=US:en,World Nuclear News,0.0
Partition: Why was British India divided 75 years ago? - BBC,2022-08-14 07:00:00,https://news.google.com/rss/articles/CBMiX0FVX3lxTE1lZG44NFRfTG43RWNYOENFZUt1RzZUQjVPMVNuWWNZdzRiRVE5QjZRanBrTTZMbnBXQXR5clVCakg0aVBMM2RsV3pGMWlTZ0pWWXp4QzM1NG1rTGk2eHM00gFkQVVfeXFMTWlxaEUzVEQwN2ttZVE5a2F2d1hPVDRvUlA4a0hValgzaUFhazhtZ1o3OU05bXFYbmFFNVNkMlVDSkVmLWVmSEp0MC0yWVl0WWRyVk9TX0Ryd1BVa0pIa1Z1RDNyYw?oc=5&hl=en-US&gl=US&ceid=US:en,BBC,0.0
"Wide public support for keeping German reactors online, say polls - World Nuclear News",2022-08-08 07:00:00,https://news.google.com/rss/articles/CBMimgFBVV95cUxOX3dKSTh2SzlIR1JxVXlxWDV0QnJTNlpyanhCM1J6MDJZSi1kdXJzU0tod3FlWkxsOWRyQmlkTGYtV1pmY2tValE1WmsyUkpsS2UxTmJaTEJocE1rbjRHb1hOLWxrMnNzbzc1NzE0WGVWNmtJVVJuVnlQWVJUMUwwUW43ZENrdUFfRTFybkc0SnhncFdIVTNKdzZ3?oc=5&hl=en-US&gl=US&ceid=US:en,World Nuclear News,0.4019
Chinese molten-salt reactor cleared for start up - World Nuclear News,2022-08-09 07:00:00,https://news.google.com/rss/articles/CBMilwFBVV95cUxOU0c5Zk96S212d1lsMTh4cTd3WHNVTnY2ZzktV3JFQlhxOV81NmV0dWwtYmszTzBKLTB2bFBqRjFDcjJSdFRqZUhBaWJ6NnBWN2EwZXp4ZWY3aTVqWHpjS1AzbkNUdGxQU1pqM2syOWJPaGFldDlQOGQxLUN3VTdfX0lUYmM5X0IxdTk1aDFiU2Q5bjBoMHRz?oc=5&hl=en-US&gl=US&ceid=US:en,World Nuclear News,0.1027
'Man of the Hole': Last of his tribe dies in Brazil - BBC,2022-08-29 07:00:00,https://news.google.com/rss/articles/CBMiY0FVX3lxTE5CRkhIZjE2bmF1OXU4ZGpzdDhFV3NOYVVDcUczLUNrejdLR3R6bWxXVHBGUXVzNFM1MUJtZzdLUmIwcmY2RGVsREhsYmNVb2NRcllRRTBxaEUzak1jTWNrMnc3a9IBaEFVX3lxTE5QdTcxVmpha1poQ19KdFZvZzlPTU5YUnJzMGlTOEp0OE5ZdEE2MGJMc05CNkw3Q0dZdHRWdXAyQ2w0Y2FmTWh5QVk1bjR6ZHFJMHJSbnIxajF3WWRvbmFHRFVCc2dMaUw4?oc=5&hl=en-US&gl=US&ceid=US:en,BBC,0.0
Eye Movements in REM Sleep Mimic Gazes in the Dream World - UC San Francisco,2022-08-25 07:00:00,https://news.google.com/rss/articles/CBMikgFBVV95cUxPa2FDUk5YYU90NUpnT0Y4dzNGb194OHRBcmpZZFBSTVgtWmZrYzJoSjhaMHN5TUpHbEZGWFJiNElWTUlXSEpuZ1hQbkp2OGRFSElhRGZvOHBkeXE5aG0xbEFOLVFqT01TcENxNWhGSFhmT1pOMUNRLVU3NGNhQmtnb1M2Z01oaGNkOFA5SVJoVENrUQ?oc=5&hl=en-US&gl=US&ceid=US:en,UC San Francisco,0.25
Cedars-Sinai Ranked #2 Hospital in Nation by U.S. News & World Report - Cedars-Sinai,2022-08-02 07:00:00,https://news.google.com/rss/articles/CBMipwFBVV95cUxPMzlsRTMtanlMOFk4M2c0OXgxNnM1dWhHWVFnVTlyclZaSHl2S1k5TmJPSWhCU3QtQ0lPYkdORkZPT1RvTnRSd3lrdWNsVjR5V2YtVUJmdzg5Tng0Tnc3Wk1aWWU1dWZmZnZMTzNzR1V0U1J0LV9PUjhfbEZROURjM0lpVlZUUEctdEtnN1hicDNzYnZGOXVoUlM5M0tDdE9DckhQM3JVcw?oc=5&hl=en-US&gl=US&ceid=US:en,Cedars-Sinai,0.0
10 Things Employers Think About Your Online Degree - U.S. News & World Report,2022-08-11 07:00:00,https://news.google.com/rss/articles/CBMiugFBVV95cUxPZzVZc2ExbjhCc1lMMmpCMHZMREZPbGVjbXkwaG4wazBNbk4zeUlEUDJxU29xaHp5ZF9UeFNkeGMyTnBLbEMzUXhmVE9aZzRRZ09FVXJtaEVCNnJkMnllX3FzYkZkazlYTDMxTUNWbmV6US0ybGs4cTI3X2NFZkVPS1F5Smd6RG9zVElFbzB4VE5ibDdScFdPaU5kejJVeW9fTzcxVlF1SFI0TFgtUjE4N2QzRVdUV05KX1E?oc=5&hl=en-US&gl=US&ceid=US:en,U.S. News & World Report,0.0
Russian-language BWNS launches - Bahá’í World News Service,2022-08-19 07:00:00,https://news.google.com/rss/articles/CBMikwFBVV95cUxPR0ZzN2xKejNjY3VFQUFmWXZjYVIxMWs0NWhEWHRhMFVuaVFWVFlUQmhlT3dVbm96ODhDMVFyRHd6RnVfVi0tNUs2YUdQMzBNYUtVQ01lQU9HaHltYTdwVURXRjRveFcxSldMeGlkdVQtWTdpYlA5dDgzZWhuQlZUT0xlWFRzM1JuZG9VVlhKRVFqU0k?oc=5&hl=en-US&gl=US&ceid=US:en,Bahá’í World News Service,0.0
Donald Trump says FBI agents raided his Mar-a-Lago Florida home - BBC,2022-08-09 07:00:00,https://news.google.com/rss/articles/CBMiXkFVX3lxTFBqRGFUYVI2UjdVNmJXTjBUWmoybktRaDRTaUtIUk5BNTFTZmRzVmJsVFMzWVVWakJuNFNVVUVVWGNzeUxkVW9YS3l4TFJEelVXWXViXy1GVTdJNXpTLUHSAWNBVV95cUxQNF8yTklXNmM3QzlMdmt1OWwwTUVIUGJlekxJYU5lWUQ5Q2hEQWRqeEF4Zl8tOHg0aTdodm9nQ1JZQ202bmFnNndqaEFqZklTNUlaVFpUc09ldjRzQ1VQVGJLUUk?oc=5&hl=en-US&gl=US&ceid=US:en,BBC,0.0
Has Ukraine News Fatigue Set In? - Statista,2022-08-24 07:00:00,https://news.google.com/rss/articles/CBMigwFBVV95cUxNOTlhT3Y3ekJjU1lEeV9tdjRMM1ktYTBPemtzOGNrMkQ2dGhkQUkyVy1Jd3VjX21fNkZtUmw4dV9Eb2U0YUFueFFhbXd1alFhdHBWSmNHeVlhc25Ia2trUkdDMW1GUFlmdDZEdkRnZmJHVEtSdnlZRzcyLWFZTEdJVlEwMNIBiAFBVV95cUxQS1FacHYxX2pDNVZZdVZiLTNNUVRCV2l4STBHa3pZUzBHcUg5aks5bW54clZPb2NOVzNEeU8zT2RyLUw1YW5wTUY2VFF5RkI3Q2xCQno3MGdad3hibnh5QlNJbWZYMU1hN25VWklVYkJ3S2dSZUNzWDFpTDVtTmRCOUJEek8xdmMz?oc=5&hl=en-US&gl=US&ceid=US:en,Statista,-0.25
Europe's drought the worst in 500 years - report - BBC,2022-08-23 07:00:00,https://news.google.com/rss/articles/CBMiWkFVX3lxTE96Z2x4amFaVF9OSElxVFJfbUR5dEpSYV9qMl9Sd1d0dFB2UGN6S1F4bGFlODVnM2xrOHFGd0pETDl5TUZFck5KeUpPakZBU0FZdVN3N2l6SW5qd9IBX0FVX3lxTFAyWEV6bjNXc2tYc1BjenJsVFFHRFpxTDhLNmxSSThKUG5HVTNlV0RXT3BQeURQUk9kc05ubUZfR1VNSkdmNXFzS1JsRXNpdGJvbTZvb3JoN3ZYVF95QUtz?oc=5&hl=en-US&gl=US&ceid=US:en,BBC,-0.6249
"Video ‘vaccine’ for fake news works, psychologists find - University World News",2022-08-29 07:00:00,https://news.google.com/rss/articles/CBMid0FVX3lxTE1HbTg0aTJSc2E3SnBVbjhkQUc0UjE2OGtqSlBBMFNnam9WN3RLbndDQzRDQkJEeHFOZXN1dHN6MFN3al9ZVVZlT0lsYUp5TEhicWtQaXJBcHYyTVBBV2pKUWRCQjlqdks3TVk1MWpiTVZ2cy1pOUNN?oc=5&hl=en-US&gl=US&ceid=US:en,University World News,-0.4767
Zuckerberg tells Rogan FBI warning prompted Biden laptop story censorship - BBC,2022-08-26 07:00:00,https://news.google.com/rss/articles/CBMiXkFVX3lxTE0xb1pjYXFrcnBQM1dfUE94NWpWR0FXZlBKSFM1R2I3bEJzakVNckF2ekE4NmZxckRVRktTQVMwUTAyTWFKMTVtX0k0UWo0VU1oa3BMa09zUE9PVGhWZnfSAWNBVV95cUxNWmVCU2w1cVh5RE9hWDc5RDJ5dlUxaEUwT1pDNVlsSzduc1Y1RERDS3A2dHVvLWRXQVgzN05mdk1ydXZhRkNFRTNpZFVrRnlISG9ZUTREVEktb1VsWEZMYUVicFk?oc=5&hl=en-US&gl=US&ceid=US:en,BBC,-0.34
"Ukraine war: Crimea airbase badly damaged, satellite images show - BBC",2022-08-11 07:00:00,https://news.google.com/rss/articles/CBMiWkFVX3lxTE1HV3ZkVWE5U1BMZ0hPTWNHYkN1bVBQeUpRckJROS1wVHdFUWo2NDFRQXBGSnJLRGhNRmhZZ245Q3N2MHFRSnp1TUd6RkVnemYzNFJxTHptNF9xQdIBX0FVX3lxTE5VdUczZFlvbTZEbjJaZlJWNHVtRGtNZE1TQ3BQSXNwa2lMNnhlNVRtbnl2TEs3UGpTRFlYVFJtQnlBM2NHS05JZzhDa1FGWU5Mb29NRWNYaFJZdDlJU05j?oc=5&hl=en-US&gl=US&ceid=US:en,BBC,-0.872
Mexico missing students: Knowns and unknowns - BBC,2022-08-25 07:00:00,https://news.google.com/rss/articles/CBMiY0FVX3lxTE1nckF4UFlmbzZXenRFWDBXbngyODJMNWlHUE8wZ3pNbWU1RG5FT014NlpXUXh3Nng2UXhzWXhyMzdSQWJRd01rdVZLQ093TGp0c2VJMi0zaEpVX1gyWXNZNmd2SdIBaEFVX3lxTFBaUG83U0t6OWxKTUlYcXNkRDN1bFVWaGNWOHFyajNhdmFSUVZYT2g3U1pfV2hZMWkxc0FaQ3Q3emVWOWZreWJkS3dybVFmdnBaZFhrcktXOElrUGNlOWlQXzBXTDc0MTE1?oc=5&hl=en-US&gl=US&ceid=US:en,BBC,-0.296
Kathryn Core - U.S. News & World Report,2022-08-11 15:44:13,https://news.google.com/rss/articles/CBMiXkFVX3lxTFB4bG1PbFBBWlpyN2xsd1RYaVZkRDJielN4VkE0b2s5UFYxUUhsMi1mR2xkdmJGR2VLeVpoMDNPSThWMjFxZUphTUNjdnd5Q0FJMDBZeE5BdXZnZGdJY3c?oc=5&hl=en-US&gl=US&ceid=US:en,U.S. News & World Report,0.0
Ayman al-Zawahiri: Who was al-Qaeda leader killed by US? - BBC,2022-08-02 07:00:00,https://news.google.com/rss/articles/CBMiYEFVX3lxTE9WOWxYd01Kc1ZZVm1pV3ptOWhSd09PbzhEUVkyMGJwM3pLRkVaaVNqYjFpSkg3d3pHa2o4MGIzR1o5UlMyVHg0X1ExdWdTdU9fVTFhM3c4Uk1ON3JxTFh0QtIBZkFVX3lxTFBmZVU2UnE0Q1FyNzc2OGZESVBZWnk5QjZ5clNsSmRISnFyTS1NMUhwdHZaMnY1ZUloamlxbW1td09lYlBFU3BRNGxVTjg3QWxsM2ZSMHNtMTBGQkcyWmFkOUJTVF9mZw?oc=5&hl=en-US&gl=US&ceid=US:en,BBC,-0.6705
How Russian Corruption Is Foiling Putin’s Army in Ukraine - U.S. News & World Report,2022-08-31 07:00:00,https://news.google.com/rss/articles/CBMiuAFBVV95cUxQZC00ajVESXFNaEp2TkxrZTVaZGRIQ1NIaTBfWk9VeE9zMUVtdEhfWDB3M01JVzg5T2oyeHU3ZGdSNmJIb212NXZTOTdEQ3F3ZzZ6UGFGVlI4Q2FOUW5JbzF2SnF0SFFzeEc3ZkNyZThBUHJadThJSHk0dFFMZEtzcHN3SVlUdktLZ0g2d2NJNDUwamwzRTZFQmw3TXVuVUFHYlhLYktKNFplWEI2YkZHeXpoMUt2Wmxw?oc=5&hl=en-US&gl=US&ceid=US:en,U.S. News & World Report,0.0
Pope says we are living through Third World War - Vatican News,2022-08-31 07:00:00,https://news.google.com/rss/articles/CBMiqwFBVV95cUxOV1B5MDk0WVRLenIwYzhsaFhjbkhDX1p2djdqQlRXN0V3My1CQkhQcWoxMWp4OEE4aWQ2N3hKNENReXZzV3F2ZXloSlgwRFI2RmVneGdOSVBPYkhnOFZYMlRfbldwQ1VSNXZqdUFsSmV1dTVZX25jU25UaGxhVk4xUmhrTm0zOHRoX1kxaEwxNzVzWXlFMVhqalpzNmhGUUcxb25VbW5rZTZwc3M?oc=5&hl=en-US&gl=US&ceid=US:en,Vatican News,-0.5994
2022 Nissan Maxima named U.S. News & World Report’s ‘Best Car for Teens $35K to $40K’ - usa.nissannews.com,2022-08-23 07:00:00,https://news.google.com/rss/articles/CBMi8AFBVV95cUxNb0dZVm5DT2RTa0tvNlIzNzVwSHAwOHdySkZreC1LLURfTEx2SHNIVjE0NFM4RWI3a1c3RlB1eUNhQl80d2tnTGlUQWRnSWxCaGo5OUZHVFpLaVpLQ1M1ZmFxazBzXzhOZ2d5Nml0djVEQUcyOXlQeWdRb1h6R0YtZnFyNktfR0M4NzRMSUJqeXdOdVhYaWVMaWZoV2xwd0R6YjExejVFN19sTC1WMUFNUWZCeURNUS1WUXVMcVF5aEEwZ1liZEFsR0czT21QVndhMlpaMGQxX1h6US16SXNzcllLWXc1NXg1ZUlfRFVOajE?oc=5&hl=en-US&gl=US&ceid=US:en,usa.nissannews.com,0.0
Qatar detains workers protesting late pay before FIFA World Cup - PBS,2022-08-22 07:00:00,https://news.google.com/rss/articles/CBMinwFBVV95cUxNc0Z3SVF6V2FkS0t5NGVRMFZTSGsteHNWRTVva0VWR1pWaFVBYTJES2RHaDFtUUNNYnZYWVhCY2NUcXF3MTdBR2tlNDExODUxN1huY1E5ZU5rWHZwUnhwbHRLd0FoNzFORDVhTmJXUUhIdFE0S002dVJ4dG5PVjhoQXpWei1Zc1lOR1MyaHBWNEI2aWNrNnhTc1h0NTBxY1E?oc=5&hl=en-US&gl=US&ceid=US:en,PBS,-0.4939
Outrage over the killing of another female student - University World News,2022-08-11 07:00:00,https://news.google.com/rss/articles/CBMidkFVX3lxTFBUWHhyXzRTOHdHQV9xWEhhdTFkdnlKdG5FRTlZeTRHNWtSS0VvSjI1ZlVuTVpwVFFWQm8zNmJXQnpPbTlxVjRRWHFRUlFhNXBZczBKZXhxcUxjSVk3VG1aVkF2aGpjUkFsVlBfdDQ0ejJ4b0pUaHc?oc=5&hl=en-US&gl=US&ceid=US:en,University World News,-0.8271
World one misstep from ‘nuclear annihilation’: UN chief - Al Jazeera,2022-08-01 07:00:00,https://news.google.com/rss/articles/CBMinwFBVV95cUxOSWhVV201aFhjT3lvelNlQjdPbTliVGJEbXNFckVPTE1fdlNYY0VOUFFuWXJUUFQ4RUZua1AyMF85SGd2elctZjZFUDZxMnJ2UUdDUjc5ZUFueXFacHdHMWdzblNyUlZfc0NhQnA4cy05VGs5U1FyOHFRZDlwVDh5SWJweDJJQnJhdlpNdVlWLWtwdXQzb080ei1TS25mb2_SAaQBQVVfeXFMTi03dUdrVXZtZE9aVG5MWUY3dUNCa2JTMHNva1RvWXpTMk1yYkdxZTJDTklYOTZzWmhEQkFSejdXcV9ndnA0UVBEYW5wY2pUODBWbHhHUVBjZjdITGtsT0ZIQ3JHZWpYNjVvVlVfUE9TUTJFeHY1WVk1eDY1TG5FbW53MEpfVkNJZFlVM1lUX3lwSWxkQ2RJcl9qd1VBcGNKQ1dDZ1Q?oc=5&hl=en-US&gl=US&ceid=US:en,Al Jazeera,0.0
Ukraine: What are Himars missiles and are they changing the war? - BBC,2022-08-30 07:00:00,https://news.google.com/rss/articles/CBMiUEFVX3lxTFB0THlVR2JVWF9rVWRCQ2ZBbkwzTGg5aHN5aEZud3NPR1V2UHBESmhROTF0X2wyRTUzZzNhNmNUQmpOUnMwazFTVEdaMGVJMVh50gFWQVVfeXFMTzc5blA2UVk4RUEtbDRYSGNVWVo0MkJiSGlJWWdkemhxeElIbFEwaVgyN1JnaC1SdXZaU3pXRUJ2ODJEMmcwSGNvTklnNmpOVmVaSDhlUmc?oc=5&hl=en-US&gl=US&ceid=US:en,BBC,-0.5994
CAMC Named a Best Regional Hospital by U.S. News & World Report - Charleston Area Medical Center,2022-08-24 07:00:00,https://news.google.com/rss/articles/CBMihwFBVV95cUxNcXJWQk91RFZCSzhCUGQ2MTRBZmtxb2xUUzFGdmtEMHlYRE9kekdYZ0h0ZDJDbzloNEpJbTZFUV9sYWVGOXRFWjdtN2tnNjVCVHViSXAwZUtUaFRNMEJ6NHY3bTY2VUhxSHhnZGREbVVEdWFTNF9zNTduTldVaDYtUTkwTkZGV1U?oc=5&hl=en-US&gl=US&ceid=US:en,Charleston Area Medical Center,0.6369
Find Volunteer Opportunities for High Schoolers - U.S. News & World Report,2022-08-03 07:00:00,https://news.google.com/rss/articles/CBMiwgFBVV95cUxONlU5UE41S0tFWUcyUVdVaTdGbXZFQTN3aWpGYUlmU1NYY0M4ZjZEaVFWRmJsYklHbzFfY1ZMZUZvV1hXbWRYNDk5M1lIc0JCYTItZ1Zla3RpcllBTGY2dDZRajNCZmprSjU5YV96OTAxTi1YVEM3ZVJCbDRKQ0RDemJES0x5ZGNSVGtZT1hpNGpPMHNPT3FCazBYYmk1WTdKc2FsRUNpUXROa2NKOEloSTVEM0IxUE5rYnFxenBHTC1OQQ?oc=5&hl=en-US&gl=US&ceid=US:en,U.S. News & World Report,0.3818
New global alliance launched to end AIDS in children by 2030 - World Health Organization (WHO),2022-08-02 07:00:00,https://news.google.com/rss/articles/CBMiowFBVV95cUxNWHdFcWhPeXYwVnkxMUZYeVFwSmIwbUlvUnRWSnpVWS02OWFsOW9WUm8wNEZhenFCLWIyWUMxdE9Vc21jSXBfNk9VX0lsakoxdGhyOE1odU5sV3pQRlpDaHFkRE13U29yMFdoR1AtUlZ1N19OT1lrX0xzMnN3VDlDMTk5QlZkM2Fxa1JJbFQ1UFhDN1BHRm5WdWtBUE9wQm5wZFpr?oc=5&hl=en-US&gl=US&ceid=US:en,World Health Organization (WHO),0.128
Launch of first WHO position paper on optimizing brain health across life - World Health Organization (WHO),2022-08-09 07:00:00,https://news.google.com/rss/articles/CBMitAFBVV95cUxNckdHaTIwZ01wYVB6RDhYOHhWUFV3Qm04Ri1GRmRxZ3VNM2gwSTNwY3BEWDNURThXUXJ4U1JyVGpoalp5Rl9feGU4elRiM3pnTWtkcGhlVVVjTzR5TVphMHJFalllQkFJaVpVT0NHLVY0Q040TU9Vc1dlQ0lXMDhCY0NULWFkdjQwaU9vSkhaUk1wNFp0aEZWUnRFbkNKSlJPdUdDRTktMG1VejByWjlCMWZLOVM?oc=5&hl=en-US&gl=US&ceid=US:en,World Health Organization (WHO),0.4588
World reaches ‘tragic milestone’ of one million COVID-19 deaths so far in 2022 - UN News,2022-08-25 07:00:00,https://news.google.com/rss/articles/CBMiV0FVX3lxTFB2bzY2Ym80amoyazNxNmRiZXREV21yT01peXQ4Z24xcW4yOXB6dVpBUUdhZ0VqNjB2X1NEV3pHaVZFa3lMLVg1WUE1SzZ5SVFVY0FTaGdBQQ?oc=5&hl=en-US&gl=US&ceid=US:en,UN News,0.0516
Jack Sock locked in for Team World - Laver Cup,2022-08-02 07:00:00,https://news.google.com/rss/articles/CBMie0FVX3lxTE1ZWnNvdEhOOEVrbFZSZWdGNjFXamxYWjJ3b2NQQWZoZk5YcWlyZzJVZEsyakppUkhCSGNGd3pFSEdJUlduWHNzY1kxaFhEX3ZHOUp1YkZ0aHNIaUpnWVhkYzNUWEdSVkV6amFwOURKZjRJNzFKSVZEQ2VqNA?oc=5&hl=en-US&gl=US&ceid=US:en,Laver Cup,0.0
Columbia World Projects Welcomes Fifth Cohort of Obama Foundation Scholars - Columbia University,2022-08-30 07:00:00,https://news.google.com/rss/articles/CBMipAFBVV95cUxNRmdqMG9wMDVoajAxVzdEUXllQ0M0SkJyU3Z0WHpVRXpOTkhyckwyMW5yallieTA0N2ZPbnBmVjUwZXJZcldzdXlDTTg4SVFVYVpSVzJVRmRrS0JEQ2pLYnU2aFpUck9NdEhzcVFqZG4xWWg1di1FZ3U2R281amZvaVZJTVRBZ2I5WkRTTWFmX0RsbDB0NGptMmdLR1BWRHJTN0ZVdQ?oc=5&hl=en-US&gl=US&ceid=US:en,Columbia University,0.4019
Monkeypox cases fall: The latest health and well-being news - The World Economic Forum,2022-08-31 07:00:00,https://news.google.com/rss/articles/CBMikgFBVV95cUxPd3l1QXdXZjdLOGx5Sm9qNml2YS1SZzhRdG4tRWZWSS1USjFkbkpCWDhjMUdnSmV3R0ZBbDdBTmJRWnp6dlNsNkNJTHVyaENUZnVQV09BM3ljV0FBV3FpMW10dUdYUl9QSlU5REtDcGxZRnhna3JqeXBQX2g3QUpUQ0V6NEpweDQya2FyYV9fZWNhQQ?oc=5&hl=en-US&gl=US&ceid=US:en,The World Economic Forum,0.0
New UTD Camp Encourages Girls To Explore Expansive World of STEM - The University of Texas at Dallas,2022-08-10 07:00:00,https://news.google.com/rss/articles/CBMie0FVX3lxTFBXOEFWdDBHOFA1Umh3OUFmVTg3T09TMWxUOVJDR3J4dHNXVWpTWjhBV0FOZzdyd280QURkUXF0SGt5clZzSEE3NzdBNEpsdnM3TllQZEFBTElmMHc4MUpGMFZocHh1MFpob3BJRWZiVHp3UVZGS3JxR0Vfaw?oc=5&hl=en-US&gl=US&ceid=US:en,The University of Texas at Dallas,0.4404
DOE marks milestone as Xe-100 basic design completed - World Nuclear News,2022-08-23 07:00:00,https://news.google.com/rss/articles/CBMimgFBVV95cUxNaDhhR3BCN0Z4eTI4MkhJTmptVHJCUDIzRHl6TEI3R1VQQkc2ZzR5S1pOekk3NG5kYzVtc3VWNUk5U3c1bmdrbzcyZzJ5WlJ1OVlUOE5KbTM2WmlSUlUwYmhXZHgtd3Z2TzdhU0d5dmdISjVQNGdWaTNlLXA4XzUxMWs0ODVWZGlFNHpadXUtckl6X3ZjS2tPQzVn?oc=5&hl=en-US&gl=US&ceid=US:en,World Nuclear News,0.0
"As Many as 80,000 Russian Forces Killed, Wounded in Ukraine: Pentagon - U.S. News & World Report",2022-08-08 07:00:00,https://news.google.com/rss/articles/CBMixwFBVV95cUxPOG5xWFc4cDNiSXlEUEd6bUYyVXdfVFdQc2NfNVB0ZWVkaEpObFBUc3lsS0FkN05RamFtOWRZeHBKUXM3bTFnZjl1b214NDlDNXJlZDd5Rm00d2o2WE5FSk5hcEJ6ZElXa3FNSC1BRWhsR3ByRDgwOW9nZThBdmJmcjB6Y3pBRU5hVkhtVVkyYWRKT3E1ME01elpOcXZIUWJoNno5ZGJMYjNVQWNGeFhNVFRnODNCaHc2V0ZuYlRvd1Jla0ZKQzlN?oc=5&hl=en-US&gl=US&ceid=US:en,U.S. News & World Report,-0.6705
Pakistan floods: One third of country is under water - minister - BBC,2022-08-29 07:00:00,https://news.google.com/rss/articles/CBMiWkFVX3lxTFBMd1QwenJkSXFwaElUYzJ6U2VKdnJ0ZE56TW9LYTBfbVRkcEdjTTAzN2ZvSnVUMXlFdzNiVEVYbWpzZTYwbEdLaVJhTjhMcVZzb0lLUl9rcFZOQdIBX0FVX3lxTFA5Yi0wSmFrcEZHMlVWQjMteW53SkZjWVBEN1V3TTB1N1lDU3BUWHg0c3N1Y3dGc2gyZmVFalZUUFB3a1FHbTNOYzI5OUIyTnBFMjkyaV9sdW50Vm9vZ1ZV?oc=5&hl=en-US&gl=US&ceid=US:en,BBC,0.0
Gorbachev mourned as rare world leader but some still bitter - AP News,2022-08-31 07:00:00,https://news.google.com/rss/articles/CBMingFBVV95cUxPUVJLVWFwb0Q3WmV5QmxqOG04M1hpU0tyZFU4Y295U1lPcGdIdnlQMFRISE1kLUxNeGIwSmhzS2YtRXlLd3lHdjVLVUY1SnlLZUJfakQ0ajU2Ry0xSlFtcHkxcGFOV3pVZGJOUWdYQkRIcTh0OVNnZzJiVmd5UFdMRmwzTnkwcllFclNjVkVkRU9QUzBrRmZfZ01qSE1pUQ?oc=5&hl=en-US&gl=US&ceid=US:en,AP News,-0.6542
WCC holds 11th General Assembly in Karlsruhe - Vatican News,2022-08-27 07:00:00,https://news.google.com/rss/articles/CBMioAFBVV95cUxQYmZfNElxaXUzTmJxZE11SXlvTEJ1U3kwS0lFSy15ejdaMGN0MkFldmFJTGZwTzd6Q0JodmFBZDFKY2N2UlpzeDR3MW0wTURlQUZvWVNEQ19LSUVzVGQyQjgyTmN5dmxpeFFjQ1dEQW9rVDlPS1NLSDJmYmtMZk9XbkFGd2lxMnR3VFIyYUhpMWZkOFQ0czRsQldCSGJGX19T?oc=5&hl=en-US&gl=US&ceid=US:en,Vatican News,0.0
Exclusive: Massive Rise in Anti-LGBTQ Hate Crime Reports in UK - VICE,2022-08-15 07:00:00,https://news.google.com/rss/articles/CBMiX0FVX3lxTFBab09YNVlIRFlOZXhJZ1E4R2FveVBNZE1ZSHVfUFZiZDNKUVdaZkV6d2VwM2p3WXJRX29XSFZ1U3R5MkptOUVUQVg0elVkS3NBbnBJNGpDaU9NcTZCdVRB?oc=5&hl=en-US&gl=US&ceid=US:en,VICE,-0.7717
As it happened: Mike Pence shares 'deep concern' over FBI search of Trump's home - BBC,2022-08-09 07:00:00,https://news.google.com/rss/articles/CBMiZEFVX3lxTFA3dzJPdzBUSTBkUHJ6RkpjR1pnRHp0Z2kyMWx3OWJURWtWV2ItZWdEMWY4dUxKZTcyZVd4UmtOeFNjenIyRU9STFN4Vnh4RHJHQVZ0UG5FNXN6S0xTSTZ1UzVBTXc?oc=5&hl=en-US&gl=US&ceid=US:en,BBC,0.296
"Pakistan floods are ‘a monsoon on steroids’, warns UN chief - BBC",2022-08-30 07:00:00,https://news.google.com/rss/articles/CBMiV0FVX3lxTE5PdDJxdzMtRGJjZTIzVmlBU0VUY3FpOUxOSWhubFVWWHh5a2FhLTZMUENSRnJyejBJRExTZ0lyWmpwNER0T1FTSkhsWmc1bUowRHh1NXFXVdIBXEFVX3lxTE1KWklaTk9rbkdoWHV1SEZVbFBYWjE5N1E1ZVJRZ3ZTZXVURjJoekNVaXBMdWE0dThkRk1YajF1SzhIajlxbG1vV2N6ajBJUV9meXB3anJmMGhvTlcy?oc=5&hl=en-US&gl=US&ceid=US:en,BBC,-0.1027
South Korea records world's lowest fertility rate again - BBC,2022-08-25 07:00:00,https://news.google.com/rss/articles/CBMiV0FVX3lxTE9ubmU4N0JXZVAydkhTOF8taVJLcUdBTnNGb3otNnhRWHpuSE5WcU1WNzFrb3FQT1pTNkVaYWc1UlkzWWdmeUx6WVM1djhnNFI4ZXpBS2R3QdIBXEFVX3lxTE8ta0RvcmlFVlNZYlRCVE81NjAyYjFaVWs2WXlZeXkwblNTalNHd182MHk3ZnRVdkhaM0VkNlMtVzFYS3BGd2RTYjllcEdwd1ItSnVBM1BBNHdfQW45?oc=5&hl=en-US&gl=US&ceid=US:en,BBC,-0.3818
"Mike Davis, California’s ‘prophet of doom’, on activism in a dying world: ‘Despair is useless’ - The Guardian",2022-08-31 07:00:00,https://news.google.com/rss/articles/CBMimwFBVV95cUxPb2lHeXhWRlZCblRlWVduYjI0N2tvSXFMdVpTWDg5NFpnVWJMSUJhQjM5YzRqWTRFb05GWEQ2MU9obXo3SkRRcEhzTVgwZThkanRqdkJrdGRzcWhZMXBFZDktZHBldVlVcWlHQmJVc1p2cVJaMGwwTXNOTTk0dm0zZ2tJZXplanZKTEVOOUs2U0FzMEkybGZFX044Yw?oc=5&hl=en-US&gl=US&ceid=US:en,The Guardian,0.0
"Delta, Team USA A330 land at world’s largest aviation celebration - Delta News Hub",2022-08-02 07:00:00,https://news.google.com/rss/articles/CBMiiwFBVV95cUxQZktBMHZxTWhxZ1J2S0tJUER1SDE0djJDcTZBWkpJbTduOVQ1cXN5bUQ3NHBxZUNtVDBVSFJBeXVDV3hCemcxZlJxRzlUclN0a1I3ekdmX2plaS1sc1Q3eDIwUE91eE5ZWWlveW9FU3p3emQxUGtNbU1fQXZfNXg5X29EdkN3bFJualdn?oc=5&hl=en-US&gl=US&ceid=US:en,Delta News Hub,0.0
January 2022 Current Events: World News - InfoPlease,2022-08-22 07:00:00,https://news.google.com/rss/articles/CBMic0FVX3lxTFAyODhsTEY2d1IxVDVQaHczX3lBLVNpLTZrbW5QLUxibkVXTnBuazBpSUhDQnZraHhMRndqQl9sVGFHeTlzRDRKUTM3eXo1SUtjMXpGWWlIYjQwWjNRVkI3NU45MVNWMXZkZVJZaWdvRHk2ZzQ?oc=5&hl=en-US&gl=US&ceid=US:en,InfoPlease,0.0
"Half of health care facilities globally lack basic hygiene services – WHO, UNICEF - World Health Organization (WHO)",2022-08-30 07:00:00,https://news.google.com/rss/articles/CBMivwFBVV95cUxPWWQ4d2o2TUx2aEFXLWxxZFg2Q1owbEhiTFBGdzdJdHVBcm1Gb29ZR3p3MnBsOXZvNW5uTlJ5TkpISFhVWWJLWGQ3QWcySUNDUGRRbG03a0diQ0hlcmNmTEVQbGNtc29TWFNZMFpCNUNYTVBfSGNVQ2NReDdlWUxGbmRaMGxiU2FZSkZjRVVWUDdqVHIxYVJmb2NqODdFUC1YaUU2NFBMbjh6Q240YmZ2U1I0Z1RtRUxwVnE5eWxPWQ?oc=5&hl=en-US&gl=US&ceid=US:en,World Health Organization (WHO),0.2263
World leaders remember Mikhail Gorbachev following his death - PBS,2022-08-31 07:00:00,https://news.google.com/rss/articles/CBMinAFBVV95cUxQNEhoeWdjNC1yRThNb0RhZWxPSHh0cHdDWWpoYWVadFprSm90ejFoeUY5MGFYQzZtZHZVNHBEMHo5bkhyRjFaeWE5T1FiZ1VpbVNxUWdBMVhzakVMMmpPZVBsMXk4ZzNJakZKVHlQMHFUeTFuSTdlNjluM3YwZGxwTzZzV3M3UFl3WkJhd2V6TTNCRWw3WHV2V296djQ?oc=5&hl=en-US&gl=US&ceid=US:en,PBS,-0.5994
Chris Dawson: How The Teacher's Pet podcast helped catch and jail a killer - BBC,2022-08-31 07:00:00,https://news.google.com/rss/articles/CBMiXkFVX3lxTE5PS2JwSFEtTzVCUTRXTUtHOVFzaVR5R1FhOTFuczJGd2pTaTBpaVBhRUQ5X29vTUt1d2VFVTZ5QkVLYWRkLTZFMmp3ZTBhekFVb3R3OEZNTDlsTEllb2fSAWNBVV95cUxPMktqclJLQi0zTFhKUENjRHdYZy00d0hPaEhFRXFjRXJOaGY5Y2UxQW1qRjRDWjdURmc5Z0hJUndFOXZKc2pYaWVqXzNhaTNXaEVEREpwTlBsVHdIRlp6eUtBamc?oc=5&hl=en-US&gl=US&ceid=US:en,BBC,-0.6486
Mikhail Gorbachev: The Soviet leader who helped end the Cold War - BBC,2022-08-30 07:00:00,https://news.google.com/rss/articles/CBMiWkFVX3lxTFBqaU53RHFtRmRJVjRvYkZRUkh0Y0xaTFpmN2VybThlN0RETmxaVFhzQ256OFh4SWFOeWE2U3R0YUo2YVlrdTB3WkdSVjNKZ25xX3JvaTB1ODZMQdIBX0FVX3lxTE9WNVFFVFJ1a1dPQUJjYTc5TmRRenpKbnZmWENJTmR4QzhPNDZiZTZfYnZuWnh3bWs5eEJKOU1xRE1veE9BVWFUSF9rOElQenB3REVZSnBWZEpoVUFCWGpJ?oc=5&hl=en-US&gl=US&ceid=US:en,BBC,-0.5994
Ukraine war: Independence Day attacks will get powerful response - Zelensky - BBC,2022-08-23 07:00:00,https://news.google.com/rss/articles/CBMiV0FVX3lxTFA5b3lveUNETTdqNFl1ZkZxUTd1WnhYX296VVBjXzRqNXZCRWwwMWlibmd5TkFqeXc1NkpFTVZPcmVzRHpENWx2OHp6X3pfNEU2R2NIS3Y4OA?oc=5&hl=en-US&gl=US&ceid=US:en,BBC,-0.6124
In focus: Sustainable Development Goal 5 - UN Women,2022-08-23 07:00:00,https://news.google.com/rss/articles/CBMinAFBVV95cUxPNGkzQlh2ZXNjQU92cmhfWkdrWDJTM2Yxa0hnazBXbzdNdjZzQmNZRE9kTlhaTldaQ1NkRDAxWG94WGQ3RXByaGwyeDJNSzhYUnRpbjd4YVpzUW5ucWZkRGM1ZXlEQWpjbEtkNjRKMHJkVkxfNjlKR01yMUxhbzU1VmVFQTFFVXd5WTVRQkF3Q3FNa0NOQm9wM0Q5MEs?oc=5&hl=en-US&gl=US&ceid=US:en,UN Women,0.0
Memorial Hermann Once Again Earns Top Recognition by U.S. News & World Report - TMC Houston,2022-08-01 07:00:00,https://news.google.com/rss/articles/CBMirwFBVV95cUxPcllWUTBYM3VXdGtBU2FBZE11UDktNmhRLTF4MzF6Y2xrMy1ybFVlem9VME50X3M5Zi1SR2ZYTTNFc2ZyRjlsYkNhdHhCM0NXaGc2R004VEpvZFhHN3JkVnhqTDRsSW9vS2dWQUJRdThRZkNjeHNfVi1lZ0VCbUNhZ3dDeXdVWklTQWVoZkhrSHNEVVJaSkxiaE5YQy0wc0FqWFBzVEd6Z1NjdzBqcGhn?oc=5&hl=en-US&gl=US&ceid=US:en,TMC Houston,0.2023
Billionaire John Malone loves Fox News. But he owns a piece of CNN. - vox.com,2022-08-26 07:00:00,https://news.google.com/rss/articles/CBMitwFBVV95cUxQVlVLV3hXZEtsMS1ycGFtQWhucEVhMnNVUXEzeUxzeFdCNEVCTlJaYWprOUNPanFpdFFJMks1ejNoVHhoMzM1Uks3aUY0dEt1RW5tVFNES3BQRDY3b05ZcmFRUThYd1FuaDM4ZXdZQ01xSXB2cmtzTk10RjBMRFNKbGJwZ3RoYmZtVVZzSnU1bUxwNU1BRDhTQ2xCUUV6YnQ3LW9aYTRkOXRJMkNiY1VyY3ljbXJqc0U?oc=5&hl=en-US&gl=US&ceid=US:en,vox.com,0.3291
Ukraine war: Thousands of Jews quit Russia amid fears of persecution - BBC,2022-08-16 07:00:00,https://news.google.com/rss/articles/CBMiWkFVX3lxTE5pbVZWUW5maEd4V1Y0dlNHLWE0Xzc0cmhjNlhUbmEwTTdkNXRfUmdqc25DX2MzNWpMeEJpY2cxaTZyVVlLV2JUR2xmRHRMS0wwQTN6SnRtUE1oZ9IBX0FVX3lxTE9CYVdWemdhX2NQanNhbFNrTWg2TXdNS0JLYjNVcnhuMjBHWTFxQUtrYldJWVVVYjRyb0czel9nTnBEclp0Y1RzaHplLXphYVNDaUktV25UNXpsWTlSQ0l3?oc=5&hl=en-US&gl=US&ceid=US:en,BBC,-0.7717
Department of Medicine Ranks in US News & World Report for 2022-2023 - Stanford University,2022-08-04 22:03:08,https://news.google.com/rss/articles/CBMipwFBVV95cUxQVktMVVhPd2tTcEhBbkttZ3AwQl9QUXRYQWV6Z2l0SjdsSjJtSWtXdzZZQ0ZfWjEzUEZzLVJrZEtzdWZRUkxVLTBsTkthNVE3SjJpVHhqT2xGREVEbTA0UlRPd2ZPQUhycXRVVWh0N3F1Q0h5R2VYSFhTRnF5T2sweE9NNDhMWENvaE8yYlJGRUdpRjN2QVg2eUtfeURfbF9GMGc3TFhQNA?oc=5&hl=en-US&gl=US&ceid=US:en,Stanford University,0.0
World Breastfeeding Week: Step up for breastfeeding - World Health Organization (WHO),2022-08-01 07:00:00,https://news.google.com/rss/articles/CBMirAFBVV95cUxQVk5Rc1NuMkJHMVZ0VTE2TWNGRFhONE1MZnlvSE0yQW5xalN3NjhCQmR6azctYkJEenY0NzR3TVJTdVJaQUxuTWRWT3FBTXh4SGZwUGJkZGhBX1RWUmtqTWc1TFBsU2pvcTM5U080M2ctcFJRUTQwY1BLVE5wZ3hoRkZNdjVwX3dtOHRwT3RfVkFFNnFYWWwtV0hwaURTTVgzMHpvN3hReDkzZS1k?oc=5&hl=en-US&gl=US&ceid=US:en,World Health Organization (WHO),0.0
What happened in the Russia-Ukraine war this week? Catch up with the must-read news and analysis - The Guardian,2022-08-12 07:00:00,https://news.google.com/rss/articles/CBMi2AFBVV95cUxPbGZhQmktcThnQkNiYTY4SmJHX19UdlJMdXdzMHJpS1h5bGJVdFA3d1BhNDh0WllmVUVvTDdldDNDWHNzZWZiSW15LUpNUHkyTVNZd3VOblhIWkQ0dHVBZ2d3cHNYMHRUV005Q1FPZU1uQnJBajBQdUMyS2hrMGpYb0lXTmtBRU55TUxuMmU0cVdjcXdWUEFNMjQ0V05EVENaQkdMQU1MUF9MeEZzUFhDUW5BLU5lQmNWVDByMWM2eXViRTJwVDFkOWdkR1otWU5IOU00SHdIWG8?oc=5&hl=en-US&gl=US&ceid=US:en,The Guardian,-0.5994
"Thousands sit ‘world’s toughest’ entrance exam, for IITs - University World News",2022-08-27 07:00:00,https://news.google.com/rss/articles/CBMid0FVX3lxTE90SG56QVpYVE9RZWM0VTRZMnNlZUhuN3J5Qm0xaFBHWnNlcEV1SW8xT0Z4RFVfbjZSa3ltdkRtX1JWdVlHNVEzcnBjUHJ0WnpLVDZEcDJ2c3I3Zkhaa2kxQ3RWUmNHdGxJUHRJNUp5bHBnSXRIekxZ?oc=5&hl=en-US&gl=US&ceid=US:en,University World News,0.0
Zambia's Dingindaba Jonah Buyoya wins BBC News Komla Dumor award - BBC,2022-08-14 07:00:00,https://news.google.com/rss/articles/CBMiWkFVX3lxTE85WlFLMjlnZFV5V2w2cjNQVDZYTmpBdmVRcHhScDlXUjF0YUgyZEQ2ZHl6QTk1YXhNTHUyQUJGWnhua3YtckRNanZ5ZWpCc3ljb2xiOHFVbHcyUdIBX0FVX3lxTE11MW81SmJxLXR3SXBwSjRuaWZUa3FpaHhZd2xLN3pNZWU0X0F0Q3A0TkxScTZOaUZ4R3ZyMmtCcXdvM0pncEFsMWk3VlVzSTBzN3FhMW9kMWVudDlWUFhz?oc=5&hl=en-US&gl=US&ceid=US:en,BBC,0.802
How Colleges Choose Which Students to Admit - U.S. News & World Report,2022-08-16 07:00:00,https://news.google.com/rss/articles/CBMioAFBVV95cUxOVV9Pd3RkRXByelRkM3o3ZlFlUmhmVGxWTVZlOEtTQkgwUTV6VWtONjEtcDU4VWdHbzFsSzBNMzdYVzdNMmZBNE9zSGxqWlJCMG9tYUg1TWxZTV9VQVVwWGhTSEFSWUFqZzNmVDBFbUxndkVjUW5XTzJZbi05OGJaMWlDYnFNczVBU1JrU0o1VEd0b1lsMVY0blY3aVlzdmZx?oc=5&hl=en-US&gl=US&ceid=US:en,U.S. News & World Report,0.2023
‘A Nice Joke’: Italian Winemaker Defends Adolf Hitler-Branded Wine - VICE,2022-08-12 07:00:00,https://news.google.com/rss/articles/CBMiX0FVX3lxTE5TQU9paHNOZzBMUGhwN01EREtlYXlveG94Y0NnNk5kdTBQMUtOOWY3RWJ4b2IzYkd6VURFNkxkM3NhbUVVQlpBb1JwdDBVQWlINDFfWXFIVlJydEJWNlVv?oc=5&hl=en-US&gl=US&ceid=US:en,VICE,0.4215
Evansville's Ohio River camper featured alongside Pete Davidson in 'The Weekly World News' - Courier & Press,2022-08-16 07:00:00,https://news.google.com/rss/articles/CBMizgFBVV95cUxPRFJ3b0dPalJDcjZOR0lMQlJGdi1DakkyRUsxeTk5ejF0andLVzd2THMwQmRUR1REcUhtNThtZGhhRWNJS0c5VldmVF9QNEMxQ2ZXU2d5dkp5YzJzaGtyaVlRN1JJUUhURHNzMnprWHhzYnpPeEdEQ3JpbU9DRUVzTzNiVGloV0tlcU15ZEd0bUFvNjBKTnhQZ2NEU0tCTF9wNy1HYnFMbFZ4RnA5UEFmZmpMcUpJaHVoVGZiQm1iaGJPTzRSRnllUXJheV9ndw?oc=5&hl=en-US&gl=US&ceid=US:en,Courier & Press,0.0
Unexploded World War II bomb found in Italy's longest river as waters run dry - CBS News,2022-08-09 07:00:00,https://news.google.com/rss/articles/CBMiekFVX3lxTE5LWGgxVmQ5cHNWQllkbHdKc09BZnBuTkM4VnF0WlVBZWZQWXhFclVhVnRTalEycUE0U2JRaDExUVJ1b0FmQnhMOF9CZGU5d2JzRjAyclRKVHMzc2VpRmw5UUJLZGRMVVA0V05ONUxzdXhwdDRnWGZsOW930gF_QVVfeXFMUEdrYWlqX3ZadTFMUkRUQ2dhZUVoYXdaMDdzUmJHTmZhQ1hUZDA2djlhTDhOOW83OEpJRXVUbUlSWUpxMGliRGw2dGNudHNqMW1EdzIxb0VrUV93NXpVZEEwQjQwZjY1azExUkNpa29oNWxzSmdVVmYxVnJ1OEdJaw?oc=5&hl=en-US&gl=US&ceid=US:en,CBS News,-0.7964
Inner dome concreting under way at Rooppur 2 - World Nuclear News,2022-08-18 07:00:00,https://news.google.com/rss/articles/CBMikgFBVV95cUxNWEdaOTY2WUlGeHNQaVRhQk52YTlBamVVUjFmWURaSGE2NWJWd2NuRnFvOXE4RGIzZllSSEhEQUs3REN1elVVaWh0bWoteUxpN2w0NU1rM1h1SUZiMVVfZGhTMFlrdmNEaW01ejJfS2FNRTR4QUg5RUJiRTdtRFVsM0VuTlBuUUFieXI0SEVaMDU5QQ?oc=5&hl=en-US&gl=US&ceid=US:en,World Nuclear News,0.0
Australia’s News Media Bargaining Code led the world. It’s time to finish what we started - The Conversation,2022-08-11 07:00:00,https://news.google.com/rss/articles/CBMivgFBVV95cUxONU5NbmVFVjFZZEJpOFNDdHRVOS1GdFRPRld6Vmx2VFdFZ0tONVRWV0YzMjZ1U0RIMnBIamctV1pBUXJVSjN4VTN5MUszYUFuQ1BraW90OEJKMjhtcGdYSEwwTV9oSmVhX2JyOGJyZDc5NHRnTl9rSVJKVzVGaHp0eW1ocDJjbFFIREF4OHhOakF6WGhVRF8xa0ZadXhkMkQ4Tk5pR2xYdUg0cWQxUkg0LWp5Y0dWdE15azJBTFJB?oc=5&hl=en-US&gl=US&ceid=US:en,The Conversation,0.0
Sanna Marin: Finland PM partying video causes backlash - BBC,2022-08-19 07:00:00,https://news.google.com/rss/articles/CBMiWkFVX3lxTE82UWZ0MURQcnZNNWVWamxsMmhZbEtYT2RxVURlLWNsZzZfbkc5endhRXg3WkJ3bnJsNlpreGduc2RoNkZNQVBMdkNpb0k1SjFGMUlOMjNTcURId9IBX0FVX3lxTE1pXzdiMXdEMVJEVzAyNzdKWTkyY18yT2RtNlhnZ0ZOaHNkel9VTnhybkxPbFZJa3JTeWdtRFhDblJydkFNZm9sMUJadUVNQ2stZ3gyX2x4amplV0I1cEZZ?oc=5&hl=en-US&gl=US&ceid=US:en,BBC,0.3818
World Bank's New Warning On Sri Lanka Amid Severe Food Price Inflation - NDTV,2022-08-23 07:00:00,https://news.google.com/rss/articles/CBMi0AFBVV95cUxOOU5wQ3M4QjB6R2h3UU1ldVk0MzJTb2pIZE1mUmVGREloSkJTcWtUVUQwVE9tZUFlUXRiV0JJamhSenpRVGlhVE5xSDRGMEpUaUktRlBkZWdIbU1FMm9wRHZxRURsTWZKczZlVWFQU19WRkR5dFlDUmFaR3JkbU1ucjN0MmpWUW9sVTlSN24tUUxvbWxObGVrVVp3b2JIbDQ0dXpnMGo1emNCRjhTOGJLYlh6ZFlDRThmYTcyTmRqV2w3WmxfWFJsN2t3a2lDcjAy0gHYAUFVX3lxTE5GT0hwenVudXg3el9RcVdqOVZuYXJVQi1pakg5alpXdFFHRm9rWlRaM1F1SGluQ1BteFBneThxc2V1YVpxTmF3dV9Gczc0d3lhaGdBeWtWOTh2ZE1hZ0JGYXJxSV9WR01YTWgwRVdBcFFHSFUyTUZ2WUNNeVc2YmdRNEJhY1hwblpRay12bUFFVmw0U2lxX3JZSzgtSDJTejgyUHo1OHhrQTc5aWtRRVFEZGd0RmE3Tk9WRU42TDhRV2lodS1XbFNpbno3cjZXVG5XaDJiOUFJbQ?oc=5&hl=en-US&gl=US&ceid=US:en,NDTV,-0.6124
Bangladesh seeks China's help to repatriate Rohingya refugees - Hindustan Times,2022-08-07 07:00:00,https://news.google.com/rss/articles/CBMivwFBVV95cUxPeG02eHdhdklEamktem9veFFzN3BPRzNuNlFuSWZreTNsMEpFeUotdlJsbTlidW5RVWJRTTZsM0JNSUFNOVlBaGwwbjFQa1ZwY1BaTHcyOFpjR19rY3JKU3k5YTdBcXYwUzJ1SEgzRVZkUlFEcHZ3MUtsYWdsTU5SbHZGZGx0eWM3bV9aSmhnUGt4OHdtZXRVd0Z1VmZ4clJIeUJNVEVkaUFUaDllbWhDeVdUQ3RLWUpzRmxYV3ZUWdIBxAFBVV95cUxPRGFvSGUybURjS2lkYnVNbE9xYW9kZFJaZXNVUGxLcEdxdnBKTVRvNWV0cUZoRld2QVdBVkMtZVNHemFLSWdSeXdmakI1blhzSEdJT3lzQlZXVTQtbnMtOWxDdEpHSHZNeFVDR3M0SndOOFBUbElzUXFSNGxsRmMxS05zVWt5NE4tQU45ZTJodk1NdmdwUXR6WmVsVVFYSzRHNzlJNVlvM21EcjJQRDlZcDV1Ui1ieGxYclN4OXNvLVBXemtG?oc=5&hl=en-US&gl=US&ceid=US:en,Hindustan Times,0.4019
Pressure vessel installed at second Zhangzhou unit - World Nuclear News,2022-08-11 07:00:00,https://news.google.com/rss/articles/CBMimgFBVV95cUxNb3Q2T29sNXhBcGFSb251OTBRY3QwUjY0UEJxaTNHZU1aaXVBNU8tUGNVdXNDVWY5XzI2Z3BBblh6QmFGZlc1dDlVQVhXNHphQnVMcDNibnBISmpKeWN6NFhPLXJkcVI2Y290TldYVlh6d2pKTFlXYlBRV1NkbXhYRE9DWWxDOC1oSlkwMDNGYUVzRXFSVWtsYXhB?oc=5&hl=en-US&gl=US&ceid=US:en,World Nuclear News,-0.296
The century of climate migration: why we need to plan for the great upheaval - The Guardian,2022-08-18 07:00:00,https://news.google.com/rss/articles/CBMirgFBVV95cUxQdHlyVmY1N3p2b1RET3h1Z1RRQkM5LThmODE2LWEyaHRzLVMyRXBGbzRaY0xBRmstSWFqUkxYMkJrOG1UX19tb0JSQXlYSVZlVXRlY1RuU3lHNEJQVWZZRU5kTWhZd0pOaU4zQ0lFNWxWZGJWTElkckNwazcxOXBObjhFRnI4LUpXajNoeW9jZjJRaTB2bTFmM0lTbEdWOFhDOE1yV0lxRy1WTWc4TUE?oc=5&hl=en-US&gl=US&ceid=US:en,The Guardian,0.6249
Infographic: The impact of nuclear tests around the world - Al Jazeera,2022-08-29 07:00:00,https://news.google.com/rss/articles/CBMiuAFBVV95cUxNU0hzdmZMNGZQS3BzM1c3S0xGWkZtYWQzVVg3YmQ3Vkt1RkNpNXhjYUpWcEdjM1NxLWpPc0x3enlUNlkzMWdDbEwyVnRYWExTeG5nUnMwX3FZTEUzM2hZU21tMEp3Tmt3TnlGV245S1NJT3Jsb2xSbDRvZUkydEpiNUc1ZnBxRDRXZE1MSU1XOUpQMFFpYWlJYS1aUDhvaE0tLVc4QzBiZzBrYndzRFJtWkcwemg0SUND0gG-AUFVX3lxTFByb1VIbGhCQmNpYUlIMVk4NWNPWGZDVG1DMnlrTzIyTmRSbGI2VVVWYy11ZC0teVBpbzhRY2ZIWTB4d0lQYy1iLURJVTBrN19ldWdCbmpBX2x4MzdKNGpMc0ptVWlqSkREdDUxX1k3N3ZITTdtSFRZTV9VZ3g3dDNVdlJ0dHRGZk9zQ1hfWTIzTkNFR3dvaTh6X0NwMXlBODFzY3hCM1RYdjVsSDlka3NSNVVEanI0LV9vZm5yd3c?oc=5&hl=en-US&gl=US&ceid=US:en,Al Jazeera,0.0
Chinese 'spy ship' Yuan Wang 5 docks in Sri Lanka despite Indian concern - BBC,2022-08-15 07:00:00,https://news.google.com/rss/articles/CBMiV0FVX3lxTFB3SnBCeHlnVGRBS2RMTDNHRUZ4OGd2SGpwTFlNMndSOHQwZE8zRUxBYjctQTdhTXVvQ0FYSWhNeUJTY0RzWFVVS01zZkd6LUNXUXRJdFR2VdIBXEFVX3lxTE4tWDY5cFFQeW9tV3FmeFJwVWxvY3JFMkhOdHRDLXl4Z182d3hEUS1XRDZLVVp6MjZ4U2tLcXRkSThNRzVIcFNkcTVOamZ1UWxvRjlBMk51emo0TC1M?oc=5&hl=en-US&gl=US&ceid=US:en,BBC,0.0
"Nuclear War Would Cause a Global Famine and Kill Billions, Rutgers-Led Study Finds - Rutgers University",2022-08-15 07:00:00,https://news.google.com/rss/articles/CBMirAFBVV95cUxNTXpDSFhjTHNTWVI3Y29ZSVR1WjhFRUlZMkVPWTNpSFVSZ3BxdXdTeGU2VXBvOTZNaTJmNzZ4ZXBTbUMzcVpuWFVyR0RIUlVyWFk2emVuV3dQdEtJaTlIN0ZLTjREak9hR2ZsbENzbjBxcEEzQkhUOG1LbVhiRmQ2Z2EyelhzZ1hqWkc4MC1WOVFydWNWTS1WdlZRSXJrZlVHX2pjS1h1aDNsYzZH?oc=5&hl=en-US&gl=US&ceid=US:en,Rutgers University,-0.8625
Undeclared pools in France uncovered by AI technology - BBC,2022-08-29 07:00:00,https://news.google.com/rss/articles/CBMiWkFVX3lxTE9hR2Nhc2p4c2IxbjVKSWhrV0d4SGdYMzNScDBWbDhRNWNXT0w2SzFJMlF4OGpOUGtUYmJ3VS1EN3pmcXRTdl9wcjd5RE1TTm0zc1hSYVNMUG1qZ9IBX0FVX3lxTFBJa0tmLXJJWHNKS3JnYkREN0IzRTMxa2N6Z3ZVTGpNalFtT2pENHE0Z1R6dTZpV01vdXJLWXNMY1FQRWxyQ2dCSWtkV3lIaXlkbHQ2VEVSMUk2TmtuVXhV?oc=5&hl=en-US&gl=US&ceid=US:en,BBC,0.0
Unprecedented global challenges are ‘not insurmountable’ – UN chief - UN News,2022-08-04 07:00:00,https://news.google.com/rss/articles/CBMiV0FVX3lxTFBzbUJiUHZ6OVptV3pRR1cwUkx4blZyMzNqcmRISWJzNjBIS1JibW1UZWkxRTJLMldsX2kwcnJQRHVDeE82R3FYa3M0MjV1Ykd3emRqelB1Zw?oc=5&hl=en-US&gl=US&ceid=US:en,UN News,0.0772
"Trump wanted Pentagon generals to be like second world war Nazis, book says - The Guardian",2022-08-09 07:00:00,https://news.google.com/rss/articles/CBMimgFBVV95cUxOZkxweThxQ2g4aFdUMlhNbjJJRl9LYU1Lc0dyOERITUJYcFl6NXMyS25Jb2hRSU9QbEV6Y1hJYVFTU1pJYXNnbmxidTY0akZXaHJYX3ozNXF2ZUNIMkVmRGdQOXhhQXRPemxSMm9EQzB0ZlBRZjRGMDZhREZ4OTZZcjA2am50UmtZMHNSLVlLZG5XbkhXN0QxalhR?oc=5&hl=en-US&gl=US&ceid=US:en,The Guardian,-0.34
Amanda Doherty Carries Lead Into ISPS Handa World Invitational Final Day - LPGA,2022-08-13 07:00:00,https://news.google.com/rss/articles/CBMipgFBVV95cUxQLWdaRjJnUE5zY2pncHJVNWl5M2JCVUx3N05BdTFOeHpEV21TWGNDbkNHc25zb0FOVWZSNnFqNlZIVFFNZEtWejF2OTVta01COHFzNno5bmVFa3RmMFdDdE5MR2I1enVvUXptbkV0Q1NZeWI0TGM5VmFnSXNCNElMYWZnTkhLZVQ3UjBKZWdGc2E3MkRMeXY5Q0c5U0RnbzhYVktzTHhB?oc=5&hl=en-US&gl=US&ceid=US:en,LPGA,0.0
These Are the Best Midsize SUVs - U.S. News & World Report,2022-08-24 07:00:00,https://news.google.com/rss/articles/CBMibEFVX3lxTE4wQWFoSkxIRjJ3NUQ2alhWVHZqMmJOZzkxRl9BNGx4Z1pVdFFEb29ZT0JjTlJsdW5oWEMxYTlqQ2JyTUp0aWhJNXJKTG91bUdwRGpyb2FXZmVsZ3pSYThVSUIwQ1dPVFNuZHd0eQ?oc=5&hl=en-US&gl=US&ceid=US:en,U.S. News & World Report,0.6369
"Truck spills 150,000 tomatoes causing California crash - BBC",2022-08-30 07:00:00,https://news.google.com/rss/articles/CBMiYEFVX3lxTE1pX0pyaFoteW5aZzBvZWFhZDk5TjB6YXFGbGh1VlJkU3BtMEJwVEROdE5YbEU5cHJ4NTBWSHlUd2tRT2hZMTNSZm9fa2xSdk83b3U1WUxUeTNxak4yMVlBR9IBZkFVX3lxTE1weHhIMEF4MG9GV3pxTEhzVmI1X2pBR211MWw3UXNiamFCeF8xbng2SGpkS3Y3Q1dzWTFqNHVlZVJxUHE0UGUtZEVROWtTaXFpSkROVzE3SWo1azUzc25wWGppWFhEQQ?oc=5&hl=en-US&gl=US&ceid=US:en,BBC,-0.4019
WTO | 2022 News items - Goods Barometer points to stagnating global trade growth - World Trade Organization,2022-08-23 07:00:00,https://news.google.com/rss/articles/CBMib0FVX3lxTE5ZSDZWSnFTVzViUDdmaXFNdE1sck90UkxGOWsxOUFfUGc3VFNOSC10LVoxdTZrQ0ZwSjEzSWhERlBGZkhtZ1BsUllCQjN4aVpMZmpibXY1azdHSk1JaldEd0tqYmdBYlpqOU9fTC1rTQ?oc=5&hl=en-US&gl=US&ceid=US:en,World Trade Organization,0.3818
World News Day to be marked on Sept. 28 - Editor and Publisher,2022-09-26 07:00:00,https://news.google.com/rss/articles/CBMikgFBVV95cUxPUWlCckxTN3phM01YVHFaYjRKclFvSEhjM1VuOVFPZUJVanc0b1duYmJPU1N5MTR5Z1NkZ1ZVb2lZX3BaNGZGZDFNRHJWV3FMWWNRTnZXT2dIUHpSUnVNcUo0eUpJVzZGU0psOVd4TFdnWG1EVDRrUkg0QUZrcjNxbXhrVjBzU0JHa0VoMDlBRmJXZw?oc=5&hl=en-US&gl=US&ceid=US:en,Editor and Publisher,0.0
Barton Named Among 2023 Best Value Schools by U.S. News & World Report - Barton College,2022-09-19 07:00:00,https://news.google.com/rss/articles/CBMilgFBVV95cUxOeHdDZ1lnVzRhbk5vQ3pjM2haY0k0VnVxaGJ1aEdvY1E5R3VfVy1CNWYyQTJaNVZ3R0hYZldKaF9GTVFwZnVYSWtOX3NLX3R2UVdtNGU1aU5NTEd6NjlEQnpjMmxRV0wtbzZTSkxqU3NUMzB4NE1sVHdqODFMVnpjQUJLb2YzTzNkZFZkeU1Vc1NFUXp1d1E?oc=5&hl=en-US&gl=US&ceid=US:en,Barton College,0.765
U.S. News & World Report Ranks Bowie State University Among Top 20 HBCUs - Bowie State University,2022-09-12 07:00:00,https://news.google.com/rss/articles/CBMiuwFBVV95cUxNbnNFVTU3OXFWMEwxQXhfQ1RHQzhodGF0Q1JMNDFVUVVwRF9UOGVfM1NPTXhfb3hrUC1mZ0tCa3l6YkVvdVhfblIzb1FXQjEzQVVBc1haMEVOZmdNWFNyWk9DeHVzWF9nTk01ZHpCemd3SnhxZlY4UGNBVEZ2MU1MNlNCekxOYTVZX0plaFVuVXlLaUhrSXBhemswR0tjbXNXWmdDWHQzdW9TRmlmQVRDY2VraEV2bS1jSTZB?oc=5&hl=en-US&gl=US&ceid=US:en,Bowie State University,0.2023
University of South Florida rises to its highest position ever in U.S. News & World Report rankings I USF News - University of South Florida,2022-09-12 07:00:00,https://news.google.com/rss/articles/CBMizwFBVV95cUxOMGo0cXJJZlBCcDBvc3ZBX1FETXp5Q2VCRXNHMkdXcERJNDJyTW9fSGZHb3N3RG5vTHBBbWtSVFdJaEd4Rm51M1UxZHdUOXpXNl9RQ0VNZm5pZjVTQ1lQbUtTUWhCRFkxUlRGZlBUc3BkT05VOWFVUFg2bVBoMm42UC1yS3RvZW83WFJfZDk5YTF6RmJwMWtiakdKZXY0eFVUV3M3VDQ5NFQwSUpGYXpMdjRnQVgyMHY1Y1k0Y1lJWnlBNFNBR0NUMU5EN1hCaW8?oc=5&hl=en-US&gl=US&ceid=US:en,University of South Florida,0.0
Purdue’s ‘Most Innovative’ status reaches 5 years in U.S. News & World Report rankings - Purdue University,2022-09-12 07:00:00,https://news.google.com/rss/articles/CBMivAFBVV95cUxOX2V5YVNBMVVnZkw3a0ZlZkJKa2dKZExVMUp0WkhubkRJTkd6WkVNNWMySXJDTGk1bTRjaF9seDczOWwyR0ZtY3ROeXpYUm5oRTB2Rzd1MXlLQThmazhXT1dZT2xXbmRzdjdsc25CdkZHdUxOWVZJODRzZmFGcjJydEhGQWZLR3Nubk83cnk5b0lTYk5DMDRwbUlYOHY1ZnZxZDlHMHAybkZOMDhETGNKbXZJX1dPUE04MWFzWg?oc=5&hl=en-US&gl=US&ceid=US:en,Purdue University,0.0516
OSU continues to rise in US News and World Report Best Colleges rankings - Oklahoma State University,2022-09-12 07:00:00,https://news.google.com/rss/articles/CBMiywFBVV95cUxOaC13WWs5SHRFNGM4aUVydEV3ZkluZVZscHJwMktqSGc3QldTWjZsUUYtSE9OeE9UNHVFdUNxY3pYRDVMY1RZamc3V0hTSGRPS3lxQ1RKYWhpdFoybmdnVmRrWVRxM0ZiMHZFRDZyYmtMckhMZUxKcU5JWV9YUmUtcEtIOEYxX0xKNXpUenRzcWNyNXJfRDZQNmhhSXdUc21pZF81S0E3eWd0endicGpnaXZtYy1ERHBjY1E2X1hJMllFYlZtOWdqOThxaw?oc=5&hl=en-US&gl=US&ceid=US:en,Oklahoma State University,0.6369
U.S. News & World Report Ranks New College of Florida No. 5 on ‘Best Colleges’ List - New College of Florida,2022-09-12 07:00:00,https://news.google.com/rss/articles/CBMipgFBVV95cUxORXpBSzZ4b1VBckRVT2QzNTlLTkpwQmNLRXZOdW0zMndtOGViMDJEdEh6WXRLR2l3andSa19ZbGg5cXRValplNURHMlEtNmZlcFZSYUJ5SGhxcG5BSXBncXJNOWtwRnhHVl8wYVc4aDBHbFRJZU1pR2RjaS13djdpWEcyRzlpYlBlbS0wQjEycnhIWG55eDhfeFNLMU9OOVNhRmUyR3dn?oc=5&hl=en-US&gl=US&ceid=US:en,New College of Florida,-0.296
Mansfield Earns U.S. News & World Report Ranking - Commonwealth University of Pennsylvania,2022-09-21 07:00:00,https://news.google.com/rss/articles/CBMihgFBVV95cUxQMXBFQVFSczJGUmtUaTM2OXhpNnRhdnU0VUlsN08wd3lld0pHclNOc3ItRnAyS0loNmtwcE4wbHB4TF9YNTF0dDBJM3pGeXVlQ3ZsSi1GdkVBOTU5RkhuRi1ESEZGVlZ1dTdPT1VLaTJxTXlKUDBZV0hIRmIwVjlEWENhTG9tZw?oc=5&hl=en-US&gl=US&ceid=US:en,Commonwealth University of Pennsylvania,0.0
PNW recognized among best Midwest universities by U.S. News and World Report - Purdue University Northwest,2022-09-12 07:00:00,https://news.google.com/rss/articles/CBMinAFBVV95cUxNeUVSSXdSeTFDU1FQV3dRdTJCeTRsU2h0SEZFY2NoZFlLajE3ckp2d1ZZSFBKWm9RYXpaVmJZcVlzV21Ua3QzV2xhUm5CYThKVlZKMExqYjRQU3lmVHN5WEgteDg5WmJrUEVSWDh4ODNER0hQN2tuZDdSZTFadlRyNjRPUzMzaFNJUnhsNDVrTEI1Tk5LMDM1aktXSW4?oc=5&hl=en-US&gl=US&ceid=US:en,Purdue University Northwest,0.6369
FAU Moves Up in ‘U.S. News & World Report’ Rankings - Florida Atlantic University,2022-09-12 07:00:00,https://news.google.com/rss/articles/CBMidEFVX3lxTE85Nktfd180Q25fU0ltZjEwanB0ZnV2ejFqeTMzd3BSSVVPUkNIQ0djcFc4T2NHbHNPblJfYWxvVk9zWWtKU2w1UFR3VEVEcDJVNk0xcDRLM2l2RTctR29BUEtCd1UzZVF5aXk2VVI1NW9hN0R5?oc=5&hl=en-US&gl=US&ceid=US:en,Florida Atlantic University,0.0
Good news stories from around the world – September - greenpeace.org,2022-09-26 07:00:00,https://news.google.com/rss/articles/CBMipgFBVV95cUxQWXlPcWFoSmNpT1RJRzRfNmFPdUZ1Q3lCZGxzWUFNLXJjNnBXb2tJVkg3RVN5R3Rlalp5NDRvS3MtZU85UnB6dm0zWUs5QmNqWHh2WXM3UXRacUotYk5CMnpwTkwyc01LaUtNekt6eWxvb2p6TG9ZdWk4U3lhTEFWRGlFcThKclFjcnNFNDRqYnlaVWVyUTlxXzNHZlBzdWpyVGViQjVn?oc=5&hl=en-US&gl=US&ceid=US:en,greenpeace.org,0.4404
The Sift Newsletter Signup - wng.org,2022-09-07 19:16:32,https://news.google.com/rss/articles/CBMiPEFVX3lxTE82Y3drWk1vV1FPSTdZZ19UZGotUS1GMHp4ZXdJRTB5dUhPMzNGSXZfcTRyTTNWWGdKcnlJSA?oc=5&hl=en-US&gl=US&ceid=US:en,wng.org,0.0
WADA Executive Committee approves 2023 Prohibited List - World Anti Doping Agency,2022-09-23 07:00:00,https://news.google.com/rss/articles/CBMikAFBVV95cUxORmpneEFTU0hpVjNLakJVc3FkUEtHR3RWZVJWNUxlekRfblJVaTV0RDFoRmxnc3Y4ci13R2owWDIzLTlmU3hHRVM4OHNLQlhsSlNXODhJUWY3SUdnQU9ISjBHc2lCRGJPdEpaSnloTUNmSzNIdnlySmVKdDFMSVVQZWJRb3hoZzlxSkNuTF9Kd08?oc=5&hl=en-US&gl=US&ceid=US:en,World Anti Doping Agency,0.1027
Howard University Climbs to No. 30 on U.S. News & World Report Rankings List of Most Innovative Schools - The Dig at Howard University,2022-09-12 07:00:00,https://news.google.com/rss/articles/CBMixgFBVV95cUxOX0w2SFRBUUNWY3NlNGV3NXN0cWNmenVDLXRUT2s3OGJOV0ZnM1RqSk5hZ3lHcVlsbmZOZE1rbUdlX0hnRnprRDlBZlZJWVZFME5ZcXVXQ0VXd1lTeWhvQV9fTXctd19vQ1FaVk1nR3A3TVBwalZpSldBc0lGSHZ1Zm1MMDlxVDk2VjVDMlhNenZXVzZOdGNEZXdrTEZsMUdIbVk2ZE4tanJVYkVUX1ZUdE0tNzVSelMyOE1XUWo4a1AyU1hHOVE?oc=5&hl=en-US&gl=US&ceid=US:en,The Dig at Howard University,0.2484
Ebola Disease caused by Sudan virus – Uganda - World Health Organization (WHO),2022-09-26 07:00:00,https://news.google.com/rss/articles/CBMiekFVX3lxTFBfZTlfQUE4RlBlX2dZT0t6d3hIQXUxRXRHSnBKZlhFWGlCN1pmUXdhODJyN1F4c1NscHg1bC05WUFWNGxONTRVXzB6aUljSGpxTFllS3VNMGNaU29veDJlU0tEVXFfYVFUbmRDLUVQYzZBTW1HLWhVR29n?oc=5&hl=en-US&gl=US&ceid=US:en,World Health Organization (WHO),0.0
UWF ranks top 10 in U.S. News & World Report’s Top Public Schools – Regional South Rankings - University of West Florida,2022-09-12 07:00:00,https://news.google.com/rss/articles/CBMiqwFBVV95cUxPQmZkZzJxUlZ1SXZBc0xrMzFCMk1MQWFpYkNmcUJNWlRhOFF4eXd3U1VMcFZYMklzaThjcEVkVk5MVHBEc0xtWHpwZEIzaXJ4UW5HNnhVUFk2OURjTUpOWm9vNGk5Qm1KeDB4MDdRMFd5RnBCRFRwczhESlBrWE81TFBBTmxYME9DX1JvalJWTHhlTU1RYmxCNE1oTkpHLWNjZ0h0bm1JTWxaTDA?oc=5&hl=en-US&gl=US&ceid=US:en,University of West Florida,0.3818
"With David Muir Anchoring From Kyiv, Lviv, Warsaw and London, ‘World News Tonight With David Muir’ Is #1 Newscast in Total Viewers, Adults 25–54 and Adults 18–49 – Leading NBC by 1.1 Million and CBS by 2.9 Million — And No. 2 Program on All of Tele - dgepress.com",2022-09-13 07:00:00,https://news.google.com/rss/articles/CBMiowJBVV95cUxOdzhyMlBLTWdqOXpRdC0yZXNpYk9yMEFyM2tsTl9wbDZ6UzdIeUZUczBQdHpMYWhqYkVFc3U4MEJTT0RTVlFJZnF4cVQ2dzBJS2twcXlPUW9jMC1IRHJDRUdZSVBuWm9OUENXSWF6TEhTbHhsVnZDQjYzZmp6ZWk2ZUdwVWJQeDRvNkxsVXRyLXJWOW9XSUxBU2pWNUlCLTFLRVFVOUgwMjVJc0JRSE9ZTndUWWZYSDcySkhha29VZk1rUGtkLTNhOWhqcnNsQ21FLUpGb0hXVGFVY0FSWnVib0NCTkhPWXlvYXlBZjRRZWdQNFpPcHNuME9zUkJncVVYZEFZeU5veDloUk9vcTBXZ2RjclhtX1NoZHdLYzB3bm1uT1U?oc=5&hl=en-US&gl=US&ceid=US:en,dgepress.com,-0.3182
UC San Diego Named Nation’s 8th Best Public University by U.S. News & World Report - UC San Diego Today,2022-09-12 07:00:00,https://news.google.com/rss/articles/CBMiqwFBVV95cUxNVDNqMFRxbnh2NFhteXpfdllucUZHUlFiUkxEMV9PWjRIT1hwdkdpcjV1Qk9scnhaNlN6ellSZ1BVMWVnODZBcmhHNUdKcFA5Y3F2LUpSUEF3ZFNJd1FxNzl4V3N1ZS11OVFFSlZhdUxrMmlJQmhOYnJ5MWNyQmZSeUtERUdDUUVLdXVPWkR0dGp1UmFoeGhHWEpKVjJHOG90eXJCWW9TbWFXRVU?oc=5&hl=en-US&gl=US&ceid=US:en,UC San Diego Today,0.6369
FAU Moves Up in ‘U.S. News & World Report’s’ List of Top Universities - Florida Atlantic University,2022-09-12 07:00:00,https://news.google.com/rss/articles/CBMiiwFBVV95cUxNdWZHM3FBSFJSMEtmMnV4UXFmR3Z3Q25hdFdlZnZPOUFNNjg3UFdmaFV4ZjBVdnlOVW5wY3pNbDNYaTNMa09fSHMyQ1JvWEJFRWpUZVRvaXZQb0JOS1VBcEJ2RmVUVlNPUmJETWkwT2J1WnprYmszSU1mMlI1R2VhaHYtSGo4NGljOU1v?oc=5&hl=en-US&gl=US&ceid=US:en,Florida Atlantic University,0.2023
Celebrate the First Anniversary of New World - News | Official New World: Aeternum Website - newworld.com,2022-09-28 07:00:00,https://news.google.com/rss/articles/CBMikwFBVV95cUxNbW4xVFRPTno0ZnNPX3g0S1BWelNQMTBPLUE2WGpnU2h5Y19ma2VaTDVVN2hYMGJPX3FxdUgtQWRnaUZIZkgtNkZFQms2T09fRjNxdmhSWkJFT29PWGR3SnJUTEFCOEZoWHBKZTg2UmpveEVUcWZ4VFh2Z09vV0l0LTNzdVBUM1NaZ2dYWHVPQ0NTT0E?oc=5&hl=en-US&gl=US&ceid=US:en,newworld.com,0.5719
U.S. News & World Report names Elon #1 national university for undergraduate teaching for a second straight year - Elon University,2022-09-12 07:00:00,https://news.google.com/rss/articles/CBMi4gFBVV95cUxQT0NUdGRRQjlNMlRaOS1PZEN6RUZ3VXpUcTZ6NlJDbElGSmpGRHNaMVd0MHNQRVc3R0ZTbHdURDN3UGJ3czV4b2RBX25QRVY3am1xZ2hvT19ybm1UOW1fYTNlMGhWeHNRNzJBMWNDaGJlTHNkZWgxZ3poRkxvMXRtRDJWcW9ldmtwdDBhZVBHaDltdVU1czNtakxKUDllcjNPQzVVR0FjOTQwd2ljOEhKWFlSYVFsaDFNN2d1R2ozZTlpaDJ5aVZMNW4yR0t6Qkl6OGRJOXA5eEl4WkU5bzAzLXFB?oc=5&hl=en-US&gl=US&ceid=US:en,Elon University,0.2263
Illinois State ranked a Best Value School by U.S. News & World Report - Illinois State University News,2022-09-12 07:00:00,https://news.google.com/rss/articles/CBMimAFBVV95cUxQcUFnaDVmNWNjem9XbGJ2SVF2RExCQkJudDlnYXNlRmFYSGxpdUIwRWNNTko5TFZUZHFQb0g5STNxYTFwMW0tbmY5MGhMOTI2b2N5dmk3RUZIbjU4cWVFWDJYTlZiZXBhSkVScjMyVDVCd1hEZnE0Tld0NEdCV2pnbXF3ZjYxZ0x0TFB5eVhFMDVrRTlISUJwQQ?oc=5&hl=en-US&gl=US&ceid=US:en,Illinois State University News,0.765
U.S. News & World Report ranks University among 'best colleges' - University of Louisiana at Lafayette,2022-09-12 07:00:00,https://news.google.com/rss/articles/CBMiqAFBVV95cUxNdmFsNE5MblNMYURoT1JfTXItN3hQWjlOcmJGN3dreTFjN0hCMzE5T1RfQVJFOEtLTlcxVWpiWUZXc3VEb3JTaC1CbmNTbnFiWkxYVG1PQjJweUFxLUo0dTlUc3ZwcnNCblhuWHk2TFI5Y25PYmwxcW9qaHJlTU8xbUdoU0pCdEg4WFp6OTBwVEtHLXVlemZ2TW5kcy1NdGtuY3BEd05EckY?oc=5&hl=en-US&gl=US&ceid=US:en,University of Louisiana at Lafayette,0.6369
Giorgia Meloni: Italy's far-right wins election and vows to govern for all - BBC,2022-09-26 07:00:00,https://news.google.com/rss/articles/CBMiWkFVX3lxTFA2dktPaC1ham43b05IbVdreDZUck9LUUIwVUotVllCSHo5UnVoTzM4SnFKUXJsVW54X3hmem9OaFBWUFlxMWxXeXlkNkxsYlFXWndUeEdfal9HZ9IBX0FVX3lxTE8weGhCdVZkcGx4Si1sNTZnWWZCRXZZdXJscmV2a2pUUjhGRmR3V3RhbXdjWjVOa2s0U1lsTEF0NHhtVTVYenhfUDR1c3dyZVBZb1BtbUNtMC1NR2FtWkN3?oc=5&hl=en-US&gl=US&ceid=US:en,BBC,0.5719
"The Black Sea Grain Initiative: What it is, and why it’s important for the world - UN News",2022-09-16 07:00:00,https://news.google.com/rss/articles/CBMiV0FVX3lxTE1DNHd1ZW9vWGdTRHF0amdIdlFpVVFYekdSR1F5ZFc0ZkI2RjNFV1JzVE8yNlRfMnNCbmxPZVhLRTI5RTI1T25RdTdBN1BlRlVVWDk5RUZ6SQ?oc=5&hl=en-US&gl=US&ceid=US:en,UN News,0.2023
WHO and ILO call for new measures to tackle mental health issues at work - World Health Organization (WHO),2022-09-28 07:00:00,https://news.google.com/rss/articles/CBMiswFBVV95cUxQdGU0bUxDYnIweG5FUy1rM2lpTjZFNU1TMHpnRDlIMnJ3MlJucWxscFRzUDlFZzFveEkxaDREaGVXRFBkUDFydUtOQmNfQjFKWUVCQ012RWxzaG9NYmx1RHBaWmRIR1RqOXVqQmNNNk9FSEdlZXJ2VEFWSHVUY2dlSVlfaXkydDBYSlFrYk5ZQ0Roc2FHTG4wOXRxSWhQbjlJbEFncEhmMVRuN2dmRE1fd0lmWQ?oc=5&hl=en-US&gl=US&ceid=US:en,World Health Organization (WHO),0.0
Montevallo Continues to Climb in U.S. News and World Report Best Colleges Rankings - University of Montevallo,2022-09-12 07:00:00,https://news.google.com/rss/articles/CBMiqAFBVV95cUxQWUdWMFJmdEZMRnJER2lIc0JPNEw3V0NvemFtemtpcEh6SlllbnV0YTZPdlNtM0tJaDdkWHlVc2llS0FpSzlvOEZBODhRTTRweW42N2ptTVBjcU1HZ3ZSR3dMa3dTUGJlNzBtNXRYOWxnLVFJaFJ1Wjd1M0lvRElYUm5VdHNmZE5aSTBkbFBuam0xQ1V5TldJaUxLZFRMRTY2NHh1SGdqMUw?oc=5&hl=en-US&gl=US&ceid=US:en,University of Montevallo,0.6369
ABC World News Tonight's David Muir recounts his time at WCVB Channel 5 - WCVB,2022-09-29 07:00:00,https://news.google.com/rss/articles/CBMirAFBVV95cUxQT05uWThOeGVhMm5qbW5aWXpVUDRFNGZJcVhqRDRLZGFQQXV4dEI0RHdmazE3b3dObkw4WUNfdmc1MC13ZExXR0VTUWZUWXZLcDNQV3lwWVRrRGplMVpHWV8zTDZOX3d1enZnZXc1ME91REZjU3JuOHRHMTlwS0NIRkppUXd3Xy1hVElRM3c1S0x6Q3AtU2Q5czFWOE5IQ0JFTFRaZ3VfQldMV25M?oc=5&hl=en-US&gl=US&ceid=US:en,WCVB,0.0
Cal State LA continues to shine in U.S. News & World Report rankings - Cal State LA Newsroom,2022-09-13 07:00:00,https://news.google.com/rss/articles/CBMiigFBVV95cUxPZTktRHo2bklIYmZSNWZxUmVjQmkyZGNSLXpWdVNmM19ESm1nbVhVMnNaM0Y5TGthd2sxVUlfUDRSOU81UEQ0WW11RW9YVUZhaUVQRktTdFJ0Q2JFeFZ1elE2UFNXYVFDbUlqUmR3SVMyYlM0MkxKeHdILWVVMzlMQ3JfeFkxVG54THc?oc=5&hl=en-US&gl=US&ceid=US:en,Cal State LA Newsroom,0.0
U.S. News & World Report Reveals 2023 Rankings - University of Denver,2022-09-12 07:00:00,https://news.google.com/rss/articles/CBMidEFVX3lxTE9fX2JqYjFqYVpIS3lncGVhSWJqSzVlM3VQQjl1dXdkQ3o0N0h6aGZnbW5BYVNpTk94Q3lGNVZqWVZ2QVp1NklTamJBVHF2MUNueWpUQk9rNjYxOGNSTEM2S0JjV1FybENTdmRteUVST1A1cV9Y?oc=5&hl=en-US&gl=US&ceid=US:en,University of Denver,0.0
U.S. News & World Report names The Citadel #1 Public College in the South for 12th straight year - The Citadel Today,2022-09-12 07:00:00,https://news.google.com/rss/articles/CBMiuwFBVV95cUxPcm9XVEpQc2RXV1A5TUNaaWdWS1RkcjBnTXJNN2llU2pVREYyMHE2bVFMY3dtclBmZWtBWVpoQXptYWF2OUxvTC1kSjhmSUdESVlhZ3RWeTlCYms5Wk11T2RCS3hLUG1tV2JMV09mcGpYdTA2Q0FyRHJiU0VheHBENEIzV1RwUi1QQXlLYk9TS0lCTVMwQmI3azZlZXRXNXRwbVRKclJjb3FXTGRYZXpHMEdQYzNLemRsX0Q4?oc=5&hl=en-US&gl=US&ceid=US:en,The Citadel Today,0.2263
Virtual reality: Veteran on virtual trips around the world - VA News (.gov),2022-09-08 07:00:00,https://news.google.com/rss/articles/CBMiakFVX3lxTE4ySjE1TkRfSHRPQVFiT3RlUlVEbEFpUmdISnVEZ25OdmRMWTFPc0ZFTXR6NG8tZ01QMmJVRG9RNXc0UlAySFIxWkd5YUoybXNTNWtaYVp2S2tlV2hQUmVsUlRiZG14am5ZVGc?oc=5&hl=en-US&gl=US&ceid=US:en,VA News (.gov),0.0
"New malaria vaccine is world-changing, say scientists - BBC",2022-09-07 07:00:00,https://news.google.com/rss/articles/CBMiUkFVX3lxTE1hYThSY1h3azZFTC1jS1ZOeHItU1U4d0EzaDRSUDlBTDR4SlE2MzAtY3c5UUllSUdZbUFpcDFzV3hCYUE3cUNiYUVQWUpmUkNSdGfSAVdBVV95cUxOTWNtcTAzOXBhRXNOZVp6NUdBZXBCa0I0TVdKS3hpM0lNQmxkVWxaZnpnY21DQ3MzZElnS0RLdDV3SWNacU91ZmJDV0hKNWtrMWRvQ0pEYVk?oc=5&hl=en-US&gl=US&ceid=US:en,BBC,0.0
U.S. News & World Report: CU Denver Continues to Rank No. 1 for Social Mobility in Colorado - CU Denver News,2022-09-12 07:00:00,https://news.google.com/rss/articles/CBMiswFBVV95cUxObVhGTy1kVzEzWnotbHBaYnFUcDl1QkwtdUxVRkJZeTFMMHFVc3Y1a3NDWjFYeFFJZHY2ZFR4bG9PTnVZLVFIalhZd1BrZXoxTXNzVy05Y2lya2pCUjlJVVVySzYyOGVtUjRzU1pwbEZ4azF1UWhEbm9IVWpOWFVlM21JTTZIT1dqMk5mVXdlTi0wVVVGbTdJYnVMWGY1WjExcUlJWnNNRGNyOXV3VkttRVhtTQ?oc=5&hl=en-US&gl=US&ceid=US:en,CU Denver News,-0.296
Fastest-rising university in U.S. News & World Report public rankings - FIU News,2022-09-12 07:00:00,https://news.google.com/rss/articles/CBMiWkFVX3lxTE5LNDJ5VDFJanp3dWV3eVlKV2c3ZTRTM2hsMlFjVWNBWjNpRExLUE1tZ0xQQWtvZjA2OXV0c1E2N19wOU52a1lpdEoxMFRlb3JjZWpXa1B5UDRhZw?oc=5&hl=en-US&gl=US&ceid=US:en,FIU News,0.0
Rescuing the SDGs: General Assembly highlights ‘world’s to-do list’ - UN News,2022-09-19 07:00:00,https://news.google.com/rss/articles/CBMiV0FVX3lxTE9nTUlTcHVCOXNCWGFUczUxTHE0RHZtS2lHUXBTQkhsM3R0S2J6eENoNXhHV3Z6NDVsSWdNcDJUbW9jTFlqM0dKT1JmSzVxSEFuSG1DcWYyOA?oc=5&hl=en-US&gl=US&ceid=US:en,UN News,0.0
St. John’s University Steadily Climbs U.S. News & World Report Rankings - St. John's University,2022-09-12 07:00:00,https://news.google.com/rss/articles/CBMitwFBVV95cUxNSjZrYUpWeGpiQW5fMFhRTGRvSlNrSEhSWHhFbkR1dEp4bnNKTGxCdFp0cVBUa0JjclE5WW9ib0hOWjBXMnA4ODhRMVNhYl9JQjJnb3RKR0FZeGllYkxhOE1UUElEZTJUN2hON2RYeGptVGRiaHZOa0F4SnBQSGljb0p2Z196dzU0XzhpSDVXOWxUc2JVWkJMa2pzSm43R2Y0bURWdkdubmhrTENBRDFYTTU0bnBCdGM?oc=5&hl=en-US&gl=US&ceid=US:en,St. John's University,0.0
World Patient Safety Day 2022 - World Health Organization (WHO),2022-09-17 07:00:00,https://news.google.com/rss/articles/CBMiowFBVV95cUxQSC1VRWUwVkFCeEF5NkJBYlVBY2h0Y3lPcHRCbHh1Q1U3UXZ0NFh6RGFncmR6bkF4N2IwaFFsRHZZbVEwUWdZMUgzNmtfVVoySXo1RkF0NEN1Rjk4amlXUE9tV0pSU3NkSDRmbEktakItWHlyU2ZwRTlwdVpiWHRESjM1MDI5amVraENyNjFHMUlXM1paSnFkX05ucG9HX1l4aGxr?oc=5&hl=en-US&gl=US&ceid=US:en,World Health Organization (WHO),0.4215
U.S. News & World Report ranks Jacksonville University among the best universities in the South - Jacksonville University,2022-09-12 07:00:00,https://news.google.com/rss/articles/CBMiygFBVV95cUxPbWdERHByNWxrTWNzWllCOVFKTks4UXBsT1hSekMyeEVDT2t4Vlo3NnRnU0FtNkV5T212WTg1V2p4QVdYT01GejNFM0hOd0hUT20xVnJvbUFkRVJfVUhPWjdjdXVMQXh4V2VObTlTWGhmV1JxeXlBVUxveVlvSFp6MFNoZUFsVXphRzh1U2oyUmxLdHZrNjJra0phei1JZllzV0x6TWFvbHZaMDdwVHlWYnRQQ3BRdTFxU1FrcjluN0t2LWVfVnJrSVlR?oc=5&hl=en-US&gl=US&ceid=US:en,Jacksonville University,0.6369
"‘We need all hands on deck!’ The world’s ‘to-do list’ is long and time is short, UN deputy chief tells Global Citizen Festival - UN News",2022-09-25 07:00:00,https://news.google.com/rss/articles/CBMiV0FVX3lxTE53YklPZ3J1TVA3SHk0bDdBQkRPbFAwb19sNmhZeFh1dmprZV91ZjdYRjlwQlVoTFJEdFozMmF4NUVpbTNlbG5RQlBRZzZoZlgydE5RYzdZQQ?oc=5&hl=en-US&gl=US&ceid=US:en,UN News,0.5411
TCU Named a Top 100 University by U.S. News & World Report for 13th Year in a Row - Texas Christian University,2022-09-12 07:00:00,https://news.google.com/rss/articles/CBMiswFBVV95cUxNWWRWejNQUmhhRy10T0xHUDAyR0gzVllYak5OWnllZmJ4VWFqMnRTYTZURVQ2U0dnbV9yUW9PNy1nT1Nsd21JME94MTdXTm5NS3d2RlN4NWpxeUZ3WWZub251bkQxVDI3eTFQR0NQbEFCUDdGUmE0X1NvLXFoRmNYX3M4N1lTNFpQZENFNmZodlpmaVZsOG1sTnZFbkxhcmYxVWUwRzBQamJtV1daanhtLThzYw?oc=5&hl=en-US&gl=US&ceid=US:en,Texas Christian University,0.2023
Xavier debuts as ‘National University’ in U.S. News Best Colleges rankings - Xavier University,2022-09-12 07:00:00,https://news.google.com/rss/articles/CBMibEFVX3lxTE1PZ3BQc0U1M3dUb1RLbElkRTc2S01VdllMcHlsVXhIb2lSREtLLWJnUk82X0hfYk9YeDFveENrX0RockJxQzJZWXVzVGJ3MFJtX0QyeXJqc0kwMVZxQjF6N0FtdVRpUUl6OVE5bA?oc=5&hl=en-US&gl=US&ceid=US:en,Xavier University,0.6369
2022-2023: VMI Again Ranked Highly by U.S. News and World Report - VMI News - Virginia Military Institute,2022-09-12 07:00:00,https://news.google.com/rss/articles/CBMiogFBVV95cUxNbmFmMUYxbVAzSDU4TlF5ZW9oNGF1S25LSDhJQ0tPY19sUnNDV2tuMG5naXlaOGExb0c0bEVXTEk2bTNDOVdEdFZTUVBEc01nWTZzMnVDZkMzM1VybG53bVNmV2FUa01tb1dnVHdnTVdRaHpyUGZlTDZXLTJROWdSd0tqN1lqSV9McEk4T1VlLVY5Zk5UNmNNWEdnSEpnd3IzTWc?oc=5&hl=en-US&gl=US&ceid=US:en,Virginia Military Institute,0.0
"Despite Years of Criticism, the U.S. News College Rankings Live On (Published 2022) - The New York Times",2022-09-15 07:00:00,https://news.google.com/rss/articles/CBMidEFVX3lxTE5VTFRNVGpIV2hOM21PQkZlazhRZVdDRDhZZUFENjZub3ZqTC1fclcxeWRIWnZtQWY1bGlta3hYQ1NaOVNrQmNIVG5UYzdNVGtxVl9vME83dk9nRmpHZXhJUHUzNUlwcGk0ZnhXZVY3ZXVZb1k1?oc=5&hl=en-US&gl=US&ceid=US:en,The New York Times,0.3412
"News: NATO Secretary General joins world leaders at UN General Assembly, 19-Sep.-2022 - NATO - Homepage",2022-09-20 07:00:00,https://news.google.com/rss/articles/CBMiX0FVX3lxTE5hdUtFUGJqQ0hkRWg5RjJHdmtGMEVTRTAyaHBYd3V1SU9xZ3JqLWc5eHk2M1BOSHppVWsycDVvV0dyS1VndzFzSHpEMUxlNWZSbG9sQURNc3ZyUzBmUldF?oc=5&hl=en-US&gl=US&ceid=US:en,NATO - Homepage,0.0
Nord Stream 1: How Russia is cutting gas supplies to Europe - BBC,2022-09-29 07:00:00,https://news.google.com/rss/articles/CBMiWkFVX3lxTE1mZTlYeWZyRUZPR0tTQk95SVBxWDV5bGxRUFBGVFBGU3ZHZUo3M1dZc01GNjFwZU5yMktNU3QwaTlGYVc3bDY4QjJYX3U1REVzMHJLWXEyVXZLUdIBX0FVX3lxTE9iR05kVWJlOEtEOWg3M2RrYnVzZWdyb3RnYWhpWFhGYmpMUUVaR1AtbGVWYVg2b1dRNnp6dW1vaktSNWFkaDdVRzVZeUt4QW9IZVFZZFFQZVdDQXUtMko0?oc=5&hl=en-US&gl=US&ceid=US:en,BBC,-0.128
Pepperdine Ranks Number 55 in 2022–2023 U.S. News & World Report Rankings - Pepperdine University,2022-09-12 07:00:00,https://news.google.com/rss/articles/CBMipgFBVV95cUxPMmlGcG5Nay1hbXRDV1U2cUZ2NlhUb0Z1MGRfYWp0dDZpY0J1NXY1S1pCQm9odkg0YmkzLVJyTEJXa3c3YVZjQmlYZDdGSmw2bk4wRWVlWFMzVG5VYVloRUx5c1VudmZCd0lSYzZFbEo5dlI3UDN4NFd2aVBsMUFuVjlXZThBYkFGXzNsaDVVelg2Q2wxaXhLNS1GZVFtS3IzMUhnVmJR?oc=5&hl=en-US&gl=US&ceid=US:en,Pepperdine University,0.0772
OU featured in U.S. News & World Report rankings after 2-year penalization - OU Daily,2022-09-14 07:00:00,https://news.google.com/rss/articles/CBMi5AFBVV95cUxOeER5b283SnpkYjZYWUtHNnMweXk1UWZ5ZlhlMGV2RWx3M0RxWWZaSUpoQTM5eGlCV2JQNDR3ekxGSW53MTRySmd6cUhtNlEzM1Z1eFNLMkJYVGY2OWQ2MFE3bTJUb1FOR0ZRZXBIa0lEcnAzcDBpNFNoc0YxMG5FUnE1UGNPOGhKVnI1U1daYWd5YjJVZnRtR1Z0d1NIZFFPOWxsQWRtTlpOWXBNSUc5SFRUR1lOQVNNZUd0TlFSWTc5aENVQ3dSbnZtZmVLZWtOR3BxcExQSWxKbHotdjYtekE2cWY?oc=5&hl=en-US&gl=US&ceid=US:en,OU Daily,0.0
"Charlotte continues to rise in national rankings, U.S. News & World Report, Forbes recognize University - Inside UNC Charlotte",2022-09-12 07:00:00,https://news.google.com/rss/articles/CBMiwwFBVV95cUxORVlnSEdoV3BVczhQLW5sV01Lc1U5T1ZFMF9DQ3JZMjBVMVpEMUJTN1hsY1NDb1YxNmhIOVdjOTV6cHR1b2w5TVp3QmdNQXhvRXVvck1YVW5rX2ZvbWt5cHRRUUZXdDN1X05zV0haY1MwTFJzR25la2tlYWk3MmN5VkZyQ1hhb01zUFpHUWRmQlQ3QWFUeW56aUVvY0x2VVF6QklYS3BMT05SaU1vQ1RSUEh2YTY1Z3JNc05JblZ4WW5PNk0?oc=5&hl=en-US&gl=US&ceid=US:en,Inside UNC Charlotte,0.0
Cambodia scams: Lured and trapped into slavery in South East Asia - BBC,2022-09-20 07:00:00,https://news.google.com/rss/articles/CBMiV0FVX3lxTE9OVkw0Wm0tUENqV195VXM3cDZtTl9MbGRrLW5ZbFA3VGhSLXNGaXlKR0FGZWkwWXVZdVZlUnBzVUhiMnV1RUw2WHNlM3Ezb2VReXdNWXFEZ9IBXEFVX3lxTFBHZWllVVdPbGh2OWplaFBqQTVxaXI1cHhYdGh3UWoxUjJCbHpGRHFzZm5rOV9URm9RcW5UbjEwWlR4amtGS0c0bDdfYzFGc0NEelU5OWhtMG9qSFdT?oc=5&hl=en-US&gl=US&ceid=US:en,BBC,-0.9186
Pesticide residues in food - World Health Organization (WHO),2022-09-15 07:00:00,https://news.google.com/rss/articles/CBMigAFBVV95cUxNeVBpTTE5b2Z3VDhuaVJOUmtjUFJvMnR3SnlReTVVNmhTbkNHOUdldGNLVnFkQ1NYUnktRThiMjVzMHBrMkpTYk9TZDhldUo5V2drcnJCTXZxd29SRFVyM01ncTNQT1hiM0pWWXd1VkEtTXJhdlVGS29TMnlhRVNYbg?oc=5&hl=en-US&gl=US&ceid=US:en,World Health Organization (WHO),0.0
"‘World News Tonight’ Weekend Editions Rank #1 in Total Viewers, Adults 25–54 and Adults 18–49 in 3rd Quarter, Winning Second Quarter in a Row – Leading Newscasts in 2021–2022 Season - dgepress.com",2022-09-22 07:00:00,https://news.google.com/rss/articles/CBMiogJBVV95cUxNOC1wS0QwaTRfWVVqaDZFcm11TFI4NDR0eVM0Vk1ZOHdoVW9sMWRYcXBmZ2ZqOGtReC1OeGpnZmkxdFhlY1MxcjRicF9nc3ZWeG1sZVk4NlhLZl9hS2Y0VWg0aUUwTEp1cmZtV1pCUzNkRlh1RDdQMWt1R3N0dU9OYVZWakxqU1REQ1dPVFNWVzVPZTJZVEZsdjRmUVdyN3NDM2ZORXlyMXcwNE1JXzhPcC16OUNKX2lmQ2RiR2RXcF9FZjNFRXNwZ1FxdE1xejFVWm44a3E4dUphNTVUeVNTc3NiaTFHTjVMWmtrOEdPUE9KNzYzTVE0aDFnTE9EUHhMZy1LWm9NLVU0enhaTmF6Nm9kZXlIYlZEcHpKb25SajZFQQ?oc=5&hl=en-US&gl=US&ceid=US:en,dgepress.com,0.5267
UCLA ranked No. 1 public university by U.S. News & World Report for sixth straight year - Newsroom | UCLA,2022-09-11 07:00:00,https://news.google.com/rss/articles/CBMipAFBVV95cUxOMFZfTnlQdTlraFpwMjI0NlFhQ3ktNGdtbWVWTTdpZ2NqOUx2Q0VYZmVQVEpETUNNdTlFaWI4bnFzbWZCdE5zV3FaWF9jZUVjSE5ibU9FWmxEVDZxNi1xNS0wZHVja2VrNkF5a0pHR0RnbHh6UG5sS2YzNUdMeEF2b2ZGZVZiT1lpa2RjNHExUk5lWEw0eGdVaU16amR1amlNc3NTVw?oc=5&hl=en-US&gl=US&ceid=US:en,Newsroom | UCLA,-0.0772
"INTERVIEW: Transform education, and avoid a global learning crisis - UN News",2022-09-15 07:00:00,https://news.google.com/rss/articles/CBMiV0FVX3lxTE82bmVUQUpBQTkwVWYyb0NwOF9ETmRtVFgyVmh4OE9YcWRJNU5lSl84cmZyUWtYdFNnUUdtaERsRWg3bmE2RDRwaUM5Q29CMG1kT1Etb2p6SQ?oc=5&hl=en-US&gl=US&ceid=US:en,UN News,-0.743
CMU ranked as 4th best college in Michigan by U.S. News & World Report - Central Michigan University,2022-09-16 07:00:00,https://news.google.com/rss/articles/CBMipgFBVV95cUxPSnZjRUlFSVpwOFRwRVZwMWpuamNPWFJHdjIwTXBBcWRBMUJtdEUxSW9uN2pDczJkUkJ5cXdSV3hmS2FveTVfR1NXWVhyeDR0UlhxWGxxaGhQQU1QWnpCaWw3a0FxN0hpSWo5Vm1hY1NTLU1MR1BHSEliUzhENHk1QzNYUmxnaWJBb09HWTZzTEJrVGdmazRBd2l4SlJsVDg3NlREOUZ3?oc=5&hl=en-US&gl=US&ceid=US:en,Central Michigan University,0.6369
"U.S. News names UCR No. 1 public for social mobility - University of California, Riverside",2022-09-12 07:00:00,https://news.google.com/rss/articles/CBMijwFBVV95cUxPZHo3dE1zdFJrMmJOaFVjeXJPR19Ic05NRlk0eHNYdXpnRXRVNHozcHlSOTFFSkZSaTRFMFFXR3hvRlhFcktJNF9RZXpqUFBBbEJCdTN4ZmpKeHoyZkY0RWV6ZUJIUXlHeG5WT2tVb2dnOFdWcUswd0cwVGJkU3FjRnVFLTdQbGJTV05JOEZPYw?oc=5&hl=en-US&gl=US&ceid=US:en,"University of California, Riverside",-0.296
"National rankings highlight UC’s co-op program, innovation - University of Cincinnati",2022-09-12 07:00:00,https://news.google.com/rss/articles/CBMiY0FVX3lxTE1IbVdfMFJLZUJIcE5oSUtwTThyb09nc2NxaFo5M2RnWHRKVnkwZkd3ZUpmdzRxR3pRMVFTWE00amFPN29faExiUU4welBEaVpIUEQzU1VTMjhLNjE5VzJpSTVRRQ?oc=5&hl=en-US&gl=US&ceid=US:en,University of Cincinnati,0.6124
50 million people worldwide in modern slavery - International Labour Organization,2022-09-12 07:00:00,https://news.google.com/rss/articles/CBMihAFBVV95cUxORWR3djJQazFMcEtjTk1NLVFvRGxEV2Y3NlVadWhvUzUtQkRrM3lSTDZMdEV2VjI4Z2FRNEtnVnc1bzRKUW1mTURibWVsQVdHWXdZd2RBUVpubjFEdkZUU18weVJFU1pUazFMMGpzMUZmbHNTXzJPcDJOc3d2aHlKSzNjOGs?oc=5&hl=en-US&gl=US&ceid=US:en,International Labour Organization,-0.7003
Chapman Continues Its Steady Climb in U.S. News & World Report Rankings - Chapman Newsroom,2022-09-12 07:00:00,https://news.google.com/rss/articles/CBMiqAFBVV95cUxQcUZxbllqZUJNWDUwVlB4dFBodHpkZTR4cVEzSGkyWXdNX2dVbmJCU2Y5OXVLdTYzTW14RXhJaDNFZXBUX1RwTHBOY3FlTDlCSDVBVU1rRWdPbjN6dmJZQ3VNQTVPbFFUZ3hpWUdfQTlfMzdLWDNpSEFOdXVJVTJCSk9vbmVubHRLLU9YMVllSXJkS2h2NWdOZURCbWNmcG9raF9aSWxzMEc?oc=5&hl=en-US&gl=US&ceid=US:en,Chapman Newsroom,0.0
Colombia: Leading the Path to Sustainability in Latin America - World Bank,2022-09-07 07:00:00,https://news.google.com/rss/articles/CBMiswFBVV95cUxNZWNWS3I3eVR3SktIbFlLWXMzOUdxZGcxOHIzUDR0bUVQOE9XZW5mQUxaN1NVWGlDX1ZlcVlOOTFOemNiQWhVamd5QzRJakppS3I4VW43NHNCM3Z0RVFGMVNlUDl2bnJGSTNPaTk1WWV3d2x3eC1ONVl0N1pvMjVCU2JpVU8zbjFqV2RTUHZZTFA2b25jdnl5YWM0cE9hWTdhY0M4dmpoT2lmVGZ3VXRSNlJBYw?oc=5&hl=en-US&gl=US&ceid=US:en,World Bank,0.0
UIC rises to top 45 public universities in U.S. News ‘Best Colleges’ rankings - UIC today,2022-09-12 07:00:00,https://news.google.com/rss/articles/CBMinAFBVV95cUxOVENVb0FpUW9WRURCbnhreUg5eklFaUFIS0xDUlp2SnhNME1zYjlTWDBweUI1N2MwUmljUEVUT19qMmZDdHdJOVQ3V1pfdHJaakJRSDQ1LThJalFvUDM5MjRXaEFGUkVDUWlGU2Ffbk44ZmZFejM2NEZWRk1TT29uYy1IVXdtelpjRFVSQUtVMnFaeFY0dEp5c3RmWlk?oc=5&hl=en-US&gl=US&ceid=US:en,UIC today,0.2023
"Infodemics and misinformation negatively affect people’s health behaviours, new WHO review finds - World Health Organization (WHO)",2022-09-01 07:00:00,https://news.google.com/rss/articles/CBMi3AFBVV95cUxQaXd1VzBQR3NJLWlEaENkR0ZwUWpBVE9WSmhsSVRld2tWZ3ZSa1F1YUtPWUR4cndVRUJtSENEVjUwZjZjUlE2T1dGNjZtWTkzUU5CLTQ0UTM3S1h5MC16ckphbWdHVE5UbmRzaEdoUXZoZnloemJUV09EbDUwMlhvSEJpMkhFb1hMdFNtRnJmY05qLUN3N0pOc1BCSzlhQzZlNWgyZkFVNHBwblNWaXVvUUdLNGN1cEplQ0N2V2twSTlsWXVzcFdXOXFiM195amkyVUIxMHVKeExmblpq?oc=5&hl=en-US&gl=US&ceid=US:en,World Health Organization (WHO),-0.3182
World news in brief - The Church Times,2022-09-30 07:00:00,https://news.google.com/rss/articles/CBMikAFBVV95cUxQcmZJT3BGMVgtSzB2M1MwbVBZU0N1czg0aWM1QUpSSWJXekdjTmllT3JxRC1KcXZJSUYwYUliZnRRZHkxWVRxaWtaN2I5dlhRVXoweEt1N0xRV1FyQWY2dzNZZExsSXQxalZiSUFHb2F0UW5FbThxNlhuOUVKMEpOQThUam5ReFMzdmp3LUtETUg?oc=5&hl=en-US&gl=US&ceid=US:en,The Church Times,0.0
ODU Again Ranked Among Top Universities by U.S. News & World Report - Old Dominion University,2022-09-16 07:00:00,https://news.google.com/rss/articles/CBMikgFBVV95cUxOeG8zdExFMVktVjhzd1BkOVVBU1E4dkN4QTN3S1RpTmMxS2FYbUJGaV94bWhwOF9mcW1Ib2NYRUU4eU5xemU0ZmE4MjRPS2dSVC1nV0t0X0JjUFZ1UmUxdkZpN0s5SWExSEY2TXRjcVBWLWw1WnR4cjZLZW5KSk55NUVfRWJaUnpadEJTcW02UlhKZw?oc=5&hl=en-US&gl=US&ceid=US:en,Old Dominion University,0.2023
"Campus Named Among Top 100 National Universities by U.S. News Three Years Running - University of California, Merced",2022-09-12 07:00:00,https://news.google.com/rss/articles/CBMisgFBVV95cUxPdGZNRFIzQndHY200LVJxUTN3ZXhsVmZZNDJCeU93cEptYU15ekItRmlUWkZYd1Y4c2VPN2JIcUd0TWEyZXpJNVc1MWhNV29rejZES01Vb1Vld3BMQ3lYLVhhVWVDM0VVMFFWSmdha3BFREdJT2hlUE1la19RN3B4TUx3RmNkamRmaFFyTXhlWUM2bWVMSEVUaXhqYU9XVGtqRjJxUUlIRUs0UmJKTjZCajlR?oc=5&hl=en-US&gl=US&ceid=US:en,"University of California, Merced",0.2023
Myanmar: Facebook’s systems promoted violence against Rohingya; Meta owes reparations – new report - Amnesty International,2022-09-29 07:00:00,https://news.google.com/rss/articles/CBMi2AFBVV95cUxOdFd0d2F4RDdycTJaaHF5bDIxYzRzcy12OWhnOFE5R0g5cjV2alB4a0txSzhpTzhMdUVNb01SWmt6a1p0RnZhTWo3X09UdER1ZWdhaWNMNWFtcDhhNlpWa2d6QXg2SDlnblR0bE1kYUJzb0lNdkNFTVVkVGU2NnhjQXpDMUhZREMxTTJLX0RLNmljSC1RWVlxLU9DZUhaLTFjeE5KMkJ6N2szS1VLMy1hLUdpSWE2bXE3YXlYa21jNmtQRzNOd3h2bndLLWg4UERaRUM3c0U5N1E?oc=5&hl=en-US&gl=US&ceid=US:en,Amnesty International,-0.3182
HPU Named No. 1 Twice Again by U.S. News & World Report - High Point University,2022-09-12 07:00:00,https://news.google.com/rss/articles/CBMilgFBVV95cUxOa3lkUld3U0hqZy1DdU5LMnVKZGNtcEd4eV9SdlFrdFRiZE1sUW9PUEpodmxmSGlCSzUzNWdFUkR0MEFQVElIUVRHeWFFdEQtVXZ0X3J5SHFuRnIzR0JIdEtveVo4MC1kaWRYWm16Y2t6Zl9EeTVSOVNkXzhQTDZLSk1NNGpXSldfRXlSVS1nc2tDTTRneGc?oc=5&hl=en-US&gl=US&ceid=US:en,High Point University,-0.296
US News & World Report ranks UArizona among top 50 public universities - University of Arizona News,2022-09-12 07:00:00,https://news.google.com/rss/articles/CBMinwFBVV95cUxQaFhxODZ0YWVKU19nbmNfMWR0bzFkRFFXYjFwazFNY3gxLTdrZk5FQzFmN3RKdUZxNW9GYVRPZTdjVmMwMEVQNWthRjdkVllFVXZpMmhLZ05RN0ZXVkVUUkg0WkdHaEpnMjJaMHRWdnJWTlN6d2U4QmJfdXlib0lJT0NtSDdrY1RFZEVDWlJ2cFFub1FQTks3TlI2eDFvRVk?oc=5&hl=en-US&gl=US&ceid=US:en,University of Arizona News,0.2023
Ukraine war: Could Russia use tactical nuclear weapons? - BBC,2022-09-24 07:00:00,https://news.google.com/rss/articles/CBMiUEFVX3lxTFBBbnFzZ2M0SFdxSWI5R3hyZm5meE9KNWI0X2NNMjlxRE93dFFiUUVvbkZlQzI3SW0wY1B4V3NmQ3lzOVl2UUZfVlhUeEdFOVNS0gFWQVVfeXFMT2JYWUtKa05YRzNqV0VqWDVPbEZZcWM4bUtsMDJEa1QyaUdBQ0dMTkZjRkh2cHd5bmZ2SmVFWlg5TVlLeC11XzR4a2s4OUJETGtqUllCMWc?oc=5&hl=en-US&gl=US&ceid=US:en,BBC,-0.7783
UVA Advances to No. 3 Best Public in 2023 U.S. News & World Report Rankings - UVA Today,2022-09-12 07:00:00,https://news.google.com/rss/articles/CBMinwFBVV95cUxOWUEzeEJFU3M2YmxYb0l1SzV0blUwQzg1bEJXMGFyYWkwa1FaVzljZlFMYTlWdVBDdkhDWHpPMnA3ckhwXzJSZ0VrYnBNM2djdm5SclhLLWF2ZlpfUmp5bWRmTWo0cWthb2hLNnVRMzl3bkRpOENrZ1hNZ1JjLTdxMHB5endnT19xQW1jSjJOeDRHcXhCbGhFSTBEVGpnMFk?oc=5&hl=en-US&gl=US&ceid=US:en,UVA Today,0.4588
Rutgers-New Brunswick Among U.S. News Top 20 Public Universities - Rutgers University,2022-09-12 07:00:00,https://news.google.com/rss/articles/CBMilgFBVV95cUxQck9EOV8wd196VV9LNWVncDNabkdIejR2dGMzOEltTUhtbWJNaHk4Z3JydDFxeHBxRGttSW8tUFlFQzVOTVZlNUJyUlFIdUptR0xGajh4dmxRS1RZQlNGTFRRWXJnb0RzR21Ecmxwd1VRQmVBMVJfWGx1a0gzTzJlcURibU50ZnV0d2l0d2JhRjF5V0NGM0E?oc=5&hl=en-US&gl=US&ceid=US:en,Rutgers University,0.2023
Can the Democratic Republic of the Congo’s mineral resources provide a pathway to peace? - UNEP - UN Environment Programme,2022-09-20 07:00:00,https://news.google.com/rss/articles/CBMitAFBVV95cUxNeHdwUE9ZenRQTnJXdjFfeWtJc05SRGNqTERJQkIzM0FHeGUxTzhscXpBOU1fOTdmVEpjYk90OWo1Z2NHNEUtbEZCVVBLR2pFZFR6UWFFUGNEM3RnTlVfckVUTkZuZU1WbHRNTVk2dVp1bDBzUDJNUFpTazgzQVdfLUk5NW9aTFhEVTBiWXNhbFhSNWpxQlN2RDNGMl9wT0lVNW4xanFVT1E2MjFHTjBYaU9qSkI?oc=5&hl=en-US&gl=US&ceid=US:en,UNEP - UN Environment Programme,0.5423
2022 US News Rankings - Catawba College,2022-09-12 07:00:00,https://news.google.com/rss/articles/CBMiZ0FVX3lxTFB6S01IenBaalpVUnR0ZVUyVHBDZEpkeW5fdE9icm1LQzdyYjFyVkdLVzdhaDcwMWxGYTE3U1NpTXVRUzJWWFNuOXc3Nzg1ZmlCYlN1Uk13WURqaWFCZmNYTUpOTEJKZG8?oc=5&hl=en-US&gl=US&ceid=US:en,Catawba College,0.0
How will the energy crisis affect you? Read the top stories of the week - The World Economic Forum,2022-09-26 07:00:00,https://news.google.com/rss/articles/CBMifkFVX3lxTE5mV2tYYUhVdXJJSVRGM1RrbTJPQjFuUlBOMXZYZlBPMGpWOVp0cEx6S1ctUU5KdjVmTktzeGZGenV0QmI1QlFCY0dQM1hpOTFaWjgzekdjaTlQZzRDWWNCOGdGQ1g0dEg4TTdEZGJnRTdwdG1VM0pRRFg0RjVDZw?oc=5&hl=en-US&gl=US&ceid=US:en,The World Economic Forum,-0.296
Covid-19 pandemic is over in the US - Joe Biden - BBC,2022-09-19 07:00:00,https://news.google.com/rss/articles/CBMiXkFVX3lxTE1xbVdRTHpCTTUyT3dFVWZWWHh5ckREY0JOZnlQdHl3S1FvMl9QRDN2cW5oeXZoaGFUNEtxLUh6UzNRcnZOWU15NjhXdHBDSHJxdEV0eDNWbEhVc2xtR0HSAWNBVV95cUxNMzdrZmZzdEVQb3JHZ2E3VjdVRHhzTk9PWTlzOVZzUTJsamxINmI3NzhCZnRGLXVDMFJvUWtBYmdOVU90VzM5cWZXYjk0YmJUM1B6VFJ4WDMzaTM1d1pCa2FYakE?oc=5&hl=en-US&gl=US&ceid=US:en,BBC,0.0
U.S. News & World Report ranks Drake among the nation’s top national universities - Drake University Newsroom,2022-09-12 07:00:00,https://news.google.com/rss/articles/CBMisgFBVV95cUxNQkt2WW5WZjN0X0d3VWNTd3ZIMDN5anVzOWxzamxaOU9aYThWbGlQNG9hZnltdHJHV0R6YlAtQVI4WTdNVV96NzZPcWZxc0gzVWNFem0yN0x4RFAwa0picGZSSzNDWUo5ZFg0RGNyd09iWEdxVWRMTG1tQy1iTno4X09WYTBlZzZQVjYtVXRtQnFjd3AwWDVqcVhWUzNQZFNVdHlVVmtWNWdwSjNRQTYxcS13?oc=5&hl=en-US&gl=US&ceid=US:en,Drake University Newsroom,0.2023
Hundreds of jobs to go as BBC announces World Service cutbacks - The Guardian,2022-09-30 07:00:00,https://news.google.com/rss/articles/CBMirAFBVV95cUxNNmRBZjlNMjR4bTRFTzZvcDQxWkRCYlBMR0tMVVZ1d1dtM2ZjWlktVG10R2h6bHdkNDBOQmltOGw0UnJKMGJGUGpVLTVLMWtzWmdQeHNuRF9iRWVobkxGS1dHckpmbXRZa0V3V3Q1VTl5VlBUMkNYVmZYamJna2xiTWYydkw2LUVFcm41WmdGQXRTUU5xNVpycy00SkIzNE9qLWNSaGN2bVVlQ3F3?oc=5&hl=en-US&gl=US&ceid=US:en,The Guardian,0.0
University of La Verne Ranked 6th Nationally for Social Mobility by U.S. News & World Report - The University of La Verne,2022-09-12 07:00:00,https://news.google.com/rss/articles/CBMiakFVX3lxTFBhcU1MM0pzdjNKZzcyeE1JemRZUjZaM3kzcnp2SllSOVRHRmdwRlhRYjkyYVdSSWl5eWtaRGZfUWV3enluVnIwVlR2N204Z0dCTEh2amRhc0IwM09oTFZSdFlsSGMzLUZXRkE?oc=5&hl=en-US&gl=US&ceid=US:en,The University of La Verne,0.0
[News] Five Years Since Hurricane María: #ChefsForPuertoRico continues supporting the island - World Central Kitchen,2022-09-19 07:00:00,https://news.google.com/rss/articles/CBMiY0FVX3lxTE90Mm5GOHpwbHZ4Rmx3NEpwQ042djJtWlVFM3cyRTM4X1ZVVmh5QkNUX3dOMWdQTlZ0RjQ4WXhocWdCaUpyUHBQYTN5c1hkdzdIazJkWDVkWjJsLTZlUVZUTTllWQ?oc=5&hl=en-US&gl=US&ceid=US:en,World Central Kitchen,0.4404
The end of the COVID-19 pandemic is in sight: WHO - UN News,2022-09-14 07:00:00,https://news.google.com/rss/articles/CBMiV0FVX3lxTFAzQnkzUmVKR05PeE9rTHFNODd4bXo2bWVQYmtkTkNkZFBBR3hrWHJtMHJ1YkZDREgwRFpRYjdaNUNoaHA2ZjFyb2RWU1VRUVUwTV8tWGdMYw?oc=5&hl=en-US&gl=US&ceid=US:en,UN News,0.0
UMF recognized for quality and affordability by the 2022-2023 U.S. News & World Report Best Colleges rankings - University of Maine System,2022-09-13 07:00:00,https://news.google.com/rss/articles/CBMi2AFBVV95cUxQNWl0a05MWjJfb083Z2UxTEMwNU5hNmJ4OVhmZXc0WGo5WVF3TmhpeW9ERkViZkxvVTFOWmRGRk51ekFudWVCaE1BTXRUWUR4Vmwta0lBWVc1M0cxeElfUU9ZeWhWZnVEMmszSHpGVGdwNVdrcFlPQVpDeVNJNXJsb1hfNEdPZDd1cjNqUUFvWlYtTXY1bXhiRURZVk5wSDdGRHE2a0U0QzB4eUJzbzBzNmJ4TWxHZ09JZEFBWHVQZDFNUVZoaTJkQXluRUJTcE1GclRNQXhhcjM?oc=5&hl=en-US&gl=US&ceid=US:en,University of Maine System,0.6369
University Climbs in New U.S. News Rankings - Christopher Newport University,2022-09-12 07:00:00,https://news.google.com/rss/articles/CBMiY0FVX3lxTE9xei1LR2x6RExlTFd0MWVqN2ZsQnBMNzRPdXExVnFCeUZCX1o3bGNldGQzcS01NWZpMWxFZi04R2NOZ1NVWm1NTTNzSG1PNTVBaDRZMnpNWEdxWmFXYkZSb1pnNA?oc=5&hl=en-US&gl=US&ceid=US:en,Christopher Newport University,0.0
"U of M Twin Cities ranked No. 23 nationwide, highest in 12 years, in U.S. News and World Report rankings - University of Minnesota Twin Cities",2022-09-12 07:00:00,https://news.google.com/rss/articles/CBMivgFBVV95cUxNbWxvN1hzWkZDZXZSX0xERW5GcGlUaWR0OXdXaEVKOVBMSUlHUkNXWVdtcHNLUi1YbFZ2emFIZ3MxWTUzVDNZNXhBUTVfQnl0dHhNZUc4dHJDUFJ6NUFwS3Y5T3VVV3Nva1dZYmxuOUZIa25hSV8zZHNrb3BaNkRFREFraDQzdnMyNnRNTkw1d2FVQVh4U0JBOXlXVEljVi00ZExESTlEcUtVVUxzbnRiUV9uczFJSFgwZ29BTEZR?oc=5&hl=en-US&gl=US&ceid=US:en,University of Minnesota Twin Cities,-0.296
U.S. News & World Report Ranks Franciscan University of Steubenville in Top 15% of Midwest Universities - Franciscan University of Steubenville,2022-09-12 07:00:00,https://news.google.com/rss/articles/CBMiwAFBVV95cUxQU2Z2SnVNaV9yVXBKSWVRREd0cEh5MWxIeGFDTE56ZC1PNExsYkZhbHVkNDhaVGxHdG9mR1c3enE0aHRoNnkybmo4ZGJSSnJjUVdsdlp3ZUpMNFFLblA5aDBEWmYxNmtXRVRSVmg1bDNPVU9MWEtMUU1HcDNIOGQ4blF4Z0xUZFNWSElMWXJjLUlob2h0Snl0Zm5nUHE4S2t4ckNlTzNKUTVlZkhwWnlYZGE2em5abXFqMk9ZdVpEVTc?oc=5&hl=en-US&gl=US&ceid=US:en,Franciscan University of Steubenville,0.2023
UDC Ranks #17 in U.S. News & World Report Best HBCUs—Rising 13 Places From Last Year - University of the District of Columbia,2022-09-13 07:00:00,https://news.google.com/rss/articles/CBMiswFBVV95cUxOYW1aZGxuYkhpZEhPMG90MTdNMGotSHJDdmFKa09XQ0ltMXpSWHZobklJS0daeHRxX25WUWlRS2syOVFMQm5fem5odERIV0VVZ1d2Ny1KZXhEX1EtQ3BsNl9xWkE2NkJhLU9vVHI4V3FMOVlQLUNPTnB1UUk2UjBOUlZ2Z1gzMkZnd3VIU3UwOHRBMzVfNEVCWV82eWkzZTFtdWdWSmtqUFpZRnpMM25uVjRrVQ?oc=5&hl=en-US&gl=US&ceid=US:en,University of the District of Columbia,0.6369
U.S. News & World Report Ranks SCU No. 55 Overall and No. 14 For Undergraduate Teaching - Santa Clara University,2022-09-12 07:00:00,https://news.google.com/rss/articles/CBMi7wFBVV95cUxQRkZsT1hPaEZlcTlSV3lRSk5ySjVnYUcwUVR0QWRrOGVEcWFwSWFXaDFoX2d5U1R2WXVkQWtIb1hTcEFwR1RXZUh4VVdmNU5uN29wSFN0eWhvSHFDWUlNTGJ0OGwyVE9RVHZPeUNRRXlKcXVfWTZxN1R5VkNUaWM0d0VYMW1id3ozU2pFeHFwc2o5MDcxemlNXzlrQk1jcThMUHRVQkdDWVVVWXFyaUZRQ2pzQWY3UEc2TzZGc3Frd190MW81eUR0bkZzbnJvMFRBRHlPNTBWTzNZbTFTNFN1ZWt4MFhsbjdRSHk3dXA3dw?oc=5&hl=en-US&gl=US&ceid=US:en,Santa Clara University,-0.5267
EMU ranked among Best Regional Universities by U.S. News & World Report - Eastern Mennonite University,2022-09-12 07:00:00,https://news.google.com/rss/articles/CBMioAFBVV95cUxQZUdfT3FCemczN1hpSFdORmd0dlMxWDBkZ0pJV19scmhtb3pjWWxOd0JyOXZlU1RzajlBV0VKa0J1OWRLdkp1TjhkbTdFMFNlbHJSaHFhSkxCVFpvaGZKNmNHaHk4cUxua0FlUVZjcjliUWUzaXRqeHl5LXBqSV9pdy1Pd1RlWTR2RC1Ma2kyRnlxN0RFZlBSV1QycGRtSDAt?oc=5&hl=en-US&gl=US&ceid=US:en,Eastern Mennonite University,0.6369
Iran: World must take meaningful action against bloody crackdown as death toll rises - Amnesty International,2022-09-23 07:00:00,https://news.google.com/rss/articles/CBMiywFBVV95cUxQNnFvLV9tNUxsY3EyNlhxemRUd1UzQVkxNDJXSkdqR0FmMTFnT2pSRDNFdGlIUVlVcGlKdzVEMmliTXV4R0ZwcjhFTGlfQzZhRVNrUnh2MmI3cDNZRFE5dXpDVl9IMWI3RVczem1jMmRqME5WbklLZ0N2THFLV1ZsQUhmb3lhZFQzclVxWEdrZDVhWjN0N2RlZGRlei1icHlUSEQ4TW82SjdmeENLT1FCWmVqU3ZaVW1wcUlLa3BUeWREWlBIci03aTE1Zw?oc=5&hl=en-US&gl=US&ceid=US:en,Amnesty International,-0.6705
U.S. News & World Report selects Miami University as a top 50 public school - Miami University,2022-09-12 07:00:00,https://news.google.com/rss/articles/CBMisAFBVV95cUxPS0hlamxEX3pmZzBkb0dJaFV0d0ZYQkhpSW0yd0dhU000ZW14cFRrTHR1ZU9lSWtKcFFMcklnRlZTU1dvMXhzaFNTNzZvdkk1aU0xcjB5UVJnQmFaRWRCRW1iR0ZXZDlveGM0TU1BajZ5WXFNMW9rZnJWVFZON0J0cHdRc01jYkJhZTFtVkk4djNqOEZsbzlDcmdjVndvcnVXUzhaWXdBcl9xZzdWdFBLWQ?oc=5&hl=en-US&gl=US&ceid=US:en,Miami University,0.2023
Berkeley Engineering lands No. 3 spot in latest U.S. News & World Report rankings - Berkeley Engineering,2022-09-12 07:00:00,https://news.google.com/rss/articles/CBMiowFBVV95cUxQVndQVmV4SDFybmVrMlJKZkVid1JJVm5SSUZVcUY5MkU2cHNkRlFDODU1OS1PTGt2SUVfNXpSVElsYjNJTElJVVRwVHlXcHhUdU9XN1lPVkpiWndrTElWc204UV9USlZyM2NCQS12RkhVTFZNRGlDb1A0WkYtbTFOV3o4TDdNU3ljVVJOSE9ZZlJBM1lqV19DUnUyWGhmU0M0cEhv?oc=5&hl=en-US&gl=US&ceid=US:en,Berkeley Engineering,-0.296
ASU named No. 1 in innovation for eighth straight year - ASU News,2022-09-11 07:00:00,https://news.google.com/rss/articles/CBMinwFBVV95cUxOa2I5VkJMUk5Lb2NrZlJyaHlvWERKSTdVTldGLVlJa1M3Q0FIV2ZWWGtfcXBDS1JqSnpTSlZ6NkNra0RmV0RqcXg5ZWVPOVBmRk1rVEhQeGo0eUp5VER5MklnaFQwcUFvMzJTa3JDWUQ4WGRuc1dPa3RydHhMMlIyZGJzTUIwQUliaWVYQjh6WlU1X3hza29qcHRzNVh0QjQ?oc=5&hl=en-US&gl=US&ceid=US:en,ASU News,0.3182
Carleton College moves up in U.S. News and World Report rankings – News - Carleton College,2022-09-12 07:00:00,https://news.google.com/rss/articles/CBMipAFBVV95cUxOTlQzX3oweUtRcXBiTU9pZE85d3RIX25yVXFMeXpsWlJtakI3NjVGb2dhWmljV3FiMTJYZk5GSzBpakE1RWpyRFJsS0FKT1RqLVdFQUNNRlFLN1FCa01ibmkycHk0TkFXam9ZRjhHaFNVTWZfdEF5SXBaQjVEd1hLa2NGQmJ4SGtmZTgwcFdYY3JRZnVjdWNvV2xYeGlFWjB6OTd3dQ?oc=5&hl=en-US&gl=US&ceid=US:en,Carleton College,0.0
Keene State Is Named a Top Regional College by US News and World Report · News - Keene State College,2022-09-12 07:00:00,https://news.google.com/rss/articles/CBMiywFBVV95cUxQa0U3Y0MzR01qMG90bzRDYWlrNmVwU0hCcVloRmFkWVpQSTRaZWJmdGhCX0xZaUtQZDlscmxVOE8yNTV4LUM1Nk5ta2lVMi1na0FoNlU5WVFiRUtrNUtYejhzRmhMLTBRRFJSNU95UVdDR0hFSDlZVXJIQlRhNzlmLWtvX2IyTDJoTFE0MDlpcWZveFJBTlJ3SVJDcFZScEYxUFUwTzhiZlVXbEg5SzYyS0NXVTNDQnAtTUVFNHlRVUxYOWdvczFEOWViZw?oc=5&hl=en-US&gl=US&ceid=US:en,Keene State College,0.2023
Chile constitution: Voters overwhelmingly reject radical change - BBC,2022-09-05 07:00:00,https://news.google.com/rss/articles/CBMiY0FVX3lxTFByOW9rSC1UdENlV1I2cmlBTHRWdU9PWDE4U2tWeFBtYzljdEFxNFVFT1ByZzFlUGpFZTFHcG05QUpndkd6aWdoZGFUcUIwV2l2ekR4WXBrNnhjSmkwUFVhQXFlWdIBaEFVX3lxTE96dU9VWVRnd2FBYlVsWUtGT2tqQnNMN2lmUU5nbFdfYXZUNmRnS1NrcjRjMlduSjFUaGZhLXEzWlkzQW94NGZXXzIwa09FdjE3ZUdNeFY2elMxM2VmYm9rdllwLUV0Q3A3?oc=5&hl=en-US&gl=US&ceid=US:en,BBC,-0.4939
Georgian Court University Rises in U.S. News & World Report Rankings - Georgian Court University,2022-09-12 07:00:00,https://news.google.com/rss/articles/CBMikAFBVV95cUxQUTRDT1A4TWU5bVQ1VWZLREpLaGFwTENoRHM4NzczTXdsTWJQQUdTaG82ZmlmR3JMMTZIdFFoMnFJbXJOUU5TNW9jZVFwSDdzUmxaNGRSYUFUalJtelp6WUN3VU9FY3RyM0FJaGNBNTJIUE01LWdncGhod3EzeDlseE5oeGdPTE9WeTFUaDZfWTA?oc=5&hl=en-US&gl=US&ceid=US:en,Georgian Court University,0.0
Texas A&M Sees Gains In U.S. News & World Report Best Colleges 2023 Edition - Texas A&M,2022-09-12 07:00:00,https://news.google.com/rss/articles/CBMiswFBVV95cUxNcm1KaU02ZW9hTlNOekZ4UmtwMWxxTW9jWXpMVVIzQV9qNTNkeFRCYjR2eUlMdWN2Sy05dWZqLURQS3ZrLTdFTlBONkJFZ0lMQnEwNGtRWnNPYXhzTHBnSml1dHRwZ2NmUFlHal9UXzVlNFNrcERpTk5OMDhoUEhITXhBU1l2dVhOcFEtTG41eXFHLWs0SS1uNGx1MzFCT1Z5elpPOEUzRHIwZkx5XzRLS3RXQQ?oc=5&hl=en-US&gl=US&ceid=US:en,Texas A&M,0.765
U.S. News and World Report names WU on ‘best college’ list - Willamette University,2022-09-12 07:00:00,https://news.google.com/rss/articles/CBMifkFVX3lxTFB4YW8xandVa3NFMTVHNVQ2Z052czhDSFBrUWYtd1NHMkxSTlNzM19PMFhYdElIU3RhN0VmNklQYTZlOFNYQk9zTE51bGYtZENRTUp0a3BnVlZoV1NnQVg1M1VUQS01bThreUtvMlUxY1hLR1h5S1VoTFBGQ1V6Zw?oc=5&hl=en-US&gl=US&ceid=US:en,Willamette University,0.0
Uyghurs: China may have committed crimes against humanity in Xinjiang - UN - BBC,2022-09-01 07:00:00,https://news.google.com/rss/articles/CBMiV0FVX3lxTE0yNnNfNUdvalM3S0hYZUszdlJBbmFCLUcxU1k0S2NPSGdCRnZXeHRNMzFlb3NnZjJJRV9jREFUX2RBeUkwTEU4TEx0T0JHUkRha2hGb0dWc9IBXEFVX3lxTE9nenVzN2kzOE96dU1qRHM4QWJMQWphQXk4czFYX0lkd2NUdFRFcWNqVTJXZVgzNXpub0Z0Tlp4V1pvd2d1RUhxZ052bjIwSHhjQjFlNDhacDhjZXI0?oc=5&hl=en-US&gl=US&ceid=US:en,BBC,0.2732
WHO calls for urgent action by countries for achieving Medication Without Harm - World Health Organization (WHO),2022-09-16 07:00:00,https://news.google.com/rss/articles/CBMiuwFBVV95cUxOMU9BWTlncTZXWVpuclNWSmR2VENfSVd3c3NKRlNwVVlRR1NCRWh1NEx0eUFHdG5mbTEzeXV4dkQyQ29xbm1PeHNMdU0ydUR5eWdTSmQtbXl3THlaaXk2MERKTWk2MG5aOTUxQUN1QS1uZnBzWTRWNWU3alY1VzJzeGc5NkFDSlBuelBRQV9XOVQ5aTlhUi1wWUpMaUVpbDlKMG4zYUZtMjMxVC02Y1YySU05bHZ0WlFzZExz?oc=5&hl=en-US&gl=US&ceid=US:en,World Health Organization (WHO),0.5647
Biden again says US would defend Taiwan if China attacks - BBC,2022-09-19 07:00:00,https://news.google.com/rss/articles/CBMiV0FVX3lxTE5GWlVENm1EMHZfMmdTZlBFalVjWFRGd0dPUmhfMC1mVFZtSmFieDI0bHBFOUZrbmhrTV85b3FrUTBnbG83VHJ1QjZPUGo4dUY0UGUwbWFyUdIBXEFVX3lxTFBSTHA0cE83M3YzUkNLNUNJZTBsMGJkTFF0OUNOLTl4ZHZ4ZlhOZ3MxLUZ5cjE3ck5CUDNqdUJRVjRIeVFfRDRpZWMzdXNuNnN6UGx5ZkgyaW9ockpv?oc=5&hl=en-US&gl=US&ceid=US:en,BBC,-0.4404
"World’s whitest paint now thinner than ever, ideal for vehicles - Purdue University",2022-10-03 07:00:00,https://news.google.com/rss/articles/CBMiowFBVV95cUxNc0tDM01sSHMxc2xidlNPU184a1g0aS1qTlpVdjREOTFlS241aUhRXzI5VFVRUDRfSzdIQ281Njh5Qy1HUmlqcllTMThhc2RvSUlkZDlaN0E3Z0NhS1IxVDhGYXhtLVJTX2FvZ01fLXZzSXJpX1ZZcmNybTdsVlNWc0hCVy13a0EzNjFEVE14MFNXcmtYVFVXVW1VMEpyUmlJZC1J?oc=5&hl=en-US&gl=US&ceid=US:en,Purdue University,0.5267
Good news stories from around the world – October - greenpeace.org,2022-10-27 07:00:00,https://news.google.com/rss/articles/CBMiowFBVV95cUxPajdUQnB4MHlVWmRWV1JhckRtaEFVY2xWdDJNZHMzZUVBMW9ydS1hT1JQckZvTWl4T0dnM1ZxdzZmeGxUbWxwTUJoX3lnUm9pMFFYcjJTYWZNWEdib0tTT3QxNGdQVUxfMVQ4RVQ0cElTWXJsWEVVQkxIUmVnLWJpdmdmNDJ5MExmZExVTk94U0lLSGR6YkVaR0tyeF9qQ2d4VUdN?oc=5&hl=en-US&gl=US&ceid=US:en,greenpeace.org,0.4404
Towards stronger food safety systems and global cooperation - World Health Organization (WHO),2022-10-17 07:00:00,https://news.google.com/rss/articles/CBMiogFBVV95cUxOZS13ZXNBYWxWMEM3ZGFZUGl4V3VsM05yRnVYVWNhTm1yRGhXek0zdHNId2lob3Q5Q2NiTk5NOWNOT2o3VXhNVVlLdGVpeUpIYjB2ZDQwZmhBRnZSdGRqNGV5cDdSNlZaMEJYQkRIU3lOTE1wM2dId1pGY2JqX1BFZDdSeG0zU1o4TXNrQ1hRam5DU2dhNml0NERCZDBTSVBuY0E?oc=5&hl=en-US&gl=US&ceid=US:en,World Health Organization (WHO),0.6597
Climate Explainer: Food Security and Climate Change - World Bank,2022-10-17 07:00:00,https://news.google.com/rss/articles/CBMiswFBVV95cUxPNzdkTnRHdFdOOFN5dFdUYlgzT2hlVkJzQkdpRHNpSUFCTmFHRHpVR2JSeUJTNERxeFVHZGQ4SXJfUzJzaTZRTVZOZG5vWVpsWnhOcjVBdTdIbm1KR293cS1NTG8xZng5ZXM1akJEa0h1T3VsSjBPUE1RdFNMSjZrUWVmYXZDc3ppTUhSUzdlc1RrUUJZRnRJUEtUbUI5SjE5dGs0UW9qUFRHMURNbFhoS1h4aw?oc=5&hl=en-US&gl=US&ceid=US:en,World Bank,0.34
The global energy crisis ‘could speed up the green transition’: What you need to know about energy this week - The World Economic Forum,2022-10-31 07:00:00,https://news.google.com/rss/articles/CBMijAFBVV95cUxNVjhNdE9zYjhHeVVUN1k5aUdDQ0Qwa1B4ZHhVLXdqWWpMUENCVEdhQ0laQWhWMjBacGU2NWFZQ1Q0TmgxWjI0M3kyT0NVN3dnR1BMakp0eHVMU3h6ODFGeG1DeXVGd1ZYZDRMRTdQQ3J6T3VZVC1RVE9zYlNHOUt6NmNrUVNvbFhTcm14Yg?oc=5&hl=en-US&gl=US&ceid=US:en,The World Economic Forum,-0.2263
World’s first stem cell treatment for spina bifida delivered during fetal surgery - University of California - Davis Health,2022-10-06 07:00:00,https://news.google.com/rss/articles/CBMizAFBVV95cUxNOENPNExCQnFKclR5MTVmYzNuUjltclk1YTl1azluZGhiX3dSUU5sRXJFT0NLYmQ4cXh3MWhCelJoY0M1MmxETlJnUXczT0NGMXNvbm1xb3NuMmctTDdURy1xdXRUR2dYYm1WWkhKc1ZFRFE4Sk1McEQ1azQ2a08zZDRudnFHZlpULVBwYU1fLTVQR3VGMDFwcENHWkhMamdmVWc2VUtLYXVhMU5lNTI3SGpET3Y2OHB5djJQcVpjcXVST1VIc1BBVEctMDI?oc=5&hl=en-US&gl=US&ceid=US:en,University of California - Davis Health,0.0
Can we slow or even reverse global warming? - Climate.gov Home,2022-10-12 07:00:00,https://news.google.com/rss/articles/CBMilgFBVV95cUxOSTdPOEdwUXNrTzA5X1J4cEZtNlFaUU1wOU8wR1VpUEcycm5jZ3lQOVhPM1VudjV4OTZia1c2R0xUaFFvWERKWGV6WGczRjJZYzNVUG5HR3BLZ3FSdEp4UVRGOU9rY1BCRmdNQmJrbnhYYzIxWGxlamp3eTR3WUhpcEhjR19ONlh5Vk1hSlhSelRLSnB0MEE?oc=5&hl=en-US&gl=US&ceid=US:en,Climate.gov Home,0.1531
U.S. News & World Report’s Best Global Universities Rankings Place UT at No. 43 in the World - UT News,2022-10-25 07:00:00,https://news.google.com/rss/articles/CBMiwAFBVV95cUxOTGxiYWRYV2pGUnlkU3llYk9IWEkydVctLWJjeTJtUWtGNEd5dFVOOHRrakNDZklUZGtzZV94Y2ZncFh0bXN4bGhoMjlpTEk1RUNYQnIwRTJKRlhjRzVJRHpXR2NXTGlDc1poODhTLTNJekNzWGNtOXpSMUs5cHYtUzlMMmhrcFc4NFg3RlptemRCOWxqX1JRd051b3JjTjV0UlUybXd4Zm5uYTRpbzVFQnN1Sks4SEd3ZmpiSTZ4Y0I?oc=5&hl=en-US&gl=US&ceid=US:en,UT News,0.4588
World news in brief - The Church Times,2022-10-14 07:00:00,https://news.google.com/rss/articles/CBMijgFBVV95cUxOS1F1VFJFMGoyYThqcms2NzFuMExzUXE2Wlg2M2tOWUM5ZnE0UzJmbFdvTzlZdmZYSllMM1NMcFFCbENXdzhTeHA2OHpRZGtieGx2dHZKQ3BRdS0xT2ZLUWZtUzRQdDdDTzlEU3pUVGthdXpuRXlqWG4ydmN2amxBazZxQVpHOFB5aG9fQXV3?oc=5&hl=en-US&gl=US&ceid=US:en,The Church Times,0.0
TikTok profits from livestreams of families begging - BBC,2022-10-11 07:00:00,https://news.google.com/rss/articles/CBMiUEFVX3lxTFBHbmU0YVRsRXI0UkI1ZnU5SGtyTVBCZ0JFQlU3SUh1ZnkxZkdvU1ZUTjVoZWZ0eXc5SC0yQlZLZjd4cUF3RV9aYVExRDR2TWRW0gFWQVVfeXFMTXZpeHNGb2tyemlLVDN6RnQ4VzlNTkp2bF94ckFHREI2UFZDeW9oZWJoWTdOZkZnVEtYWlloMVZOakh1ejJIY0JwREhlR0owVS1zUFM2Q3c?oc=5&hl=en-US&gl=US&ceid=US:en,BBC,0.4404
"UWN celebrates 15 years of independent, in-depth reporting - University World News",2022-10-15 07:00:00,https://news.google.com/rss/articles/CBMid0FVX3lxTE1yUERlN3ZxenlOYnZncmlPN0paLXQ4eU5ldWFkMklBTUNYbWVnTFVoWko5UHRxNWhleUFrdFhQWFdaMTNYRERwbG5zUUlYOV9VWnd6cU9vMGFSSWlvTEhqU0hsNEltWjFnOXhPMWIyT3NkeWhKMUsw?oc=5&hl=en-US&gl=US&ceid=US:en,University World News,0.5719
UW-Parkside Ranked #4 in Social Mobility by U.S. News & World Report - Universities of Wisconsin,2022-10-17 07:00:00,https://news.google.com/rss/articles/CBMitAFBVV95cUxPUHc2eWczT2NDTTE5b1FpcjlBNjItaHNXcjU1N21iVGw2Unp4aDNSOUhqWDZma0RBX1RmVHROSDZTTnY1SWlSUmVfS2dKOTYxTER4M25SdnFuYzUxOXlHdDhDRWM3MUk1YXJNVDEwSTBSbXRWdzN3Wmg0UDIxQi1LRjI2bWJ5OHFEOVhDTC12aGNnX24zZVMtWnFNLWpCYUEtYlJtcWZhTEY3UnZxODVIT0xYZDU?oc=5&hl=en-US&gl=US&ceid=US:en,Universities of Wisconsin,0.0
"‘World News Tonight With David Muir’ Is America’s #1 Newscast Across All of Broadcast and Cable in Total Viewers, Adults 25–54 and Adults 18–49 - dgepress.com",2022-10-11 07:00:00,https://news.google.com/rss/articles/CBMijgJBVV95cUxPSTBpU2N2akhxVjBNUEYxc0hQNlpjNW80WnBRYWVnMDlLa0tZTDBzOXVfQlkxYjB6UHloMGxsSDExTHZQT3ZobDQwRFl1ek1BYzE3MjcwT1ZJaDBSX25KRUoyOGM5d21lblprYW1DUXhZc21FNGd0Q2JiaGtJaFVxcUprdVNQUFJma1lEXzZ1UTZ5X281RGhUWm0zN0x4eF9jYlI5SGlVS041a1F4enNVQWZBYVdwVzdxdGJGQUxlMFlzNkpIdWRvSlpPbUR2Y1k5eEtySGZKamlqQlhEbWJ0Vzgya0ZVeEdZQTNqejBtLWVkYWRKV2N5OGtFVUc0NUFtbWxtQmxMajBCVGx6WEE?oc=5&hl=en-US&gl=US&ceid=US:en,dgepress.com,0.0
The World in Relief on ETOPO - National Centers for Environmental Information (NCEI) (.gov),2022-10-27 07:00:00,https://news.google.com/rss/articles/CBMiXkFVX3lxTE1fU21LcldpbHh4NTBKaGF6WDJ1UXdYSlZSdG14ZVlVTzdXTXE4MW9xVXUxWUVqVXpsYzU4ampJTi12X1M5dUtyTWx6WlVXQUo2aVV1SldyUnpGSUprbkE?oc=5&hl=en-US&gl=US&ceid=US:en,National Centers for Environmental Information (NCEI) (.gov),0.4767
Helium shortage: Doctors are worried that running out of the element could threaten MRIs - NBC News,2022-10-22 07:00:00,https://news.google.com/rss/articles/CBMiugFBVV95cUxNcnFyTmcxOUhfeFNTd0dBWFZjbC1ISUlBRjVpbzFOZTBPRmhZMXF2c2pVSHFkeGVQOEJuX1BBYWE5aVBWN09tV1ZPNG1IaG9kakhFc1dFZmk3NWFCYWw0LXoxUTM3ZU4wYkw3RnMxcjhpbXBjc3d1SkVHSzdzN29TQTRuOVBJbjAwQkpjRnNtRE9RSkN5Vkw4c0pvaVdlTmd1V2pOQUNPcjJpeENadnZ3S0g3U1B2M1pCQWfSAVRBVV95cUxQcjV6T2ZVTm8xRlgzVXoyazNpU1J3WjFPNVhFZFdaWkdtTmU0ZWxkZXVJam9XNlAtUXNaR2FsLWdRX3cxRGxDMXozYzRTRjBIbnR3Tl8?oc=5&hl=en-US&gl=US&ceid=US:en,NBC News,-0.7003
Brimstone Sands Release - newworld.com,2022-10-17 07:00:00,https://news.google.com/rss/articles/CBMid0FVX3lxTE9DQ1FhS0FLZXpYSk5RWkpjN2RNTVBtVXc4VlVhRy1QTWxYVlBta2xlTFNFUXFFTDlleERsb0dNU3QwTmJxcE4zNlVoOGJHQXBtX2tsaWZGSlRqN2Q4NXZvcTZubmVEVDV2cG16OEVXRWRQcWNuM1hZ?oc=5&hl=en-US&gl=US&ceid=US:en,newworld.com,0.0
WHO highlights high cost of physical inactivity in first-ever global report - World Health Organization (WHO),2022-10-19 07:00:00,https://news.google.com/rss/articles/CBMitwFBVV95cUxQYWZHZ1FwQWhhM2M3V2pqcl94V3lHQVJrNVdJSlFCU2JRYmp6d1VFcHE5cElBd09IZVdraDh0aDdaMUl2NmM0SVN1bVQtZFFYMjl3enlPdTZ4cFUybXF0ZTdMVi0wQkZKOVpTWGlwVFcxckNSVDdCdjVfVVpHNHlYbzhxYmRpRm1yVnQ3dEt3clRWd3NVaHZvZmx6VllhbktyVTcwQ0s4bzFWS3B6b2V5M0VJZGtJZnc?oc=5&hl=en-US&gl=US&ceid=US:en,World Health Organization (WHO),0.0
China’s Transition to a Low-Carbon Economy and Climate Resilience Needs Shifts in Resources and Technologies - World Bank,2022-10-12 07:00:00,https://news.google.com/rss/articles/CBMi-wFBVV95cUxNeGpFMVFFUzNpODN1dEkzeWtrWEdxLVFYQmdpVFNpVENTWktBLUR6NHN6RDh2dFBVVzhVOWQ0SnRjbXhTNWVaQ0dIbW5PVXV2YjZxMktQRHpKbWd0SGMwOEMtNlM3alcwbnFxaUttMlY1cFA2VU1xS3dOQVBOamFzNVVfM21BTEEyWmlTaEMyeERuMHlFZHZSR0R3VjJzWmZ2T05YbDNCRkc2X1RZenpQc18wd0lvam9KUFFsRmE3MmJzUHZYSzYxUFJGZmNlbjE2OF9RNmlQejhtejZtS0EycUs4Ym5lVjNxUXhRNGw0Y1RrcGpYQjdnTkpScw?oc=5&hl=en-US&gl=US&ceid=US:en,World Bank,0.0
"‘World News Tonight With David Muir’ Sees Largest Audience in More Than 6 Months — #1 Newscast on All of Broadcast and Cable in Total Viewers, Adults 25–54 and Adults 18–49, Posting Double-Digit Gains Week to Week, and Increases Year to Year in Al - dgepress.com",2022-10-04 07:00:00,https://news.google.com/rss/articles/CBMirgJBVV95cUxPTFc3Q3ZxTzdaTHR1YmtSN3lxSEJIYnhEOTdCSTIwd1RpYlEwcVNNdXRnNElxLU5QOXllU0M5NVkwTi1rOWtBd3lWZWhnTU1PTG1TSDk1cTFCN0F0UTMxX2RyWkVrT3JXbE1jUkdIUEsyY2tMT1lHQU9xVmp1M1YxZmxoOWNfVklFNjh3LVV3cTJNVUtSN3hFTEJua3AteUdPSi01TVNrSlg5RTkwTlpsVnRPV0FFbmtNV3FpcHNjMlZfdXctbGVrOTFIcWxjeUR4QlBjX3lqSnFua2VpclB5SnpsTkpucjZZOUZZRkRMNEo4Q29YZ0xkTlJhcnBFc3M2UmpjR1JIUkpIQTFLMzVJT0ltYlU1SzFBZWIwcy1aajNVTTk3VkxnS2NKSEw5UQ?oc=5&hl=en-US&gl=US&ceid=US:en,dgepress.com,0.34
One Health Approach Can Prevent the Next Pandemic - World Bank,2022-10-24 07:00:00,https://news.google.com/rss/articles/CBMipAFBVV95cUxQTjE1dHBvY05xMlZNNkRENHd1TXV1OGNfUWIzMDhibUxzS3dGeUJYSkJJQjRFLVFFTmo3aUVYdWNDbHVyakFOXzA3ZmlQeUhQUkFmWlVHS2hldVAweWp4eFpGbGJ3Y2JjYWU5UWthd0hyNkNWZWtpcWFQNnhLbjZJTFMzQXZJYTBNUE5Pc08xZzl1RGVQY2dKYld4TXRaZHhhT2J6OA?oc=5&hl=en-US&gl=US&ceid=US:en,World Bank,0.0258
Qatar: Labour reform unfinished and compensation still owed as World Cup looms - Amnesty International,2022-10-20 07:00:00,https://news.google.com/rss/articles/CBMiwwFBVV95cUxQSXRobkNwYjlsMmhmNDFLU3F1SnpWbjAyQXNNcDEzTlNvUHZ1elc0VFp4YmxMWDQ5MzJXSEEzejIySHVOSDc2Q2R3aHFfbHNMMW9wUU5OQXFodzRWSlR0LUZEYmpPQk5kQ3VEbHJHaGJSMUpzX3lYZTRhR0FnT3pobDMtUlJWT3JXdTgySXNaaFZzTjdsckRXaDVZdy03OW01TXJmWEZPQ0pma0VtOTdRY1VYZGFQdnJVcG15MlVQbjN1OEU?oc=5&hl=en-US&gl=US&ceid=US:en,Amnesty International,-0.1531
Do I need a VPN? Stay secure in the online world - University of Alabama at Birmingham,2022-10-03 07:00:00,https://news.google.com/rss/articles/CBMikwFBVV95cUxOZEItcjJZNGdsQXM0bFZkalVSTWkyNHh1d0FQYmotc1VyMENmU3c2aktVZ1VEN3hjc1NHZGlXdWVFekl6ZVZUbThpMHNTQ2ZqdkVNNjZzTkJFTjU5SGNQX0tZNXNrV0hyMndOSVQ4ZlVsaHNOdzVIV1diZ2lfSWtVMGszU1FMOEhka2QwaUFCNWFidFE?oc=5&hl=en-US&gl=US&ceid=US:en,University of Alabama at Birmingham,0.34
Global leaders commit US$ 2.6 billion at World Health Summit to end polio - World Health Organization (WHO),2022-10-18 07:00:00,https://news.google.com/rss/articles/CBMitAFBVV95cUxPblQ2bDVJTHJLeklob3o0UHluZDhBSzNaT05zd2hOcVMySnlYM2ZMZi1LSlhMamZJcnFROHplNkZleGZJZHdDV3BoY3QzV0dDR3BzajBRMjJ1LWV4YUhqUVQ4SXU2WlZlQWlOVjdRZk5GZDhvYUVPdnJ2OTFoemRETWlnbW93SDFpN1lRbXFwY01YUkZvcDUxeTgxMmdscFUxaWhHRFJCR0g0UURSQmlENm90enE?oc=5&hl=en-US&gl=US&ceid=US:en,World Health Organization (WHO),0.296
Xi Jinping: From Communist Party princeling to China's president - BBC,2022-10-10 07:00:00,https://news.google.com/rss/articles/CBMiYkFVX3lxTE1BRzhhVEpSYVdhT0xtdUF0X3hUVDNCbTNUWTAtV0V6LUItdmtIZmFhRmJrbWNNXzJLZ25lVldHbWFPZnc2TjJ4emhLbEdFMmhfVWVnYlpybWRzcXlTN3NDeThn0gFnQVVfeXFMTkpTZ2JMYTAxd3dmUVlfYnNpTk41ODZFMHU3RE1ORDV3NWpyczZDc3M3Q2VTVVZUQWJtZ1U3QnI3dDRVVVUyYXVURUlaQkNZdFFoVk5LcW45NlhSdEticFJhNGpRV0t0TQ?oc=5&hl=en-US&gl=US&ceid=US:en,BBC,0.4019
WHO releases first-ever list of health-threatening fungi - World Health Organization (WHO),2022-10-25 07:00:00,https://news.google.com/rss/articles/CBMingFBVV95cUxQOXVwLW83QVZQb05DYXB5QUpUdmUtenBlQkU4RVFtQkRsbEE5bEUxalZnTDl3YVlFM21kQzRpcUtSOS1WeUMzS3JNcEk2V2hWd1BrOGlYOGJVbHNWYUVtanpuMjNjRzhmTFlnek9KSGJIM0JNSjdJYUtPZkFzdFVnY1E2eklWN2JqUjVfZHBkZ1h6VUpwVGlNTVRtYUo5QQ?oc=5&hl=en-US&gl=US&ceid=US:en,World Health Organization (WHO),0.0
"One Health Joint Plan of Action launched to address health threats to humans, animals, plants and environment - World Health Organization (WHO)",2022-10-17 07:00:00,https://news.google.com/rss/articles/CBMi5AFBVV95cUxNTjNqQU5VdG5xWG92cktoaEdGdUQtYXo1SGtzU1hxWjVpSk9XNWNlV2xEaXFnNThfejlycE5hN0cyaDc2Y0tMSkFjUjZLVHViLTlDdXk3aWVPSjBSd2dhdlBKUmptdkx3MGpacWhwNVJsbklDcDNTRzhxcEV3YWJzUUhxbU4wd2xhdnJTdzlDdEFJM2lmV0lDc25lUkdWVzQ5NmpQbWFVVlU4NFAzYVVOY3lzMTVLSFFTN2ZnUXFReFVOTm5OSFIwZEp3TGRQRnNGQWRiTUduME9RLWpQbElZMndWQkU?oc=5&hl=en-US&gl=US&ceid=US:en,World Health Organization (WHO),-0.3182
Caldwell Earns Social Mobility Ranking from U.S. News & World Report - Caldwell University,2022-10-03 07:00:00,https://news.google.com/rss/articles/CBMilgFBVV95cUxQODRzR3dDbXJEUHVtcFlkaVBIdGhqcTRIbXQ3X0t3eldmSHZnWmRidEJLUndrNmVlSDI3ekdhYXRlSU1GV1BzZGdIRlVYd3RsbGdLbDFXWkN4cm1HeEtSNExCOEtEZHNBbmhRWWFtLVlZalFkMFBtMVNyTHp4SDBMclFqTGhvTk5XQ3hpX1ozUEZKaUd3UWc?oc=5&hl=en-US&gl=US&ceid=US:en,Caldwell University,0.0
UC San Diego Named Among World’s Top 20 Universities by U.S. News & World Report - UC San Diego Today,2022-10-27 07:00:00,https://news.google.com/rss/articles/CBMirgFBVV95cUxOSkwwLXVQd2dWcGpTMVh6ZHNicEc2TldIQzFSM0NSamZtejhYLTlzXzdVeGxGWjRvUHB5N1JScURKZmJmblZ3TG43MVE1U2VLcjc4Q0pGdmVtZlU5NFZ4aDN2TTZhdWhmcnVDaXhyNG1lMlJ3WG1GdVIwX0NHVWs2cC03aUpzQ0stQmFpR2FLVDJ3QjZ5XzdKWVNVT090RFRrZmduVjltS200c25VMGc?oc=5&hl=en-US&gl=US&ceid=US:en,UC San Diego Today,0.2023
UN warns that half the world is not prepared for disasters - World Meteorological Organization WMO,2022-10-13 07:00:00,https://news.google.com/rss/articles/CBMieEFVX3lxTFBWRVlIRDJ3UGZJdElUNWRfMm1yR1FOTFR1aTlvNnBtWHdfNng5UURJTnJ2ZGpaR1I4bUQ4NU41aGJxdGdfRmVqaGJvMnVvdy1pNmVsRjVTdk9KaUZzcXBzcW5FaDZBbTZBUjhHbnpPQzlIWjhla0JMNQ?oc=5&hl=en-US&gl=US&ceid=US:en,World Meteorological Organization WMO,0.2163
3 Questions: Blue hydrogen and the world’s energy systems - MIT News,2022-10-17 07:00:00,https://news.google.com/rss/articles/CBMid0FVX3lxTFBIN2xVLURkajY5VjdVT1VXQ1ZBQzBMdlFHTW1zOTV4Q3FJWVZVMnhockJ2dnluVWcxdUhobzRDVm5FWUJQMm1kRzNhT1BxbVdnQmFlTHhmcDZUbEJnODRXbjBFbXhIaC1KWjlJd0RyWjB5ZDBrZ2Nz?oc=5&hl=en-US&gl=US&ceid=US:en,MIT News,0.2732
Who is Giorgia Meloni? The rise to power of Italy's new far-right PM - BBC,2022-10-21 07:00:00,https://news.google.com/rss/articles/CBMiWkFVX3lxTE0waHhTX0NEX0dNclZKbUtWLVJTcjB1UzhJYVo3SHltNmRjdXFpb2RIT3U0Y1U1RmhqT3M2UFdtdnl0eDhoVm9xcUo1aEdhM1gtY0VTZ1VDeUhBZ9IBX0FVX3lxTE9sNDVHUWdyQWNKajUtMWljeE9KYVlqOXVQOUdtaVFhQUhfalFJWEtFdFVPWnFiekd1cGJoVllsZ3hjaFU4eDZIRUpJSVg2ck03OHRUWTlaSVVIY0x4UHl3?oc=5&hl=en-US&gl=US&ceid=US:en,BBC,0.0
Tuberculosis deaths and disease increase during the COVID-19 pandemic - World Health Organization (WHO),2022-10-27 07:00:00,https://news.google.com/rss/articles/CBMirwFBVV95cUxQWjZMMHdYWllkTG5Eb0JxSWRaSmdqTEdPRG5YbFNhQlpSMzVJY1lJYTZ1ZXlwdGVrOVNhdUFoNkdhSEo2Wld1SklBUENQT01DNm9EQmdwV2pSXzExUHo5T2EyMG5ocG9RNjBlY21uaW1fbWprUm52YzFFR3p5d0ZmX2I5WERVMjNQcUtqeVVUWnZ0U1RlUkRJV0J2SW5vS2VUeUR6aHkyRXl4ZmhJaUc4?oc=5&hl=en-US&gl=US&ceid=US:en,World Health Organization (WHO),0.3182
What is a ‘dirty bomb’ and why is Russia saying Ukraine could use one? - BBC,2022-10-25 07:00:00,https://news.google.com/rss/articles/CBMiUEFVX3lxTE9BdHQ0bDRWejktSk1NZzg0aGtvZTU5ekR1cm5jTWhPeHlfN2ZjNnpHYTM3VndIM0hfcGFlR1ZFZmRjU25yQmJxRElPWWVaS3Mx0gFWQVVfeXFMTUhqQjh5N0NKR1VCeFBwVU5neXJRemZZTGR3UGRpcW9BdXpEOWdPRVZDQ2x6SXRHczV0VERvRHRhTjduRDFpZldLQzFjMGZud2RqOFpPN2c?oc=5&hl=en-US&gl=US&ceid=US:en,BBC,0.0
Ukraine war: World must act now to stop Russia nuclear threat - Zelensky - BBC,2022-10-07 07:00:00,https://news.google.com/rss/articles/CBMiWkFVX3lxTE9zNTRPR2t0ckI1Z1pnZUdXQlE4OWE5Uy1uM2c0TGl5emM5UEtZWW1BV3daTzFIc052UWpad25hanZraFUxT056d0lxT1k0clJRNGlqWXgwcnVFUdIBX0FVX3lxTE1pSnNEb2NHb244LVBiZGJaRDYtTTQ4aF9GTXk2VzVOQjVSUXpTY3ZUREx4UldqYjhmV081QjBfMDF5ZnZxRkN5el8yRnBoR25fWm9qamdtZlRHbjJxTl9B?oc=5&hl=en-US&gl=US&ceid=US:en,BBC,-0.8591
BBC at 100: the future for global news and challenges facing the World Service - The Conversation,2022-10-14 07:00:00,https://news.google.com/rss/articles/CBMisgFBVV95cUxOSm9pb0xOdXkxWk14dkRiUkdDSi1CMVh4R1BJRGhpM3RqOE9oUmhWaXBOempYdWgzdFhVam5zd1pFaTBkcGdtYUxGeVk5cTNSblpZdTd1S2h2SWJKd2FYMzNqZDhQbVpDUmRreG9XelRDUnFTbDB5Y2FITFZEZkNTRDAxOXBibGtQeU9rWXUtOG1XUXJjdnlMdTM1bTRYX1VwdVlIS1lvUjJiamtkTWw2eml3?oc=5&hl=en-US&gl=US&ceid=US:en,The Conversation,0.0772
Five reasons why China's economy is in trouble - BBC,2022-10-04 07:00:00,https://news.google.com/rss/articles/CBMiX0FVX3lxTE1IRnlnMXFUTHkyZ1BwOW8ybHRvUEoxbVQwTFVUZG5EZTNmX3k1S21xMnUyOEl3WUtZUGtoblQ5c285MHRUdWtCWXN6SUhjWGV6aFV6a0k3bFZlQVh0XzV30gFkQVVfeXFMTzhwMjI5TVVXQmg4VmpMMkpieTNrZ3VKbm1qX29Vc0dRc191LXRHNzNtM2R0RlVCdjhRX0NWakJBMk9DZHlQNkxMdmg2MGJDbVRiTFdBazMyei03TVZyZWFRUWw1Tw?oc=5&hl=en-US&gl=US&ceid=US:en,BBC,-0.4019
World Energy Outlook 2022 shows the global energy crisis can be a historic turning point towards a cleaner and more secure future - News - IEA – International Energy Agency,2022-10-27 07:00:00,https://news.google.com/rss/articles/CBMi6gFBVV95cUxOLUZRTjlWSFB2Z2FnbE1aU2hTU01uQUtDUTMtTDlwclZUZlA0TVdtYkxEMG0wUFhwRWhHdnFvdm1OQ2YyTWJqU2J2YXJLazJLYlpndi1ZdWFFc2dwdm9hVE5GeGFGMUZJd3A5aU1BN24wWTRlVGNycG9CdE9ya3hNMUE1aDY4RE1sMWlmZGNtY0pCU3VrYUpLZjJvT0h1dWFyUmQxa1NEc0NoS0ZoZTU1dm1zMS1ieTRnXzhkR0tpMkNlSXl1NDBXcV9KRHVWcVNuQVdUV1RYUmZlM3JzTndrOTJFS1ZNR3dVM3c?oc=5&hl=en-US&gl=US&ceid=US:en,IEA – International Energy Agency,0.5563
Putting Africans at the Heart of Food Security and Climate Resilience - World Bank,2022-10-17 07:00:00,https://news.google.com/rss/articles/CBMiygFBVV95cUxPN2J1MThsOGhlN0dGTkdzaVlZTTNwNUg3dVJ3NkhmZ0E4dmVqcHQzM1RiVHpBYS1EVHpJck9KX3RnZWR1QTBYRk9WV0tPS045elFUdFJ5MW16MWxDY1lGOUVmdFZTQVVxOVB6TGNYbmpJRm5FTTlUaEtKaHk5UkYwM2p6clhuRDU4RHk0Q3kyVW5CbDk3dXV3SWZmWklGZ1N2VTV3WFBpbktpME42eXY4MmZKX2lsVkhQYnhRSG5aVlltb0dLZWVvbi1n?oc=5&hl=en-US&gl=US&ceid=US:en,World Bank,0.34
What evidence exists that Earth is warming and that humans are the main cause? - Climate.gov Home,2022-10-12 07:00:00,https://news.google.com/rss/articles/CBMirgFBVV95cUxORUdEdFp3S2pJSVR1WmJqOXR1YU1Idk85NUU5dUhoVkNKX0FwWkR6eDZQYklPVzlVXzZtdDNOVHluVHpfRnN3R3NNczN3ckg1NXNBbEtpTmJvYzBjVkE0RlAtdldKWFNyWWUtSDM0WUFfRVNkNDIzaGJsaGZwNllZYzNGaDNCNy1vTlJsbVVLVzhXVS1QQkg4ZDMwYzgtT1lCTi1GWDYxWFdLcElwOVE?oc=5&hl=en-US&gl=US&ceid=US:en,Climate.gov Home,0.1531
Climate change: World aviation agrees 'aspirational' net zero plan - BBC,2022-10-07 07:00:00,https://news.google.com/rss/articles/CBMiY0FVX3lxTFBna181VVlKR0w1blA4NENieVhOTHVfWl9Ebkl1Q19Vci10dmtSMFZ4dlc0TjZwT3RlVUI2RnJmalZ3ek9CZS1YTW4zRUN6ckZIV1RDUTVxeHEyaEhRT3hscy1qNNIBaEFVX3lxTE9QWi1zeC1yU1AySkZfMWxuNDUydWhNX1RRWGxEckdESklQZmhlN0hFaDRvSmRzT2Qzd2ZGbmNTNVA0Zk4zeWltZGhaMEZhQXF5VlNRVUoycG1ka1hDWWtWbEZXaFVVVkI0?oc=5&hl=en-US&gl=US&ceid=US:en,BBC,0.2023
More bad news for the planet: greenhouse gas levels hit new highs - World Meteorological Organization WMO,2022-10-26 07:00:00,https://news.google.com/rss/articles/CBMilAFBVV95cUxOZENCSG1tVnNIMmRhMlN0enc4TXZzbnJsYTg3bDhONGhySDlucW0wcElpMVpsNkhhUzJ6aG9tTGVqV3lUWXJMN1lkRnZsbUU5Nm41dUxHMjdOQ3lsYktZeEpkbzh0RFN6SUxyc18tb3hWakdTbFVXSDA2eGJqRzBueGJhdS1oYnlWNmZsN0RTU2djVXNk?oc=5&hl=en-US&gl=US&ceid=US:en,World Meteorological Organization WMO,-0.5849
Ebola Disease caused by Sudan virus - Uganda - World Health Organization (WHO),2022-10-28 07:00:00,https://news.google.com/rss/articles/CBMiekFVX3lxTE1yb0JiZkI3S0JXX0dFY1d4NXZkZEZwU0J0ZGFTN0NXNWFoQzNRM1lvbjBjLUxhTXBTMDNVSHk3aHQ1Q29VZWwyM3BzTlJnYkF5a3pEdmROMF85NlNlRVF2Ym5zNzNKcXN5eUtoV2hmV3JhM1ZlNXE1aWJR?oc=5&hl=en-US&gl=US&ceid=US:en,World Health Organization (WHO),0.0
How Much Recess Should Kids Get? - U.S. News & World Report,2022-10-14 07:00:00,https://news.google.com/rss/articles/CBMigwFBVV95cUxPaHU0dGNySXJYSmxWdjNXSnJjWVIxaTJEZ0wxZ0RaVG9YTW9jTDJfczJkWF9WRzNMdm1Kc0VmcmxzUDRQMUc1bFl5OW5EVDRzYzI5dURldzJJZGh4WWJyYnR2cUxDSTcwSXp0VFVRUjl3VU5maW8wc1pyVU5FdkFFWGQzcw?oc=5&hl=en-US&gl=US&ceid=US:en,U.S. News & World Report,0.0
World language: Initiative to spotlight Korean linguistics on a global stage - Binghamton University,2022-10-20 07:00:00,https://news.google.com/rss/articles/CBMiugFBVV95cUxOS0lWYTVPS0ZQZUtpajluZWNtWGdFWEdFblFuWE9yRXYzWFdodUZyYWdPdXptbjd3ZlRkMjhNdVpPdEFOWklJMHI5ejZ5MXQ3elhBaWxBVjh5cmpRcDA4VzExYmFScjdZbXo4eG04VmdFWnpRZk5Udk5jcDc0NXlNODh1Umotejg0NS03SU5LaWpZNTNGbkQySHBiMDFLV2hCcjVGYVpfUk1PVmJEMVU5ZzRDbG5YMVNJV2c?oc=5&hl=en-US&gl=US&ceid=US:en,Binghamton University,0.0
World faces tension with China under Xi Jinping’s third term - AP News,2022-10-24 07:00:00,https://news.google.com/rss/articles/CBMitgFBVV95cUxNamF4N014RENyZGdqTFFEY1FtQ1FOMUZxeVo2UXFqaVVobkNKdU9HdlVxcVNGSnJlMldMQjZSUTF3WENiOFdSNGhCVDNxUlY4Q0RBSHJPbjM4eWh3c3NZQ0x5NTlnU0h2bzNBYzVLZy16MVY0VzJJd3B5MFFuTzNQbDE3V0U0OEZMRDZXbk95Qi1tdUppOVQ1Wm5ncDNBcWdPVW55ZnIwUUU3ZEFxNThvOUw2R2JOQQ?oc=5&hl=en-US&gl=US&ceid=US:en,AP News,-0.3182
TAG-VE statement on Omicron sublineages BQ.1 and XBB - World Health Organization (WHO),2022-10-27 07:00:00,https://news.google.com/rss/articles/CBMimAFBVV95cUxPX01INWpYUlFUNVJKN0FkaDNTMVBPZTlFLU5jSVlWdU9HdWh0NElWTTF4YUVEOUhMajhEdm5kTXd6TkZPcVhHUGNZQmJBYmlNem03NEpKMGRJYnBya015Sk9lSDFLbUN2cWF2cnc1ZGFuS1RHLXpyUjgwbjJfd0RhN1BpOTRfQzFQdVU0MzlhVXp6N0JPLVpNYw?oc=5&hl=en-US&gl=US&ceid=US:en,World Health Organization (WHO),0.0
Brazil’s ENBPar and Rosatom agree to cooperate - World Nuclear News,2022-10-05 07:00:00,https://news.google.com/rss/articles/CBMikwFBVV95cUxPLUphZG9oeWVSYmlhOFBwcWNQcEgzQUwyTGYxMFJHTDc0SXZIcWVCTE44MnBvQzZmNXotZWNTYnA5SzdONm5SWGo4UnZSZVRPaXQ0cFFmTnBZUGRYanNMbkQ3Q0xmNUxaeW5DSXZpcFFQUHhYRXIzcU1JT2NsYm14bHFTQnRPUVpoRWktQktPOUFMbHc?oc=5&hl=en-US&gl=US&ceid=US:en,World Nuclear News,0.3612
U.S. News ranks UWM among top universities in the world - UW-Milwaukee,2022-10-27 07:00:00,https://news.google.com/rss/articles/CBMiggFBVV95cUxNTkFWMy1ENHU3V2haYWltazM2bWt6SEFMX3pvRFFxcGEydmM2WWwyLU5HQmI5WGdKYkNpV3ZRcHg3M2UxRGNpQWdXMVpNS0pqQnlUbFdxM3lrV20zSHZPYUl3Y3hSQy1md1BoS09jRWJkeFRrTUlHcHczWnF1dDJmbzRR?oc=5&hl=en-US&gl=US&ceid=US:en,UW-Milwaukee,0.2023
Global ranking sees shift away from Western universities - University World News,2022-10-12 07:00:00,https://news.google.com/rss/articles/CBMid0FVX3lxTFBFQkw3NENiZUhGWTlEMkg2TXB2MU0zTzdUdDl3N0FiV3RodFZQUEdzVUxCUTg5eV9hNUFXcUhaY1QtUy1NOFo3OHlIQnJxMVE5dE1IZ1pWNW4tVEo1Q0dvMHo0NU81OUowbTR5enRUWWR6S0g2V0NB?oc=5&hl=en-US&gl=US&ceid=US:en,University World News,0.0
Do we need to measure social and environmental impact? - University World News,2022-10-29 07:00:00,https://news.google.com/rss/articles/CBMid0FVX3lxTE1hWlNSM09CTjRrZ2NlMm9ScVAxNVdoT2JKUGFZRnBCYmF3MXpSVVRseWg2bXF0Z25fUWJCX1dtU05JWXRWZUlub3ptUDdINE5jUzIxa3lnNUpKZzVMQXpOclItSXpzeTBUN0VjYW52VlJjR1RCcEJr?oc=5&hl=en-US&gl=US&ceid=US:en,University World News,0.0
Cholera - Haiti - World Health Organization (WHO),2022-10-12 07:00:00,https://news.google.com/rss/articles/CBMiekFVX3lxTE1WWG1DUEFncmVQR1lrcGlKNlRrSWhQNlJRY1pKbGtwZ1hVR1hyZnE0N04zSDl5azlqNTA3VGtYcERMYy1IUDFUWFItM2pyOFhESTFsV0hXZlNENmQyYnBrcS1Xa0pDR0ctUno2b3VjMVpLbGs2ZW43dXRn?oc=5&hl=en-US&gl=US&ceid=US:en,World Health Organization (WHO),0.0
World Food Day: Another year of global record hunger looms amid food and climate crisis - UN News,2022-10-13 07:00:00,https://news.google.com/rss/articles/CBMiV0FVX3lxTE1NdU1XcUxOREVHaEdPYXNmZkNFeDQ0bUFJV0ZEclk5b2IzQnFhMVp4eHQ1enFzdjN3dmdhcTRnbnBwM3JnOE5BbVVZR1ZGRC1KdG9xVHNUSQ?oc=5&hl=en-US&gl=US&ceid=US:en,UN News,-0.7717
Venezuela crisis: 7.1m leave country since 2015 - BBC,2022-10-17 07:00:00,https://news.google.com/rss/articles/CBMiY0FVX3lxTE1jR3JEcVRwbS0xWXdqbVRFZTI5ZEVjbERYdGs5UlRSM2xGejZWQ3Z4S21hWEZ4MU5nNjhmOTNSMzJfMXdsQ1RtSTBQMFE3S3ZfTXVVOWFERjlZb3N6UEs3YXhSVdIBaEFVX3lxTE9EM2x4Z1VuYVI3RXo4clM0MkY1TVRXN3RUUjNYWkttMUNsZGxxdWRuTi05Nnd2a0hGR3VmdUJfd09Tc1RVLVQ0ZndLdTNzRV9JeE5SdWMtX1RJaTZBRlI1Q0dfVXBNZkM3?oc=5&hl=en-US&gl=US&ceid=US:en,BBC,-0.6486
New global guidelines to curb motorcycle crash deaths - World Health Organization (WHO),2022-10-10 07:00:00,https://news.google.com/rss/articles/CBMimgFBVV95cUxOM2QyT2hTM3Z6eU5VdnN0VTVZNHNzazU1Si0tSm5pOWdBOVEtd181eFFQWU0tRjFybDVsZWxJblFPeFVjUGdHQmhkd0F4OERYbjd1YTZnRkJ5M3ZURUw5SmswZTJDTnRyVVlFVUNkZWtXeW56YXd6bnRfUXdTeXJjcS03Q0FwZ3lJNUJkTy0yOVdScTB3eFk2Y053?oc=5&hl=en-US&gl=US&ceid=US:en,World Health Organization (WHO),-0.4019
Rift Valley Fever - Mauritania - World Health Organization (WHO),2022-10-20 07:00:00,https://news.google.com/rss/articles/CBMiekFVX3lxTE1OaS13eVIzNkVUU0RMeURxTGZNSk44UDJCVkhBRERfMXR6bEVWenZRWmlueHlLSHFyS181M1VQM2VnQmk5a0QyNFc3bFZuaVI1OFdBNGV5TGdlMXZ6X3VLTFhKaFpTeUE4M2pPdE03ZVFGNThVSzJOLTBn?oc=5&hl=en-US&gl=US&ceid=US:en,World Health Organization (WHO),0.0
China anniversary: How the Communist Party runs the country - BBC,2022-10-05 07:00:00,https://news.google.com/rss/articles/CBMiX0FVX3lxTE1KYnY4WnhhSlo5bXdLQlhuVGFuTGt0ckJFWUFLa1N4SFNvWGRYWmRlTHIyZHhTN0plamJZNkRuMC0zRURZN2VZajZqNXVBbjc3Nko2bkxnbnJhVW50V0N30gFkQVVfeXFMTXYxWmQxVGRnX09ZSzFZMVg2ZUZ6djhJaGFYeElqSDFWVW9tMzhWT2MwV2pkbHFMUDB3MkRZMndyaERuN21MeDM3S1pWNl8zUU5oaUZ6bzhORlN0YmhnUElfdW0wdw?oc=5&hl=en-US&gl=US&ceid=US:en,BBC,0.4019
Svalbard: The race to save the fastest-warming place on Earth - BBC,2022-10-26 07:00:00,https://news.google.com/rss/articles/CBMiWkFVX3lxTFBTQWFYWVltdGlNdjlqUndQbFpDUk80T1pldHpNOXlRUXdGY2YwTFpXRlV1RzNGTTJETFE5eVVOaEtnVU5oZTJaN2ZaT0RudDQwNDVKSDUxS3ozUdIBX0FVX3lxTE5mVHpLYzF6YmE1MmUwYjBUQVpfNS1lSUQyX1R3bFlzUGdNWTRmTU9VQkNZb1I4anR5Z2N6aTY4b1YyVmlFcnRSOVdMcWtpVmtHUmtqWmV6RE5PSnZRal9n?oc=5&hl=en-US&gl=US&ceid=US:en,BBC,0.4939
Core catcher casing installed at Tianwan 8 - World Nuclear News,2022-10-21 07:00:00,https://news.google.com/rss/articles/CBMijwFBVV95cUxQTERBOU9Eb3pBZld0ZlpCb0ZCWUtjM2lNZVltdzdNa1VlWl9CcTFRdFcyWXpGWXVjTUs5WUhkNDVzVlVaYVBkVmd4MFpMRjhDOU9JYmxnTExXQ2Z6QmR3VUJSNEoxd0VnX3NCb0pIQWRfQTZmekE4XzBIODM4ZzV2MTRrNXFrTG9HMUl2SEdrOA?oc=5&hl=en-US&gl=US&ceid=US:en,World Nuclear News,0.0
Cellphones in School: What to Know - U.S. News & World Report,2022-10-20 07:00:00,https://news.google.com/rss/articles/CBMimAFBVV95cUxOVVY3d3J4NENpdk1HWWFvbGNzX2VxXy00dmlQODlXUU1UQ01SYkMtMnhoZEJOMlJaUUp2WEhmTnJndzRWeVk1Z05MYlo0TVJQbzA3V3JpSXhDZFFCZkxqTXZyNy0wdGpIOVUwYnB2Y0ktQ1Y2N2ZPYmJTVVA3NFptX1gteTlpRVcyWHh3S3lnODFkeFM4b0FwUA?oc=5&hl=en-US&gl=US&ceid=US:en,U.S. News & World Report,0.0
"British Prime Minister Liz Truss Resigns After Short, Chaotic Reign - U.S. News & World Report",2022-10-20 07:00:00,https://news.google.com/rss/articles/CBMixgFBVV95cUxOQXFnYnNHOHl4d1hxWm5hMlRGU29aZjQ1c2dQTzl2Zm81RkJFVU1ncXRyS0Y1aUJ3V0dxbXpYT1N2VjJrcUs2aXNOazA0Mzd0VVRfY3RIeXBNYW5wMkdvRUs1Z1BlZEotdVlUTkJGOHQyTlg0bzZNMkNLSDVIRkg2a3J2MmhERXVlOTRzQXpGdDViR28wWC1vcFpqYXVEc1h2Skk3R25tcTl0a25abWhyS1JEM3huLXowUzV1RjY1NXV3ZEUzU1E?oc=5&hl=en-US&gl=US&ceid=US:en,U.S. News & World Report,-0.6705
How Ukraine is winning the social media war - BBC,2022-10-15 07:00:00,https://news.google.com/rss/articles/CBMiWkFVX3lxTE9MRUhKcGowSU53WHlpay1TcVJyYWUyNGtDTGJsVVVMbllic21VLVNGeXYyMjBDSll0bU91eHpWblZLdG5rLUtRVnIzdE1SLWlPX3E4b2hxU29oUdIBX0FVX3lxTE8zNk1ScWd1a3JlODhQT2xuZTB2V1VEaURVd2tlRmJ3NC1EZkxwLVhubWtTbW5QOXZCT3pFUlZ0dENGbUVkdmxPSXViWEJod1JYaFNXdTEyeGotbkRfbUZV?oc=5&hl=en-US&gl=US&ceid=US:en,BBC,-0.128
Sweden ditches 'feminist foreign policy' - BBC,2022-10-19 07:00:00,https://news.google.com/rss/articles/CBMiWkFVX3lxTFBoX0R4Ym1mSVNFN0o3SU1UcTkxYVRVWGxnMUNDWFUycWtpUmgxa0JZc2t0MHh4MVV2dS1XVVNNMDgyZktCSk13M2hjOG1DeEhSWFBMRTFlNlkwQdIBX0FVX3lxTE1mQkwyZVlTeGEzdzMxUlBiZ2N1bEUtVTZZV0FVdW0yRlpUWUpaUkJNOVM3LXdFOWV4SzRrZW5fOE5DR0dRN0V0bFN4VFhkSTlfdGcxZDlESWpfZDRSYXlF?oc=5&hl=en-US&gl=US&ceid=US:en,BBC,0.0
"World failing in ‘our duty of care’ to protect mental health and well-being of health and care workers, finds report on impact of COVID-19 - World Health Organization (WHO)",2022-10-05 07:00:00,https://news.google.com/rss/articles/CBMiigJBVV95cUxQOFlHMGJoZWNGNjZjZE9lOURtVm0zSjNNbERteXRPMFB6bklZdGo1dG5TRGU0UzlOdHdiZTZYR09hM2JzUVpQZ185QXk4My1GaVAzelJ4a1Jyb2doc3ROT1lrZUdpRXlwQW1DcGtDWm40c2tVWk15U2xiNXlOdHdGVjdTUEM5MExwUExBZE1RTzBhYkNXRTZibHBsdmwyV3YyQ3dOdTZPX0NWQ3hyRFJPUEpyZndGbHRVZGlkT0hIOVhNcVh0Z0RZOU9rYWxyM0FsTmNQdmJZMTBTMUVXZHJxa18zVXc5eTFiNV9keW5xN2dhODRmZjF0SnhhWGJtWWhxMDBVVXNwbmwtUQ?oc=5&hl=en-US&gl=US&ceid=US:en,World Health Organization (WHO),0.3612
"Staggering backsliding across women’s, children’s and adolescents’ health revealed in new UN analysis - World Health Organization (WHO)",2022-10-18 07:00:00,https://news.google.com/rss/articles/CBMi2gFBVV95cUxOejhReHhsN252UDVJNDlMb001dnY5eXNZVm84N2JPci1Bcm8tNEtEUVIwaHUtZDhoUUNmdF9XanpWWDRZN3JXM2NZN3YyRXlpWkJyR3dnR280UFREMG0wMU9lZE5OZGh3d2FfYlhZTF9Vei1iY1B5eWt0TzdNbEcyUEF4ZXFQZk1fakFEZVhCQWhZT0xzM2JJV3Q2X2dzU0w2SldXUTV1SktRS2lvMzRHeXg1UGVLUENVVGRlclBBODM1VDY3TFRwMk5hYzZHLUxxTUp1RFpOblNpQQ?oc=5&hl=en-US&gl=US&ceid=US:en,World Health Organization (WHO),0.0
Gay Palestinian Ahmad Abu Marhia beheaded in West Bank - BBC,2022-10-07 07:00:00,https://news.google.com/rss/articles/CBMiYEFVX3lxTE4zMlJUa0o3ZlZWUG56c01PbkhvVmVycWJaWUFCZ3BJTFNmVHN1eUNyM0ZSell0OXcxdGFrLTRsNzgyMDUxVnBISVcxOFVOMjNXZmhuVVo3dFNGdkVBVnA2WdIBZkFVX3lxTFBGMUhqQzFGaWx1bGhvQzUtVWFIdE1YWmlwZ0dxN3RYUUxCaVRFMXpmZkE3amJaaTM4Y0Z6dEowMmZtTnRIa1dTREMtLXZHeE51RlFMSWJZTi00YVFkSmZPelVKNDdZZw?oc=5&hl=en-US&gl=US&ceid=US:en,BBC,0.0
Preventing intimate partner violence improves mental health - World Health Organization (WHO),2022-10-06 07:00:00,https://news.google.com/rss/articles/CBMiogFBVV95cUxQclg2c0Q2blJmcS1rbTc0Y1lEVlZwUllrazUxeW9IaXZLczlmcXVheG03R0VQcjI5ZGx1M1dUYWdiZXFHeHQyRzBsNHA4WkRmMnpHWUpsd1ltVmRDLXhxQ285WXRtWU0xU01LTklkSVU2TmNEMHhsTkx2R3VYdmJScjQ0eFhxVGpIRkgzQ2VWbHptWVpRNGoxQlJhTFFIekFUZ3c?oc=5&hl=en-US&gl=US&ceid=US:en,World Health Organization (WHO),-0.34
"Pebbles, world’s oldest dog, dies aged 22 - Hindustan Times",2022-10-07 07:00:00,https://news.google.com/rss/articles/CBMipgJBVV95cUxORnVkcnQ3NXhFcGdMQkgtQnFEQVRJd2Q1RUl4YWF0amZacEhiSDBoTm1iSExjNjJwVV9qLU0taGJva0tER2FaR3RoWE1pTUhBWl9kTjMzSmZTRkVKRlg3WTN0LTc4NnpJRGlGX3ctZUlsSW5qd1FCTzVHSThEX0R2OWJSem1MMnNfYVhJSzd2bi1kclZoWF9aOG1Pd0ticWdjSzB1ZGpTZVJWSDRXd0lXaEZ3ODJUQWtzR3BTREx2M0tTR24xOGwyamxpTFlIcEdvcXJzb2VibVVSN3RtTl9WUnpSeGxuMWdDT2R3Nm4xOU1reWR3aThZX0hGcU1jMTdpemppRElSQ1pGSF9Hem9YeGd4LXMxeE05SEIyVG40ZWZWUlNGQUHSAasCQVVfeXFMTmFKRnBRR1JmbEcwWXMxZHJfd0tpNVJTOXlRZVRZRGlWNVNRMF92cGRTRGZJeHNZZUEzMWo2Z2hWZlZKRlN5REVXdDVxNFp3Q0ZPR3BSU24xYmxabk9kTFFMU2NxUi1WUVo1eE5GUVRNakxNeFdaNkZ2Z3RsbjRFR1RTQjFnRHFWcXJQVEhIcngzRG05Q2VJSU1YWnR6MGhKU0p3UlNBZU5zZDdVelc4N2NaTVIycDRmbER4cHA4VG8waFg0MkotcDFMZ1VNemU2RUszaE9IX2FuRlpTT2hnbHd4UEJkMmhVTmF6ZmZpU3ZlZlFDRXY0T2w0c1JUUS1XQXo4MEhHVFZ0Rm5aTkJMcDdjUjRMOFBuU0Y3dXdzZTBOa1FVZ01RdDZWZDg?oc=5&hl=en-US&gl=US&ceid=US:en,Hindustan Times,0.0
Where does global warming go during La Niña? - Climate.gov Home,2022-10-31 07:00:00,https://news.google.com/rss/articles/CBMilwFBVV95cUxPeVp0V3hOUmFVblBQOHZ5dWd4UkxzVDdWYTlMMV8taEM5ZjVLR3pSTFdhdlpIdDN5RHFwdVFVSkdVLWhJdEgwbFlvZnRCQW96Y19SMndVNWgxWFBERXZpT0ZSMmpXcFNGQVBpeEg0Tl9ZYmpnTVA0SmtwblRDUlZmX0kyZklfSGJkTGRIMEkwWEJYSm9VSHdn?oc=5&hl=en-US&gl=US&ceid=US:en,Climate.gov Home,0.1531
Italy recently elected a far-right leader. Here’s how the Arab world reacted to the news. - Atlantic Council,2022-10-17 07:00:00,https://news.google.com/rss/articles/CBMi0gFBVV95cUxOR1ZiTEVBbEpHODV0NlhmMGtGcnhhWE95N014TmRYb2E0VWJXSW5YUmRWMkdnZXZ2Z1dqQkFlQnU0ejlINDFhN0NlbzhQZm4wNG1TZlZMTWttQWdmdDRDN1dfWmkzWlJPeGw5NnhnTjdic1BIU3FmV21MaG05UlZRT0J0T0hKcXZwZVYyYURRNzhad0pwUjdsdllFWkJKQmRpXzltaFhBSEJWeC1RUHlSUUo4N0hmQW5hcDBFenZwSld6Y0lGZHhFemdMNkdMdlZNSEE?oc=5&hl=en-US&gl=US&ceid=US:en,Atlantic Council,0.0
"Speaking up for world languages, with Roxanne Dávila - Tulane University News",2022-10-31 07:00:00,https://news.google.com/rss/articles/CBMid0FVX3lxTE5yWUhFMlJUdnhOaE1ESTZYWEV0V0VjUXFkc0UxM0JYMWw2MDl5UjhmNWs1YUlXN1NLR2NFSmRMc2Jtcm9MQWs3Q2NLMHZGX0wtNk5aNFd0aXQyTWJEUzhMUlBZZHl0QzJEcVpmbjkyRElJV2trTTIw?oc=5&hl=en-US&gl=US&ceid=US:en,Tulane University News,0.0
Pope Francis: ‘War must end or world risks nuclear catastrophe’ - Vatican News,2022-10-16 07:00:00,https://news.google.com/rss/articles/CBMioAFBVV95cUxPRnk4azREanRyeUhacEtuNGJQMkUybHFLd3FUQkFUOUFBenAzMFRvRDRZMHcwT1QwMDFnYi14TXI5VWQ0RnNMLVVzdjd3cVFTR0JMX3pTUUJJRmozWVNMRzgxMkdrOWItbW5xbWhXQTlVRzBkdlZDZDNGYlAwUmg1WEpJNGpmREJ3UVl6N3FnREJmZ2NpS2NEa2pQcFJDckpZ?oc=5&hl=en-US&gl=US&ceid=US:en,Vatican News,-0.2732
Medical Product Alert N°6/2022: Substandard (contaminated) paediatric medicines - World Health Organization (WHO),2022-10-05 07:00:00,https://news.google.com/rss/articles/CBMiuwFBVV95cUxNR3hWLW03Z3JrZDJIMDN2dDBsYjhIQVlGWF9td3lJLU1PSUFjU1VHWFh3U0liZ090aXNwTFJYanBfQ1lFdkt1Uk9CaG54NXJjaTN4U1FsMTVaU053dXRmdm1qM3VPOXdHcTNOWFNJVTFjZmV3NnNYWmVucm5PQmRzQkpHcVJWSGNreURqeFZSSWVZM1ZKdWRXTUJZUmI5c04wNDlleFRDejNDeWlQRlVuOGRDeFJmR2JlaG1B?oc=5&hl=en-US&gl=US&ceid=US:en,World Health Organization (WHO),0.296
Brazil election: Lula makes stunning comeback - BBC,2022-10-31 07:00:00,https://news.google.com/rss/articles/CBMiY0FVX3lxTE9jRENzQjdPa2FGRkRzZzJ1Q2JkaWFRZnMtY1NvbGdoOS02YU1YN0ZyLWtVZF84V2ZCVHBaaVZCQW03LXZaNlBjRGtjRDE5NnpwT21Ud0c3YWpfY1JVZGNpU3dSWdIBaEFVX3lxTE1DbGRJU3BXQXhZc1E4UWRkUEZmNzFtOFlfM3NlbEZYUThKa3htYm1wSGZSaF9WblBiOWlhSnppMG9fZjdsLURqMHJqWnFUdVRGMzhxU3RmSnZYb0p2b0lKUkpCQjN4ZmY4?oc=5&hl=en-US&gl=US&ceid=US:en,BBC,0.3818
Return to Aeternum - newworld.com,2022-10-25 07:00:00,https://news.google.com/rss/articles/CBMicEFVX3lxTE40cldqdTJWRkNmVXJ6QWdZUms3alhHcEhJY2dUZ1N3WWZqSHZubFR4a3BrX0ZPaDNUUE9pTFdSVlJHMmt2U1hfcUZhZXZXcWplTXVJX3VhaHVHVXpqOUZIai1OdnMtLXBzb2F0VXB4T3I?oc=5&hl=en-US&gl=US&ceid=US:en,newworld.com,0.0
Henrietta Lacks’ family appointed World Health Organization Goodwill Ambassadors for Cervical Cancer Elimination - World Health Organization (WHO),2022-10-16 07:00:00,https://news.google.com/rss/articles/CBMi6AFBVV95cUxNZ2w5R0tMWHdOVTEtSlp4VnJ6YlFjem56YjhuV0prTjFYOXpnc09FZk9xRmM4TUhyS1MzaFBBNy15eW43aVZoYzluWlRaV0o1Z2xYUjNIYlVCcS1BaG1IdVhUaTcxWFNGMDAyamZXN0VSRzdqbUx6dURMclhkMEJpRExlazJLeFRZWlhkRm9NdDV1RDBESk14M1QtczRkQ2xMeHFiZHN2VEtfWUU4T3JrUkRNb21aMnJMU1F3RTVJN2JGN01nS3RZem1hVGdmV21TU0xIdXYtS3JkdVQ4ejFheFlodXgtSGJZ?oc=5&hl=en-US&gl=US&ceid=US:en,World Health Organization (WHO),-0.6597
Indonesia: At least 125 dead in football stadium crush - BBC,2022-10-02 07:00:00,https://news.google.com/rss/articles/CBMiV0FVX3lxTE0tal9sT0UwSkJwOFhSVW0wV3lTaGN6SzdzamNSbnZDUGQ3ZmdVb1d6dDhqU1lXbk1kYjY2ei1IdG9HeW5mUlBXZm5RZ2xxYnJzMFlhOEZvQdIBXEFVX3lxTE1FazlCa2lWOEFoeGtYRzV1NFU2VVRTV2dIbW13LTVRZmQtdnlVOEl5b3NQdVNHcUIzSkVmVmthd3U2U0R6WlFDaWl4N1lfNERhRDBpbksyQklaNGNW?oc=5&hl=en-US&gl=US&ceid=US:en,BBC,-0.7096
E-waste: Five billion phones to be thrown away in 2022 - BBC,2022-10-13 07:00:00,https://news.google.com/rss/articles/CBMiY0FVX3lxTE9WT2Y4aFBPSUc2eEs3cHZZVFg3MExQbEoyS2dmQUJJbDBIaW53UXR6T2ZDa0stYTJBQ1hhcWZjTzhzeWVFSUM2QVZMZUV2X0ZIRlNMY0REYTFwSjFwaHZ6OGpFRdIBaEFVX3lxTE9pS3FHLXpaQ2xiTGhwVUFYdWxweVo4VWdQN1A1Y2ZCbHkzT3dGSk4xRks5ZmlRWGNwWmFqSk5RTWlXYmJ5WV9NbU9VdUliNFlXcER2T1VSUkFlZEdRVU5YMjhwVEpMbkh5?oc=5&hl=en-US&gl=US&ceid=US:en,BBC,0.0
INTERPOL launches first global police Metaverse - Interpol,2022-10-20 07:00:00,https://news.google.com/rss/articles/CBMinwFBVV95cUxPWFVQUllxclE0NmNEbm01eHZaZWY2WE1UNldGckJEaDI2cGpRbHVuS2daY0VWbU5fRmxRS2x6S3JpME5LOUpZTTJocDVsNUt6R3E3WlNXTlJyVGlERE0xcWlCYVNLdkQ2d3I0OFRiUlNkUl9qR1JoYjhTTkVSNWJJa0pUSFRtZDFIam4xcUp2MWZLSk0zdDVVSVp5d3RuT1k?oc=5&hl=en-US&gl=US&ceid=US:en,Interpol,0.0
"Shortage of cholera vaccines leads to temporary suspension of two-dose strategy, as cases rise worldwide - World Health Organization (WHO)",2022-10-19 07:00:00,https://news.google.com/rss/articles/CBMi3gFBVV95cUxPU0tYS1RxT2dKTG5ZVWhKaGo3SXk5U0hfY0RMclJ2andxenJMcWtWeGZSMHdWUkVuSDlpSWlPTDF3Y1NkS3BidVVoYmVpczVtNGx3NElhRkZZaFdPRGNwTXhOU1cyRlBxU21pdFMxUHVRSlRSNTlqMzlEN0FjRUhsNDlCbHJPbjhRem5LNWdrTmhubF8tNkdRU0x0c1U3S25UNXp3cEhNaVRoQ1kwUW1zZ3daVk1tSFM0ZXAyd0R6SFAxenJnMlF4cTNfSHptQmtHd28tLW1pN1Fsb2FmeXc?oc=5&hl=en-US&gl=US&ceid=US:en,World Health Organization (WHO),-0.25
Putin threats: How many nuclear weapons does Russia have? - BBC,2022-10-07 07:00:00,https://news.google.com/rss/articles/CBMiWkFVX3lxTFB6dXktUEF5QmFLaGs2SHZpc1JVZ1JhUjlCUDhBaDJCd3BON0hiaWFWdE1VZDdxQV85Q29pNE5hZGE5SlIxOXZIYjZzbkdPeHdGUkhBZEx2bGt2UdIBX0FVX3lxTFBnTFpNRU12QzBmU2NpbldRd0phM0ZCdGdEdGN1ZFlOaFpuZ3h3WWVqLWpxczMybGM3NlZlUFFVREREYmZRZklnMUVHLWVRNzFvZXkyLU5HSms2M3VwcW1r?oc=5&hl=en-US&gl=US&ceid=US:en,BBC,-0.6908
Climate change puts energy security at risk - World Meteorological Organization WMO,2022-10-11 07:00:00,https://news.google.com/rss/articles/CBMidkFVX3lxTE40cDk0RnFuNkgzQTRiMC1oQUtaS3R4c2xLcWVKQ3FYZnVYTjU1YzNQeklYbmx5LTNHUmhsNktadW9LYkRvbU9pRVlSYnBuZmRNbTIyWnVBbjFwb3JNd3JWV3JoMUpkT2loVFpzWGFWOTFVSjdVblE?oc=5&hl=en-US&gl=US&ceid=US:en,World Meteorological Organization WMO,0.34
Russia Reveals New Details of Crimean Bridge Attack - U.S. News & World Report,2022-10-12 07:00:00,https://news.google.com/rss/articles/CBMisgFBVV95cUxPNXg5QTY4eXBfbUNteDZmNVNtT1ZsdjZWZzRxT01CaWZMQjdONWZTRzlMTnd1Y0ZsRjNZb2RLNFQ5RmRZcExoa0ZZV0NzVWdaR1g3NFJhbmowcXJiNmFEdFdoSEc1MGVOSGp2WlRHUXp0SDIwdGVPbFMzb084YjlZUlkwWFZUV1FaS2hPVUhTbWgtb1ZsbGViOVJ4YlR0NktVa1N5OGFaTF96c0tBUno3REFn?oc=5&hl=en-US&gl=US&ceid=US:en,U.S. News & World Report,-0.4767
Fresh Start Worlds - newworld.com,2022-10-06 07:00:00,https://news.google.com/rss/articles/CBMicEFVX3lxTE43ckcwVXIzZnhobW95YzJvQjRjZzRFYW9oVmlYQXJLclVWQ2NXNnozTWtxSnRHaFVSZDJ5NEppNVJDWXFhTGdTZFZiUzMwR3l0QmZOOVF0OF9QSGxITU1wdE9CWUFxM0k5VWlqUVVUMGg?oc=5&hl=en-US&gl=US&ceid=US:en,newworld.com,0.3182
New Swedish government seeks expansion of nuclear energy - World Nuclear News,2022-10-17 07:00:00,https://news.google.com/rss/articles/CBMimAFBVV95cUxOWVliM0hEc1YwV1gzOTB0SUJicnh4ZmlramswQXNCV050Szd4Tm93QzVNWTdCY2M3WkhabE96T283ZnFWd1ZfYkJ5dXNvaDJSQU1lN0tNWjh4M0piZllCQWJPTDJWdjFpckdkNXV5VF9RWDlvVERpOTNpWE5fbEhraDd4dGRqMkdRY1BIcnNRUzNFV3h1QnNjdQ?oc=5&hl=en-US&gl=US&ceid=US:en,World Nuclear News,0.2732
Cyprus profile - Timeline - BBC,2022-10-17 07:00:00,https://news.google.com/rss/articles/CBMiWkFVX3lxTFBtV2h0Z3otZnRHQWZmSUdMM2pYdlpPVnBlQmRvZFFCMWpLWWFPV19NRHpjSlFXLUpWM3Q3a2EtQnlNSnJ2ZzRtdVF6RU5GR094VTZPUmh3bG96UdIBX0FVX3lxTE9kVzdwLXgyY3lLbDdyaU0xdlJXNHpMdlV1NHFvZDFSYnVNVWgxcU5xeV84akplMEI4REtRWEdWb0laajc4UnBRZ3hMS0lhQWYxMmEySmpxWFRfSWxwdWFJ?oc=5&hl=en-US&gl=US&ceid=US:en,BBC,0.0
World war shipwrecks are leaking pollutants into the world's oceans - Natural History Museum,2022-10-18 07:00:00,https://news.google.com/rss/articles/CBMisgFBVV95cUxOOG52OFdtMFFiR2p0SWNhU3I1N2JrdFhoRW00X2kxdHJ5QVdGcno3T1JBTHRvMUVKSDItRVNkX1pxdnIwbmNhbVd0Vl82RGRLc2dUTmdzdTBMcmwwRVV0T3h3dFZ2SzlUM3IyWE5nZWNfZ2YxU1dCZ2hiY0FWellfSkpCeUVGejRmMi0wMml6Rlc0OHdzbjYyZWQzVEFwcHZZWDRKN3ZuYU5KczZpWUdENzNn?oc=5&hl=en-US&gl=US&ceid=US:en,Natural History Museum,-0.34
Defuelling completed at Japan's Monju reactor - World Nuclear News,2022-10-21 07:00:00,https://news.google.com/rss/articles/CBMikwFBVV95cUxQeTY1OTlGRm4zdTh2dlppSVEyVzZMRXp0amdZQ0UwaVBPQVpZRVN3dFNLSzh5QnB3VnFYQkhCajA1aXZPQ3UzWVNmWlFScVhpMmdLRHZyVS16anNpZzR2bWt3cGRVeU9NMktMOHFmMnUwOTluS2o5RGpGWWx6eGRCczQ5WkNEeG9xMm5zUnZidFp6ZVU?oc=5&hl=en-US&gl=US&ceid=US:en,World Nuclear News,0.0
"Land, soil and climate change: How Nigeria is enhancing climate resilience to save the future of its people - World Bank",2022-10-19 07:00:00,https://news.google.com/rss/articles/CBMi7wFBVV95cUxNOHNlRjJXUjIzMW9xSG56ZjJ3QXliYklybTNOR0lFUmFpS1dLNjdxVE81NXMxdEttMm0zdTE5RjhVaGtWOUl1MXBNTWgwZUVhT0RRamttdFgyX1MydV9PdndEVVZrODNhZWl1SEhScVgyc0lvTWpMYmtVMjJvNDB4UHRQSmF6VEJCd1NzdGxpWkNTM2hBWlRxX0J6Z2R4LW5md2dPeVNqTl9NM2s1Q1RMTWpMT0E1WUwxQzZHSWlVUGoxQVpnOVFCdjFMYWRfbTE0M0FJdWlqeDJqQmE2WlVxeWRxZTFvMlFPQVI0U2ROMA?oc=5&hl=en-US&gl=US&ceid=US:en,World Bank,0.4939
Ford Foundation Invests in Global South University Centers to Advance New Economic Thinking - Ford Foundation,2022-10-19 07:00:00,https://news.google.com/rss/articles/CBMi8gFBVV95cUxOSDVYNVJLclZjdkxIaVhfbGxFaEJ3cERGV3RSRF9UeFp5YVBwQWlhUjdEZV9lRTBVdG1fSmlpNVJGSzRmalREUi1MSXEtNmNBR0YxeGlsTjEwWS1ZVlJsRlZ6ODhnemt0ZDh1cHkxZmN6LWMtRjgzcnp2a3B3TmVxUWdTTGhQeVhMa1BqRkU1RTVpYmlubUNBbVhwVWJleWJ6WXdtR1V4S19PSDZYWDhJMGFSUTZ6dU16cXZCRGtHMnVYeGNUdE5jUzBFbW1Tam9BMU9ORlphNHBLRlpmUDJXUlVUenZtTXVqTkYycnlVaF94UQ?oc=5&hl=en-US&gl=US&ceid=US:en,Ford Foundation,0.0
Happy World Teachers’ Day! - ec.europa.eu,2022-10-05 07:00:00,https://news.google.com/rss/articles/CBMifkFVX3lxTE1MSDd4bmUydm1qLTFrc1dIWDdlUWZGTHh5cEhtcHFuYTRQTXR0MDI1akd6WjBYTjg1NXJYeHZPakNnT0x0eE9vWVc0c014S0xMb01mYWtIZW4zckJCVEhtZVhsMUhaYXg4RmZBMGJpSmkyR1ctYTJodk9La0F3Zw?oc=5&hl=en-US&gl=US&ceid=US:en,ec.europa.eu,0.6114
Nikon photo contest reveals fantastic microscopic world that surrounds us - NBC News,2022-10-16 07:00:00,https://news.google.com/rss/articles/CBMisAFBVV95cUxQVENZTW5zVFJSa2ZlYkhBTFRreXFESkJiYzgxbmE1N095OHc3dG9UU29MUHRvb3BhY1BFLVNmTThQRVFLaUo1cU9hZXU4Rm9nT01hLTFQMkU1M0VRT1Fzb1htaWdBUWF2alZBcG9WTDhzbUNCb0prLUMydzJkUWNFT29BdDFid1hCN3dsWGRxeFpxY0UydmRtUlE1QVUxd1FvTkVuVlpPb1pYREh5Wk1VUg?oc=5&hl=en-US&gl=US&ceid=US:en,NBC News,0.5574
Profile: Pope Francis - BBC,2022-10-28 07:00:00,https://news.google.com/rss/articles/CBMiWkFVX3lxTE5pSW9PTW1wSEtWR2tBczY2RkU2QjJqalhadlFjUG12M3ZkVU5jLTQ2bnE2RURHdXNWWEVDSVlNRzJseXduRUdHeExSMFplc1NKamk0dndfS2wwZ9IBX0FVX3lxTE9BTkdpOVZPRklMTmRROGdyWU0wUm5hMzFfYVplSklCWWZDcy04ZXVNMFV4UHFmN29fWnJPV3lJR2xxdnBDMUJ1VDFUeU9USTdtcFA4a0ctdUVvN0tZaFZJ?oc=5&hl=en-US&gl=US&ceid=US:en,BBC,0.0
World headed for climate catastrophe without urgent action: UN Secretary-General - UNEP - UN Environment Programme,2022-10-27 07:00:00,https://news.google.com/rss/articles/CBMiuwFBVV95cUxQUFdfeGp5cmo1M3NRN25Wc1J5RlpXN3AwbG8xbHNhakhzdnFzUHpPY2kwYkhRd1dneUstQ2xNa2F3YTJhS25IVEZNZUpucXRlYWE5elF4bzRLbzFacjlkbTBJOHQ0LUpjdzVLOGpDYnJNQUlfa1owRi1scHVjMHprVHlmN0ZMWG9aSHdvOXVsNlA0WElTTnNPQWhOTVRMUkI5dWk4V2pBdjIxQlpUTlg3NEhZSDNuWXVjUnlj?oc=5&hl=en-US&gl=US&ceid=US:en,UNEP - UN Environment Programme,-0.7177
"Financial and cybercrimes top global police concerns, says new INTERPOL report - Interpol",2022-10-19 07:00:00,https://news.google.com/rss/articles/CBMixwFBVV95cUxPaFFUVzJsdXkzRktaNC1JaG5lLV9UdkNHLWpvTXdpcmtGaU9ESlZPQzVoUzhVQVotd1dKRjdVb05jRllZcGYyLUJFQ0haaFc0MTBtd1ZodktTZ3dsYkxTNGNnUTR4dDBRNmNNRXlyX2ZvS3gySGJ4SGN0cVpMbW9LWXZCU3p1aXRwbDBFalNBMTQ0TEo0Wm9mb21jMjJzZnZLbjdTNzFZdDRmcGZaU2wyS3p0eDZwR3pfTmxDRXZ1MUxDbTg4MXdj?oc=5&hl=en-US&gl=US&ceid=US:en,Interpol,0.2023
Key Highlights: Country Climate and Development Report for Bangladesh - World Bank,2022-10-31 07:00:00,https://news.google.com/rss/articles/CBMivgFBVV95cUxNSE8yWGFaOFBJOWljNHVGTmUteE1JR1N2QmVFWkpGendEUXlXcndKbDA2Yy1PT2hkdXBqck9IVXRsbHV4SnNNRHNBS2swQi1xNWlnMnE2X3YwUmlIRWxtTUJXVi0yQ3MwZ1pqY2ZSZXVpRl9yODZkU2xaa0hZU2Jnd2E5MDV3ajI1VERhc0VuMVloTnZsbE0yNU5JUEhiNDFPYXVVRDdpQ195c0Y5aFZhV2VtQzNtTWg4dml1cXdB?oc=5&hl=en-US&gl=US&ceid=US:en,World Bank,0.0
World reacts as Lula wins Brazil presidential election - Al Jazeera,2022-10-31 07:00:00,https://news.google.com/rss/articles/CBMinAFBVV95cUxPSW5kc2tNUUxYSGEteUc3VVlIMk53MmwyY3Q4eERIeHdRTDBrRm9MQ2JNYmFtMkdRTGlDbE1zZGY2SkQ1azhWU3h0M0hnR2d3X2ttWTBWZExPbmJ1Rm9nU21DMkRQaFBWS29ZSmlSanRqOHN2b3Z2YzJoNTVfaHhiUVVhVzVFclNLTnVzTXR0X1hkNUtYZUVNOWhkRFrSAaIBQVVfeXFMUFFhdmhjQkxkSGdVcnVrTDE1U3RBaDZMTDNwWDd3Y2NLODBHOVBOdTZhSjd6TE95Mm82aVdrdF9PSFkzNTdYNWdCMFF3SEI2RTA1d2dVQU1nNldOaU1FcHpQZ2l4Qk9yYlZrQW9Sb3dQam9VczRhWmE3VGhMMEtFYVlnMUxwdk94LWJoalA2UTRhOC0tdFhpWHlFUGJDcUY2Vkh3?oc=5&hl=en-US&gl=US&ceid=US:en,Al Jazeera,0.5719
Russia accused of sabotaging Ukraine water pipe to Mykolaiv - BBC,2022-10-24 07:00:00,https://news.google.com/rss/articles/CBMiWkFVX3lxTE4xN3FNeDJXQ3hOOHNkU1Q3STBBY3pNZFoxem9ma0hhYVdhUUs5VWd0SngzMVdmT013OTZlRjFPcXhsMjItWFZvejd0WjE2MUNNSVk2OE9aeGk1Z9IBX0FVX3lxTFBnNzFiMVJTWHZ3YzNYMm1vQXR6U0RETDFlOHhDTXVUdFBwdmloZGtlTWpFdTZ2MlpyREZFZXpkRkZvVHlBZ1J1ZVZGMVV0WGJfYlV1TG80TVI3Z3AwWUFF?oc=5&hl=en-US&gl=US&ceid=US:en,BBC,-0.296
Jair Bolsonaro: The Amazon and why world is watching Brazil's election - BBC,2022-10-21 07:00:00,https://news.google.com/rss/articles/CBMiY0FVX3lxTE02bXlZRmFkdEI0UThQWlBoekYxR0V1TllTMXhMTE85ZkhCN3RmZk83SVc0QTNzdEJ5ajlnSlNfWjhLbXJNQi1YNkp3aWJLU1hwWWhuS1U5Y3BJQkRBN1piUnQ5MNIBaEFVX3lxTE40dzhGVkZ2YmItZGZIRGlmMUd3eFlHaUI2ZWYxUDZic0RUYXh1dGYyTUVkS2lIS2xwckIyQ0Njd0lfSlBmRExmckdLT25YZ2pDSTlMNGEwMFh0ckJfQWV4eWh4eGdPaDVu?oc=5&hl=en-US&gl=US&ceid=US:en,BBC,0.1779
World Mental Health Day is an opportunity for us to embrace our sense of community and normalize mental health - World Health Organization (WHO),2022-10-10 07:00:00,https://news.google.com/rss/articles/CBMi8gFBVV95cUxQNUd5ZE1ZUUZOOHpFTGx2eFdsX1VRdGN6UFBhOUZ3UGpqZGRVLVRkRDRjTElLTVNiR1NZZ3YtNFZiZU9CVUtBaFQxcC1meE9LR2ZUNGpfOHBCYTdGaDVFNGF2MVBSaUNvMVNJZmRfVU5rZmFJNlloQUp0WmNUcjJJQW1abTFlOG9aRXRBYUhVVWNSdi13WHlOOEJTc3I4QUc3cjh3MmxSenZpZU1ZYmpEcERwek9sTk1YeER6a3hndktKZm84Tmc3OHk1bFloUG5uWFFHT2RkVXlRaWNRMk5pU2VzRnhSMGpSRE1MM0VLbjd2Zw?oc=5&hl=en-US&gl=US&ceid=US:en,World Health Organization (WHO),0.6249
"Good News, the World Is Getting Better - The Daily Economy",2022-10-17 07:00:00,https://news.google.com/rss/articles/CBMif0FVX3lxTE14aF91LUFxSS1Dd05qSE1CUDlaOWppYXdKZ0J4R0dGbDN5cS12VEhnRWRUVTR2aWYtTzdNWW5LVFg2YmtKTVZKTkhHV1IySXo3eWxKYmhLVEZTOWhVeHJYdU8wRzJEYjdKbmdoSGd3MlRvd3pWaEwwLW1NQUxMY28?oc=5&hl=en-US&gl=US&ceid=US:en,The Daily Economy,0.7003
Decision to Withdraw from the U.S. News & World Report Process - Harvard Law School,2022-11-16 08:00:00,https://news.google.com/rss/articles/CBMilAFBVV95cUxQZVNZOGJkNFNXa3V0cFpIaklXeFh3Y2UyLTdFc09EcUdYVkJRclJjQlVKblk1VnFuSkFrTUJ2bjQyMG9SUS0taGl3QWpoclVwY1Z4UkUwYkhLZldpaGUxNi1uOHRfUTdGY2g5QW9UVjN2ZDgxY3VEWGFMUk9jV2YteXVwa08weC1xcVA2MENLY01yNEZo?oc=5&hl=en-US&gl=US&ceid=US:en,Harvard Law School,0.0
WHO recommends new name for monkeypox disease - World Health Organization (WHO),2022-11-28 08:00:00,https://news.google.com/rss/articles/CBMijwFBVV95cUxNbm00NE9YNy1JZ0VzSlFHeko4WmVCUWt3azNuVXBTdmJYNVM1cmctN2Y4aUkzN0doUzZwZ2Y5YnBDNjlxNHdLLXNhMzJycF9mYXR1WllPRFFzOXAxYU41d1lRdzZBbldhWkdvMmVEYnhfeXZMdjJjRnB2dXlBOXV6RGhxeDEyNEhmRHQ2bl82VQ?oc=5&hl=en-US&gl=US&ceid=US:en,World Health Organization (WHO),0.2263
Dean Gerken: Why Yale Law School Is Leaving the U.S. News & World Report Rankings - Yale Law School,2022-11-16 08:00:00,https://news.google.com/rss/articles/CBMiqAFBVV95cUxPZXRWWFBFbG9WNi0taVdRRTVqUlRMUjA2QnFvdDRsSl84R05MR1pCZHpSbEJTdEg2MFhkcjc5LUM0R29iM2prZXZ5RlJGV24tazVWTkpnMlBvQ2xYRjdUUk1LMkkyOERaVElEMWNZMFJvYTJkNy0yM0pTdFRFQzl3bUxjUVJfNy1rZHNtanItelRINE8wRk8tZlp0STduY1RLUGU1aWUxZmg?oc=5&hl=en-US&gl=US&ceid=US:en,Yale Law School,0.0
UC Davis Law Withdraws From U.S. News & World Report Rankings - UC Davis,2022-11-28 08:00:00,https://news.google.com/rss/articles/CBMiiAFBVV95cUxNalByU2NYM3VYb0xSOFRtTTNIbk0tQzhxVUpYY0FLU05jWkswUEVDcVk2Tk91RllfMDB5UGZSUjNNVGhMQ0tzV05wRFlNRF82V3BpS0IxNHJFVnQ4UkU3VDFuNmdQRDE2Y0IyelE3VEdnX2c4NVcwdTI4TWwzTWR2bjFJVEhRT2JG?oc=5&hl=en-US&gl=US&ceid=US:en,UC Davis,0.0
"California releases final proposal for world-leading climate action plan that drastically reduces fossil fuel dependence, slashes pollution | California Air Resources Board - California Air Resources Board (.gov)",2022-11-16 08:00:00,https://news.google.com/rss/articles/CBMikgFBVV95cUxPTThZQkJHLWktZ0g1WEtjLUdpNmF1STdsakNDOHZJU0JDUXpuX3pPZFNsd3lQeVg5eW1FbjBmNWxJYlZIaHhLQllfckVjLTFiYzhJU0NndXZLclFZWFJaNVZEVjc4UkYzdjE2NnNYVTN0WmVGd3hpQmJLcEwtdHhGdWt6ZFc2Y2JpcHNZRlhOU0Jndw?oc=5&hl=en-US&gl=US&ceid=US:en,California Air Resources Board (.gov),-0.2023
Trust in social media is changing. Here's how it breaks down by age - The World Economic Forum,2022-11-04 07:00:00,https://news.google.com/rss/articles/CBMikAFBVV95cUxPdEc0N3FfR1VQdnJJdUQtLUpsVDZkb1NrTW1iVS1zX3QyS1VsVFJfeFRzd3FBcldKMzhyWk5vUG5SbzJaRi1lRGNaQVhPUlBheDlUa3g0S19lWkc4VHl2TFB1dFo4ZUJnay1CUVh5OF9rY2tDQm15NXQzbF8tYzVqYmJNWi1PcW5SVEd2eVpaSzU?oc=5&hl=en-US&gl=US&ceid=US:en,The World Economic Forum,0.5106
"Watch Former Vice President Mike Pence in an Exclusive Interview on 'World News Tonight with David Muir"" - ABC Network",2022-11-12 08:00:00,https://news.google.com/rss/articles/CBMif0FVX3lxTFBCNmxvbUtTcDNsNEdta2UxanpMcXNGYVVUZ2VXQ0xUUHgteS1fZ0ZWZVhsM0poVkhOZ3hOY3NyaVk3ak40RFQ4QUFoaUF3MWdFMkx3c3ZjZjFOclFYazd0OFhfTzVtTVJtc3FiVDZJNTFQU3RmVnZKbWZ0dUoyVHM?oc=5&hl=en-US&gl=US&ceid=US:en,ABC Network,0.128
USF Ranked Among Top Universities for Global Education - University of South Florida,2022-11-15 08:00:00,https://news.google.com/rss/articles/CBMickFVX3lxTFA0TnZyc2xURWhvMEhtN3BvTTFMaHJHSDZRNHVzNzE0RjlIZGdCTDE2anBRZnNRT2xRS3lnRi1iclRwNWw0QW5QeG9kQnJSd3FWN0hibjVYR2FVWUdjY0lqUzJEUlN3bWRvcjZRdGdxLUhLQQ?oc=5&hl=en-US&gl=US&ceid=US:en,University of South Florida,0.2023
UAB ranked in top 8 percent of global universities by U.S. News - University of Alabama at Birmingham,2022-11-07 08:00:00,https://news.google.com/rss/articles/CBMipwFBVV95cUxPUVRYU3FVaDM3d0t2WFY4a1hZTjAwUUFqdDFDZGR5LXVxV2Nya1pRQWp4OHl5b3A2Z1daSTNWam5OZUdfUncyYV8yamlxWXlrZHhnT2xTVzE4YmY4N1dFVlhTQUQ2d0d5bFdYQU1MVDA2Vi04d1ZrRjg1TXZyYmFXTzkxMEVRWXVHLUt4a05Sc3AxVUNMRDMyNnowMjVMMjIxWVJ2ZVgxQQ?oc=5&hl=en-US&gl=US&ceid=US:en,University of Alabama at Birmingham,0.2023
UNC Charlotte rises in U.S. News & World Report global rankings - Inside UNC Charlotte,2022-11-08 08:00:00,https://news.google.com/rss/articles/CBMisAFBVV95cUxQSHcyeHFxZDhVcjM4bUN1SjdBM1NaMG1KTWV3M19xSVdETmZiTVpSOGxEbjVzUWhlUExnazlUUE1UYTktUFBOMFJKZVFFMzZzcWUtc2dSVjlCZFJUcG5DMHZOajdNaUN0c3hpbmwzcUVmOFF3c29KazJqZ0x5a2g1ZFBzam90SmR0NnE1QU1JQTZ2OTFiUnNMN2s4Z00xeGVsUHJRVkgzUllVRVFLNHBZMw?oc=5&hl=en-US&gl=US&ceid=US:en,Inside UNC Charlotte,0.0
U.S. News & World Report ranks VCU among the best global universities - VCU News,2022-11-18 08:00:00,https://news.google.com/rss/articles/CBMiqgFBVV95cUxQVXBYbFhWdlJIdEJRbFA2WW1UUXI4ODhCVjl3TV9ZSmFRRGVseWFrYXF5V0d1eHlpUVByaHpTaGIzY0JjNGdMUnh3ZzhlaFJfbkpZVGpGbUhEeW5JQVRkSzA2Y2s2bWhKdThpLVQxd2U5eVJEQWwzc2J3emlBLXYxWEVtQ2VLV25FaVVVMGltNWUwQ2JwNGJvRDlYNk1JMldNSl9UUlppaWVaUQ?oc=5&hl=en-US&gl=US&ceid=US:en,VCU News,0.6369
Pence to Muir: Trump's words on 1/6 'endangered me and my family and everyone at the Capitol' - ABC News,2022-11-13 08:00:00,https://news.google.com/rss/articles/CBMimgFBVV95cUxPdXlkRkNGYjdXSHJJUVkwY3dpbjh1RVBWRmx1VmxIMS13aHVTOS1Kak9JUXMtcFlHQk90Y0FCN2U2LWozZEJRZndpLWJzTjhHZGlJdVdkZlUzV1A2SGhyQTFIZWpFWC0wc3NCS1ZuN1NJRFcyMjRGZEVUYWNDMV9qR2d5bkxjdzJBQ19OX09oT3JnS29qcjlXemFn0gGfAUFVX3lxTE54Wmx2bUgxdVVkWnhUelg1MGw0bWlaNS0yWTJTQUxfRG9IOXlpMGZhT2ltRl9iUHkta1hfLWIwU184VGZOaVBFWmJUWVA4Z3Q4eHUwMXlUM0FacWZmd20wRGZHRkVyT3NxSzR2UVFWSEZRTndYSTFScWFQN0FROWwxZjdXcmt5QWp1bHBkWFViMzIxbWFQcHJIVHlESlRkZw?oc=5&hl=en-US&gl=US&ceid=US:en,ABC News,0.0
U.S. News & World Report nursing home ratings poke holes in CMS ratings - Association of Health Care Journalists,2022-11-23 08:00:00,https://news.google.com/rss/articles/CBMisAFBVV95cUxPS2JYQW5XRFdBbEEwRUF1bXFCQ0dMSGQ5aEtDYTNpckN5djUxX0hUNzF6MjlQaTRzcklXZ0tMaUU2amo2U01FbG5pblp4YXY3LTRtTFBndXJLM1lwd1plNFFqNzhjdkZJUnRmSi12ZVY1a3dyZ2N4YTlKSTJrbFc1TWNUQUIwYWJVeVh3dGxsT01WUG9PTExsTlNTQzRzd1l3dVhvenhmbXQzSGVEaUw2eg?oc=5&hl=en-US&gl=US&ceid=US:en,Association of Health Care Journalists,0.4939
"The World Has 8 Billion People, 662 Million of Whom Live in Latin America and the Caribbean - Comisión Económica para América Latina y el Caribe",2022-11-14 08:00:00,https://news.google.com/rss/articles/CBMiqgFBVV95cUxOZlRCczVwWmdONU1XbUlIbHVIQnZma29ybDREcktOMDRnY0NQdVJBalFVZmVFeGRGd1FhTXp6NmxCOUZnRVhZeFphZDlmRmY4TkpNMEl0ZFV4SlRaYjZSWWgxbWhRLW5TMlFnZkloeTFGZmdndWgzMUdwYmVCVG11SnBFS01Ld0tPWXR3OTZkR0JRekU0ZnlMQ1V6dXlJcV9ndHFNMk5OR2N3UQ?oc=5&hl=en-US&gl=US&ceid=US:en,Comisión Económica para América Latina y el Caribe,0.0
Opinion | Why Global News Is Essential for Individual and Social Well Being - Common Dreams,2022-11-10 08:00:00,https://news.google.com/rss/articles/CBMipwFBVV95cUxPRkFLLTNGNVIwdy1wdzdsVzF5aWFoN3dkZ004Rl9vVGNpcWZOMHdRSmY3dE4zTHhLOWxsUk1lQnZuaVVYY1hkdjJnTXRZSl9NTlFJZUlNZFpCVS1LTEFmQXYxOXMxMDd5OUdhZnhTQkNCbEN1SG9mQzFSMjB1OG1wbHVrRG1Db1RSNTJaV3VtV0VrYVJBeTRHc2Jwc241MmdDM1FRTG1jTQ?oc=5&hl=en-US&gl=US&ceid=US:en,Common Dreams,0.5859
Nearly 40 million children are dangerously susceptible to growing measles threat - World Health Organization (WHO),2022-11-23 08:00:00,https://news.google.com/rss/articles/CBMivgFBVV95cUxQT0JIa2RsUTB0eVY4ek04Mnpja2JXS2RWUFFVYVNfWXdTTHlZczdUUEpYbkpqa0JwV3hFTy00dy01c0VueDZtaTBvUE15NFFpRVNfMk92aXNEN1hSYmFjZk5CU1FnS2N1aWhhTzM5OVJNZVRYRmdzRUpVaTN0MkUzUDgyczg5M251b1llRGp5WnUydU5LRTNrbl9LbTFaZ0NKMHJLWEF2UWtDbXktN2NQZmhxR3pnTXpUWkcxT2RR?oc=5&hl=en-US&gl=US&ceid=US:en,World Health Organization (WHO),-0.6908
Video Mike Pence opens up with David Muir on Jan. 6: Exclusive - ABC News,2022-11-14 08:00:00,https://news.google.com/rss/articles/CBMitgFBVV95cUxPdWNmMnloOVYxajNZcWNBQkZ0SktEMExuYUFBSm5lWHNvRmdHNWJ1b3JXb2ZrS0ExdGYtUHhfdGx1bE9fN01HdUVRNTlBS2JzZ29qckRWTEVTdnpLdFNsVGhXUEs2bkNRcmZEWVZBQ2s1Q0tVaFFHR3hTOHZRYXVZWVZNcWU0ZkhLbzU3T19uVE1reEVtaUhaSXA3U3lJT2RLaXRTY0w0NTA4WElLNTVLVGg0SFBDQQ?oc=5&hl=en-US&gl=US&ceid=US:en,ABC News,0.128
Is a recession needed to end US inflation? Plus other news on the economy you need to read this week - The World Economic Forum,2022-11-18 08:00:00,https://news.google.com/rss/articles/CBMihgFBVV95cUxPTE1wRV9QUDVhaWhpdWJiN3RlLVFrZm1LMnRQaTJBYlZHUVdMYjE4ZUtjam91UWU4VmVtczlfeUQyYzhNeFlieHpEaWlWVzBfaUNnVFJpYmJVdVhkb0duWF9TbzRkQVZiTFI0TGpTSXhRTllRd3NPLTZVb19STzhlcW9uTXhMZw?oc=5&hl=en-US&gl=US&ceid=US:en,The World Economic Forum,-0.4215
WHO highlights oral health neglect affecting nearly half of the world’s population - World Health Organization (WHO),2022-11-18 08:00:00,https://news.google.com/rss/articles/CBMiwAFBVV95cUxNYmlPVjNCbHU3VFBySG5OX2pHWUZLMlhCa3VIdjdxcmNWMFJNREJRVGFiSVJCVFdMUldmZEY5MjRyNUVrdkZsQWZ3TXVERDE2UW1iOGJ2MUJWUk8zdHRydHY0bVMwUjFfdU1Zd0RTWnBUaTR5alVPajlDNExLODFzMXR2V0xiZlU1T05fZG1Xck5tWURSUVJEVms0QzFEckszQVI2OFBobnRnNGRxY3hNWEVyUlVYeXB1VVNneG45SHk?oc=5&hl=en-US&gl=US&ceid=US:en,World Health Organization (WHO),-0.4588
WHO advises immediate skin to skin care for survival of small and preterm babies - World Health Organization (WHO),2022-11-15 08:00:00,https://news.google.com/rss/articles/CBMivgFBVV95cUxPMUFFaVBqRFFPakJid2lLZVZ6c3Y3a295cFBNY2VpaWxmNlpGOUIwdWQzLW5WNGUyUTc3SUxvckZlaDU4TGg3aU9SZW9yWkFwMTdncVdnN05VWXNnMmVDSzRyZEN4Vy1NamthOTNLUml6bWpSaE5OY0NpSGtNUjh0bFVOR19sRGh5QnctTF9IdWZESldkb0txNWpUVDJudGxlUXRSNHhwd3BDMTNsTG9YVFl5UDdiWDV1Tk0wNklR?oc=5&hl=en-US&gl=US&ceid=US:en,World Health Organization (WHO),0.4939
China's protests: Blank paper becomes the symbol of rare demonstrations - BBC,2022-11-28 08:00:00,https://news.google.com/rss/articles/CBMiX0FVX3lxTE90MXlBQnljS2hWS0IzcDlsVHBrdXhmOEdVWXhDa0k5cGdNZHRkNjFybTFpRFUwaXVFVHhjeUdLUjNZTGU4bGlCeUxSV1hrLTdXbHZydHF0WGk0T2diZFVB0gFkQVVfeXFMTk93al9jODF3LXNibzNMQVg4OXFEdC1fZWEzSTdyVV9RN1J4UjhCMlpqVzdoRmpmVlBSZEkwWklFNzRpaUthcUk5aTRLU2htVlFZOEtIcXZpYU8xYVcwWF9nb3JPVA?oc=5&hl=en-US&gl=US&ceid=US:en,BBC,-0.2263
News Outlets Around the World Report Findings from ICFJ-UNESCO Study on Online Violence - International Center for Journalists,2022-11-22 08:00:00,https://news.google.com/rss/articles/CBMiowFBVV95cUxOWG5yMnhUMWVPN2VWQTM5R01yaVMwUlFFb2l3NnVYQkJGZTdPSXM5X0cybnQ3UFk5RzFaVVAxYVNDYlNYdndySlo3QmlaR3pXci1RaU0wT1ZYUmxGRnR4TnlLb292VGR2RVBibFRnaThvWGt1WUIxYUg4Si1oUXNsb0NpalczdEtKaGExdVhpb1dwem93a2pCeEQwUGwxdkhTX3ZB?oc=5&hl=en-US&gl=US&ceid=US:en,International Center for Journalists,-0.6249
Costa Rica's Forest Conservation Pays Off - World Bank,2022-11-16 08:00:00,https://news.google.com/rss/articles/CBMimgFBVV95cUxOVFliU3BuUkV3Z1lPUVpRaWZzWWU0STVuN1YzWVVtak01bmQydFNKdlNVdW9DVGxUVmZGd0hUQ2tKN3A5cWpPN3ZYdWdrU1ZwZlVMdHRXZFdicDF4QXV4ZHRpejZIbmdDbVQtb1FnQ2psOFZEWDhIX0xkTGdyWEhPa1ByRmU0MHdfZldxeHY5dDg5QW5sYjJQLVJn?oc=5&hl=en-US&gl=US&ceid=US:en,World Bank,0.0
WHO to identify pathogens that could cause future outbreaks and pandemics - World Health Organization (WHO),2022-11-21 08:00:00,https://news.google.com/rss/articles/CBMitAFBVV95cUxOc3FBZlhTODd4b2tEUzBnTFpiSVk1dnBVQkN4eDBQWlc1MDJTcjJZZjUybXJiTUVVOUd3Q0xxamh5UHpwejdaMGNrME5wbk9MVHJnN0JRdEtQSFNKZHJzNFZKdE01U2ZteENNSmtvZzBZbzkxVmNsNTA5Z0s3ZDlXTE1HU2RPNWxHUUJCMjVqdlBmZF95aWV0aTR4VVFtTFJCazlKdmNHY1FvM19vamdpQWRROHA?oc=5&hl=en-US&gl=US&ceid=US:en,World Health Organization (WHO),0.0
A whole new world of learning via MIT OpenCourseWare videos - MIT News,2022-11-07 08:00:00,https://news.google.com/rss/articles/CBMigAFBVV95cUxNNDZPeHVuUFYyUGhIZUlvbTFVVmlmX0dBcmxnaTI0QjVER3RVcE8xaU5BXzBzNTg4Ym9wZ1lpYW9hUEtRWUhMRzAtQ1ZueGtUN3JUS2lCVkZvVjFqUUlVS2JVQVNCV3BSbTVCZlhRV0FablQ4WEJzNnk1eUREREZsaQ?oc=5&hl=en-US&gl=US&ceid=US:en,MIT News,0.0
Eight warmest years on record witness upsurge in climate change impacts - World Meteorological Organization WMO,2022-11-06 07:00:00,https://news.google.com/rss/articles/CBMioAFBVV95cUxPVnhaRGRhZ0I3RVR4NVFFUUptUVBJbE1xVTNRTExaa3o1QVBfWXgydVJHU1k0bklVZHlRNkRxS2hqUnFrN0NHSFA3dkZ5UEhYSDljSTFTVnVwRncwMEdCZkRsYTNxcDh0dU1ueEhLZEloQVJnUkUyck1UVU1MV1MxV0Q1a25tU1ZNSTFxbTlUNmtpU1Y3dXRHUC00Vms5bERF?oc=5&hl=en-US&gl=US&ceid=US:en,World Meteorological Organization WMO,0.4019
Closing the student representation gap in global education - University World News,2022-11-05 07:00:00,https://news.google.com/rss/articles/CBMid0FVX3lxTE5BeWVuSHNacEhHdGpNWDJRMnhGclVPVjdpN2p0eWZnV2dYVFR3anhuY1NyVE9QV0NDTDZPY25mdG9yel9HWEZNbFIyV2R5QVFFSTlGZFlwelNtaVVLX1E2aXNsYnlVZ1I5UFdhZ05kOExZeWdnbFRR?oc=5&hl=en-US&gl=US&ceid=US:en,University World News,0.0
Qatar: Rights Abuses Stain FIFA World Cup - Human Rights Watch,2022-11-14 08:00:00,https://news.google.com/rss/articles/CBMiggFBVV95cUxPNkhGLUNIRHltUGNRcFEya0pwNTluRkRaakYyWUVKcHJWU2xiQXhSaXI5NG5xLUc5dHZmeWxGcS11ZkdUc3FKNkxueExxdkZfdmhlU25KX0RxdEYtZXBGblBuU3RHRVFnOFgxdzJWYndMU3FDRC05bi10OE5LMnpGb2lB?oc=5&hl=en-US&gl=US&ceid=US:en,Human Rights Watch,-0.5574
Verlander's Game 5 start could check long-awaited box - MLB.com,2022-11-02 07:00:00,https://news.google.com/rss/articles/CBMigAFBVV95cUxPQ1kyaXpZRnZaRlJWTzF3a1ZPOEdqRUFXTGJUQS00VlE2c3VtU3BHbTZzUFpGSzlNcWpuQjJjRjVDeHFaRkJCaFhaSl9tSUJ5aHp1WElsOUdDeXR4VkVJRkR2V1ZYTXFMeWdDdGh4VWFoU1M2YzZOMlBQZ0Z5eW85U9IBjAFBVV95cUxQS0V1UmlNYmtPdXVGQk9NbHF5UEYyQnRmUUJjZElKdGxnZXp4RHBtalZuTTl2cXZOb0daaVNlYk5uSktvaEhsemlaazIzRTV5RGJTZzFJTEh0ZWZBWnNUaHRZbWwxYlFPTlVEaHp0cmNtd1JKU3hROFhrc2gxa3RORkstcXJDNi1sTHFSeg?oc=5&hl=en-US&gl=US&ceid=US:en,MLB.com,0.0
Return to Aeternum: Team Interviews - newworld.com,2022-11-21 08:00:00,https://news.google.com/rss/articles/CBMihgFBVV95cUxQVGI5dzRwcW9UNjE0d2l3clk0LUN3TkMyUUhvQXZwS0lkZjR3Nl9kQzFwRXQtUkk0OW9fd2ZxbmdnVVBXZVpsWkFSaEtGWVJzOUptWUk4YV9HX3A4amhUSHdDWk45UXB1VEZVZUdXQ1ItS1cwal95Qm1Ma0YxR29sMmxYdzZBQQ?oc=5&hl=en-US&gl=US&ceid=US:en,newworld.com,0.0
Using sound to model the world - MIT News,2022-11-01 07:00:00,https://news.google.com/rss/articles/CBMiWEFVX3lxTE15QndVMlZQWUdxMk81cE5CU0tLSThSZE05QTU2b20wajZZTUtDdFpCMmtPUU41QnVxTHRPY1JZakJ5SnV5NW1ENUQ2QWNBckVEMXNkc3NuSGw?oc=5&hl=en-US&gl=US&ceid=US:en,MIT News,0.0
One year since the emergence of COVID-19 virus variant Omicron - World Health Organization (WHO),2022-11-25 08:00:00,https://news.google.com/rss/articles/CBMilwFBVV95cUxNT3FhSGw1bnU5N3ZtLXZwdExmNTZ5N2x0Nk13WjZGSG9GZlhQWW1OcGlFZlE2VTBsS21rQ1laTkU1U3oxNTVpOEVFRTc3MTVlNEYza3JEcWY5UmVuUVFNaDZubEZDRTMyTDV3S2dkSXJtMkJjdEZXc0J6blk0b2pPU2V1a3cxTTF6SHVUWXJDNGtHQ1ptZm5z?oc=5&hl=en-US&gl=US&ceid=US:en,World Health Organization (WHO),0.0
"US bans sale of Huawei, ZTE tech amid security fears - BBC",2022-11-25 08:00:00,https://news.google.com/rss/articles/CBMiXkFVX3lxTE1PMXVsQkhEX3VaeGtpNlVIeTQ4MWgtZzV0bTYtWmU5NmlCTVNoZG54UVpRd2tpSFFzenZBSnlWYWYzWnpSMWJrUXdVaHhSVThsQ0tla2ZjSUJMWlBMaUHSAWNBVV95cUxPVGV0TFR1bDFQVWo3SDlvQXZLZ1NBZDBmX3JHLVZoZ09lU2JCZDB5V1hpb3NDZWFjVWx6TmdNZi1LVVlGVjhkSW05Q2pUZ1BxYjdPVlplZ25rVlRNYW1Qc1RJS1U?oc=5&hl=en-US&gl=US&ceid=US:en,BBC,-0.1027
Pope Francis: 'Three world wars in one century: be pacifists!' - Vatican News,2022-11-06 07:00:00,https://news.google.com/rss/articles/CBMirwFBVV95cUxQb0hOX0hzbkhSR1FFcGpfVE5jQ2tpRGVSSmpqX2hySE1HRnNIU25QZXdwemU5TUlRYU5Da2pYUnNZSEFUMDVMcHFPbXZwWVFZN0FPV2E3Ul9yUXVKdDVUMTlxcW53cWVTbF9pdW42NTZUbVVUMWMySENvTUJ4OUZBWnFpSzFGdTg1N3czbWlXVTNYX3U1bU01TFpuSGhad2tyenhicHo2cDdsTUpqNmZv?oc=5&hl=en-US&gl=US&ceid=US:en,Vatican News,-0.5983
What happened at COP27 and other climate change news - The World Economic Forum,2022-11-21 08:00:00,https://news.google.com/rss/articles/CBMimAFBVV95cUxQNDBfZGZMWC1DX19sN1p1OWtCYUpuSU1ESHE1dGRWOWJTVnZBUVJmek1kRzJaa3o4Uk1JeFBQdnI0LWlZM2JTNFBDN2hUUDRzSWt0Y0J5dDRWamNZelUyLXdmaFV1NVVmSkZJZlBCZFEzaG12UVVnTENmV19QYjNPb1ZiSV9TeW5QMmdjSG1DcEVVS2gxS2pxaw?oc=5&hl=en-US&gl=US&ceid=US:en,The World Economic Forum,0.0
World Athletics launches Champions for a Better World programme to address athletes’ concerns about climate change - worldathletics.org,2022-11-03 07:00:00,https://news.google.com/rss/articles/CBMigwFBVV95cUxOUjBLTk9YWUhTODRnclNzOWFHdE81d3hLSmZDckNCZTlRc0dzU3pZUEVqdzlyREZ0YjdTNTRVMGpvTWxKdUEzT19HNzZNRDI2dGdCVEtma3pFUDRTSFlKUW9KT0V0dUQ2UTVLbXBQM19YR1EycWYyVmR1Rl9vT190cWhMSQ?oc=5&hl=en-US&gl=US&ceid=US:en,worldathletics.org,0.743
UC Berkeley remains the No. 1 public university in the world - Berkeley News,2022-11-03 07:00:00,https://news.google.com/rss/articles/CBMingFBVV95cUxOWVh0TF9UUVNTUFA2VUwzbFFsN3BSaUpRV21MX1RIT0VQRk8ybDVncGkydnYzMFozNGt0UlE0SGlOOXJrLVdUeE0wVVRJUTZkdDFHUDEtbXMtMTBXTFRyUDBxYm1XbmdscXBaSUxzRHpQYzNkYTdMSWtDeXFzT3N2WlZpLVRUWWdRbGtoNmgxQTNKUnBoQkFNNnR6c1VSQQ?oc=5&hl=en-US&gl=US&ceid=US:en,Berkeley News,-0.296
Titanic: Visiting the most famous shipwreck in the world - CBS News,2022-11-27 08:00:00,https://news.google.com/rss/articles/CBMijgFBVV95cUxPSFBnbjRWM0o4MDVwclgxU1lFd0xJaU8wRHlZUllFM3FWM2huVU00ZWR6c29JX0QyZWVtc0NoaFYwaTBLbTNoM28wOEE0cG9RdFY0MlRpTVNTbFUwV05tcWhjazY1LU8tQ0hsdEl2d1R4c0NUaGZsVllIeURaYzl2UXpxbEtfaEU0RlNKVER30gGTAUFVX3lxTE5TMFVUY0JKVnFGTzVydHBDaFZGWUpZbHdzRUYwUjZMdURiODR6Y2xmbVhNS2NUR2wyZWdEcGloZXBZVDhhN0pzcktuRC1NM3d6M1E0eHM1dXVXMzQ3ME1ic0xWNjdYQzZCMThPdVdJdWl0eEg1TEw5anRTN2VyM0Zhd1p6X2tRUWgtMkpRSldTVTlIWQ?oc=5&hl=en-US&gl=US&ceid=US:en,CBS News,0.0
"LVHN’s Steven Lewis, MD, Elected Secretary-General of World Federation of Neurology - Lehigh Valley Health Network",2022-11-09 08:00:00,https://news.google.com/rss/articles/CBMiogFBVV95cUxOcmZVeGhGNmNWVGNCR0QzZlItOElaUENreXFmZmVLQVpyME5BeGx4LVduQzBBYmJZMDN0Vy1mdGUxZlg5bXh6RWI3bDV2N0hWTU1pRmdGTlJBckRtN1NadVlhdlhCNDM2SDBzeG82bHBQeDhOWi15V09uUU9RX1RpU1hwV05VdDktLWlnUU8zdndiZER0TE1vWnhHVHdJU2NCcFE?oc=5&hl=en-US&gl=US&ceid=US:en,Lehigh Valley Health Network,0.0
World faces food insecurity crisis as global population reaches 8 billion - ABC News,2022-11-19 08:00:00,https://news.google.com/rss/articles/CBMitgFBVV95cUxQTkdUcW4yTF9na3A3Zy1RSHF1SWRuR3J4c1MxM2JHREN0THd5QjdzWmhmLThoMVN0TDIyVlVnc3dfay1DdUJhYzNfYnJNSUtLb2ZHNUpDY09ZLUVvaGdZTEdNMmtZd2JKRnd6QWw0N3Y3blc0S29MdDBqazRJTmJyeVROVUhpVng0WUZoY3M4eWZ1R1M2d1R4SlY2QktEaUR5aEpWODRKeF9SMzVIN0lleWVQdng0d9IBuwFBVV95cUxNTEl3cC1nSkhVaU56VUUxcEdNNUlqYXk3eWlVT3licTRienZlQmVQX2M0X011M0dzMjZmWC1MVXdIT2J3NjBRVnkxcXFjNDBhM2Y4eU9kaUl3cS1vUHdoY1FjMjlleGIwYkRxZVc4QzdXYUFzdUUxUUVxNi02aFU1d0trTC1qRzJYNmI2REI4U1J3cUlrdHZlOHYwbHdGVjhvNmlIVHY4WTZ6VlZINmpFN1Zod1FNWVQtUmxV?oc=5&hl=en-US&gl=US&ceid=US:en,ABC News,-0.7717
Meet student researchers impacting real-world challenges - ASU News,2022-11-15 08:00:00,https://news.google.com/rss/articles/CBMijgFBVV95cUxNYWFxcDh5M1UtVnU1MDBnRlUzdW8zQnpCSklJcVlYRWZFX2FXaTVlNThwcEppV2NONl92VFZYakwyNV9BWGE2Uzhpc0RlYmZJaHI1WFhSaVl0YWdicFQwbnF0R1pKMVFJcjFCZm5xWE0wQUJWeE5ORElTYl9mS3llTkRSLW5SRGt3ZTlFaVh3?oc=5&hl=en-US&gl=US&ceid=US:en,ASU News,0.0772
Canada: Why the country wants to bring in 1.5m immigrants by 2025 - BBC,2022-11-21 08:00:00,https://news.google.com/rss/articles/CBMiXkFVX3lxTFBVbXpLV21vcXhhSVlhYTdZOGZNQ3dESDJaVVlxVTBSNjQtQzJjTFNkY2JLT1FDVUtnWkNEVHNwQmt6SG9fMnVaZHNYM0hBbzdZMVBpR3p4aDJtRDNEcFHSAWNBVV95cUxQT0VrbUhWR2pnZlFteHR6a1BhNEd6Y3ZRY1B4Z3NERjFSYnhEQkg0YW05cXlpYlBLUFIwV2d4TkhuVjI4bFh6UUk2Z1dUU0JVZEpYeDRUSU5WY2kwM0NMVXFBbms?oc=5&hl=en-US&gl=US&ceid=US:en,BBC,0.0
Health must be front and centre in the COP27 climate change negotiations - World Health Organization (WHO),2022-11-06 07:00:00,https://news.google.com/rss/articles/CBMiswFBVV95cUxOS0FyU25LbGZNVVJna0ZwMkxhVVJ5TzZRN2JsbExzZDdqZHRjcjRCeGI1VWwtdTFDR2EyeXNvdFV0UzdCUVh2ai1NWVA4ODE3X2tuWHY3YS1ZZERIYjEyXzRaYV9CVlRDR3FhdkNUbTJ2QVlIQ1dTcnY0V0E3d1RKd1RZRXdtRXFQRE1MSFZzZHNXcS1DSGRyLWtnMFF0RFp0VGt0aGU0Tk5TUmhGUnBBQTBCZw?oc=5&hl=en-US&gl=US&ceid=US:en,World Health Organization (WHO),0.0
VIRAL: A World Without AIDS dives into the epidemic and a 40-year path toward progress - ABC News,2022-11-30 08:00:00,https://news.google.com/rss/articles/CBMikgFBVV95cUxPWG9tTnhBZFdrZlFZVkUtRFJCVmRWZU5fWHd3N0dnVHJJNzJQemdNOEV4dnhDeTcwUlF0a09WSV9pNmZfcmhPVlVoZHUzdTVWbHNmeGNtaTl5WGRSdDU5Zkd6WDhBNmFjRlhWNm14RGdKajBscVFfOTFYdFJqRkJCU0cxZ2VpbUFHdG1Xamc3NjYwZ9IBlwFBVV95cUxPQ1ZvaTZtbXJZaUVoNkxhbzZ5NHBSVm8wWFRiUFAwLVNMTUpOU2VqTlJJeHo2UW9vM3M3YkczeXNmb3RHWkRSMFlsZjNUczdiaURkTnQySFRNXzVJd1RVS3dBbnp2MThvOUNtd3B4aTEwemR3d3VyQmFEbC1QTTlRb002TmtBVS13QmxDOU92VWZxalZlR0ww?oc=5&hl=en-US&gl=US&ceid=US:en,ABC News,0.4215
Global energy crisis and COP27 – key news stories this week. - The World Economic Forum,2022-11-21 08:00:00,https://news.google.com/rss/articles/CBMijgFBVV95cUxQU0phRzlua2dGaVh5dFJacXJIUUFUdUEzdGpVajI2dzd4cEN5bC15WUVkNW1QMW9jd3FtRUNxQzhsZVpackVwTG1VbkxNSlNSZERFck43elgzRW9ZRjlRSHNiZzg2STBhSmFoLXVWOENyZVd5QnM4TlY2QmtySmJJU1RvS2hqTldMdzdlUlRR?oc=5&hl=en-US&gl=US&ceid=US:en,The World Economic Forum,-0.4588
Fortum and Helen to explore cooperation on SMRs - World Nuclear News,2022-11-25 08:00:00,https://news.google.com/rss/articles/CBMilgFBVV95cUxOLXVkcHFoT1lnMEpLSFV4RWJzdEk0d1ZLbnNDNnpzNjhtTGUtNHFGbDBieHlrOFAtMkRmOEsxTVY1YWNSZ1pBZHpnT1hONGZHV3RONno2RXdGZHRqcHBaQWRYXzdpUUh0Slg3VWp4R1EtYmZHMXMyazlud3JYd3UxZDR3N1lKV090dFJITGZoc3IxNlhjdUE?oc=5&hl=en-US&gl=US&ceid=US:en,World Nuclear News,0.0
Electric Vehicles: An Economic and Environmental Win for Developing Countries - World Bank,2022-11-17 08:00:00,https://news.google.com/rss/articles/CBMiyAFBVV95cUxNeE03bnRHQkY1T2M4VmJ0ZGRDWTl0TExmeEhxSjVBb0N5NWdSdVZNZWJqOG9pdEpwRHpCcFl0aVBjN1p4aTlEV1dUaDBYY1RNa3NqbE1VVlNORURMaGU2dWlFZldwb2RpZ2dzYkp5ajZBS1hDSXJOQ2xtUGpRNmo5QVduS2x5V2FoVHVFSTBfVjVEQTJTbmNHQTBxUUhrV3JqMzNoNkFxOG1LVTBYNElxZzkzVHp1dzlLdDhkcENSc1hPRlNZeGs3aw?oc=5&hl=en-US&gl=US&ceid=US:en,World Bank,0.5859
Explained: How climate change affects mental health - wellcome.org,2022-11-07 08:00:00,https://news.google.com/rss/articles/CBMiggFBVV95cUxQWV94TzJDY0VKRkhSSWswajFORk1nWlVHNjFjM1laZkdaSzhlSlktNDRwWHNHR3F2aC1WTUh6S0Y4T0Z5OVlUVERiTW02TXlFZmhINkFtdVozLWJEM1lwT21nQURLTHVGY25LQ052RWlDX1ZxMThrNWwwRUVqZnJaNnpB?oc=5&hl=en-US&gl=US&ceid=US:en,wellcome.org,0.0
India’s higher education is opening up. But is it ready? - University World News,2022-11-05 07:00:00,https://news.google.com/rss/articles/CBMid0FVX3lxTE9oNFlrNUE1dzlTeUM5QkhrSlZ5WnFvZTRhSE9VUklMX3pLaHdPNWNTOUFodm4tWWdUY2ZKUFgyMFFRcEJ6MmNqcTh5U1NxN05MbmpCZDJYUGpET20zSmk5MG94UWVIMTdPSHAxQlZlRDFObk5Ocnc0?oc=5&hl=en-US&gl=US&ceid=US:en,University World News,0.5023
NDTV: How Gautam Adani will run India's top news network - BBC,2022-11-29 08:00:00,https://news.google.com/rss/articles/CBMiX0FVX3lxTE50UVhGenU5MGU4UXVrc3A3YWVELUppNUJLenhVQUNYeUc3U2t6WjJ6T1ppdDJVaVpzUDdBNk41WExkU1pyOHJDUkQxQmprY3RIVl9ELWVuUjNYSmpQTTkw0gFkQVVfeXFMTldHMWlPeTlMM0hua2R6UmYxcDRkT3ZVNFkxMmp3SWNPMG9Wb1NsdHVFenZ5djdMZDJMb3VRT3kweWRLTm8xZGVTTTNjMUFUWFlYYU1Rd3V4RlpKZ3VFUW5fQWxvcQ?oc=5&hl=en-US&gl=US&ceid=US:en,BBC,0.2023
"Drought in China could devastate global supply chains, energy transition efforts, experts warn - Rice University",2022-11-17 08:00:00,https://news.google.com/rss/articles/CBMivgFBVV95cUxOc0RyR3doWFRRaGVaclFkcEphRWgzaE5Ca21tLWNxVWpaWHlvRE5SVFphdnY4aDdpSVU0Sl9YZzZBR0poblpIazg4dUFhcjNrWVdMbkVoVG1MMkV5emFfTWFkV3lNWnE2bEt5NlhTQWFELWZKOVBFV2FnTWRna3o4NmZ5dkVhVHlPMV90ckt5eFA3aUUxay04TFFBekZNWnVkdzR6MElhOWJWeUNoSnB4aDQtcmVicFdIUUw0ckh3?oc=5&hl=en-US&gl=US&ceid=US:en,Rice University,-0.5267
Ebola disease caused by Sudan ebolavirus – Uganda - World Health Organization (WHO),2022-11-10 08:00:00,https://news.google.com/rss/articles/CBMiekFVX3lxTE9ZRHFqcVgyNXZkSVV2VGhjTlJLUDZCaDVKVkxFaWswTENqcmpwN1U0dWRySHowcjhSaGpwZnlLb0wwX05RMmJCdGdkdmdsVVVRaVYxbDJzaktQdV9LSmFIckp3dExtWjVvcGpsVGN4VVhhdVJhUE9OdEJR?oc=5&hl=en-US&gl=US&ceid=US:en,World Health Organization (WHO),0.0
John Lennon’s killer says there was ‘evil in my heart’ - The Indian Express,2022-11-08 08:00:00,https://news.google.com/rss/articles/CBMiogFBVV95cUxQeFZhUW1PY19KeE44Y1MxY0JWSl91T2F5VUxBMDdfY3V6RlNtYzIyaUl4bUR1OEwyYlhVb3Rnc0ZDT1gwVkpiZWp0TGxMRHNxdjBLR2JZdmI0NDEwSFI2YmdRWm5IMDdMYjhwUzctUkFSR3c3OWE0OXBUTlBXcktKWXpTR0dZaGRFVzY1Smt0TkxXNmhlOEoxVDlLel9weWFQMFHSAagBQVVfeXFMTk45alhLX1hPNWs3R2VpMkZJajJaZEt3Y1A5cTVVM2N2TV93bjMwdnEtZHdZbUFYVGpBTVY3R2VIVWdQZ29RM0h5aVdfendxVEllZWl0QmNLYnh1Nkh4NDgxSnp6cEpRZjBubl90WFFIaW5VV3llVms4aGFCMXBCLUlSTVUtMUVsRUFnS0xGaXJMT21RcDZtdXU2RC02WmJfMERUNnRTS3Fl?oc=5&hl=en-US&gl=US&ceid=US:en,The Indian Express,-0.6486
Global Democracy Weakens in 2022 - International IDEA,2022-11-30 08:00:00,https://news.google.com/rss/articles/CBMiZkFVX3lxTE5CRWVsckUyX2hqczBmTnIzLW1pWmRZbkRBWmNFLXRMVkJxNjZRVDNsTlZxRnFsTGdwc0lZTWQ1bVFZZXRiNTdNWGZRT1lyY3hVaHpOMXpSM01RYWRFa2duQjE5MFVfUQ?oc=5&hl=en-US&gl=US&ceid=US:en,International IDEA,-0.3182
Lab-grown blood given to people in world-first clinical trial - BBC,2022-11-06 07:00:00,https://news.google.com/rss/articles/CBMiUkFVX3lxTE5qQnJ5N0xnQmhDbHJDdUYxUFVlMVhzUGtBZ0dzNFRuVDQwNUloNXE0dC1MUkNsUEZXNk5VS0RKYUFRdW9LWFZZTWc0MGVEblNqY2fSAVdBVV95cUxQdzlCTlVfcEFfZnRlM2tTN09xZEw4Q2VsYzZaNWN3SDNLdUNleTUxcW16YVhQNVJwVmFHdXdwOG83Y3VCYVFrck5QNWt5dVdFZVJUb3ltUWc?oc=5&hl=en-US&gl=US&ceid=US:en,BBC,0.0
"Statement – Climate change is already killing us, but strong action now can prevent more deaths - World Health Organization (WHO)",2022-11-07 08:00:00,https://news.google.com/rss/articles/CBMi2wFBVV95cUxOZlJVWHB3a0RMRndsM2tEYnNRc1pRWGtabG1MOHFNTmxPc3ZXY0NqTmZyd0VYcF85ZWVwd3BMRXJiaHR4eUpiQUpZdGt4T2tBMDlpVDBfU0luZE9WZXdFemdUT3Q3R3ZpY0FsTUVjN1Q0RWhDd1hlNWJzX0VQVEFaMnZzMkR1eUhBc1R2aWhybzRqOVAtakNZa3Q2VFZkV0IwVk9malZvUjVDbzN2d192amJHYWJlZXhqZjB0cGt6NVhmdXNWNFpIb1RIbTk4UHEwaDBZZDRqem1aUTA?oc=5&hl=en-US&gl=US&ceid=US:en,World Health Organization (WHO),0.4404
"Ukraine war: US estimates 200,000 military casualties on all sides - BBC",2022-11-10 08:00:00,https://news.google.com/rss/articles/CBMiWkFVX3lxTFBMZnViQ2RMNWV3NHZwQTJTRG1tT2p3TFl5dk1Eb0JJOUN1azZwOVJILUdCV25JZ0dla3BfVDBJSE5BbE4yaEFDelJ4WGM1SENIUGo2X0hPdWRHUdIBX0FVX3lxTE5BcktjLXdzVHozY1I2NmI5cFI2d2VWSVNMNURQbndmU2JmaUkzelhpeWdQbEtQUEkxYk9XZDlaMWFNR1FOQ0NYX0JQVWdNOVNwOEJQNjY5LU9ZZWF3WkhZ?oc=5&hl=en-US&gl=US&ceid=US:en,BBC,-0.5994
Kherson: Russia to withdraw troops from key Ukrainian city - BBC,2022-11-09 08:00:00,https://news.google.com/rss/articles/CBMiWkFVX3lxTFAyT3NNSWx6Q083bEY4XzZjRHF5ZkVkXzZFN3hEUVJDRXZEMHZQTHVvUXpSZVBqU3pieHN5eGZUSnJvdlllcUU5Zi1maUVkTnNYQW50Z2M2aFJGd9IBX0FVX3lxTE9ERGJIMjR3OVgyeUtEYjQ2RXRNNkhZSDRRZVN2MTNFVmUyV2FYQWN2bGNCQ2FjeVNzOWRWUTBwVzA0dVBsdkNVaVA4dE90OFNqYVQ0UkpkTTVfd014ZWhF?oc=5&hl=en-US&gl=US&ceid=US:en,BBC,0.0
Opinion | Are the U.S. News College Rankings Finally Going to Die? (Published 2022) - The New York Times,2022-11-22 08:00:00,https://news.google.com/rss/articles/CBMigwFBVV95cUxQRXFpcjVseVZNNXlySmJXVjNFQUo5MzNmWWRLYjFsRmk4ZVF3dzJ0QUwtODRvaDNMOUw3Nlh2NFRvSEpvMlZQaW9pbi02REFSRjFFTW9ydW5GdkREQnlRamRSVW1HRjdIUnZ0X1ZUWUJvMGVTTHpJNEMwNUh3eHUta2lERQ?oc=5&hl=en-US&gl=US&ceid=US:en,The New York Times,-0.5994
Mauna Loa: World's largest active volcano erupts in Hawaii - BBC,2022-11-28 08:00:00,https://news.google.com/rss/articles/CBMiXkFVX3lxTE9mcjF1Rnk0UG1NOFY5SmhhYU8tMUMtbWtBcjFTdzhaMVlVek9VM3E3V0szOHhic3ZxZ2xzYm1fUS0zdWcyeVhwcG9JcVNuMnBHV3o1Tmk3MmlxRGtIUnfSAWNBVV95cUxQUUlwQzU2YUFXWmRTWFZXLS14dE80cUFSSDJnSV9SejR0UUUteVB2aEs1REhCeG1MRlBNS0F1SHMwVE5JaUUzTDZkbFZMbjVJN0UxdDMyLWZBM29vRG4yOVBYaGs?oc=5&hl=en-US&gl=US&ceid=US:en,BBC,0.4019
"World Population hits 8 billion, creating many challenges - AP News",2022-11-15 08:00:00,https://news.google.com/rss/articles/CBMijwFBVV95cUxPVE93bVhjOHJqbElFNkh2cTFkcnBNMDRQSUdDdTI1SUFjNUhNdWE4Umw0VkdKRDFvZmxncU1oQVdGeEZaaFc4dlZQUVk1S2x1bGVWanFIaWVSNmxicG93dWtlcUpFVkZ1a2FZTHRVVzA4cUhIN0tzWHNmY1czWXJWWjBKTTVLR1Etb1R4aW16VQ?oc=5&hl=en-US&gl=US&ceid=US:en,AP News,0.3612
The environmental costs of fast fashion - UNEP - UN Environment Programme,2022-11-24 08:00:00,https://news.google.com/rss/articles/CBMiggFBVV95cUxPYTdKWFZmQXMtXzNHQjNMbWJIWUtsY0g0b2N0WFV3MC1LT0FrMW1YUmxaYnk5dG5EMTBOb3VHVlV3cU93RVN4ZHNuUzdtb0xOWTVMT0VkRHBqaGFTRU00SjFvMWVQb1N3MkFtaHZKRG1MNkpiRkpsalo4VDk3V0lRRzVB?oc=5&hl=en-US&gl=US&ceid=US:en,UNEP - UN Environment Programme,0.0
ASU debuts at world-renowned Guadalajara International Book Fair - ASU News,2022-11-30 08:00:00,https://news.google.com/rss/articles/CBMirAFBVV95cUxPRks3UDYtRGJzbkRHSDdjbUFLQ3pRMkJLZHdRUkNkTjJzYVRSeE9pQTYwSUZ1SlY4R0p2c1gtMG5CU2EwXzBPay1GaEJPaDBSM0NIVnZwajFVcG9CbTUxU2NJN0liWkVxcHltbGJsYThNdkUxZW9NQWI3Q1BMdW5vZXNXaTNCSDA2YjYxSVFLTGJLdVJXbVZBWUFpWTN5OUJqam00d3Q0NVdoUTZk?oc=5&hl=en-US&gl=US&ceid=US:en,ASU News,0.3182
"WHO, members of the World Health Professions Alliance sign new memorandum of understanding on health workforce priorities - World Health Organization (WHO)",2022-11-07 08:00:00,https://news.google.com/rss/articles/CBMiY0FVX3lxTE9lb05qUDNPYnlqSzBVa0JfM1hESzJOV1V1ekdzWi1YOHVqbUpNbDZadkpGUDdHaTNWXzY3dmlhaTNrVXJHXzUxajdkX0pOSlRySzItLWtWRXBVNkpKRXV5UHlMWQ?oc=5&hl=en-US&gl=US&ceid=US:en,World Health Organization (WHO),0.0
French baguette gets Unesco heritage status - BBC,2022-11-30 08:00:00,https://news.google.com/rss/articles/CBMiWkFVX3lxTE54cTJKejQ2eUMzM05nOUNTRnRMNTlFdXJ2VDFQVURJelQyWmRualVoOC1kMzBtRnNfR05xdHBvaWVLek9TeFFvRy05amktdC02cGp3VkZUWUNOd9IBX0FVX3lxTE1OVFZlM1pka0RlQ1RzeXQyYl9LSzNxYnIxQ1ozOWc2UXNZV2lEYkYtajhPdmdQYkJhQWx5djdaMldyOXU3QUdoVEhUR1pQUUQ0VTRSVEpCYmFYS0lMcUZB?oc=5&hl=en-US&gl=US&ceid=US:en,BBC,0.0
NYU News: Perlmutter Cancer Center Faculty Are Among the World’s Most-Cited Researchers - NYU Langone Health,2022-11-15 08:00:00,https://news.google.com/rss/articles/CBMirgFBVV95cUxOaUpyUU5COVJfRE1MVEpzVzQ0SUMybTFuZnp6Ty03YnpCZUt3TVdhQVFWUW82cjJYNndCakZKTU5BWWlqMXN2dFNQdjZKUE8zNXVVVFZwY2UxemRYTFo4ZVdsNDFscUpqTm1jcWFNT0VUQW1QaHNTVUFRdk5BenJSYTBaVDQ0UVFVN29WSmRsMkRFQ3hVVEdDQWt5b3ozakFULW1uME01bmlBWlg5QlE?oc=5&hl=en-US&gl=US&ceid=US:en,NYU Langone Health,-0.6597
What in the world is antimicrobial resistance? - Mayo Clinic News Network,2022-11-21 08:00:00,https://news.google.com/rss/articles/CBMilwFBVV95cUxONElSS2laVk9uakdzeXFSNHEtNW81UFdMOTgxZG9CMFVMamIxUE1TSFhad0JRQ2lYaERrTWJRX21hb1FFLUhTQW9KZDQ3ajZSWUVIQ0F6QkZHTnRrNWJUWkJYdWdGS25XT1lLOGdFRXVsX01zUVpZOTY2cG4zeWZTR1FCei1Nbm1aTlRLUERhbklLTGppZFVJ?oc=5&hl=en-US&gl=US&ceid=US:en,Mayo Clinic News Network,0.0
Achieving a swift reduction in global coal emissions is the central challenge for reaching international climate targets - IEA – International Energy Agency,2022-11-15 08:00:00,https://news.google.com/rss/articles/CBMi3gFBVV95cUxQdUZQc3pzQnZRbHl3Z3ZaUXBtTmtDRkRabXNSd1Y0OEcxT3Y4Y202T2hIR0JaY0xyb213dVo1MEc2ZEl3U0pWVDMtRzhDczdUUnJERnRnZnZRNE5vSWlTUGNNSUFsMnpmY3c2UWd4QTdNZFNCcU82UDJNa0psZWY4UWlZSHNoOGVCeTFsY19McU9IeklrWFFhaVhTdjU4LTVCTlRpWnJ6S2JnR3R4MjBlNnM4Q1dXZnRVZWtuZDU5S1NiNzJjMy1oT1FRUVZ1S3ZGMm9CcVNhbk5RTjlvaEE?oc=5&hl=en-US&gl=US&ceid=US:en,IEA – International Energy Agency,0.6124
Culture clash? Conservative Qatar preps for World Cup party - AP News,2022-11-16 08:00:00,https://news.google.com/rss/articles/CBMiqgFBVV95cUxNMWNBcnk1QVVzbVhDbnBQYXp2bVpzZTRpQUZjazB3TmdCX1BtSGx2Szg4aS0tejR4ZnF6R1hKbldsdk9hU0lxZlJVd0J5YVF1T2x2WVh4YWxpUXNta1huQmV3ekNFZ0RROW96d3pRcllpMi1fNDRyZ0xMV2h4ejdvaFlWYUJuY0dueFVWcENoRlc0WmwtVEN5bW1QZ252anFTeTFRZ3hkdXluQQ?oc=5&hl=en-US&gl=US&ceid=US:en,AP News,0.4019
Are we really prisoners of geography? - The Guardian,2022-11-10 08:00:00,https://news.google.com/rss/articles/CBMioAFBVV95cUxQa0R6ZVFjZ1dpNVZZVDY4YXA4emF0UEdPVW5ER0dibWNKTjR4VjQ5eDNReDBhb0ZYak5EVkdtLXdvT2dkV19CUHJjcUpTdHlLYkItZDg5Q2xvRHYyQ3oza3BkdGZnaVkzSkFBMXlkb21vdmhmaDJFdGpOd1h2OURvZHMtMVpLd1lIaVlNX0w3YndGQmoyVzhJWDJoQ29HS2JE?oc=5&hl=en-US&gl=US&ceid=US:en,The Guardian,-0.5563
Showing off their chops at the Lumberjack World Championships - CBS News,2022-11-06 07:00:00,https://news.google.com/rss/articles/CBMilgFBVV95cUxPX0VVd25LSWVLQ19ldE1HeE1BMW40NjVnb241WWMyLWZBQXE0U01qLW1BY0VjX3dKZkJWWGZVZ0JCa0tURUJPbndoRXBJWEExZXZzdktZNllOMmpPREd6WWUwZnhGV25BQnpXT2FXYUtyS3REZE80NG45eHdxN3FBTEJvSm1iOUNHbnpwNjBuUGhZLXhoZFHSAZsBQVVfeXFMT1lUSHM2T3ZENDNBWlJsLTV4TmdIaktpZDg0U1gtZWJhMUxTb2NMdU02X2NGTWZtTDlCVko1Q0haYUJEU1J6LU5KUWl1bkpwX3VZVWk1TDRKRjUyS3BHTF9mVWRNdGVjeGQ5Rkp3RVExSFlFMjhzX1hCb1RSUHE1bDNHa0owaWkyM2RoV195SjdYWExjNEhEMFdaZEU?oc=5&hl=en-US&gl=US&ceid=US:en,CBS News,0.4939
[News] WCK prepares to support Ukrainians through harsh winter - World Central Kitchen,2022-11-08 08:00:00,https://news.google.com/rss/articles/CBMiVEFVX3lxTE8xZHJKQnBiMGpuMC1KdjNORkJ4WlozbjlycWl3aFRTM2tnY3c0YTJ3bmZVbnljSGJxNDNNUzJkWW5keUdYSXFmdG1HQUlXRlh2T1FMYQ?oc=5&hl=en-US&gl=US&ceid=US:en,World Central Kitchen,-0.0516
"CO2 emissions from buildings and construction hit new high, leaving sector off track to decarbonize by 2050: UN - UNEP - UN Environment Programme",2022-11-09 08:00:00,https://news.google.com/rss/articles/CBMivAFBVV95cUxQalpPQzZHVWNhdzROV0tacjVMcl9mZTFLbkxZWWhjdFBVdFdXaGRsUU5tQklnNFpXQ2RMZ2diWUdjc2xKM1VfTS0zV1U0VGI4Z3V3WTV1VU82MEdBTUZxdGVJcTdUb1gyZUp4d0ZZLVVxb2VvRDdkeVRIUVVjSXhaaGNKUG1kWHJ0dUwyN0V1V0oxTkJJSV9TU1B2Q2tXT1AwbUlnbFM1N2FIZEg5OUxrS21VVGhRNGhjYTZsXw?oc=5&hl=en-US&gl=US&ceid=US:en,UNEP - UN Environment Programme,0.0
4 Reasons Your PSAT Scores Matter - U.S. News & World Report,2022-11-09 08:00:00,https://news.google.com/rss/articles/CBMikAFBVV95cUxONW9EVk9aVnpPZEk2REh2eGJjOGtUc0d1WU5rTEVYRjNST05fQm11QjBpd2RRbC0tTU14UXEycXZvdXdMYnU5UmUySjlBUzZUUU1BTkxMZHdVcjN3cWxEcm5oVXZRbzhFSGtHWjdhZ2xNY3NBRVJ4SVZhOTVXcmsyQzhkNC0tMGZOZWNBZXk4cDQ?oc=5&hl=en-US&gl=US&ceid=US:en,U.S. News & World Report,0.0258
OPG applies for construction licence for Darlington SMR - World Nuclear News,2022-11-02 07:00:00,https://news.google.com/rss/articles/CBMilAFBVV95cUxPWkJfa2hTNkNQWTZTeWlMOGRiSGJMSWJEekc0b3hpNmZsbUdXMXRrWGxwVDZVLThwTXZHaFM0SnFjdHAxWVlMZlg2QmVqeWZDZXJrRzRvcW1PckpaM3NNY0RKNzlmNDJTamV3Z3VFU0NNX1QzcHFtcWZSR0pqWDdMZU5lX3RyQ1lTTzNvaE11MDFmQTFO?oc=5&hl=en-US&gl=US&ceid=US:en,World Nuclear News,0.0
Advancing the energy transition amidst global crises - MIT News,2022-11-09 08:00:00,https://news.google.com/rss/articles/CBMihgFBVV95cUxPN3cxMHlKa3ZNNDZiNTA1dXNrOFlQT2hlS3dFS0lpTFRpUEFpNkxNYnBqY2pwN1ZmVXlSMjZRc1NPbkpCeXVXN05SOGdHenRhNXhOWlpDUFk5R3phMWhhRGdZcjZYekNfaldQYjhGaEl1UV9jUy1oZmU0c3BjLUlhbXpmYktXUQ?oc=5&hl=en-US&gl=US&ceid=US:en,MIT News,0.2732
Turkulon Rewards and Lore - newworld.com,2022-11-16 08:00:00,https://news.google.com/rss/articles/CBMiekFVX3lxTE1XdWJfckUyM3NQaWgta1llVFZnbTBLcnZ3ZF8yTFFPbnZYYVh5SDhuQm5TVG9mdEtwdG1yc1hsMmRrbU5tWVRjR0RGX19VcERGTkNKejNnOFlJQjJQdkM0Q24yUFVNYlJVbXo3UXhvdzdOLURjLWZpRFFB?oc=5&hl=en-US&gl=US&ceid=US:en,newworld.com,0.4767
Elon Musk restores Donald Trump's Twitter account - KOMU 8,2022-11-19 08:00:00,https://news.google.com/rss/articles/CBMi0gFBVV95cUxQZnJTUVhHbHZDOFRMRzk4Vl9yN2J4dmNncWs4YlBnNHJzY3lyVlNZVHh1MDloSE1rMC1ZdXQ1SkpwZURZOU9QTTh5WkYyWFhDVGV4T3lYclJxOUJQczdGYUFac2lDdTdYRGE2bWVGM2ZxV0xZaHdTdjJQOUFQQWUtV2lhdk1UNXFZcWxzdW9FbXpxNUthUURXQnlUSHFNS0kxZ0Q2MzBYYXVjT05jUE0zLXlia1BPaUFOWXR5MDhTWFk3WGp5Z0xYWXZwa0FoU01EMVHSAdcBQVVfeXFMT2VsWE9OM05yQXY0cWVUYWowLXNQRmdQdlUtOU5DSk43T2xRbHpaRWx3a0NmbEFQbjM2bDYwTmxDTWpkUzJJMDBNVzlMNEZyaXhpNHlLMHBsWDhySFMxanJ1b1RucnpBcUNzcklRcXdhVDEzTXlwRlg5RkJ4OHZTY1dPcUxGUU5HN0piS096OGxJSlBudXpTOEtHS2V2ek5xQ2gySGJlRFg5bXlVUVllLWdxT2pVQzZsYnRfcnhKMUktQVBzWHBsNXFFaEZKT2RJVDZGYTVzZ1k?oc=5&hl=en-US&gl=US&ceid=US:en,KOMU 8,0.296
Risk to global reputation from QAA decision in England - University World News,2022-11-26 08:00:00,https://news.google.com/rss/articles/CBMid0FVX3lxTE9tNElyWm02X2dYNnpCOGhNSEMtVkktOTNIQ2FmTG01bTZteFhUWHVkZEFQcHdZa1BSaWZaN1RxWlVQUXNtQk02bHhhNEJCRktuUURJQ3VTUmlXZDRGbzI5WnJ2UllPNVVpY1lKZ1V0alMzUFpWMFZR?oc=5&hl=en-US&gl=US&ceid=US:en,University World News,-0.2732
China Covid: Protests continue in major cities across the country - BBC,2022-11-27 08:00:00,https://news.google.com/rss/articles/CBMiV0FVX3lxTE9waTFDR1JySnFJVUZQV2NHQUxYSXNPSnFkRzhPYkJqT2E3SG92MEZib3MwS2kwTkFQOVBxaHhMSlptNkE5WFNJR0ZnZS1hckl3M3RmVUhMd9IBXEFVX3lxTFBFNzZwWUJjSVZSeUhIZjNlcEZwMGMyZlpKYTg3OUsyYVppejdXQ3phXzhOYXlVLWFMMm9BMlczcXRySVNmbWNJY01hd3JBNHBGNk1tVTJCQ1g1QXFQ?oc=5&hl=en-US&gl=US&ceid=US:en,BBC,-0.2263
"As the world goes digital, datacenters that make the cloud work look to renewable energy sources - Source EMEA - Microsoft",2022-11-23 08:00:00,https://news.google.com/rss/articles/CBMi3AFBVV95cUxONEItZmhjWkVvZDUyUTh3cHM2cGlHdlRmMmNQQl81eWVuMWZhTTFSeThfNmZQVWVoMndsb3dQanQxcGV0TEhqUXdFZlptQ3B6V3Y0UktmV1B2Szl5YXZlTzhHZDd1YWFYWkV1Sm1iNHVsWEFpcG4wRGZNOGFIX0xVa3pPYzlHeG1mZVNmN2hCSy1VR3RWTWhhU3JYbk9zRVBwSmdvVlNRakNZUUY2d1hJbVdxQ1ByNWdEWUJ4Z0RUdmU0eFk2LUNiMkY5SXo3Z0hPdTVWUlQza25fWWp4?oc=5&hl=en-US&gl=US&ceid=US:en,Microsoft,0.2732
Iran arrests outspoken player Voria Ghafouri amid World Cup scrutiny - PBS,2022-11-24 08:00:00,https://news.google.com/rss/articles/CBMipgFBVV95cUxNVm1Fd2tNYnlUa19Dck9WU2h1Z2FhV21yXzBTcW5KRklzeHI3NXhRaG56RVFMZVUyc1ZibkEtcVI4YldoTXR2akVReEhzSU5zYzdaSlFNV1Zoc3dJR1R6d0NKNGpraVFrMEVyLUVKSXFaLTgwX0J6c0s0OFI3U1hSU2lLNm1mTkgtUlRrVGxvM0lOVkZ5RzFHOEZwdE1qbjFwSlAyZEpn?oc=5&hl=en-US&gl=US&ceid=US:en,PBS,-0.4404
Host nation Qatar eliminated from World Cup - PBS,2022-11-25 08:00:00,https://news.google.com/rss/articles/CBMihAFBVV95cUxOWEcwSXlTSVFLSGhUYzRVaWxaWUFMUG9Qc1NKSGVVdk1aWW1qcVRPLTczS0JFSUt0SWxjdlVfZ05TLXN3Wnl5YTlBV1hTRWo2RnN6UlY3RnI5YXVEd0t2ODR5UWk1eEgxbXkwdWt3ZWd3YW1fNW9YSmJZREZpazM3MkFRaTM?oc=5&hl=en-US&gl=US&ceid=US:en,PBS,0.0
Construction of US radioisotope facility complete - World Nuclear News,2022-11-30 08:00:00,https://news.google.com/rss/articles/CBMimAFBVV95cUxOSTNDWjhRb0R3RWZNMVFhajlScGQ1enc0YkdIUVpGMFJLSnZ6eVRvNjVwZ2REZ1ZPSm1vQ1hUck5nbUtHZG1mRGR3blJ3c0REOHVoYzVZY0RwdklmaGJDYUtncDh6c180OFo5REhQLWw4NmV0R1VYc3FzQVhSTEFlODFTQndRcHhzMEhfNVZfRmg1bDZ1NHdoUw?oc=5&hl=en-US&gl=US&ceid=US:en,World Nuclear News,0.0
UArizona scientists thrilled by unprecedented 'portrait' of an alien world - University of Arizona News,2022-11-22 08:00:00,https://news.google.com/rss/articles/CBMimAFBVV95cUxQeHNDQ055ZkNlNklscGRRYVo1Q05vclN2N0k5RHd2YklhVzBzcGxEQkpiVTVDUEN3c25Qc1BTMk90T2YydDBZRFpsZ3Iwb1BsN3k4OVJ5V21PNExUd216cW9SeGV2b0VGY211R09iTVE1MF90NU1kMkpjai1VcVlQNUZyVjc0WnBnVjNNQjN0WDc5RGxoaDJRNw?oc=5&hl=en-US&gl=US&ceid=US:en,University of Arizona News,0.4404
Three Notre Dame alumni who are changing the world – powered by ESTEEM - Notre Dame News,2022-11-30 08:00:00,https://news.google.com/rss/articles/CBMimgFBVV95cUxONVhQSTFMSjdrRUg0aXBuLThpaXlKdWJKOGhVdjlKMTFhRk0xWnhjdHRia2tmOXA0b0tvelVXN0NmX1hUZ0pJNEVldE80dTVxTmprdUlyVzk2TlB1VnludS1pR2pnYzJaSlpyaVVDOW9vVE5kdlNIeEZlRDAyRGVlV3pHZ0JETHBWWThmbnU4MllqcHUtalRMS1F3?oc=5&hl=en-US&gl=US&ceid=US:en,Notre Dame News,0.0
Musk lifts Donald Trump's Twitter ban - BBC,2022-11-19 08:00:00,https://news.google.com/rss/articles/CBMiXkFVX3lxTE04SmZfTU4wa0VLUTRqR1NCblhaMnM0SDFLNGRaVk9LaExNTGh0Q1NvUlBDVGE2UzdWRFVJU0NqM3JxSjNLVlFwMmUybGJoWHlRcklUcHY4VFZ4NzhFLXfSAWNBVV95cUxPemlfU2tyLTNtLWNFQzFHY1RsUTQ4WGxrMTdEM0VIT1hNTmVQaWtub01yMnp5SWEwelY5Z1B1a0hOajg1TGNFSHJSMVpWc1Y1ODlQR01Nd0Nib0k3cUZDTC1yUlU?oc=5&hl=en-US&gl=US&ceid=US:en,BBC,-0.5574
Priscilla Sitienei: 'World's oldest primary school pupil' dies aged 99 in Kenya - BBC,2022-11-18 08:00:00,https://news.google.com/rss/articles/CBMiWkFVX3lxTFBoemtsd3JUYmFKSlJudjlXc0I0RUREb1poNS11dWgzcGNyUWpacVRjQ2FlVndiZzBGWDdRc0N2RUxRZEU1a3lGeV9yc0JTTkR6ZHJkckNHNG9ld9IBX0FVX3lxTFBTMWxPWXJYSjRiVWZoU3Q2cHpjY2s5RlloS2FqWjNjMXoxal9YLTFTaE00d0RoeTV2UG1jYmxZdFZVRkh2X0FNTzFTSnVjdHV1ZGwxRU5jUk5UcjNTUWYw?oc=5&hl=en-US&gl=US&ceid=US:en,BBC,0.0
Nine Illinois scientists rank among world’s most influential - Illinois News Bureau,2022-11-15 08:00:00,https://news.google.com/rss/articles/CBMijwFBVV95cUxNbGphdEtaWExoV3AwTm9MWm5MZUhDUmJ2a3pMQ1RhRlE4YngtUk5DaTM0N1pFS2FYNlZWeGhsRnQzcmVUejNQeHRGV0FxR0hTMVJZYWFYMU1kWEw1SmY0dHBsM09LWGVLd0JYdnA4RVlFRDI0SS1qSGxGMjVibTdRbEpPNDlpWWU1ajBRaVptcw?oc=5&hl=en-US&gl=US&ceid=US:en,Illinois News Bureau,0.4927
"Yale, Harvard and UC Berkeley law schools withdraw from US News rankings | US universities - The Guardian",2022-11-17 08:00:00,https://news.google.com/rss/articles/CBMiowFBVV95cUxPRGluYU5CLUdZWExkekx6LWowdm40M2FlTTc2RHVTbmJDa2ctdHdsd2dGNjZ3d3NqaUNxa09pbzJiRW1uN1YxakEwMlBqOHNFblBwSFN6UG9XNEhEUUljR3E5OUFfM1NIZXVLaDZZRkV3QUd5RWp0ZTRiTVdSbGI5VlNlYjhUbnRpSTJVdUpPY01CUVlGZkNkS0VpNGRlWDhEZG9R?oc=5&hl=en-US&gl=US&ceid=US:en,The Guardian,0.0
"Earth can regulate its own temperature over millennia, new study finds - MIT News",2022-11-16 08:00:00,https://news.google.com/rss/articles/CBMibEFVX3lxTE16c1IyakNYSGRmY2VUZUo0cUlkVU1KVzl2MVowc3NMM2syT2Y5XzdIU2REYk42X0IxNmtILXY2R3p6ek1vMEs0QlR1ajhlQnA0ckZGMXQ1OURmVzJyMWRMQS1JNi12TXpUUm9OVw?oc=5&hl=en-US&gl=US&ceid=US:en,MIT News,0.0
"CERN, CHUV and THERYQ join forces for a world first in cancer radiotherapy - Home | CERN",2022-11-25 08:00:00,https://news.google.com/rss/articles/CBMirwFBVV95cUxPVElwZXMtdWJSRDY5clZmNkJJMGtqMnNCWjNoY2c3UldpQUJ2ZWhjbVFJWXlBQ3hZb3FpWVUxZi1zdGtrd2cwc05yZWczTmpBU0VWbV9mbVVWSUZ0cVJLWnNCZXMzNnpyaW1LX2FuWE11b0lXbGItTVphZzl3SExLT0dsX0c5SHJhTnhWSlZZdEVnRDRBZzRMclk2cjRxX09HNkhmdE5DQk40MERKN3Bv?oc=5&hl=en-US&gl=US&ceid=US:en,Home | CERN,-0.4939
UToledo Ranked One of World’s Best Universities - UToledo News,2022-11-03 07:00:00,https://news.google.com/rss/articles/CBMilwFBVV95cUxORU1WM09UeHdmS0laYS16V0hjV1o4Wk9PM3FiZEs1UkJzRWpxaUY0dkhhTy1adHhzNmVzZFN6RjRfRTlTNjN4UU8tUnVrRlR3TUtLdEZXT0xTWWJSZXU1eW14aG5PODNuek5yRW9RYnA1Ynl5eHhpbHBnVjl5dmh3VkllMFppZ0JGbVhCRjc1SVVKZ0lJcWE4?oc=5&hl=en-US&gl=US&ceid=US:en,UToledo News,0.6369
Equatorial Guinea's Obiang: World's longest-serving president eyes re-election - BBC,2022-11-19 08:00:00,https://news.google.com/rss/articles/CBMiWkFVX3lxTE1RVHBWOV9jX3FoNWZCU0l4QW04YWRmbnNrNGhSNnowdEJ1NFFBdFBtSHVkWDVEVjJNZjhzOWdMVGdURi1JYm5uU3ptMFJmRUtHbm9CTVY2UXpWUdIBX0FVX3lxTE85UU0taFRFRU8tMGhhTVdSXzNxVHgzTWc3TFk0NVhLY2pCWFFGMWNlQlNrRGg2bUlLR0lmOTl3al82Mk44RGE1aElteWtkaXdmb1J1SUZBa0RXd25rREww?oc=5&hl=en-US&gl=US&ceid=US:en,BBC,0.0
Security tightened in China after widespread Covid protests - BBC,2022-11-28 08:00:00,https://news.google.com/rss/articles/CBMiXkFVX3lxTE01T3BnZVl3U29mTFR1WGJjWlpSdGFYWmU4QVBuTEdfSURhaWZ1VHltbjY1ZjZLb3oydDdBNWZmUkNURUtRRk9PeGEzWjFLX2dGQXItblRjakRKTFBZT2c?oc=5&hl=en-US&gl=US&ceid=US:en,BBC,0.128
"Iconic World Heritage glaciers to disappear by 2050, warns UNESCO - UN News",2022-11-03 07:00:00,https://news.google.com/rss/articles/CBMiV0FVX3lxTE04bTlOcHJwbW9QNldxTXJkaGphU0g1Sm52LUFvajJuMm9RU3hoTDFLX2owSlJtNVlJUlc3Rjh3Zk9MSThqc2lzUXpQdlBmeXZzTHc1c3p4QQ?oc=5&hl=en-US&gl=US&ceid=US:en,UN News,-0.3182
Ukraine war: How Germany ended reliance on Russian gas - BBC,2022-11-22 08:00:00,https://news.google.com/rss/articles/CBMiWkFVX3lxTE1vX01Oc3FYZWxYMlM4MHJkYUhBdFdwalhmbXdkRmtlMVM5R3N2eXBWN3VtQ2VaOExkT2M5MHVuVzRzR0liemRUNGdiN3FuRndtTjVOYXRTSDBSQdIBX0FVX3lxTE1hbXEybUZUNDFmNzJiRjJ0bGhma3dQU2xJTWlYYUp2OUgzNXpxZjFrek1zNXEwX3RFQmdfODJmeTVGMy1peDU2Z2xYdUF6QmVQUFhKak1WeWxxX3BCQ1pV?oc=5&hl=en-US&gl=US&ceid=US:en,BBC,-0.5994
Quadripartite launches a new platform to tackle antimicrobial resistance threat to human and animal health and ecosystems - World Health Organization (WHO),2022-11-18 08:00:00,https://news.google.com/rss/articles/CBMi9AFBVV95cUxPN1RmMkZQd3RHMi1PSjRUdzMtMk0xV0dFVl9ueFZlYkpTc3hwNVQ3WDdFSkgyRmhtcjBXM3ctb0NNWUwyRlpRVHFpd3FPRDdfd2JUQnB2S25DYnBnQy16MUNxTEdWSnB2Q3FGQ3pVakVJdlp3MFZIZjZnbm1XLTNoaHZfTjJ4cTI5dm5fdU4xWXJVMTVmX3hzRzl1Ykk0QTRwd1BIclU3Z0hlbTVJdmJuVmpfRlI2eXpHN2lSaFNudGZDRDM2WkpzUnptUkQycVZ5dmRsN0pvRDkxZ29xUjkzTUNBeHlGTVBIanZSUlg0ZzhUY085?oc=5&hl=en-US&gl=US&ceid=US:en,World Health Organization (WHO),-0.5267
Occupational health: health workers - World Health Organization (WHO),2022-11-07 08:00:00,https://news.google.com/rss/articles/CBMijAFBVV95cUxQVkpPY0xWX3lrNGhQdnhXLXh4WE1iNG5yRXc2VEFNU3RwdXJ4ekJDM2JOS3JSSXJ2QnBsYk5yaE15dWpwaWoxMHliUlVsTkZfODFiTWtzVTI1b2R2c2k0cTdUdDREcnJYTkZxMjI2ZThvdWhsUmk3R2xCOGlTQVFIN3VEWE13OFZhOU9ZTw?oc=5&hl=en-US&gl=US&ceid=US:en,World Health Organization (WHO),0.0
"COP27: Brazil is back on the world stage, Lula tells climate summit - BBC",2022-11-16 08:00:00,https://news.google.com/rss/articles/CBMiY0FVX3lxTE42UXlkWUV0MlFsSU5RYU0yV1UtWWNXb1dLTUJQcGZfSTZ5NGV2Z25uSzNtcDBveVJSTDdBekdndUpKQzczT0g4T1JjelhESDU2U3NEYlNuN290ejlxNTVEQnNQWdIBaEFVX3lxTE9pREJ2ZHNSUG9YOUlXWWFfYjhSa3RLSy0tR3hUT3NlLXhobjN3UmdwcUljUzJrQ2o0ekJ2UTdFQXJVM3RiLU1hUnlFTHZkdU5Za0VjdTlpbXBiTGd2RWhUTENUS204MGht?oc=5&hl=en-US&gl=US&ceid=US:en,BBC,0.0
Here’s what happened in 2022 in 10 striking pictures - The World Economic Forum,2022-12-16 08:00:00,https://news.google.com/rss/articles/CBMihAFBVV95cUxPSDdCUXQ0amlxOWZWSlk2Yl9SVVFMTUFrNVA3VGFuTHh4b1EzUF9NTmVpdG93Unc5RlZETHRkLVJubHBZWWRNRE5ubV9iYkZ5Z3A0aEE2Mml0M1pILVpfUEVnS3JvMzBqU2huT3g0UWZ1OGpJWFpoVmo0WW16NDlIQUxiUDA?oc=5&hl=en-US&gl=US&ceid=US:en,The World Economic Forum,0.0
World News Tonight Saturday and Sunday - dgepress.com,2022-12-21 18:42:40,https://news.google.com/rss/articles/CBMiggFBVV95cUxQbFY2Y2hoNE56eENxcDhaWU5mUFFrYUd5UFlTX3FQVjllWTNzcW1sQ0pTV2tXXzlDVW05RWRuMnhqTElqREdPUVFMcG5WekRTbnJRNGp6dmpxUmFSVmxLLXgtS1VMdkZzUEtURUszTXNCYUI0UVl2dUJuZ3pQUU0wLVRn?oc=5&hl=en-US&gl=US&ceid=US:en,dgepress.com,0.0
"Biden, Zelenskyy Project Unity During Ukrainian President’s Visit to Washington - U.S. News & World Report",2022-12-21 08:00:00,https://news.google.com/rss/articles/CBMiywFBVV95cUxQUmV2S05PMHl0aElrWmFndlpGVk9nS0x2d0l0S1RsMHM0dnV4QlAxYnB1S1BmREVzV0o3TWFjV3BIMUhINTFWSmE5YUtKSG1WSWw0c2pfZm9Wa0ZhdmkxMDVlaUx1V2l3NVZLMko4NVRZUDdESVhYN0w5eWZtdjRIU3IyZGo2Z2NYS3hYamx3TGlnNmVKcFFSVEprR196T0VkWEg5UTAyZHg0MlBBdW1idWUzVFg0LXgyenlkQU90bE1aNXFQejhMVmZCUQ?oc=5&hl=en-US&gl=US&ceid=US:en,U.S. News & World Report,0.0
Good news stories from around the world in 2022 - greenpeace.org,2022-12-19 08:00:00,https://news.google.com/rss/articles/CBMiowFBVV95cUxQMzFSckV4N0h4NG9RRUFxbmlzcVBYQ1J5T3kwcXFzNDJ2X3FNNDJMMElnY3ZzOXVfMm93Uk9yVVRtcnhDa19lSzFPQlhEQzlGbEZxX3VuRm40WEExWm1sUUZqYnVfV185Sy1RdklXeFNWNlhXdkU1OEJnN0JYMDY4cmoxV1ZZcTk0Y21Nc0JXdkdyM0RqVzVmbk91NGdYajYxR3Zz?oc=5&hl=en-US&gl=US&ceid=US:en,greenpeace.org,0.4404
Ten Most Significant World Events in 2022 - Council on Foreign Relations,2022-12-16 08:00:00,https://news.google.com/rss/articles/CBMicEFVX3lxTE5TWnRNRkR6andncnFlSkRLWUdHRUFhUTVnQy1ZYW4zWEs3eGZBZWdLbUVGaGFIY3pPV3V5ZlJYQ2F1Ynl4c1hpQ2ozTExoa0t6cGt3R2R3X25rZFI2M1hqZnFOWnFPUWU5LU1xT3pId2s?oc=5&hl=en-US&gl=US&ceid=US:en,Council on Foreign Relations,0.2716
OHIO ranked among best in the world by US News & World Report - Ohio University,2022-12-08 08:00:00,https://news.google.com/rss/articles/CBMiiwFBVV95cUxQTUNwcS1aY1UtZWROMXp5VGVxZDYyZ0NwdlF3UExfNlFMenpSdUR1NWxIZi12TmR1TVRGMERHYmN2NXVqLVA3clhJd1MwYkVfSUJ3RHdYSW5ZQmhmQVR0cFNJSFdheDNsZzNZc05wVHBreFRta2thOFlnLW9IUEVLd0NoaV9ra2NmbXNr?oc=5&hl=en-US&gl=US&ceid=US:en,Ohio University,0.6369
What went right in 2022: the top 25 good news stories of the year - Positive News,2022-12-20 08:00:00,https://news.google.com/rss/articles/CBMioAFBVV95cUxOSHVQaXdyWG80dnQtVjZXQzhBUFR2RXF5bFVjRkZoellQazViSzVwRlRvWUpvM2k1bm9DWlJOdkgxalVFaDBLU0stcFl4LV9jWTV5eUg3SkhBS1lwUTBkTWlJTndRb0NaS0Fybm5SbHBKMlNPRjZRRVp2UXNwbjBSRmxraFhaSmFTbHJDTEdlVm0zRzlmZ0Q0RU9LdVFOSm5x?oc=5&hl=en-US&gl=US&ceid=US:en,Positive News,0.8074
Assessing the Global Climate in November 2022 | News - National Centers for Environmental Information (NCEI) (.gov),2022-12-14 08:00:00,https://news.google.com/rss/articles/CBMiYkFVX3lxTE10WnRRSlFwNGRqVHplVDFPTWNBbWRtbENDcDhoRTd4d3BqbUZZZk5SbVRiY1p4RXlaME5pMGE5ZU0wTTNkZFgzd3ZFaXRxdmVDU1pzYVBOTGVTTFNTYzhRbXhR?oc=5&hl=en-US&gl=US&ceid=US:en,National Centers for Environmental Information (NCEI) (.gov),0.0
Arsenic - World Health Organization (WHO),2022-12-07 08:00:00,https://news.google.com/rss/articles/CBMiZ0FVX3lxTE9PbXJhb2Y4M3VkZHFtSlRCa1NUNS1qeU5vaUU1Zm80TEVmalU1blFtbjdlakdnVURMVGFBSG5ZVWxHRHJnU0ludk12UVhoTEQtS293anp2RkdaaERGU25QUzFGRVUwNjA?oc=5&hl=en-US&gl=US&ceid=US:en,World Health Organization (WHO),0.0
Campbell Law School withdraws from U.S. News best law schools ranking - Campbell University News,2022-12-12 08:00:00,https://news.google.com/rss/articles/CBMikgFBVV95cUxOaUJSTUtvZXJrYk1tLTgzM0Jtd1V5MWJWX2swT1pqN1ZkLTRVSWNWX2tfY3lFUTlKMTVCdDFUaF85aEVENEpZaHlneHo4Nm5kc1cwclB3RGJ0ZHA4OUtEQmVSV1NkVmR6eWQ4MUJycG41azc0MXZjaWJGZVNmYkZuTGVmZUVKZG1CWEJyc094MVMyQQ?oc=5&hl=en-US&gl=US&ceid=US:en,Campbell University News,0.6369
South Africa profile - Timeline - BBC,2022-12-19 08:00:00,https://news.google.com/rss/articles/CBMiWkFVX3lxTE9oSzR1WHg0RnM1cXdNR1ctbnNBSGZQZ1V4NHZ4WDN1cnJHZ2d6Z3BJUUJPZmM2eTlJX1ZrM3RPd3VleDN2bGxWRzNuQmpMS2E3aTFYRnZ0SW5YZ9IBX0FVX3lxTE0tdFhpR3QyamNqdGEwNzNuVWlUREFyMjh1dExtd0RDdVk4S3hicXN4d2R4b0lnVVNTZ3RNc2V3YXlYT3ppYXU4UXBTVTBPT3dTSjNET2FsYmhNVEsybU5r?oc=5&hl=en-US&gl=US&ceid=US:en,BBC,0.0
COP15 ends with landmark biodiversity agreement - UNEP - UN Environment Programme,2022-12-20 08:00:00,https://news.google.com/rss/articles/CBMijwFBVV95cUxOX0tLcExNZUtsMDZTaFBUMExab3hXU2QtRllzUkV0a2dXT3NISG80cTZ0ZWtQa2JiR3lIZUZCblY3cjJsUFh6TWFrZ3k2VXlJZ09uY1Y4ZjdkaTdBeExHRnk5TldLQk9vRlR2M1ZLdVo1UVpyNUE4eFR2cmtoLVM3bHdySXFuRHJ0bzBwRUpmdw?oc=5&hl=en-US&gl=US&ceid=US:en,UNEP - UN Environment Programme,0.5423
"U.S. News & World Report Rankings, 2022-23 - Rochester Institute of Technology",2022-12-05 08:00:00,https://news.google.com/rss/articles/CBMib0FVX3lxTE5aX01IdlNJRWd5WFNkY1NzM0hiaG9qc1g0VkpjblVfVk9wMjY2N2E5MFZVQ2QxRE5OSTZKSWx3N2dOU3c2Qkt4YW5hS3RjTzJkRDFnNWFzWWhiWFdmRFRMRWxTLTRTQzdfNEVqQXNGZw?oc=5&hl=en-US&gl=US&ceid=US:en,Rochester Institute of Technology,0.0
Brooklyn College Ranks First for Ethnic Diversity by U.S. News & World Report for Fifth Straight Year - Brooklyn College,2022-12-09 08:00:00,https://news.google.com/rss/articles/CBMizAFBVV95cUxQVXFfdjlkSEUxOVNoNEl6bWY2UkoxdW5wbUlYc1J1VDVPYlFlWTkyUVJKblFqWExBbmk2bzhncGo5Q08wZUdacmdWZ0JyZURxRFdxYi16bjJyTmlIQ1dQbUJPX3dTZ0dhQ1hLd1FneGdRWnl4ZU03VnhsZVNJSDR5N2hta0pWV0JnT3dmbGhHUWluekNuYUlIaHczeWlqckxiWEFvbzlZbVJXNllibVM4YVB1c3NkWnFxRDhKWnhuN2s2QzllbjBqNXZ3TXo?oc=5&hl=en-US&gl=US&ceid=US:en,Brooklyn College,0.2263
CARB approves unprecedented climate action plan to shift world’s 4th largest economy from fossil fuels to clean and renewable energy - California Air Resources Board (.gov),2022-12-15 08:00:00,https://news.google.com/rss/articles/CBMivgFBVV95cUxOTmw0bllVbVFvdkh2RzFRSklXWEhkRzgtUUlfcXFtRUFSOTN5eWJZMHVjcDVxblg3b1VJRTlUTnl2LUUtcF9YX0lWNDRQOTdEQk0wTWNBSVJDOC1LZ3RxeUxvOTVjUnprQUtaaWlhQXFjVXlkNmpBdmFkMEl6WWtsZThaR3hyTkpZa0hDX2hoRENvdkxKTzV4Q3E4bWprVURkaE90X19hVXlURVo0Z094VTNNeks2UFZ1dWtacER3?oc=5&hl=en-US&gl=US&ceid=US:en,California Air Resources Board (.gov),0.7579
Global crackdown on illegal wildlife and timber trade: INTERPOL and World Customs Organization join forces - Interpol,2022-12-06 08:00:00,https://news.google.com/rss/articles/CBMi7AFBVV95cUxPa2lKWlRxYkdUNGNMWDJLb1pNUDhjVFV2dExPdzFJTkx3VHhERmRqWXhtVURuSk51QVAxN0dXSjhIa1JXd181V2tMaDY4VHppLVZIbk9WRmNhMEZzQUh1ZmM2WnJCUGx5bWpSeGM5OVE2SEhhQXZxRk1DT2VsSFhCcnk3QVAwZmVOOFliZlpKRWRSckRWR204VFo5SVNBZ0d4cWhWMS1vazNFeEJGenp5OG5lU0tLbDZwamV0b0l4MU05NGx3eUNTeU1oY3RvYWtxaXp1dUlMZ1NMQlVBQWNieXNtamw1RmxsazFsdw?oc=5&hl=en-US&gl=US&ceid=US:en,Interpol,-0.34
Opinion | Cheer Up! The World Is Better Off Than You Think. (Published 2022) - The New York Times,2022-12-31 08:00:00,https://news.google.com/rss/articles/CBMib0FVX3lxTE1hSHh1T0MxbkU3blk0ME1CYkV6eWFxaEd0SDd6QkhEOFpLS3VVWEVVWTNRWTdnTGhDZlJ3ZllFYnlYenFQYXRTdDZ4aUw4MjVIZnVkcFFDMnBESHg1eHNKakc5OXlpM053akdVVDh5RQ?oc=5&hl=en-US&gl=US&ceid=US:en,The New York Times,0.7574
Zika virus - World Health Organization (WHO),2022-12-08 08:00:00,https://news.google.com/rss/articles/CBMia0FVX3lxTE15eTNxcWNDQzdZdE0xTDFWWVEtcDRrVWtjeExtbE85MkJkeUNWQ2h5by1zeDRybG15eHR2WFZreFdoaG9Bc09tNDRHYTlmbHJpNGtvbUlpTFBoRU85cHVpS2JremxFbFpyclI0?oc=5&hl=en-US&gl=US&ceid=US:en,World Health Organization (WHO),0.0
Central banks slow down interest rate rises: What you need to know about the global economy this week - The World Economic Forum,2022-12-19 08:00:00,https://news.google.com/rss/articles/CBMivwFBVV95cUxPc1MzTkdKQ1Q3Q0ExaHhzbXRMMEMtUGZmSFFiWGtRcXJ1ZDdiTm52SjdUNGJpc1lZNER3Y1Jzamc1RUpXSlFkZlJBQWRpWHZ3R2VkOHlwX09KSTdXd29EVHVZVXRLai1TaC1UQ2NzNkRUSFFDeWppTXgwYTBwQm9GVGFod3FKNHdKOVg4OF9lT3lfd1pJa2IwOTNpckRENU1tVUZoVGxWaC15UzNjTGVKaUI5dEFfd0NTd3FYT0xIUQ?oc=5&hl=en-US&gl=US&ceid=US:en,The World Economic Forum,0.4588
Cholera – Global situation - World Health Organization (WHO),2022-12-16 08:00:00,https://news.google.com/rss/articles/CBMiekFVX3lxTE9tSF9jVWFwWkd5blF6SXRKeHg2bVhhMF9tOEw5bm1YYld4TURTSlBBUkIyZFJZMHdKNnJtVENLTFpyVU9VOGVlVFI5a0dxNDRmdHdOMEI1bjJoZURDeVpHRlcwMmtZV3NSUnIwNWdSM0VuTzNiRFROM1Jn?oc=5&hl=en-US&gl=US&ceid=US:en,World Health Organization (WHO),0.0
New World December Team Update - News | Official New World: Aeternum Website - newworld.com,2022-12-01 08:00:00,https://news.google.com/rss/articles/CBMihwFBVV95cUxNQjdZWF9TZThhUGpwZFlidmRmWXI4WDVGNlhRTkFEeWtJbEdHR3ZKRmRsZEJfaFpqOGZiNmZEUnRXYnoyMnV0aERrTGt0cGpEajE2dkxMX01RX0Y5MXUzelBWM2l0bVVWZDhHQVVDTUQ1TEx3Z0J3LTNnaFF5TFlWemNENjRIQVE?oc=5&hl=en-US&gl=US&ceid=US:en,newworld.com,0.0
Students celebrate World Cup win with locals in Argentina - FIU News,2022-12-22 08:00:00,https://news.google.com/rss/articles/CBMinAFBVV95cUxNQlJydE92Zm5ROF9iMGc0WlppLVNXdVZsenk2dXdkX0NOY3RNTWJvTGE4cEVFUU52dGliTmRfN1YweGlfb1NXc1pjcl9aYXlIb0JPYnVTcWNVU2IxSVdHNE9KM0RaTlNoZi1JNkZpb090MlA4TjFES3JKSk1oVWl5NDVKYktZMFNSc1I0M1RmTkhSek5jQUdhZExhdlQ?oc=5&hl=en-US&gl=US&ceid=US:en,FIU News,0.8176
Italy profile - Timeline - BBC,2022-12-09 08:00:00,https://news.google.com/rss/articles/CBMiWkFVX3lxTE1iS3ZCZF9TTDVwU0Roa3l1UjFfX3d5RDVNVTZEOUtvVDF4N3hKZmFtcTZ5S2FoZElNeElfOVBBZG5YM0w3VHJ2OGNtWmhJM2dUdEl4eTRXNjR2d9IBX0FVX3lxTFByRVhqQWNBQm5kdzk0WnNoVk1lX3I5QjYtTV92bWhoS1dzMW9rUTdMeEpWN0g2eEJ6VDNDVnhOb1pORnhacUJ6aHJBUFBDRzgtbmZ2NHhUZG16WFdjdlJV?oc=5&hl=en-US&gl=US&ceid=US:en,BBC,0.0
India-China dispute: The border row explained in 400 words - BBC,2022-12-13 08:00:00,https://news.google.com/rss/articles/CBMiV0FVX3lxTFA5MkdLRU1USWN3WHJXWXdnQUFCTHN5bDc4UGpVcVZnWUx2TUtTd25KUmxFLU9DY29fSW16aWNRM1pLbjZEaUhhNXFwd1lRMHBDTnlwOU50c9IBXEFVX3lxTE5Xc2VfaUdQMDIteDFUTjZUdHZWbWczbk5Jdkxfd2tqT25aVi16V0pub3Q4NUN3LUdPUTRvS0V3UEVjVFRQZi0xczJVaG9OclhNWXZ6MWtkR29yOGZU?oc=5&hl=en-US&gl=US&ceid=US:en,BBC,-0.4019
U.S. small businesses see sales boost after Made in America features with David Muir - ABC News,2022-12-23 08:00:00,https://news.google.com/rss/articles/CBMiogFBVV95cUxQM0pkVmpYNnE0Y0Vkam1INWZ2Z0JHOFUySVB6Y3dLcy1mMkZ3blFXbWpKOEc1WW9xLVI3dnMzTF80c2VLRGExTmx2RzFSTHBrMlhndXhXWmZtNGhrMFItU0psOXV3QVJvT2dvenFmZFVPSkRxbVFCd2prbUtjT2xFOWM5WDdSMjlteVVXaHNEN2tCRWgxaWNCeE5za3hWeWFCVXfSAacBQVVfeXFMUHlyalg5WGNzcWFOZzFsLUttNDhuTll0REMtY3BuTHVfQ1duWWwwdEhxUzkzOE5oeUw2NW9XejExUFhtSWR4eGtTcmk4dUtsQmZsSHF3elZCcHM2NTRXbGpVcUJldnRwUjZRYzVuOXNEdGt3R0QzVk1tcDFDUXIxRjl0RWc3Nk9BLVF6WkhQMVo1eEc1RTFPMVo2SEcwOFM4R1MtN1VfR3M?oc=5&hl=en-US&gl=US&ceid=US:en,ABC News,0.4019
The world’s coal consumption is set to reach a new high in 2022 as the energy crisis shakes markets - IEA – International Energy Agency,2022-12-16 08:00:00,https://news.google.com/rss/articles/CBMiwgFBVV95cUxOeUc1bTFrRDlVUHZ4ZldCNzhRdWRDQTlJRGJBckw3SURVSDFodFNwakh0TDcydlY1MjNWOE02NFZvRG14X1pzaElqU3pZMEtWZjNLTGlvMDQ4ZkVmN1pNaWxEQjVDRGh4Um94ajN4ZHdGUFhuOHRDbHpPR2FyaHFlQmpYNzNURnZuOEx5Q0lQazcwRHJhdWhWVmlnWUJyRDdBYlpBUTY5dXUzckxVQWM5TDQyXzU5VDR1X3d5SHZ6SWIydw?oc=5&hl=en-US&gl=US&ceid=US:en,IEA – International Energy Agency,-0.2023
14 Headlines that made 2022...in 74 seconds - BBC,2022-12-30 08:00:00,https://news.google.com/rss/articles/CBMiVEFVX3lxTFBZVUNOWElfMlQwSTlmYk9fcFRCZkVDQWFVS0ZhTnhMZEFwOUFCVHFEX2ZaU05sRHdOejdIeW92b2FkX1ZvU2h1eVZDNVp2UnBXY2pvMQ?oc=5&hl=en-US&gl=US&ceid=US:en,BBC,0.0
"US banks brace for recession, and other economy stories you need to read this week - The World Economic Forum",2022-12-08 08:00:00,https://news.google.com/rss/articles/CBMie0FVX3lxTE5MUFlqZmtrbTNHLWpJNjZHMHl2VTJzUmZ5ak9iUlNjYW5zZ0haekw2UnhKZDl4SlJCOVZYYXJfNU9kMk9MMGdjUnB2UTF6bk1Yb2ptOGo2a3lPbGNKc0Ytalp2S2xDSmpENEtQeFRUeGl5TlR5NDN3UWdPZw?oc=5&hl=en-US&gl=US&ceid=US:en,The World Economic Forum,-0.4215
Securing Our Future Through Biodiversity - World Bank,2022-12-07 08:00:00,https://news.google.com/rss/articles/CBMiowFBVV95cUxOZUVRY2tUN0hLZjZMVnR4REtBdzJGWjFUUXRJR3JRekprTVNSbzk3TWk5NmJpQnpvZDNNaWZwVHRHYWloSVQwcnEwaU5IM1h6VmdZYnFheF9OLUNHUUk3SDgzSDJ1QW9zY0gyVW9sTUxVcnpRdTRwNDM0QUI0LXBTN0h3bS1GdXI4ckE1U05uT3JVRWFkSjJETkI5dlNSS0h2dWx3?oc=5&hl=en-US&gl=US&ceid=US:en,World Bank,0.3182
Health inequities lead to early death in many persons with disabilities - World Health Organization (WHO),2022-12-02 08:00:00,https://news.google.com/rss/articles/CBMisgFBVV95cUxNbkk5M3Q2MWFmV1BzYVJjUkZhWk92NjhJVjBTcnBQZkVndTF1eGh0UFRLWHdqUURYanJMQjJQalk3MGpIMWRwU085d1ZGakV6NWJUQW1vbzBaeEl1dFItZmI4Q2UwcEZkUEhZcXpZLTMwSzJ2Tm9sVTBFQnJHZTBPbkRPTnYwY295WTVtYTlCZk05ZDZxWnh5Y3FtVktQVUlWTHp3dWR4Ym9xTXpGX0tpb09B?oc=5&hl=en-US&gl=US&ceid=US:en,World Health Organization (WHO),-0.5994
Turkey profile - Timeline - BBC,2022-12-14 08:00:00,https://news.google.com/rss/articles/CBMiWkFVX3lxTFBUb1Vub1VDX21ya2ExeTF1U3FIOWctQ3dndGI0X290d1MybU01N0ZKTUNfZ0k1S3oyUjA5WV9SaDYtNGdxQXdMdGVZX25NWllPLXpnbm1kSGFvQdIBX0FVX3lxTE95WFBsT2d1UVYzTzZSSnBiM1had0VUTWhHVXotTjdNLUNFa3h0cHVVVjJ1a1UtVE1lNmV5S0NNY281NXNCZjl5Ti0yMWZLZ2JXb3RGamVfRzh0UGhpbmlR?oc=5&hl=en-US&gl=US&ceid=US:en,BBC,0.0
WHO updates recommendations on HPV vaccination schedule - World Health Organization (WHO),2022-12-20 08:00:00,https://news.google.com/rss/articles/CBMinAFBVV95cUxPWldka3N0YXgzc05pMEQzcEdYWVdqbmE4RmdtblgtZWtxWHJVZi12RExCRG5VSzlMbXNnTWJ1d0lleXVISHVUTVpPTEVFSHlqTE8zRV9xMGRHTkxyRzZoRUlpdlc2RFQ2c3QzX09mc0VBUy02Q0xLWjFNdE9YT1NSVkJzOFhsUFV4MHJhcFlwNkkyTjU3SWlIOTlDU1Q?oc=5&hl=en-US&gl=US&ceid=US:en,World Health Organization (WHO),0.0
Zimbabwe profile - Timeline - BBC,2022-12-16 08:00:00,https://news.google.com/rss/articles/CBMiWkFVX3lxTE9nUXBoeUxTeDBqNWsxRC1keElzSzNJYVhpQS1hYllBRGlhZFlBV3NCNFAzWS1hdUo5ZS1udlhyLWlQU2E0WjI1MXhsV2xIRTJRUldkYloyakd1d9IBX0FVX3lxTE53eWNQeWU3dGRHN25PT0t6cmF0YmRPMjJtSTF3ZnJwV3JnT19aa3F6OS1ab2NnOGJrb0swVHpxTGVYYVNvQTlBTVdESENUWDJldmxzd1AyNVZwWWgwTXZ3?oc=5&hl=en-US&gl=US&ceid=US:en,BBC,0.0
Global trade growth turns negative after record year: UNCTAD - UN News,2022-12-13 08:00:00,https://news.google.com/rss/articles/CBMiV0FVX3lxTE1Ob21ac3VRTkRhWVhfRnVJd29nZVFMX0swUm5WQ3VpNlg2cXpTdmxjQ2lqaFVkSU5VNDlLalZsbmNFVG1tbEZjdGFpM0Y4VWtYRlZpYjRvcw?oc=5&hl=en-US&gl=US&ceid=US:en,UN News,-0.2732
Atrium Health Home to Six of U.S. News & World Report’s Best Hospitals for Maternity - Atrium Health,2022-12-06 08:00:00,https://news.google.com/rss/articles/CBMiuwFBVV95cUxPZGdtUjMyeXlhT3NHOGhzcUVjdzBSeEJNUmRUMThwTUdtb3NhOVZaUDRyc3BNc0I1SWQ2ZWJUbTgwZHhjaDZhXzFmWjFLeEM4VkRxSkVVM2RpNlByLWU4Y0lRcWs4cmtTa2cwY0pXMnBMRHhFMGx5Z3M5U2J3MnlnOHhpRHREbkE0WHFzOHJuWUZ6YjFZTmh2ODk3czFXYVpXT3d3bER4aHRKOWNEalJIanBkUV84cWV4bnFF?oc=5&hl=en-US&gl=US&ceid=US:en,Atrium Health,0.6369
"Teachers report that Science News Learning provides credible, real-world examples of science - societyforscience.org",2022-12-19 08:00:00,https://news.google.com/rss/articles/CBMiywFBVV95cUxNczlmQXRjYmN5YjA0dnhpVngyWHAxaEh4MjR6TVR5SHp6M1dZN1E3RjVLVG5mVmJub0FYMFQyUElRUG5SWkJFRFNRamdtOHBfRnZiNHY3QWNtMVJEV204X0huS0JmbE5YZThwclUxcWJySlVtakdlLVZkNzJ3QzRFbEJ4MkwtNHRtek1YeDdfVDc5eUx5eXRwU3RYMXlwOEpzbExfaE8zc281NTFtMnNzTmFKWUxNd0Zqbk53U3RoNEtBT0pvUmNTZ0pSTQ?oc=5&hl=en-US&gl=US&ceid=US:en,societyforscience.org,0.0
2022 in pictures: Striking photos from around the world - BBC,2022-12-29 08:00:00,https://news.google.com/rss/articles/CBMiWEFVX3lxTE9SZlpaeU1fM2lKeVhqSHU1Sk91azRzQjV1X2JKTV9iU3pYR0pGWUg4ellzaGdaQXlWa1BQQVRRYUFUWHQ4MkZadEUzS0NwZHhzT0Y5d2ZuQTbSAV5BVV95cUxNYkZDMlJ5RHQyMng2N1pBVUxLeFNJUVZJZWI0THdjN3c3endRTzFiei1kNUF0UEVXXzlRVUNOdUdxSlR0Q1kxVXZmak56dWRuWUxmdzRuamp3eDhsXy1n?oc=5&hl=en-US&gl=US&ceid=US:en,BBC,0.0
The world in 2023: what our writers say you should watch out for | World news - The Guardian,2022-12-31 08:00:00,https://news.google.com/rss/articles/CBMirgFBVV95cUxNV3Q4RXI2LXVIMXF0WXY5R0RCaExGR2wzV2w5SHYwUnFWRExEZV92c2N2S2VHQlkxQXN2VFZaOGZrWTRNb2VYN2pCMndXMXM0bVpBTkhaX3VuSldFa2k2MlhUTU1NcDIzTkNmR1hZelFjQjhWZkJqSDhuLTV6V19ZZUVyNWNiSnlVOE15dDgzVHpjYzZCU1JYTEM5YmtsWUFaTjdNTnE3R2lQbkVSTUE?oc=5&hl=en-US&gl=US&ceid=US:en,The Guardian,0.0
College Majors With the Best Return on Investment - U.S. News & World Report,2022-12-14 08:00:00,https://news.google.com/rss/articles/CBMiqAFBVV95cUxPYV92RVFzNnBRMnFLM3pzTEluNi1GWGJRdUN6MWNud3ZIbXNxc3hHbVhIY0VUWEVOMy1nZG9fQVhRd1plUFBYN1NzRm9sQjNuLUNuaHRvWVF4dG9oaS1yTTdzM19FTGZoakktT2JydUc4YnhCOHFBX0lPOUVXZmF1ZHo3RUJWLUhxTXRCM2RuNUpxS2YycTJVNzFWMEdFdG1LZGlXem5faEw?oc=5&hl=en-US&gl=US&ceid=US:en,U.S. News & World Report,0.6369
World Gets First Look at B-21 Raider - U.S. Department of Defense (.gov),2022-12-03 08:00:00,https://news.google.com/rss/articles/CBMipgFBVV95cUxNWXlOLTg0Uk9RRWFNcUxHczRZWXRWdWM4VlFDZHdqSktvZlBIOGxrVmxrUnZsUjZjY0RZcVBzSldfb3ZaVzVIaHBQR3BtSUloVHg4VkdhcWRNVW4zbnIwYUxwakJwUmVZRy05VlJtZFZzWlJ1SWFsU2FUNW1HVUd4dmJrc0hxNF9Ga3BQNmNrRkxsdHQ0eHdqRXctQ3pPWE91SjFQTENB?oc=5&hl=en-US&gl=US&ceid=US:en,U.S. Department of Defense (.gov),0.128
How publishers are learning to create and distribute news on TikTok - reutersinstitute.politics.ox.ac.uk,2022-12-08 08:00:00,https://news.google.com/rss/articles/CBMipwFBVV95cUxPOUg5cDEzNDBqVkVaWjZGMWV5VmNDY3NVTGs5QUQ3YmFQcF9NUFRlRTVkODgxOHVyRDN5NVR4cEJvMDBaT0NkVkJJVmpyOXl2RnpDVlltNF92MjVNS3pEQTNqY3hBeW1tZE1rRk1yUVBxVlQxdlJvT3p0dnJxY2QxelNwQkVKanF1X0tUQTNBZG5ZTjRzaTV2aVQ1enlveWZOVW56M0tIYw?oc=5&hl=en-US&gl=US&ceid=US:en,reutersinstitute.politics.ox.ac.uk,0.2732
Driven To Run: Marathoner Makes Mark in Journey Around the World - The University of Texas at Dallas,2022-12-07 08:00:00,https://news.google.com/rss/articles/CBMiYkFVX3lxTE00UUtnWlV5M3Z3VVFtLTV0MXdlaXVxYjdNYXVwR0tVcUhMQVZZSF92YzJpMTl3X1d6ZUpRelVTMkticXVvMVlLQW1udW1IR1l6R19vdE9oVE1oNGFsTmJGa1pn?oc=5&hl=en-US&gl=US&ceid=US:en,The University of Texas at Dallas,0.0
"Global cholera surge likely accelerated by climate change, warns WHO - UN News",2022-12-16 08:00:00,https://news.google.com/rss/articles/CBMiV0FVX3lxTE5lX0Y4NlFwT3l1UEpxZlI2U1oySDRuNDZrWUtBN2UwNTJKbkdwMVA3Z1RjdFpNcnJLUV9ZXzY2aGFaYXZtcjZzQkJRclBZVUozelJxcUY5Zw?oc=5&hl=en-US&gl=US&ceid=US:en,UN News,-0.1027
Spain profile - Timeline - BBC,2022-12-12 08:00:00,https://news.google.com/rss/articles/CBMiWkFVX3lxTE5YdWlpV1BhY1VxcU9HV3QzVjVOTTRnbEt0ekc2cm9JMHF0cHl5clBPVjFWbjJWZU9pZFBsblBEblRBR2NhMmpKM19Mb0lTRWE2VFVHb3I4c1Z4d9IBX0FVX3lxTE9RTjFzdjBvTDY4NkZGWFZJY1JPSlVmSi1WRGd3UUZWdHZQX25mZlBDQkZZbk55bXAzOG5tVTFHSUhnVXpXRl82WUd5VmhDYi13Skh6SEhJZlZtWXlTMV8w?oc=5&hl=en-US&gl=US&ceid=US:en,BBC,0.0
U.S. News & World Report Explores Antipsychotic Drug Use in Dementia Care - AFTD - The Association for Frontotemporal Degeneration,2022-12-12 08:00:00,https://news.google.com/rss/articles/CBMiugFBVV95cUxQZmVfLVRjUVdpQlYzZ0cwbEJvSFlOMkJYMF9PdDFMdTZ1ZHk1MHVFNVdkd3hweC1tMmRIWERIc0RhQWdicnBLeS1Ja2lud2RhaTMzdkFORGI1UkdnaUJFTG1uX2JTZHcyTy1id2ozVG9BbkZqNExwcU5tLWJiWFNOdnJlN1BjZDAtUU9oejFCTS1FVHE5UVRFYlpCSGlpV1VyZ2V3Z0hUaGl5QmRvdnpqdWZabWtOZ0RoRHc?oc=5&hl=en-US&gl=US&ceid=US:en,AFTD - The Association for Frontotemporal Degeneration,0.4939
US Capitol riots: What happened and who has been punished? - BBC,2022-12-19 08:00:00,https://news.google.com/rss/articles/CBMiUEFVX3lxTE5LbzV6dGFKam1qU1ljczFsLW1jWk5McHE0bmc0YVR4WmQ2cE9uYUVtS3JodDZyaDI0eG9DNlZ1djA4OExtczFiMERMaEJzOUY30gFWQVVfeXFMT0FGN3duQ05ya01MZGhnMzlOSXVpNEUxZFFUal9qNkUwQ0RndDZQZ25VdG52c1lzUk01bmNZWnpCTXFkZmFMLU9EQURSUjcteVpodmJKcmc?oc=5&hl=en-US&gl=US&ceid=US:en,BBC,-0.743
Science News Briefs from around the World: December 2022 - Scientific American,2022-12-01 08:00:00,https://news.google.com/rss/articles/CBMioAFBVV95cUxOMU43Q2IySVVBV3diazRRV2RQMWFORlQ1NEtwdm9tTHEwZExqc2w4bjc0QnVSdVd0ZWxXM1JGbHdFZzZreXFxM1VvNWRqZWVSd3g1UENScTVwM2R3bkx6ZjlzLThSUjM1c2txZUVZUmNNMXI4Y2xNM1pYOFRfbzZESVFmeU1qdUFkdExxYlBmcW1yTFgxZVN0RW9sMnVBT3Va?oc=5&hl=en-US&gl=US&ceid=US:en,Scientific American,0.0
Agreements for microreactor deployment in Finland and further afield - World Nuclear News,2022-12-16 08:00:00,https://news.google.com/rss/articles/CBMikwFBVV95cUxNZFYtaWI4N2dhbU41ajBFdXdKY25iejIwQnZJMzMtTEN5X3otX2VUblNyOW1iN2xQTzRDVEx1TTJ2NEs3V2pqTE5wZTBWdjJhM1M0cFprd3pNY0VIUDgwLVpQUEI2al9Uc0UzMF9yY1FyNWpja2NyZHdCN1NhVWdmSnM5TmNRVkR1aVFmdngwOUJEdGM?oc=5&hl=en-US&gl=US&ceid=US:en,World Nuclear News,0.2732
China's demonstration HTR-PM reaches full power - World Nuclear News,2022-12-09 08:00:00,https://news.google.com/rss/articles/CBMilgFBVV95cUxNbDYwRFIzSWNQTlR3TmRLVDV5SmQ2NllnYnZzbDhnWGp0Z0lMaDRTdC14ektsbTlaT21oWjhFZE1zSGhlOHNFbEZiZk1uOVhpLTdjYzhLZ2g1UVNoRGt3aTVzR1VrcmV5Nk1Rc0dScFFwZWg0Sm1fckdsR2NERTgxYjh5NzV2ckpSYk1yWjlQT0stbHpoSnc?oc=5&hl=en-US&gl=US&ceid=US:en,World Nuclear News,0.1531
Bringing the World to Reno - Truckee Meadows Community College,2022-12-12 08:00:00,https://news.google.com/rss/articles/CBMiY0FVX3lxTE5aSzZzUHVBM0JkdmdWWF9zR3pQaTQtNjYzZUQzUnlIaDh0RkhEV256N1NJS0o0TEx1NDFraExfYXZ4Y09OR20zeG84S3Iya09tZ3NpdDlSdDFuNnpuZXZDSk5uTQ?oc=5&hl=en-US&gl=US&ceid=US:en,Truckee Meadows Community College,0.0
Pope Francis renews wish for peace in war-torn world - Vatican News,2022-12-26 08:00:00,https://news.google.com/rss/articles/CBMipwFBVV95cUxPZmZSd3A0Z3BoY2kyT3Nscm91cFE0OXJ1NE5zRzVIMGYwdTJpcEtMUUFDYTZYVVpnRTNOa09TS3RHM2wteURsR0NIb1B4YkU5R1JCMnNGQklHMmtnbGRRUXJMY3ZVZlBvb0dkSFRuckdqZWlMajFKaURZcXpJQ2RxTjltWno5OWJSWlppbHZCN0UtZWMzdHBTWWlsbEhCTHhBb0Rwc0lMaw?oc=5&hl=en-US&gl=US&ceid=US:en,Vatican News,0.7351
"Larson, Blumenthal, Murphy Applaud Selection of East Hartford as an American World War II Heritage City - National Park Service (.gov)",2022-12-13 08:00:00,https://news.google.com/rss/articles/CBMi2AFBVV95cUxPd09nWHRvNFQ1V1dNelJGUjQ3eWoxRUNZMms1M0RiRGFwZy1KTEZab1pkeWJwR1FBNzlydFNWN0J6TUdGQ25rQ2xCLVBsNm5VSzlpYXhfYW1mR1hvczZ2bnNHd2JYT1M3ZXJmY2V1OGFyZzBwU3RtUllzTmY5TUNWMlhMN3EzTHdXaU1HWXVxLTFpV1JsVERwc2dtZlpHelJZU2F4b3N0dVNqb29NWHhZd0t1RHBhT0lVVkdNM1dIdERsT0ZVX01INFN4ek83am1ESUNBMHFKVFQ?oc=5&hl=en-US&gl=US&ceid=US:en,National Park Service (.gov),-0.2263
Making scientific publishing easier around the world - MIT News,2022-12-23 08:00:00,https://news.google.com/rss/articles/CBMihAFBVV95cUxOTUpXa1FZcUJROERHcnZzVGZTQXJQWV9SUk9IcUZZNkFmWXpJT3lFX2R0SXhYa2xwekVKcmNTOVMySWhYNzh1dW93MDFxSU9fMHZORGdOd2xjMVRFb18ySG9pbzhwVWZVT21ZZG9ZYy1MTHdORGNjWDBFR2duZ0lMeXhNZEU?oc=5&hl=en-US&gl=US&ceid=US:en,MIT News,0.4215
Pope: Much can be done to stop Third World War fought piecemeal - Vatican News,2022-12-19 08:00:00,https://news.google.com/rss/articles/CBMipgFBVV95cUxOYXhXenJ1SmVuRmJab2kta3A4TlVycU5sb3cwSUJiX1FBWnpZN09qYmNnWDJ2LUJkMFJ3TWdrSy1kOERDRzJaZWdpVWo1ejdYenFoLXBQRWw4Q19icjdiQ3VUaDg0R3M3bGptWVRweVIwOGgtMjM3ZjNmUmdCTjJWMWdWRVhnRGhqVDVyZUVXY3hFbWR3XzM3d0lNSHY3Yi14OFZkQWRR?oc=5&hl=en-US&gl=US&ceid=US:en,Vatican News,-0.8126
Reading for Iran: Women generate the words our world needs - Vatican News,2022-12-06 08:00:00,https://news.google.com/rss/articles/CBMiuAFBVV95cUxNdUhIVW1zMWJ5N2RoY1lpZTlPSXBWTUFkSm1jVU15LTcydXZGZkpPUV9HMS04WmVMQUpsYkZpckJKalZlcHFjU0EtZmh6aGRjMXBEa1lIMDNLM3VUdW54NkdvUWU3SGl5MnJEV3czVjJ1ZV9udVN0TktnRVE0dkhIQ2xDS0pqQ0tobW9xaTB5WHQ0REZQMFhOcDhrUnRWc1RjcGxZNlJyQ1ZuN1dlQmtQcnFzU1E3SERw?oc=5&hl=en-US&gl=US&ceid=US:en,Vatican News,0.0
Abba's Chiquitita: Guatemala school uses Unicef funds - BBC,2022-12-29 08:00:00,https://news.google.com/rss/articles/CBMiY0FVX3lxTE5aZEpxV3MyLXRzUXFVRW5TcThrYnZPV283SlpSWElaM2t3RWNabEx1UjdDZVMzTEhDNml5NDhQS1cwVWFmQTZWNzNhdXlGZjFCZlhBREpEVS1oRDVQcU9Wa2dsONIBaEFVX3lxTFBCUE1odjh6Q3Z0aktjS2x0SWtRZGhiZW1FUE8tUXdPeXVhR3YwNlBvbmFndnF0b2VNNkxjQ0ktWldreDJwbTdLRVpVbi1rdjVmakJLTW55MDJlU2RRVkNMTUh0UHNZejRa?oc=5&hl=en-US&gl=US&ceid=US:en,BBC,0.0
Brittney Griner: Russia frees US basketball star in swap with arms dealer Viktor Bout - BBC,2022-12-09 08:00:00,https://news.google.com/rss/articles/CBMiWkFVX3lxTFBWQXM1NkRUU3A0cDNJMGhhdUxBVVlNVFNZbGtOSmFpUURYOVYzVTBEcTV6NG44dV9JZzg2c19Lc3RfMDhqVDBtTWVMSlA2UFY0Z1Q2TnZPS054QdIBX0FVX3lxTFBuVVIwUWhpQWVpaG9yNDh4SnpnQmRDS1VlX0VkRmQ5VXBGcmhVdXJjT0tCTE96dEsxdDFmN1ZXV1lRQnh0QTNxemVmNGwxWEZyXzNZcE5SQ0xvNGNuekJF?oc=5&hl=en-US&gl=US&ceid=US:en,BBC,0.296
Volodymyr Zelensky is Time Magazine's 2022 Person of the Year - BBC,2022-12-07 08:00:00,https://news.google.com/rss/articles/CBMiUEFVX3lxTE0zMm9DbzI2M21MbmdsNUpPak9yN1VEYjZGUHJMamdNZlIyOVo4S3p1VzMyRXl1ZmVrYk5fRFFMUXJkSFNMUEZfdTZfa1Q4UE5a0gFWQVVfeXFMUFJ6ajBDcmpiZENKM0RSM05FemNNbjRuai1LUi1icE51WFN6TkF0UFp0SnZhU2I4R1pHbWp0b0wzWWl4dVFZWmZWTmw2cXZYTDlLT0k5d2c?oc=5&hl=en-US&gl=US&ceid=US:en,BBC,0.0
U.S. News & World Report rankings highlight MSOE’s commitment to educational excellence - Milwaukee School of Engineering,2022-12-09 08:00:00,https://news.google.com/rss/articles/CBMiygFBVV95cUxNc1dOYWg1S2tUWXNVbVVQNlJzQkdtaUZsYnMxajgzZTRnMWU5aHUzYVlXMFZvSUV3cURqcU4zT2FDR250aEtCNi12WGtXTGxGWW9OU2xPdU5zbkRkR2VzRXdqQUVLdWJfMzJZSG1JT0RsRWRMbjhlZXNyay1nMGQ1aGR3Wkd3YUlQSHZOZ3VkdmlGdDhVVGtibmxURGdtVVdoRVZkWkMyNVZmV0dlb3pSaHZCMHg3LUd4U3lWcFM4VnpCQzZHcVp3Ykt3?oc=5&hl=en-US&gl=US&ceid=US:en,Milwaukee School of Engineering,0.8442
"Michael Kaneshiro Chou aims for a better, more inclusive world - Binghamton University",2022-12-14 08:00:00,https://news.google.com/rss/articles/CBMipwFBVV95cUxQbHFsemdQRjZWSW1NaDJ1Z0NzQThNOEJrY3o2ZTFMVnJ6UXVLYWVycmFrRFUyaS1DQy16aklQTC1tbzUyeHlSM0N1cWtjLTByTjRiOGkwcE1NbmN3VTB0cDNKWWxmbGd1Ni12eVdGTG84WVEwbjBPamFLOS1TdHhMdUp1bks2TjUzSVptRHFiQ2hBRFdWeEFEUVJQMlpuLUI0a01taGhXRQ?oc=5&hl=en-US&gl=US&ceid=US:en,Binghamton University,0.4404
Former Pope Benedict XVI dies at 95 - BBC,2022-12-31 08:00:00,https://news.google.com/rss/articles/CBMiWkFVX3lxTFA0eUhUSldpUF84S0tjaGpoUHhSYkY3RjJuUS1pa0pIcWZ0NGhHaTE5dmdfRlVLRHJNUHhmRnNPWWRTZVc1UWlyR21Qc3F2OHVPVlFGcjhvZncwUdIBX0FVX3lxTE4yalFPeXlSVVNpcXR3M3hJX19BcWttbllyZTFmWF8yUXp2T1BfVjlUQXJvUjk3V1JYZnd2eHkzNUZudHR0NW91anhqVXhZZFFPTU9wZUlCMUFISE5vcTFz?oc=5&hl=en-US&gl=US&ceid=US:en,BBC,0.0
Afghanistan: Taliban ban women from universities amid condemnation - BBC,2022-12-21 08:00:00,https://news.google.com/rss/articles/CBMiV0FVX3lxTE4wNTItbUhTQkZPRjloZzRkN2ptRk5TRnVqTk5BQXVUbEg1S1FOaWowMFJNUDVZM2dsSXNpSXhvNWdwVUVIUnlCN0ZiX1AzMjgteXc1Z1R2d9IBXEFVX3lxTE9XUDF2N21iTjNfN0sxRDhOMmVuZWppNHJOSk5qZUxrcFc5aFpOajJCUG9ueURRU1BQQXhKVS1taXpxZDhUblo5VVJXaVZSdWwxOWM4Zk8zU01sTWZM?oc=5&hl=en-US&gl=US&ceid=US:en,BBC,-0.8126
World Athletics publishes Online Abuse Study covering World Athletics Championships Oregon22 - worldathletics.org,2022-12-02 08:00:00,https://news.google.com/rss/articles/CBMipwFBVV95cUxNdHhWbjNGZG5JWnZya0lsdkxkME84cFgtUXM5cWJ2RFo2S3NJYS1LSEVIN0t4dmo4b0VhX2RNbWQ5bl91Z0tQTTRwRDJDMkZWb0s2YjdRaTQ1RHdrUkZNRk5yR2FmZl9PTHVRcUo3b3JtQkpVejhYX1BTOXI5VnliSGM4VUJMaGY5UGYzYUxiREh5RXp3T2JXYUx1RGJqMThYcmRBRXZ6UQ?oc=5&hl=en-US&gl=US&ceid=US:en,worldathletics.org,-0.25
Christian nationalists - wanting to put God into US government - BBC,2022-12-16 08:00:00,https://news.google.com/rss/articles/CBMiXkFVX3lxTE00aEhJQVdQVTl4RzFPaElWbll5aWpEQ3ZpNlJUTV9SbDhHV3JQUEF5QXAxY0lUZE1rZFZiZGNYVGkzd2gwcFhQRWkyTVhwNlRSTHBBZ2NmMlUyeGl4MUHSAWNBVV95cUxQUFRKN1FOcWtPRU9lOWtrc083NW1CbjI5eVM5R3MtNTh1dl9GcWFVNE5iT2xQV242emdrSnBrZ1dIMU9FVjVIWlU5WHBoWkhWYmQtc1A2QUNCcllHc1dMM3JQaWs?oc=5&hl=en-US&gl=US&ceid=US:en,BBC,0.2732
China abandons key parts of zero-Covid strategy after protests - BBC,2022-12-07 08:00:00,https://news.google.com/rss/articles/CBMiX0FVX3lxTE54Q3lfcjRkeTM5bzM5OWtkX0tCbmEyTU1aT0lMYXBlR2dwSFI3V2lScmJudUw1MGxkREFrOWV4eWt6dFFxNTN1aG5obXZNQUFxcUlBQmtGa011WEZWbEN30gFkQVVfeXFMTTlXSnJrZ1VQNlRUSVBveEYwS09PWnBqbWVYSk1DTGZSYldLRHpqNXRVQ3YtUG1kUnZRWGRGeXRzczgxRU9ZSHNzTVQxWWl2b2tsLXVINzZ2R3o4clpTUTZwOFdhZA?oc=5&hl=en-US&gl=US&ceid=US:en,BBC,-0.4939
Ukraine war: Five ways conflict could go in 2023 - BBC,2022-12-26 08:00:00,https://news.google.com/rss/articles/CBMiXkFVX3lxTE5ac082QTRuVThHTXFOYmY5dXRLYVJ2TFduRFFILXAzd0gxQXZqS1dfMXRoZU1sMktod3FOTmtremRmWjVfSFI4Tl9lc3A3S0o0WElVYmVTalJ5UTBOeHfSAWNBVV95cUxQSU50R1FhQWpYY1BwUDVTNklucThLd0c1VC0xNEY1UndacmNlUW96WkNmTERoX3hqU1NmZkwwYjluUl9nRUUwUzBtd2o3OXhYWDhpemRIeGNOdVVQa2ZkenpZWE0?oc=5&hl=en-US&gl=US&ceid=US:en,BBC,-0.7351
‘Great scientific step forward’: Construction of world’s largest radio observatory is finally under way - Nature,2022-12-04 08:00:00,https://news.google.com/rss/articles/CBMiX0FVX3lxTE1OWDZYTnpoSGM2eXRKZFZHV3hMNHY2a0tEOXhDNEFWODYwWk9WWkh6SkZjaE9xZ1M0SEItSHZnbE9uZzJjbDYtbWw1bVhFV3VhZXVRc1BfOTRwdkZCcGRF?oc=5&hl=en-US&gl=US&ceid=US:en,Nature,0.0
2022 Davis United World Colleges Dinner - Macalester College,2022-12-09 08:00:00,https://news.google.com/rss/articles/CBMihwFBVV95cUxPaENXdWNsYmpKMUJCWjhqZjFoc0tNRWtncTFwaVdxdkpFd2xZR2h5WlJWYTJSbGNfb2F2aUhkbjRtMlJ2V2hEV01jS0JSMnREamZQd25zRmdkNWE3V3JpR3ZaZnFNWEdreV9ONzM1bi11by1vMGJYSEpHNUM2Q0xtZklXX0k5eWc?oc=5&hl=en-US&gl=US&ceid=US:en,Macalester College,0.4215
"Increase in invasive Group A streptococcal infections among children in Europe, including fatalities - World Health Organization (WHO)",2022-12-12 08:00:00,https://news.google.com/rss/articles/CBMi4gFBVV95cUxPRUFrbnp1UVBvWFZodWhvRHdtdWpKMC1uWUlPczlRWXRLc1cxU1gxSXJqOE1SVFN1U0lRUnY4MW1zUVJhZktvMUNMam96MFR4cUhfWDR5Mk8xb1lLRFRHNE54QmlCZ0NOUXpSd2NDSzFpTUZyU3Y4WERIb0FPRWhVTmFwTzk5alI1YzQzRU92NWFzcmpiclBlZC1fS1o5WEpGcDN2X3cza0xVM2hlMDI2b3pRdDJXdGZBY3Y1alo5UFZVUXhZUHZLYm9FSVI3bGZNUXRKMjFES0ZabFdDTmZmTWlR?oc=5&hl=en-US&gl=US&ceid=US:en,World Health Organization (WHO),-0.3818
Scaling-up mental health and psychosocial services in war-affected regions: best practices from Ukraine - World Health Organization (WHO),2022-12-16 08:00:00,https://news.google.com/rss/articles/CBMi7AFBVV95cUxQVXV3TzNMZkktM0N4cjNDX2ZybzNYU2c5LUJiWGV1OEV6ZWpsZTR3WWhvNXhSY2dwWThucXlMdTNWXzIzd2ZzNE5tMV9mRVk2Vk53UjVZdHo4WFZyUGNGQzRILXlMbnc4MW9EYzlmZTNyY2tTeXdkSVE4RjRYLUMzbmJrZ0lPZkJIcG9kaGVBcnNUOHdoMl9EWjl0V3hMQmtXSWxEYzNsV1dfeXNYbjdEQ0pXM2tTSDFFM3ptNVpDeFBtWmNFeUg3OXNkRkEyTUo0Rk50R0dSS2ZZR3BQNUozeUFQdUZWd3QxOWhYTw?oc=5&hl=en-US&gl=US&ceid=US:en,World Health Organization (WHO),0.6369
"World Health Organization names Sir Jeremy Farrar as Chief Scientist, Dr Amelia Latu Afuhaamango Tuipulotu as Chief Nursing Officer - World Health Organization (WHO)",2022-12-13 08:00:00,https://news.google.com/rss/articles/CBMigAJBVV95cUxQOGRmSUNYMEg2Y1A1LXNuM0VHLWoxdGc3Y1BSazZCbWo0UE9jbmtRUHNzME9mTGotOW1HTmxpaHF6R1JFQTRXU0NNeDZ2blgyNzZzcjlhd05jSDY0b05Dd1VRc0pCZjNsZ3FmYUl1VTdRV0t1ekNVcFJYaDZ5anRneHFfVXVMbkpybXNVUGF5aXFXTUZBcTRoMlcwZXV0UWZIRHBSM1E1YVpSLXJfTS16cnZYSFpEbzMzcU5JV21xWDBYUlZHdlJKQjhuOHpqT2luUHBzYUE3YTlrb0tyZUlzNnpLRkEwMGRxa3hVN29DRzNqaUhfZE8zUGN3VWVSUkR2?oc=5&hl=en-US&gl=US&ceid=US:en,World Health Organization (WHO),0.0
"As South Korea abolishes its gender ministry, women fight back - BBC",2022-12-14 08:00:00,https://news.google.com/rss/articles/CBMiV0FVX3lxTE5nUWhENGlfenJwV01OSjJTSVQzNnM0bU9SRFFjczdKUjJINDFYVGFxeVJnc001QU1ycmFBMEhEVnFzSC1pWUpJdWZuYkZYNGJiY1ozbU5Va9IBXEFVX3lxTE96N0FSU1JvUFFMcTJpYWd4R3BtM2o2cjVtY1JEVlZ5WXR6QXhfdnVRdWZxMGRuWWJodl9zUVJiNGtKdFlfYlo3TURjVkgzSUZJZVRGdzllYk9BUWI1?oc=5&hl=en-US&gl=US&ceid=US:en,BBC,-0.3818
Viktor Bout: Who is the Merchant of Death? - BBC,2022-12-08 08:00:00,https://news.google.com/rss/articles/CBMiWkFVX3lxTE1sRDByOEV2Sl9YMFpGNWZtNFVFdWFsUjZFTl9fMHBnTENKWk5aY3ctcmtHWnF1T0l1SXY5OEFMTE96WlFtem9yNmNnSm1neHFvZkw2T3RQeHlZUdIBX0FVX3lxTE1GcmZGbGcwNWh6akZobTJYUjFtVG1HR3lXeTVpTzVLQUgzRTVsMWM2MkZEaklvZlA3MFk2MXpqd2J0Z2dzVzMxWHJRQ0NCeTA4eHFvcXBOaDdvMmthaC0w?oc=5&hl=en-US&gl=US&ceid=US:en,BBC,-0.5994
World Cup fever sparks joy in hospitals - NPR,2022-12-13 08:00:00,https://news.google.com/rss/articles/CBMinwFBVV95cUxNVDNmc3hmb1dtMng4NXJkVFpGZkZZUEVCLTNONjZNTnRKLUwwcUZKMGlYZ2xvZEhLQ2NwTnZVRGtfOW44azJtRGFEU2dUNGJQenNhaWgyU1N6N1NUa215b0lpeGtLcTNqcWpuOHZmWW5MUVVFa1d3TThyallHYUh2T2NJaUlMcC1TZ3lMcTVySWswRmo2cUg2SHBsVGxaSlE?oc=5&hl=en-US&gl=US&ceid=US:en,NPR,0.5859
WHO Member States agree to develop zero draft of legally binding pandemic accord in early 2023 - World Health Organization (WHO),2022-12-07 08:00:00,https://news.google.com/rss/articles/CBMi0AFBVV95cUxNb0xrclJVUUxZOHQxd0w3cEVhQXpmQ3BBQm1raUJVWWszSlB3dVljMDVyM0lXQmtHY1VhMHcwaDdXQ09LQUZiTm1IUlZkcTU1RmVMT0VEMEJ5QkI0SERNTmVyQ05fRlM1ZFF0Z0h0UHZoUDJYMG5EdEVCMFVvWmx5RlBMSUhnb051Ri0xTVM0dlk2NDg2LXFlRnlTY19jZVZVS0hscWpFb3U1b3I0Y3FqdGR1eHFoWlBZR251eUhlc0ppdm9xaEdkWTIxbUlMX2w4?oc=5&hl=en-US&gl=US&ceid=US:en,World Health Organization (WHO),0.4404
World-record nonuplets return home to Mali from Morocco - BBC,2022-12-13 08:00:00,https://news.google.com/rss/articles/CBMiWkFVX3lxTFBiTnlaVWk1SVhiWUY0RWtRdm1Ucm0tUEQtWklYdHY4QkU2bnY5cFBVTUFycEVyRW1vSXhjOHlYS05RNTBSRXRYNkszeGF0U2drSGFDWHNlLWs4QdIBX0FVX3lxTE1udmZzS3JpUWxFRy03TzVrOTZqZ3VTYS10R3EyMUNPTk5oa2VmbDNmby1XS2xWN28waGNOU2gtMkxucnNCLUNCX09uVHNHX01HTDBtd3U4QXhhX2M4cXN3?oc=5&hl=en-US&gl=US&ceid=US:en,BBC,0.0
Why School Dress Codes Are Often Unfair - U.S. News & World Report,2022-12-23 08:00:00,https://news.google.com/rss/articles/CBMioAFBVV95cUxPdHNpUHgyQzQ5bzRRdzF5UksyRFFPRzVVbGpWazB2VFBPLXhCckRhX0w0UlBYZzNCTncwVlBIRkp2MlNMd1lnT3lYTmpPR2Z3eVpjOHB3TVk4SmUtdnlsTWRSX1hNQ05TZmdrSEFGalFoNDBCOFlVdWp0aGZwRnphdnNBWU5ZOGJObk1XMTNzT1U0c0g5dUlsTFBRYUYwTFk2?oc=5&hl=en-US&gl=US&ceid=US:en,U.S. News & World Report,-0.4767
Highlights and takeaways from the 2022 World Cup - PBS,2022-12-18 08:00:00,https://news.google.com/rss/articles/CBMiigFBVV95cUxQUl9aUmtTVE9zQkNLNXluOVJ5cDlKRVd4R2RHZXk3Qm1Fdjk4NE9RdTZNaVBnQW5KWHVGVUpoZE0ycFoyNkVTd1JCSE1iVkxUaWFJZF9MZ3Q0bTlweGxNWGhRc0wzWnAyUkpWa2c3N0ZzX0QzNTlxV1dwX2RlUnNmdGVIUXhOOEpaM2c?oc=5&hl=en-US&gl=US&ceid=US:en,PBS,0.0
Germany arrests 25 accused of plotting coup - BBC,2022-12-07 08:00:00,https://news.google.com/rss/articles/CBMiWkFVX3lxTFBIbVo4bkRpU1RBbERRc2s5UU9kWGMwbVA1ZF80dUFsUks1MTc4Wjk2blVMdnA4QVRUQWU5OEJJckRYemRlNVd0Y1RwRVJOcnRxcUVlOWZNOHJvUdIBX0FVX3lxTE8tZ280NXlQdUF3TUZ0TGxHenNsQnZVcEN0ZlByUFN0N2JxWkNKTjRJdDE1NC04YzNaWWd5NUZNeG51RDdqYWRKbWFQc2QxSHlMUWVBQXRMWERpM2JtX1lv?oc=5&hl=en-US&gl=US&ceid=US:en,BBC,-0.6249
Uncertainty over Iran’s morality police after official's 'disbanded' remarks - BBC,2022-12-05 08:00:00,https://news.google.com/rss/articles/CBMiYEFVX3lxTFBwdnJhM0Q4MzJjUS1WRVZYTG92RW1aYjRTYnFuUFZwNEVmbU14cVItRWJJQ0FTQXNEdnZxNmxwTDFIbElYRldSOVBtYUtfTUF1cVJUWURrUkRJQkJnT0JiZNIBZkFVX3lxTE43VVFiNkJ3THFDSzZ0ZWpOblViWjBqem9nN2JsUkMyQUNZeW9fVFRYY3FLZlB2ZTNMY0NFUjVMekt2N0Qzdm51UHZGYUg2MExvVkVMWHJxU2l1M0ROeWozOWFlc0RLUQ?oc=5&hl=en-US&gl=US&ceid=US:en,BBC,-0.34
U.S. soccer journalist Grant Wahl dies while covering World Cup match in Qatar - NBC News,2022-12-10 08:00:00,https://news.google.com/rss/articles/CBMinAFBVV95cUxPekJoMU1EbDN5UUVmaVNhWjh6VWs5SWY5NHpoM21aWEdxMDJuYVZCRFp3VmdVenNtS1Y0TEdsVS0yLWZ6b3F2Qi1RWWZIWmVXYkFqSUpIMVE2WUJTNjYxMGJFZFhnTlNtRU5UQlg3SmhmUFlUaHZVamhTaW5Dc0V4RHFMR3Y2RGFlQk45YUs1b1V1RzJtWHl1TkRyUHjSAVRBVV95cUxNYzY5ZW9NRDRyVUFaaFhHekxwc1pmdm9HNzdwcFoyZGxmU29UdDg4Q1lJRzBxbFJmYjdFR3BfRGM0ZlA4dmh3dnlxejNabE5sRk5UT00?oc=5&hl=en-US&gl=US&ceid=US:en,NBC News,0.3612
UN recognizes 10 pioneering initiatives that are restoring the natural world - UNEP - UN Environment Programme,2022-12-13 08:00:00,https://news.google.com/rss/articles/CBMiuwFBVV95cUxNWjI3SFJsVHhGM0FUZU4yYjZZNFlMMnJuMUJUbUdxRDBPM1lxQ1VoSTQya0RfVkhTaVVMUTFuakp1M2xUdEhSYmJ0bWJ6VVRsVFUzY2F4RkgwdUxQdW5KVGdYVEh0R2Y1RWEzUl82NVkzUHRCMmt2V3ZiakNRWkVGa05RemlLWkNTaEpuMkZGdjlDUkRFUGQwR0J1VFhRNHRpSGpSczVXeWRZWW5JN0R2ZDZybHBoZGNWNUJj?oc=5&hl=en-US&gl=US&ceid=US:en,UNEP - UN Environment Programme,0.5719
"Messi wins World Cup, Argentina beats France on penalties - AP News",2022-12-18 08:00:00,https://news.google.com/rss/articles/CBMiuAFBVV95cUxOTnNRVnNSUWJmM2pDaDFwZUZUUzVoNjRkbG9qelJvZ0x2VUIzaFpjOVJPU21QNmpVS0NMck9kMTBtdllTcjdPUWcydTJYNG1iU2kxUDZZWlYyd1ZXTGNwRkc2VHpyaTlwTUhaNlVBWV82TUxXZDliejlVTGVDcGw5cWhPVFIyU2xKa05RTklmaU9IdmJ2QXRCc2YxU2dodGRTY2hJMG5WeXZFWVhMZDBpWEVpNFFrUHBT?oc=5&hl=en-US&gl=US&ceid=US:en,AP News,0.5719
India v China: Is becoming the most populous country a boon or curse? - BBC,2022-12-20 08:00:00,https://news.google.com/rss/articles/CBMiX0FVX3lxTE9nRS1SLUF4Z3pycnFGQm9ycjhLX1BnUDQyTUFGNDRoOHliS0JOQ2F2UVJqeGVMbGxMSHkwWjc4VnFVZEIyM0lTdC0xb3JDcURqNjV1dERJVjZFMDhBVGkw0gFkQVVfeXFMT0tsZ1lhODZ3dlpRMWpPc1NwSE9XTnMxY3BDU3ZxS3ZVZjQ4cklQQWJ0em5JMEQwSU5rU2t1UU5NTFdNamtOS21qdEpBM2xQTU92VURpaHl6VTF5N2FjN1p6SktYaQ?oc=5&hl=en-US&gl=US&ceid=US:en,BBC,-0.5423
Kosovo: Serbia puts troops on high alert over rising tensions - BBC,2022-12-27 08:00:00,https://news.google.com/rss/articles/CBMiWkFVX3lxTE5xUThJQnE5cmZNaXV2dkg0dGt5Smw3UHRTdTE1cHhuWGNfTTdVVW14UlhMWTN3bllMUWRSM3pwTjN4MDNWak8zZ0JjOGhEVm1kbjNTcEYyWkxkUdIBX0FVX3lxTE9penQyQWdkWUFHb05Ocm1xTWhNdElGeC1zQjllZ0NWT0ZVb1BxSEcwb2IzZVJ4NDdHUEsxLUFYRnJ3alNvbGRNN2ZxOVpickthdGFFN1V0SzIxd21qLWo0?oc=5&hl=en-US&gl=US&ceid=US:en,BBC,-0.128
Barbara Walters: Trailblazing US news anchor dies aged 93 - BBC,2022-12-30 08:00:00,https://news.google.com/rss/articles/CBMiXkFVX3lxTE41VTFFb0RFMkpndkkyeGpFbmhTU29ndlQyNDVrVlRoaHNXdEFkdWRjTTFLNWdoaEdOUk96NndTWnZoMEt5WlEwWEc3SUd3ZTh6bFAwU193Q3o5c0x5dFHSAWNBVV95cUxNNDZ4bzVQWWwwcG1TSm5pYUdfai01R3hhMDFobUwxNFQ0NlY1eHNLelpHVWhrNGhoY1dWT2puOUIxN255b0hqeHJ2Ull1OU1DSU9GNjRZb2lOSzBLNmpCWkl5cU0?oc=5&hl=en-US&gl=US&ceid=US:en,BBC,0.0
Report signals increasing resistance to antibiotics in bacterial infections in humans and need for better data - World Health Organization (WHO),2022-12-09 08:00:00,https://news.google.com/rss/articles/CBMi5gFBVV95cUxNZDZ3TEVteFN6NU9hYXhMM0JfMVc2aXlMSTFwNkcwVFdONC1PeF90ZDNYLVNHTVRaOWJJTXNkWVpjSGZONWs0a0VTUGR5akxQZE5vcXFwd1dzWlk5T1MyZ19BUC0wRF9oTVBjeGVRa1RCN1A4VTZGcmFNWmJROEE2LTNQN0s5LXlPWXMzNlEzblI0R1F4WXU4WTU5d0tiRDF6ZURYUmZaVGhqWXFuWjlfTWRfRERvN09GMl9PbVU4RFdtNjVxYWFVd2ZvZWtOSU5Jd1pna1NsMG5VVEZkcW13eUFOSm41QQ?oc=5&hl=en-US&gl=US&ceid=US:en,World Health Organization (WHO),0.4404
Why Yale Law School Left the U.S. News & World Report Rankings - The Atlantic,2022-12-31 08:00:00,https://news.google.com/rss/articles/CBMipwFBVV95cUxOSWhSMjBiU1hnVzZYNmlJYzFRUFdoaEJaOFVEYzBpXzlyMF9Za2dyQjVYdkRWb1VwRjVuUUNKamFCTWF4aEt3c3hSaUcwZlBhdXY4N0czYW5WUkFUZ09uYktLX0pjOXp5TEp5dTIzNTFVaGl6ZndpLVVjbGVBOWFaU0ZyQWNnaXNCWUpfRjI1NWlIV2lmcWJVR0FqVUVJUGlheE4yR0t1bw?oc=5&hl=en-US&gl=US&ceid=US:en,The Atlantic,0.0
David Muir congratulated by ABC co-stars following huge career recognition - hellomagazine.com,2022-12-28 08:00:00,https://news.google.com/rss/articles/CBMitAFBVV95cUxQcW5pVmREUEpSRldSUzRlQVRGMDdUTkotNFNUSEZHbWpoUVAxSnEwaGhwT29LTmJoa1hxVmZUT1huRHpSWnU1RTlucjBVTWp6cy1kMlZFSEVFM011em5NQXZUR3ZuVTh1dmRuMFROcE9ERk5JSEQ1SVJ5SjFxMEU3Qjd4bHBXTHdEUmNscHJqM25IVHh4djhCa0I1N0VSQzdaVTBBbFd6cDJQRmRucjhXY2dWNmvSAcMBQVVfeXFMUFFqc3liUEpkQzNxcENueWpBQm5WRzg3aW5wZkRxQngzZkJ4WXdRNllrM1FEaWY3RW5WeWxqV09DQkZrS3h1SVoxNlFEaURpaUkwRHoyU1M0ZlQ1REtEOGwyc3RYcEdQYklNUTcxNGY5bU5QbTd5OG0tNFMtb21WYTdid1lrSXdXaTdIMUtuRnp5amxUQ0lpTHhBNU5aNHN0c0dLYkU3U3BMVjNXSGtPcXFvWEtOcWljcXZUT3VTWXlHam5V?oc=5&hl=en-US&gl=US&ceid=US:en,hellomagazine.com,0.3182
"Ukraine war: Zelensky aide reveals up to 13,000 war dead - BBC",2022-12-01 08:00:00,https://news.google.com/rss/articles/CBMiWkFVX3lxTE9BMVNkNS12ckdTSzJmTHVoZE9JLWpBRXNuNUIwMUtCQ2FmVmFRZjdsbnM3eUc4X210bk96TVZHbGdNSnBTakpYRUdtMU5fTmdjUTFKbndhZUhqZ9IBX0FVX3lxTE1tTEQzbEFUc2NXX3Rfd0JZUGJyRzlTdFJYc2toc2p5R3dzNF9UUnpnTzVRdU9XX19BVTRTaHVoVkgxcWxnVDJZRHNUSjJOTUNTNjlOTkVkalNSRFl0cmZF?oc=5&hl=en-US&gl=US&ceid=US:en,BBC,-0.9201
5 things you need to know about Artificial Intelligence this month - The World Economic Forum,2022-12-16 08:00:00,https://news.google.com/rss/articles/CBMid0FVX3lxTE56bEkxZzZNSDhoZDBUN25JaGlaVkxwWUFJbnNyMWZ3YWdfOThXNDhRcVExc0Zpa0VFbHM0bDRsMTJmY3AwNmh2UGlDS0drQThBV0VBalRiMXo3MEY4N2JGZS1ZVTJEcnRFaWRsSE5jQVdiNzVGdm9r?oc=5&hl=en-US&gl=US&ceid=US:en,The World Economic Forum,0.4767
"The difficult math of a prisoner swap: Why did the US trade Viktor Bout, a notorious arms dealer, for Brittney Griner? - Northeastern Global News",2022-12-09 08:00:00,https://news.google.com/rss/articles/CBMie0FVX3lxTE9QbC1Bakt6RVplRWNZeFdBZG9vSk9NekhueHh0alpRcVhBOGVxQThWMzBGdzdGRHpnQUc4LTItQUd2MTd5REh2ZVJ5d0xLRkczT2F2bGVPdktmaWFUUFVQZF9rN0U0R19GTGJGM3RkY2hIZWJ5SjdCUi1YOA?oc=5&hl=en-US&gl=US&ceid=US:en,Northeastern Global News,-0.836
Video Celebrating the people behind the scenes of World News Tonight - ABC News,2022-12-30 08:00:00,https://news.google.com/rss/articles/CBMiugFBVV95cUxORExtQXZ4bDlHbWZlNldFdTRlb2JDaDFfdzFEZ2tuaEdXYjNFX04xR0dMbURCSDJDZG1HSDRQSEYwdEFla3ZnaThRTm5QaDF6YktNbEo4eGN1RHVQZjJOaUZoUzM5ZEE5cVlBZmlKTFd2UFdINW5tWml3MDJZNUFsYzg1SVRLZXpVYjBXZFhEcjI4YkpEVlpiVlNhYVBKRTB4aHNoaVE5cWEtNmFfUS0wZjVnYVNqTHB1RVE?oc=5&hl=en-US&gl=US&ceid=US:en,ABC News,0.5719
Afghanistan: Taliban ban women from working for NGOs - BBC,2022-12-24 08:00:00,https://news.google.com/rss/articles/CBMiV0FVX3lxTE4wTGZWNTlKWXpRa1l2YTFZcGRrWVN2WUs3ZHNzSXdpZlBESUNvUWlndFRuN3c2TFBCMk9wdXFWMUZlOFREaEw4eElwT1h1NmpzNzJmTVpnQdIBXEFVX3lxTE1fak9aQVg1bTZlZldOTlFCejFPcERQVWhId0Vndi1HQ0diVE53TTYxeTV3TTg3STJyZGZTUVVjOUFYTExBZl9aMVNCM09kY3hINmlvU2lzSVNjZGhD?oc=5&hl=en-US&gl=US&ceid=US:en,BBC,-0.5574
"France vs. Morocco: World Cup semi-final prediction, preview and team news - The Week",2022-12-14 08:00:00,https://news.google.com/rss/articles/CBMipwFBVV95cUxQb3JZdlRIOXBsM2lxUVRLRXdGN0JlcWd0TUNUbm8tLTF3ak5pUko0MkVjdVFxT09yQk9nb0QwMGVnOW1uSmlEUlhJOUlRYVBYcEdaZVhMSXZwZGJnS2QxemVQWGdQZHRFaHpfOHVwZHJjNVFfTE1LaWl6aWtVaWJQZ0g3TmxEVDc4RktpQ01MX0ZRWXNqZzExS0g1RXk5eGhpQVgtNmx1NA?oc=5&hl=en-US&gl=US&ceid=US:en,The Week,0.0
How Morocco is making history at the World Cup - PBS,2022-12-10 08:00:00,https://news.google.com/rss/articles/CBMihwFBVV95cUxPRE92VEthNVJMMnF0dmxpdlFra2R6a1BlOTJkVEtHc0hjUHRiM0dyTWhPQXo0WFduWEwyM3dBd0pmN1BFUlQwejROcUFqdm5Wc1o0TVhDbktoV2E1azVKUVJLRURuRGp6Q1lQM3ZkU2k4Z293N0lTZEJmSkpUUzFVcE54cGZOeFU?oc=5&hl=en-US&gl=US&ceid=US:en,PBS,0.0
Renewable power’s growth is being turbocharged as countries seek to strengthen energy security - IEA – International Energy Agency,2022-12-06 08:00:00,https://news.google.com/rss/articles/CBMiuwFBVV95cUxNdXgtbVpubTZrWXM1dDN6TTJuWmtjRXJsR1hQbjFROE5hdmJVSHItSERKbUp3Mk5KRllaRU11RHRIZWs2QURtSzBlcU1ESXhZX2JnRnhsX2dvMFNuZmpGX2ltVlhTeGpmQUxONFVDcjhxYXdwcGR6YnZ6S1FtWTJMMnoteDlYOHFieXJVdU5Tb09MdEJwQzhxdEtzUUV3MlFJeW1kYnIwdnhzN2VjbEdtOGk4d05yX1dYdUpR?oc=5&hl=en-US&gl=US&ceid=US:en,IEA – International Energy Agency,0.8591
PHOTOS: Cities around the world celebrate New Year’s Eve - PBS,2022-12-31 08:00:00,https://news.google.com/rss/articles/CBMikwFBVV95cUxOQldFVjBmWUJ1OGd3VGVEb21rWkhZS0JUZ2RkTVQta3pJbU9fWTJJUDdlcEFIZWhtNUhsendoaXhibUpwS3p0LXNSRW1DTlJHZnp1ZUZmODN1ejZFMTZqTU5COHg3U1hFTUtFNVI0NmFJdG1Wbm1tWHlHdXNxZzhiaGJMNHJCUk5iMkZkekNvMHJlWTA?oc=5&hl=en-US&gl=US&ceid=US:en,PBS,0.5719
The best of the long read in 2022 - The Guardian,2022-12-27 08:00:00,https://news.google.com/rss/articles/CBMihAFBVV95cUxPSkktU045N2gwLXE5bEk0YzREaURyOVh3NEgzZFVWUGNqVXBLNXI1SVlkSkk4Wk16RV9yMUlDbXlIaTRBcDZHR0prYUhqLXJWUXdMWEd0YUx0ZnB5N0FraE56NnhKcFZTNjNqTXI1ZWNHU2dBZXdSa1YtTloxQWNaaDNIM0o?oc=5&hl=en-US&gl=US&ceid=US:en,The Guardian,0.6369
Learning to Detect Fake News: A Field Experiment to Inoculate Against Misinformation in India. Guest Post by Naman Garg - World Bank Blogs,2022-12-05 08:00:00,https://news.google.com/rss/articles/CBMiygFBVV95cUxPZFlSdW5HUE5FYmdfOVhpZUNKWWMxX3FOcm1CMVhESXRDbEo4ZzF5SkxYbWhnWDJVTjFfRUxZbzVLcEMtd2Z5U28yVHMwVkVWTlpFS3pfUjJnVTRXMFhEVkY1NjE3aEVva0lPcUhCRlA2dEdfbV8xcXJScVlvbkZzdGJOQk5NY2d5LXpZR2Jrd1p4ajQyRjRNbHhZY0pab1N4SHNyTldydHBiT3FIQ0J1SVNHdm5pWk1oUDJjUGFyM2U0UEVGbzFaLTdB?oc=5&hl=en-US&gl=US&ceid=US:en,World Bank Blogs,-0.6597
