title,date,link,source,sentiment
No level of alcohol consumption is safe for our health - World Health Organization (WHO),2023-01-04 08:00:00,https://news.google.com/rss/articles/CBMipAFBVV95cUxPOWROQ0RSeEh4YnoxR2dEYXRXLWJvaENrTmVDajNoMm5FRjRfSXhzVHBUVlhqU3FGWG11MzZJWUNqc3lETTlveFdfaFBuNC1WLUlseU1YNEFKNTBFSElacVNCVXNWckxMRkU4UGlScVItMEluLVNUZThVVjRPbURjTF9ndnpYOFh5R0JBNjFWdWJPd0EzUTQ2aEZGNHZBMmlGX1hrSg?oc=5&hl=en-US&gl=US&ceid=US:en,World Health Organization (WHO),0.1779
HMS Withdraws From U.S. News & World Report Rankings - Harvard Medical School,2023-01-17 08:00:00,https://news.google.com/rss/articles/CBMifEFVX3lxTFA2STZsY1FVYVI3bjBIZmhGRWJObWZxbUQydmRMdmtEOU92eGpSZFVzcE9IQ29GaWkxazA4c29lc2ZSVnZ1NHktOUVTUXB4OEZxV0tVd1QyMnRTeC1KMGp2aGlzQ0M2T2VTaVo4anliWF9XUEg0TkxrYWJwbk8?oc=5&hl=en-US&gl=US&ceid=US:en,Harvard Medical School,0.0
U.S. News & World Report Rankings Jump for St. John’s Online Programs - St. John's University,2023-01-25 08:00:00,https://news.google.com/rss/articles/CBMirwFBVV95cUxPSmZXbTYxdXNKT0dPMEp0TzJqcks5cjBHYnpjTFAxSk41ZUNhNTFjazhVNHpJeGJrcjc1M3FIRkJvTWEzT1c0T3Q2VWJSWU41emxYaDR4b3RGNEw1R2x1MnZpY3E0TFlqTVhQTnRFNHNrRUdBbXFMNy1KS1laN1owYnVQU2traHNTUGFCc3FSLUZRbmU4aGxyTEI2RWpBRk5nLU9zRkdPSzlhcXhCWmFF?oc=5&hl=en-US&gl=US&ceid=US:en,St. John's University,0.0
Japan was the future but it's stuck in the past - BBC,2023-01-20 08:00:00,https://news.google.com/rss/articles/CBMiV0FVX3lxTFBHb2M0ZHZFN21uWUQzWThUTGhuT1gwSkxwRHRLS3hoUnVpblhjN3RVdFBpeTR1WEZEWURwQXVTdlFhQU05eWpfRnVmdVpwVEdxbEUybzh2RdIBXEFVX3lxTE1hUUdqc01VSlJETG9yemNEN3RybnRMX19rU2h6QmYyQWtXV09CelowTHI1Qi1sWHc5T21aa2NmSTlkWU9rdEpsMUIwTzUxa0QtYUNoRURDcktJaUsx?oc=5&hl=en-US&gl=US&ceid=US:en,BBC,-0.3612
Is natural gas really the bridge fuel the world needs? - UNEP - UN Environment Programme,2023-01-12 08:00:00,https://news.google.com/rss/articles/CBMijwFBVV95cUxOcmtqSmtPWHJjUGZXYXR5VG84SFBYWEZ1UFNrbW1zOXIyWGNGUU9DcEUtYWQ5Tk9IWXZHQnpWR3BQM0lldF9BdFNkak1pajBKaVRIRy1KMXkzaEpRSVZHUFFJd3lyeTRRSjZzTE55Q0ZzbzRiN29JUzNhSnk4c0E2TWk1S1hSRWVTQVp0YUdfSQ?oc=5&hl=en-US&gl=US&ceid=US:en,UNEP - UN Environment Programme,0.3612
U.S. News and World Report ranks CMU among best online programs - Central Michigan University,2023-01-24 08:00:00,https://news.google.com/rss/articles/CBMinwFBVV95cUxOSTRCSXFjU3F6cTg2SHVJalV1Y2dvQktCY25xcldSYk1oRTVlVTZOWkt3LU03VldvTE1GT0RiejdRbDJ6RzFiTFJJRGhUc0k3dzVuUnItLWtsMU1HdFY4bUI3Sjl4WVdXal9DZV8ybS1QUTcwNEdxYzRKNE5NdVg3WGFPanJhMDNFZkZVNmxmWUI3YngzSEJEVnBTeGxOWDg?oc=5&hl=en-US&gl=US&ceid=US:en,Central Michigan University,0.6369
U.S. News & World Report Announces the 2023 Best Jobs | Press Room | U.S. News - U.S. News & World Report,2023-01-10 08:00:00,https://news.google.com/rss/articles/CBMitgFBVV95cUxNamdKbDVYWUJHRlJHMGZLS19JY19YYzNFamhlSklqdXY1SVVweXBKVDlRcWlnM0h2a2w2VldJbWlBX0JFOEZtZEJPNEc0LThzdDN2MV80YUhPTUZWSFg2MlJFTDRNR1ZDTE5lVmVxWUI1eVAzb05ZcU5mbGx5ZFlNdkxUdmNVbzE0d25QNC1YQjVKRlVORmpYWFkyYkRvYU41c3RSeGVmRDNKU3AxWTh0NUxEYlNSUQ?oc=5&hl=en-US&gl=US&ceid=US:en,U.S. News & World Report,0.6369
Purdue Northwest’s online nursing programs recognized in 2023 U.S. News and World Report rankings - Purdue University Northwest,2023-01-27 08:00:00,https://news.google.com/rss/articles/CBMitwFBVV95cUxNNWMtQVljME1vaEc0NnpBaU16X2IyUnpmZmdQWjA5Vk1yZTA4TExBaGJlWkFPd2Y3RHhYWW40SUlYNUMtNk1QZjYtSHdUMWRERU5nR3RyeDctcHR1S2VxcWhNQm1rUi1fOFh6ZTF0d3V5UjVjeHdWZnNuRkhRRmZuZ19mTkoxV3hjV1ZlX1c3bTFwSzcxdFVuc1h1cTNTMTBZZTlCWkV1a3RLODZmSlNPQlhHb0otbHc?oc=5&hl=en-US&gl=US&ceid=US:en,Purdue University Northwest,0.0
School of Medicine Withdraws from U.S. News & World Report Rankings - Duke University School of Medicine,2023-01-27 08:00:00,https://news.google.com/rss/articles/CBMikAFBVV95cUxPT2o1RHNaZlQzOVV5dW1jTWtqcnd6OURlRGtYc0tPS3lRend5Q1prX2xMMzc2d183dWNTRlFha01iekNlZ3dpRGVoSzgtdHZlWTBZV2MyZ0VfR2poWm5KMFFOUUlUbnZBUzh4T2ViMFRlNWkwT1RlaGFLcTh4SElEQWFJMFpqdWF5Vk4td0UxOHc?oc=5&hl=en-US&gl=US&ceid=US:en,Duke University School of Medicine,0.0
U.S. News & World Report Names Embry-Riddle Among Nation’s Best Online Bachelor’s Programs and Online Bachelor's Programs for Vets - Embry-Riddle Aeronautical University,2023-01-24 08:00:00,https://news.google.com/rss/articles/CBMixwFBVV95cUxNUDJtcmhOM2haYjJieU1fVUVaYzN2d21sYU1ld3JOeXVnaXhNdlJ2WDRTQnNQc2hYUjR6enZDTDJNdzZzbkJ3QnRyMlVnUUVuV3k5OGVzdUVST0xjZ3ZxTDhFM0d3Yk1vNTdQZlB5RGMzd09RVmFaN3RNZnZQUkZ6U0FEUTVGZFQ0Q1V4T1RsWGJ3amYxN1h2QUVhdTZsNEh3MVFkRVF6SklfWHlLMzVZbnFmdzIwSnJxV3BIcC00cDFMVUdsUEVv?oc=5&hl=en-US&gl=US&ceid=US:en,Embry-Riddle Aeronautical University,0.6369
Northeastern launches new media brand: Northeastern Global News - Northeastern Global News,2023-01-09 08:00:00,https://news.google.com/rss/articles/CBMiekFVX3lxTE1MLWRwT2NRbnYyNEw3OWJVeEx5UFV3V01XczVZRE16NnpRa1YxQndWdGN6T3Vwdjk3U2V3UTZFaHdzT3BPQ3lObERkRktoOWxaRll3OE4xblR6d2tNOEFqTDZscHEwekRfUHFMeFE1NDZKMng5X21Md3Vn?oc=5&hl=en-US&gl=US&ceid=US:en,Northeastern Global News,0.0
Twelve Ball State Programs Rank in Top 25 of U.S. News & World Report’s 2023 “Best Online Programs” List - Ball State University,2023-01-24 08:00:00,https://news.google.com/rss/articles/CBMizgFBVV95cUxPcFRsYkw4akpqcWI5RWJ0MklvbHZENU5nWFZCQ0hRM3hTN3h2X2UyV2hnWlc4QktxRXhXcU5nX28yRC15TVFTcEluVjl1WWhmSXNITFdfSWJ5RlNsMFZCSEpQclF1cXJFcDZqWFJuVkpIcHlYYkN5NTAyNDNOa0ZsWURtX3V5RkVOTWloTUlka1dhdzNwb29UeG12Sndpa3JEU0xwbzB6SDAwcEdPQ21oZ1FrdzlKd1pIcGxkMW1WeUQxUUJVTUZLamh2NFNxZw?oc=5&hl=en-US&gl=US&ceid=US:en,Ball State University,0.2023
South Korea increases expected contribution of nuclear power - World Nuclear News,2023-01-12 08:00:00,https://news.google.com/rss/articles/CBMimgFBVV95cUxQZG50dmVLOXpsd2tnWEt6RXh4MkRnXzdVZV9DQll1MndvWV9jUDRab3JTem9FcTlJQ2FvUEFvQmdIekg3dnNxWmdXc2F4QWRzSzFheHBCTURQTW9Ca1ZmWno5aGtkNDROWUtpQ3JkNjFzQk1KZEs0aHRvY2dabm8wd205MWdXdmx0d1IxOUQtdERUN0IyUE9PVWFB?oc=5&hl=en-US&gl=US&ceid=US:en,World Nuclear News,0.0
U.S. News & World Report Ranks UM Online Graduate Education Programs Among the Best in State and Nation - University of Montevallo,2023-01-24 08:00:00,https://news.google.com/rss/articles/CBMixwFBVV95cUxQVlJfUFF2MnkyNGszM2pqdktvMElYaU9VV3JPb0N1YXc2Qm1aM3RFSTJFbTB4NnVrTjEzZGVqN3h4c29sU0RjbzBVei1QODJwU2dqal9zT3ZQb2lGSzB3SzZDWlhKM0pJNkhUUkgxS1ptbGNqay1FOUxoSHgtN2QxRENJNVdyTC1mTXVPOWlkd3BXdHV3Nl9LaGpoaDZHV2ZUNkVibjI3Tm9tdVozUXBza1lwRllURERubDVtS1BlQTdDMUV0Zlg0?oc=5&hl=en-US&gl=US&ceid=US:en,University of Montevallo,0.6369
VCSU Ranked for Best Online Programs by U.S. News and World - Valley City State University,2023-01-24 08:00:00,https://news.google.com/rss/articles/CBMivAFBVV95cUxQUm1BOVV6VEdjZW1NUmpBSm9IS0FITF9Xajd3UVAzX0NZUmdBVUt3WlpERG1yaDVxYUx0Y01LcU0tblFiYmVIRE1yR1V0cGNweXpHVkxSTXJfdWRuSktOUkFCQmlCRFh6WC0wZ3otd29KcGdYN0RrRnZWVS1TNXRfQ3psN0JzN2pNcEkwYnhXczFJRWRFN1BXZ1A5RVNtdlR1SVJ5S0dyNE1uMHF4OEVTd3BFZDFWZkNlblY2bw?oc=5&hl=en-US&gl=US&ceid=US:en,Valley City State University,0.6369
Statement on the fourteenth meeting of the International Health Regulations (2005) Emergency Committee regarding the coronavirus disease (COVID-19) pandemic - World Health Organization (WHO),2023-01-30 08:00:00,https://news.google.com/rss/articles/CBMiowJBVV95cUxPWnBUbWltUl9CLWMxb1ZmaVRVQ1BjNnBtN2wtcjVMZnl4SmRXbEhkYkZCWWc0R0pwUElyN1M3Zlh0VGNUaldYb0JiTjhoVDZWU3dsbXozY2pjck5XLUJIX1RaV3BUZ2txYzh3VTZ6S3ZUUXBKcTFKVndEUlUyMHZneEx2YTNoNjQ3RlBseXN6dEhNaHRiNTVZLV9xeXhibGtuTUlhS2dQRlFhTkRPSjFFNnFLUEJrWHhIM0Vfb2p1TUlZSHU4Njh0S1BRdWpXenZHSFhEQ1JFcWtwbURpaXphMWp6UG5WdzM4U0dBMzN5SkNFV05QQl9CS0kzRnBqOGdkNXdFUzBxLVFoRm5NM3prZ0tVZ2F4UUVIN2FPaGJQMEVZWDA?oc=5&hl=en-US&gl=US&ceid=US:en,World Health Organization (WHO),-0.3818
Four reasons why the world needs to limit nitrogen pollution - UNEP - UN Environment Programme,2023-01-16 08:00:00,https://news.google.com/rss/articles/CBMingFBVV95cUxNX3VxRXN5V29wT2dnamhnczUxVUdqUGR4SE1aWXluNzZ0ald6a2pSSm9ySTdYbU1SR0ZGV2piSVQwUEQweUZzSG1VcHBNNUNuVmNWY0tManJ0YU1tQlJSRTF4UG5FTTF2X0JBbDl5RG9jdU5kbG5mNG43a0NnQnNQYmpUNXU0N0dOdmN5c0RnUVJkWXNCWWFoR3FnWllTQQ?oc=5&hl=en-US&gl=US&ceid=US:en,UNEP - UN Environment Programme,0.0
First nuclear-powered data centre at Susquehanna completed - World Nuclear News,2023-01-18 08:00:00,https://news.google.com/rss/articles/CBMilAFBVV95cUxNR191ODJOdTZ3dVhVZm9palZHSjRxSS1QWGtTcHVmX3U1bjZobFZkcXA2Sjl5M1Q5SWxLSU9GTmplWkNNdjFiSVpyeVp4ZXFraTNkdF9jUjE2em9TRVBTdU4xQm9qTG85NlFrMEZNbVlEU3JNcXFfTVZEWThHejVHc01ZQjVBT2oyZFRiVjk2c21vRmRa?oc=5&hl=en-US&gl=US&ceid=US:en,World Nuclear News,0.0
Leishmaniasis - World Health Organization (WHO),2023-01-12 08:00:00,https://news.google.com/rss/articles/CBMib0FVX3lxTE9TamZTUjlRcElXcFZfcFZ6XzRGYi1nTjhIcVNFYzZkWVBLVlJOYmptSzFmZ1NfTURIZWlEY2dIVzFFTVR2Q1VHOE01Sldjc25ENmRranFlSUd5UU9qZ2xPNkYxSXdVX0Q4SG9raGE2QQ?oc=5&hl=en-US&gl=US&ceid=US:en,World Health Organization (WHO),0.0
Samsung completes design of CMSR Power Barge - World Nuclear News,2023-01-04 08:00:00,https://news.google.com/rss/articles/CBMikgFBVV95cUxQa1VLc2I1ajhpTFhIWi1EZlpJbVFFVzJBQmg3U3cyWnl2czBiQVJrajhNUDZUWkxITWdwYkhyUS1BU3FCdmhLQW9HUTZ5NlR1WUp0SHJrZnpiZ0hweE9fVU9uWW1WWmpIT2JRZGVQbkZCUnA4bUR0a0dYYzN5WDRyREllNkR6SFFfQ0llX1BDazhldw?oc=5&hl=en-US&gl=US&ceid=US:en,World Nuclear News,0.0
Five billion people unprotected from trans fat leading to heart disease - World Health Organization (WHO),2023-01-23 08:00:00,https://news.google.com/rss/articles/CBMisgFBVV95cUxNVGlTSThtaEtGT05JTEd3dHI1RW83aGpDcTJ2QzF4Sm5INHg5RlRPVzhRdWw0VTdRTDBaTHQ5eGNYM0VZNXdrRHRUcGh3QS1NMDVBY2dIT3VKN0d3OHN5SXNiVmlaWjNzN1FSVmRjNHlobG1RZ3VUd2lsdWozWmZERFk1MnlBOVprWk94bVdQVlhWTXBPQjlTQ1ZOR3haMVgyN09qQ1VtSGpoTF9SclZCZ2p3?oc=5&hl=en-US&gl=US&ceid=US:en,World Health Organization (WHO),-0.3612
2022 was world’s 6th-warmest year on record - National Oceanic and Atmospheric Administration (.gov),2023-01-12 08:00:00,https://news.google.com/rss/articles/CBMid0FVX3lxTFBmTnpPMGJqb1FwN0plOUNsY2ZVeDIyRXdMQXhOTG1MVlJmRlBKVjFZeUNRQmw0ZmJIRzNUbFg1XzRoVUM0TUg2LWU1cmVyTEZwT19Ub3dHb3VzNFotT2VKbzQzeXdSNU1HTVM5aHVKTnFKMkZmZ2Vn?oc=5&hl=en-US&gl=US&ceid=US:en,National Oceanic and Atmospheric Administration (.gov),0.0
Haiti president's assassination: What we know so far - BBC,2023-01-31 08:00:00,https://news.google.com/rss/articles/CBMiY0FVX3lxTE9wOXlISXdld1dvbFJEZnk3TUdja0Y0djBpalFwMzZHLWFZZ1RzWjUwU3BCOERFZk56clBSN2RQZkxNdTlSLV9xd21fYWw3Q08wZTZuZkJGYURwY2VIMDZiQURTTdIBaEFVX3lxTFAyTU1IRlhob3dsS3Z2aFdMTGlBbXRXWXhTejhtMjR2YXpWdnJuMll2cGktUDQyV0oxb2MycHFHMVcwMndLSnFXN2xuVVc4d1JQVlc4SENDb1ZYQ2tHRjFlelVQS045a2E0?oc=5&hl=en-US&gl=US&ceid=US:en,BBC,-0.5994
Assessing the Global Climate in 2022 - National Centers for Environmental Information (NCEI) (.gov),2023-01-12 08:00:00,https://news.google.com/rss/articles/CBMiYkFVX3lxTE9TYlA3eHZxY0tmb3NtUlVNZDBhQ2lSdnlhTzVaZTJNYzBQRE1XdFMxc1pNdnhPZTdiNGJGTGZhZmUzOS1RblBMaEljb3UwWVlLaWRmWEkwZGk5b1NXTk1Ka3F3?oc=5&hl=en-US&gl=US&ceid=US:en,National Centers for Environmental Information (NCEI) (.gov),0.0
World Without Genocide awarded Special Consultative Status by United Nations – News and Events - Mitchell Hamline School of Law,2023-01-03 08:00:00,https://news.google.com/rss/articles/CBMivgFBVV95cUxOVHJNdG51TmhLWUFlRTZaQkZ4dHZ0NUtDMUNlcjVwSWlrWlItYVJOR3c0RS02M2V2TDVYWDFRb09MT25MeFd1anRaS0lvcFcwUWZlWXlBMmdTSDczLXVvSE1Oal9Wb3ZnaXZua2h2X0ktQm51X0o4bmN2N3JPMDVSUkY3NEQwbTFEOHJKWjdzS2MwRlVKb2tNZmlFYU9sYU5zazBFd2I5dnc2UTlfVE1kUFBiYU44dmFoVHQ2UHFB?oc=5&hl=en-US&gl=US&ceid=US:en,Mitchell Hamline School of Law,-0.1818
Arizona Online ranked in top 10 by US News & World Report - University of Arizona News,2023-01-24 08:00:00,https://news.google.com/rss/articles/CBMihgFBVV95cUxQSTdvUWF4bkNSbWgzaVZJbk9KWHVWQ05SV0ZuYU9BMjI5cUZoX3BxbkRtdHBBOFp4OEdFbVRQZkkteVFvRDJmTjYtdWVWajBuQ0FTZmZUZTkybFl6ZTdObUJVVEllNERMLUFHbkkzckxObUl3OUk3dE9sMmQ3RUJxZ05HY2xSUQ?oc=5&hl=en-US&gl=US&ceid=US:en,University of Arizona News,0.2023
"Exxon scientists predicted global warming with 'shocking skill and accuracy,' Harvard researchers say - Harvard Gazette",2023-01-12 08:00:00,https://news.google.com/rss/articles/CBMi1gFBVV95cUxNa1ZZQ19Kd20tdzJoS1J3a2FSNnJIZGFxZ3A2anhxS1BranpTWTJSa0tvUzgzaGpvNWZoYWJaU1ZscXJQNWJBeGVlWVI3NE4tRjNBSUwyRkI1aVpWajFqWEdWaEpJdkNVN0k2c1NKTE81QkVaTnByZVJmUHZCd3JBSW4xaE1BblFVcWZ0TkxKNkd4TGpRdjcxbFExVUdfaFNFVW1Fdm84R3FLbTVGYk0wcF9yT3N3R3lIUzZaU0xuQWNFWmV3bXV2eEZYZnRtRE5QVWhQZmNB?oc=5&hl=en-US&gl=US&ceid=US:en,Harvard Gazette,-0.2732
FSU’s online graduate programs among the nation's best in latest U.S. News & World Report rankings - fsu.ed,2023-01-24 08:00:00,https://news.google.com/rss/articles/CBMi3gFBVV95cUxQZlRVcDV0U3diZ3hBOUVtR3hFaEVWSGF0dW14dU9yOHQ1cHQ0V1ExQ21kcUgzYXo4dUk3bzVMeEpEeGJVTHJsa2oxWUdBT0JodUFaR2hMbjRmU1R4enhUd2pPT3RKcjdDLWF5YktKTUVnbC1xajlMMG9GTGF5RldSV3lOYkpEVXdGTjN0RVQ5b1E5YVRuTmduajVwckdWaGVPaHhKYi04QmUyWWFLOW9TbDdTcG9IZ2hlV3dOOWNfNzljNi11ckstX01LNVdNdjNKRnlFQ1JaNnloaktlanc?oc=5&hl=en-US&gl=US&ceid=US:en,fsu.ed,0.6369
U.S. News and World Report Lists VSU Among the Best for Online Learning - Valdosta State University,2023-01-24 08:00:00,https://news.google.com/rss/articles/CBMixwFBVV95cUxONldoUEVsU2NZQmRKLTBnTlBDLTZKc2s0V2tDS2FSR0txOUVJblo4RFpXUjVvTDV2Ul9JYkZLR2p1SFFFVG9scVE1c2YxVTY0c3h2VUplaDhYTVNYanBWNGc5M0t5dTZyMWdISWtpVTJYNnllbXdVUWZhVnktelBLQ1hDTFRiREZGZ29SbDVBaExJUDNMbEhoN21YaVFMdmJ6dEpaWXRxTjlNZm13V2NZbTdLUG1hclR0czB4Q3NaR2Z5OHMzZ0xF?oc=5&hl=en-US&gl=US&ceid=US:en,Valdosta State University,0.6369
U.S. News places UL Lafayette online programs among best in nation - University of Louisiana at Lafayette,2023-01-24 08:00:00,https://news.google.com/rss/articles/CBMikgFBVV95cUxQS29sY0YySkRrY2NyWFh1QTU4TkZxX3ptMzV0amRNdlFmZFRLUFlneUVNRXRETlJmMFdmbXYwTWRSV2N3Q1hwTXB3X001UGZpQTlrcFZ2aFdKWVNlNGo3OVM0MmhZR3cwN1NZcEV5MU9LSTFRcEFpTUxJSGlFZlJ1bEtEdTlWM2NqNU5mekd6dlA5QQ?oc=5&hl=en-US&gl=US&ceid=US:en,University of Louisiana at Lafayette,0.6369
Pope: more than ever today the world needs the Good News of peace - Vatican News,2023-01-25 08:00:00,https://news.google.com/rss/articles/CBMiuAFBVV95cUxOVVY0ZGpwNHRsSkc4M1JPdW0zVVN5VkhvYVFSU181VmNIdndfbVJ1SFhmbFNwM3p0bG1Jd2ZpaktSakp2ZTdhakNMUzFrTGw5T1RNZnd4X0dNaDFHczF6bGg2bmluR2ZmZFFiWlZOaUZBRDYtbGFDaEktQV8waC1xYXdWWVdsbjVnOEd0MDJPUVI4Xzh2YkQ2a3Rhd2FVTTlPZGl5ZGZTU08tRGs5LWxhWl9SMFhsVW9X?oc=5&hl=en-US&gl=US&ceid=US:en,Vatican News,0.7506
U.S. News & World Report ranks FIU's online programs among the Top 50 | FIU News - Florida International University - FIU News,2023-01-24 08:00:00,https://news.google.com/rss/articles/CBMimAFBVV95cUxPSDVKdDRDcVM5bFZKTTl5NnNhcVlJMDM0UFJtWE1PSm4xd3dQM2JldTYxbEJnMldEVmV2blFCRmRPNlRidzhHTWdmdW9RZzJnZG5UQlJqdEF5c0lEaUtiTHkxMmxjcXIyMnFnNU1hNmZJTDZUUTA4d1l0SEd5TDYybVdIeVctTVdDRWpSS1g3a0VqWGhQSEdLbA?oc=5&hl=en-US&gl=US&ceid=US:en,FIU News,0.2023
A&M-Commerce Stands Out in National Rankings by U.S. News & World Report - Texas A&M University-Commerce,2023-01-24 08:00:00,https://news.google.com/rss/articles/CBMimwFBVV95cUxOMWpWa25HdE5JT2tPYktySjV0Y0RJVGh6TmhIYVJFZkVTYjFIVXNCczVHMUQwcXp3VkRvb3lQVHRlMUpwemh0b2lpV3ZScUJfdzRmZFhaY1hibnF0OThHQkFHMG1fSVVEaGNlWWZRZXVVczhCOC1ZRDhEWXJibEJyU19oMEZlNEtzQ1pvd1FhVU41STZpZnh4WnZibw?oc=5&hl=en-US&gl=US&ceid=US:en,Texas A&M University-Commerce,0.0
"Penn State World Campus online bachelor's, graduate programs ranked by U.S. News - Penn State University",2023-01-24 08:00:00,https://news.google.com/rss/articles/CBMiuAFBVV95cUxQM1hwdnFIN2ttVzRjaGVndEVIZUNHazJVbG9OUGdvM1ZXcDE1RjAxcmE4Q2hoMXBUeHU0TFVZbm5VVExuNldjT3B2alNZSnVuTTJZRDhQb2J1WkphclRCeGJCT2JzTGdsWnNPZnJMVFl3dldFYXBHQ1lRUU1aM0NMQUp2NkVpRHhGd1ltVWNaZVVTS3BUUVY3Z0pMQW55UHUxWXcwM1QwQ25HbDI1NmdldlQ2Tm9jNUxH?oc=5&hl=en-US&gl=US&ceid=US:en,Penn State University,0.0
UM-Flint recognized by U.S. News & World Report for excellence in online education - UM-Flint NOW,2023-01-19 08:00:00,https://news.google.com/rss/articles/CBMitwFBVV95cUxPWHFaSHF0VklHNTVTaXEyVUJIdEFva1ZEQnhwaUFKVjVoWGhyWFRib3FSQV8tTFM1c2VmNEhHOUt2OElLZlM2RGZtbjN6dzhqelhkelRHSFRkcE4yQTZ5ZTBFMXE2TjRibmlNa01jZWliNko1UHg3SWRDYU5HaTBvVDFNNTExbmxSS0Z0RnlOa1YyWnJaNGY3VW1WeVppeUEtZ0tGdk1jVTVVU21PN2QwNk1oSW5LczQ?oc=5&hl=en-US&gl=US&ceid=US:en,UM-Flint NOW,0.6249
"Ozone layer recovery is on track, helping avoid global warming by 0.5°C - UNEP - UN Environment Programme",2023-01-09 08:00:00,https://news.google.com/rss/articles/CBMitAFBVV95cUxOd3RlYU9TZ3VYTXBBT3FfU193LWE3UEFPZjA4NmhhMzljMENZX0kwbG42QmtrdUV5U0wxUXZZM3dLNUExaEVkX1l5RnZpN2pZQmlSd2VMZDdJSWtHYlp6akF4R2FNX1p0Q3U4cXp3NmNJSGxYVUZUeDR0WXBERWQ0d0lpOFRncjF4UGxKSWhzUUpkZy0xV0tJUUtMUmxtNUVxS0hpMVY0aDllVEZfeTVLUE4wejU?oc=5&hl=en-US&gl=US&ceid=US:en,UNEP - UN Environment Programme,0.1531
Good news to build upon: Africa is converging - World Bank Blogs,2023-01-12 08:00:00,https://news.google.com/rss/articles/CBMihgFBVV95cUxPaWd3T0FuV1lZWlFpcVRveDlEUjRyVnk5YkZwZGU3ZEJHVmhCbHozeWNnS3FSS2ZLcEp0Vkk3T1hzSWpybUpNLXZUcDF2LXZ5WEh4TFktRndVLWM0SHk0dE5WbDV4bTkxMW0tSmpydkhEbllJbVBrOURENy1pYUFrYmU0UFVmZw?oc=5&hl=en-US&gl=US&ceid=US:en,World Bank Blogs,0.4404
Counting the cost of natural disasters - and other climate crisis stories you need to read this week - The World Economic Forum,2023-01-30 08:00:00,https://news.google.com/rss/articles/CBMilgFBVV95cUxNTm5UOHZic25GTWlJRkhXZ1E4bGhyUm5uTk9WaDFwUDFuYVdhZzVPSjBTcjQtSE1XZlRMT1ZtU3lsZ214RS00Sl9OSnp2VHRNOHVQbXpuV1N3a0I2SXA5dnZBQXBjUDk4LXZXLTJWeTV0b3JlYUFYeXlFZjZWeEdtX2xvaENnLUNNUkU5RUR4enhrVm9yUkE?oc=5&hl=en-US&gl=US&ceid=US:en,The World Economic Forum,-0.7351
More countries eliminate neglected tropical diseases but investments key to sustain progress - World Health Organization (WHO),2023-01-30 08:00:00,https://news.google.com/rss/articles/CBMizgFBVV95cUxOMVBKYi15clNEQ2RkQWNldm1mWHNGcUhnR1BhM09lRWpPNVZHMzZfQWFtZzFsTWVGV3hBR3p6X2dJbmF5b1VKMllYWF9lQnIzSGYxZWZkeWpockV4OTFmeDA5NGZqdmVBbVREVEZpUXNCanMtRHdGbGhHVGNjVXo0ajFuQlphWUpSVnRSUV9NblhBUWZqNFRRZHpEQVN3ekxmeXlON0VSZzRHTi1KeFVmQ0gyeUNGUGdXaWVzMzVZZjZGTDd0TThHX01sdU5mQQ?oc=5&hl=en-US&gl=US&ceid=US:en,World Health Organization (WHO),0.3331
US approves world’s first vaccine for declining honey bees - BBC,2023-01-05 08:00:00,https://news.google.com/rss/articles/CBMiXkFVX3lxTE1mUFkwZUNpNlJHdWc4WWtxeEhqN29zNE5ySWV0ZFhuemVXWG1FcElBdlRDUGItUGllOGlHdGZQaHhQQzNvQjlNc0tYaUxDQmh3Smk0MExGUmtheDJQQ2fSAWNBVV95cUxNY1NtaUJIM2NRcU45TlkxNGwxZlZFY0RtZVA3Mm4wV1o3Q2NydHBnSnZ4T2ctM2NHcjhrS1VERXcyaEEtdEI2dS01WE94TVBpTEt0S2hMQWZwcDMzUkxpWmkxTDA?oc=5&hl=en-US&gl=US&ceid=US:en,BBC,0.4019
"Lynchburg has one of the Best Online MBA Programs, says U.S. News & World Report - University of Lynchburg",2023-01-30 08:00:00,https://news.google.com/rss/articles/CBMitwFBVV95cUxQRE9DVFJLQ3NQOHk4c2F0dVlxSnlOWmMtMmxOa3FpLXpxamdfNnpkN3VRUE0xWjNxOFg1aEpFVm83aE1PTFFIaGNLR0lIS0dIQUVSLWdsLUdLVlRaZ2xYZHhVanBITUdXcHRTTmZnTXgzaDN6OVdFYnQ2SFpiX0p4dkpjQVAtbnB0M29GeHRfQXZTcVJtRDZ5QjZRcXpYRmU3eXlYRnJjNWg4bXpIZnVHbFFEdGxDMlk?oc=5&hl=en-US&gl=US&ceid=US:en,University of Lynchburg,0.6369
Lynn University recognized by U.S. News & World Report for Best Online Programs - Lynn University,2023-01-23 08:00:00,https://news.google.com/rss/articles/CBMiqwFBVV95cUxQWmplR2FnWUlwNmpxVFlRZzNubHh5YXpldEliTGNHVVZielMxQzBwb2U5UHhmRHZWU0ZYZ1JBUEVxNGFrX2JkT0JqS3lLa1d2MGR3bHRsSEotX0EyNndJTUlKXzVTSmk1SzZwSGRkLVBMRlJHRnhrV3hlNjJMaXZOZTR4ZTJMRVo4MW5uSi1WOVRFOGxQREwxRjVDaC1DckVVLXZEZVZHb3FXems?oc=5&hl=en-US&gl=US&ceid=US:en,Lynn University,0.6369
Industrial espionage: How China sneaks out America's technology secrets - BBC,2023-01-16 08:00:00,https://news.google.com/rss/articles/CBMiX0FVX3lxTE15cTJIMFphRDZoRmJRZ1dQZGFINGgwR0hzZGlPdURKQ2I5a2trcTRJZ1hjWndVVVBrOTU5MTFYSUU2LXEweDJGdldXaUg0Rmx4OHJRVkU3LXdVWFdmR1c00gFkQVVfeXFMT1pYZlRXeXlldnFtT3owTENPTi1SeEE3SktVdmNYTjBKYl80UW1wMzZQcGZWVU9XQzRtY3VUaG01R2F6WS0xeHJ5ZXdZaTdWS05TSkhFc0xLVjk5cWNkOU41bW13Zg?oc=5&hl=en-US&gl=US&ceid=US:en,BBC,0.0
UCCS online programs recognized in latest U.S. News & World Report rankings - UCCS Communique,2023-01-24 08:00:00,https://news.google.com/rss/articles/CBMiTkFVX3lxTE1rdlRwWHZtYlR3bW44NmpQY3RHWm1VSVhuaGwxSmxDbS1mT3h0b0c5MUZDSk8yeVZPU240N18yZlY5NUQ1QUtacm9pWTFpUQ?oc=5&hl=en-US&gl=US&ceid=US:en,UCCS Communique,0.0
Drake University ranks among the Best Online Programs by U.S. News & World Report - Drake University Newsroom,2023-01-24 08:00:00,https://news.google.com/rss/articles/CBMiswFBVV95cUxQbkg2bHp6Y1d0Z0pjbjN4bFlNUjNac1dOUE5WNEIxNzVUSkNKRFh1V3JnS3M0U01QVzNqbjNMNFBfWGxBM0lPRWxQMExoZ3UyVUQ4N3dkTDh5N2NFejc4NFRhdnlBbkdpcmJJTnNsS0JRdDFZYXZUMDdlUVZ3RVJ3Nk9kUUNybF96SFAyWmJkV3VXREU5azRKc0FxNjRQc0N3d1J5dWU2RjN2TmpCZmNBOHdnRQ?oc=5&hl=en-US&gl=US&ceid=US:en,Drake University Newsroom,0.6369
US regulator completes first SMR design certification rulemaking - World Nuclear News,2023-01-23 08:00:00,https://news.google.com/rss/articles/CBMimgFBVV95cUxOSXFKQVd1NWtFdmRUYWJuRnhjeTRndlNvLS1KYko5My1qdlRiSktaVk5YeVptYzlTVlNocDAyTi1fbWRkU1FmOWJHZjlLcmxkOEpjai0yM00zMGZ3X2lKZlZ4cWU3Q09neWEtbXgxTGRBRXFCdEhMMXhjU083bkdTRWdnUDNrNG5CdElSMVF2Q1Rfa0ZiUEpqNGNR?oc=5&hl=en-US&gl=US&ceid=US:en,World Nuclear News,0.0
World Bank warns of looming global recession - PBS,2023-01-10 08:00:00,https://news.google.com/rss/articles/CBMiiAFBVV95cUxPNWNpejJfQW9jdDU0RS1fdjhzUEVMX1dIZWdfeHBFeFNaRWJBd0dyU3BXd25zb2J1Z2JxSUV6MWFlc01CdUxEUVZaMjRISllMZ0E0a0l0NWxDeFhzR1RpU1Y1anRhaVFkQ3dRRkFTY2RaQ2ctWVNMeV9iUElWZHRManZ4eE10VnF0?oc=5&hl=en-US&gl=US&ceid=US:en,PBS,-0.5719
TROY’s online programs recognized among nation’s best by U.S. News and World Report - Troy University,2023-01-24 08:00:00,https://news.google.com/rss/articles/CBMirgFBVV95cUxNSWl6T3gxRDlCX0c4aDZnY1FaQm1HajlLLU5hLWJzbFNMUVBxdHo2T2JaX1RKTjUxb2tPUUp4TENHaEJDcXljYm1sMVNWaTJoX1lyQ0M5eTdIY19uNEFTVFJIQWN1Qk9MSE12ajBVU2FuWXl4ZE9tcFlmY0llbC1iMk5XZ0pldkFjbUNON2RlR1NOdk0tUTJTNHlEaVh5T1ZlZ0ZTZ0YtU3FZdnVUM1E?oc=5&hl=en-US&gl=US&ceid=US:en,Troy University,0.6369
"U.S. News & World Report Ranks NJIT Online Programs, Two in the Top 50 Nationally - NJIT News |",2023-01-24 08:00:00,https://news.google.com/rss/articles/CBMimwFBVV95cUxPMHQtWWlhTFFWdnppM3VRYWFMem5XMDFudEk4cnR5Z2d6XzdzbHJPbHNiX0RvVmZfRFZXSGQtMS1Bc1pQbGdOaTNtbWVBeHhFazQ1NUFndWtwRWpZMEV5QnNvM2dqdEplSlVXekdDdWROM1hpTm5nWnJjQ3IwZXhHMWVCaGlwU0pjd3NqM3dnWkJtcERBaFpyRE1ybw?oc=5&hl=en-US&gl=US&ceid=US:en,NJIT News |,0.2023
Access World Cancer Day Resources - The American College of Surgeons,2023-01-19 08:00:00,https://news.google.com/rss/articles/CBMi3gFBVV95cUxNYm5fSEZYU0RFUXlsZFFYdmpDa2FqR2lxR0dTbUZaMUFHWEZiaHN5VjAxMGRJRnVWRko2S2g1Z2ZLRjZoZkMwVjkwYXY2LXNWcTJQTnVyclcxdUt5SHMySWluQWJnZHJHaTNDMEdLcnhDdWNHclhsSklrQ21CMmhjMTB2ODdxUkc0VEtfZ0JKaDVkbFBvY2NXNUd0Q1MwbzhHN0FfRFpvOGhTMDdsa0tjUHBBZ055MWRUUkF6MV9BTkFhRksyaFpDMnVCM0h2cWZIWFJGMXRJc0RrVXpRb2c?oc=5&hl=en-US&gl=US&ceid=US:en,The American College of Surgeons,-0.6597
Access World Cancer Day Resources - The American College of Surgeons,2023-01-05 08:00:00,https://news.google.com/rss/articles/CBMi3gFBVV95cUxQUVpRSXM1T0NTczJpUk1ZaVBFcUp3bWhId2d1V194ampSRFM3NDdGMXdsX3EzX2xlUHpqdlJIVUdNdENLU0RIVEtGQVhCaUxQYUx2LXdVUkpUWnJ2cmhQUDVBMDREM3kxeVZTeEZ0RnlsS3EtOVRYMHVrR2o5TXRTS0JVd1laa1JGbzdSaUlscmdlRkVtUUJfbUdVTU5jWTdHSzM1SklQN2NBYndpNm11MmxLaktiN3FzNHZwSHNlSmdiVGJ6V1JDSXNKTmdVVHpya0g5UzZSXzRWZUNOVXc?oc=5&hl=en-US&gl=US&ceid=US:en,The American College of Surgeons,-0.6597
New York approves composting of human bodies - BBC,2023-01-01 08:00:00,https://news.google.com/rss/articles/CBMiXkFVX3lxTE1ubE1NdklYcGtYaHpXRExWRE5uQXpiN2lwRlBiekd5V2l4UGViSGtyS2E0cHpqYldWTkl3QTRacU5DNVRQMXpONWNQMVlmSFJPbGZfR3N1TndxaEF4TEHSAWNBVV95cUxOckpoeUxMOXJXUWQ4T2k1STFrd1F2NDFKX1JtOXRna1NZX2owTnltc2VXbm1td1VjZHFnc1BaY3gyTF9YVzZLQTE3WFN1ZVotR0swbWRsT00wbm8zLTNFNmdQeXM?oc=5&hl=en-US&gl=US&ceid=US:en,BBC,0.4019
World’s oldest printed objects join Gutenberg Bible in Beinecke display - YaleNews,2023-01-24 08:00:00,https://news.google.com/rss/articles/CBMiogFBVV95cUxNa1NnMGdWbjgxRlRVc1NWcmIwZ2RQbWVkZi1ZalQzbjB4NVBpTU9OY1J1SGpMZ21ZR21mUm1IX2Q3TjdpRTdOVk5PR3VaYmtNM2RQOEJIbURWeUZvU1U4RnU4dzVIc09nc0dnYU1qTmdweEw3cUZGM3B3NzBaUUI4Ry1QeDVENGltaF9tYUdFYXlrVHFDdU96VmVZTGJoampJeGc?oc=5&hl=en-US&gl=US&ceid=US:en,YaleNews,0.296
Brazil media guide - BBC,2023-01-10 08:00:00,https://news.google.com/rss/articles/CBMiY0FVX3lxTE4zNE5FNzVHeGNmUlFzWVVCVXpHelQ1N0pKNFNnb2xyR0FjU2hTMDU5NXhob0tsM180azJOMW1ZMVJZQkZWUm5UVTJyc205UTFnZzFOZk84TEZMTFRBZkg2aXZfQdIBaEFVX3lxTE5FZEljRnJ0QW5sOGNKSE1aZnFTcDRzNjlUV3lmb19rSHdLX0FfOGRsZHFDUlk0OWM2X3c0LVd4ZTNka183d1p1ZzJkLVZ0bzNWOVpBQ3Z4bUVlSzIyOXNLWkRPd2ZTVVpj?oc=5&hl=en-US&gl=US&ceid=US:en,BBC,0.0
Ukraine defence minister: We are a de facto member of Nato alliance - BBC,2023-01-13 08:00:00,https://news.google.com/rss/articles/CBMiWkFVX3lxTE9XZlhLT2JEaHNiM1luRndkc25NaDN5dzBkaVFxbUlTUl9kZGF1Zl9hMGNxUm43blpjV2pFVldWdlBoZUhwSHlYdlZaYUdGRkthOFM4UjAtMFo2d9IBX0FVX3lxTFB6TkNkTVEyS1JkZm9jcmt3UC10XzJxNHBTSDE0amxIREgwRU93eXpaUFUzekxXQ09ZX1o5ZEFCcGlmZmFuMDF1YnEtM3BtY1g3TExHVGdYVU5vQVB4bURz?oc=5&hl=en-US&gl=US&ceid=US:en,BBC,0.1027
"Third of world in recession this year, IMF head warns - BBC",2023-01-02 08:00:00,https://news.google.com/rss/articles/CBMiVEFVX3lxTFBMU3JZeEtLTTlpS3BPeGFJV3ZPbFk1bFA1OEx3d0pibmhtZXMySVZWN001aTQ2ZXF5SDluYVdlZk5qRkRIb1VBZkp6NFRnbjdQVGx5c9IBWkFVX3lxTE1nV2ZHWlR3bGJmOXZieVRuOGh5bzNLSnc3a1lqdFF6dGxnbzFaR3FiVWpDRTJaM09fTElnbVNSNnZXRUtHQlhGb3FZdmRiRUFpdFREX1dMcldTZw?oc=5&hl=en-US&gl=US&ceid=US:en,BBC,-0.4939
Ukraine's fight against Russia. Climate catastrophe. International news to watch in 2023 - USA Today,2023-01-10 08:00:00,https://news.google.com/rss/articles/CBMilAFBVV95cUxQY3JUUkU0OG8ydUFNekE0YlBLbWt1ajNKLTlFNXNaeXBMdHd4VTBBdDhjWGFodXRtbzlabkRpZjZ3ZTh6TnlsTjZuWlAwSEN0aFBSVjhyYm1hNEtkX1ZHZ3VHVU1yQk1NbFg0aTE0OVFXcUNtLUdZZjBVTTR6WG91NlEwTFFyczdLV3gyZjhUYnRRX0N2?oc=5&hl=en-US&gl=US&ceid=US:en,USA Today,-0.7906
U.S. News & World Report Ranks Programs in WKU’s Gordon Ford College of Business Among the Best Online - Western Kentucky University,2023-01-25 08:00:00,https://news.google.com/rss/articles/CBMikAFBVV95cUxNb1J3RnFYa0RQQ0FHNWtfOExCVVhLNmRWSjhjQy1jVlJsNnBUYndBZ2RoYjhmcHlkeE1LTHZhM0pGMmNoSUZWcWp1SzBGaGpDOHZVazJMVFBoakU2SWRBVzZHQnM3Rm9YVkxvaE8xMTlUSUFxbTZpQm5CUGtIMmRLdTVEV0g1T19HT2xhUU5XVk8?oc=5&hl=en-US&gl=US&ceid=US:en,Western Kentucky University,0.6369
Holtec debuts innovative decommissioning technology - World Nuclear News,2023-01-06 08:00:00,https://news.google.com/rss/articles/CBMimgFBVV95cUxOblYzLUV0Ukk2NHpLQTRUWF9na2ZUYzY2eWRiT05Ec2ZVbFloYVhvVUNpcWswVmFIMHVzc2JkMVVzOWs1SUt3a19DVU5MWmhNdERQdTVKY1Bkdy1WeDlVaUdqQTlIczY0dmdwN0lWVXd6N0R1VDdab0l3YlEyQ3VhV1FnNkJYWjl5SVhIMElPa1F4U25IS1VCZjVB?oc=5&hl=en-US&gl=US&ceid=US:en,World Nuclear News,0.4404
PA Ranks as #2 Best Healthcare Job by U.S. News & World Report - American Academy of Physician Associates,2023-01-10 08:00:00,https://news.google.com/rss/articles/CBMipAFBVV95cUxOX0tMbGkyWUlWdGhvVGxfekl6ajlES2xvc290UDVmaWNlaGRuZHdSalAteDYyNEhwVXh3RHJHMV9jMzFOcm5lamotVlJGYldOWjVtLUJyaTdrWG5BWTMwaWhLVXYwSnBRUnpPOEFxWVpYbE5lazEtQUtJTHRDQkwzd3NYT18yclZhemZDSVBnV1VNb2xyMC1HTklpeVVXNzVRejROTw?oc=5&hl=en-US&gl=US&ceid=US:en,American Academy of Physician Associates,0.6369
"China Signals Military Response as U.S., Japan Accelerate Defense Plans - U.S. News & World Report",2023-01-12 08:00:00,https://news.google.com/rss/articles/CBMiygFBVV95cUxQc2xURXlHNzhPalhJMURZU2hTVkRXSlgtV0FyX1dDeU5jS0wtS1M4OW14cm5oNXVYaTZqUV93Q0wtVUk1SkZUOUtPNWpkVTNRTHFIeVkwMjNNRXZvdmsyT1ZzaEk0TGRpdWZ1VGpielpFNkxmOWxFZzBkSFdCMkdVaUtHeVlENGMwd3JsTmJCOHpaT0RWVVBOX1c2c29PSWJoU0Fsc1QzSW0zVDJhUlRkbzB5MmY4OWM3ZTBVbXFrMjZYaWt0c3pfUUJB?oc=5&hl=en-US&gl=US&ceid=US:en,U.S. News & World Report,0.128
"After Boycott from Law Schools, U.S. News & World Report Changes Ranking System (Published 2023) - The New York Times",2023-01-02 08:00:00,https://news.google.com/rss/articles/CBMiuAFBVV95cUxOQ05UdXNaUG1zQ0RTNHF1MTFoVEJMRlU4VU94R2FjOHU1dndNVXFaMkJhS3FuaVdxU2RNOWE5Wmo1S1l2c2dRYld5Qk1ZVG9wN0Y4WHFpZ25CQXVWUmZaSm56YXk3NGpZOWdsb1M0VXp3SS13dXlfaGxfeDhKbEN2LVllbGFfNWRkZGg3QldsNGJLMXlHM3JCLWp4SkdGRWNQWmNFVWZ3VjI5eXl2UWN0ZGVST24yVGtS?oc=5&hl=en-US&gl=US&ceid=US:en,The New York Times,-0.3182
Past eight years confirmed to be the eight warmest on record - World Meteorological Organization WMO,2023-01-12 08:00:00,https://news.google.com/rss/articles/CBMijAFBVV95cUxPdzJzN21YMm5oMDVMTEtITXhjaERxaGN6T1BZMDkyNkFFNXdlb1FVd3E0b2Q2Uk5mMEZySlZwdXFSVEkzYkNBbU9oOEljbVZsUDU4TTd4N09zRVhZb3NvcjNsYmswdlpIRlpMcURwcUhCNnV0UmE4TEttek8xQk1PcGM5bnV3QWljVHEwbQ?oc=5&hl=en-US&gl=US&ceid=US:en,World Meteorological Organization WMO,0.4019
World welcomes 2023 amid concerns over war and inflation - Al Jazeera,2023-01-01 08:00:00,https://news.google.com/rss/articles/CBMikgFBVV95cUxOS0FReUw1dEw0dFZqRWdmZExXZnNSLXltMno5elNWdzlnb1JKU2NkZXlCSkFhekdmWG5ZMnltendPWUFkQUNraFhNeWFKRWFnLWZFMExHNk53N3NUaWM3QU9YVjN6Rll3RXpYaDF6WkFQZlVhQlQxTC1zMXc1b2JwUC04ZWdaMTVNaVlYVXozUmJlUdIBlwFBVV95cUxNeFpMc1AtSFFBZHRwSXpONGR3S2xLWFZyU1VZbXduaXhHVXlXT1NTQ0FkOXBsQVViemVTM2VvbXRKc1o5dWxrYkdVN0xzNDNLb21Udkxha2FzT0ZNTEtXbC1VOU1fcTYwRVhlZ3NpRUF3cG1CUUY4LWVHekNiSzVVY08yQnJiUTVjbE9keEN2RWIyWXdpZVBR?oc=5&hl=en-US&gl=US&ceid=US:en,Al Jazeera,-0.296
U.S. News & World Report ranks Eastern Michigan University Master of Science in integrated marketing communications among best online business programs - EMU Today,2023-01-24 08:00:00,https://news.google.com/rss/articles/CBMiU0FVX3lxTE13WVVSTnZSb2d1b1M5eFpQNVFnSHpqLXhWQ2oydzZKYno3SkZpa01Bd3hmcGtwTWZ1M184Y0Z4b2Y5NEtfdG1iMmpQRTVoZ2JRNWZn?oc=5&hl=en-US&gl=US&ceid=US:en,EMU Today,0.6369
Hillary Rodham Clinton to Join the Columbia Community - Columbia University,2023-01-05 08:00:00,https://news.google.com/rss/articles/CBMigwFBVV95cUxNeU1KR3kzcVJyZm1LYUZwZWlZM1FwdG9wekFscHV4YTZ1Y0dVRmtvYnJGdEpKdW5mZ3kxWkJ2OGJLM0ZSNFVrSVRpdjFlMFJ4dmJaWjROQXR6VWttaEZELUhCeE9pUldvSm1TZzUwLURqdWlZRVpMc0hFbmM4VW9zTFVOWQ?oc=5&hl=en-US&gl=US&ceid=US:en,Columbia University,0.296
WashU Medicine MD Program to no longer participate in U.S. News & World Report rankings - WashU Medicine,2023-01-26 08:00:00,https://news.google.com/rss/articles/CBMimAFBVV95cUxNMG5WSEVPdjlseTFtWFNPaDZvVE9kdUZoNmdjeWtzdEJSS2tNMi1CS3dBeXhVbDlySGw0aDFlbHpRd0NHcmJSbF9uWXJMUmlyMXV3ZExQYmxPbF8za3NvYkxPZTU0Mm8yQVEwQXNlVlpXUkNydXRfVVpjZlk0c0k2VndVT05aQnJya0pkMXpLT1BSdGhVRUhsOQ?oc=5&hl=en-US&gl=US&ceid=US:en,WashU Medicine,-0.296
Recognizing and tackling a global food crisis - World Bank,2023-01-05 21:41:50,https://news.google.com/rss/articles/CBMinwFBVV95cUxNbXlaUG9GdFR4SEZSd3Y3TGxXSlR3T2d6dElxSlNrX2RXQ3ZQaV8tSnNpN1B0R0c3b0h1bDVxMEFlVlc5QmY0MHFrVXpQNGl0UlBTRGdMUWptd3otMXlIN0VQLThZX0lsd1pLeVdjNEt6X2ZGQ2JxZGlDNy1DMU10a0wtRVhVSHJTQm9QRF81bTNkN3NyVl9fMTZJcW5vazA?oc=5&hl=en-US&gl=US&ceid=US:en,World Bank,-0.6249
How the U.S. Compares to the World in Gun Statistics - U.S. News & World Report,2023-01-30 08:00:00,https://news.google.com/rss/articles/CBMipwFBVV95cUxQNjRqQmcyWjhFdU1Rc0I1YUVlTS10S0tqWXJZY2JaNTZfYjg1cWYxWjZYQmhsWHExQkFCZVA0WE0tTnZGZUV5OFp5bVFIM1Q2WnZDV3lPRy1TajlkZ3VrbkVxTGNOc1RCSDdCbWhBMURQSGRsWVZPTENBb3ppUXZDbG80Yzc4M3BoakVCX3ljOGh5SHJuQmJLei1mZ2VQMHE0a0xwZDJWMA?oc=5&hl=en-US&gl=US&ceid=US:en,U.S. News & World Report,-0.34
3 Ways Graduate School Pays Off - U.S. News & World Report,2023-01-12 08:00:00,https://news.google.com/rss/articles/CBMimwFBVV95cUxPQ0NpSFJRTmdlNXUwTEpKLXBNM0pza3RMcWZicGNtaTA0WXk4OGdnTExzNDY1QTBmaE4ydng1UzQ0UXNvb3duLUhFdFhoelFvcFdPTkItTFlVUDIwZS1TakxZYWk4WmtwUHQ1cG5rNHFUZ3dvWTNlVXZFMERnbnZRbmlMU01uWkhDd2IzTlQ1MTMwY0pnTnBpYVhSOA?oc=5&hl=en-US&gl=US&ceid=US:en,U.S. News & World Report,0.0
Close to one billion people globally are served by health-care facilities with no electricity access or with unreliable electricity - World Health Organization (WHO),2023-01-14 08:00:00,https://news.google.com/rss/articles/CBMiggJBVV95cUxNRDItNTdzc0oyRW1KdFJpNTVndHlhc3FfZUs3RkxXYm1IVFhaZVduemlvQXU1U3FjV1YtMXY1Z0MtU0tOckRDaFJ2RS01X2tmYnVtNUhmQ1BvYzlJZVV2VWJFdnByb3ZrOWUyaTczR1BKZFFTbUQ3ZEFqcTViaG9XclM0S0tETE1OQVFjczE2T2NXUU5zSkZlWUZnZzJxNVFfamc4cHd3bjFNX1JCTkZ1VTBVYzJlYUhCZWx3T2JWb2F3M29qN3RHbGU1bDN6WVVzZEIySFg0ZkJEUzZ4WnFZLWJyNnVlcl9yMlJEOU5lTDZvVTQ2UGRZWllrWE9BR0N6LUE?oc=5&hl=en-US&gl=US&ceid=US:en,World Health Organization (WHO),-0.296
IAEA launches research reactor HR modelling tool - World Nuclear News,2023-01-09 08:00:00,https://news.google.com/rss/articles/CBMilwFBVV95cUxNQldxSVQzUDJQbjZScHo4U1lsaUFvQTdxamdYSG9DRzZHMlhNaG5WeENwNDJ2Uk41cW1wQS0tX2V6dnRhZUg3c29qeXVwS1BqTzI1eUlWUVI3VG1GZHJnc2VMejkyMTM1LXd1LVAwczRhZllrQmFuTWRCUm15LV9IZzFidVFLVlUzQWNnXzJuaTNzWXhWbm9B?oc=5&hl=en-US&gl=US&ceid=US:en,World Nuclear News,0.0
"Canon develops terahertz device with compact size, world-highest output and potential use cases in security, 6G transmission and more - Canon Global",2023-01-16 08:00:00,https://news.google.com/rss/articles/CBMiW0FVX3lxTE9Fb3gtVnZYSkNsYnUtdUtZVnRyT0FRazI0VUZVM1ZvbGcxZDdHNXpDTnd2RkVmMF96dUNIZzRpNmdoa01YZnFNTzZQZzVMMlZfckRUSFRDa3lULWs?oc=5&hl=en-US&gl=US&ceid=US:en,Canon Global,0.34
Why are Women Opting Out of Marriage Around the World? - University of Houston,2023-01-11 08:00:00,https://news.google.com/rss/articles/CBMicEFVX3lxTE9ISFhac2poQkR5TXp0ck5xdk1PX0JKYjdOVThQTXY3UjRqUFpEVTRnUkZ2ZDlLSUZudG9DdXVmNnZ6Q2dqUEI0TF9FNzNsYkxTbmNFSENVS2JmN3UxZnU0NVZ1RTQzYWFpam9MOTVvLTM?oc=5&hl=en-US&gl=US&ceid=US:en,University of Houston,0.0
Over 360 million Christians suffering persecution in the world - Vatican News,2023-01-18 08:00:00,https://news.google.com/rss/articles/CBMiuAFBVV95cUxOWDdnYzRHYU9acUh1Q3VpUkwwYVJMYVl2RUV5Zm9zdjZvUVpBclNLME51dUY5WV9FZnp0WXEzSWd5NW1yMmo0QW1fZnVaM3FEX0RQN3ZvTm12akF0bWhVcnBEOVRuSWZ1X0pyMGxLcHlGbF9FM0ZhbWdudXowNC1ndzM5LVBFTU54TThXUVJZd1E5dUdtZnV0bGM5cWs1OFE3ejdteGN4TGZRNWtNYnZESHVyYTRiN3VI?oc=5&hl=en-US&gl=US&ceid=US:en,Vatican News,-0.4767
The Ghanaian giant reported to be the world’s tallest man - BBC,2023-01-01 08:00:00,https://news.google.com/rss/articles/CBMiWkFVX3lxTE9sOWtXOVFvS2Zremw0ZjNaSUlyQ2ptWkVMbXZWaVc2X0VSVzBzUnpmNWdkNGliakNnc3pSamczajFwdGpDMDlWanJQRmEya2hpWHFnT2drWGo5UdIBX0FVX3lxTE9rbE4yN2Fvdk5HU05jZUhPZzltWWRFcG03eEsxN0h5ckRwUnY4al9iTE42aWVfcGxfdDM5YUx4LWpVaGtiMmJ0U3FGSERNaFhrek1XOWhjbk9RX3J6UTBv?oc=5&hl=en-US&gl=US&ceid=US:en,BBC,0.0
AI predicts global warming will exceed 1.5 degrees in 2030s - Stanford Report,2023-01-30 08:00:00,https://news.google.com/rss/articles/CBMinwFBVV95cUxNa3hXQzgwaElRZzlFU053ZXg1bmdKVWNSQVgyb0xyOUk4cE1BZUNHQXpRZnJ2Y3BaVDZjVlFtcDBkc1RpTjEtZzkxSk1PNnFqdGQ4RXRvUEdYRVZTYXFiVnZVWnkwUXEydklxSVhvdnh1akJOSHlsUVozTFRCbUhKUEwtYTZLVGlzOWlwSWRzQS1iS2hDQmRTODB4U1k4MWM?oc=5&hl=en-US&gl=US&ceid=US:en,Stanford Report,0.1531
Bolivia media guide - BBC,2023-01-27 08:00:00,https://news.google.com/rss/articles/CBMiY0FVX3lxTE9YT093UkVhcjg4TXpYWmoyZm1ZSFZwUWVqTzVaak54V0xuZFZCQmpmS1Q4Q0xkN1N2dnZienZvUFV5N3lRWG81YU1rVXFpZkxLR0RFX254SjNWejRydlFxcjNWTdIBaEFVX3lxTE94RHZIelJMbFBma012UDR6aG5ySk1qSWI5cVpSeUpfR3owTktrSmlSRnc2VmhqZ21NLWhPUC1EeUl0bzlPaU1YczZLNFNhcndqSjlpcmlsWlBWX0h2YkJpQ3YxSWJ6R1J3?oc=5&hl=en-US&gl=US&ceid=US:en,BBC,0.0
How our warming world is affecting some bumble bees - Missouri State University,2023-01-19 08:00:00,https://news.google.com/rss/articles/CBMimgFBVV95cUxQSm04aWhOX3BfR3h2OExCS0xFcEdZVWtFWWlQeFpzNGZkb2JjTC1wZ1J6Snp2TldNRTZXeEZidFBlWExMQ2g0UVFuZEEyRmJEQ0V1Mzk4WWVTRnNNazhVMHNSRjIzbHpZNGFTTUV5aXhpeVlGSXBWcU5XTWZMREhDYm1nclM3SWlmNFpWZU9nUW9wbUhQNXNpOU5R?oc=5&hl=en-US&gl=US&ceid=US:en,Missouri State University,0.1531
"WHO updates COVID-19 guidelines on masks, treatments and patient care - World Health Organization (WHO)",2023-01-13 08:00:00,https://news.google.com/rss/articles/CBMirwFBVV95cUxQMWNMRVJleXFzZFJtSGJ5WS1KLTZCMTh1YVpRb09zSVBmU0JWNk5qNml4dFBrdkdsVjNpUkRwM2pOa3dScVE1TzBqV09XOXlXLWwyQm1hc0QwbTlrT0hHLUZyZHdrTmlpd1lMODV2ZVZ5Sm4tWXVESy1oWTFsRHpLc3FsMTFoWTJRSEpQc3JKWHhZU1pIX0JMbEExX2NNaVFKalJaNVFteDJ4djQyV0tz?oc=5&hl=en-US&gl=US&ceid=US:en,World Health Organization (WHO),0.4939
"In a Fragmented World, Technology Brings Us Together - SAP News Center",2023-01-31 08:00:00,https://news.google.com/rss/articles/CBMickFVX3lxTFBDR0tDSy1YREl5ZlhQOGZTX29RaTJya3o5U2hFVEJUYkNlU3MzNk8zTk1yN0g1eVZXSEV6UVQ3SDduSU1fUTd0NTg0Rlg0TURlZkJZSVNmd3VucXpQUUFiM3czOEpPRE1LUnE4SkFHX0ExUdIBekFVX3lxTE00SXR0eF9uSS1BTC1zcjZKQ2tCTFczUjFVTUNsdXlnUXNVVDVMZnh5MDBkRjFSaEZGR2RSZUJyN1dLbzR6MG40VTdjT3lWcW0tYUlDTVAzQi1qMlRmbjE5QTJpS0V0VWdJaWdtTHIxQ1pNcEc5MzlKQjRn?oc=5&hl=en-US&gl=US&ceid=US:en,SAP News Center,0.0
"The world is entering a new age of clean technology manufacturing, and countries’ industrial strategies will be key to success - News - IEA – International Energy Agency",2023-01-12 08:00:00,https://news.google.com/rss/articles/CBMi4wFBVV95cUxPQ0VyVEtLdnUyenk3akVQaTRtSFh6MlVjeERNc200QkVqX0wyMjlNRFEzZDczU3ZKT1huN3ZtaHFablpidUtNbWtKMFg2c0Y3UjYwMUNuTVduTGFTcWVFSl9ycHQtd1FyZE14cTVQa2dTallHbG1vM3FLVnBzSUc3bzQyanhHWTI2ZUhwbWszRmc3NTRNRFNiZzExYzY2MU5GRTVjeWxKNS01U0ctVDNaRkNoaDRRaUQ0Q2dMemJnRFB6bl9vSzVEMENydFU3TnZkTnRrcjFMT2RNeUhtS1JIbjlWWQ?oc=5&hl=en-US&gl=US&ceid=US:en,IEA – International Energy Agency,0.8176
UN chief calls for renewable energy ‘revolution’ for a brighter global future - UN News,2023-01-14 08:00:00,https://news.google.com/rss/articles/CBMiV0FVX3lxTFA4RkdfUjRGcTZxeFJLai0tc19fSzB5MnZoX2xWQUFyVDk2aWtUWlRTWkRkZzBDaUFEdTY0RlYzNDZ3LTNkclpMNHdFc25fVVhZclZ6LVVNMA?oc=5&hl=en-US&gl=US&ceid=US:en,UN News,0.5719
"OHIO’s online programs among best in state, nation in latest U.S. News rankings - Ohio University",2023-01-26 08:00:00,https://news.google.com/rss/articles/CBMipwFBVV95cUxQQktid3NBandjb2cxb3JxYWNGakhUblhRVUw5cWx6RVZVOVU1NUZheTkyeWtwSjFNbll1V0Y5anVnai1Yd2hwMm42OWxRSDR5c1F2SHloU21NeG1GSXFUcU9hZmhpM0lVUHhRRll6M1BMcURLTkJoNGsycWhpX2R3WUFtazR5V3FzQlJFSXVxRm5OZlYyZkFiNWZYMUwtc1E0OER4aWNSWQ?oc=5&hl=en-US&gl=US&ceid=US:en,Ohio University,0.6369
Field to fork: global food miles generate nearly 20% of all CO2 emissions from food - European Commission,2023-01-25 08:00:00,https://news.google.com/rss/articles/CBMivwFBVV95cUxONE05M3JzT19uMF9WQkx3d0dmcjRDRENnZUxZWHpFZi1pcUlzbkp4Tm13ZVdLbkhRNWxmXzJZUkY3aXppUW9leHhRUl9IQW4wZEl5azIzMXB5UDNZbUJ1RnNtT29laXFQUjFHUDJqMndkTWJWYjBVVmJHM19UbUdXdzhKVkpKSm5RdDVxa1d4R2VhdWVZbDRlTmpxeTNaYmV1RVFXNlJOWl9sNk5RSURYUWFmQ2pBem5tOWZiUVNUTQ?oc=5&hl=en-US&gl=US&ceid=US:en,European Commission,0.0
Japan PM says country on the brink over falling birth rate - BBC,2023-01-23 08:00:00,https://news.google.com/rss/articles/CBMiV0FVX3lxTFBaNWJiVGJ3Y1RhNW5YVlh2S2w4cTk1YS1PLUNxWWhvUVc3QkY2enpkOU1YbzB4eVAwdTFrdzNBZkxiRW10SUw5TUlQSTgzWFFqc0hpcXpvWdIBXEFVX3lxTE51b0J5NE1lQ3d0Z0NyLVZ5VzU5N1BlWkp0LUx2NEI1TzNGNlF1elFMdVlnN04xektjS21DbUxfM0U1YzdRajY4TnJyNHZndkV5a25UaDd2aG1HUGJ3?oc=5&hl=en-US&gl=US&ceid=US:en,BBC,-0.1531
U.S. arms left in Afghanistan are turning up in a different conflict - NBC News,2023-01-30 08:00:00,https://news.google.com/rss/articles/CBMiiwFBVV95cUxNRkM5NmpzTHYyaVgxVERSdEtyTXVndFE0UWcwMk9zMnRYZXB1S0JlT093NV9EUjVSeTYwcGZTbzc5LV8yUGlQVDQwM1pXRnNFVmdjOHpULXFFaW12V3FibXk2QzVOeGVaS2NwWFZ5ZDVpVlRmLUM2YTE3ajJsc29uNHdiLWQxRWVYdjRN0gFUQVVfeXFMT3ZIUExxUTZkLTZZdEt4SFVlM0tycDhZTzY1NmZXSWtieF9xNGJtNUs5VEJPMi1PWWY0TlZrbzl4Y0o1cHU5S2cxQlIxWHd6Q1NaQXBm?oc=5&hl=en-US&gl=US&ceid=US:en,NBC News,-0.3182
UCLA Samueli School of Engineering Online Master’s Program Ranked No. 1 by U.S. News & World Report - UCLA Samueli School of Engineering,2023-01-23 08:00:00,https://news.google.com/rss/articles/CBMivAFBVV95cUxPZkZQUm1mV3pPa3ZaMmM3NXdUdUQ5aFR1dnRiaW1ZRTR0ekEyQUVpSjJkWV9OVDdpVDcybDBsTWtTZ0RKQllPRzUyUE55N251SEZIcDFyUS1UMXBjTXRVanZlUWF4NEtCbWVlQXBKZzNiOUdkaTRJZ3RmM1pxT2RadnhRYnczWkZEb3UzQUwxU3dYZkY4VEZHaVc0MUpUM3RvRWxCWDVPUW5nZ21mdVJidEhpb0h3anFEUG81LQ?oc=5&hl=en-US&gl=US&ceid=US:en,UCLA Samueli School of Engineering,-0.296
Computers that power self-driving cars could be a huge driver of global carbon emissions - MIT News,2023-01-13 08:00:00,https://news.google.com/rss/articles/CBMidkFVX3lxTE0tekJoRUN6QS1IbEJla1J1WjlkQUJjRXdOeWRFa0htdWQ5aElBTzVYOU50Z0FYclNyUk4wVUJEM3dMOEo2YTh3anhSa3NhN1BPSVhGd255ZDkzbHlQTXMxZHRDSGtYUkxMTXZxd3JKcmlQQS1hLVE?oc=5&hl=en-US&gl=US&ceid=US:en,MIT News,0.3182
Copenhagen Atomics puts forward SMR design for UK appraisal - World Nuclear News,2023-01-05 08:00:00,https://news.google.com/rss/articles/CBMimAFBVV95cUxQZmUzRmZXdlNOaFhXTkF3TWM0VmMtczZZVWFQUE1HZlRDLTRLdElHWWl1VmJtc2gzelJCa0ZzQmRERlNneUhhNkVxcWhjR2hqelN1Y0lJM0VrOTFXRXFaNHBzM3ZGUkRSTjVfYVptWFNxTHhicEpXeVZhd2cwcF9hbVZtU0hONDJ5aHJtakZmdFd1dVVvV3pNMQ?oc=5&hl=en-US&gl=US&ceid=US:en,World Nuclear News,0.0
Why Michigan is trying to shut down Canada's Enbridge Line 5 pipeline - BBC,2023-01-14 08:00:00,https://news.google.com/rss/articles/CBMiXkFVX3lxTE1UTGtTMFFyZVhsZzJUemZHOVVzMEtwak96cnFIR1RQYlhjSlFLUkUyQWpELTJ3MDZVNV9QemFCZFNxTGpnYl8wakF5cHE4LV9id0ZEazhMYnlPaHR6YkHSAWNBVV95cUxNMVBxVnlndGljeDhDT1Z6SHQzV0c2bGhCdGZXMjRZdWNyblU2MlRHcHUtZDRld0lOYkFqd0pBUXZhTVAybG01Um15aVNEQ3Z4Mzl6LWs1Q0M2eDQ4ajNDR0Q5R0E?oc=5&hl=en-US&gl=US&ceid=US:en,BBC,0.0
What's behind Canada's drastic new alcohol guidance - BBC,2023-01-17 08:00:00,https://news.google.com/rss/articles/CBMiXkFVX3lxTE5mQjNtOFBxRkp3UUVycWx5VlBVREZNUXpQNTBGN1ozUjZQVkpiQ0ZZQVI2YWFWQjVIZ3dJU2MyWjAtRjdnU0ZNT0JXSzhUeHdIMVMtQjdyd1o0R3FTRUHSAWNBVV95cUxNNU9kLWxwNS12THZ6WDhkaGZvbW5FYXBmTDB6aVgwRzJQNmFsR1oxZ05FTHFhNHVvNG9iNmRyWmZ0U0dPZkdVYk40QWhQekZtQl8tM0RfV1dfM012RjdrYmZmVVE?oc=5&hl=en-US&gl=US&ceid=US:en,BBC,0.0
These Are the Top Global Stories to Watch in 2023 - Time Magazine,2023-01-04 08:00:00,https://news.google.com/rss/articles/CBMiZEFVX3lxTE1aLUhZSnYzcHFWOXE0anVXMXU5UC1INmdteF9UOTlqckJrNTM4c2pNMktYbk1XLUY0ZXpGMjFET0lrTl85aTVmRWdDSFc0dGtINVFIdklHV0M2aU14dkVxS2J1UE0?oc=5&hl=en-US&gl=US&ceid=US:en,Time Magazine,0.2023
Former ABC News anchor Elizabeth Vargas joins NewsNation - Los Angeles Times,2023-01-10 08:00:00,https://news.google.com/rss/articles/CBMiwwFBVV95cUxQRFRDbzZnQmNBVzVrWGMxeGRCZzRGUFRIakQwZTA1XzRwbVBzeVVtU2tfRTRBUThyMWdFWTcxb09heEkxZnJuMWlhWmhTRElNY0QtQmFjb215Ty1SeXZZcy1RcWZnS2NFeWJpX080UVkzM3VLdmpyUTJPQV9YZXN6NG0za3lfdGVoOEQyeEZqVllGdUljaDJ0ZXRsa0FDcFlXM0FQemY0VWtxVmZuQmhRNWlPck9TcmhfT2hVX3JWQVphc28?oc=5&hl=en-US&gl=US&ceid=US:en,Los Angeles Times,0.0
"China Covid: More than 88 million people in Henan infected, official says - BBC",2023-01-09 08:00:00,https://news.google.com/rss/articles/CBMiX0FVX3lxTFBtTzJZdk91XzN1MFpXc2o5N2J0aUVYT3pFNlhzaGpNaG9MLXVIUWI4VnR4b2w2Z0FRSWtROGxpSDYzclhBelhzTDh1QUhSX1dfOGE3UzhLWk92SGlhMGVN0gFkQVVfeXFMT0JnNHpBVzExWmlONXR2R0V0RnZ1LS0xTHpvZVBBNDVoTk5zMUFVR1E0SFNGdGZ6Z3RvNTVCVlMzUm52XzVDWVI4OEI3OGxkSzh6eTlyU0tsTXN6NEgxRVpEa05YTg?oc=5&hl=en-US&gl=US&ceid=US:en,BBC,-0.4939
Virginia Tech earns top placements in U.S. News & World Report’s 2023 online rankings - Virginia Tech News,2023-01-24 08:00:00,https://news.google.com/rss/articles/CBMimwFBVV95cUxOSnUwbG9yUWpjWU9ac1Vob2NoS1g5cGhnVWI4V1hVQTJnSEFBdGFuNko1bU1jZjhDRnMzZm5GWm52a29XNVBWdWp1ajNJdG9vbjJnYXlpQXlDN2Z3X0xaaUpzUjBURklTY3k2UXdldWpUbGY1emFiV29veHJVc0lwdHZ3SFI4bnR5WG1LUVgyTGZtSFRSTHdHSW4xMA?oc=5&hl=en-US&gl=US&ceid=US:en,Virginia Tech News,0.2023
A global lab for teaching and practicing synthetic biology - MIT News,2023-01-18 08:00:00,https://news.google.com/rss/articles/CBMihgFBVV95cUxQMllNN0EtbzhiX3ZLOHVfTzA0WlpVZ3N3bHdEZDNxZDlhRjRlemh1Vm42Sl9DSS10UHMzeTdTcXNVelNwS1J2U19VMVdQZmtaM05rRTNzRHczNWE1dVg5ZFozX2ptcGZyWXpCTGtYb3ZiV3NRNlZweEFkajUtY2lFbDhneHEwUQ?oc=5&hl=en-US&gl=US&ceid=US:en,MIT News,0.0
Who can die? Canada wrestles with euthanasia for the mentally ill - BBC,2023-01-13 08:00:00,https://news.google.com/rss/articles/CBMiXkFVX3lxTE56T1dENDBMczJ0V2E5TEVaS19Wek5FMFNuTC1HRmR4NlFySUZTTVdic2J5ZlhTWVo1dERYeFJ4U3k1WHl2Q0RkaEd4UkVFQ29vYmc5TXVLYmZZOXRfRmfSAWNBVV95cUxOamhtTHplMmNtajZVWE9kNjhRTWJoek11MFR2dUZtZmlWUGtFQmNONTh5RWVkakZhVk5SOGU3TldEdVpObGpTMWJvOGVlOTdPQnlsMFRlWXpsQkVvYjJOZ2I2ZEE?oc=5&hl=en-US&gl=US&ceid=US:en,BBC,-0.7717
Huge rare earth metals discovery in Arctic Sweden - BBC,2023-01-12 08:00:00,https://news.google.com/rss/articles/CBMiWkFVX3lxTFBVX0ZvT2R1c0w3cGNIdlF6dlg3VVk2WWlVUXN3WVliYTNLbDYycWF4b2JERHNsdzZ3TGhyMUc2VlFQdUVKTXhOU0x5VGNmSlJ3emJVWDd1ZzlDQdIBX0FVX3lxTFBFeE9udktDQW53Ni1TU3Fpay01UzhQVDJsU29FSmpsZm1QNFlzcEdVUV9VOFhIa3BmeWdpY3F2UjVmMklfXzA1Wm1xM3B3RjE4eFRKMTl2QWFfbzFaTFVF?oc=5&hl=en-US&gl=US&ceid=US:en,BBC,0.3182
Humanitarian Work Defines Alumna's Career - News and Events - Kalamazoo College,2023-01-18 08:00:00,https://news.google.com/rss/articles/CBMiUEFVX3lxTE9KMUZrVW9hcGJWZEZua0JsZ01STDQzSlpLVHd0WkJmanhEVUNOUURZdzFDZDZ0eFFhWktYVVpRMmtJR1B2WXNGck0wWW14V2Ro?oc=5&hl=en-US&gl=US&ceid=US:en,Kalamazoo College,0.0
Leading academics believe fears over ChatGPT are misplaced - University World News,2023-02-24 08:00:00,https://news.google.com/rss/articles/CBMid0FVX3lxTE5mZ0VQd2ZBRDBGaThod2QtanB5aHhwa051VnFFNjNHNU9NcnRjVTJ1TzNyeTdDVUpTUURBYWl3NHdCd3F6WmFQdGd5XzE4M0R3eUQxUC1xdTVrS1dIbHRUVnYybE9YdmU2ZGw5SFdqZHJiLWtnT0hJ?oc=5&hl=en-US&gl=US&ceid=US:en,University World News,-0.4215
Video series highlights history of skin in the early modern world - Illinois News Bureau,2023-02-23 08:00:00,https://news.google.com/rss/articles/CBMilwFBVV95cUxPUnVqMVcyRmpWZUMxLU9ZY2pPZmlONDlwdDRWeVd5anNzTXpxVUw0Rm1TWVN1bV9SRzhuSGZ4OFhjSl95SmxCUS13MDRjM1FJX0RSV2RCTDBCWThRb3FFa0ZuNkEwZkxJcGJXWWpxTzNaVy1uRzk4dEN0bDVmbGlYSmhJb2gwaWpreWlxRzF5ejdVdkRGMnBF?oc=5&hl=en-US&gl=US&ceid=US:en,Illinois News Bureau,0.0
Earthquake Damage in Türkiye Estimated to Exceed $34 billion: World Bank Disaster Assessment Report - World Bank,2023-02-27 08:00:00,https://news.google.com/rss/articles/CBMi7AFBVV95cUxNQko3QWRSZ2E2YlRKc2ZmczZ1UjhGN195Q1BVOXNpQkJST2g0UEJBSldkNFQ0d09JYnhlOTZpd1hzWWJVSnl1N3N6aVh3eHFxbHo0SVFLZ09OMW1hcDA3c19UanZqcVlFNkpHU2g5M0U4Q0JLNF9vS1RiN1hER2FINExtMUwyMFo3eFBMc3gwREJid2RJb0sycExMa2lJY3JYbGY5Um1iSVhBVGxBcXJadXU5NXQ0VjJYSmpJUkVVal92Rktub1FDWjhpVjFTM3hmVHdtaEtpMHdtMUJrOG5vR2h1NW84OXVmSl9jWQ?oc=5&hl=en-US&gl=US&ceid=US:en,World Bank,-0.8074
Assessing the Global Climate in January 2023 - National Centers for Environmental Information (NCEI) (.gov),2023-02-14 08:00:00,https://news.google.com/rss/articles/CBMiYkFVX3lxTE16Z0FDYnRFVHRrVm1wR0RHb0psam9ITWZGUHFxSzBkNDhZXzY5Rkt3T0Y0NTlXRzI5Um5HZnFMdU5pUEtvS2ZaUld3dGVKNERDeVpVZjdiTFVILVBaekw0Yk5n?oc=5&hl=en-US&gl=US&ceid=US:en,National Centers for Environmental Information (NCEI) (.gov),0.0
Operation Pangolin launches to save world’s most trafficked wild mammal - FIU News,2023-02-16 08:00:00,https://news.google.com/rss/articles/CBMinAFBVV95cUxQdV9wVlNjWUxqMDgwRFdKMnBhc1IwaGtSRGhlZ192alRIeldFeWE2UTNydDAwRmxQMk4ySVE1U1FLaWZ0b1RnS3p3VXV6WmtFZGQ0d1NXbzQ4bWRqU1pvdTVtaWgzZTRVejdRWTd2aDRiSDJYZTJaQVpiYVFna2tpd1VMLTZ5c1BrdFVxd3ZJVHliY0lRbzBKODBONDY?oc=5&hl=en-US&gl=US&ceid=US:en,FIU News,0.4939
Professor directs world premiere of play - Connecticut College,2023-02-14 08:00:00,https://news.google.com/rss/articles/CBMikwFBVV95cUxPN3lnamZ2bmd6YnhyNGhqdlZLaUcyU3dmLTI1aGJlOUJxVFlHMmZoOGdRaGhPZ0M0R0NTQXZldzMxNVN0RDkzSGxHbUY4VkN6c1pDZXg3OTVtX3hCbmZSRDVPVnN0LVV0b215LXpoVHk2bV9URFlGRk9aa0hJbFdCYmllcXFUZkZidnE3ajBRckRJQzQ?oc=5&hl=en-US&gl=US&ceid=US:en,Connecticut College,0.34
How will ChatGPT change the way we think and work? - Stanford Report,2023-02-13 08:00:00,https://news.google.com/rss/articles/CBMiggFBVV95cUxPV3pFVzFlQ2hlN0NFN25mWk9wV3E1VGxpYVluWkhQRnFQRHFZWTdBYWlDX1RoU1dTUUNYZWlTbTU3aEJXaE5leHBvTWw3MHNSRXBOOWQyM3lOTm9iNlRYcUJnekRzalA4ajI1Qm1WRV9BVDRUZEptNkdKaTVoZUdXcDVR?oc=5&hl=en-US&gl=US&ceid=US:en,Stanford Report,0.0
"Afghanistan still a grave humanitarian crisis, senior aid official says - UN News",2023-02-28 08:00:00,https://news.google.com/rss/articles/CBMiV0FVX3lxTE5jZFRRcE1Jb2YzdS15RnZ1N3B0VVZJb1d0RklGZTkybWJNQzZxbzRjTjViS0JqZGlYQ3FuVXNfOUM1YnhiY2h5a3NpTkpBc0tMUnZaYUdFdw?oc=5&hl=en-US&gl=US&ceid=US:en,UN News,-0.7717
US puts forward Ajay Banga to lead World Bank - BBC,2023-02-23 08:00:00,https://news.google.com/rss/articles/CBMiVEFVX3lxTE81VkVBcTRxZnNkR1R1cVhHS3FOYmpVbHR0dVBqQjhwLThiakJBRWFwSGFPdzExZ2JFdU9SRUEyZktGREk5MUZIcVhoa1BkVUhra1VKOdIBWkFVX3lxTFBRdFNKM3BGTVZLcFhhQmIzMWlsaFJkanlXUXVMUjFFeDQ4Wk9NQ2tFYk96UFVmUC1mdlBVZjhqOGVCN1FpWUF1ZjdVWmxiZXphcXFRNWhJSmRwQQ?oc=5&hl=en-US&gl=US&ceid=US:en,BBC,0.0
"Fashion expert reflects on how Black designers, models and musicians have influenced the way the world sees and wears clothing - VCU News",2023-02-28 08:00:00,https://news.google.com/rss/articles/CBMiowFBVV95cUxPMXhFUHRnZkpuY2thUkMtS192Mks4SmpoTF9FQzJ3QlJQRW1PMjVXMzIxWDJWbzd2Sjg5WVRsV0x0YWJ3TmF1QjdiRW13VzBRRnM0R1lDR0w5VHJwOEJreml5S2g5NDlxaHIwMFNYTFc1TXQyb3lJTnctRU1zZUIwS3pmT0VROGVkR01ReE03V1BwZ2VlNTlnck1UYzNMdUFKek80?oc=5&hl=en-US&gl=US&ceid=US:en,VCU News,0.0
The global supply chain consequences of the Russia-Ukraine war - University of Florida,2023-02-21 08:00:00,https://news.google.com/rss/articles/CBMickFVX3lxTE96OWRJVl9wNUhBUnAtUGR5dkpxdUx1dVY2dGNuRkJDaWZhTHF5WmdoVllEcGQ1MkpwNUt0OHBJNFdrNmJ1eHBtZGhVS2xmOHFOY19rWi1udG9WbUpQUk0yV21hRUZhbHdTbVFCS01RX1FuZw?oc=5&hl=en-US&gl=US&ceid=US:en,University of Florida,-0.5994
New World February Team Update - News | Official New World: Aeternum Website - newworld.com,2023-02-22 08:00:00,https://news.google.com/rss/articles/CBMihwFBVV95cUxNdmZfbERHQzZwWUJScmFIbWhfLS1BVklrT1BGWFdmbF9QRVFkbzJkWkdUS1A0amRoY3lUMXlIQ1N6ZmdRaUdxT3QwU29oY0lFY3phUmhnc1VJRXdyOVo2S3ZtVGV5RTU3cy1nNkY3NUxnOW11X21nNW8zaU1TMVRwY1VUMUhBWWc?oc=5&hl=en-US&gl=US&ceid=US:en,newworld.com,0.0
Embrace it or reject it? Academics disagree about ChatGPT - University World News,2023-02-07 08:00:00,https://news.google.com/rss/articles/CBMid0FVX3lxTFB3RDR6NjFkTHY2bjhsMGo1UW01UkZTX2tqUzhHWmdFS3V0WlE4UGRiN1BqaHhSaXl5OEhkSGFvOVJPRnItcmVjaW4zbW41OTY1aGM3UkFsTHJWbk9hQUgyQkhrZm5iNkFlTjRNOHZKQ240V1BnYmVB?oc=5&hl=en-US&gl=US&ceid=US:en,University World News,-0.4588
Survey shows universities accelerating action for SDGs - University World News,2023-02-11 08:00:00,https://news.google.com/rss/articles/CBMid0FVX3lxTE5QNTNfNnFlbDBKOHRibkYtMFhCeEZGOUZGaDNSYmFuMkFFbmFYTVZCdGZXUW9Cdms1RTFlRDhzTzdJUlJjWDZRbS05Sk9XaXJ3TGxpQUpTdWtmVVE2bzZ2OFRnZDhsNHNQb1ZyM2pBUmlVdDVweGVZ?oc=5&hl=en-US&gl=US&ceid=US:en,University World News,0.0
University rankings: Assessing the newest kid on the block - University World News,2023-02-11 08:00:00,https://news.google.com/rss/articles/CBMid0FVX3lxTE9hSHVKb0p3RmF0LTI3ZlVIN21oeUtDNGpHSWc0SjhWa0M5cnJRb25QeGFOc1ljMlBpY1Q4dXl2TlgxMFl2czVlTmRPQmdKOUNFMi0ybENoenkwTWtUdWQybUY0RlctWUl5OGxNOEdyYVhkQlF5amM0?oc=5&hl=en-US&gl=US&ceid=US:en,University World News,-0.4404
In pictures: Love around the world - Positive News,2023-02-13 08:00:00,https://news.google.com/rss/articles/CBMickFVX3lxTE5IREtnMVBrSXdJU2N0YWJFTHdPMGNNSmIzNGwzajJEUjZIVFkzVjVUS3M4RGRKSm54anJQdUdYQmlEWlNIWDE1MHNBbERYUVJJOUFjLVd4djdhVjlXbHFIa2wtQjY0dkZkc1JnMTJGeW9QUQ?oc=5&hl=en-US&gl=US&ceid=US:en,Positive News,0.8316
Preparations begin for thorium-HALEU fuel regulatory review - World Nuclear News,2023-02-15 08:00:00,https://news.google.com/rss/articles/CBMilAFBVV95cUxOdVJJZF9xclV4LXpQdkl5MjF2ejVUZjVrNzBWVE5NLUZQNHpCa2J4VDVjRGFmTV9ac0thcm1LVk8wMHg2amF2OEFmZ0x4cTdqRlBUUXlLcGNoOXoxVUNjd3ZESGNieUhfb0dMVmhrMmlrLWJXcm1xZTQ2cF9odUFBWDZPNlBDTkdZNW5WQm13dmoxal8y?oc=5&hl=en-US&gl=US&ceid=US:en,World Nuclear News,0.0
NOAA Updates its Global Surface Temperature Dataset | News - National Centers for Environmental Information (NCEI) (.gov),2023-02-10 08:00:00,https://news.google.com/rss/articles/CBMiigFBVV95cUxOOXE0b3E2NVQtYzBodVJOYmk1U2pmUTFzTV9DaHhTcnNnUGgtMENra01taGpuZGtXdG1nakgxakgyVzhXYVh1Rmp0cUctelgxMklFT3ktdGtNN0hWQWlzRlJjTzRzeWdXcWpjSngzaDFMSUdCWUlnNFJBbUNmRm5NRENZcGdNNlR2WFE?oc=5&hl=en-US&gl=US&ceid=US:en,National Centers for Environmental Information (NCEI) (.gov),0.0
"One year later, Northeastern experts say no end in sight for Russia’s war on Ukraine - Northeastern Global News",2023-02-24 08:00:00,https://news.google.com/rss/articles/CBMibEFVX3lxTE95OFJPN01HNXRJSVM0QVZnczBwSTQ1V0JMU3FZcE1xZHNLYXVBVjFhMkl0dzY1Uno3TDEwYmZrd0R1dTdmN3p5NEVtV3pNXzd1amZNUHoxNVlKVE4zaDljWUN4YkM0dUtOMTJEUg?oc=5&hl=en-US&gl=US&ceid=US:en,Northeastern Global News,-0.7269
Poll finds record support for Japanese reactor restarts - World Nuclear News,2023-02-21 08:00:00,https://news.google.com/rss/articles/CBMimgFBVV95cUxQTnFoOFU5YW01NkZKVW1WUnUydUoxTVcxUTFYTXJrdDNnekJ5SXBPVllTdDNjM0stWTJQTHM5N3p5S0VEQXlTUnJ2RXBieTcwcEtTc0hpdTdxdnpEa3lwOGF5Mkljd01NeFZZTzF0T3RDR0lQbWRTRVl1VmI0VnhZNG9WVHZWeGhybGwyZ1F6SWFlZDV0MUNaekZR?oc=5&hl=en-US&gl=US&ceid=US:en,World Nuclear News,0.4019
Europe faces costly race to refill gas storage. Here's what you need to know about the global energy transition this week - The World Economic Forum,2023-02-28 08:00:00,https://news.google.com/rss/articles/CBMingFBVV95cUxPOFRHTUdqNTdIWEZuNDRSMHM4ZnF1cXIya1JCVWJJTWpha3g2c2x0TEk1TFFDaXMtcXJnc0xfV1NSUFpvS0RVZjhmamlCZEx6NVJ1MU05M1Z5Y3pDUEctOVRUR0ZTWkt2QnBlX2F6VXlJOHRqczljYXFzUW5kaGI5MHRYUHFfTkdCNG43dWh4enRIVTJPZnJlM3NncElnUQ?oc=5&hl=en-US&gl=US&ceid=US:en,The World Economic Forum,0.1779
ITER: Russian poloidal field coil arrives at construction site - World Nuclear News,2023-02-13 08:00:00,https://news.google.com/rss/articles/CBMimgFBVV95cUxORGlVYU5CaTFjMTIzWVo0VUVycXdzNG9aZkVCVndWV1M4cW1YLVJqRHFPUlRTMUpGWS1teFpxcDhIWnhnSjlsNnFqbTNvRENsS0g3bzBnWkxjUFVJNWVXclI4Mlk4MHhJTHc2c3ppTlZpQXRYS3AwUFZxaER2d3ZWcVZFeGtSX0ctWTlqQzlCME9PcnlmbGNxX1Jn?oc=5&hl=en-US&gl=US&ceid=US:en,World Nuclear News,0.0
Sand mining: the problem with our dwindling sand reserves - UNEP - UN Environment Programme,2023-02-06 08:00:00,https://news.google.com/rss/articles/CBMihgFBVV95cUxPRzNaMTdveElVTk42cFlMeGhwbURfQy1FZjZCb21tdmczaU9lQzNob0U0U0x5ME5wTk5CYnFTMEs4WlY4WGNHZXVlSWRHM3EzOXh1VnNEMzI1MHhmXzZaYnFlenpJaml0Y3E5QXF3SWpuZUdnc2s4STdNRWxLWGoxR05fZlRtQQ?oc=5&hl=en-US&gl=US&ceid=US:en,UNEP - UN Environment Programme,-0.4019
"Rather than ban generative AI, universities must learn from the past - University World News",2023-02-24 08:00:00,https://news.google.com/rss/articles/CBMid0FVX3lxTE1jMWVJZkdqX1hzVmlpVkNDUDhUcnBmZHpMWmp3WHgxYndoMHZ5Rnd6ZmFVLW5OUFNYVkxtS2JteEVEb1FkY2FIT2VNSGdTQ1pRbXRjQ1JNbGtDaWl6S3l3QUFhUFFpUUdxOEIzRkMtelk1YU5aZHNn?oc=5&hl=en-US&gl=US&ceid=US:en,University World News,-0.5574
Countries unite to remove mercury from hazardous skin lightening products - World Health Organization (WHO),2023-02-14 08:00:00,https://news.google.com/rss/articles/CBMitAFBVV95cUxQWkt1aWVLMHNaUmRyMkdENDZzcXhOS3laWUJkZDhQM2lweGNiaE9SQWJENVRaRkVBSzdIVWNqeXJwNjVoZWdCWDl1eG5CYk9NSTE3bUpoVFlPY2dJR3BjYjE5YjJqbDYxS1hYN3RxU1MtYXBpa1VUSXkwWVNfVWlnZGJaOHFLQm0xWWpaREtiNUFQU2h5dEw1NDBJWkdhUlZMclRLOVozNUpQUHMwb3ExbkdBVzc?oc=5&hl=en-US&gl=US&ceid=US:en,World Health Organization (WHO),0.0
ČEZ identifies two further preferred SMR sites - World Nuclear News,2023-02-28 08:00:00,https://news.google.com/rss/articles/CBMilAFBVV95cUxNanpTYllGNmlxN0ozazh2dnlZTkVIV25IeUxMdElFdU9XVnhyeEtsOVIzbXdxOEdJQzBfN1c0N1YxczFnOWo0WU55ZHpfQWJwRTEwTm5mRDRiWG1acmJ0aHpXUkpfUERjeDcweHdWNXhKekpiVjA0Q1dqRm9XckN5UUU1NU8zYk9ITnNycjVIZjVWWUli?oc=5&hl=en-US&gl=US&ceid=US:en,World Nuclear News,0.0
"As colleges quit US News rankings, how do you pick a school? - USA Today",2023-02-22 08:00:00,https://news.google.com/rss/articles/CBMipwFBVV95cUxNZ1l2VkhNSFQ2OGJJNFlxUjBqVWVaUWtKVExIYnFwUjZRaXg1cUt2UkJIV2ozQ1BsZlJ3UTNRdTkwRDh2N09TWmRNVzFWRHVIRHdNeXZ6dkU4R0wwN1NKd3htRjVjS043Y0VUNVNkWHlPZFpncEhEVUI4eUlzTm9qRUk0S01oUjRjSkdyN2Z2MkhXUXpEb2l0OXRUdWNBM2RjZnQyV0l5cw?oc=5&hl=en-US&gl=US&ceid=US:en,USA Today,0.0
Chuck Schumer: Two more flying objects shot down were likely balloons - BBC,2023-02-12 08:00:00,https://news.google.com/rss/articles/CBMiXkFVX3lxTE9SUURGRURYRzR4MlpfLU9wRGN0SFNhT25icDNqakNaNWxON2JfSmVodDltTnNudG5WUHNocWZnYjVJYUpNWnN5QXZEUnptREdHN1Mwb0ZSRzVZTTdid3fSAWNBVV95cUxONGZkWkRKcmV6RHN1MV9QeEhybjhNOHc1N3drMWtpTExNa0pwNTh6Y3BtSmdUNmpWS2laMlB5NWZTV1R4QTdZSV9Gd1BfZmlzVGNKamRBN21LRnl3cmRnYTNHUTA?oc=5&hl=en-US&gl=US&ceid=US:en,BBC,0.0
How much money has the US given to Ukraine? - BBC,2023-02-21 08:00:00,https://news.google.com/rss/articles/CBMiXkFVX3lxTFBNUE5fRGlVeFNUREw0UnlWSm1XOUI2SjNEQklRTDVydmVQdmNYOGpRa1BBQlFiLXRJS2IyRU9rWjA3c3VuY19XZlAyZzFpT2RTaUt1OVNyTUloTWdJOEHSAWNBVV95cUxPWnd6TDMyR1drZDdtWVR1eGRGYlV1SjFpSDJfSnlpQWRXVXZOUGhGZmZWRHo5TFVjdWdtT20tNFZlUk9TUUdxRnRUd3p1eENSNGdLMTZyVHRrUEJDMW9qWk9qVFU?oc=5&hl=en-US&gl=US&ceid=US:en,BBC,0.0
How Russia's 35-mile armoured convoy ended in failure - BBC,2023-02-21 08:00:00,https://news.google.com/rss/articles/CBMiWkFVX3lxTE5panRNZHZxeENMemY4azlKaVA5N3gwSjdZTGh2MXhvcmhiVHZlcUR3LWdhLXYwVlU3eXRJRlVmai16blkyc0VwMVllSl93aDROV0ZWZk9wVDdDQdIBX0FVX3lxTE5WcHEtU3BPdTg0aEVENDdyc1JDdnRqcG1IZDZXUGsyMk1peHdxdUpCRVV2N2F1RVRBcGs3d0dWUExtb2VORDVERFlSTGthbHV5NWl6STFGa3F5eWZtNHVZ?oc=5&hl=en-US&gl=US&ceid=US:en,BBC,-0.5106
Why the world feels so unstable right now - BBC,2023-02-05 08:00:00,https://news.google.com/rss/articles/CBMijgFBVV95cUxNZi1hMTBvdkNJTnRKS2dueUt5U0FKYmczMjJPYXczTGpOSTR1cU5BRV9mbkZON2xHQ2IyNTRldVAxeElPRTNsZjMzelBzMG1yTUJFUUFqX3dRYWp2S2FIRTZRV2hJUl9FS2J1cFRHVkRIdnZjUTN1WkRtMVZFWHpMZlhaWk1UQkpwekFqczhn?oc=5&hl=en-US&gl=US&ceid=US:en,BBC,-0.5009
Farmer School professor ranked among best business researchers in the world - Miami University,2023-02-24 08:00:00,https://news.google.com/rss/articles/CBMiwgFBVV95cUxPbVNCanhVYWM0empwNG5FcDBQaE01dmxOOHI5aDZuNmtBdFI5LUswMzBSck15TmtHQnlPTUVkRmV6SmxHQlRMSFg1ZXpqRFNvU3pkYnVheUkycGxKRHNhYllUNHh5R1JueDBlTkFhNlpIR0tkREV1WExkdUExRGEzN0xLXzRPaC14LXNSRVhUQkVMR1Q2c2ZIaTFGZ1pGNk11UktjU1BwYUdNeFltX1RsQWY3dl9obDFHS3NvbTYtTGplUQ?oc=5&hl=en-US&gl=US&ceid=US:en,Miami University,0.6369
Government unveils regional plan to create ‘glocal’ universities - University World News,2023-02-15 08:00:00,https://news.google.com/rss/articles/CBMid0FVX3lxTFBzaXU3d1pLSXVfR1Nucm42MlNRbDZCNTJSdU1ibnBOc3cwb251amozYXBBRGVpSXF0VEhQVEwyU3hTbm0ydmE2STN1dzZYMllLMkM1VDZWb2xnV0syS2wwYWRqLXdkYjl6OVhXUHc1M1RtRHdlalFz?oc=5&hl=en-US&gl=US&ceid=US:en,University World News,0.2732
Ukraine war: Viral conspiracy theories falsely claim the war is fake - BBC,2023-02-27 08:00:00,https://news.google.com/rss/articles/CBMiWkFVX3lxTE4tQ2NHNGNmemFlTXNwSE85c2FheG9OUm1meW8xRFlPNzdnaXR5NFRnUnZLaWdZREpHYlRNZTV6Xzd6MVI3NjNUak1ISUc0SUE2Nk8teDB3WE5WQdIBX0FVX3lxTE1uSHkzRDAwMGRmbUtyMEdFQWRBTV9tV0JsWlB0S184Sy05NkpYWl93WFY1aF94MUNxYThpSHFpMzVZYlJJV0xEam1HajhIeWc0NkNjM3VBUFFtWURyTXo4?oc=5&hl=en-US&gl=US&ceid=US:en,BBC,-0.936
Good news about global warming: The public’s paying attention - Brookings,2023-02-10 08:00:00,https://news.google.com/rss/articles/CBMimwFBVV95cUxQYVRhSDRtOUlZZ0FFMXhlWVZSVWpFbzdBejhkeTFlWEVOUzJnUy1qTFZsU3JzOUQ3endNeVVYSkRvRTFFZXNBZTdRbGY1WFEza05neDNlQURmaklCZVVMZDRScTVOQWpWZzZrYzlfYlB0WlJad3FkR0ZXOFRraWtERHpIdml5RUVIZVBUZ0ZWSHVhMlY0Nm1LMlp4OA?oc=5&hl=en-US&gl=US&ceid=US:en,Brookings,0.5423
Leading and learning to save the world - UC Santa Cruz - News,2023-02-21 08:00:00,https://news.google.com/rss/articles/CBMiVEFVX3lxTFBVMUZFWE01dE0yVFd3R255MG1UQW9vMU81QVZTWVVOd3BUODhPR0JkQ1RGbGE3bmd6VG1NRG9jZEJxS2taekVza0RrY3ZHQnp2RG9PLQ?oc=5&hl=en-US&gl=US&ceid=US:en,UC Santa Cruz - News,0.4939
Seattle becomes first US city to ban caste discrimination - BBC,2023-02-21 08:00:00,https://news.google.com/rss/articles/CBMiXkFVX3lxTE5kYUJZYzk4MTlubGNNY3JjeG1nOXcyWTRfNDJtMGhZcjB1RE1Wa1Y5bFBxaW85RUxFZWdMQWNfaXpTSFlMU0hYYlI1SjY5ZWgxS0JQaXdkdEduX21kQ0HSAWNBVV95cUxPSHo2TTlBOEZwZXVWV1JfdXVoZU5uUkVnaXltU1ZEWjFaZWQzSFpad3A4UkhiWUFOQTZjekpxVnVRRnVna1l4Z1NkYnlLVld4Y0dVLWVjaFplNDBxMml0MDZNYnc?oc=5&hl=en-US&gl=US&ceid=US:en,BBC,-0.5574
Third Barakah unit begins commercial operation - World Nuclear News,2023-02-24 08:00:00,https://news.google.com/rss/articles/CBMilAFBVV95cUxNcG9XV0c1Qi1hc1UtUHZWSElLV1VRZUVISC1YVHlyTXpfRlI1eTQtZ0xZSmMyQWJDUUhWdmlhbVZSazROaXYtU1VVdGtEOU01UzFKSWJFNTRCSUtqMGxGZ0dIaTJZQ2hjYnVQUXJVODhUREdOWGlfSTRacHBOZEVtTWExSjBIa0xfd3B2c3QwNG9iM1hK?oc=5&hl=en-US&gl=US&ceid=US:en,World Nuclear News,0.0
Critical ecosystems: Congo Basin peatlands - UNEP - UN Environment Programme,2023-02-27 08:00:00,https://news.google.com/rss/articles/CBMijgFBVV95cUxPeWhLM04xdmVLRlRhdU13UGdDaU9lbWRnZTAydWRVS3VMOU9XVl9mNzd3a2R3N1psdHoyRElZWlFLQndlUnhFRUYtcGpEazAtZnZhby1kM2NTY3lhNENJaDVEaXFFZWRQTHFaYk1DLTFFUlFTS1AzcFh2VG1qOGFWQU9MckRQVFVkejd3azhR?oc=5&hl=en-US&gl=US&ceid=US:en,UNEP - UN Environment Programme,-0.3182
A pixelated world: Research considers the effect of digital media on perception - Binghamton University,2023-02-16 08:00:00,https://news.google.com/rss/articles/CBMivgFBVV95cUxNSl9VZ2EtNnlwdmg0Sk5DSm9YWlBMNGpaR3hhbkx4SUhfY0FqY2VGLXlzRS1hUmx4Z0NEYW5jQ0VlRmR4Q1pmZVo4Z2NwS19lWnI0djJsXy05dnNld0p2NHVaRjNJN1AxN1hlT2tGaXJZb3J0QlBPRGNGenFHaGlzSnE2WVFqOGdCakd3aFJMc0VXSlpONFo2bWVIcE9FUjFKZjRuZVU1MFUzc3Vja2dyd0k2MnJYMzl6TkNPWmRn?oc=5&hl=en-US&gl=US&ceid=US:en,Binghamton University,0.0
Lightbridge and PNNL demonstrate fuel casting process - World Nuclear News,2023-02-28 08:00:00,https://news.google.com/rss/articles/CBMimgFBVV95cUxOQVV6QlhIWFpvakdJX2hfRWFLS3Brc3d6ajJYSUhMMjhaR1hnM3V2dzRwR2hpa0JFcG5FaWg5NWQ2aGVLQTVGWklfNFpDdnFSUWYtMElXRzdpQlRlTm04N2VZc01BMFhHQ080Rll6MXdQcmI5Mlg0c1poYUZtZFRuQnhCRjI0RjBSaW52VzBkSU1LNkZLU3dkUkJR?oc=5&hl=en-US&gl=US&ceid=US:en,World Nuclear News,0.0
"It's Presidents Day, so we asked: Is the president of the United States still the most powerful person on earth? - Northeastern Global News",2023-02-16 08:00:00,https://news.google.com/rss/articles/CBMibkFVX3lxTFBZT1hlU0tsZjhhTjdneTVMMUFQUmFCU0dHSjRBbWF3Z2tuYmtEeFpOaTBSdDU2VUlCd2hMakx1YVR1M0JSZ3hDTG1PLVRJWDVyaEF1T3g5WjByQXZqaEkzalp4NGVoWGt0YWw4OUlR?oc=5&hl=en-US&gl=US&ceid=US:en,Northeastern Global News,0.7089
Interview: WANO prepares for growth of new nuclear - World Nuclear News,2023-02-13 08:00:00,https://news.google.com/rss/articles/CBMimgFBVV95cUxQWEtnZGxOTUpkU292UXdURGVYc3JLaW05aldoeHB1U1p1N0JNMlRZVVdMVmdtZTFUdjlXbE1QMG4ydlRqUnRzalctbDFDSnpMZjdWTWNONDdIOThoMHBrQzhnYWVETWJPYXdTd0U1YWNjTHRqX1VROVIwMzRwMDN2VGxucVZuVEhYZkVGRjVTZmt0V1dqSzY1QzdB?oc=5&hl=en-US&gl=US&ceid=US:en,World Nuclear News,0.3818
Tips From Aeternum: Just Say Hi - newworld.com,2023-02-14 08:00:00,https://news.google.com/rss/articles/CBMigAFBVV95cUxPWTdVRWRpMngtczN3a0NCZlpEQlhpVTd3NFFWU0FvNHduSlVLdXQzcHBoTFdzSzNUTGdnNlhuR1RDSDd1RUZOMGtNa1dpYmhudnFNVS1aQ25BUjRiTG5mU09qMUJDakpqdlhWeVJqOXRrRlNER3gtU1IxMXJmWU40Rw?oc=5&hl=en-US&gl=US&ceid=US:en,newworld.com,0.0
Access to Justice for All Includes Disadvantaged Communities - World Justice Project,2023-02-09 08:00:00,https://news.google.com/rss/articles/CBMilAFBVV95cUxQN3RxT3FxUFJXOVFWdEh1TnRVNi1XcWJjZjg1Z3c4aU9KV3ZwN3FFTGYwTUtFNWtteElpbFBfSzYxYkdPRlVsZU4yVEY0MEdJbUZzQWx3MUc4NThjOS1pYVZfUC1kVmVmemNvTVctTktZRGRLa1VqcnhzcGQ5QWM1VGxjWnBac0lFVklYS19QZkk5SzdC?oc=5&hl=en-US&gl=US&ceid=US:en,World Justice Project,0.6249
‘We should do everything we can to bring hope to people.’ Turkey and Syria will need the world’s help for years - Northeastern Global News,2023-02-08 08:00:00,https://news.google.com/rss/articles/CBMifkFVX3lxTE5kNENoNmRLakJFOXlVN2tDTnNsRzA2TTgzekQxLTBUTzFtM29pd1JSektSbzliVXZRNmVhMzRHTXJ5blJNR1VteTZMS3VSaTRNTzJmNVZ6NmF4M1hfa0lEUkR3Wml4ZTZ0cjdoTGY3VFJjNzR3Ui1UUjd2V2l6dw?oc=5&hl=en-US&gl=US&ceid=US:en,Northeastern Global News,0.6808
Countries That Have Committed the Most Aid to Ukraine - U.S. News & World Report,2023-02-24 08:00:00,https://news.google.com/rss/articles/CBMiqgFBVV95cUxPejdWMUFSVG5JcldzOURTUHNScVdRSVNsQTQ3UURxV0FkWmhHQ09TQlAwYng3emN5N3VBRHhELXZfZVRWR2FRYk9OZzJMSnRISWNFNlEyZkZmWnZQeUdZMkczd2UtMU5NT0lPbkJYLWhMTDFmSU1tM0h2STZJbm9mR3N2VnZRQlBVSEVxc29FQkZucHZRSmFPUzljeWRhdmROSklWVThWdkJsdw?oc=5&hl=en-US&gl=US&ceid=US:en,U.S. News & World Report,0.2732
U.S. News & World Report: Signs You Should Stop Exercising Immediately - Cedars-Sinai,2023-02-13 08:00:00,https://news.google.com/rss/articles/CBMiqAFBVV95cUxPRGNzRk5vZ1ZVaDVoX1V4QzdNLWo2MzMxUVRSMXNrWlZsN3ZuY0FmN2g3RXQ0dXJ0dUE1R3lsRW5rc3lnbE1sSzRNWDNVYUJfX1RWTVkzMi1CQU50eVJ6dVl1a2h6R0VtcVNncHdTUG5zOWxObk9YZUVWaE01T2NxOU5UTUY1X2JRZUJLRmFOSVhjSEg4XzVBUFgxdFJYSDktNHY0Q0lhbXc?oc=5&hl=en-US&gl=US&ceid=US:en,Cedars-Sinai,-0.296
China starts building long-distance nuclear heating pipeline - World Nuclear News,2023-02-17 08:00:00,https://news.google.com/rss/articles/CBMilAFBVV95cUxOZkVhLUI2OVBDT3ljWWdrMEJ1SFhPdnJ5bUFRb0RzNjFxeTM2bS0zU21HbEVFNW9RMjAzV2U4R2NjS1Jzci03MU1IWGgwZkhWbm5MOWtIZkEzbjFxbndEb2lTNG9YSmd0SEVYSWF2eEV5eDJuSnBjaXdST2l5Y0ljSkczcGRpMEh4cTBJT29rS3NFdVMt?oc=5&hl=en-US&gl=US&ceid=US:en,World Nuclear News,0.0
Science World Honors Kevan Shokat for High-Impact Cancer Research - UC San Francisco,2023-02-17 08:00:00,https://news.google.com/rss/articles/CBMipAFBVV95cUxOX0luN1dSZGxMY0JOdjdaLWpqMm54TFlmNjRqVTZnOXBpNmpOMGNVXzNvV3BhcmVkS1V4QXJPSFJVUzZCd2phakRZTXAzNW5GTVI1N2N5UFRtU0tjYW5JQmJianFtT3liWmtCWTM0ckVCWFQwYkFYUmxRcnBPY1ppRk9zaGhDUWpEbzNoc3lmRDNtM29OUENpdmNaRFB0YUs2a19lSw?oc=5&hl=en-US&gl=US&ceid=US:en,UC San Francisco,-0.2732
Phiala Shanahan is seeking fundamental answers about our physical world - MIT News,2023-02-28 08:00:00,https://news.google.com/rss/articles/CBMiiAFBVV95cUxOcGNCQ1FnS2xDTXYtMG80b2pSdnlpMXRmY0I3QXRLcThIRDdzR0UxMjhsa2Q3SDJzTGN0QUl5c3NZTmNnWEo1NUpHaDQ0MjVMUmxMZ0VLQjFvVnRWNzhiU0YxTmVzbUs5ZllxNm5yQjNQYldBUUItaUJ0UDV6VG1MdF9SOEVBaXlE?oc=5&hl=en-US&gl=US&ceid=US:en,MIT News,0.0
How to address unintended effects of internationalisation - University World News,2023-02-24 08:00:00,https://news.google.com/rss/articles/CBMid0FVX3lxTE5tVThnaTkzUXZwV2ZYTVVoTGgtRUUzcWlCUXBiU0JBa3hnSzA0YkRCZ0pEQjdGZHFrSkR2RjlMMm5OZEpVQ1J2MG1ncUpPbTZqTXQtbmRTS1VBbWxLNm1QQjZJdE1LRFJaYXlibTRESWUzOUpHNjhz?oc=5&hl=en-US&gl=US&ceid=US:en,University World News,0.0
8 Ways to Network While You're in College - U.S. News & World Report,2023-02-21 08:00:00,https://news.google.com/rss/articles/CBMimgFBVV95cUxPUHVPc2VjZXM4SXlWSm1XTndrWm5hLUxlV2V5UUkyQmNhM3VLbE9XNmtWLWt3N05yVTJuRVlFeGs5TW9FZVdZNGtLZnhBX2lSd0hjQnh1NW55MUZHM0ZQcFp1TC05cHFkbDVDZFZLU0JMTDBBcFBIQTJyQjRMUTlVZVZhU25ZV1FWTGlMcjNQVDM4ZENmUFRUS0hB?oc=5&hl=en-US&gl=US&ceid=US:en,U.S. News & World Report,0.0
Ukraine war: Zelensky says situation in Bakhmut worsening - BBC,2023-02-28 08:00:00,https://news.google.com/rss/articles/CBMiWkFVX3lxTE9RdlVoSFhSU1RRLVBoYXBIMmRLT2RQeEpIRU9xc0VCWFVyeUJZX194TkxHdnJGT0FpYmpoamhwbmhEX21yd1hBTFoxTVR1cTJrSnpJMDliajA4d9IBX0FVX3lxTFBwU1JoUFJZMzVyY3dKczhUTkR2dzZxeTFqd081b2VYUWQtRjZ4N2djQlNLV0dBOENieGJaekFMOE5PeUJZQnBkMnZYTkhGRGMwMUZLRXM1OVZUNFZmUEQ4?oc=5&hl=en-US&gl=US&ceid=US:en,BBC,-0.7845
"1 year later: How the war in Ukraine is affecting food supplies, prices around the world - ABC News",2023-02-24 08:00:00,https://news.google.com/rss/articles/CBMipwFBVV95cUxPRG0wR2RodFluZTZxYWFERy05a3gwNWJZTktJN2tVV2VuYjdBdV9YRUZyNjN5WWk1VWZ1S01Jd1dKY2Vfb1E1dk5lMktYbDJHYXEtaXdEenRoNzA4QW9wZ2tiUWFWakRRXzZ4WG9lU2pMRl9GbVFQRjctZ0IwSEZCOTRoNWUtV195a3I3bnlQYUVVS1dmd0JSVG5kZnZKQ2dTWGl4ZmpsSdIBrAFBVV95cUxQeFBoNG5OZmw4OVdfTEp0UVRDYXFrR01oWjIwWlBIMUhzOGRBS3dGeFlQdVFtZmEtZVItY3pNSm5ZR1RJV2ZYa2FwYkxhRUp4UVVROEt6a0lWMHlkMkRLd2Ytak5KYmxaWmJKMEFuWmR2VHNYVHRCcUNadFRBOEpNb3dpUFpyQzBvbm1pVjJ5R0JXMWMyYU0ydWdmWFlTcTg2d0h0U1FUZTR4d2ZJ?oc=5&hl=en-US&gl=US&ceid=US:en,ABC News,-0.5994
Low-emissions sources are set to cover almost all the growth in global electricity demand in the next three years - IEA – International Energy Agency,2023-02-08 08:00:00,https://news.google.com/rss/articles/CBMi1AFBVV95cUxQallFRFYwc1c5V19UQlJrZ2Z2X1ExTzRoOEFvU1ZXQzFxWHRqbjNKNXg3dVBSeTVkbG9jbUJHa3ZFOGRlSUc4UDU1MzRJNlZrXzBhUlltMTJWb0lpSmdla2VqVVNKWmpJQ0xLblJoQ05hNzRlcURiSURzRUxtWTJCTXNxeVlFU19FdkRWazVZVHJRRG9ITjFCTm12QVZVYnNaUUlLMXBOcWpDclZlWHFCdEljNnVuY3dwWDd2OXRScnRyY2FubGozZzNrdHFucHFWcnYwUQ?oc=5&hl=en-US&gl=US&ceid=US:en,IEA – International Energy Agency,0.4472
Iran announces start-up of uranium mine - World Nuclear News,2023-02-07 08:00:00,https://news.google.com/rss/articles/CBMiiwFBVV95cUxPWXlITkNFTXltN2VpYWhXT1BaVDllTFB6Ym9vcDhmZUpyaFVWckVaNk5oTjhsckhhOVVyVXRJQmw0NjdUTnBrcWNqNDlkdEtjckFzUUp2WkZGWm5PUDJZV3hGeXZaeERiblJZM2x0ejgtUDR2cFVaUkZ1cXc4TnFiUXNOQnFMajZUcFM4?oc=5&hl=en-US&gl=US&ceid=US:en,World Nuclear News,0.0
Ukraine war: Zelensky wants Xi Jinping meeting following China's peace plan - BBC,2023-02-24 08:00:00,https://news.google.com/rss/articles/CBMiWkFVX3lxTE1GSFZYaHZNTGFIZG9yT3FqVGQyMlJTXzZEVFVuZkFqTnVKd19Ma1lCdk9sQUhQa2JrcjVwN3QzcE5ZYWZGWVZSLVlDSzFJZlhvRFNKUnVBZVRMQdIBX0FVX3lxTFAyYWpHMk5kR1R0UEh3am9IaGlhQU5tTkh3cWJjaklsQTdoNUJlLVAtc0lvSEpkdU1VRExRZUkzUHlZaG16M010eUNxY1JCSklEM1c4MFRaU0tCVHZzOXM4?oc=5&hl=en-US&gl=US&ceid=US:en,BBC,-0.1027
Recommendations announced for influenza vaccine composition for the 2023-2024 northern hemisphere influenza season - World Health Organization (WHO),2023-02-24 08:00:00,https://news.google.com/rss/articles/CBMi6wFBVV95cUxORlJleHU1TWlZZmhVaEZWT19UUDhzWTFkQURUVUp3UUJrYjBoQWJvbE1kei11WVBnUXNhb2tDa3Z0WlNPZ3E3X0oxRW1ldXNWMWtDTDhEeDh5M1JzWm00bDBLWVVpby0yS0Vzd3k1dXZMVXltVDBTTDMwRE80YnJmV1lmd1E4NUtXM3N3SEYxN1JEeldiYmhBalJJQ0NpOEtXZW5rbW1ZaWpHaV9hdGE2TEpaLVRoWXpGRVFxU3l3QlNfWVVYNkZzci13ajBLRnRwbVZRRldPcHNSYXE2bjA4T01EaV84Nk5BaU1Z?oc=5&hl=en-US&gl=US&ceid=US:en,World Health Organization (WHO),0.0
Cambodia's Hun Sen shuts down independent media outlet Voice of Democracy - BBC,2023-02-12 08:00:00,https://news.google.com/rss/articles/CBMiV0FVX3lxTFBlaDVlbU1LZmlNcGJSVXB5RFNGcFpLUi1NU3JOVUgzcVM2aGgwLVFiaThuZXNCbExyTENyalFmckFLb2o3VEk4MzAyR0FaZ05TRjM5SnRfUdIBXEFVX3lxTE5OV0hBUmgySE5lM1pma3hvMlFFc2c5Mndxenc1cGpPM2FBbjdHZktqaHRVcXZfX2V2TjRYOG81UXotQ1Q0QlY3RWx1STE3cUlkY3pCTVBOejNUclNp?oc=5&hl=en-US&gl=US&ceid=US:en,BBC,0.0
David Malpass: World Bank leader who was called climate denier quits - BBC,2023-02-15 08:00:00,https://news.google.com/rss/articles/CBMiVEFVX3lxTFBvR25lbW1NeEh4aVllODJzUGc5V3QwWmhXeUVRN2w2bVdnVkNYYjlLX0QtRTFpOUZiRUEtVHlLWUxaRGY4M2lFeTFRVEVicjFuT3A1QtIBWkFVX3lxTE5kaFlBbTNibGR6d2I5WVRleU5CekctVVQ4N3lMSFJJM0xleXI2SWRadmhxTkp1am9sNG9sc1JIbTUyd1ZRUEhWRGh6WHFUNzVyOXlLSU9TcmhWQQ?oc=5&hl=en-US&gl=US&ceid=US:en,BBC,-0.3612
2023 World Baseball Classic rules and regulations - MLB.com,2023-02-08 08:00:00,https://news.google.com/rss/articles/CBMif0FVX3lxTE51MjhpWmM0Sk91Qm1qaUJuZWVJaXlRZ0Z6ODRhUGVDWF8xemhoTzBjQ3B3eEE3MnB6RWhrSVl1WFBRTlp0U0tHdjd0bGJLMTJFZ2txbnNkcFNJTVk3dG1IcjlKbHBBQy1tLTY4UlhMVTlySk9PV2lHZHllRVlkaknSAYsBQVVfeXFMTWlDU25ITi1USjBuSTlSeG9UU1BCUXZQWWpPcEFSWERGOURfN2xlcmsyMHZ4eHVDS05pVHJNOUFReVJnMnZCbUozVlNCNlNXRm43T25ZaF9qZDYyWTRmLUlXRWRaZVNENkd3aWEyN2lrZG1xQU5kYWpuXy1JODgyMHN0UGppRXNMRDNxMA?oc=5&hl=en-US&gl=US&ceid=US:en,MLB.com,0.0
Cyclone Gabrielle: Three dead after New Zealand declares state of emergency - BBC,2023-02-14 08:00:00,https://news.google.com/rss/articles/CBMiV0FVX3lxTFAxX0o0RHNaR3VNSXpsaUEwMWwwNGtWbk14WTN3Q3RPcExrSTFRNnFfYW5uTGltTUp3OVVZVnE3X3h5dE53R3dIMEhuenJJd1B3NmFzV3o1VdIBXEFVX3lxTE8zR1I3Y3BrWGpEazBTMlNuTkRTbjgxLTdyRjFHV3pvVHYtWDBjVHYzWXdTcjdPSVl1UzVqSFJ5UXJiWkdSNUJkVVV1M292dkJ0MUNjQ2p2ZlVNQnNO?oc=5&hl=en-US&gl=US&ceid=US:en,BBC,-0.7845
Ukraine war: Elon Musk's SpaceX firm bars Kyiv from using Starlink tech for drone control - BBC,2023-02-09 08:00:00,https://news.google.com/rss/articles/CBMiWkFVX3lxTE5ULVhQdHZZR3pJQzM4SVhUaEdaRy1kcnRqbVFIQ00zTE1qTnB6MzZvZndYMUlWZVptdEV5bHp6U0luczRfNlJtcEdiSzF2cWpBRmQzaXJGNkI5d9IBX0FVX3lxTE5IOU95RGNXMnhCVGVmbkFSX0xWVUVaaVpIM3o5YWJLQXhUTnZNSXNrbU1mUmtEMzh3bmVTMl9MdzkyS0dTVWFJS3E0aWZEdzBvTl9GNExzbm81dERmR1RB?oc=5&hl=en-US&gl=US&ceid=US:en,BBC,-0.5994
How debt-for-nature swaps successfully finance UNESCO World Heritage conservation in Belize and Seychelles - UNESCO World Heritage Centre,2023-02-16 08:00:00,https://news.google.com/rss/articles/CBMiS0FVX3lxTFBsUnBvZVRJbWMyWHZid3JCU2paMnR4d29rbkxwa0dIU1AzQ19MQUE5TnZLeThPNmZpMTVTQWxGaFRrdmwtbVZHbVBPVQ?oc=5&hl=en-US&gl=US&ceid=US:en,UNESCO World Heritage Centre,0.4939
Global study reveals low reliability of research in psychology - University World News,2023-02-25 08:00:00,https://news.google.com/rss/articles/CBMid0FVX3lxTE9hQnRpYmdZcEZSYWlYaDRBLUJ5VTl6MkF3SDBRbjktWWotajIyZG4xaC1zOEQzUGQyb2RKYmhQR3E1QzVIamd1MktVbENQVkZoV2pnck1fTFpDMWRvYXpCY3Q5RjFXR2lNQW1LX0kwVVpPbjhTb1RV?oc=5&hl=en-US&gl=US&ceid=US:en,University World News,-0.2732
Are the US and China Headed For a Cold War? - Northeastern Global News,2023-02-14 08:00:00,https://news.google.com/rss/articles/CBMia0FVX3lxTE9OTEhTUjdhLUJhQzJkME1ZbkpFTjFQTnREWm01bkxTV1FuVV9WczR3TGhGelNyNGdqVXl2cEZRSWZIMkRoa3lUakV3SlQxSktDVXRUa1JpdnptN3FTY1dqc01DbWlLVmg5TFE4?oc=5&hl=en-US&gl=US&ceid=US:en,Northeastern Global News,-0.5994
Fishrot: The corruption scandal entwining Namibia and Iceland - BBC,2023-02-26 08:00:00,https://news.google.com/rss/articles/CBMiWkFVX3lxTE5RcDZrdWsyeUpfbFNKUnpDNi1xVXBVNzlka3J6WnlDenRpVWp0QmkxUm1KUmRDbVhCVG9mb3ZTcUd4ajRsWE1NMGNqenFqR2VVN0FJeXVFNC1Wd9IBX0FVX3lxTE10QWpYWEd1b2laWk13azdfN2t0WG9vQmxQdE1XWUpkUmNwZ0NRVWdPNkRpUzhUa1lFZEV0cWNpZktBckJzTUY5VTYxdnZFVGRIRlRmUWJJdjdxZ3dFcFl3?oc=5&hl=en-US&gl=US&ceid=US:en,BBC,-0.4404
BBC India offices searched by income tax officials - BBC,2023-02-14 08:00:00,https://news.google.com/rss/articles/CBMiX0FVX3lxTFBqZlE3eXh0NFlScXJjTzBDcER6Y1RsZGlONUVqdC02dEU3ZW9BMElTUmQ1emlFZjF4YVVMUU9iQlFwWnFqVjQwcmp1ZlpMZVk5bWdjNERuQV90X2Rob25v0gFkQVVfeXFMTVU1WlJuYzFmMjREZW96NU9FYjhFaFh1TGlHa0VPXzJNMktYS2xmMGdRZkYtRHREa2NUVlczcEEybHJmTFdtc2Z6bGJvV2pTLUdBVE8wZ2lRcjhack9hME5pWTZQRg?oc=5&hl=en-US&gl=US&ceid=US:en,BBC,0.0
A new era in the fight against measles and rubella - World Health Organization (WHO),2023-02-22 08:00:00,https://news.google.com/rss/articles/CBMilgFBVV95cUxQaHNMNlJmS3F2bXdEemxKdkRkOVIybkFDTmlxbXFnaU9ZV0plMzZqa2lFTjRfV0hmT2V5WnI4aWNUQmZveTFTaEJWUXpndGFFT0N0azNMSUYtMlVXOUg1c2RhS0s4WExLQVhma3lDN1NkeFF6QmdTWVlqOGNyZktkSmNpd25JZjVnd2hnZTZhYjBDcVdmanc?oc=5&hl=en-US&gl=US&ceid=US:en,World Health Organization (WHO),-0.3818
Siting permit requested for new Slovak plant - World Nuclear News,2023-02-20 08:00:00,https://news.google.com/rss/articles/CBMikgFBVV95cUxNUkpMWlZ4QmRwdkRfTFhZRXNrR1BMQkF0SHBnRjNnajVRQ05pWWZOaW1DYmU2eFZ0RkJlekhVVVVuZHU1OEFZSzJZbDNoZ0tHSXRBRHJyVHllNmhsOGlmV2UzTEp3aGstV0hyQ004dHFrM3hCOVdUcGg5akZPT3V4YmI1Wi1HLXZLT3JDYnFSTTVPQQ?oc=5&hl=en-US&gl=US&ceid=US:en,World Nuclear News,0.0
Equatorial Guinea confirms first-ever Marburg virus disease outbreak - WHO | Regional Office for Africa,2023-02-13 08:00:00,https://news.google.com/rss/articles/CBMixAFBVV95cUxPM1hsNzY2ZnU1UDVBODJCLWtSWHpVMkhRSlNmaGcwTkpyQjlVbjZMS3lqQjRFVVB5SWdIaGZMVlVSaHhJU2xqQkNqZWxZcVlKdmppM20wbGxzZHlHNTFULVlqdkpIZmFpTjJ6aU1HYzgtREhJbDNieFRKNDQ0MTZGckxKczBSdTM2QnV2SUkyV2FET1d3ZlRTSVVNb0loYWR4bFA0Tzl6VzRPYjhQNWt4UXlBTGl5Qi03ckRXUURlcW9Dbl9Y?oc=5&hl=en-US&gl=US&ceid=US:en,WHO | Regional Office for Africa,0.0
Mystery surrounds objects shot down by US military - BBC,2023-02-13 08:00:00,https://news.google.com/rss/articles/CBMiXkFVX3lxTE12TlRnLXFKRmtTN29VZmYta0tPaXNXcXpOUGlWbktTNXd0WTRzUl9IcVhjZEhRaXE1LVQ5dWtKWFZLdjl6Nk5JTnEwVHNabllSU3AzS3lwOFZGaEQ2bkHSAWNBVV95cUxQcFoteE5Zc084YUtuLTUyMk41dHFzX29NMGhfb1h0S0Z0dmduZ09OYWdQeld6YW5NUGlmWFdGZVdXU0xCTHYzeUhKVHZXOXBlOFk2VUZPaDFFalFrcXFMREJJNEU?oc=5&hl=en-US&gl=US&ceid=US:en,BBC,0.0
Canada bans TikTok on government devices - BBC,2023-02-27 08:00:00,https://news.google.com/rss/articles/CBMiXkFVX3lxTE1qUlhJeGhQWEwtUkJyYVdyS3JfcDlIMnhXS19GSnlZaThXNGxaR1VPcGxFS0NGQlV3OFJfMm9DdEkxWWVXRzJSWi1Od2FvSy1GRDZvdXpMUTdJNHA5SmfSAWNBVV95cUxOXzl5S3pzYU9SREJVNXZ4cnpkdEx3Um1fdkdlaDdlZk82VDA1SDFBS3d4TUw3bDJpQTZERzlvYWR0OExmaF9SeGlMaW00TUlTWTRpOS1xcDB4NUZPV2E4dmpwRGc?oc=5&hl=en-US&gl=US&ceid=US:en,BBC,0.0
The secret world of disinformation for hire - podcast - The Guardian,2023-02-22 08:00:00,https://news.google.com/rss/articles/CBMipAFBVV95cUxQemRGdkZRZG43TjZkbXJEZVAwNDZKVGUwODZqcU9BOEdfS1QzY3MtWlRNZ2VIdUxsZlE2cTBVczdseDZvZGd3MlplOUtsNXVHeXdMTVBhWlUzdU1uVlRHUWowQUtEWVpqN2QwUjNadmRLM25DVHFiS1h4aXUwT3JvcXZrTHBjYVN3X3Rwa3p5THpka2Q2NmJUOXZycmF0OWp0MXljaw?oc=5&hl=en-US&gl=US&ceid=US:en,The Guardian,0.0
"On buses and balconies, Venezuela’s citizen reporters take news to the people - The Washington Post",2023-02-26 08:00:00,https://news.google.com/rss/articles/CBMihAFBVV95cUxOclI5cHotQkRMWDl4T0hDMEg3NHpPcWFMOGU3bWlKV0VURjR5OXRYM1h4Ui05a3kwdnlVaDdDaEtJTWMyWk0xR2Zmbl9RVUdkZGtDY2FXSHJQZ2YxNXR6Sm5WUV9QeGJOVmM5c0UwNmpwY19oNG9mWXlKMXhuZkVQd0ljWnk?oc=5&hl=en-US&gl=US&ceid=US:en,The Washington Post,0.0
WFP USA Grants $1M for Rural Transformation in Madagascar - World Food Program USA,2023-02-27 08:00:00,https://news.google.com/rss/articles/CBMipAFBVV95cUxOejRCUXNYR3ZVcXF3bWxraWY4SWx5UTlEWjg0OG5RaHdfOGFydlpWb0k2UGZDSVVxT1pVS3d3NEIyQXRhTHJqbmtuQlgyWWJlUFhHUDBOdVdkTzcwaFpYT2VTcURvcHJJM0pnRi1jUzgwajYyWGxrRjdZQkxjSU1XaFB0ODlXclo0dUd6VndLM1M0WVo0a0tVb1R1YVVWZUtWOU4zYQ?oc=5&hl=en-US&gl=US&ceid=US:en,World Food Program USA,0.2263
'Forever chemicals' found in animals around the world - NBC News,2023-02-22 08:00:00,https://news.google.com/rss/articles/CBMilwFBVV95cUxNY2I5OC1GUzE4T2pYNmZmZWRqaHNCbVFnUDNyMU1tTHQ0T1JUaHNXdnF2MVRlTWZCdkRRLXQwYXB6U04yRERmT1Izd3JHeDd5UllWQ05EazYtQmJtME5ST1JobDVNTjdEMFRxaVBMekM3d1RjRGhxTFg0clU3Zk9wSlJvTURDV296elFGbjEyWkpSeFVUQ0800gFUQVVfeXFMT0luR1RxcXRsSWNGaWlaNUhoRWFUMFpWd3lFYWNKeWtMY3V6VDAwQkh4X1FmSzBRUzhPUUFlLTN5ZlBpTkFMa2Z2MzA2dVlWRjFtUF80?oc=5&hl=en-US&gl=US&ceid=US:en,NBC News,0.0
Ukraine war: Zelensky rules out territory deal with Putin in BBC interview - BBC,2023-02-16 08:00:00,https://news.google.com/rss/articles/CBMiWkFVX3lxTE1pZUdVZ1Jra2dsdy16TVYtTEN2ZlQ2MEhrTDcwMzdGbDRVek9jOER4ZEdWZmdlMjVMbkt3aC1HbDhteWd1dDg2X0F0alQ1ZlViUkU1TnlNekJGd9IBX0FVX3lxTE4tZ0s1OTUwTFZwSUVaZ0FsdlV3eTlCNWRTbnZIZXFEQzJldXZTcDQxUmVQeW13a0VtWUdZbFBWY0N6aTllODFjTW9WbW9LU0hwM1lySFEtRWROSHFfSjNn?oc=5&hl=en-US&gl=US&ceid=US:en,BBC,-0.5994
News - A look inside the world’s largest military terminal - DVIDS,2023-02-27 08:00:00,https://news.google.com/rss/articles/CBMiiAFBVV95cUxQTklNUWNrOXpKQVVTNXloLVJyVzlyX010NFVlRlBUblQwQ0ZWSjZ4dGdUbVBlOHN3WXNBOFZRXzJFRkJORm5ZRmdpQXNKOTdaa3RPOTFJV2Znb0VzNlREbm85UV9aYkYxLUk0aVF4MFN6dWdOYkwtVDlZajZPWDFBcHVzU1M0bk1U?oc=5&hl=en-US&gl=US&ceid=US:en,DVIDS,0.0
Mozambique pastor dies attempting 40-day Jesus fast - BBC,2023-02-16 08:00:00,https://news.google.com/rss/articles/CBMiWkFVX3lxTE45RGxNaFM1WWY5NjRobUk0am1JSEowNTROX0lxUU1sWEJLN2tKQVdUNGo4c2dObUQxTm43M01uNzlrNEpkeTZSVTBWUVBUbnRZSUhKZzc3Q1htUdIBX0FVX3lxTFBoeFhWYUtLOGJwN0pVYnJtd1NRQ2laeUpGMGFUVmRrYVFudnF4NjJPZDZVTUFVbnNTcWh2X2JSdG1wTnloOEhiX1JRTVc3ZExuaHNLWEh0WTJQb3MxNDNN?oc=5&hl=en-US&gl=US&ceid=US:en,BBC,0.0
"How social media has become an important tool in helping disaster victims in Turkey, Syria and beyond - Northeastern Global News",2023-02-08 08:00:00,https://news.google.com/rss/articles/CBMifEFVX3lxTE40b3liWTEwLUlMaWtzMEdLWE5tbmY1NUVSbF85Y3JWbklRZ1VyRFA1OTZYYjFpU0FOUkZzRlF3eWFNYWhKMVoyaDlSeENTTXplM0JoTklOMnloblk3Sm9WWHZ6SnVoVjJvN014QjM5T1RJSnFGbVI0dnAzS3k?oc=5&hl=en-US&gl=US&ceid=US:en,Northeastern Global News,-0.5267
Revealed: the hacking and disinformation team meddling in elections - The Guardian,2023-02-15 08:00:00,https://news.google.com/rss/articles/CBMitgFBVV95cUxQbkRudXFlb1RmVmFmNjI5UkRUcDk4UkdWbE4yVkRRTXZ3alpJRlVwOXhUZkNkckhTeDh2ei1GZHdfLTAzYXZoSXI3cDNEa1pycjl1LXp1R0NpQkZnWU9Pa0JYOFZoeDlOTEY4SFlUcFJwdVlDVmJnMDcwSmxic2hEMnlKeTFsdUplWGFSXzMwVFVEMEhyRngtcEZHZklVdGJnUURuNThDUnlPeG1jVi16Qmk1VUU2QQ?oc=5&hl=en-US&gl=US&ceid=US:en,The Guardian,0.0
What is the '15-minute city' conspiracy theory? - Australian Broadcasting Corporation,2023-02-26 08:00:00,https://news.google.com/rss/articles/CBMihAFBVV95cUxNYXNOa1doM1dwa3hTQ2x4ZWdsX3ZYdXgxS1hoWFBYRWFLYkJVajl1d2FndXktLWtvUDBabzBNYXpzOWZwLUltYU5FNTEtU19YNVpPWWwyVllIRDh6Wm45bjhibnBrZWtpZTc1Qks1YW5MSGZTalhITlFZaXotNGRRZ1lJODfSAVJBVV95cUxOTFF5Rks4OURsVnd4WkxWaDlPQlJXS016bXR4bnpsWnc0VkxYaDdMLXA2b0taaVBESzZsSHZ4anRpaDhQVy0tX1JCdW85SnBQY0RR?oc=5&hl=en-US&gl=US&ceid=US:en,Australian Broadcasting Corporation,-0.5267
World Radio Day celebrates a ‘unique instrument of peace’ - UN News,2023-02-13 08:00:00,https://news.google.com/rss/articles/CBMiV0FVX3lxTE93aEZYVWdjSWNPcWFLdXVGNlV4TWR2ekVOc19fXzdzNzl5VHRubW1hM1gtSmcyXzMwUHRVSUJmYzFRQ3U4RHhQRnV4OWRHaFJLeHpsZEIxRQ?oc=5&hl=en-US&gl=US&ceid=US:en,UN News,0.5719
WHO ‘pandemic treaty’ draft doesn’t sign over US sovereignty - AP News,2023-02-24 08:00:00,https://news.google.com/rss/articles/CBMilwFBVV95cUxQTGs4M1Nlb3RMTzBaS0Q3YTMyV2lLQ3lLZlgyc2R2YUFsYTZucV90amRUMXlMQ0ZBdzFVY2N0My1yYlBaZlh4YWwzTUU5cm55VDFsakN4c1B1dnpLc1lEaGxlUmo3c01CaVNYakZXbnA1UTZYMGdFd0hGQ1NwWi1PbkhfYjJzbTMtUjZqb3Zud2dYOHZqQzJV?oc=5&hl=en-US&gl=US&ceid=US:en,AP News,0.0
U.S. News & World Report Ranks CSUF Among Nation’s Top Online Graduate Programs - CSUF News,2023-02-14 08:00:00,https://news.google.com/rss/articles/CBMisAFBVV95cUxNcThoY2FkYTcxWUZoWFFZeVhhVFFzdlJENUJoaEZMOTZQTlMyc2hGU1BpZ3lOdEFWa3JiX3FFdW82U0N2MG1ZaTN1RG5GLXVMRFpUbFJQaUJBR0VUVlVkV2V0VTc4Vm1abl9XWGE2dVdxN2dDTkNYZUVfMDVVaV9RTnM0R29sM3RCN0JnX0ZzWmlOTVdPMy0xOXdSc0taT0hVWWt1TlZZdmJ6V29OcFNJMA?oc=5&hl=en-US&gl=US&ceid=US:en,CSUF News,0.2023
WTO | 2023 News items - WTO note finds global trade resilient following one year of war in Ukraine - World Trade Organization,2023-02-23 08:00:00,https://news.google.com/rss/articles/CBMib0FVX3lxTE83amR6NXNQckJFaWpqX3Z6WXdOYUZSWkVaZzZObVkxWlBsQkVCMW5wVU51ZThvY3NzTWVSd2VlbGRycG0zZUp3cDlxLV9ibEkxNHpJRUtLNWRGMEtfdHdITmE5RFZTZjZBV2R5SVJnbw?oc=5&hl=en-US&gl=US&ceid=US:en,World Trade Organization,-0.5994
World’s critical fisheries endangered by corrupt leaders - PBS,2023-02-10 08:00:00,https://news.google.com/rss/articles/CBMilAFBVV95cUxOclc1OHpBV2FyUDJkcFE5QTZ6VkhBY1R2TEx4MldIVHIwMmVmSnQ5WXVmM1JuQmRaell2bWhnMUdhZk1XRnhWbFVHel9QOFhIRDM4VmVnemxFUS1OOWdhcDdNR0s2WTIyT1VtT0JWbnBpSnJNSzZDT3hoRWcwQ0N4RWZFMHNObFBUWnB5RlF2N1pNQUtn?oc=5&hl=en-US&gl=US&ceid=US:en,PBS,-0.3182
‘Powder keg’ for 9/11: 1993 World Trade Center bombing remembered on anniversary - PBS,2023-02-26 08:00:00,https://news.google.com/rss/articles/CBMiswFBVV95cUxNaUJJMkVOa3BvQlVTRU5RdTFrNV9VeUpXM0lvVm5vNVR1WHpYakRGcFB1eHMta056czd1eUxWbVAxeWo2dHBveFpNWVNSbDFINmU4amR3c21OVl9hZ3J5WXlMVEdEaTNFSkxDRGxtUnUydGUwbEo4UFpiQmNCY2d0VWdzT0lmYmwwTjRJbE5tQWpHM1pva09uTW9xaERIX251Q283eVRtM01SUERNR1lwcl9xbw?oc=5&hl=en-US&gl=US&ceid=US:en,PBS,0.0
BBC India: Search of offices in New Delhi and Mumbai ends after three days - BBC,2023-02-16 08:00:00,https://news.google.com/rss/articles/CBMiX0FVX3lxTE4xZnhyc3lkTGozclp0bk5HVEZXTWJhWUlid3JrS1BEVjNHTlc5YzRYeDBjMnFOTTdldXZENkp1WWFicTdzTWdIb05QeGVhOFVTbnRjbk9YVzc1LXBMMV9r0gFkQVVfeXFMTzloSzJjb19QZlVQRU1JbGJwLTVuUmhEODVONHBzSnlrN3JmN013Vm5kSnZoVnFUa1Vsbkg1Z0VDVkVhSDJHaDJzdXpnaHBYZmp2SUdkamRJRjRuUHY2UnNmblVmeg?oc=5&hl=en-US&gl=US&ceid=US:en,BBC,0.0
"Turkey-Syria earthquake: Freezing weather adds to despair as quake toll passes 22,000 - BBC",2023-02-09 08:00:00,https://news.google.com/rss/articles/CBMiYEFVX3lxTE9VLXU0ZE9XZk5ZVU1zUEcyV3ItcTBnU3doVDdyRFRxekFxMm91QkFQSmJraW9YX2U1c2o1U2o2dE9odFpzWDMyTGVFVGY0VHo1eVFyWFpjVk1KNDkzV0ItR9IBZkFVX3lxTE9UcndiaENlbTczbUJYUF9zSmdoMU5rSVQ3em5rOEZrZ3ppVndKT0JjaDNRRUhGa3JhS3ZPSDdBUURIM0UzTTNGZDlNQ2YyTU1tOUdXdFdEdVhmWWFDam1fQjNkeTY1dw?oc=5&hl=en-US&gl=US&ceid=US:en,BBC,-0.4019
Krannert Art Museum exhibition examines how pattern helps make sense of the world - Illinois News Bureau,2023-02-13 08:00:00,https://news.google.com/rss/articles/CBMirAFBVV95cUxNN0k5elhKTWQ2NlZleF9NNVZRNlZFb0d1d0xaR3lOb0JWZXVqcnVwV3JXZWJVRXB6UlZuSjM0aGc3VFRHS2cySE9OY1hkZFpkOURMdnF1cllWNDRFRlROZUlydkNSbHE1UGZPeGZWS2UyUUgyUWZBLUV5RHFRelpsNjZVV0ZuZkRiSml0SnE5VWdfS2o5bzZNYXhuN0RQOVYwazdjR0N1aXpKMHFR?oc=5&hl=en-US&gl=US&ceid=US:en,Illinois News Bureau,0.3818
"Duplantis, Fraser-Pryce and McLaughlin-Levrone nominated for Laureus Awards - worldathletics.org",2023-02-20 08:00:00,https://news.google.com/rss/articles/CBMipgFBVV95cUxNTkpyWnhsbkVuczdKb1YyZHNVRy1qb3U0elcyTUl5MHREU1dVcHR6am9OX1lxeWVNUkpBQnZMWTY3OHRpZllDdEc0cTlBU2h3cGppX0tfR2lDTzBaeEtRTVgtQXJwQ0NNekpJdUNSbkpJYWxWckFsUC1jeDY4MEdYRWdRSlNMQXpHYUxZY2k5Ny1KNm9uS3JSakZPek14djFpQTdGeWl3?oc=5&hl=en-US&gl=US&ceid=US:en,worldathletics.org,0.4588
Turkey earthquake failures leave Erdogan looking vulnerable - BBC,2023-02-10 08:00:00,https://news.google.com/rss/articles/CBMiWkFVX3lxTFBvRl9WMVJXQzdFN1YyWmoyZE52U0laT1dfM1hnTHNhOGVxQkEzYXE5SVJndVBwbTFlX2ExREZvWmpOclJ1b3pFNUVpQW13aFlrTVJCY05TRllFUdIBX0FVX3lxTE41djlSRFVOWWlrWHlJQ0FjZGFScll1ZzZMbEthaUNBVGNtSnRYUTR2UndiN0NhdXY2RkxhMElBYi12YUFyLWwxZ25jaFN3Z2JrOEVhVDRKdXZVamR0MS1R?oc=5&hl=en-US&gl=US&ceid=US:en,BBC,-0.6249
Experts call for clampdowns on exploitative formula milk marketing in new Lancet series - World Health Organization (WHO),2023-02-08 08:00:00,https://news.google.com/rss/articles/CBMixwFBVV95cUxOWWstLTlkSllDSjc2NHBWVVZOZzhseTFZZEVSSnpnNl9Zb2NQOTBYMG0wQjYzUTJZVTJmZXdYV3VhV0QwNVdWQUU0dUszX1ZKdk02TXhIa2pmVFBQX3ZUejZubGtkdXRLUEZXMFZ6QlVrRjQwS0F1QnJPTzJhWjZ0d0xrZklRY3hFWVdJRk15b2RQS0dYSEZqdVk2LVNwTlNXb2p0UUF1MmcxUkUtcTJlWENSMnhUcmRXSkpNRC1jX3RhRTlBUTRF?oc=5&hl=en-US&gl=US&ceid=US:en,World Health Organization (WHO),0.0
Global impact: 5 ways war in Ukraine has changed the world - AP News,2023-02-22 08:00:00,https://news.google.com/rss/articles/CBMikAFBVV95cUxOLVh1MFI4NGU0WmRJSHlJTWNSN1pkNHI0SnYyVEJlT1ZhZU1jNk9wZmdjQkpURjJDYW5KakRVVXUtekp1UTJqbDYzZDVpenhEeHlBYWxJZFJZNWpDLW9mT25UNEhzLXVXdGlvZGVwWGo0UjNwc0YyVVYtUFpNbF85c014OEhZY3NpR3llbWlEWE4?oc=5&hl=en-US&gl=US&ceid=US:en,AP News,-0.5994
America’s Refugees Grapple With the Health Consequences of War - U.S. News & World Report,2023-02-23 08:00:00,https://news.google.com/rss/articles/CBMiswFBVV95cUxNNFh2d3ZHbWhmcEg0UGJTSUdKWVlCaVZJaTdJRUJxRWxyamxqTzBBQUdEdHhlVVhGLVFpcjhqYmxQY2wwNTVxWHJJaUJEMUxwMndFOXp0N2VVTVFzb1d3UUNVN0ZXR2JaZURoVkktS29YZFpqQmNlNXBNWTdmRDZaWktKYXZMX2xGVlpGQ2lsU2pFbEFZTUFGMm80V1QzakxRUmNQMGczeDdNaG5sSkhfSXY5bw?oc=5&hl=en-US&gl=US&ceid=US:en,U.S. News & World Report,-0.5994
People across the world gather to mark war anniversary - AP News,2023-02-24 08:00:00,https://news.google.com/rss/articles/CBMiugFBVV95cUxNNnpEQmxfRmNlN3BjYzRydllMSENndVNJNU5faldnbmpTbndyUXlsLTJRcno4MHpFZTZiQm5QcTFjSDd3SXlja2xZSksyZjdGa3BHZ3RnZ05zQTJhbXZ6SlZ2SFdwbVhQcklXYjNxN2Zaa3k5OTdKOXN2azVXMFgxbmIwREVZQnZyd2d3cUJVbm9tMnlMZ29tdkgwSlA0YmlYeEdnOXFkOGNJUnQxTjlDRmpUWkdJSkhrWVE?oc=5&hl=en-US&gl=US&ceid=US:en,AP News,-0.5994
Nalanda: The university that changed the world - BBC,2023-02-23 08:00:00,https://news.google.com/rss/articles/CBMikwFBVV95cUxOdUZoV3dkOElHUkc5SWNYN1FKTTBBMDZ0ZnJiRWtuVjg5OTNSNGdzdmNYUXgtelhXM0RtcXoyd0tNTDN4bW1ManJaYWVZU2xHMTlKY0pPZzM3VHN0RDJOVldMV0plNzlOem1fWWlFS1ZPMUh3NlAxX2EtNzgtX0tEcmtBSklYemREbUtjV0hvZ0FUVnc?oc=5&hl=en-US&gl=US&ceid=US:en,BBC,0.0
World News Roundup's 85th anniversary - CBS News,2023-03-13 07:00:00,https://news.google.com/rss/articles/CBMiekFVX3lxTE5kbHFtX0psQWNSbWtva0FPT21EZW5xbXVDU0ZzX1d1cEVGNDU0MkRGY2R0clNCUWowdl9VcGVPOV9xRWMzOG5lZ2ZjVk5SaU5wdkdTeWtWOXpuUUE2NjRKTnFKT0QydkgwQ1ZUa3FZaTliZDJyYk5RdkhR0gF_QVVfeXFMUENsVXRWTFZ3c1JtVnRYaWJnZmRJbF9vcFp0c0MtUUFYcy11dWFjQUZlRDM2dnhJSm4tTkZRZTREaW1lZ3RibWZsN29HOE9XUklLejdkalE0ZThzc0tJZFc4YUtYR3ZRYTg5aVpfeTlENnlRZU5tbWgtbF92TVNDSQ?oc=5&hl=en-US&gl=US&ceid=US:en,CBS News,0.0
U.S. News & World Report Recognizes SWOSU as One of the Best Regional Universities in the West - Southwestern Oklahoma State University | SWOSU,2023-03-24 07:00:00,https://news.google.com/rss/articles/CBMivAFBVV95cUxPUHhxTmZqaU8xM0RYTW4wZWZlMjc1SGFWaHZNZ2JidEVRU2JYbU44VVZnM2NaSlAzcEJIeVA5ZkQ0Mm5ZNXBSRWVldkI3NXdJaWNxYnpCX3JlbjlqT19lLWVmTUJxbExhTG12V3NmMnVWR3k1aWg4QloyZUc1MXduc1hsTWF1bXFIdjFWM2F1MXJQdUdIUGJIOHJRV2ZwSV9xWGhjTVJRSGsxVEVCOHVqUzhXSXpYSHlFU2l0WA?oc=5&hl=en-US&gl=US&ceid=US:en,Southwestern Oklahoma State University | SWOSU,0.6369
Depressive disorder (depression) - World Health Organization (WHO),2023-03-31 07:00:00,https://news.google.com/rss/articles/CBMia0FVX3lxTE9Kc3dwS050QmxUZXoyeTBDZEVMNkNtZ0V4RUh0VERGMnU4XzlwUGdNdGw4aHhVRG9sUTJhdFhrejdSUUlNVFBWZUg0THh2UFJldDJtaHAyT25sVXNLemNKTGlweF9FN1FlSlRR?oc=5&hl=en-US&gl=US&ceid=US:en,World Health Organization (WHO),-0.6486
Predicting food crisis outbreaks using natural language processing of news streams - World Bank Blogs,2023-03-03 08:00:00,https://news.google.com/rss/articles/CBMiuwFBVV95cUxQSzZ6aE1vOXZmOUJkS1pORXBoQ2tVSUc2TWdmajUwU3JnMmtTT1QwN3ZJd09Ub25jLWJDTzg0MFRRQ0FNa2VRSmx6a2o0WGVvSzYyeUpHWUtBV0pzQTRjTXc5Rm9qemdtdTA2YkI2Z0lDdXdGY3l4Z25UQmxTdnFIdmpSMVZNc2pYb1RWZEloUUQ2N3NoN2x2cjYxTVF1V29uWjBwREpBcDI1bDJvSEx3LTNOMkxUY0RMek9V?oc=5&hl=en-US&gl=US&ceid=US:en,World Bank Blogs,-0.3818
It’s Time For US Hospitals To Withdraw From The US News And World Report Rankings - Health Affairs,2023-03-17 07:00:00,https://news.google.com/rss/articles/CBMidEFVX3lxTFBTR0RsRkh1enlncHQ1NFdwRjdNaUowR19jZE5jTGZpWmJEckVkcTZyS09uNE9fY1R1WFlIZDhYeWxQeG80Rk1EOHlmRkFjSGlDbUdRZzF5TlY0NGFTUG9VQ1dCR0tGUmVSZTRtNThCNkNGdVJq?oc=5&hl=en-US&gl=US&ceid=US:en,Health Affairs,0.0
Binghamton researchers among top 2% in the world - Binghamton University,2023-03-11 08:00:00,https://news.google.com/rss/articles/CBMilAFBVV95cUxPVHpoM2tXc2o1dEV1d3FicE01dENuS2pmcU5jOUZ1RllGQ3dwaF9YUnZnQ2xIbENzTE1lc2ZaM21Ha1FWWUFoT1hPSkdycHlEOVNzUWVaLXo3SkVCazEzTUhwVG5qQlVLQWVoaFZzSmpqbkE4ai1sQm5NbDlxMWRvempZS2VVTGhEOGVFekJhQ25YWEl0?oc=5&hl=en-US&gl=US&ceid=US:en,Binghamton University,0.2023
Covid origin: Why the Wuhan lab-leak theory is so disputed - BBC,2023-03-01 08:00:00,https://news.google.com/rss/articles/CBMiX0FVX3lxTE9ER0tETE9zQUNUbmV1aE4yX194bzltUDBVVG1TZEpUcXJMajhtNVo5NFltUWVtUFRpRmRxa2g2VWhqYWlSSXg2WENWUnJXX1JOaFFfdFNjLWh5UWI0dmhr0gFkQVVfeXFMUGdtZjBpS0RqN09VZGVUYVl2SFVhcDJHTlBYM001cGNVNTBNbTJ3VVR3X01wc1RxR1VIdnBtcG1DcktTbEp3Y2htaVlfTHZ3bUUwN08xVTdOazJRcWkxNlhyRUlKMg?oc=5&hl=en-US&gl=US&ceid=US:en,BBC,-0.4795
Discrimination is Getting Worse Globally - World Justice Project,2023-03-21 07:00:00,https://news.google.com/rss/articles/CBMif0FVX3lxTFAzcmZlRFRfVjZoQ3NiWVdtTFdZZnpNODgzd3hlMUZQVWVIM0JJemRUVUh0b1pMUXp2RmpLZXhUVlZpQjJSTGlvQmFfXzN3LVU3REItVjhJOHVxU0x6ZXIxS0ZCcTloNkdjbzF3SDc5ZWV2VjI4cVJYZ1YtWUcxQjQ?oc=5&hl=en-US&gl=US&ceid=US:en,World Justice Project,0.0772
Virginia governor signs bills to support SMR development - World Nuclear News,2023-03-28 07:00:00,https://news.google.com/rss/articles/CBMimgFBVV95cUxQc2Z6OFN6UnhaRzI4RWFmOGNlejJHUXBhaXFtLU10RlBzaVdLZktkNml0ODFoeXJRM3lmdU5YTldMRGxUblJvVnFlRnppYld1Rkl5Y01CRUdvNVBaOVJhT0xQQXE0NXd6TlNnS2VMM1NCX1k1MWJoRHJEMXpqMVdYM2I1UDlFVkhxTEdLU3FxcFh6N1ZMb2VmUDlB?oc=5&hl=en-US&gl=US&ceid=US:en,World Nuclear News,0.4019
U.S. Intel Helped India Rout China in 2022 Border Clash: Sources - U.S. News & World Report,2023-03-20 07:00:00,https://news.google.com/rss/articles/CBMiwAFBVV95cUxNVlgyU0ZzYmZHUlRlSk15Q1V6dDlrR0N1R2dObVR0YXVndTdhN3lSamQzdmc5VGo1UDk1a1BlMDd3cFJXNjdESzN6YzdrZG5DTURYbGFxNzFMTnkyajdZdmdudkdMdWZ2d3JUcGo2Z29HT3BpeElIUVJLczdNckxDcWRZRk01MTNtMVd4MnBFZ0JucHRpLW5MNjE3dUc0RUZGbVc0dU9Td3FyZHlJZldRZ1htZmtFLWNOWTRVVk5YZHo?oc=5&hl=en-US&gl=US&ceid=US:en,U.S. News & World Report,0.0
"Artificial intelligence and academic integrity, post-plagiarism - University World News",2023-03-04 08:00:00,https://news.google.com/rss/articles/CBMid0FVX3lxTFBHOExUVTFudjdYVmQ1N0RoREt1azBJcWx4UEI3NkJvMHFkRV9nS0RMWlZCMThZd2Z0RHpwUUZMQ01NLWQzWlV0QkVERzF6NW9qaG9XOUU0WlpXNEc4dWNnaElVb2x6Ml9hWlAxREdabkVSVVZLdHJz?oc=5&hl=en-US&gl=US&ceid=US:en,University World News,0.6908
Guterres warns of ‘catastrophic’ consequences of a world without glaciers - UN News,2023-03-22 07:00:00,https://news.google.com/rss/articles/CBMiV0FVX3lxTE1NazcyZW9GdXNTQ1lwOWhqbWp3THgxWTNQQXNnRWdEcTV3MVVfS05FQkZYQlozbzJBdEdmbllMZUhnbFBVdEoxUzVHR1UtWXk3U2xQTndxMA?oc=5&hl=en-US&gl=US&ceid=US:en,UN News,-0.1027
Assessing the Global Climate in February 2023 | News - National Centers for Environmental Information (NCEI) (.gov),2023-03-14 07:00:00,https://news.google.com/rss/articles/CBMiYkFVX3lxTE9oUmFkdUUxU21vZGw1NVVvcDliY3lWR2hGMTNEeWdDVXAzdTBGQk5OdEJPUFI1Q0FZX1ptSjlTbUg2WGtaNEZFOUpTYmJMOUxXcGx4dzgxV3RvcnJvY1Y4QzFB?oc=5&hl=en-US&gl=US&ceid=US:en,National Centers for Environmental Information (NCEI) (.gov),0.0
World News takes their place with the guitar gods on “Wrapped In Gold” - The Line of Best Fit,2023-03-16 07:00:00,https://news.google.com/rss/articles/CBMidEFVX3lxTE1xZ0NfQmJXX0VoR1NleFBWUTJUUTlKSFpsbnBldUVZZXVvZzN5T1h6X21HN2U5aDFTZ2hLVUU1SlB2Y21KdzhsZFU0S1Zob0pJeGNPblB3cUJNTm1xVVJwUEVjSlVSS1VkMEsyaXJOS1V6OUNU?oc=5&hl=en-US&gl=US&ceid=US:en,The Line of Best Fit,0.7717
Hypertension - World Health Organization (WHO),2023-03-16 07:00:00,https://news.google.com/rss/articles/CBMibkFVX3lxTE5RQ3diUjZPeHRqdkx4ZkFhbmpXVjNla0pUaXJ4dTZqUnh1MGlhbVpjcWVMa2x3b1RRY29YSlZRQnBBVnpyZ0Znc21tM2ZTb044RmJad3ZZNmcxcUhoMUhJejNlTzlrcGtTVUxMdld3?oc=5&hl=en-US&gl=US&ceid=US:en,World Health Organization (WHO),0.0
Ukraine says Russian missiles destroyed in Crimea - BBC,2023-03-21 07:00:00,https://news.google.com/rss/articles/CBMiWkFVX3lxTE5XMHFhczk3ajZEazFxdkZCQnlBOUZZbl9sbUFJUlJBSnVFaVdKLWVPQzFTVFY3eWYwSlc4eVJLc21nS3VvZGtpVXVfMW8xaGs3WG52UEZJMmNrZ9IBX0FVX3lxTE5KQ2JxcnBDTkdXNmlrelBfSzgzUUJnclYyaDBLUnJTWGZDbTBTT0JQTWVkWDNPalVNdTFaazM3MkQ1TkNNSUpGUXVUSzByU0k1SVdPWUcwV0l3QU80bm1V?oc=5&hl=en-US&gl=US&ceid=US:en,BBC,-0.4939
Endometriosis - World Health Organization (WHO),2023-03-24 07:00:00,https://news.google.com/rss/articles/CBMib0FVX3lxTE9HTW5qcDFCVUJDVUFPaXN1SE40VWpSX2xoYmctTEttYUxzN3N0c3ZOWXZ4N3F2UWN6eEZRZVA5VDhGTjlIUGpFQWxpbnJmc1QtelNUNXlXbzMxaDNGMmJQb3VTTHlmQUwwQ203V01uNA?oc=5&hl=en-US&gl=US&ceid=US:en,World Health Organization (WHO),0.0
Homosexuality: The countries where it is illegal to be gay - BBC,2023-03-31 07:00:00,https://news.google.com/rss/articles/CBMiUEFVX3lxTFBFcl9rZ1FhcEFQTl9uM3lGTXoyR2xuYklJVnVpWnJjOWNQV08weGZ0eWJ6Vnc5ZFdMZERocW01ZkpuSVdJQjI2UDZZRzVra1Vz0gFWQVVfeXFMTlBBYkg2ZXFTUnkzVHR4ZDJzT0JHdlpRT0RCdHJRQ2hteVJFUEhYTjloU2phZTJ5cEVXZk5QcjNkaHRsTnp6STB1cERfazBWTndJN2ppT2c?oc=5&hl=en-US&gl=US&ceid=US:en,BBC,-0.5574
Massive efforts needed to reduce salt intake and protect lives - World Health Organization (WHO),2023-03-09 08:00:00,https://news.google.com/rss/articles/CBMipgFBVV95cUxQMkxoZWVZbU5CdTRLZXFVNGtaeENtMHBfVk1aVzF5NVNGVGhRa010WFpydndyeTkzc1hxSXlMbG1DMEEwNzdLYnd6R0F4MTI5blF2S0sxY3d0UExoZ0xRaFpQdUc3eGFqcGh3T2ZEQUh3LVN5eHZ3YXVaZmN2VjR0YmxXTnA3T0tXZ1h1Ml95TmNPODhWUWJRamdfMnR2dngzaFRPeVBn?oc=5&hl=en-US&gl=US&ceid=US:en,World Health Organization (WHO),0.3818
Quadripartite call to action for One Health for a safer world - World Health Organization (WHO),2023-03-27 07:00:00,https://news.google.com/rss/articles/CBMipAFBVV95cUxPSldsazBXRmxrTU1rS2ZjYTVmOGVEMmozeW9GOWJ6TGVQQTFNLUJHbm84clVXZloyeUd3WE1aVkJHODcxVEc1LVY3MlJZSHJ2VG9wSnZ5VTh3UHR2Rk9jb3dJc0lkSm1QMHFsbkdrMlRMNFJib2M2S0JSTU9ZS3h3bmVCN0N2OG5WcC0wd2VYRWtnelg5REJ6eFZoa1RYV1A0NFNkeA?oc=5&hl=en-US&gl=US&ceid=US:en,World Health Organization (WHO),0.4215
The Global Backlash Against Women’s Rights - Human Rights Watch,2023-03-07 08:00:00,https://news.google.com/rss/articles/CBMifkFVX3lxTFBqY0pRR2YtdHBUNmNHQW1aSUNkSkxoNlJ6Z01VLTVXcWZYUUxna2VBZHZQNW1lVk9lakVpTlpfcXMtdVlPcnNCbTdMdWVVcGhnRGt1bHVGYUdUcnhfWS1VMkwzcTRZVlc4VzBUX2ZZdXhKVVNMRDB1QWRhVjFZdw?oc=5&hl=en-US&gl=US&ceid=US:en,Human Rights Watch,0.0
Energoatom and Cameco sign uranium agreements - World Nuclear News,2023-03-20 07:00:00,https://news.google.com/rss/articles/CBMimgFBVV95cUxObENXRFNHUW5rbF9fVjlIZURBX25ydUM5U0puaDNvQjBBb295RVhKX3VfbXVPazIya3h3LVpVOVVNX3E4NVZkSmFCQ2NqVldqRjM5Ulh0OUh3MGxVc3NJTHBMSHZYT0FPWTVNVEVpYWo1OE1FMm5JbTJXcGZuNmllQTZfWEpJRTFNd3dfN3puejZLVGJ1REJBR21R?oc=5&hl=en-US&gl=US&ceid=US:en,World Nuclear News,0.2732
Countries begin negotiations on global agreement to protect world from future pandemic emergencies - World Health Organization (WHO),2023-03-03 08:00:00,https://news.google.com/rss/articles/CBMi1gFBVV95cUxPSVFOOVRfZWp4MFZMeDN0OV8zN2dKbklMX0p4V1R4YWlUXzZpNXR6akFBbXV1TFBuSWdOUE5XY2lyUmZlSEM1NFlybzNDQ1cyTFJEdUJtaEVYck02aXhDeE9tT3RCWExFQnNXU3BQMzRPSWd2c1BGM2VxMV9zZTFXVHFEZ0lPeGExZFNGQ1hUTjNNS3YxZmVPbUFhM2wtVXh0RDlxX3dTOTloZVFtY1VldzVXaXRHdGNpejBZckxWRWo0b1FtTVpTU3RXcENUZG9hY0lrZk9B?oc=5&hl=en-US&gl=US&ceid=US:en,World Health Organization (WHO),0.7003
"What Happens in Ukraine Matters to the World, Austin Says - U.S. Department of Defense (.gov)",2023-03-15 07:00:00,https://news.google.com/rss/articles/CBMiwAFBVV95cUxQV0dyeUlCWUdBbzZzaWs1ZDdqTnlKai1rcXJxU25idmFhOS04cVVVcTAzczI1MGVMbVJVQ2xuMXkxcDBpSHVuVzZOdVZlZ2otdHdERi1tcW5vZDBsMTk2ZFdMRFFpcjViSGxyT054LS1hajFYVDA5R2NpNHNfQlJKNS1wTzRIT0R0eTMzUE0xZFMyNF9PY01IeEFPVno5aUZRRmpjUHFGa0pXajdsMXRCaFVSVkZOTllxOUhXQWZRVXc?oc=5&hl=en-US&gl=US&ceid=US:en,U.S. Department of Defense (.gov),0.1531
Fake Trump arrest photos: How to spot an AI-generated image - BBC,2023-03-24 07:00:00,https://news.google.com/rss/articles/CBMiXkFVX3lxTE1pR0pCZEZHVHBnUXBjdjhYQ2xVaVBwUUIzdXBIdU9YQWlucV9BWWM3cDdPbGk5RDZwbHFJRjNNTnM1ZkFfY2V2VXZPTTlVY2ZPYUZEWXhGNTVqekJCSVHSAWNBVV95cUxNNUkyT25DeDNyZFhfS3ZNYUFXWklsd3hudU9vR01ydTYtNFhlM09QTjc5X29Mb2tCbE8tMUdZa0ZLb3BWTnFxZ2UwNkI2Q2dVREpZYmVROUw0bzFITmx4NkZmUTQ?oc=5&hl=en-US&gl=US&ceid=US:en,BBC,-0.6705
Global CO2 emissions rose less than initially feared in 2022 as clean energy growth offset much of the impact of greater coal and oil use - IEA – International Energy Agency,2023-03-02 08:00:00,https://news.google.com/rss/articles/CBMi9AFBVV95cUxQRXQ1WHp5MGxQMVJaeDAyeXFTS2hYZVdJbnduUlp4VWlwMldTTGN2TmdJSjFNOV9JcUFUTExoNm9PYTVBN1g2UG9NTUxsX3pGaXhwaVBaNU1kY2NuUGlGczJkSURjLUdGbnZEb2RkWFpWZ05uV2pJVTBDbE1TQlc0YzFiRHpRSTdaajdsQjhCRUszRjgyWXJYb3RtVFZOM1lPLWp3ZS1SWHEyVEFmTklyZXphS0x1bXhJU1l3UHhJWjV2Nzc4WmUxeERwbkdHX3N1SFdCZjFrV05reUs3Z1pGa3kxSEtKY1dwR3VLYlhDMUk3NHRE?oc=5&hl=en-US&gl=US&ceid=US:en,IEA – International Energy Agency,0.7943
Natural toxins in food - World Health Organization (WHO),2023-03-10 08:00:00,https://news.google.com/rss/articles/CBMie0FVX3lxTE54N2NqdzZleF9FX3JVak44eDZSV2h1VVlwQVp1R3ZvRHFETzRwb1h4UGFLclRWeDNxQTVnYl85UzFUaVRGVndLYWpmN3ZlNjNrb2l2VzFkWWFpN0o2bUxMUVdOdjhnX2x1akhiRGV6dmhQdkRoWDZ1YkJnWQ?oc=5&hl=en-US&gl=US&ceid=US:en,World Health Organization (WHO),0.3612
Secretary Cardona harshly criticizes 'U.S. News' rankings - Inside Higher Ed,2023-03-05 08:00:00,https://news.google.com/rss/articles/CBMitAFBVV95cUxQOVNsVzh6eV83VmYtb1NpN09Tam5OTHFyN1FsblpyMnZCUlFwX3BUWE9yWDBOdXYwaVQzR1Bsdk91S3ZrVU1RcHYtT3BLcHVZYm56a0tvSFNCczg1NUk3X1J0LVMzUjRPNGEtUWVrT3dzSnA0MThQUUJtNkduNXp1RW9qR3MtQUdaeDRuVEJVajBGa1RNUVI0SFhLVm1LZldpLWNaVTNqZnVPd2xIUGdsN3hVV2U?oc=5&hl=en-US&gl=US&ceid=US:en,Inside Higher Ed,-0.34
IUCN SSC statement on World Wildlife Day - IUCN,2023-03-03 08:00:00,https://news.google.com/rss/articles/CBMidEFVX3lxTE9KMVpYZjhsQWVzcUlyS0I1TkN0WWtLcS1MTk9GaTN4VElsdnFULVFYTG9RRkdQQ2RldE1jSHQ4TWgtaEl0WVVGeFdYSDVZZnVod2U1Q0VVWXRESkRGQklJY242aXl0el9CYlVPY0p6NXZJOGxK?oc=5&hl=en-US&gl=US&ceid=US:en,IUCN,0.0
African studies professor receives world’s biggest prize for history scholarship - FIU News,2023-03-22 07:00:00,https://news.google.com/rss/articles/CBMiuwFBVV95cUxPczhNeFNMZlhubjVEM2c2dTExNXlaRUxTdkpKbnl3WlpKR1ZlNnZQeVB6RjRZd2NsdnFRLUU3a3p1anV4cmdqNHY1Y3RwRXV4aklSRmp4ei0tQS12cHExbzZ6NEFwTEhmVEVRYW1VXzFiNE1NWS1iMjdZZnhUajg5djNyU3lpWTFJZ0pHTTdmSGhBWGktNHllSmJ4cE1OMjhhWWVRNHFEZ0NBR2IwZTJoSmxZY2tIV1dtYW9V?oc=5&hl=en-US&gl=US&ceid=US:en,FIU News,0.5106
Georgia drops 'foreign agents' law after protests - BBC,2023-03-09 08:00:00,https://news.google.com/rss/articles/CBMiWkFVX3lxTFBscHBsLWJpY2UxcktjRmN2Tm9LNW5QNFFQMlNBcmZjNDdTRlZiZTA5RlB6Q3pkNGJnOXYtdzlmSUhTdXNOYUNQeU1sckJ5TlFzbGtpYmRuSm5pZ9IBX0FVX3lxTFBsLWlJcnpHX2lIeWtIQUFxNlh2YmI2aklaY2VtM1F2Q0dtQzRoS3NXOXNVU1VTYXhRdzJ3TzNZejVYNDcxUmk4c0hPaWpWT3BZZVNzZl9qWFlxNW9pTndN?oc=5&hl=en-US&gl=US&ceid=US:en,BBC,-0.2263
Purdue’s ‘world’s whitest paint’ wins 2023 SXSW Innovation Award - Purdue University,2023-03-14 07:00:00,https://news.google.com/rss/articles/CBMiogFBVV95cUxNbXhFdndTVzkwdnUzOTRpdmJ3aG10YTh0M1RCVTFUQ2NvM3VLVk9SaG4td01Ma19pNjk1NFJOeURjbE5UUTBuck9sZHVYLU1PZ0lzZlNCcF94dVdTSmwxeFF0OElUT0FsdXlPaHY5Wkd3UVl0cTVIZWY2M2N2Z0FuVmVTRXpEeGVUM2JzUWU1LTZka3FPVWotOFNSLTdpc3cxYXc?oc=5&hl=en-US&gl=US&ceid=US:en,Purdue University,0.8689
Several killed after deadly shooting in German Church - The Indian Express,2023-03-10 08:00:00,https://news.google.com/rss/articles/CBMingFBVV95cUxNODh4T2tjN0lrUGxUNExmZ0g1Q2tSdnlLRFNKUnBVYU1IQV9UcmhLLWZBbVNPSEJUN05qOHhuZG0xRW11Q0hzRVZ2WWRaYVZyRklhSFNOelBhd25ZVmNtN3BsRVoyc1JaQnhmLURNNTBrRldXazVMWHhwajFfckg0ZE1JZFdWd2ZtdUl4MVVBVXBneUpLMVE5S09seUtxd9IBpAFBVV95cUxPN0VRaVMxLWJ4ZTViSURSM3h1bHVJcE0zWlVpU3hyckNKTXB2SEZBMVM5dU5TNjAwWXNScFU0b0FvNkx0MU53cWZYSXZNVFJXTkp3Ql9NZ0RBRkVTcHhkUVRoS0ctY0lJNVFfOXJFdWhJYnE2MHBndkt2czVzQzhGaklTVmtCYld6Tkp2VVFCa0hGWk1DLXZKLXp4MHNTSmU3d0lnWA?oc=5&hl=en-US&gl=US&ceid=US:en,The Indian Express,-0.6705
Hamburg shooting: Seven killed in attack on Jehovah's Witness hall - BBC,2023-03-10 08:00:00,https://news.google.com/rss/articles/CBMiWkFVX3lxTFBORTdRUVYwQ2ZPZjUxRUNiWHNnQ0xyWW1tOXhkeUl0ak8wVERCY01COUczNGVkRHY0RWtoRm1nT0V0aHJZcmZCQk43aUxCaGtnU3RJZTdkLUhJQdIBX0FVX3lxTE5kVHFjX05sT2lBRThMdkI4ejlDZFRtbGltTjh6dk9fdzlQYlkxRDBueU5TYlJPdW9YYnNKTXlzdkR0VWhzejFzTG02Q3FJSTdGZWpQalBjZThjYmtJa0lB?oc=5&hl=en-US&gl=US&ceid=US:en,BBC,-0.8225
Science News Briefs from around the World: March 2023 - Scientific American,2023-03-01 08:00:00,https://news.google.com/rss/articles/CBMinAFBVV95cUxQcU5mci1adzJieWhVc3NBX3F5OFBKMVJIQ1FlUkcxc1RwYTRmR216cmR4eUx6Vk1WdkY1UjNVMTQteEV4TUtTNWFraE1lQVBTeHJrNV9SRUs0ZWIzeUVTb19faTFmdFgyNE1TTEs1U0VLcjVMNjhYT0JZbE5YSVNVMkl3MzlzeWdtNTNzVVgtN1ZuV0hUUHlTMFRxZHc?oc=5&hl=en-US&gl=US&ceid=US:en,Scientific American,0.0
World's first octopus farm proposals alarm scientists - BBC,2023-03-15 07:00:00,https://news.google.com/rss/articles/CBMiY0FVX3lxTE1GczBUYl9VQ1ptRmJDQzN3WlE0Y2xhQ3l2WUdGZDZ5YlNObi1pSW1YeEY3ZTlLTFU5TWg3TllqTUZ1RzZocVlMamhVNFg4LXJIZEVnSFVLaVV0Y1VoNFcwckE2Y9IBaEFVX3lxTE1wcHU3b3hpa3dIbHBXYkJTTWlWU1B5QVJkR0FkbHZUTmlVYnoySWhNc2tKejZlNGRGZW1VTUlfR1RKeTVMSzRjb1Z6MzllOHN1d0FkUDRpcjhBS3lSQXdHeDkzcHpOMzNr?oc=5&hl=en-US&gl=US&ceid=US:en,BBC,-0.34
UN warns against 'vampiric' global water use - BBC,2023-03-21 07:00:00,https://news.google.com/rss/articles/CBMiUEFVX3lxTFA3ZXNBTGx1M1FKUHBfdjNiU1FZVmVNNjR4UzJRNFpFakJubmRpSlVKaTQzM21pMW5mSk9STk1USGY3UGhTRDFrY09TTVlRN0h60gFWQVVfeXFMUExiLWF5bUpESWRZRENKYXRkdGc5bElmeThWeXZ2RjZMQUtGajFxSlk1YWdjbktzZl9IRG5KVVVVcE1wU2xNckN6TzV2NGQ3WFA2Nlk0c3c?oc=5&hl=en-US&gl=US&ceid=US:en,BBC,-0.1027
Viewpoint: The critical production of cobalt-60 in nuclear reactors - World Nuclear News,2023-03-28 07:00:00,https://news.google.com/rss/articles/CBMilAFBVV95cUxOUFZLZE5MQ0FhcFhxeWlSRmZSSTkyR0FGRFdLcGp2Yk13c3FtblQ5a0hidjUtMVZtTnZZUVo1U1hlYnNOYTEtVUc4MVM1NVotTG83OVhTZklGSHR4ZVZOdEpxdXRNOWRiNlk1U2VRUTVyUUgyT2NoTWVCRC1UcEhxMkRLemhEeHV3a0lRa3c2RElMQW1x?oc=5&hl=en-US&gl=US&ceid=US:en,World Nuclear News,-0.3182
The U.S. has One of the Safest Food Supplies in the World - fda.gov,2023-03-30 07:00:00,https://news.google.com/rss/articles/CBMihwFBVV95cUxPbEtBU1o5X0pCYzBzeGdhcVZOTk5kY1RQOWJBeVFETnBtODdhcnA5UG5CTXNxNjlmS25ZTXFLWmJpVUhkNXJwNVMteklfZ1BGZzdRcjNYUk16LTlyVDhBRlBiN05nM3dtTXIxYkxvUnRZcXFyQTVqeVEyUThSTWlkNzBBMjlHM28?oc=5&hl=en-US&gl=US&ceid=US:en,fda.gov,0.4019
Ukraine war: Heavy losses reported as battle for Bakhmut rages - BBC,2023-03-13 07:00:00,https://news.google.com/rss/articles/CBMiWkFVX3lxTFA5bi15eXRlc3V4bVhNSDl2RTFTcENQSUU5aTcwT19XYktZM2tBVEtJYmZycWMwM19oanU3dkhIZ2hpTmgxSkFyRUlvVmotRW1rdjZfRUpNaGFwZ9IBX0FVX3lxTE5xcWNfZUw2NUhpQUd2T25fSlg3eFNEWHFfYW9YM0RGdEhPMGdQcDJFOVQ2YUhva05nX3BpdVA3Ulo5VGYyTms5QUlOZG5JU1FxZ0tNNUpBMEVJQTJxSXQw?oc=5&hl=en-US&gl=US&ceid=US:en,BBC,-0.9062
A quarter of world population lacks safe drinking water: UN - AP News,2023-03-22 07:00:00,https://news.google.com/rss/articles/CBMilAFBVV95cUxNeUdRRzFZVWNkNlJVOXlCenJHeXRLdkc1eXFGenhyUUtBYkdySThWVDJ5aXVtRDhnZlU2OWJhd3MwaU1LUkpqM0JaQmwwb1FsamJuT3VLaEJlcjZYRUJENC1Ba1RnX3c4d3JVRGVGVGVVRm1aVFRfN2JrLWJHZkIwQk1ZTDhSSU1iME9TU3pCamxrZk42?oc=5&hl=en-US&gl=US&ceid=US:en,AP News,0.4404
The world is becoming increasingly authoritarian - but there is hope | University of Gothenburg - Göteborgs universitet,2023-03-02 08:00:00,https://news.google.com/rss/articles/CBMilwFBVV95cUxOdEFkWVc5dkVXT2xKQzRobTFNUjBrbWtNQk1PZ3JvSXhxdkRpNGlwLVd4MWFvaG11cmFVVzdXYjF2Y1Byc0ktQnZFX2NMSHF0ZXlDM3BWWEFWdDZ0a2FEcEROTFprbUI5YTdNVVNLTWlBME03YUJLN3hrLTFIUnhzTkJ3YzNIZW9mT3ZvV0ozVVNOZUJ2a2VN?oc=5&hl=en-US&gl=US&ceid=US:en,Göteborgs universitet,0.5927
Flagship UN report extolls win-win water partnerships to avert global crisis - UN News,2023-03-21 07:00:00,https://news.google.com/rss/articles/CBMiV0FVX3lxTE1yeW9xRnl0eXhHSFZjblUySERVU01mdm10VXFOZ2VNUElQUHhNUjlBQ1BBUU5va1FGR3ZYbkFBNlVVUS1ueUY1WWttYmpuOWxlejFMY0E3OA?oc=5&hl=en-US&gl=US&ceid=US:en,UN News,-0.6597
Troubling news for monarch butterfly populations - World Wildlife Fund,2023-03-21 07:00:00,https://news.google.com/rss/articles/CBMijwFBVV95cUxPZGRLdUNaZlpjVW1ubzBSSHd3M1lpYi1vd3NUUmVqVEFmNHJ5TlFmZjRJaTZEdE0yVk1IbVZSNEFZblR2REhJN2NJSm5VdGt6TTBPYlBVWFFtZmhNV2RodmpmY1NzVUJlaS1jR3doY3NTTVFwYXZFN0Rod2tkdzN3WHZHb2tSUWk3SGZ0cWprTQ?oc=5&hl=en-US&gl=US&ceid=US:en,World Wildlife Fund,-0.5423
Sri Lanka: Why is the country in an economic crisis? - BBC,2023-03-29 07:00:00,https://news.google.com/rss/articles/CBMiUEFVX3lxTE5LSDE4NkJ3VlFjSTJRa2N6NmNsSzByZ0tXc1lsUkc5c2RHZkgtUXZFVUdjcXZPSm41cVFqNkRob0RQVXFnandIZzRJNFJqR2hx0gFWQVVfeXFMT0NBeU1FaTZvZnRzaUtSTjdmcTd6elN5VUR1OTJsQmpnT1BOOWs1d21BeGZoNGNEM2xadDRhQWViRDJmXzBfbk5FRXNUV0RGWlNEZmxzY0E?oc=5&hl=en-US&gl=US&ceid=US:en,BBC,-0.6249
How one Veteran shares his aphasia diagnosis with the world - VA News (.gov),2023-03-02 08:00:00,https://news.google.com/rss/articles/CBMickFVX3lxTE9EUUd5TFFHRTBLd2pWU2c5akZaMFBNVXFEaHpvNF9naF9ZTk54YXZIcmNKVGJUS1I1VGVjVThNeWxIS0ZKMnVzMUlpT1ZnX0N1VkxmLVdlY3pTSjk5c0tlVU1yanRWN0RpQWhPdE40YVRFZw?oc=5&hl=en-US&gl=US&ceid=US:en,VA News (.gov),0.296
A portfolio that’s out of this world - MIT News,2023-03-27 07:00:00,https://news.google.com/rss/articles/CBMigAFBVV95cUxQcEE5V004enVBLUl0ME94ZkthaUtZM2xTUm5ET0pGV3hxZlJIak5rRkQxZEJPV0xhVnV1UC03Y3pVZHlSOXF2YnZFZXNLQjBTSy1lNXFEaVp5eVlXbWJnVGFRTmVMNHpLbVRBMVVRTWJlcFVrcFlyWEVXbXJUYVQydQ?oc=5&hl=en-US&gl=US&ceid=US:en,MIT News,0.0
Bard College Ends Participation with U.S. News & World Report College Rankings - Bard College,2023-03-13 07:00:00,https://news.google.com/rss/articles/CBMisAFBVV95cUxNM0RxQ1pCbWVPaGJ2NGlFUmtULWdXZWtOYUVJbDdtUVBENUtwUzgybl9pc2tDemFTbFN4R2JQN2g2ZGZ3Wkt3QmNVV0F3N1JxWHM0V1Rsc0FCRFNyeXZUMXVTQTN4NDQ3YUdldFhsTk1FY090RFFvdWtBUExoUElnU2puTWl6dWJwQkFLNk5mdWZMTS00SlFhSWEyR0hreFhZdXMwbkdHaEU1Y2o5cW5zSw?oc=5&hl=en-US&gl=US&ceid=US:en,Bard College,0.0
"Tucker Carlson said he hates Trump 'passionately', lawsuit reveals - BBC",2023-03-08 08:00:00,https://news.google.com/rss/articles/CBMiXkFVX3lxTE9ROFFlRy01T1Q4TDNYc1lJSzFKWFU1aW11N2VPNi1rYl9VVGpHV29Xb2pKTWVLVmdrNzFqSkVmR05KWVdKbmJIa0gtU2pnU05iQ0w4VHRBeWlfdERpbGfSAWNBVV95cUxOY2paQmxYeDVqbm8wVWNuc194NlNoNVVxSU5zeE9KTUdiaC1KdEhNb3Q1cGlKSkgwYWpkY19FckNkTmhKN0VGVkpqZVliUERwbmxreS1CZHNVZl8yVEhFZ25qcTA?oc=5&hl=en-US&gl=US&ceid=US:en,BBC,-0.5859
"OpenAI CEO Sam Altman says AI will reshape society, acknowledges risks: 'A little bit scared of this' - ABC News",2023-03-16 07:00:00,https://news.google.com/rss/articles/CBMiqAFBVV95cUxNdVJtOGp4UUxzb2REdi1taXdTZWZTRTBEYl8yOG5MWkc0UFpCU3V6X0hPUlVXTFFvdW5uMVprdEVmZ011ZWpUSERrS193cXBycFhBQmpnWmZtSHlHQ2dvNXg1Wl9VRDk1bnhMRUZqS0hTRkhJZUJnQ29fYldIZFp1cWl3cC1yNXl6Y09SdGhGNmVGX1VobTBCUXpIMDktbnFBdWpDTVdqOHPSAa4BQVVfeXFMUGFfQUpBSXZWZXF2RTIxaldrNFI4NUtzdUNXVElZTnl6Zm0zX1lmTE5ORENlMThKTC1SdFE4cnBYZ0FSX2k4c1lBQ3dJX0tVQjZURTk1cThnQUN3d0JQeGtZV1dwWWNtN0ZyaXdaMXV1SllhclJna0d4UWlKT2lmZWhYS0pWX01HWHhFNnU3RjRCX1kzSFoxaFFDQ2hSc3QzSHJGNlU4QTFHSUhnZlB3?oc=5&hl=en-US&gl=US&ceid=US:en,ABC News,-0.575
Typhoid - World Health Organization (WHO),2023-03-30 07:00:00,https://news.google.com/rss/articles/CBMiZ0FVX3lxTE13YUttd1dYRTUzeE5JUkpqbzlCcHpTTkg3aU9SQUxOY1ZQOEtXNDk4aURmTVo2YWlLT25OYmNGVlBpX0Mxcml4SFRNQWdUSF9jX0lGVFprOFNkZVRGS005djNTWl9CMVE?oc=5&hl=en-US&gl=US&ceid=US:en,World Health Organization (WHO),0.0
"USA, Indonesia announce partnership on SMRs - World Nuclear News",2023-03-20 07:00:00,https://news.google.com/rss/articles/CBMikAFBVV95cUxQYkVadTJKSnJ5WjFVX0FpX2Z6VmFScV92dzJBSWwwSEJXRVZFOUcwU0YwOC1aazBWYS1TNWdQMkpuUzZUWW92d1BWZGdSMUhrcGRBVktKaTVhOGZjdnZUY1V5M3VWTXNXVHZVTmg2cmVrN1pWRGg3WENmODdfSndIN1g1N2lWSU5rQ2FHdTl5VGU?oc=5&hl=en-US&gl=US&ceid=US:en,World Nuclear News,0.0
Why the news is so negative — and what we can do about it - vox.com,2023-03-22 07:00:00,https://news.google.com/rss/articles/CBMifkFVX3lxTE5VRE9xdWpRMjhkMGdndmNQQ1p5TXhOemFGRHJRb3NDb1VtQ2I1Y2NTdFJ0LXpVU0lVdDNxcF82eFVPMjAtWmFCeHR3TUF1MjFtSHdYdkZsWWptbTNfWW1ua0JGTXEzaU1ER2RjQXVtdlJQX1V1b3RocHZQblE3UQ?oc=5&hl=en-US&gl=US&ceid=US:en,vox.com,-0.6948
5 things you need to know about the world’s least developed countries - UN News,2023-03-03 08:00:00,https://news.google.com/rss/articles/CBMiV0FVX3lxTE9rNTFNWEtJRWJuX1FDdXBXbkc4ZG5xajBWQnpPTXJHS0Y3ZHNsc1UwT2l5VGZCeGdsY2lfclVVYVFOSHJhS0ZmNWtFRUhiYnpIeTNoZ0Zrbw?oc=5&hl=en-US&gl=US&ceid=US:en,UN News,0.0
"Why did the US and allies invade Iraq, 20 years ago? - BBC",2023-03-19 07:00:00,https://news.google.com/rss/articles/CBMiUEFVX3lxTE9XVEdxbE9qRmdGSUdrLUFRS0JBdi1oUGRaTmhGaF9HX0wxQnd3b01BdDVERHBmYlNvU2NBYklVV1ViRm1tU1ZuanN2V25RenA50gFWQVVfeXFMT3VyVXFMcEVaUDk4RWJNQVFLM2s1d3RodS1VZ0JWb0RXcTRUY1h1bnJvbFRTM0diSmVjNllRUVItOW96Q3dtbjB0Rm9PUml1NWhzYXVGY3c?oc=5&hl=en-US&gl=US&ceid=US:en,BBC,0.0
"It’s a weird, weird quantum world - MIT News",2023-03-10 08:00:00,https://news.google.com/rss/articles/CBMiiwFBVV95cUxPcXRjUnB6YWgybUtETVhGRkxZLTF5RmdmVGxLNXRwTWg2UTlyYWJpMC1aZmFRUl9PcEpBWXl6M3ZnODh1ZjNtakpTNDdWSE0xTkpmcUViQVVBWXlrSzJ6UnB3SVhBcGR0SUNmdlBPNFVXSVRpTEM4akNHb3hfQmhUR1VPU0xpMGRoWEEw?oc=5&hl=en-US&gl=US&ceid=US:en,MIT News,-0.34
Amsterdam launches stay away ad campaign targeting young British men - BBC,2023-03-29 07:00:00,https://news.google.com/rss/articles/CBMiWkFVX3lxTE1hMEJtQ0xYSjVKU2Q4LVZVeFdqeEs5cm56VTk0bVd6a0tvV0N1ZUozdFlteUlOeE5HaUpDbkl4RHByNGl6YzhZalRSWnM4R3lfQlhCZUtsS0VDQdIBX0FVX3lxTE5LRFI1d0d0WmRsSmNKM294MW9RSkRGNl94TWZtdmdYVllIc1h4V1BZZm5XcE1uVHVQN1hESGluaWM4b2lVTnlEbUg4M19KcmpOaTlmMkE0bUFpOF9nTlVV?oc=5&hl=en-US&gl=US&ceid=US:en,BBC,0.0
Ukraine war: Russian reservists fighting with shovels - UK defence ministry - BBC,2023-03-06 08:00:00,https://news.google.com/rss/articles/CBMiWkFVX3lxTE1RX2VEbWtEOUxjejR2Zk9OazhoSXB6ZmF5bGFUbEJzQ29jSExQajFPSjJZazE1LTloeC1SVFN4VHBXdXFPQnZBUER3MGo4SFJWbHdsMjBHUlBoUdIBX0FVX3lxTE5pLU9OTUFadWU1bGk0RFNtU0s0NkVpb1ZQQVNab0lqQW5LNUhuQksyS2NBdF9YQ2ZidGRRUTBFbWdpT283TENWMTJ1dkZtRU5KUWdzWUk0aEdUSGRYZGI4?oc=5&hl=en-US&gl=US&ceid=US:en,BBC,-0.7184
Academic freedom in decline in 22 countries worldwide - University World News,2023-03-16 07:00:00,https://news.google.com/rss/articles/CBMid0FVX3lxTE9Ud09FUlhZQnUyN29sNVMtd2ZVWm50WEY2NzNvbkRzbU93aC1CVjdqNkRlemFrQlNOejY1dlpxVWgycTNvb2xhRGZ1Z2dqYVg4cnF1dmhNa2FNMThNTGY5MHJYTFhfdXFwQUs3QTBSclBnNE1acE13?oc=5&hl=en-US&gl=US&ceid=US:en,University World News,0.6369
Call to deepen universities’ role in peace and security - University World News,2023-03-20 07:00:00,https://news.google.com/rss/articles/CBMidkFVX3lxTE50S0ZpbWlTYlMzRjlTZkVwd1liS2Z6SGtBaXVrZjBiOHJ6eW1tdmJXZ0duWjMyelZ0a3NnWWx6MTFuOTRjdmdRQTlqWFNVXzNuNnBVRVgtaW1rTi1SLWdMZ1hfZkJQLVZSc3p3MHMxTkJvWVkzYlE?oc=5&hl=en-US&gl=US&ceid=US:en,University World News,0.7096
Japan media guide - BBC,2023-03-20 07:00:00,https://news.google.com/rss/articles/CBMiYkFVX3lxTE5PVmNtamUyZk5ZZDlYZ1IwZWNsM08tdVczdW5yWVdxNlM1bGtmaVNwbVQ5SzFPNGlmSVV6c0I1eFJvaHBCbmFSS0tJcW9PSENaUVZMelFpbVhpV29QYkVxcFl30gFnQVVfeXFMTkxGbUNqSld4aVY3Z290ZkxRdlVXVzBmMjUtRG5EQTlXQk5leWx2ZUlDMy1KX2lYMVlUeEtvVGQ3ZWtXbW5LQWZnRkpoeHo2VGxZT0Q0NXlQX1N6RWdnNEwzTWNIaTJxcw?oc=5&hl=en-US&gl=US&ceid=US:en,BBC,0.0
"Two dead, two alive after Americans kidnapped in Mexico - BBC",2023-03-07 08:00:00,https://news.google.com/rss/articles/CBMiY0FVX3lxTE9fZG8tUWtVLVpfZ0Z2ZnB3QVFUX3VuQjRyT09RSWJHUTR5ajFzWGoxQTJNaUtkWGF0aG9lRHJfcW5LRVZrZXcxbmYzOWFJT0d4UFBjdmFjWF9ITkVQcHkwQ1RsVdIBaEFVX3lxTFB6QXpPOUhwREY0TmJhMkgwcURPYnMxZXJ1T3RQUkx6QktTLVN0VXNyTTMybnVSZnRDVTRCMzhjN3RMSWpnU0xFLXFOeTVhbWtNWHcxb256VzNnWFl5VUEwRkk4R3FUR3VP?oc=5&hl=en-US&gl=US&ceid=US:en,BBC,-0.4019
FBI chief Christopher Wray says China lab leak most likely - BBC,2023-03-01 08:00:00,https://news.google.com/rss/articles/CBMiXkFVX3lxTE1rWlhWMFBRakNWQ3JQMDdLQWFmbERSTWZpU21LWGlWMWc2VVZLT1hVMTZEYzQzeV9lV09vSXBwMUlQQkxfYWpJeU1wMVJFSXlCYkVlYjhSc0tuc1VJdUHSAWNBVV95cUxOWFRQUE43YklDR3dWQlB6NTFtYnNMbUlseXg2VUJTZl9ab2VtOWxsMURqZ0ZWemlEUE5fX2NGOHY5bnJtNXpmU3BLQWdON3JkT3FLcUpfRmJPXzJmaWhyMWQyWHc?oc=5&hl=en-US&gl=US&ceid=US:en,BBC,-0.34
ChatGPT has opened a new front in the fake news wars - Chatham House,2023-03-31 07:00:00,https://news.google.com/rss/articles/CBMirgFBVV95cUxOREt2V0M3X0FCc3NRaE1Ib254ZkthRGk5TFExMVB5YncwQTJENjdrSEF3emw4WjAtek1Db2pNcDlDNlM3ZzF5LW1aTl9NWGNSLVFIZUV4ZXV2UDVGcjJiTFNfNnJjWk1LVS1xZWM0VG10YTlZaEVLQy04bDJmUUtJUmtRNTYwN0xJYmlZOFJKcmJLa0taSFZGS0UyRVVyY3R0TmFubEZ1UkY3d2c0bGc?oc=5&hl=en-US&gl=US&ceid=US:en,Chatham House,-0.7717
Recession risks re-ignited by banking crisis: Economy news - The World Economic Forum,2023-03-30 07:00:00,https://news.google.com/rss/articles/CBMiowFBVV95cUxQT0VXQVV3S0lIaExrUEsweEg4ckJSZDV2S0lDWVFhaDhXVWczNUUyTVFhUzNXMjhlekpEYkpqd2lrbEZwR2FFNWFIOEhtaEdaa1IxVmFOa181Y0hyWUZfVnZ5c2ZNc2ZlSjFhSFRYRTRWWkk4S0N6Y0dBSlZYZVNTemowRVpXYXpqNjNOWHV1MUMxdTJLUGlSTUE3TmVxQXlzOXVj?oc=5&hl=en-US&gl=US&ceid=US:en,The World Economic Forum,-0.8402
Accelerating the Use of Digital Technologies is Key to Creating Productive Jobs and Boosting Economic Growth in Africa - World Bank,2023-03-13 07:00:00,https://news.google.com/rss/articles/CBMiiAJBVV95cUxPdVpzVjlwMDhqRFpEUGlaYnI1UEFHLVg2YThBMXdfV0RPVTRFV3l0SGllbWlBUkxwUENGbHRsT3l6aURsTDlYVGtoUnZWaFg3MlZlWFh6d29BMnYzbnV2eG9qQ2tjZUw0Q0dXa3ZwQlhlRkdLbVhFUFh3QVE3enFQOFBhdkxaaE55SE92c3JKanhJY241OVBObWpHQlhIbFlPZ0s2VEVvc1ZXbDNPLWxSemJTOGI3cVVGYkJfdk91OWlpTERlOXlwVDU2cm5aNmVSemJCdDBnUUh6aHZPTW5FbVpFRXdNUTBuNWVJN1pKVnQwMUdpUnJwNGYyTXFnLWxERU9ORTktV0U?oc=5&hl=en-US&gl=US&ceid=US:en,World Bank,0.7351
Why half of India's urban women stay at home - BBC,2023-03-02 08:00:00,https://news.google.com/rss/articles/CBMiX0FVX3lxTFBOVjRDSGZYMDJSYkczTzdab0Z5YTFvMVI3MXZOTXBrR3lmOS1CSTZVVHZXcWxfQ1RBdFdQN3hYNVljbEI2RnBkYlNqVkxTR1JnZk82SllmVUdvMGlGOGQw0gFkQVVfeXFMUG9EYVVsLTBjY2g2ZVBYNzJKdFZSRGpPVl8zeEhqUHFsaW5qQlJmdEdUV2ZwZmlCSVREZEl3aEdMcFVXMEVtUmhoUFdfTjJqRWZTMndETVN4QXdDNE9qaGU5NFBueg?oc=5&hl=en-US&gl=US&ceid=US:en,BBC,0.0
"In a complex world, our graduates need to be systems beings - University World News",2023-03-04 08:00:00,https://news.google.com/rss/articles/CBMid0FVX3lxTE55U2lKbmwybFVnZ2s3Y05MMlNhOG81cHJwQmtjdzRiRHp5UGVjRFJ5TWFDMmd4eHRQYWxlWDhCMWxVeU1jM19td0djZV9Fc3hxMWs2eEM5cFVCc1c2RnRZUjBBR2hBaGZZd2ZXeDR4VFlreXVBdjM4?oc=5&hl=en-US&gl=US&ceid=US:en,University World News,0.0
AI Will Transform Teaching and Learning. Let’s Get it Right. - Stanford HAI,2023-03-09 08:00:00,https://news.google.com/rss/articles/CBMikAFBVV95cUxOb3dQM3JEYWp0QjdYd2h2S3hMb2w1aF9kV3hZeUFLUnAwam5meUVUQWUxMjZvMGd5VDhZQVY1Tkw1ZU45NWdTVkI4SGdBWkZ0c0EwTHY3MFBGSzBtLTY0dWlWeEJTbVVQTXJJSVp3a243UGlPLWJGVDI3dUc1OGZmbUhFcF9kSG1HTzRNZ0JTcTU?oc=5&hl=en-US&gl=US&ceid=US:en,Stanford HAI,0.0
"Xi, Putin pledge new world order as Chinese leader leaves Russia - NBC News",2023-03-22 07:00:00,https://news.google.com/rss/articles/CBMiqAFBVV95cUxOWmhHLVRBajMzcnpvZXlkdTFqdHEtSnJQV240VmVWdlhleEtvVG9YMWRFYTZ0SXpTTWI0OFBSeFpzdkFQU2V6cTRfRWZrbGc0a0hReDhiLUNyb3FEU1lyTlJtRjM1NklLM2pwNGJzSlpsblF1NlpxeXJMb2daVTB2cjhpaDNqLXBlVUxJZTFhcE1TOGtoSmh4Q0h1T3paby1sbVB1UTJmTGTSAVRBVV95cUxPMmdpaVZjWlpDT3NXMWsxanM3bTVHQm5ZNlN1Q0FWckQtVVVFRnVJMDJNSVVZZFhJRGxTcjZMaEFHMlJySEp4ZkstN011Rnprb1NLakY?oc=5&hl=en-US&gl=US&ceid=US:en,NBC News,0.0
Pope's preface for 'More Women's Leadership for a Better World' - Vatican News,2023-03-08 08:00:00,https://news.google.com/rss/articles/CBMisgFBVV95cUxPRXEwYkVtcGtBUllYSmMzTXpPb0VwY0hkRC12MXdlT3RleHdxa3VuVnNNSzlYZjE5YW5JYWRJSHFvUXNwRVNfSlRLYWk5dHd4dXhtWGphd25WMDlBTWF5QmNjWm1DOENrLVhPZ3UydVpsRThYdmtxSWVGNk12a3R2ay04UEVZNlJWa3JJaHhDclNIeUpUVU9ROE1uV3k5aWVuV0o0LTIyNl9uQ1A2Nm9tQ0d3?oc=5&hl=en-US&gl=US&ceid=US:en,Vatican News,0.4404
UCF Researcher Creates World’s First Energy-saving Paint – Inspired by Butterflies - University of Central Florida,2023-03-08 08:00:00,https://news.google.com/rss/articles/CBMiqAFBVV95cUxOcF94UUZ2QnlGTDROakt2c0lDUUNOOUxzMjgtY1loY2p1Tndza3dXSW9jd1JBLURyMWVORmtqUjczZGJXSUJOMVZJREJHam1IS3o2OFJEZnl3czNVQS1jOElzMEhoNzBKdC1BeFh2dUtnQzNKTDZFa293QXYxY2RPSFl1SXF6ZkNVaUtIRUlkcm10T1BueERKclVLT0gtUWdpakswMGFyTzM?oc=5&hl=en-US&gl=US&ceid=US:en,University of Central Florida,0.6486
WHO Postpartum Haemorrhage Summit - World Health Organization (WHO),2023-03-07 08:00:00,https://news.google.com/rss/articles/CBMiqAFBVV95cUxOdkVqZWxQYklsWkZjTHNxNW9xMUNIVExBS2RjdFNXNDFNSEl1NXM1WkZVVVhVWG43Z20zZktqbEloOFB4eXFpZnNYVHdWNEpnUDJIeTJycnQ2QWI1a0lXcFBVMTNuSjVhOXdkU1U4MlVhYzlfMFhmaEJPb3JGRTRtR3M1ZWtvYzJDU1k1SlBtRTQ3aFVrc0lxc2tOWjRFaHRpQlpzdWVTc0I?oc=5&hl=en-US&gl=US&ceid=US:en,World Health Organization (WHO),0.0
Norway media guide - BBC,2023-03-28 07:00:00,https://news.google.com/rss/articles/CBMiWkFVX3lxTFBNN2NIaUFMUDVuQUNfMkZnQWxDNVpsZDM5cTQ2UmlZVVAycm1OeGxFZ3lzamNldG1FTUFnaHNjZXFpbGIxNHRSaG1KNUZLa1BkXzMxOHdfU0hLUdIBX0FVX3lxTFB4eWdYdjZRN2E4eFI0TjhhNWNxT2gyaXhHNzBoSFJKVmpaODR0QWNFVTlGWUxWTUdMR0hpSDFmMVc2Nk1sRlQ1YnYzazFQQ3hTS3V0aC0tb2wzSVJucTJj?oc=5&hl=en-US&gl=US&ceid=US:en,BBC,0.0
Putin: Russia to station nuclear weapons in Belarus - BBC,2023-03-26 07:00:00,https://news.google.com/rss/articles/CBMiWkFVX3lxTE16MWxKZ2RFeFY0ZEh4S3ZhSXhuSXFGZ2pQeDVvelZqdnQ1WWtXUFBCNWxPX29ndWMwbW95QlVmUUE5T1l3emg1QTB5LWJDbFZDeXpRWHE0UXlOQdIBX0FVX3lxTE5TYTc2MGFEZ3A3bWIyN2tpZUFLTHJoZE5KVUMtTXkwZVN1M3c1RGItTDYyaFZYOURzd25VQ3NWWXZ3UlFVM2haNmRiYURpaFlxQ1hFLUlrWXBsMnBOaVFr?oc=5&hl=en-US&gl=US&ceid=US:en,BBC,-0.4404
Half of world on track to be overweight by 2035 - BBC,2023-03-02 08:00:00,https://news.google.com/rss/articles/CBMiUEFVX3lxTE1XMENkUVFxTnJ3MXlYSnFKeDB6Y1pEaFFNcERoNzlSdVJXdHpLVS0wV1R6TXhKeHpQcUg2M3JHSmZpeUZEc2REdmZvdy1MenRW0gFWQVVfeXFMUGptdzF0STVJUHYxVkp0bWNKdTloZDNUbEdPOG8tZ25tekFOajVMNUVRZHdSRUUxMi1wNURGREx3Z045ck1mVGlEcUMzNFVtbGhHeXhYdHc?oc=5&hl=en-US&gl=US&ceid=US:en,BBC,-0.3612
"Covid-19 origin debate 'squashed', ex-CDC chief Dr Robert Redfield claims - BBC",2023-03-08 08:00:00,https://news.google.com/rss/articles/CBMiXkFVX3lxTE9VaHZJT1p5ZHMyV0FZSV9GaHlGYXI4Wko5RGoyZGRjblR4OE54RUdWZnJuNEU2QzRmMWdqLXNqajQ2LUNLTmNhdE9PdEY2UVRYV0N3WnRtWHFOdEd2VVHSAWNBVV95cUxORzVJZUFSY3p1dWhUX3JQQUFHN3laTl96VVZjdmZFSXlNbzlUNU0tU1Z0bjhBVjZJZVJpbE9WU0pUd1JGT2NRNTJiZFIyVVAyUFlnT19NcE13QWU4Uy16MVFNRzQ?oc=5&hl=en-US&gl=US&ceid=US:en,BBC,0.0
Grenada country profile - BBC,2023-03-27 07:00:00,https://news.google.com/rss/articles/CBMiY0FVX3lxTE00N0ZYNC13eVRWM3BiZE00SVpOZGllaFhpQXVzd1FRNXVfakRKTzA1d2Q0S1E2THZoVnZrTU8tTS1ra0VwbUhUanRTWU8zR21LSGxWRWEtMV9CUmQzc2pKM1JpMNIBaEFVX3lxTE8tRUdWTklDY3h1TUFoOFdNRFdTT2lnX1RDa3dJUjNYOTFmdmQyWllYTWo0NVVzTDUtbml3LWg1bkpzcjFTR2tkQ2c2c2NldXZfZ2NISTBwSVJEVXg5UjdRRTJVVTUzMmJG?oc=5&hl=en-US&gl=US&ceid=US:en,BBC,0.0
News - Atop the world: Point Barrow LRRS keep watch over North America - DVIDS,2023-03-02 08:00:00,https://news.google.com/rss/articles/CBMimwFBVV95cUxOdS0ybEZXb0lLSG9KRmhiOUxsdUV0NUNoU0swTXlCWnM1RjE3WkpjaVFrV2o5VVp0cmlVNC1EU3hYSlhNajZBRXVINm1aRUZPNlZicUVJdWE2TXVPakRVZ1ZSdlZEd3hQTVhwVldMZ0dBclpWeVN1SFVtT0JNQjBUSW12QzYtREhZLWtVRnZxM3BDd0JnV25uQ0hQdw?oc=5&hl=en-US&gl=US&ceid=US:en,DVIDS,0.0
WHO publishes recommendations on two new types of insecticide-treated nets - World Health Organization (WHO),2023-03-14 07:00:00,https://news.google.com/rss/articles/CBMitgFBVV95cUxOQ1RGSEhxVFRXN3pQMlNCdDVkb0Nidkh2aExwMzBUVlo4X0t0bmFaTlQ0S3F5Vkk5VDZVNWpub3c4cU05RWRoa2xrYkQwUEFnUkh3Rjlzc0dXQTU4cnZGekJibjI5ek1UQVZJRWNPQy1iRzJWTU0yanpkd1pkYmUxU2pXT2tNVkJMLXMwVk84VFF2YWtreW96MG1Hak9TQ29ZT2h6dy1Yb1ZxWXkwa2NPRFh6eWZMQQ?oc=5&hl=en-US&gl=US&ceid=US:en,World Health Organization (WHO),0.0
Swiss court case ties human rights to climate change - BBC,2023-03-29 07:00:00,https://news.google.com/rss/articles/CBMiWkFVX3lxTE5xSkFQSWZiS3F4QlpiRUd5b0dPNlBsb2MtUmxaNUtKVXFZMVJPSDZHOS0wMzdDektBWnZpd3JJMHdQWW1RYjA4NFBpcWwyLVB0b2MyRHc2ZXlVUdIBX0FVX3lxTE1FN3BkUkNNdTcxck9nXzJzRGV6U1pteFBVQU52V0lvQXROOGlDTW5ESE9EcGtlVG1WNU1JZzVrbnRMWW1rZ0Fma3gxZjQ0ZGd4eFFHZFRLdTFMLU02akJz?oc=5&hl=en-US&gl=US&ceid=US:en,BBC,0.0
Utah is first US state to limit teen social media access - BBC,2023-03-23 07:00:00,https://news.google.com/rss/articles/CBMiXkFVX3lxTE5PdW1ua29xRUt5MVVzcHR5VS1pNm9jcDVGV0R0UE0yOXJmSVVhQmEwdkpBbHR0NEc1N1d1MEZpUmZJMmRkS3dzRHo1V3RyeG5uTmFqVGlPSHR5bUtGU0HSAWNBVV95cUxQc1BOQjZkTngzdjlQakxIQWVaOFh4YWJGMUF2dzdoZS11bE5ydlAtUmFBS2xRQkROd2VNOVpqS05hdVo2enV2WlBsdjZrWUVJSTZCRzVMMU11S2VxbHRBWnVwUDg?oc=5&hl=en-US&gl=US&ceid=US:en,BBC,0.0
"Cambodia bird flu viruses identified, plus other health stories to read this week - The World Economic Forum",2023-03-01 08:00:00,https://news.google.com/rss/articles/CBMilAFBVV95cUxQTXlJQXBRQnBRX2FxdFplZ3Z0MklGR0ZxQVZwbllZQjlrRzJFdDNDYXRqSWFaVTNwTlByXzRJVEJoaVEwbVF1V0J6M2pVMm9oQzZDWkVfYjk4RVR3Und1SDhHSTNOX2Y2bVpHczNvZjZhSW90OHQtT2UxWkNDTE90eWc3TVoxVGY3aVNMT2t4M0NLTmdo?oc=5&hl=en-US&gl=US&ceid=US:en,The World Economic Forum,-0.3818
Fortum permitted to operate Loviisa repository longer - World Nuclear News,2023-03-31 07:00:00,https://news.google.com/rss/articles/CBMimgFBVV95cUxPbF9ZMEE0bklldGp3eFNVOEk5NlVBT3JNbmJqalpKT1ZYQUVKem1wQkRUZE9fNWdZV3RxVnI3d3ctdU9jbkFuQjVhZlY1bndyTThlLTh6eERSWUY4V3BNNGpQTkt4bzVDbVo3S3VwcVExaGFBWTRYaHE1UDlndlF2UFNOaWlWSXMxa3hlZEZYOU0xbXlJYU1MUnVB?oc=5&hl=en-US&gl=US&ceid=US:en,World Nuclear News,0.0
Why Vietnam doesn't want to claim Ke Huy Quan - BBC,2023-03-15 07:00:00,https://news.google.com/rss/articles/CBMiV0FVX3lxTE52N09RSlFONGMxNWxCVFdleDh4cEswbExDaUM4ZkRxRTZxZk5yNkZpaHJiSDlPd1gwV3dkNVNxNlVQNk5PRjBnMGJnMnVkb2t5eDBrMUlfONIBXEFVX3lxTE9HaGhrM0FiMmx0b0NOdGVhLXFNWEYzaDNRUF9hQm9qU0oxR1lLSnJhR05jcEx2Rk1GOUJaSGZQV3Y5di1iaEpvNGV6SXF3TWdzWDA2VUloelZ2eVNh?oc=5&hl=en-US&gl=US&ceid=US:en,BBC,-0.0572
"Purdue University named No. 16 among World’s Most Innovative Companies, No. 1 in education - Purdue University",2023-03-02 08:00:00,https://news.google.com/rss/articles/CBMixAFBVV95cUxOLXRldVhLNExpY0s4MTVjSmNQS25TY0dwY01jVHF2VEs5RDFSRm5ROWFPQXYtX1c4SGt0WGR2eUlWZVUxV0ItM0h0WFEzalJwMFFOQTJDLXdURmw0bnZDMlY3dnYtTldlbkVtNmtYQU1sWFhEVzAwejBXa2QyVHFvak93bkdnNUhTWkhNV2RuWm1ZX202X0RBVmJzN2hlZGdhMHJiSjlpZzlETHdPRTFva3NBU2R2TFhMSkJKSUlyNjMzWlgx?oc=5&hl=en-US&gl=US&ceid=US:en,Purdue University,-0.0534
Fatemeh Ganji: Advocating for the world and for women - Iowa State University,2023-03-29 07:00:00,https://news.google.com/rss/articles/CBMiowFBVV95cUxQdERTc25GZDl2WURzY0ZKellMZWVpRk4yVmNXT0dRZ3ltcVJJMm9ZZmhUUHNENUpaSVdOYnltc18wZDhyQWhRelY4UlFVenhmejcyRE40U2FsQUxMV083U1kxOEM3XzdaRzFuUGRDQmdGWHJucUtPSXoyT2VaLXdpR0lwUEd6amZURlZLVE1ERU1YdHNvNTRBMnJ3R05KLWJicVJ3?oc=5&hl=en-US&gl=US&ceid=US:en,Iowa State University,0.0
North Korea simulates nuclear counterattack against US and South Korea - Sky News,2023-03-20 07:00:00,https://news.google.com/rss/articles/CBMiqgFBVV95cUxPV3NCSzJ5OG5vRENmOGx2MS1XYk5KVzI5MndrRE4yWm1ON3NaYzVfb2w5RlBvSVA3RjYtTWc4Z1JadUJJT0pUeDh2SmlCRWFwaDJaMHNDSlZCVDM2Q3RhVjdCbnZwbWV3ZHVYUERYLW5mdHBjdnhkOFliWTlid3hDQlFzTV9kWENGSzBBMVh2aGJVdHFJZENnaG9iQkllbmRwRnVXbUx2cDk0Zw?oc=5&hl=en-US&gl=US&ceid=US:en,Sky News,0.0
Kerala: A ghost town in the world's most populated country - BBC,2023-03-26 07:00:00,https://news.google.com/rss/articles/CBMiX0FVX3lxTFBXZnE0Smt4LWlOclB6M29LX2o1SEYzd2pTdFlZR3RQNG1SSEhkRUpLaWQ4U3dCeG5IYVU1VHVVTHd5Szc2V25GRERRd0Q4bEpicS1Va0VCdnlra0JEMDlF0gFkQVVfeXFMTi16UTQ3UjRJOXFhZHZDcW9XZEk2MFpEcjY5WFFKT1ljcExWdWRmZm84dmFHakNKblpjcE1fUktHc0QwTUFET2lXMEJ3TUhBdGRVX2ZxLW1vUkFTZlR4dEJlcjRKWA?oc=5&hl=en-US&gl=US&ceid=US:en,BBC,-0.3182
"In Haiti, Access to Water and Sanitation is Vital, and the World Bank Is Making This Possible - World Bank",2023-03-22 07:00:00,https://news.google.com/rss/articles/CBMi3AFBVV95cUxPTEJEMC1UcldNQXFrNlA3cWczZnlodlJ5MzE2T1MybFBwN1RMM1g0aGtCamdoSXhWZ1JoTDJQY1gycmlMc1RNeGRWOERYcENLbzNORWR2TkFkRUJ3d1JlQVNNbEw3U2xDNjJFajBXUGJkeEdYSTI4eUlHV3ZabXJxeExFSFktY19MeEtucnhLS05vRk82N09vN19Ya1NUeENvTlY0RnB2bk1MZlZ6MVNJLTNxSy0xUUZPRFQxYmI2S3Z3aW5vaTNCbEkyU015OS04MmNfWTZvMGZIV2JB?oc=5&hl=en-US&gl=US&ceid=US:en,World Bank,0.296
Putin arrest warrant issued over war crime allegations - BBC,2023-03-17 07:00:00,https://news.google.com/rss/articles/CBMiWkFVX3lxTE5MZjZLVko5d2xwcmkwckdVYWhqdlhOZFVGa0xqZDJnQ1JLaHVQU0VUWEhiZnRMMUNsUkF5VWZ3UHpIVndidzd4ZWgzc1M5R0ZGQUdpbEhxbDFCZ9IBX0FVX3lxTE1RSm9MSTJId25aQUIyYy1IQ1NLV3laRGN6RFhmYm05bE55dmVrWTBCQkN3WFFEYS1aYkhTRDZwSzRiNkxNczk4emRjY3Q3ZVlfcTFVRGVSNjlSTHlaNC1Z?oc=5&hl=en-US&gl=US&ceid=US:en,BBC,-0.8689
How the world reacted to Donald Trump indictment - BBC,2023-03-31 07:00:00,https://news.google.com/rss/articles/CBMiYkFVX3lxTFBvMjBlS3BCOC15c0hUVDA0R0dCVkxwTzFTR0FJNzhZSmp4MlRwakNpTmpTZ1plRF9na3hYcm95eC14OGpIRHBBMXpPNGFWTWVOLWlaTV9QWDA3Rmg0WkxkdTBB?oc=5&hl=en-US&gl=US&ceid=US:en,BBC,0.0
The new world of AI chatbots like ChatGPT - CBS News,2023-03-05 08:00:00,https://news.google.com/rss/articles/CBMilwFBVV95cUxQbkFrWjhkM21tUzdUbDVYSm9sR2t1Uy1qTTBOUFd1Ym8xekp1bW9Wb0xHZ0ZsOGZoSmM1SFhpMjV6RDFmN19tRWlrbHh6dGdoa3lpV3Uydlh5QkZnZlVWTjY2WUc0ZGxRYV9uUWxKcHNLZ2s5cEFpUVQxLV9Qa3g5OGkyR3JFeGhjdEhlNm1MVE8zUEZtdDZn0gGcAUFVX3lxTE9NV3AyUVVEVjMwS3piM1FTYlJ5QWM3TWpQcVZxdlJZRkd4TjVFT3piRDBzS1VPTzhSMk0tVEV2N3ZxdDNaQzgzN0RldWIyTVNIWlVDbTh2a21WNjhrdXFYV2dmYlVzN2gwMXcwVU93a1FBYUdiZEdFV1A2OWYzMXY3MXNfdHBjYmpySlNORDM5NVd6ZzRLS0pXZ2g3Sw?oc=5&hl=en-US&gl=US&ceid=US:en,CBS News,0.3612
Ranking Atmospheric Rivers: New Study Finds World of Potential - NASA Jet Propulsion Laboratory (JPL) (.gov),2023-03-16 07:00:00,https://news.google.com/rss/articles/CBMilwFBVV95cUxQWGhSQ1JRREpRcUtacE1yLUhvaUswelVqbkstMHJGZ25GMWxGenpoN0xsSlVnX0MzWHNOMDJRODhfT0ZtcXJqdElWU2xRMzdQS2ptakwtNWl0UktDcGJsQ055MUFIVDBPMGYwWGhnMnhqNUIwbHZrRXh0WWVpWWZSenpjM3NvSjNMZjRvbkJaTGtjRHVxSzZJ?oc=5&hl=en-US&gl=US&ceid=US:en,NASA Jet Propulsion Laboratory (JPL) (.gov),0.0
How to Stay Safe on a College Campus - U.S. News & World Report,2023-03-28 07:00:00,https://news.google.com/rss/articles/CBMilwFBVV95cUxQdFkwbHE1YnI4c1NnaWpVU0xIaHFBV3FnMjBzWHpfd0lTcEh2ZWdYQXVLa3FqdVV5Q2tpOUFGd1BoMTlENU12MzVyS2Q3OEhVb2I5TndnS1Y4alRHQ1pobWp5MFdCc0ZDcUhWVmRVd0FndHZ3c3Y3U2V4aDdzbVg2V0FaTmpJTzRWOE14OU5KZ3phTHk5Q2s0?oc=5&hl=en-US&gl=US&ceid=US:en,U.S. News & World Report,0.4404
No more excuses; Guterres calls for ‘revolution of support’ to aid world’s least developed countries - UN News,2023-03-05 08:00:00,https://news.google.com/rss/articles/CBMiV0FVX3lxTE1KRWJuZWhoMjZCMlZqVkQyeS0xTFVTdmYyUlNGOEVUQncyem9oQ1pmd2E0REZZQW54ZVEydTc5VkpFeVRxanZ1R0RqellLZFRvX01JT0FvZw?oc=5&hl=en-US&gl=US&ceid=US:en,UN News,-0.296
Uniper to dismantle Mühleberg moisture separator reheaters - World Nuclear News,2023-03-24 07:00:00,https://news.google.com/rss/articles/CBMimgFBVV95cUxOWmN3a0VXNmRBX3dOemRCVzVLX2h5TTJBS0dCUXpVOTJUeEFrMVYzWlRlcVpOa0lyRnNObVJaSnZBZVh2cFlpSG9pbGp2enk4X3dPRkJRMVVVSWpkb0lfTmw2Q1FPSk4tbHZTMjhWRVdVMVRVNk9UTWNvci1wanI0Y2lVWXh4TU5EaWlEVWpPeWFuTVhxaFN5LXF3?oc=5&hl=en-US&gl=US&ceid=US:en,World Nuclear News,0.0
Bringing the Virtual World into Reality - navy.mil,2023-03-23 07:00:00,https://news.google.com/rss/articles/CBMipgFBVV95cUxNRGRzSDI5b1JrQlp3eUxaWkgteUR3dmlPT1ROZUlrVGtQREZ2QWlyOEI2UUJtNHFISWlFNlNSTmtuZU82VEJZX19kT0VXSC04TXFXOW8tSlE5TUFCeFFHdTFUbXYxSWJGQ0xnNGMwc08xcnhiMmhfN3FmWkRUbHpTM3I5dGtKemE3MUpBX3FtUUl0c2Rybl8wSEtYRUI2cFQxSFhKaFhn?oc=5&hl=en-US&gl=US&ceid=US:en,navy.mil,0.0
"Russia, China creating world of ‘danger, disorder, division’: UK - Al Jazeera",2023-03-14 07:00:00,https://news.google.com/rss/articles/CBMioAFBVV95cUxQdjh3SHp2UUNEZTFlck5EOHE1cGRCdnJxOGJ6WXdQdEE0aE52R28xbTVoYkdpV05fSUFkMG1oaTNtRlZzRlJVV2h6WWVyQUl3NFhqWm5BTGNlV1lDdDFxUG53UEJZNENaYzhWdlFtV0p1V2JyV2NZN1lSMlN4Vk1LbTJrbTNKMEk2dy1MbTBDOU1sM3UzNVdNR1ZxbVRBQS1s0gGmAUFVX3lxTE43a0cxc3k0dnFLMWRpRm9KTW9YdERrRGctdTVvNThrVHRldzVXSGtwRjFJZlFtRzZObGdWRG1ISmxDWmYyOTZkR1BLTjF5ak9aX1dkRmt6a1cwOElhVzJRSzJRMG5Qc0VKLS12YnlrZG1zZ1htc3hiOUhnaFhwVHl2dHRjM1JDcFd3a0xRNnRaeHpRSzhHeFktRWZrblZEUVZUQmJoR1E?oc=5&hl=en-US&gl=US&ceid=US:en,Al Jazeera,-0.128
UN Conference seeks solutions to global water crisis - UN News,2023-03-22 07:00:00,https://news.google.com/rss/articles/CBMiV0FVX3lxTE9OamVOUUNzZWV4b3V2Q3ZZTGpFamZjN1JBZTA5cFF6cm9qQmx6RGQySzdXUEw4YWZYeVg1QzFYZVdEZHhaWjNOX3VFZ0RHSlpyNG5HN3llYw?oc=5&hl=en-US&gl=US&ceid=US:en,UN News,-0.5267
1 in 6 people globally affected by infertility: WHO - World Health Organization (WHO),2023-04-04 07:00:00,https://news.google.com/rss/articles/CBMikAFBVV95cUxQTVlsaHZ3UlhFNnZQQ2xJWEZ3dTBEYjhZZm1saGdCN3RjYUFlaHJ2LTdtamx4dFdWV2VmMURTRGUxZVVWZWFuVFZjelVad2xYRENmSFo2b2pCWVdHd2dmMEtra3otT0xwNkZfcldXdml5ZGZacFN1ZEYzbVdxSzhWazY2NVRBRzd3SnA4M0Z2dHY?oc=5&hl=en-US&gl=US&ceid=US:en,World Health Organization (WHO),-0.1531
Yemen: Why is the war there getting more violent? - BBC,2023-04-14 07:00:00,https://news.google.com/rss/articles/CBMiYEFVX3lxTE16UmtwdTgxX3ZZa1YxZzJmSFV1bEI1bXFjaVpjaTZDSUJQZXlmY1VIVHJva2c5MERscXFwZ3ZicjVwaDdCdUdiZVVXWHRjMWc0TXdMM2lKZGpHUC1zbXZVVtIBZkFVX3lxTE9fbm56N3R2R3FoSDZUMHFLZFBPQnBDZ1ltY0d1QXFvVlU4UENGUzN6NmxvUEtEWEdWSGlRY2dBUUlxYm1YTGtnZG1GV3g2ZnFrcy1aakRVY05BRDVVeGF6NDZRYzMxQQ?oc=5&hl=en-US&gl=US&ceid=US:en,BBC,-0.8439
ODU’s Advanced-Degree Programs Cited in U.S. News & World Report’s Best Graduate School Rankings for 2023-24 - Old Dominion University,2023-04-25 07:00:00,https://news.google.com/rss/articles/CBMiuwFBVV95cUxQUjBmeWl1YnItUXZoMUNmVWNORVlucFh5YUxnck9iTGgxbzhjc2VodUtfOG1RYzBhd2xMNXpueUY3bDNZamRKYWg4SUp6QUJOOExUQ2ZRVjUtUTI4czVRNU5MZm9MRnhqMlYyMmItVTRPbzc0dEFKZEpSRlFPaDRoT3R1M19aMzdzRVVicTQ4NjN5SVFLSkhRd1pBX2JTOWZETFpRcTdhR0pwQU04YVVPTEw0YXdXaFg3N1BN?oc=5&hl=en-US&gl=US&ceid=US:en,Old Dominion University,0.6369
New World Update 1.9.1 - News | Official New World: Aeternum Website - newworld.com,2023-04-11 07:00:00,https://news.google.com/rss/articles/CBMidkFVX3lxTE5JSC1XUFFoOHY2dWJTUXhsdnZNMjk4X2x0UGZtenJtajR6T0pOXzl6QUZlRi04cE52RkRzcDNBZGJHX1dPNUZnZVZtYlBoVXFpSkdZeHB3U09BYnFuekZJTmdLMkdrNjNXM3Excl9PTVBYeU9kTGc?oc=5&hl=en-US&gl=US&ceid=US:en,newworld.com,0.0
My Descent Into TikTok News Hell - Politico,2023-04-17 07:00:00,https://news.google.com/rss/articles/CBMib0FVX3lxTE9MSlcwUXZLOEptWlVKenhJRld3NVJkZ0xoSVlRNlhNLXViNjRrRUVJNXJ0RnRnSnhFRHpXV2R3LTZpMEFWOG5VM2ZPNS1VM2dvbWlBQ3Z5SkM4NXduODZEOW1jbjdpd3NjQTVtNU9XYw?oc=5&hl=en-US&gl=US&ceid=US:en,Politico,-0.6808
U.S. News & World Report Ranks Millikin Among 2023-2024 Best Graduate Schools - Millikin University,2023-04-25 07:00:00,https://news.google.com/rss/articles/CBMitgFBVV95cUxQTXIxZVhWTFhGU0w2Q2NSekdpa19LTmVtUG83TlBFVHJpZHFnVDgzOGZISVhkeWFIbnU5aXpvMU1GV1FCeFh0cEsySTdNUHR2ZEtDcF9MUkdsTXZSdkFsQmtDVmFzZ1NOcTBzcEZoMFZhZzNBZHQzeE1vN0hsUHZuR0pNOUQ0MVV5MVhlcWtJc2J0UDNLSG5Rdm9QQXJEdWNHNFdsWDg4dFU5LUxWR3hkZEdaelAwUQ?oc=5&hl=en-US&gl=US&ceid=US:en,Millikin University,0.6369
Graduate programs recognized by U.S. News & World Report - University of Louisiana at Lafayette,2023-04-18 07:00:00,https://news.google.com/rss/articles/CBMiggFBVV95cUxQajk4SUp5MEY3RVZIWVlyd1BRN3BqQUI3ckVoYlhjbEVDME5OSm1MSGptRVBpMlc3RU1OamZEU2ZZWDhHbUJjaGVxc2RhYXVJTmZpLTN2ZjZkVEljcGlDNXVRbHR4c1JzMGx5Wlpic1pnclo2Q3FuNVJ6cmdqZVhOeHFn?oc=5&hl=en-US&gl=US&ceid=US:en,University of Louisiana at Lafayette,0.0
Find the best public and private Elementary Schools across the U.S. for you and your child. - U.S. News & World Report,2023-04-21 13:31:43,https://news.google.com/rss/articles/CBMiZEFVX3lxTE9XSnA4OTVJLVZuZkNIdEE5ajlSZXNYcWlBMHN6SWNNZ0xRNGZDdU9PWU1rR2RFQW5DVUdfOTYzZDVtMmhKZkFiaHFxSDFGSFBjb0JXdVF5bVVURkFBZ2pUY3RHbjA?oc=5&hl=en-US&gl=US&ceid=US:en,U.S. News & World Report,0.6369
"Bill Lynch, Former ""CBS World News Roundup"" Anchor, Dies - radioworld.com",2023-04-06 07:00:00,https://news.google.com/rss/articles/CBMirgFBVV95cUxNc1JZMnVSVUFPM19qZUJoYXR2U1hReTRkOFZnYWVvV3g3SzNBS0haeXZPbllUaDdnVVpJckZtR1VkZ00xRlhjQ3BnQV9SaGVCSVBTTW8wOUs4MFF6VTdBNllKdTMtYm1LX2RaZm1kZnB2NUpqU2gwaXREbGpwTW10YThFSEs3eWtOUk1vUmZZOHhXVWhjUF85NnBMNFpKUWYzNmcyZmRlTzBtdzVfd3c?oc=5&hl=en-US&gl=US&ceid=US:en,radioworld.com,0.0
OSU continues to rise in US News and World Report's Best Graduate Schools rankings - Oklahoma State University,2023-04-25 07:00:00,https://news.google.com/rss/articles/CBMi1wFBVV95cUxOUGloV1J0bkdpOUJsbDl0TTREMmlGZE9YMDBaTk1lM2pDa0wwN05RZV9fX3RfbDdpQXREUGZkUDRnRTFhdjNYeDFEUXJoeTc5Qy1PcFJFdjF0MTdCZ0NZZ3o3VzlENDdNTTVvaGhZQ2k2V29sQ0RES1hvRDlEY3VURExxbVMtQVk0b254WmpGZXI4Ym5idkZEdTJ2eEpvUjlESWJIbkNjSktlWHJOekswWG1qeUFhMnBOWWt0Mkh5R2NHNUFtTTdjMFdmMUdMS002ckdJYmFUZw?oc=5&hl=en-US&gl=US&ceid=US:en,Oklahoma State University,0.6369
International trade: what you need to know this month - The World Economic Forum,2023-04-26 07:00:00,https://news.google.com/rss/articles/CBMihwFBVV95cUxPcWtWUnZKYk9odjRtMkNCYmN5WHRqU2tyYmh5eFczYjBXMTJUb1Z2c1FPeGl5dS1HRnJIeTZlN1Fpd05EcHZzZ0tkOWdCMDZoYjdzSHlualRsaThsbWZLWjVhWWpGbXYwME0tWndfcmdqT1djN3l5SEwwa0h3bi1Xa2hVZEJuRzQ?oc=5&hl=en-US&gl=US&ceid=US:en,The World Economic Forum,0.0
"PNW’s Nursing, Business graduate programs recognized by U.S. News and World Report - Purdue University Northwest",2023-04-25 07:00:00,https://news.google.com/rss/articles/CBMipAFBVV95cUxPc240Wm4wUDhEdmlwbC1RMEZxUmgzZkhmSDMyb29sZ0VLRnR3R0xCTHhyQS1rY3d6U1pvMm5VRmkwSnFkazVwU1RiN3V3bUI5OEJ4dFd2bEFmR2FKQW1kSDFaNmJDckUxd0pUZEdMWGFoLWh4Z2l4MS00aEpwSnEtWXVPVU1ndHItOU1XaXRKNkhoUjkwQjhBb3NOSXRPdDVaS01TZA?oc=5&hl=en-US&gl=US&ceid=US:en,Purdue University Northwest,0.0
New study shows Earth energy imbalance - World Meteorological Organization WMO,2023-04-19 07:00:00,https://news.google.com/rss/articles/CBMic0FVX3lxTFBpMWlEQ2pPX3VVWE1RRi1CeFBRTmNnQk5UeWtZTDZDSHgyV250VGxCbXd3MFpLaWhBMUdxN0djZUgtQVZCOE54c1N4Z3NBY0JubTg1dUhVXzRZa2k0czRfQ1RvTGFxYW5kZjJpU2laUG56YUE?oc=5&hl=en-US&gl=US&ceid=US:en,World Meteorological Organization WMO,0.2732
UAB shows strength in curriculum in US News & World Report graduate school rankings - University of Alabama at Birmingham,2023-04-25 07:00:00,https://news.google.com/rss/articles/CBMiwAFBVV95cUxQUFd6TFpjWjVjWU9fd25Jcm5oemhPQTdxWnFpYURRN3BMSXBTb0Z2Wl9Ka3ZaNGxLLUR4MUo1WnF6OXNXVUhObWM3Um9FSmpObzJTOVdzWDJWSVJVWmFNM3JIS3FSUTE3MGRzODd6d21fQmtodXY4VTN2S0UwVU5CRTk5V1ktaGFxa2lqdllyOGUzSm5kUV80Nk9EaHFhMkdvZ0tyQjJSTS1hZmwySWpZdVg3WkVZeGVNMGg3cWtLVFc?oc=5&hl=en-US&gl=US&ceid=US:en,University of Alabama at Birmingham,0.4939
"In South Sudan, a new front line of climate change after historic flooding - ABC News",2023-04-19 07:00:00,https://news.google.com/rss/articles/CBMitAFBVV95cUxNMmxUNUhYdWV1eFp6eGFfMlBLQkd5YlZhVFRDdEpzakh6QjJqSVpOb2ItOHB3OS05czZVdV9aZDlzQmdpN01IdWlFVU5nUDdtdU90M2wzZ3NfWXBtVERtRDVubEozbkFUSnVvazl0aEw2N3pwWlhwNTVob2h4TDR5YjBUTHB1QzB0c1RhVVRxN0lwVXJaSWVBdnVhVEZfbkpEMEh1Yk1KVm5fYVQ0TVc0aDZWUDnSAboBQVVfeXFMT3ZrTHZidWwxaE1Mdm5BN2l4ZERnYV9fZXFhZHAzczRIbWRwNU1rT1Y1QmdDLTE5QlVrRngzdGpwcUFYZHdqd1ZKSE41a0c0S0Q0RzkxeHN5M0hnWTFncTBSZnk4ZW5PdnNlX2dWOHNheTlPVjRHY1RhMjYxR19VbVhJcG85ZGp0Q1E4TjhieGZGNHdEbGFSVUJMU25ZbWNXRWx2aVBPdV90UjlqWkxmS21fVGl4ZDU3U1R3?oc=5&hl=en-US&gl=US&ceid=US:en,ABC News,0.0
US gun control: What is the NRA and why is it so powerful? - BBC,2023-04-13 07:00:00,https://news.google.com/rss/articles/CBMiXkFVX3lxTFBPMVRQUUFqcnR5ckRQblNmUmIwS0pGYzNGSmhRbFNDZDBVTUVyLU96NjdKSWdsRVBhVEItdDVud01TS2RwV2pNbUcyTWw4WXYzNjBsYzFEWEI4ZVdQM3fSAWNBVV95cUxNcXMweW1Ycm9YeldSY25RbVVUSDZ1SGFRaGstamtob2lKR3lYYlRwOXR5dE80blFQc2dkcmxaSHZKMUxaQ1diV2tWWnl6LU9wcTRud2pVcnF0cHM4c1p3d245VUk?oc=5&hl=en-US&gl=US&ceid=US:en,BBC,0.2996
Sudan: Why has fighting broken out there? - BBC,2023-04-24 07:00:00,https://news.google.com/rss/articles/CBMiWkFVX3lxTE9sWDhWLW1uVDhzaGtua2o4ZkdTSkJTb1FhOHh1OHctY2dESFlWdm9XTTNLQUxHSzNIX2p5eF9OZm9acjVEWVAtdm56S2V1NkJaVW4zekZYMm5qZ9IBX0FVX3lxTFBoNmZTQXFaV3dZWXR5UDdITHJyd3BLbDVsV1ZMQ3lmOGVTZldlc29WejFhZWJyYjFPbmc4TWhMaVFWRVNaR3hwdDRyZFJ5WXR3Z0wtMVFfbGh1b3JYaFBj?oc=5&hl=en-US&gl=US&ceid=US:en,BBC,-0.6808
Sudan crisis: Burhan and Hemedti - the two generals at the heart of the conflict - BBC,2023-04-17 07:00:00,https://news.google.com/rss/articles/CBMiWkFVX3lxTE1ueHdPbUIxUjJGTENKM0FKQnNYZk83WUt4VF9zU3FiX0RjaXNZczVyWDdoWmROZWllZHF6OUFJaDd4VDdkcldRU1Zlb0pINUhPU2pHaEc1SDhLUdIBX0FVX3lxTFBkbXJSbWZYU3RWcm1iNEF0OEx1YVNYNjFWb2lqUW16OFhWRGUwalpkUEZYTkJUVVZOMWNJREphZzZubEx4TkVfQnFIajVuNTgwUllVejBQNGRhekRyZDdF?oc=5&hl=en-US&gl=US&ceid=US:en,BBC,-0.7506
Most populous nation: Should India rejoice or panic? - BBC,2023-04-30 07:00:00,https://news.google.com/rss/articles/CBMiX0FVX3lxTE9VXzl6bFo0dVFQRkt2RnpmSnNPYjlVUlZRLXZ5QlRBNzFHUV9WdFVMd3FrbVNJLTBHU044UjFwMzVSYVhLaG9ydUUyWTVudGxrNk1wLTlKTXhUdzFsUFln?oc=5&hl=en-US&gl=US&ceid=US:en,BBC,-0.1027
Trump charged: How the world reacted to his arrest - BBC,2023-04-05 07:00:00,https://news.google.com/rss/articles/CBMiXkFVX3lxTE9mUmV1MEpFcDNUNkd3RVA3eVdSLVRraHhnY3VnaHdzY0pSbW5LQV8xRlhWMl9SUFdrWkhoeHhXOGNvdDBnU3hvWXdBT2NXSmJVZVlGbWRQWWxsNlVZcVHSAWNBVV95cUxOWmhHX185TmtEVFBZczNYa2h3MVFzb2pzLWkyQTU5bVY1MndYd29vNlNPdFByVWdsSHBxdnYzWXo4RTFWR2poQVhZUHBGMjFRTjNyZlBVRDhGVW1aa3lQaU1DenM?oc=5&hl=en-US&gl=US&ceid=US:en,BBC,-0.4939
News for the powerful and privileged: how misrepresentation and underrepresentation of disadvantaged communities undermine their trust in news - reutersinstitute.politics.ox.ac.uk,2023-04-18 07:00:00,https://news.google.com/rss/articles/CBMiywFBVV95cUxQZk5TY1dHTXFIY1R3UXBKM0h0MGVxSEt2S3pNV09QQWNuYXktV2dyb1o3c3BvbW9iR2NvRmhOUUh3a2VnVE9ZVEtzaXdZY1V4TFppNU5CcnJrT1NWempueHQtR1FONFVNSnNNeklNQ1BSSWxMaDRyWFIxX0Y3bkVaVzNGMXhMOHNHMktfVmhtMU0teU5wdTIzMkplVmxpRzVnMHZ6MG16UG9TczU4UkZtcDJNblRQRE1lV2dUdFZCd1phX0JZT3lQZzJqWQ?oc=5&hl=en-US&gl=US&ceid=US:en,reutersinstitute.politics.ox.ac.uk,0.2732
Djibouti country profile - BBC,2023-04-18 07:00:00,https://news.google.com/rss/articles/CBMiWkFVX3lxTE5POGxGZXZ6MXRBRnNHSktXQV9YRTFDWXhXX1U0YVRLU2p0MmIzbE1VWFZFbkVQT2xzTGZ6Vi1oOEJwN2VZOERzS0xYazlZcDd3M0drZFlkM1EwZ9IBX0FVX3lxTFBoZ0FncE5JeVZacThCM2Jsd0VjVDJIa1pxUWxzMmJIZzcxRGpvTkdrVVZNbW1NaUlTOVc5d3k2RGUteWRfUFUtY2k3M0liZk84YUV2SGk2WUxiY1ZvdW5r?oc=5&hl=en-US&gl=US&ceid=US:en,BBC,0.0
U.S. News & World Report Ranks Seton Hall Graduate Programs Among the Best for 2023-2024 - Seton Hall,2023-04-26 07:00:00,https://news.google.com/rss/articles/CBMijAFBVV95cUxObjU4SDJBZ0xIb0pVVlcta3M2LUlmM2FxcXpnZE9MS1d3YnBkSjBLU3hjQy1JME1wX3lGZ0dmMGxfeVhHODQwdy1uVWxTQi1JR1RUZ2Q5TmlpZUtqdHNRaDA5S1lpX0xfb3lyemp2cnhHeEprLUF3UGR2d2poOTliSE05NFZCRVh5X0RFaA?oc=5&hl=en-US&gl=US&ceid=US:en,Seton Hall,0.6369
Eritrea country profile - BBC,2023-04-18 07:00:00,https://news.google.com/rss/articles/CBMiWkFVX3lxTE82M3YzdG5HaUc1VWNOUlREUFFqWENGODBwWTlFSGI1MS03ejdvQUxsTGdsMFRQVXBuOWJmTTM2bktzU0ZYbnRHT1hiamtvenA5TzNGQ1Rsc0xsQdIBX0FVX3lxTE04d0Etak1vQVRRNUZPcERUYWdEYVg5YVBpeElmUWs3U2tQNWFiQm1ZeDZwWGNLQzkybk42djBYZHcxazA5V01hWTBEYzlmTkJoVXBLUkNUZTZMSmdHTDRn?oc=5&hl=en-US&gl=US&ceid=US:en,BBC,0.0
US and South Korea agree key nuclear weapons deal - BBC,2023-04-27 07:00:00,https://news.google.com/rss/articles/CBMiXkFVX3lxTE5UcXc3cWJoOGJRNGctWWFleGMzWDBJbkdmenNMclZoLWptYU5TMU4wSEtFdDUzMkNURjBCR2tsSVI3Z1hZdHljVVB5azEtSWJIaDZ6MnJtWEp5VXMwcEHSAWNBVV95cUxOekZOV3JlV3VSLXpmZkNJc3RNQmtRUHNweVJhSWZsWWhQZXloWWplb19ueHpfQ3dpbG9YZ0lwbWdLZUhsbGRWaDFvQ3NBSy12Q2ZWOHdwZUtKai1HZVpiZ293c1k?oc=5&hl=en-US&gl=US&ceid=US:en,BBC,-0.1027
World Chagas Disease Day 2023 to focus on integrating universal care and surveillance at the primary care level - World Health Organization (WHO),2023-04-14 07:00:00,https://news.google.com/rss/articles/CBMi5wFBVV95cUxOcTl1ODA3LTJVaGRJOFFhVGtabWlULXJ5RjZONTVjOTUzNjVQcm1kME92WWtjMHNmdlBBTkJPUXlldXduUTBTNjNhdXd1TlNtNGRIMzFNNmxIWjZPY2lPUU1TcHZ1MmhCRmNnMlhyRUt2eFBNaGQ2TzRYdEdUdS1pRE13Snhyc3RjLUdDaGZQQzFLaW9UeG1fQmxUaWNQSEt1R2h1ZGszeWQxMmFsdFVGSnhxTmxiMjJ2SUx2a3B5ZGtldm9pYlRwVEtpNk1DWlhicTc5Z1N5c2cyVFdsbXB4WXhKN3N1YzA?oc=5&hl=en-US&gl=US&ceid=US:en,World Health Organization (WHO),0.7506
Clarkson University Again Featured In U.S. News & World Report’s Best Graduate Schools - Clarkson University,2023-04-25 07:00:00,https://news.google.com/rss/articles/CBMirwFBVV95cUxQX01ORW1fR2pYbS1OV3ZsckJSNWI5NVhhOTlZNG8xYVJSWDRSdGEzRVFDbk92SlhUWnh4SmhsWk9JeGc5TE0xb1Ywai1XVXZGdmJrbEZtbHZEc2xJSG5RV21jSXZMNmtPNWE0V01NUy1vbTVhMVAyQ1lIcVJiU2hEclhZcVN5bTJnWDNEM2JDR0hCbUYxU3ptd1JZZ1ZQSlRBSzBvMmF0VURlbTVMT1ZR?oc=5&hl=en-US&gl=US&ceid=US:en,Clarkson University,0.6369
Nato's border with Russia doubles as Finland joins - BBC,2023-04-04 07:00:00,https://news.google.com/rss/articles/CBMiWkFVX3lxTE1OSzF3ZVFvTXRURC1RUmRBNUpCaTE3NWtIaWFuc1VucjhtWlZJengzSGVnOEtZUzZVazZPVkU5bTNlenF0Ql9HVDNNWFlncWwtamN1azh4djVhUdIBX0FVX3lxTE5zZFc5Rl9aMUk2OUtSd251ZTRkZnl4RlRzdUQtd2tYYkd2a1pXc2xTWklMM3g3UWNCQURyR2o3N25tdFN0elg1RnpOM1dtMml5cFotb1VFMW5yOHB6c1pj?oc=5&hl=en-US&gl=US&ceid=US:en,BBC,0.0
The Gambia country profile - BBC,2023-04-12 07:00:00,https://news.google.com/rss/articles/CBMiWkFVX3lxTE5YZFZ2SkdWOTlzc21JVWpmMGZsblUxZE5tZXBZY01LYkltQ29aQkZ5RmZUOFFKU29ibEpoRnUzeGV4VXNzUTZTTFNUU2wtNWdseHJfZjRtWGQ0UdIBX0FVX3lxTE1MdHN5LVF1YXYzNW1wRGFCNmlndE1UQkxqNF9pYmZKay1fZWtVQ1hmS0ZOQW9Zb3JyT2c1QWJ2aFI1ZVo5bkdnOHJEZ0VtLTNkTGNZaV9aX3RSUU1Kd0FV?oc=5&hl=en-US&gl=US&ceid=US:en,BBC,0.0
"What are 34 felony charges against Trump, and what do they reveal? - BBC",2023-04-04 07:00:00,https://news.google.com/rss/articles/CBMiXkFVX3lxTE5NUkVDSW5iWjdpVzRlVkJ0YTVra0ZCRnNuN3M3X1ZzWG5QSEVlU1JPaVprZnE5M2Y2bmljM3JUZ2E4ZUVDQ0pNcTR4SWl3VXFVUm1kR1gxanNUYVNZWGfSAWNBVV95cUxNTjRpeWZQUG9nRE9nSTJHNktHbUhhVmk1YXBJbzJjMThDRENhb2JqRElxWEtpRDhHT0JsQ053NjRnZEwtNDJTVVAtdVV1RzZLWUtrc2tFWEp3UGdvaWRVYjRuRzg?oc=5&hl=en-US&gl=US&ceid=US:en,BBC,-0.6808
World Immunization Week 2023 - 24 to 30 April. - World Health Organization (WHO),2023-04-24 07:00:00,https://news.google.com/rss/articles/CBMiogFBVV95cUxOZHUtZUNJcWxlTnQwM2NOQ3ROYUF2NDFLY1I3eFB3RmZXZEgycjFQcnF0Q3lMN3hkWElieWFSNHk1VGtSbFI0U1dBbzEwTlBYY0k5TUpBaHh1Z1ZYM0U3Y3hKbS1Fd1pqdWI3eUdZVnNYdFF5WHZCaUhiMVVRTUpOaGJsaWE3Y2hDZGctbk8zV1Z4aUMtTjB2TVlsekJkRkJVTWc?oc=5&hl=en-US&gl=US&ceid=US:en,World Health Organization (WHO),0.0
Donald Trump’s arraignment: How the world reacted - Al Jazeera,2023-04-05 07:00:00,https://news.google.com/rss/articles/CBMiiwFBVV95cUxOa0JHSDEzVnBFTnF6NU9Namo5QTlIVWpVRUVHczQ4cVU0NG5YNWJMWWxnZWpLN1BFVnA5eVR5SzlicmlZWXRWay1yMjA3TG1RWW92QWc4dlVWdV9qa3JObFpsRzhJVEJRRXZBRlg0UE9oeUl6c3o2U0RneE5yc2lqcHYwa29QSWRGN0RJ0gGQAUFVX3lxTE5BbHR3bnpEUmxSMkM3MFlIejh3Q0dmU0diVGUyMzZuUFQ5RXIxTG44Ty1YLU5RVTN1Rm9rZGRCT1gxbXVKNThVM1ZtQ0ZBdktod0l0ZFBtdHJnNUIxVkhJMGJhWG15QnBRREFjWlRjMmIxMk00WWFfMDBPNUNBZEJ5b0hWN2U4dU05NlBsWEVYNQ?oc=5&hl=en-US&gl=US&ceid=US:en,Al Jazeera,0.0
Myanmar military airstrike: More than 100 people feared dead - BBC,2023-04-11 07:00:00,https://news.google.com/rss/articles/CBMiV0FVX3lxTFBYb2R5X0Uya2VnVGQwdTRnTWF0YlY5TkxjQi1ZVnVkY2tKTXp6RzkzM3ZBaTJNVXpPbFZGblVwal96S2JzZkg5cXBRRUJoRDhnWW94NkNYQdIBXEFVX3lxTE1aMGhheGNWUm1GaTViUFJvZURqaEtBenJMZUdlQzQyS0hyX21zN29sRC1wWktMMUVjcWs0WG9uN3ZLOG5pVlRlWlNaY0M5WVNOOEtvLVVoVU8wVjFR?oc=5&hl=en-US&gl=US&ceid=US:en,BBC,-0.8176
U.S. News & World Report ranks UNM among 2023-2024 Best Graduate Schools - UNM Newsroom,2023-04-25 07:00:00,https://news.google.com/rss/articles/CBMimgFBVV95cUxPeUEwLVFvUTFmX2pydVg2VmhiN05PRDdkZHpIT3d0Skk2V1ZZa2xSR3VrdDhRNW9UWnFta0Q3VnpjWWEwZnlQYXNUS3BrNndpZkxMTmZQUW9XZUV0cGlzQ2xvN2tMSUdqaVdRa1E4VERRN3lmSlJpbTltTGlSTllsOEgycUdZMVdrMHFoLWdpcTZVNFlaMFlSa01R?oc=5&hl=en-US&gl=US&ceid=US:en,UNM Newsroom,0.6369
Fairfield University Ranked Among Best Graduate Programs Nationwide by U.S. News & World Report - Fairfield University,2023-04-25 07:00:00,https://news.google.com/rss/articles/CBMiwAFBVV95cUxQRGdfYW91LV9KYVlZQmJhT2NfWE1GQkJ2X18xNVlMREdYTzd0Q2hzWlF2QVVzam1Bc0tveXNUVUdtLXplbHlIZjlPZ2dJcE8xak9jOGt2UHE2VWRLR25FRV9NZW9IRm1FZzBHeGtpQlp2a2lkRnZNRVEyTXNhWG9OelFnMzFycVRKdmNtUllFXzZqNVR0eWpGcWRtVmlVR0ttU1gxcHY3XzFxNjJwUlRidWZrMGVpZ0pTR3pON1VvWEw?oc=5&hl=en-US&gl=US&ceid=US:en,Fairfield University,0.6369
Mark World Press Freedom Day with news literacy resources - News Literacy Project,2023-04-28 07:00:00,https://news.google.com/rss/articles/CBMiXEFVX3lxTE9GdG0yeWJhcjgxX3lZM1IyQ1Z5UEQ3YUNDUXRLWkJNSnlySWl3QW10Y0FtYlllX3BScEs4S2xlUzFONzRVNGdkWHRxQWtQNWlTaDZPbFFXRlozTy1m?oc=5&hl=en-US&gl=US&ceid=US:en,News Literacy Project,0.6369
The UK company spreading Russian fake news to millions - BBC,2023-04-04 07:00:00,https://news.google.com/rss/articles/CBMiUEFVX3lxTFBYZEYwbms0YjFPSFhNNW5tcDRZSW1PUHRiaktvdllOSUlhTGRCb2N4ZzQ5QTI2UzFiUUYxR2E4dGpDOGItQlktdGNhYnVKNC1G0gFWQVVfeXFMUF9LVERmX3lSUUx5eTZ0ZWxyU2xieWN0ZXJFZF9NdFAtcmZwMG1vdDdtcndyMENTVzRTRnNXVTh1MDRISWpFdi1wOWhKOXA1ZktZaUVXaVE?oc=5&hl=en-US&gl=US&ceid=US:en,BBC,-0.4767
Unlocking the potential of AI in higher education - University World News,2023-04-19 07:00:00,https://news.google.com/rss/articles/CBMid0FVX3lxTE9JY1RvMjFUTU8zX01FRVZDdHY0ejlUQVZUaVJuRS02YWExRnAzMHBRWW9IbXR3eUNLMHdGQlpMS3hISzlQbWZzQ3pDTFJObVBZNWQ2M2p1d0tCUDVjM292XzBaZkxiaHJIVkVmR09nOVJ0SjVnbzE0?oc=5&hl=en-US&gl=US&ceid=US:en,University World News,0.0
The biggest intelligence leaks in US history - BBC,2023-04-14 07:00:00,https://news.google.com/rss/articles/CBMiXkFVX3lxTE1Ob3UwUmhndnJsMmZ4azlaVzV2eHgtd3F1RU15ZG1VbEE2NzJoRkczUlVQSGhaTlFXLUtFa2tRbldneUdWRGVtUHVEYXhES2JiRkhxNW1RNU1pMTdrSlHSAWNBVV95cUxPczlHZHZidnhmSzhpTVJPSUxaQktVUktwTTlJLWk1NG1aMXd6U2JvN0NHTHNFcDVUNjRhRjYxVkV5alk4MGh0NDJYYmRIdm03S2l5Y2dVZm9mNWJoSWJ0M0FzUjg?oc=5&hl=en-US&gl=US&ceid=US:en,BBC,0.4767
"Bill Lynch, former ""CBS World News Roundup"" anchor, dies at age 77 - CBS News",2023-04-05 07:00:00,https://news.google.com/rss/articles/CBMikwFBVV95cUxPdzU2UHZNZHcxZHg4d0pkci1YSXktV0psa1dRZ2U0VFZyRUZsekZzM3oxakFyNDZISFVBRjZOQXhGZUY0ams2Z0txdVpBemQ1NFV6Nmtnb24ySDdtM1M0aS1jOVIzbm1mZGVyZWZvQk1DQ1ZqbVdfVFpTcWNrdmxYV3hOQTRuZFk1NFVqQVQ3TEFGdGfSAZgBQVVfeXFMTVBzXzhKTlZRb1FWX1RTTEt5UU5KbXdmd0ctVmgxQy0xZE1SVjJFZTdXNDZjdzVFb1FxakJqbENWZkVBSGpROEE2TTZaZW9MZ3NaMXpENXdnZ3h1LUtodDFHdmZXT2Q2Tkt2Mm9YSVhfaUZhaU9tTTZlMUZoZHhsMTNyT2x1WU1XLVpGTTNUUkFZY29mSU56VS0?oc=5&hl=en-US&gl=US&ceid=US:en,CBS News,0.0
WHO releases the largest global collection of health inequality data - World Health Organization (WHO),2023-04-20 07:00:00,https://news.google.com/rss/articles/CBMirgFBVV95cUxNdWdsN2JhekJpUnZ5c2tTWWFvdHdZYTI2NWkzZTdGYXdLcElZTGZkQVJ0Q240cmtUdWFSam1BNTAya0dJX25mYXZfVkktendHRkpwNnVuRFMxTzc2ak5lVURMcEF4NDkyUFg1ZDBZY3Yyd25LZkE2U3lmTmdLQVh5Wk9Cbk1IcVB6TUpLd2pjZ016QUQ4eGhfYkxGaGJMY2pqaXBrcmNEYXZ3dHBqZGc?oc=5&hl=en-US&gl=US&ceid=US:en,World Health Organization (WHO),0.0
Nine graduate programs make U.S. News & World Report rankings - Illinois State University News,2023-04-27 07:00:00,https://news.google.com/rss/articles/CBMinwFBVV95cUxNR2I4Vk9ldTVGUFlOcE9sZFhqMDlfbjhPZWxRSW5wbnNyY2xNWlFUdEFzLVJQOHNadDBlUmZMR1B3LVpqd3VTN0paMW1xU0stMTNwZ0hQLThzS0s2YjBWWmtNUmI3cEhzaC0zMDhtSklVS2NXYndqU2M1dmFvU1F5MTQ3RHFsNVc5VTVZMkdSLUVQRUpaTzNmbkIyeWhncW8?oc=5&hl=en-US&gl=US&ceid=US:en,Illinois State University News,0.0
Cyprus country profile - BBC,2023-04-07 07:00:00,https://news.google.com/rss/articles/CBMiWkFVX3lxTE5iaGVPSFBvYnBSdFI2ZUd5aFUwRWdnb3JyZEJmUTEyMGZ0TWUyNWdybzJyZEhjOHFOcDNjdWlrSUduWVA0NVZyOWs4QUQ4X2tJeC03eFpLUWlWZ9IBX0FVX3lxTE1LM21oYVVlY21DMzRic1BoQmxmd2IxVkpGV2tZMnlBVVNpMmJZSHRtQTNkeTg1QWVGcTZFUXRoSjI3cERoQng3UXRDdE8xWHdEelRPT1RMN1EydDBHbENj?oc=5&hl=en-US&gl=US&ceid=US:en,BBC,0.0
Everything you need to know about plastic pollution - UNEP - UN Environment Programme,2023-04-25 07:00:00,https://news.google.com/rss/articles/CBMilwFBVV95cUxQZW1sYzQ5TFZ4YXVGck8yS3ZKNGZiczd2cGhDZWxiTDEzNGhJQUFEMVRkNXlrZEE4WnZNRjViSEozWkpkbVR5RjE0d3FnNWFjVUdfb1pWaTRlQm9ZbFdEWGJzM3pwalY4dE1lMmhYNmprWTh5WHFNc0xGNVFINzBIMGtRcXRJODF4NUJKYVVIR2ZiMWxfTWZF?oc=5&hl=en-US&gl=US&ceid=US:en,UNEP - UN Environment Programme,0.0
Global Travel & Tourism Catapults Into 2023 - World Travel & Tourism Council (WTTC),2023-04-26 07:00:00,https://news.google.com/rss/articles/CBMigwFBVV95cUxQeVFwR3ZuaU1tcTA5eDVoVDlNTkw3THR4Y3VwSmRWZUlwYnhqRzNJekpteHNFUmNPZUl3YmJ0ZkE2Y1JDTHZpMDVfcmMxalljNElLdmk4eU1wdE94aHAxV2I0RmJ0MVhLcS1RYTVoOGt5bGtySFE3RFlISGNwRnFSLW1SZw?oc=5&hl=en-US&gl=US&ceid=US:en,World Travel & Tourism Council (WTTC),0.0
China's loans to Africa worry World Bank President David Malpass - BBC,2023-04-01 07:00:00,https://news.google.com/rss/articles/CBMiVEFVX3lxTE55YzNWZGJEeWxHNVVhWVplRmFLMzVtTHU4bG1hSHV0VndWOWF1d3lGNTdqclRFby1pSnpHZVNlN3ZjWTZqM1gxWmJmTmdpUDJHa3ExUdIBWkFVX3lxTFBBajhHUVVRN1RrV3dmOU04cXRSNU4xVF95SVBxb3p1dmVBUGkzak1iU245cG9yX0hhOWJnQ084RnhfWEZwN1ltdWVJaGRsRkNPUmhVa0xwc2hjUQ?oc=5&hl=en-US&gl=US&ceid=US:en,BBC,-0.4404
U.S. Strategic Command Concludes Exercise Global Thunder 2023 - stratcom.mil,2023-04-20 15:25:25,https://news.google.com/rss/articles/CBMiygFBVV95cUxOOW40ckRVbEhjb0R5TUFSRGNWMWJaMU9LNUhTYzdtTEw0UWdUb1ZJbHQ5emd6UDk3MzI1dGVtMlgwNm5tSkljYWwtVFRfZWpMWXF5QXo0YjhzT3doaThISG5GQjJwLThOcFVxS0VxXzk2SnFaZHJoclJqTENLTmlmdm8tVlk4SHlIX3o3dTVXRmpQQ1B5eG5GZjN1a2gyRWpsS2l1eW5UZ21nS1Y5TXhCSENXaFRCMnk1eHh3OTYxMjhqcGZYeXdXSFRB?oc=5&hl=en-US&gl=US&ceid=US:en,stratcom.mil,0.0
US News & World Report Ranks UofL's MS in Health Administration program #32 among CAHME-accredited healthcare management programs nationwide — School of Public Health and Information Sciences - UofL,2023-04-26 15:41:21,https://news.google.com/rss/articles/CBMi_wFBVV95cUxNUGljQWY5WVpJR3R0VHdmb0hqV09JYlFKUUNTY3MwbUFYaEYtNm9YbFgwelMyODFXRGpQYUx0YkVLY3BfYWNIalFjd2dCV0tDa2ZvYy10dHE3ODdvTjNVb0xBQlJOZlZBb1YtUXpvbC1xTnpjalBlQ3BKU1haRkU1TnZWOHVUcXE5UmwxbW45YVN3RFVsVDZiTzZDQWZOQmsyejJGTV92UXp2UGJEWjBwVnE4RW9SdEoydGVRNG9NNDBmWnIxZlhuSVprOWN3bEE5UEFMcHc0dzVsbVdncEcyX3R0VjhiNnlBRFI2NlJxU3ZsRWJuN0NPRHF2WG9LbEE?oc=5&hl=en-US&gl=US&ceid=US:en,UofL,0.0
Season 1 - Fellowship & Fire - newworld.com,2023-04-03 07:00:00,https://news.google.com/rss/articles/CBMigAFBVV95cUxPUE45a3Fvemt0YTVWV3c3NGRwYnRjMkZ5UHVwRzFPSGZpM3RQbVBqMUlON1Jtc29hdXVEekgyc0xDOEFyWHF1alRvWmVkVXBwQ29iTHRnNmxqMmU2WVRJXzlOVnA1SHdYdi01VHFLTkdNWWJUVWZkb21fTlNoYzBLZQ?oc=5&hl=en-US&gl=US&ceid=US:en,newworld.com,-0.34
WATCH: Yellen holds news conference during worrying IMF-World Bank spring meetings - PBS,2023-04-11 07:00:00,https://news.google.com/rss/articles/CBMiowFBVV95cUxNcWV5SXZzZ19KWXZFcm9STzNuRXhpQnhUYUZaRVM1TUlhSlJwcjk5TTlsQm5iUGlWTEJvWV84Z2F4Y1YwZF9SN3J2aS01ZVQwX2w2cUJqU1Q4Zkg2WlhMTTFIQmVjZGFCeFhqY2RzeHR1VDVZRFljNzl5aVZQN1JXVW83YnU0bkJOTXBTckNKdEV5Sm02Qm9yVW1mTXlpay1zM2dn?oc=5&hl=en-US&gl=US&ceid=US:en,PBS,-0.34
South Sudan country profile - BBC,2023-04-18 07:00:00,https://news.google.com/rss/articles/CBMiWkFVX3lxTE90WE5UTXFNdy1rRnhWYzNVeS01dGpteFVMQXA5TUoxWXk1dW5WMVdQemVlNkhZcnBqNGRaNGV2WGJ4aGVwVHZCN0JVdFJLdkpZQWVEcEJ3dWh1d9IBX0FVX3lxTFBsUzF4UjVxOVBGM1pqcXBkVXRSTVgzdllzZ1ZVanVCRUxzUUQ5Uk4tbHhOSlhsdkNnQ1VfTkYyNHpXc0Nqa2dXcFJud3duOW4yVTlEUXU4Y2k4UG1qaFZF?oc=5&hl=en-US&gl=US&ceid=US:en,BBC,0.0
Tungiasis - World Health Organization (WHO),2023-04-28 07:00:00,https://news.google.com/rss/articles/CBMiakFVX3lxTE14Q1pHWWJpRVRpVHRiMllqaGxoUVhna3Z6Ty1SQno5LXNTRnI1NkVUczg0SGo0M01Lc1lqd1cwTzU0bWlMaVpiUGttQ3h6eDJiOVc5UUdlOUNtN3VXeEJGRXlXT1dPMjVzNlE?oc=5&hl=en-US&gl=US&ceid=US:en,World Health Organization (WHO),0.0
Jordan country profile - BBC,2023-04-19 07:00:00,https://news.google.com/rss/articles/CBMiYEFVX3lxTE9jS09MOXk0eV8zZVhUR0JKenpleGR5czdrM2ZiMTBYOHpodWhrejNTSzhVRXZEdVVVejg2UFdveDZselBDMURNNlZYdjMyZUY0NGR1eGtxQUxwN1lldzFob9IBZkFVX3lxTE9ZdVcyN0FuWHBldWZaVmVhSjFxTnVTOTZUcXozT2NPMU9jX2dTWmlOSEJBVndtMm0wTnl1TTluNVV0UGphb1N2c3R2cnN6MHkxQUVvMXNSU2xXWFpvZlJoYzMtOV90Zw?oc=5&hl=en-US&gl=US&ceid=US:en,BBC,0.0
G7 agrees to accelerate phase-out of unabated fossil fuels. What you need to know about the global energy transition this week - The World Economic Forum,2023-04-25 07:00:00,https://news.google.com/rss/articles/CBMi8wFBVV95cUxNWVdoUnZZd19pYWlUZ1dzeVNxX3A1QS1YQXFFbHlZN3hGR1hXcmtLWEV6Ti03RGdHMTltU1pjVHpTYm9qRFoxanJON0JxdXBZS0VfTC1RX2xoaG1uak1WbVhiZ3dfa0ljZ2IybGpScnhDUU54NmZEZEpJUXNoRFV6Q0RVMnlsZG1ZTzBUS3p2VFhXbVM4NFBxeFBBbFRTZ1ZpSTI5aEdQdWVzdDEzSVcwMWVYMERIV2tmQ3c0aTJQRlhrVkpjREFBenpFX2JBMm5lN2o3YUhBdERkMEJwU2RZaHpoOFBXZ05PMXVlWUppN2JCYnM?oc=5&hl=en-US&gl=US&ceid=US:en,The World Economic Forum,0.4404
Peabody College again ranked highly by ‘U.S. News & World Report’ - Vanderbilt University,2023-04-27 07:00:00,https://news.google.com/rss/articles/CBMiogFBVV95cUxQVFp0aHktZzlONUpCdTlNenZNaUE2VWIwR0Z4NjJJYWxJV1ZNLUpzQ3E1cG9XVHZYWFRoZmZiSW5OV2tCY3JlRFgxczNuaFJZaEQwN3VYVFZUVGNJcVJlVmNtbjFsZFgzcE9rd09VRGZ0VXVDak5kZTNOLWVCRktJVGJoWHROVEI2eER6aVAySHNJazNRMGZwdlVLLXlLRVVLUmc?oc=5&hl=en-US&gl=US&ceid=US:en,Vanderbilt University,0.0
U.S. News & World Report Ranks UVA School of Nursing Among Nation’s Best - UVA Health Newsroom,2023-04-25 07:00:00,https://news.google.com/rss/articles/CBMirwFBVV95cUxOa28ydXFHZHdOclNnbUFkWG5iSGlja0VvN3ZmaXVTUnFZM2xXejFPUFZkcnJNSC1QMkJtVUpXZnh5M3RZTVBuOE1PUGtRTnJrTkU5U2xad2dBNGN6NTRaNzZkY1VaUnllQ25COHZieHJJVEM3ZXgxWm1Ha0pBWW1SMmwycEx4aUNoOGN1YTI0aHMzZGhVdUE5VERxYkJjYXg5bHYzMEpCMHlKcEc2MWdR?oc=5&hl=en-US&gl=US&ceid=US:en,UVA Health Newsroom,0.6369
UTA student to present COVID-19 research on world stage - uta.edu,2023-04-26 07:00:00,https://news.google.com/rss/articles/CBMikAFBVV95cUxPM2w4NDdvOFdRUWZGYm1Mc2pxUzlfVTZYS0dCTXdXbzZfQ21BeVlHMGI5TmpkZS1MUVAxZVFKQ3Q3UzN4R0xXYkduMWw4cFFCRjlyQ2huTEt5Q2F2WkRWeDV5NGdlVmJST082NTJtdEk5WHVDRDNWR0Y2TUhpZmlSZEFGUkV1WEk0Q2lJaC1ydXA?oc=5&hl=en-US&gl=US&ceid=US:en,uta.edu,0.0
Pitt graduate programs retain high U.S. News and World Report rankings - University of Pittsburgh,2023-04-25 07:00:00,https://news.google.com/rss/articles/CBMikAFBVV95cUxPd0wyZ05YcTEyVmxLM2xfWHYxUGVLNENzdzIzVEVpbXhOZWdQSzA5c01fanN6bTFmcjB0WV81N2dMTHYyenQtbU5JRWtEeWFqN0pQTG9rc0NYNXh6RUlSRG9QWEhlYnZEOWRBWUE2eVhQUDFueUk4ZjF2N1dIbUtHRUk3cDNDSm92dEVvRG5teFI?oc=5&hl=en-US&gl=US&ceid=US:en,University of Pittsburgh,0.0
Five G7 countries in nuclear fuel agreement - World Nuclear News,2023-04-17 07:00:00,https://news.google.com/rss/articles/CBMikAFBVV95cUxPTGt4eERiY29fYVd6LVpqZG43UmQzdmttQmxyZE5xSGM3c1NkRkVleFoxM3BuR09oRGVjRUpDdHhuU2cwbFJCd1hMMjBGSFhoVVd0bHZsUnFOeVRuTVFLZHlnNWZsM3BkSTNyLXk1QmlIWlFIWkFYR3NRejg4Mmp2SFNncThWTWQ0a2wxbnhSNEo?oc=5&hl=en-US&gl=US&ceid=US:en,World Nuclear News,0.4939
FAU Among ‘U.S. News'' 2023-24 ‘Best Graduate Programs’ - Florida Atlantic University,2023-04-25 07:00:00,https://news.google.com/rss/articles/CBMihwFBVV95cUxOWFlZNy1RMndEUVBMcVNwM1RRMW1hZVJrQlNnbHpkM242T25MNFIxeUJ0dDRhNWwxRktGbFQybVFCSVN3Ymg2Z3FKMWcxMzVQajlRZXlYWjFBWDA1aU1WR0dZZkZFbGFLUkhTWGVhYjA1VXJNNm5TQWMxRDIwc3o1cE8xTWRjZlE?oc=5&hl=en-US&gl=US&ceid=US:en,Florida Atlantic University,0.0
Miami programs land on latest U.S. News & World Report Best Graduate list - Miami University,2023-04-25 07:00:00,https://news.google.com/rss/articles/CBMiswFBVV95cUxPZVd1c0tJM1ZPMHE5NWVwMVAyWWllMENZR1U0R1AxZ1podmhVMnBUdDNCcGQyZ2V5djJoZHRsNXUyZUNZWUNoNXdCV1JKS1hhTTFfZ1VmbGNrNWlwNjNvRS04My1Rc1UxemtiVzU5RmxxRlM1UEJESDVnQ3h0TXQxOW4xNmdNQ05UMUlwNnBoWjVoRG5rWTNuMFR4djd2R2F5WUNOMVpjWUs1Y1E1Nl9xZVdzUQ?oc=5&hl=en-US&gl=US&ceid=US:en,Miami University,0.6369
Eswatini country profile - BBC,2023-04-12 07:00:00,https://news.google.com/rss/articles/CBMiWkFVX3lxTE5BMXVWSm9BVWh5dHU5QWF4dGNZLU16ZFhOQ3JVR09aYUYxbUZxOW1UblczYU90NXlUZXprNFJrZVRqckw4Y1p1UVZRTS1KSHRmVF9xUE9KbFBVUdIBX0FVX3lxTE1SZDgzOWRLTGI1WGt3VE1lZHlNaUY0YWEyT0tXM19tVXo3c0MyODZiblZPR2lneGRqeGQzUFR4MXlpa3l3NTE4R1p2MkVwQUZOT09tTkxwTUdJeDlfazZB?oc=5&hl=en-US&gl=US&ceid=US:en,BBC,0.0
Ukraine war: Leak shows Western special forces on the ground - BBC,2023-04-11 07:00:00,https://news.google.com/rss/articles/CBMiWkFVX3lxTFBKdnRzWGZSV1ZLUmhzeEsyd0p2S05PMTZ3OERmSmJDZGxfX2xGbVpRd0ZSSWRsUFRUc0VNUHFiemNlTkNLUUh6OGZHY19kV2tndTNPLUFxTnJ0d9IBX0FVX3lxTE1LUUFfLVBlQXpzSjRKel9rWEM3ckxGTGlTdVBOUERYZnQ3TW42REFlTnVVT0Y2UFZUS001OHpDdmJ4SHdXX0REdS1TZ2dGT1NpZm1xUl9odmlnUjdiWEFn?oc=5&hl=en-US&gl=US&ceid=US:en,BBC,-0.5574
Global partners announce a new effort – “The Big Catch-up” – to vaccinate millions of children and restore immunization progress lost during the pandemic - World Health Organization (WHO),2023-04-24 07:00:00,https://news.google.com/rss/articles/CBMilwJBVV95cUxOdU1INXlLUTNtR1BXcTBVTGhGYnFUSm9vSGJYVkctVnRWazR1ZHBxMXlNbkNqZ2w3U3Nhc2JkQXd2YUxWcTNWZ29QZEQxZ3JraFZJNmNqeGk3bEpqZkRzam9Ha0RaS2N1aHo1TE94d0JXdVczVFFteHh1SE1NblNTRDh4bHk4ZVJUaWkwM3pWWlVMcjJ5WkZDdFktRkNKXzdMM1BGejVUN1pFN1RvMnBNbkZXdWZjUW84SVpQNkl3OC00c0V1YnlGV1NNRGVDQkdRSVBVQjFQX3o2MlJFQzg0dUlycWRQd3R5RksxWm8xT184LTVhcnJxRko2dTRhUXVlYU1jaVU5R2hIdlFaN29FaFBhdXJqZU0?oc=5&hl=en-US&gl=US&ceid=US:en,World Health Organization (WHO),0.4019
"Crucial roles for social sciences in AI, says Sergei Guriev - University World News",2023-04-06 07:00:00,https://news.google.com/rss/articles/CBMid0FVX3lxTE0wSjdBMXJ6ZE5aeFhQUXE3R3VpTVo1SUJacE9WNUpOeVFHdXU0T2pJa2xNRmVoUHNnLW5SSnRsQWFFMFVlVXBmdllLaVp4M3JLTTcxUTNTMUhsajRrM3k3SzJmU0RLUGswakszdHVXN2s5ajFiTU5n?oc=5&hl=en-US&gl=US&ceid=US:en,University World News,0.0
Three TCU Graduate Programs Receive Top 100 Rankings from U.S. News & World Report - Texas Christian University,2023-04-25 07:00:00,https://news.google.com/rss/articles/CBMiswFBVV95cUxNelZFTUZ2c0w3ZldxazFfX1JOT2pHaV9yM0ZTY2o3Vmlzd2gtWkQ5UjRRclVmTXRhNmRCU3Z1NnpFeWl0aEI4TEJ1NTJEUm1Va21ZczVvWjNwb3FoT1cxU2JtclVQd3RaOVNRcWNlZEplYk5ybkFueDJhWXdqaHF5dDVBNzN5eDMtVFFwSndMQnE2Y1BhS3M1V1hDb1lqTy1jUW00c1RxdW5hcGVUYnNDR2xoMA?oc=5&hl=en-US&gl=US&ceid=US:en,Texas Christian University,0.2023
Sony World Photography Award 2023: Winner refuses award after revealing AI creation - BBC,2023-04-18 07:00:00,https://news.google.com/rss/articles/CBMiYkFVX3lxTFA2a0tqZUp6YzdzR0laUy1WZS1hNmZMaFA1Sm5BOXZib1dXYTFUU2hXcXA3LXoyeVJTaFhVY0xsMjBaVGs0RzZIWWU1Qm5menlnRkxaSEZpeFhHVTRKOGt0ME5n0gFnQVVfeXFMTkxPRWFaYmQxWU5PeXVpZzBhQW56dVNLeUpGcUdmRzRmY2tjODRIVnhrbkE2eXkyeGNKS2JFMXNIX2hsbnVKQ1BCS0NSRHFUNVVmU2RuQlRTd0VPbmNPLTF4Uldva2ZaMA?oc=5&hl=en-US&gl=US&ceid=US:en,BBC,0.9169
St. John’s Part-Time M.B.A. Program Shines in U.S. News & World Report Rankings - St. John's University,2023-04-28 07:00:00,https://news.google.com/rss/articles/CBMiugFBVV95cUxOM0ZvNlZoNUlpNFZjYmM1QlI2NzROZWkzUGd5ZTNseEJ0czRTSWw4eFZ6aEFnMExFeDcxVGFjbXQwT1E5c0poYzFqSjZESXhJdXNPcmFab0l5MTdMRlB5MnJPWGpPR0QteFU1V19HVGsyLWNucjRJYV9SX2dPZzhfRWl6RUxiUjA4dExmektjX2p0V3VCc3FRZXdOc3RZM3VpZ2ZWbTRVWEt6WlAzWmpEQTVNWFNjQjhfSXc?oc=5&hl=en-US&gl=US&ceid=US:en,St. John's University,0.0
Costa Rica media guide - BBC,2023-04-03 07:00:00,https://news.google.com/rss/articles/CBMiY0FVX3lxTE9xOTFsSnVZQ3hMa0JYOWJYMW00Z2RiRkhJYnBDRGlEb1lQUVBmam9PY1dNcWxYanVUV1Y2bmFhaWZpX0JPMmpLYTBWdUR5WlpGUnBpaU9qVE1BN0JYTTVmT0lPQdIBaEFVX3lxTE54QS0zalJuamM3SVhGSDFrUnFoekpFY3ZMVi1ZdkFJcWh5bEN4SldPUzJEUkRZUUZWUDRTSEVWQVdZdHBGMGxjNThranNwSVE2NUVCWG9TcS04V0I2VXZVaFhpQThRWmEx?oc=5&hl=en-US&gl=US&ceid=US:en,BBC,0.0
FSU graduate programs among nation’s best according to U.S. News & World Report - fsu.ed,2023-04-25 07:00:00,https://news.google.com/rss/articles/CBMiyAFBVV95cUxQVFZuYllFVGk1WFdRVUVxd0M2OWZHUjVRYldaZnM0Qy1rZWtieXNfZTlYLWd3WVdUcHFTXzlBcXhMV2JVR01QVGgyemh0SG1haThJcWhEcDBpZmU0eVZtRjlZZDg1cmFYYXJEdWU3TXp1SE80TW1yNTZDTFdhS0Jwd2VRT1laOEZJM0xncFN0dHdIaElKd1dXWjJfZEN1TE5QYXlUa3RZQ1hOeGdIbXR3Nm55N2FNMU5aZTZyVjFUQlB5T1dfdlZyYQ?oc=5&hl=en-US&gl=US&ceid=US:en,fsu.ed,0.6369
Guinea country profile - BBC,2023-04-14 07:00:00,https://news.google.com/rss/articles/CBMiWkFVX3lxTE5KOThJeXhZQ0pyMXVaUm5JSDNybjRFdjVkcjQtUGFoa1BoRzdEVkd1MmZfcV9tZFV0SnJ3NXNHSXg5a2VTUkQ3VE5peFNfdmszUm5xbjJONFpsZ9IBX0FVX3lxTE0yY0VaZVlXZjhmcFljS01YR1c1a1pWSmtGZVNtOS0xZFFPcWNyYmZVd044d0s0YWEyeDEydVhLMHNpRVBTbFVYUjVzQ0drTnhrS05mTXZTSXpZdGlGbGxn?oc=5&hl=en-US&gl=US&ceid=US:en,BBC,0.0
Austria country profile - BBC,2023-04-14 07:00:00,https://news.google.com/rss/articles/CBMiWkFVX3lxTE5GRG9wc2FpcE51bEZzZHozOFhJRmJPZGtjaW9YRjhwOTlSMDEyVUtDSzRSaFFHYl9Ia01qUUZkLUVrOXBBczRMXzU2Ym5wU1hHQXhBZWc2V0Qtd9IBX0FVX3lxTE5zc0pta0RLNnJzajJkZWNBU2JxZlN3TkwyMGJiVUVSN3hVLWhQVi1LUWc3STBvVHRZM19ESzBndlF1dE1TYmVXNjM2dnYtNnR5cW5jbFk0Rkp6TW9KbFFz?oc=5&hl=en-US&gl=US&ceid=US:en,BBC,0.0
‘US News & World Report’ Ranks Georgia Tech Among Best Graduate Schools - Georgia Tech News Center,2023-04-25 07:00:00,https://news.google.com/rss/articles/CBMiqwFBVV95cUxQclIyNEZwaGt4OFJZaE9NVk5JOGl2Y3h2dHlWc05PVW9zcUJLQ05zYi12ZUY3eUVXbDM4eXBZSWdNUklORWhTbU9US2lyR1hrNFVFT2ljbk1FTVJ1WGlqbmE2U0ZHN0hfZEVOYXNPandSZVQ2LXYxeGdYTUJYc1l0clBYTXA4bjc2cnlTcEVuZVdJWEVTbFFBZXNZaG5aSHJXRGllbVJuSURYaTA?oc=5&hl=en-US&gl=US&ceid=US:en,Georgia Tech News Center,0.6369
Australia country profile - BBC,2023-04-14 07:00:00,https://news.google.com/rss/articles/CBMiV0FVX3lxTE9BT01UR0p5a1BYcWtBZHlJclh5V2xZSWdNUHBxUlh1TDE5d2NRY1p2djlxTzBxdWJaMG02TW9fZlAwTUgwZnkxSDdRenBMQjBzV2VFZ2RRRdIBXEFVX3lxTE52WUItNW41Um45VHJFcldsRVoyWVdPbl9iQ1ZDbnpZSjhvMUc3U1FfNUlCbTN1elBBWjhjQlAxSWZkZ2ZWS0JBcWRIdGtqT1JiVGwxaEVmUTNON3FX?oc=5&hl=en-US&gl=US&ceid=US:en,BBC,0.0
WHO launches new initiative to improve pandemic preparedness - World Health Organization (WHO),2023-04-26 07:00:00,https://news.google.com/rss/articles/CBMiowFBVV95cUxNbVhac053NDBWLTBMMkpJOHYwV2RIT3h4SVZDQjR5cGhxbnAyMERLT0dRT2pJYzNlQ2JIRVdWTFNqaEtJNEFjQXN1cGNMYVE4WnNnWmlJLWpFWTNIU0d1Z0g5aE1pcUpyUFdnTFVJanUyS0lmN2xJcWllck1wcGZ2NVZWT2tIOWV1WHplUzk0aUlsbjNpZXQzSTRrbW4tYzJpUFdR?oc=5&hl=en-US&gl=US&ceid=US:en,World Health Organization (WHO),0.4404
Cocaine-smuggling submarine reveals Europe's drug crisis - BBC,2023-04-20 07:00:00,https://news.google.com/rss/articles/CBMiWkFVX3lxTE5rNUU0T3Q1MEQ2QWJGcnJPWVBzTzk4am93R0VJdEdiVjZySVhucmQtS2k4ekJtVVNoNzJ5WGRXMk1jdXFSUXU1TlRTT3NGQzAzZEp1YXF4ekYyZ9IBX0FVX3lxTE1rX1JTVTJHMkljbnNPUmhlSUZhcW9LWm1DdUxwd0h2NnBJSHZxZXZCWkFRVVFiNDBCb0MyY1JzaUZKYWhod3M3X19UbXowLVJveGx5aE5seVplVS1mbW9n?oc=5&hl=en-US&gl=US&ceid=US:en,BBC,-0.6249
U.S. News & World Report: Mason has 10 graduate programs in the top 30 nationally - George Mason University,2023-04-25 07:00:00,https://news.google.com/rss/articles/CBMipAFBVV95cUxPMTRKSFN5R09rZzhmaFo1V0VpX1F5M0gzclVUUVk4SElBUGg1ajFJSk8wMjgxcjhyaFJ5a1ZKdjhabllLLXdRdTI5UkU5MXVIZFNNVlRldEhLOGZHOWpZT0VTR000eVduTmNJTDdEYncwZnlwVlhCbGRSSk1aOXR4dXliUTNjWEl6R1BTMFN0VDU1TE81d1lXcC1GWUgyOUxydVdVcw?oc=5&hl=en-US&gl=US&ceid=US:en,George Mason University,0.2023
mRNA Technology Transfer Programme moves to the next phase of its development - World Health Organization (WHO),2023-04-20 07:00:00,https://news.google.com/rss/articles/CBMiugFBVV95cUxObGVEbWpEYm8yRzAtMVg4U3MtTnN4YjRTMllnRi11U3NRUnRnMjYtcXJiU2owX0tXN3Nzck1vczZQVmpnbkZsWFY1N3QxR09JSUVoekJmNUhicHFMdlBhcEplS09hTjM4VkRVNnBQNDhhdGZiZkItcFVBbjRSTDktQjN2d21xRjF3S01GSm15dnp2ZVFFOFhibi1keS1mQ1F3cUV3ZExPUERDOThCWnBnSlEyaVdvQkFISnc?oc=5&hl=en-US&gl=US&ceid=US:en,World Health Organization (WHO),0.0
LaGuardia Community College Offers Training for U.S. News & World Report–Ranked Top Health Care Job for Family-Sustaining Salaries and Work-Life Balance - The City University of New York,2023-04-26 07:00:00,https://news.google.com/rss/articles/CBMinAJBVV95cUxOdDZNSXVydmQxVnFXVzRhS0pVUXhWVTJIa0pOeEIwMTRtajV4ZzBjaThpYnpzbGRibTJqMzRPRGkySk5DM21wWmU1YTdOM2lSVGQ1cktVU0RXLTZYX0trVmo5NXFWcXJvaklNSHdUYlF6MHZVTTJtS3p3SVdnQXlRQTNEbmtacEJnVGpOakRRUjVFWlhTak9mbTJhY29iQjRJbHRUUkdDQ1YxWFY1NTVvNjdtZlg4enBZTFIyZ2psUHlzWGwtR1FKQjBOOHFvejRLeWhHSmNfaUxjUnVNcVZuUWFwc29WZDVINmhaUmliMjJwQmo2MGJKVU1MQmc3NE9kMFRJM2Zldm9qMktHMW1DV0dpYk5rRk95dWtKaQ?oc=5&hl=en-US&gl=US&ceid=US:en,The City University of New York,0.6124
Why are there fewer serial killers now than there used to be? - Northeastern Global News,2023-04-26 07:00:00,https://news.google.com/rss/articles/CBMicEFVX3lxTE1jcm96QzRpMHFzTkp3MlNkNmpXZ1hmUjZIVXpLWnJiZklNUC04LWtCWS1wazlNeDZQdkRSdVNJWkxhMG1yZUQwaTE2QnZDa1hnclhVa1AxVDdjbWJiNFNWZUE5T2lrWF9HdmFMdHVOd1A?oc=5&hl=en-US&gl=US&ceid=US:en,Northeastern Global News,-0.6486
"Demand for electric cars is booming, with sales expected to leap 35% this year after a record-breaking 2022 - IEA – International Energy Agency",2023-04-26 07:00:00,https://news.google.com/rss/articles/CBMiygFBVV95cUxQTzFYMFNucWltOEhBdVU3VGZqQWx4eld5cFB5SWg2Y0V4Q2RvaUtJcFk5djFxMnhiSWpnc2VCWm5lMlViLWpMdDd5cnZsTDh0cFhjSlFpR241Z3ktS2k5MFFJWTlPT2IwN1NXOWx6ODhDVTd1MUZtcnA4QTZuYU1rczVsb2xIay12ZjFJMzdsWXE4bTRzZU0wcDBMZFpSMU1Zd2xiUFk0RW9aX1B0V1hWaGkxV0duM0xMcHAzc0dXMGMtcjVwU0Znd05n?oc=5&hl=en-US&gl=US&ceid=US:en,IEA – International Energy Agency,0.1531
WHO convenes the Fifth Global Forum on Human Resources for Health - World Health Organization (WHO),2023-04-03 07:00:00,https://news.google.com/rss/articles/CBMiqgFBVV95cUxOVWhHX0QtYS1YWlZTNklZSHFXQXJaVmVTR2c2STlSaDBXa2pZd3NlMVlSVVZGQ3hQVjdvOEFMOGxRWUtvSHRNZURHV1diNW93WTJBdEpBYnRYc0d3TUtabzUzRXVNWUdueGFHR0RVQ2x3TVJxRkMyMzlqcG5NMkpWTlV0TVdIdWw5VTNfNEw5SmJGRWtuVFA4bWRjMnQ2QWNaMElzd0pKNVU4UQ?oc=5&hl=en-US&gl=US&ceid=US:en,World Health Organization (WHO),0.0
RIT graduate programs rank among best in nation in ‘U.S. News & World Report’ survey - Rochester Institute of Technology,2023-04-25 07:00:00,https://news.google.com/rss/articles/CBMioAFBVV95cUxNYUMzR0liV05RclYwbUZrVTRqdE9IaDZsVWU4V1l6emtsSEFabDEzOFhFQWxERF9lSGFzYkhFclJ5djhQREJ6Y2xzWkpXc1dnd3R3VVBLWVdhcmExRmNWcTAwR1VadV9DNVk3Tl9IY3FEaTBOTkFzSmpJaURmWDhSc1JBaDBxX2YtUW9NeG8zbmhxR3dtNVRKWFdOdU5yQlZj?oc=5&hl=en-US&gl=US&ceid=US:en,Rochester Institute of Technology,0.6369
OHIO’s Russ College named one of the ‘Best Graduate Schools’ in the country by U.S. News & World Report - Ohio University,2023-04-25 07:00:00,https://news.google.com/rss/articles/CBMitAFBVV95cUxNS016eXluMnZZcUk5c3hVajhXYWZvNndYVEdSLVBWbE1fbmFleU9HeWJQUVU5Q3BjeEExbFNaZjI5VkZhMXdWU1dOYlhXRGJ0czJ2cEpZeTg1TTFoQjVZZ0dsWWM0TDVQQnBzRFhSek5ST0tWWVlYcEFvSUFJYTVwMnQwVk0zT0tULWFjYVVYam01VVhONmVranR5YlIzNFM5TVZRQ2FVWXlyaHZPU3VCNHJISU8?oc=5&hl=en-US&gl=US&ceid=US:en,Ohio University,0.0
March Current Events 2023: World News - InfoPlease,2023-04-06 07:00:00,https://news.google.com/rss/articles/CBMicEFVX3lxTE1ITW56NnhUQTVaRzYyQ3VGYXJHZFN0TjU2bzhlVGFBcGhvUmp5dEs2NWg5QjNSeGNHUzR0TExyeTNKakhwcWQxcWZJanhsWGZreGFERGNLNFJySVZFcWxlMlNIbGxXZFhmazRwZ3VhM08?oc=5&hl=en-US&gl=US&ceid=US:en,InfoPlease,0.0
Ukraine war: The Russian ships accused of North Sea sabotage - BBC,2023-04-19 07:00:00,https://news.google.com/rss/articles/CBMiWkFVX3lxTE96SjE4c19MRGRGd3RKWnA0QVBFN0Y0YUF0VmdmeFZ0MVUtOS1pcEU0aU0yVHJpQTVWZ1dRUVBmWXU2V0VpdHNaTHM2cGRXRUU4MTBhQ215SVg4UdIBX0FVX3lxTFBRZzlXMXlkRWJhbTlXUVJrU0hMQUdsWWpmUkxQTGhkQ1N3UFd2V1J3SWhTX08yTm1nakw5RnBPcGlsbTRFdkdBN2s1WUhIN2VTbEFtRWtDVU5OWWVadGdV?oc=5&hl=en-US&gl=US&ceid=US:en,BBC,-0.8591
Eritrea media guide - BBC,2023-04-25 07:00:00,https://news.google.com/rss/articles/CBMiWkFVX3lxTE9yUFp3RDdZWFFsMHd6ek94a0wtcFZwb3lNT1Z0aWZZNlEyMUJHM3FMR1RxZ1RLMWx3Q3lodWo3cDZfbGp2TXM1dmhiYlVSSVJOSXpLRzQ3bkhrd9IBX0FVX3lxTE9kX0lzazdRNWF0M2RjSkxGX0lUWmlGS1VIYmhTbDR6dmNDay1fUUVRMHF2bkdQQnJiWG5RUmd1ODQ5VVNzajQteWpabDJxczJkWm9fMVVoZV9PeVg2SkJF?oc=5&hl=en-US&gl=US&ceid=US:en,BBC,0.0
"Guterres calls for world ‘united in peace’ as Ramadan, Easter, Passover coincide - UN News",2023-04-05 07:00:00,https://news.google.com/rss/articles/CBMiV0FVX3lxTE1CQVBlR0pNNFRWZFBDMm1lUlVEeEVpX1JWQmZ2eWx6THN5SHZFZENxZi1YX1JNbkduWlctVExtTy03Y0h1eWM3R1BPV1ZDTkljQlVpbUE3aw?oc=5&hl=en-US&gl=US&ceid=US:en,UN News,0.0
"A&T Programs, Specialties Climb in U.S. News & World Report Graduate Rankings - North Carolina Agricultural and Technical State University",2023-04-25 07:00:00,https://news.google.com/rss/articles/CBMicEFVX3lxTFBOLUQwenAxZ0stLW4wY3Q0c0NwZWNpa0FVMThBWUNfMnRsOXZrMzlmZ1BFZ0Q3UG5fZHB5dTVGeGx3Qk44TF9mcTdnQjlrVWtFTDJsZHdabmJLdExjMHFwa216bS14bW9UX0l6QVd3eGk?oc=5&hl=en-US&gl=US&ceid=US:en,North Carolina Agricultural and Technical State University,0.0
Equatorial Guinea country profile - BBC,2023-04-11 07:00:00,https://news.google.com/rss/articles/CBMiWkFVX3lxTE1ZX2MzaTFYZzl5NWd3cTVsU19NNHBKSzR5R2UzWXZtZmFmN0ZaOFBYcmMyaUQ3UnkwMmJVWTlFSzRkeTd4cnAzX0Q0SXQySVA5ZnEtai1xd0RRd9IBX0FVX3lxTFB2YUVEVkRvLWMxT0xPWVhIem8wcWxzWmxfejk1RnM2YmhRSXZmbEY4c1pWQkk3dndpVmVITHBqT1FpRjhGNnJwYlI3c19DQ0lXNUpXNjJQdDJBcTJ1bTMw?oc=5&hl=en-US&gl=US&ceid=US:en,BBC,0.0
Trinidad and Tobago country profile - BBC,2023-04-24 07:00:00,https://news.google.com/rss/articles/CBMiY0FVX3lxTE1FbWlWaGZoRHM5UmtlWEpHbkhwNDFoelRnT3JpQ2Z6VzRLTkdySDhyYVUxUUZUck9JYUxpOXJBQnJkeThibWxlUmo4US0xUlR4NXRTTk5yT3JKYTV1VVVwYmVaTdIBaEFVX3lxTE16WWwyeFBaLWVZQ05YTGNKNmRvWEp4aG9fc0NDNkNRSlNaUW1RcGF3Q2ExOGVNZzZDV1FrLW9qOEUyWEJDVXFQaFMwTS1BZjdsTWVUWENheDFKdDAydm4wa0NNUWNJdkNQ?oc=5&hl=en-US&gl=US&ceid=US:en,BBC,0.0
India overtakes China to become world’s most populous country - The Guardian,2023-04-24 07:00:00,https://news.google.com/rss/articles/CBMiqgFBVV95cUxQT3FlbXUzNDZDWDdQaWdHc0Q1REF1dnZyLTdUTWo3WEFvX1ZSeFc0WkYyRmdtZnRPb1k3Wi0yU3ZhbVpjOHo3ZlBweUM5SkxkMWoxdHlNZDR4VDRWejVDa2tVaTFxeV9oZG5LZEozVTQ3RWlUSjFEVVlVMkluV3NONG1KbFBOR0N4NVpNN2JkeTJrYl9fWUE0MVpZTEd6QkVMVEw0UzQzYm41QQ?oc=5&hl=en-US&gl=US&ceid=US:en,The Guardian,0.0
Kazakhstan and IAEA agreement to strengthen nuclear cooperation - World Nuclear News,2023-04-20 07:00:00,https://news.google.com/rss/articles/CBMimgFBVV95cUxPUXVrUHFUNjJjZlAzXzVuWlpkNU8yZjU0dnFQUFBmZ0Z0dkFlMlpBd1lncXBzV2duOTFRaXA2OGY2VUlPUWQyaFQyODc4d1BfT3BBSGh0akJXUkJCZDJIbXItUnJkMy01LXNlZFNOME5LcFppbUN3NWlWUnVwR1owOXBFSHVXVUJaeWZZVTFkN1lFV19GOG5FajVB?oc=5&hl=en-US&gl=US&ceid=US:en,World Nuclear News,0.6705
U.S. News & World Report ranks CSU the nation’s No. 2 vet school - Colorado State University,2023-04-24 07:00:00,https://news.google.com/rss/articles/CBMimwFBVV95cUxQR3RoOHk5dHl2UzJyVzlRNktBVnVtdXYzY3ZHcHRtZHhOZlhXdElOYXFlSFNkeVF1R0FpTkVkYjJjWEVvVDlPWlRDVTY5a1B3bTNJdjRtQXp2azFHVVo3RGZQQnl2NEVNbHNSOURUaFhxNUVaYk5PcjMtLUlZX09QMUREdlRTSHdoLV9Zd3NucEkwM09jNmFqTWRLRQ?oc=5&hl=en-US&gl=US&ceid=US:en,Colorado State University,-0.296
BBC World Service - BBC,2023-04-28 07:00:00,https://news.google.com/rss/articles/CBMiVEFVX3lxTFBtbGF1bm9JOC1malFCTGxQQmNPZURSOUZCMDg2YXBGbHNtdDk4TjhRaHZNNEZURlFMOGhoMUJPa2VobEZIX0EzbXBQUHAwcWZacVNpOQ?oc=5&hl=en-US&gl=US&ceid=US:en,BBC,0.0
USF College of Education graduate school rises to No. 43 in U.S. News & World Report 2023 Best Graduate Schools ranking - University of South Florida,2023-04-26 07:00:00,https://news.google.com/rss/articles/CBMivwFBVV95cUxNRXpsV1Bqdk1DQVpSNlVZWlJickdwcG1BRVo0SC1kSVRtLUF2MnBmQWxVdXFDSXJyb1BSMGJtZ0xkVHFQYk1lU1h6dGpSR3NDb01uNW1SWG1Pc3A2M09pYk54VDczY2hwaXlmYmZWbGl0WVNpT2c4UDB2dmd1bk9MYXNhNzNTdGtsTEd4MDJaMC0wcHdZSUtCVzVNVlNMTzVXLUh4WjFQbC04M3JrLWdkTGU3YkdDN1dlenZyeDh3aw?oc=5&hl=en-US&gl=US&ceid=US:en,University of South Florida,0.4588
Greenhouse gases continued to increase rapidly in 2022 - National Oceanic and Atmospheric Administration (.gov),2023-04-05 07:00:00,https://news.google.com/rss/articles/CBMikgFBVV95cUxPb19teDBYbmt5VnB4dG0yd2JXR2ppaWdxRGt6WlNSU3BuUkFqN1BOSEd3MDhLNVl4MDQtTE5QN1FIbVhaaXp1QllLWGc0VHR4dzlLenl0ank1aDJqbEw5VmFOeGpETV9zVWk4cnRFenZJT2pSd2ZxX0NXTjBFZ0tuRXhGc1ViZ2JoNVFHS0xxYzJWdw?oc=5&hl=en-US&gl=US&ceid=US:en,National Oceanic and Atmospheric Administration (.gov),0.3182
Sperm donor who fathered 550 children ordered to stop - BBC,2023-04-28 07:00:00,https://news.google.com/rss/articles/CBMiWkFVX3lxTFB0empjOWlKMzExYnpIYkcySzNaMXRiQnNEWEFOOEl6Ty1aaGtPOGhEVmJqRGloQk0wcXpwcVg0NU0xVzZSU282dE5ETWJrTVdFdVpOUmpmWVZNd9IBX0FVX3lxTE5Oc2JXaVl3ZDNOVDhLQjJOSUgwcHFrc2ZRb0lTcUxtX2pkVkMyNmtId09KbUs3N2xyZGtWbnRuMnRqemlyTDBBY000VGFqcTkxUVVsbFI0b1M3WVdxSWNr?oc=5&hl=en-US&gl=US&ceid=US:en,BBC,-0.296
"How to feel optimistic about the world, according to Positive News readers - Positive News",2023-04-06 07:00:00,https://news.google.com/rss/articles/CBMilAFBVV95cUxON09CeVZrRjRLVXJwZzJBa1RiNUExNHZhZHB5bEhwU3BIa2pBcWs1bGFseWZNM3F5X2dTblMwZnUtYnYtQnhTYkNUTnVSMHVaNVhmS1A5TnR0ZHowZ2E3WWRsTFB2TWpFZUZrMk54NVA4dVM5YkRWYldoVVFvbWhRdk9CT3doTU1ZcXFiQTNXeGRjSnRo?oc=5&hl=en-US&gl=US&ceid=US:en,Positive News,0.8591
WCH Oregon22 awarded for its sustainable delivery – Earth Week 2023 - worldathletics.org,2023-04-18 07:00:00,https://news.google.com/rss/articles/CBMingFBVV95cUxOLUJBLVA4RTBlTE1RX3FjYW12ZmZhUExHcGhPVklhanJHbEI0RFlCeWdtVm5TaFdTQ3FwMkhGd0JrUHZ6cFlvamtuWkZRczVvbWJQRmo3T3V5ZHRBbGZxRGM5TWU5aU5DamV0cHRXaXJHendJR3NwU2VYQkExajlXYXFsVWdFSHhrTmtqejJjRGRVdXduSGl0QTIwWGNwQQ?oc=5&hl=en-US&gl=US&ceid=US:en,worldathletics.org,0.4019
Huntsville earns top ranking in U.S. News & World Report Best Places to Live - City of Huntsville (.gov),2023-05-15 07:00:00,https://news.google.com/rss/articles/CBMipgFBVV95cUxNRFptYUZOVGFjMk4wdDRLV0hyY3hoei1RVENfLTJ2TlRLUFpKU0VLTlBvZHlPUzM3eWNiWWs1ZjlhZk90eHZSbnB6Qmg2ZnJfQjBneHdZWnZqRVo3MVE3OXJPSWUtcFo3QzkyYms4N09WYUFZQUR0MWx0Wm5GTzJIX1AwN3oxWVBPY2pwWnRfUFRDRzNyU3BBRTNwNmh4UEtvVVR2WXZR?oc=5&hl=en-US&gl=US&ceid=US:en,City of Huntsville (.gov),0.7184
Statement on the fifteenth meeting of the IHR (2005) Emergency Committee on the COVID-19 pandemic - World Health Organization (WHO),2023-05-05 07:00:00,https://news.google.com/rss/articles/CBMiogJBVV95cUxPa000UXduYnBoMTB2Yk9HYXNQV0NRR2c3dTliaXhLak9mVFdsQ3U4SmoyWm0ybE85d0hkMUtWXzFWdElNbXFDSGpSdlNRdGdvbElNRkJiRlNGZHpuTlNqYS1saV81MjRXU2w3cmkwQVMxZG81cVpSazdhejBZUlNxRzQ2eU9GVXVOSzJXZUhtUHRiNmZZRWVNLTVtRjRrbkhieFJjaVl2akszcG9zRGhsSDB1aEJJbmZLOWdhRy0wY2MtdHlaSi1kUGFhMGVtN3lReGxMMlFUdHM0VS1aWU53bWVDY3RURFBJTDFscHU2T1JiQTZ2NXE2dGRQM29QM2t0dXFNS1U5RU4xTjFXUTBZMEFTNzRyZGNMMDR5NnJYbjV1Zw?oc=5&hl=en-US&gl=US&ceid=US:en,World Health Organization (WHO),-0.3818
Why has the Syrian war lasted 12 years? - BBC,2023-05-02 07:00:00,https://news.google.com/rss/articles/CBMiYEFVX3lxTE5kcGxFa3A0MTk4eWxLU1kyQXhQX2FlZDRQanFvVHVmeUVBYnI2VUVKb2Z6SUJsOU5pY3lBUDNsRmpsZ1FjWElUMWMyOUE5c1h4czliYzV3MUV1M1BBWjBIWNIBZkFVX3lxTFAxb2RGZDU5Zkp3NU1mci02cF8xd3hqOXBBb1ZMaVdKM2ZWNU9VbXdjenV1alEwaXdiT0NnVTVOQXhaNzJEeFhCS3hPZ09DaExESnZxMmFQTjROc2lHZnJDY3BfVWhnZw?oc=5&hl=en-US&gl=US&ceid=US:en,BBC,-0.5994
U.S. News & World Report Releases 2023-2024 Best Places to Live - PR Newswire,2023-05-16 07:00:00,https://news.google.com/rss/articles/CBMitwFBVV95cUxPTDlmWmFJRVFJN3ZCb0FKQnhqMnBIaFFMb2VBcnZfZWwyZnU4RF83eXdHZnBYbDdVdS10S1BCcFdOd0pscl8xT0RGa2d6dHpwUFFsVlNENXlLZ09jNmV0alVVeVBTYklEQzc2YWZhSndvN04yZHJnYTVSbllzcEMxS19DaUk2MzFfRG1XU0ZQanIyNklydXVUUENzVjhIUUNnTUl5Zkh6WHlZQW9kencxWnZ4RFBodGs?oc=5&hl=en-US&gl=US&ceid=US:en,PR Newswire,0.6369
WHO chief declares end to COVID-19 as a global health emergency - UN News,2023-05-05 07:00:00,https://news.google.com/rss/articles/CBMiV0FVX3lxTFA4RkJ5Tk9YaXpOWjhvSU00UDNROVdIWE9wTWpZLTZlZXdUSzF1MGZOMnNja2gtekZabjF6Rl9qQUFoT0N4Sm9od01zaFg2bV94UEFFZFByRQ?oc=5&hl=en-US&gl=US&ceid=US:en,UN News,-0.3818
Good news stories from around the world – Jan-April - greenpeace.org,2023-05-01 07:00:00,https://news.google.com/rss/articles/CBMimAFBVV95cUxOZGZkeGNGM3ZBZ3R4Mk5NT3BVV09WN1lFTmxFZjJJLUhfamxuVkQ0amtnc2tra3hILWQtSm9uZ0w4Y2hQM3lqaFZBNDVZVDBCV2VDbEtGSkoycDJNVmZBV09PSjFtTUUxeUZQcldHMEFNSkhsTDRvMHduTjZEY3RxMEZnZXBMSXA3R3ZERzRsYVc1TDd2OU9MZA?oc=5&hl=en-US&gl=US&ceid=US:en,greenpeace.org,0.4404
World Languages Day - Connecticut College,2023-05-05 07:00:00,https://news.google.com/rss/articles/CBMid0FVX3lxTE43VTlUUjFoVlVheDQtc21oRUNNbEdFcGl4aTJrbnFCSDNsYWk5aXd3dDVWZVNIMXM4Mm51RmRnT2o0VzBjX0otd19lLU9Qa2FseEF2R3cxM1FzcjFTVmRLZTE1SFdpR1ZiWWpORjRLdzN6UGxySmF3?oc=5&hl=en-US&gl=US&ceid=US:en,Connecticut College,0.0
Season 2 - Blood of the Sands Announcement - newworld.com,2023-05-23 07:00:00,https://news.google.com/rss/articles/CBMijgFBVV95cUxQQVJrMHdRb3VQR291S20wMGpKdUlFVjdlSFc0ZEdINUcxV2NvV3BXTHpaV1Y3NmZlRklzWDFSa0tkbUs5VVFDWWVFM0JOVzVQM0FPdDdRdFVrLUNiNUM3LW9wWW9DbUZoOU1CS1JjYWN5QnJOQXRFZzZFczNHaklIOFFod0RCMmhLc09EYmxB?oc=5&hl=en-US&gl=US&ceid=US:en,newworld.com,0.0
Five stories you need to know about today - Reuters,2023-05-02 07:00:00,https://news.google.com/rss/articles/CBMikwFBVV95cUxQV1dMbUc2NmxJQ2hrTi1zbVo0eHpyWUFvTmRVd3BVRUw3UXdud1dYS1lyWTdEUWluVm9ILWZWeDdLNzNsaDBqWVhWd1dsRWgyU0RqQmM2NG8zZFdhTmRiY0d3NDREeE5FVnZYelp4UXJkQ1JxeXV6V3NRa2RLUjR2VTdMd3BuQ2RFWXU0X1VFanFab2s?oc=5&hl=en-US&gl=US&ceid=US:en,Reuters,0.0
Economic costs of weather-related disasters soars but early warnings save lives - World Meteorological Organization WMO,2023-05-22 07:00:00,https://news.google.com/rss/articles/CBMipAFBVV95cUxNbWRwd3FBbnNmbEpWaEkwbUdONW5pVVo5dEM3WjZZNndJS2xVWmFYNnpmTE9QTTlyeTRJbzBUNXNrVGktNVhlRjdDTXU0dWtPYnllSW11YTNXNzNDTjB5SVdReGdkTk03YzVvRXdsY0k0cDA4TEk4RGs3aGVZQUVidFd5WDBYY1J6TXlCdHZnQUtKWTFjcmpraDdQTENIYXF6dW14TQ?oc=5&hl=en-US&gl=US&ceid=US:en,World Meteorological Organization WMO,0.0516
Preterm birth - World Health Organization (WHO),2023-05-10 07:00:00,https://news.google.com/rss/articles/CBMib0FVX3lxTE9vZUczbjJEeHZtVk9oZ0hpZVREV29CR29XT0FBa2xPVXJNVEZkWkJDT0VlUGRSZFZkM0Nja0M5WmNud3RTMWIzYVNGbVZ1RVltTlNEX3hPTC1kTnBTa1dQMmpSOFNTWkUwcmtEWE9FNA?oc=5&hl=en-US&gl=US&ceid=US:en,World Health Organization (WHO),0.0
AI 'godfather' Geoffrey Hinton warns of dangers as he quits Google - BBC,2023-05-02 07:00:00,https://news.google.com/rss/articles/CBMiXkFVX3lxTFBGSmw2bVo3N19sYmlyanpzZ2ozOWdSNGVmUkFueW5UbklBazN3YUtMQ19XNjQweFZlMURLUC1mLVR1XzVYR2hVNnFZMm54NGQ2bkl2OHdHaE45WjVhNEHSAWNBVV95cUxPZGZpQlZOdDJUYXpYNEhwUDlEQ21NQjEtUHhqX081OTFhMGZjWDBKZGt4RFF5eWV4Z1VTY0tkaVdZaDh5R0dJdkw4Q2ZnRDJuN3ZoLThWWGxzQzNHVWRETE9yajg?oc=5&hl=en-US&gl=US&ceid=US:en,BBC,-0.5574
WHO advises not to use non-sugar sweeteners for weight control in newly released guideline - World Health Organization (WHO),2023-05-15 07:00:00,https://news.google.com/rss/articles/CBMiywFBVV95cUxOUG13T3VBWkZYT2Zlc1hKbzgxWDAwb0x3NEpxd2p6Unl4eEdkaHUzZ1FlWGlmYWlGSnBRekp0S3l6d2dnVnQzd0ZULTdzTDdTQXdBclZkVXVBY2V3bjBhRzEwcGxHbW5kRGdmYnRSVUcxeUluR3BzZXJENGx0djZ0TkdEXzcyVnFaX2QzbDM3aTMwaXk2bi1yenJ3REJDZ1U5STZhMVdtOGxVWTdWcFlYZUh4VXE2Vm9Cem8tNDFGNHppb0czN19vQzRCWQ?oc=5&hl=en-US&gl=US&ceid=US:en,World Health Organization (WHO),0.0
Myanmar country profile - BBC,2023-05-26 07:00:00,https://news.google.com/rss/articles/CBMiYkFVX3lxTFBCaWJibjRlSlFaYzZPQXFLZEFhanhKaVZKQjRxanh2MTVPcktFMkgtT1RvX2tEOXNfc2kyZUU5UzB5RlVKZ3pyNTkybWtGRmxnalFGbk1FbXFlNVNCaWtiQWpR0gFnQVVfeXFMUDVpcDRsN096b3RGS2xjNGpWM0tTWHFpV1FraUFZbTRsNDVRWWpELURRd3VIX3ZhS0VJRXYzOHdtYjdYZGNwcjdCU2dYZUxGTWF5OXZ6M1VVU0M2MGJLTnhhbnZhbF9sNA?oc=5&hl=en-US&gl=US&ceid=US:en,BBC,0.0
152 million babies born preterm in the last decade - World Health Organization (WHO),2023-05-09 07:00:00,https://news.google.com/rss/articles/CBMilgFBVV95cUxPWVo0WTUtVU5fV2VGVV82a3Jwd1NLRHZYZGE3alByZG9xeERLTVdTV2tfcktfaktIR1ZKM19CZEtjcDJfQ3FWMzdXdmRzSTJRUGtsb255TnBnTjZ5bXpsQkpGeXJteldrSlBGNEtuYVZDZkxrZkFWSzQtR0xaXzhpcTBJNDd0c0N5VnA3cXdQQURoTVVoSmc?oc=5&hl=en-US&gl=US&ceid=US:en,World Health Organization (WHO),0.0
ChatGPT: US lawyer admits using AI for case research - BBC,2023-05-27 07:00:00,https://news.google.com/rss/articles/CBMiXkFVX3lxTFB1a3pfVy12Tmt5TG1GVG1UVUNqbTNlYXE0dU1UOC05V28tWWFSRUNVRjhMcGhzTDRPcTF3SkNXN1I2SXpuY2poVVY0NGxqV1ZXMjNuQk54Z3JJc1o0bFHSAWNBVV95cUxOQlNYQTB1Y0hzMDJBaW05VFFWcXp2QmV4aG13UjVLckMwSktqNEg1MU9Wd2F2NUVQaFBvYWE4Mk9LdmtMdW1KcThvVEZkaDVTYVJjRjdwSXoxNkdjZzdRQm9EU3c?oc=5&hl=en-US&gl=US&ceid=US:en,BBC,0.296
Yellow fever - World Health Organization (WHO),2023-05-31 07:00:00,https://news.google.com/rss/articles/CBMibkFVX3lxTFBnY1F2a1dyVFFPTnpOV0xrWXhPZ0JjMHlSZUp3V1NOQU5BbHBnSEd1bWljZGd5WkJ6WG9TLUVCOHhrLWJWMU5wMWNKaDdyVmJCbnhUM01ZdW40Y3VTbHdFMnBlU3VOXzBwQWpWYVB3?oc=5&hl=en-US&gl=US&ceid=US:en,World Health Organization (WHO),0.0
Statement on the antigen composition of COVID-19 vaccines - World Health Organization (WHO),2023-05-18 07:00:00,https://news.google.com/rss/articles/CBMinwFBVV95cUxNVXFJSGY5REl6eTdxQnZnVHNPN0pmWGNHR3oyWHN1RERiTDdQVUVlb0Y5OVJyMUM1aFgtVW5hYjQ0UldKTkZWSGZwd3pfVW9DaUh4Z2NjWVN1Sy1aQVhEdEc0WlhWTG1VVEVJUHNFQnk4NXFKVWxMeXRkNjVkSkJCM2JGUUFjY3ZubE92Zy16ZF9qQ0I0Q002dU5fa3ZBRVE?oc=5&hl=en-US&gl=US&ceid=US:en,World Health Organization (WHO),0.0
"Trypanosomiasis, human African (sleeping sickness) - World Health Organization (WHO)",2023-05-02 07:00:00,https://news.google.com/rss/articles/CBMinwFBVV95cUxNVENpd1lBR0Q5NGhNaWswZXBDYi0xM1Z5OUdNTEl1NkEzVUNKelFvelFxSEhPYWdKR3RzUFIzWnJoUml5aXJDY2RkNE12ZU5ER1hRSktGaWdqdjRRSEdVdjJmc1V3dVpqZDNqVTdZOTFoVmttU0FqWEZwbHhFUEttQnRBRXY5Y0psYWJqNnNpUUg3clRiSExaTFhWQVJfaUE?oc=5&hl=en-US&gl=US&ceid=US:en,World Health Organization (WHO),0.0
WHO Director-General's opening remarks at the media briefing – 5 May 2023 - World Health Organization (WHO),2023-05-05 07:00:00,https://news.google.com/rss/articles/CBMixAFBVV95cUxQa1UwTXlmMHhBTFczLTJ2bEVHT1JmdzZxWjYtYldYX0pMcTd5WTVmRmdBc2llbzdlaFJlRXhjZUlqQmxSS1FDSkMxQ3RscXE3YlktT2pvMWZKR2VvRF9vZVhGN29uaXdQX2hFU2xNVUtfcTlURlh0RkJKM25mcWJhWFZzME05OEFxSm9UR1N1NUZSSS1MbzlySVhoWFozSEEzOFgyLUtOXzdvUVBrY0oxZ09acTJwQVhIOU9qMWU2NGhrbmFG?oc=5&hl=en-US&gl=US&ceid=US:en,World Health Organization (WHO),0.0
Fifth Meeting of the International Health Regulations (2005) (IHR) Emergency Committee on the Multi-Country Outbreak of mpox (monkeypox) - World Health Organization (WHO),2023-05-11 07:00:00,https://news.google.com/rss/articles/CBMiiAJBVV95cUxNbm11U0Z2dDRLMG5FeEhraWV6b3dNR3RVcmRDOU12MUs5UkZuUmF5d05UUGhYX3lldmlYREhyemM3dlg2bHh2c1pwb25QdHlLTzFPcEFJR3ltcHV1VldGNmJHbjlVRzJNS0dyNWRtME1RTWVZNXpJOGVGWmdWMjliUG9wUGMzaDY2YzVydXIybElIZ2pzekFyWnZqd08wTzcySHVQWDFjMkxXcEliT2ItcExDWkw1U1p6akJ6SkFKeTJ6YlZVWi0tNGlGWWJWVUlibmQxX0lXQk5hVWQ5TlFIOWVxLXV1X0dGY2M5akF3djFSTWlZWTBHRjZfS05yWjZIdGRxTjJ0dHk?oc=5&hl=en-US&gl=US&ceid=US:en,World Health Organization (WHO),-0.3818
New World Update 1.9.4 - newworld.com,2023-05-23 07:00:00,https://news.google.com/rss/articles/CBMidkFVX3lxTE9WYnk5VlNiTEVkeW5BekY3LTFvd0pESVdqdHdWRXpuM3RUcTdQTFd5TmZfaWxFMkpLWHZGY3haVU9MTHlnZEcwX2tVbExoNG5PaVptTU9iNzBDbGFsZ0lHNXFsT1NGVktiZFRqLU5OZGZIeHZrNnc?oc=5&hl=en-US&gl=US&ceid=US:en,newworld.com,0.0
WHO calls for safe and ethical AI for health - World Health Organization (WHO),2023-05-16 07:00:00,https://news.google.com/rss/articles/CBMijgFBVV95cUxOWWhSTDdoQVBJN2pXdzVjRTQxbU9zZXFlMUI3cDZIV0kxOU9hdWpTT1NBMEhsc25TeUVjVWRlNUh3M1piYTllR3ZxeWtJN3ZtVEx5U2E1ZW1sUWFod01ZUE40MFJHYWZ0SFZ4OXhFOG5kVjQ2YTdjdDIxYzF5TVBxZ3V4UF84aUI3SkpZTWZR?oc=5&hl=en-US&gl=US&ceid=US:en,World Health Organization (WHO),0.7351
Global temperatures set to reach new records in next five years - World Meteorological Organization WMO,2023-05-17 07:00:00,https://news.google.com/rss/articles/CBMilgFBVV95cUxQOENNWDBrUDBNWmhnVmQ0Tk5BdDhKSWR0MnlvcjJqeU5nQnpkZHhZOXBYcDExR2l2TWtVQ2ZYV0o0cGhaSmJRUjRvb3RWTjQ4c2l4MUR3eDhlWFRXTHV0MlZ3Vk1OZTJxbzVIMVlIeVpjeHlwWGJrbkloWVZaNW5Ec3lheXZIVmJXaFNIdDR6ZDZWdlNsYmc?oc=5&hl=en-US&gl=US&ceid=US:en,World Meteorological Organization WMO,0.0258
Landmark resolution on strengthening rehabilitation in health systems - World Health Organization (WHO),2023-05-27 07:00:00,https://news.google.com/rss/articles/CBMirwFBVV95cUxPQzdHOTlGVEZFWXlZbEhVTFZRN3NHVDZIcVNCYmtIb29oR1BSTWxLcE5jUHZNZDJUaGk1Rjhka1FGdlVJZkJoS2ExenVINElIbWN2SEZUcHFGUHdzWlF6YkRla2d4SHBNOU11Si0ySUJDZHJDYjV2Vzk0LTZ4QXQ0VWRFZmZpRTlLQnFhRTVBYVFaMENLT1BfQzJKNjlDeVdXcDd0amp6cG55X2ptaWhv?oc=5&hl=en-US&gl=US&ceid=US:en,World Health Organization (WHO),0.5423
Lifesaving solution dramatically reduces severe bleeding after childbirth - World Health Organization (WHO),2023-05-09 07:00:00,https://news.google.com/rss/articles/CBMitAFBVV95cUxNTDgyR1RLaHhaaTh3X2FnSWFTbmI4Y1NYTWR6MkZ0bnMxaXNmT1ZCNU9oNVd2TEl3R1Q5enItTFJjaHc3bDhvZFJiUWhtdUFXZW9vNWxNaXVSSFBUbC1uY1JldEFwQWNWSXFPU2pNVVB2dy01NlZ3LXRiRHdwZml1M0hDOUxSN0JKN0RqbkhGeUlmcUlWa0dkTHB3TFJTMnp3SmRDdXRub0N1S2VyQWtrNEo0N3A?oc=5&hl=en-US&gl=US&ceid=US:en,World Health Organization (WHO),-0.0772
Westinghouse unveils AP300 small modular reactor - World Nuclear News,2023-05-04 07:00:00,https://news.google.com/rss/articles/CBMilwFBVV95cUxQZ2JOeElCSjlHN3dyQ2w3Z05JZUNuMFlYeDAzTmZjS0d0amV1UmlVTThkUm9QOEloU2xBRXFoTndGSnl2WTEyQjVPWndkUzBCUy1wSHEzbC1TQkRPMjNfNXFkbnRyNVhUT1V4UDFTeWY3UzdGVXhzX19XVDBSY0hkTHJnYWFKZFRacVBiZHEtZXpEaG95dTFr?oc=5&hl=en-US&gl=US&ceid=US:en,World Nuclear News,0.0
Scabies - World Health Organization (WHO),2023-05-31 07:00:00,https://news.google.com/rss/articles/CBMiZ0FVX3lxTE5CZlF6dGpZT1AxeHJ6Ym4xZXBmTnNLTkc0MnBoVzJyZm1VMVQwRzBoa1ppUVZQY3BiSklwRm5pdnZlRWJ6c3YzaG5oMWJpZkJFZ3Z1bUFLYXFsVC1ObFp3TEJQUlFTS28?oc=5&hl=en-US&gl=US&ceid=US:en,World Health Organization (WHO),0.0
Global warming set to break key 1.5C limit for first time - BBC,2023-05-17 07:00:00,https://news.google.com/rss/articles/CBMiY0FVX3lxTE5NSi1FU2EtRGtVZFBXamVsbHFzb2hOYVBSN0ZZMy0wX3NobUFmbHhrdGw2NE55MzVpMXFtbUFUakdncXJRbVNrV2JkOHdOekNDYkRkYllBMEp5X0I2SUY3Mm0yWdIBaEFVX3lxTFA3d1JjWDNRcTRKLWdSS1VrM2RXNFkyd1FLMnZIbG8tcy1BckRacWF5dWpkSkx3SGdkdHZYN2M1ejQ2ZTNnM3I0ZnZFWVN0MHpOTHdvWVd5QVJkcWpWeWIwMGV2eVUxVUVJ?oc=5&hl=en-US&gl=US&ceid=US:en,BBC,0.1531
Scientists report world’s first X-ray of a single atom in Nature - Ohio University,2023-05-31 07:00:00,https://news.google.com/rss/articles/CBMikwFBVV95cUxOaWlyTUpwMDBvVi05bEpVYlBIWWpOUUJ6eTdsY1dxVlg0MDlpa0otSXdwVk5SemRheEF1d084dTN2MzhmRlRqdEhDaFR2R2UtY1c2cXRTU05aQzVCaUlYcmZTUDl2Y2ZtSnVHVmZMX081SUlkSHh0RjkwVjk5bTV3and3WE1VVGxBZ3czWmlTTlZwelU?oc=5&hl=en-US&gl=US&ceid=US:en,Ohio University,0.0
CNNC launches test platform to extract uranium from seawater - World Nuclear News,2023-05-18 07:00:00,https://news.google.com/rss/articles/CBMimgFBVV95cUxOck1WcTloX0VXdm1Dak1POElmUVhEZFQ4VnBaTnA5RnJVM0ZxM1RtNkZET21xQmZMNmVYY2Rlc2tjWUxHd291WG45OC1sVi1RWjUyYW9xbGZLemFUeWhIRzdvQ1J4elJWMlYwM0h2QkxDMW1URnllbnlnc2hCX2lGZHplUDNiM0xwNDU0d2plZV80VWJUUThUS2xB?oc=5&hl=en-US&gl=US&ceid=US:en,World Nuclear News,0.0
Florida Ranks No. 1 for Higher Education by U.S. News & World Report for 7th Year - University of Central Florida,2023-05-03 07:00:00,https://news.google.com/rss/articles/CBMilAFBVV95cUxQVU5IendFeWlYVlBvMHhFemZmNS12cW9PS1JpVTNlMTJSYlRQUVVKRzF4ZU4tRzhBSXBUd2dGY3otalRtbklZVnp3Yko0YWZ1aVZ2cC1yMVV0RDlmMmVtQzdvU1hTbzlhWmhEQVRBeWtwaGZyS0V0VS1oeWRjVzNiR21jOWFPVDZhVm02ZVZ2LXhaWVdY?oc=5&hl=en-US&gl=US&ceid=US:en,University of Central Florida,-0.296
U.S. News & World Report ranks Drake Law School #88 in Best Law School Rankings - Drake University Newsroom,2023-05-11 07:00:00,https://news.google.com/rss/articles/CBMirwFBVV95cUxOWmxYamJ4eC10X09WY3RTSGJmbExTeFVQQ1dReVFqZ1Y4TG9sNnIxSlNnTkxULWl3NEpUVDZZazQyMDM5T2JmcU5EajFaLXZSOUtRX1pZY09DOC03azlwbkhCRE1kVVlBUlBGZVlNazdWT0oya1MwV2M1SU9VbXhEa3hzM3VhVFlkcU9QM1hEZ0NhckJ1ekN0X3JPR25qVlpsM0ZiSlRrM2IwLWtYVVFN?oc=5&hl=en-US&gl=US&ceid=US:en,Drake University Newsroom,0.6369
WHO launches global network to detect and prevent infectious disease threats - World Health Organization (WHO),2023-05-20 07:00:00,https://news.google.com/rss/articles/CBMiugFBVV95cUxPVk5qYTg1M1VCNWotS3ZOV1R2X0Jyd2xlSkdvaUYxTloxYV9mWElQODVFYnA2M1Uxb0NPMnFReW9FZzhvZ1FxR1VyTGQ5SGo0Z2FUeU9ZbXF2VGV5WXM3ZVBBZVVzNDhvRmw3dUtyTVdja3FzZktpWlRFVEkzTmxnTXpPdFF2MzBJLU5nYm9OYzhGYWpKdHFnVlhWS3EwTW1sU0hFUlgzSFJxQjlMd18tNzlXOVMyNzVZSkE?oc=5&hl=en-US&gl=US&ceid=US:en,World Health Organization (WHO),-0.4019
The World Health Assembly extends the global action plan for refugee and migrant health until 2030 - World Health Organization (WHO),2023-05-26 07:00:00,https://news.google.com/rss/articles/CBMi1gFBVV95cUxQb012QkYtckViRXdsMksycUF6U2FwUXBHcFJLVFRfel9aRnNWYkpQaVFjQVg0YXpZdmdQTVlnZ2JKZzhaYXNvdE9xSTFaVlplb2lvbVlPNjk5b0JETzJQSUEzSW44V3o1S2FHNjM1V3hNYVNXeUd5ZVBESlRoQTc3dUZJU1ZaRG4xZ0x1NUhKaUxQWENHRFhZa1NwOWFBZFFhZGJLcDJKN1hwSkl1QkNUbFI2YkpIRGZBOVZ5V1Npblhpa0EyUXNPVWR0aTk0Ym40SnI3b0VR?oc=5&hl=en-US&gl=US&ceid=US:en,World Health Organization (WHO),0.128
Deprecation of “Fresh Start” Status for World Sutekh - newworld.com,2023-05-22 07:00:00,https://news.google.com/rss/articles/CBMimwFBVV95cUxPTkRuYWFjeWMwYWNsSGdkdVNuSVVHZ0FtdEdVM05KZ2ZjZlVZdVUzaDIxZVg5UDg3QnQ0UnZFWWFjVkVwVHBMNDhVUFFYVjBKM2RLWGFwVlpUM0N3N3pHVzJuXzZwWlpCVkRmRWc0aTJCem9wZU5RTlMxWnN0WE5GcFlVNEg1a2daM3phYk8xdUpIQjRZN3M2V3g5bw?oc=5&hl=en-US&gl=US&ceid=US:en,newworld.com,0.0
Covid: Top Chinese scientist says don’t rule out lab leak - BBC,2023-05-29 07:00:00,https://news.google.com/rss/articles/CBMiV0FVX3lxTE5KRHNDMDNfU0xGNFhhdW8zY21SLXZGdTRQUE4yUWczRFNpU1dCSzVpWGpKNkFHckhWeWRfYlB1OGNKQnYwNFgxOGUxVEJiU3lla2N1UlJBQdIBXEFVX3lxTE9qNkJ2TzZORGxvVElLdTdKYi1RRzF5QXJ6NUpKWkd1a2htTGRCNGluTU40M2tvQ3QzcXRETi12aUtpaDd5eWhLVlYxSTJaSVZJdEZvbmlwOGZDeXJQ?oc=5&hl=en-US&gl=US&ceid=US:en,BBC,-0.1531
Tanzania country profile - BBC,2023-05-02 07:00:00,https://news.google.com/rss/articles/CBMiWkFVX3lxTE1HR2hLdG1wSmZtRDlPRVEwb2REVFFLRzZaREJ1VGs3X0VTa1poVFlSQ0FRMmJ3SlFCWGVYUG5TUTYtUmRoNWpVb2h2Vk1Xay1SblBzZTJsd3Y3d9IBX0FVX3lxTE1rODE0Mk54NjlLX0VfM1BUQVZvS2tDdTlfZ0w0em1sLV83NmZRQVVFVEpCWG0xVDRnNHhuU3ZfNU9fN0JqRHJ0NlVIcm9LLTBHUEJrV0hKX1BZVjdTTXJz?oc=5&hl=en-US&gl=US&ceid=US:en,BBC,0.0
Call for universal social security amid rising protests and cost-of-living crisis - Amnesty International,2023-05-10 07:00:00,https://news.google.com/rss/articles/CBMiiwJBVV95cUxNNkdfU0piamJGcDQ1MkdUR1hpcUdmUVl6ZmFBaHRyZ0VoN2hxZ2tSZk1ZbWhud1JGTjJIdEVFTnoxYjh3a3hucHAxc0JwY3poRHJWeHhoTi1sMTVtaXNvOFR2cnU3Nm1KV0kwNTJNRWJPRFNfNWp5RGRsdzFrY0I0by0xTnEwUThhNkMtX0pCM0dZQ0JSNW9lUWRWSk9VSUlaQkozUTdsS2ZvWGdJLTlJSk5mclhCMFlyeExQSWp5ZkZyR194UWFncE9Tb3k0WFBZUU5zSnpIbkpGcmZtVmJLeG4xMk5sYkJRVUQxVzgwT0stLTE5T1RCSkhxaFRwNHZ6R1h6cS1sVmt1V1k?oc=5&hl=en-US&gl=US&ceid=US:en,Amnesty International,-0.5574
Global progress in tackling maternal and newborn deaths stalls since 2015: UN - World Health Organization (WHO),2023-05-09 07:00:00,https://news.google.com/rss/articles/CBMiugFBVV95cUxPWFlDelhqZ042UWNvOFdNeTZ4SUJEUzNFdDJsWktwYzFHd2w1WlF5Q1ktODlVUHVhWTFva0FPYzJMVGFIcWM0VDB6eGNSd2NaOW9hM09VbzBCbV96clZCWmM1QzQ4MzV0M0E3VEJ2Y2FONFQ2WEZsblA0S1A5LVd3Tm1zSlA2dEt0X1owWW5IV0FiYS16cm1SY2J4YklTMnlZdU81UDlMLWhYVDlDanJha0lxdHBRbm5nd2c?oc=5&hl=en-US&gl=US&ceid=US:en,World Health Organization (WHO),0.4215
U of M graduate programs excel in latest U.S. News rankings - University of Minnesota Twin Cities,2023-05-11 07:00:00,https://news.google.com/rss/articles/CBMilgFBVV95cUxNemZEZ2R2eEdGWWFLM1NNTG9rc2ljcjk1SGpmSXBRSkFZX3htRVp4M256MUVOS3ZTOVFYZkp1eFpFLUo5YTVxR19yZE1CV056UVhWZkVrSVgyanVnNU41dkhkUF9IaS1aSjZHdmNQX3MxM25VUE1UdFR2VXQ5eHk1Rk15V2NPUm0tSTc4TGtja25HRERiLWc?oc=5&hl=en-US&gl=US&ceid=US:en,University of Minnesota Twin Cities,0.4588
"U.S. News & World Report ranks MUSC College of Medicine programs among best graduate schools - MUSC | Charleston, SC",2023-05-16 07:00:00,https://news.google.com/rss/articles/CBMimwJBVV95cUxQZjhhTmJ3ZXpvampQb2dUMG01bTdCR1pXRXY1YnJZajM3NUJNRmU3cVdCcWFHNWs3TnVLZnNudHdPUnNuQUNzdkZFVmJRMTloVDJaTERJYlNiTzRqcTdzVmpSallWQi1TM0RWWjgzaTRuTGFrdnEwbUJfbTdJUE5QM0hvVjM1Wk9rcTlibnRDNTVZWm9nQmUxQUJiNTM4Z0dDU204TU55SUdERlBNV1YwRFY5cmZpdDZyZ0pUSVowX3JOS1dhVFVtUTd2MGN3aWpJZTc3V3ZwNnlyQlVKUGIzSWlsVEVqSmNOdVNiSF9xeGtWSHdlTGRBNktJaTJaT0U3OXd1Y3dEdTh6WmF4bGFoZXpNVDM1SDZDeHk4?oc=5&hl=en-US&gl=US&ceid=US:en,"MUSC | Charleston, SC",0.6369
ONU Law maintains high U.S. News & World Report ranking for trial advocacy - Ohio Northern University,2023-05-10 07:00:00,https://news.google.com/rss/articles/CBMilgFBVV95cUxPalM0TTd5U1RlcEF1MzVFTjU5WDl0dTZLM3FUdk1zS0huVkFwY3ozd1dfQjRncVFra2QwQkExTlYtOUhCSTJPMUJ2SEpob29ibmU3LWJOaTZwY0lxeU9maFFtc2Jlc0w5VVdjaEpfZ3Y0NnFVWUN5cFZwNUZJSmtnLWVFNEcxZVMyVTJDUDdKV01zd2x1dlE?oc=5&hl=en-US&gl=US&ceid=US:en,Ohio Northern University,0.0
Polk State celebrates Florida’s No. 1 ranking for education by U.S. News & World Report - Polk State College,2023-05-16 07:00:00,https://news.google.com/rss/articles/CBMirgFBVV95cUxPbGhObEtBUllYZkZTcnRCUF9rYlMzUFFMa3duY1JldENnQjRoeUk0dUoyMFJpelJZeEF0OFVCMzk0SkhuOVgwaFlfSnpkQ1MxREs3SS1mV005M3ExU3FDOUxVaDVfUTlmWTJ2R25ydzYycDMtRnhJYnlENVFqdUF2S2toODBSWHFTMTNUMjRlXzFfTFA3Y1Z3NzU0NzdwbGNDQ3pnMExfMVhtSTJxSVE?oc=5&hl=en-US&gl=US&ceid=US:en,Polk State College,0.3612
States With the Most Lead Drinking Water Pipes - U.S. News & World Report,2023-05-02 07:00:00,https://news.google.com/rss/articles/CBMihwFBVV95cUxNWjg0U09VMnV6X1c2cEdDWHpEWmllOVJ3WUZyUjM4a1NvY0M4UWc3QXh3d0N4UVFiLTBRbDVSUk0yalJXTmlaQTMxXzdiSElYLUM5M0ZNdUxMYmw4TC1wQmVUZndSY2NpQzh1X21zTkRfWlY3d0V5UjFIcjdkdWlWQmdZSnJ3Wkk?oc=5&hl=en-US&gl=US&ceid=US:en,U.S. News & World Report,0.0
Truman VA celebrates World War II Veteran’s 100th birthday - VA News (.gov),2023-05-28 07:00:00,https://news.google.com/rss/articles/CBMifEFVX3lxTE5aQ0ZNS2l1M2Z6Tl9oUlQ2RGJrM3Ywb3J6X1pjSVh0S3Jva3VSM28yRUFNU1BrZ25tbmpZdF80ZEpwNEtpX2Z6cmVlQWFaRWdtam1XNUMtS1JmanMxRHZfQV9fNjNydER2NVBRQjJ5UWExMGZLeHgzVm04bWc?oc=5&hl=en-US&gl=US&ceid=US:en,VA News (.gov),-0.0516
"Artificial intelligence could lead to extinction, experts warn - BBC",2023-05-30 07:00:00,https://news.google.com/rss/articles/CBMiTEFVX3lxTFBVOHM5MThxM0s2VDZMZ05BVVBoVnVPc1J6VzJKek9vaXY5VnZBVVBTX0Ezcmh2OHJ1SFNFbDdWeWs5bFF2Y0dMSEFsennSAVJBVV95cUxQcjdKUDd2bU9zLWpNQk1pUTVoYUZYWnFFcFoyYXJ1MXhMVC1LQ0ZUTDVIakprSjFldmVGT0ZsaUpNeGxYZlYtQWU2d1V2QUtycW1n?oc=5&hl=en-US&gl=US&ceid=US:en,BBC,0.4019
Liberia media guide - BBC,2023-05-05 07:00:00,https://news.google.com/rss/articles/CBMiWkFVX3lxTE5UbWJ6a3NKX3BqVWpTWURYS3FfQTlRV25lYXNXNkFNRWNoeWtnSDhCUUtrb1hjRy1IanprWGhNRk16b05lYVlMNmVYUUhHbDc1dXNRTHAtMmFfZ9IBX0FVX3lxTE5iR2xidnJpMm9sejFMSzRRNHM5VlJsWGhzWlNZUWxBR1daaFY0M0ZHLXlSX1lBa3hiaWhiMllkNFd0NXR5eWhJRDlkZDNfZk8wTGR4bmdLWXNGLWtONVpr?oc=5&hl=en-US&gl=US&ceid=US:en,BBC,0.0
U of U Public Health Graduate Program Leaps Up in US News and World Report Rankings - School of Medicine | University of Utah,2023-05-10 07:00:00,https://news.google.com/rss/articles/CBMivgFBVV95cUxQRldJeEtvMjZGcFZKV2pvTXBVWDJEb0NMR0RyQ1ZTMS1saE9nZHoyQzQ5a2R4b29LMjVCamxCUHpuUFBJZVZHa1hZM0tPdmtwRkV6V3k1ZHVvODdWNEJ0dEhRNHZTQlVITjdSOXZFYlBYTnVIalpKOGhsVndhbUlkdWxtVlNrLXZrSGNQNzBMNTROLXY0aTNqMC1EUldiRWpmX0RQSXVKcDdYOHBsNFl2dU1WYi11VEdoS01QdElB?oc=5&hl=en-US&gl=US&ceid=US:en,School of Medicine | University of Utah,0.0
Wichita State climbs U.S. News & World Report rankings for engineering and physician associate grad programs - Wichita State University,2023-05-01 07:00:00,https://news.google.com/rss/articles/CBMigAFBVV95cUxPZE13Szd0Y1hCT3hrYXhFTEFpTmt0X0VsaS1DQkVVYjhNVXhoMTZuUU4zTVJsQjhqY1dWU0pvLVIxM0wtUmd1NlQwZ0xzdHhFQUtzZno3cGdOX2tyc3JlNWZlXzlSMmpvN1FfWEdjYm94WFZVVFQzU2xaa0Q0OGVsOA?oc=5&hl=en-US&gl=US&ceid=US:en,Wichita State University,0.0
Sam Altman: CEO of OpenAI calls for US to regulate artificial intelligence - BBC,2023-05-17 07:00:00,https://news.google.com/rss/articles/CBMiXkFVX3lxTE9kSkNRajVpVHZfV2Z1Z1hVLXlEbHFySW9POXV5RUxYd0VpNTAwZW5NbEUzeWtRclA3S1lfWmJpRDdkUUdZQVQ2elhqUzN3bGJULWtzcGRNTDA1bThiR2fSAWNBVV95cUxOR2l6XzlDeFZlTVBXZnR0b0tETzJMRDFsOHdFSklmbG5pZmVURTBUY081ai1VbUVkXy1rNDhVUFB6dnJsbW9OakZ6VUJUWTFHLW1wTWJqMkYwMFhnMDBPRWJMZUU?oc=5&hl=en-US&gl=US&ceid=US:en,BBC,0.4767
Avoiding disaster in a dangerous world - UN News,2023-05-13 07:00:00,https://news.google.com/rss/articles/CBMiV0FVX3lxTE8yT3BnRXJPU2s5RTBxSVNuVDdKUllYWUY2bEhYWFluaFQtVnhqdHIzRUlsdlRPRGhTTkVwM1o5RzAzRU01ZW1Jd1RuMHdONnlrZldORTFMcw?oc=5&hl=en-US&gl=US&ceid=US:en,UN News,-0.8625
Fury of the Spriggan - newworld.com,2023-05-17 07:00:00,https://news.google.com/rss/articles/CBMic0FVX3lxTE4wTjZLYjRqd0NHUXhoZjExeDF2a3VrUElXNlJqRHJkYW5rakc3d0lnOVdRWDIzWWlzYlBLcjRJZ3YzX0t5OVJobG9JVEkzb1VXN3RwMFhhYzU4Z05BN2RkZEp0cV9ucExpckNJODBHbUttQ2c?oc=5&hl=en-US&gl=US&ceid=US:en,newworld.com,-0.5719
WHO declares end to Covid global health emergency - NBC News,2023-05-05 07:00:00,https://news.google.com/rss/articles/CBMilgFBVV95cUxPWHJqRzlXcGtmeXpGNHdsTFVnRmZpQTA4ekpFRmNOUlc1UW9BbkR5NDhONThuSVI2aFlrZzhkUE1zd2tkY04xZWx2Ui1RS2JDWklqNHB6cmlPMnMxZHNKYjU1emU0dGFWdGZOQ2dxdTVDX3FVcTFTQ3J4Ql9sc3FRZHFYYWxTZUR1aUtsV1pjUVpWT1JEM3fSAVRBVV95cUxOUDRTNUdqTDN3SlduYU1IbnB5cVY0UVJCX0U5VDJoYklVUHU2aUJ2Z0VUaS1pcm5ldHdFY2hjRGY5V2JuXzRwNG4ya3VVN2poVFBNSjg?oc=5&hl=en-US&gl=US&ceid=US:en,NBC News,-0.3818
Uruguay media guide - BBC,2023-05-04 07:00:00,https://news.google.com/rss/articles/CBMiY0FVX3lxTE05UGhmSFdUMjBNQ0FKYW9yM3NuN2VtSXM0RXRwZG9OZF9FZkp2TXJnYjB0OVJrOG5ZMlpTS1R2QllFV1QyVllXWVRHU01mOVIzdzdJNjNzTHdzRkR2Q3YtN1NBTdIBaEFVX3lxTE5oY3cyS1JhUGNaVjBISDM1ZkFCRGZCLVR6OGsxOUlDX3k3YmR0Z1QwX25Tek1QWWUxb0xuZ0RpbjlNczVxeXo2NlpFYlYyeWtNbm4xMjFSQW5EMVFnSmtPcjJKVnE2eEIt?oc=5&hl=en-US&gl=US&ceid=US:en,BBC,0.0
New WHA resolution to accelerate efforts on food micronutrient fortification - World Health Organization (WHO),2023-05-29 07:00:00,https://news.google.com/rss/articles/CBMiuAFBVV95cUxOcGF5blBoMU1KdjZ6RjFzOHRuSmdIODJTZW1GaWthVUM0cGpGc0lQZlotdHJ5bzBHdHBfWENSNHlMVkhtbXVPQWRtcThBS1FfY2VPdjFfclJmaFp0NmQ1YUFrREdGTlBVdzdkSVl4LTBwbXFheV9FdFdvQ3kxYUoxZDVBajZtLVYyU2t6ekppRHNQZkpPa1hYWlgtT0xVMGpqZ3pxYzE4R3RjWW5qRnNwUnRWUmI4TTRO?oc=5&hl=en-US&gl=US&ceid=US:en,World Health Organization (WHO),0.0
The 10 U.S. Cities With the Worst Traffic - U.S. News & World Report,2023-05-24 07:00:00,https://news.google.com/rss/articles/CBMijwFBVV95cUxPclF4YXM5WWxncjBFSmlXSjBTOU1DTzZZaTdFdWdIVXBXdWZBRDdzVWp6c1NCdDdSNXZVM21RRVZBenRkYXVpa1Q4TUlaay1XRFFKZm9zV1BnbTdEdXNQMnRSa3E2YUJnZUFKcklQWFo1QWE5SjNiempmbjZiQ0hLak0yNkJNYkVTVkM0TENwNA?oc=5&hl=en-US&gl=US&ceid=US:en,U.S. News & World Report,-0.6249
Puspanjali Gurung ’24 finds family all over the world - Furman University,2023-05-25 07:00:00,https://news.google.com/rss/articles/CBMia0FVX3lxTFBBY0FnbzJBN2JIMVY2YzRSSmFWLVItcjhkNHljNndvd0k3aHQwbTZlZVoydF9Xa3hTWkczdzN2RldtZzdxaTl3WHdUYnhTQy10dXg4bGdoYUFna0Uxb2F6cjM2RHVhaEl6cTJ3?oc=5&hl=en-US&gl=US&ceid=US:en,Furman University,0.0
"More ways, to save more lives, for less money: World Health Assembly adopts more Best Buys to tackle noncommunicable diseases - World Health Organization (WHO)",2023-05-26 07:00:00,https://news.google.com/rss/articles/CBMi_gFBVV95cUxObXEwUkVGQ3R5U29YWThjQzlia2VhbklnSXotakU4VVdYazRsSmJ4Vk85R1VrNDhKb0ZPVy1Yb0NWc3h3c09BVjdEcHVpTEU1OF9NM1N2clhNVnFuTE1OZ2RJSm1jaTM0YUxMWDhyMjg5M2ZXQUIwVGZENEJvTC1MbGNmZlJzWUpEU0NMU1dsQ2NqaG9wX3dDLTdnQUxhcTctbUFBaHZfSlljOTZNeEFSQkFRYWpxaHo4VENyTWp4eDZpYUJJY2tzVE0zSHR3ZmU3d19MM20tR0ZQamhlWi11Y0dtUDNjRzZDNWZTY0pYRUpjVE9ldWFEUEFfSzFDZw?oc=5&hl=en-US&gl=US&ceid=US:en,World Health Organization (WHO),0.8643
Americans fault news media for dividing nation: AP-NORC poll - AP News,2023-05-01 07:00:00,https://news.google.com/rss/articles/CBMirwFBVV95cUxQejd4UlJaMXpsbGtJZ1VCVk1uOURsYVJ0YUpwOWpqcEpsM2F0UjA5TGczZ0lQUnFENFN4SVZKNndDdGtaTGdjRU85M0F6S09kUW1CS0tuMHpjWG9obklHc0tQR0lJVjBzMEhYWi1yLW1hOGdUcDBRazhWZnppTGRJSmZhdXRFZ3dtQUpkOUtlZmJlblBsRDQ3LVlRNnU4UFVnYWliWW52eFBfS2dnMGlJ?oc=5&hl=en-US&gl=US&ceid=US:en,AP News,-0.4019
Thailand media guide - BBC,2023-05-26 07:00:00,https://news.google.com/rss/articles/CBMiV0FVX3lxTE0xbFVkT2s3blZlQWVCOUppRUJHMjZWSDVlQjF0VGVWMnc0WmxfT0UyejJLNEp0anZRaVkxME0xRnh2Yzhickw1QzlWZ2dPbU93UEt1bGs0Y9IBXEFVX3lxTFBjUUFLZS1odkFKRkhZQl9DUUV0R1hLUmh4blBpQnRDN04yRDVPSjVKT3h3by1oSnJUVVRZNS1jTXc0WlVYWllpUHJ4MGhZV0UxeW96V3pXMWo4UlJ5?oc=5&hl=en-US&gl=US&ceid=US:en,BBC,0.0
Paraguay media guide - BBC,2023-05-04 07:00:00,https://news.google.com/rss/articles/CBMiY0FVX3lxTE1WOGl2UzJXUnk0OWxzWVBIM05rZGx0bm9nU0c2aVZEdFJza3JVMkl3LUw5ZDg4dmVTaUg1OWlaZHQ5eXhPVHRiQnVKeTctazN2R0ZzXzFsdkozR3lVb3NtSGJuSdIBaEFVX3lxTE8tN2RMLU1ndXg4TEM1SHlxTXcweUotYXZqbDg0SXgyWUJ3V1Y5eGEtWmduU1p3UTZneXplNUxEVm9UZGNfc2tISUhmTGM5LVBDUVRJVGRmVWVielZ5azVDMnhDWW9GNFZp?oc=5&hl=en-US&gl=US&ceid=US:en,BBC,0.0
Montenegro country profile - BBC,2023-05-22 07:00:00,https://news.google.com/rss/articles/CBMiWkFVX3lxTE1rVWJ5UFlvSzlIM2pjXzBhUmo2T1dzTzQzV2dxblEzcUJVQnB0bk90MHdKbm9MclVKaEY0SzVjc2hpZ0ZVSlVIeWV6aGUxQ0VsRWNFX3FKUnVlZ9IBX0FVX3lxTE4xWmlzNVV4YlVIUHhweEJSSzJXWEhoY2NnbWNVcEZ1X2JyZno5TGxWclRIV3pNX3pza3hjTjVNa1pDUGFKZXlGR2NnS1dwTmdlazNKTVVGYXhESUdOOTNv?oc=5&hl=en-US&gl=US&ceid=US:en,BBC,0.0
United Kingdom media guide - BBC,2023-05-22 07:00:00,https://news.google.com/rss/articles/CBMiWkFVX3lxTE1vVWNwNm5yQXJnZVhpcmFMMzdYelQ3b3N4Vzd4V3dXY2Jwem9IOWg5M1dkRTB5NnRNT2E5cXBydnVxc195dE8tMlMzN2FudTdKWWE2d0VWTnpvUdIBX0FVX3lxTE43WE5EYWFrZjNfblRXbWpBZndJSENiSFh4aTdCdnlkOFRrMHpSQlc0UE1iUUQ3Q1N5SjBFVERIZ2xSQzZIOTdlV3FMNWFRVTBnbDVlVzhpRnZpb3Vtd3Fr?oc=5&hl=en-US&gl=US&ceid=US:en,BBC,0.4215
President holds meeting with world's largest investment company on creation of fund for rebuilding Ukraine - Офіційне інтернет-представництво Президента України,2023-05-05 07:00:00,https://news.google.com/rss/articles/CBMipgFBVV95cUxPWkdqbXhPa0EyX0ZrNHlhZUJIVFBTb0tOdVZVUE05NGU5dk5mTGJSekJnTjh4VkhGWF8wUXplWG1xcFpTc0Y3dnpBbk9aenRsZjBDX25xaHBZdE9yekpUak5RVGxSOGI1dDdBNC1fb3BpTVh4XzZpSU53MzVMWnFrbmc1TmZYS3dvSF9CMVhzLUttN2lUOUExVk5VYktNY3ZFY0NDSVh3?oc=5&hl=en-US&gl=US&ceid=US:en,Офіційне інтернет-представництво Президента України,0.2732
Sackler family wins immunity from opioid lawsuits - BBC,2023-05-31 07:00:00,https://news.google.com/rss/articles/CBMiXkFVX3lxTFBxemQ0X1l0UklNajRHM09MVGFjcWlZQWxRVXprU1dHd29iSWhvWXV5am1yT1lnMFlfNUdMdW5EMmdJZkNOSl9fcFg5R1lEaVRnUVYzMnBNM051Wi0wMnfSAWNBVV95cUxNcE1XVDhVU1hLZGpFbm9zOGFGZGlZSWY4VXVoSmdIbThqaHFvRE1nV3JFSm5pRUk5a0p3MWpUUGlLaUU3aHB3dzBTYllHM3c1UVdRcXhvTjBEcjQ4cVpQMkFPUjg?oc=5&hl=en-US&gl=US&ceid=US:en,BBC,0.4767
Ukraine crisis: Who is buying Russian oil and gas? - BBC,2023-05-23 07:00:00,https://news.google.com/rss/articles/CBMiX0FVX3lxTE9oQVp2MEU5YmdmdWxkZndia1RCbkpEbWZLSjdGRFJVdWNEYlliY3Ffdm1TU2hXeTRpSTZ5TElhMktBQkxJNlF3SmZQS1dtWlFjMEF5UHFWc1JnWHVhLUpF0gFkQVVfeXFMTV9tYlpaaEFPWHFvSzNxMXdiUTJUVVVvTXdvOVV2UXY4YW12SDFOM2JwM0VqcHpDNDJTczRRcEl5YlVrWmUzM01MNWVtb1pDVVJuTFB6NDE2UHI0eFFHT0dRNHJGOQ?oc=5&hl=en-US&gl=US&ceid=US:en,BBC,-0.6249
France bans short-haul flights to cut carbon emissions - BBC,2023-05-23 07:00:00,https://news.google.com/rss/articles/CBMiWkFVX3lxTFBzckozWVZsbXJjYmpGN3hKZkdHV0toU1VvbVFfNUc5Z0VzUnA2NWFYdGx0NUl1ck0wVEtFeW9URTJISWFXZ3JwTWtycVBfV2l2THVJdWZUenluQdIBX0FVX3lxTE5vSlBoUEdMU05kclllZjEwVnhRZHAzTjd0UF9GYnR4N2lremJfZUF4ZS1uU19PQ0xBX2UwOC1HakYzOU50cXB5RDJfLWdsVVNwbUFwM3ZXZUI2M3pFa3lN?oc=5&hl=en-US&gl=US&ceid=US:en,BBC,-0.2732
Assyria: Chronicling the rise and fall of the world’s first empire - YaleNews,2023-05-26 07:00:00,https://news.google.com/rss/articles/CBMijwFBVV95cUxPNElkQW5PT1FCNl9teWo5SExSU3dkemhyQWNBWjhUWGQ5MXVIenZadFFPVDQwY2RzeG51aU1tdS1HMzdpMDZnaVphUnRzUmR5ZnVmRjZIUjNCd1hndk5idktUbm9SZ1I0SkRiUkQ1UXptYmZhcUdBTTR4ZEsxb1VvZ0U4UG5yaGJJNlVkT0xnOA?oc=5&hl=en-US&gl=US&ceid=US:en,YaleNews,0.0
The measuring tape heard round the world - MIT News,2023-05-01 07:00:00,https://news.google.com/rss/articles/CBMicEFVX3lxTE95QkwxbWJ5UGNPRkRIbTNfY202TUFWZzU5ZkNxZ21kdVJOb3Z2LUQxYmZaSnhlZWxpeUtwcG12NDJlOVg1TnJLZHZZX2dVcmczc2F6b0tycExNOEhNbFdoYV9VMzI1aEpvU2N4TlFNbE4?oc=5&hl=en-US&gl=US&ceid=US:en,MIT News,0.0
Climate change: Vietnam records highest-ever temperature of 44.1C - BBC,2023-05-07 07:00:00,https://news.google.com/rss/articles/CBMiV0FVX3lxTFB4blJRV2ctOU1zcVVrNXBwRG5ZVE9sczhaVlFxRFpfQU56TDJnSDU3TDdoY3Ixa2FkOHlOMmxDeHQ5Z1FVMTN0MEJDSFp5TmNudTlPdkhlRdIBXEFVX3lxTE5BbjVyWWNCbl8tUWZ1dEFRUWJfY0NJbG5EUjJ0V1hUdVUwTG1zUjIzUEd6WFJyWW1TcTJ0RXo5OWhYNFVyVGtHUjROU0UxQmJDYUtTQnlPXzVXQ3pW?oc=5&hl=en-US&gl=US&ceid=US:en,BBC,0.0
Asiana Airlines: Passenger arrested for opening plane door during South Korea flight - BBC,2023-05-27 07:00:00,https://news.google.com/rss/articles/CBMiV0FVX3lxTFBHd0pkVUJwTnp5UGtzUlUyM082cGpDcFNHeFZxSk9aTFNNcDkwd2FHbHNIaVBFUVF0YXI5UW1XazlqSVlza0xKZUdTZlJNTHdRci11ZzNyVdIBXEFVX3lxTE5vdW1GRmJPSWo5QnEtU2MxeGZsNXVZU3BOR3NBcXk2Wkk2TjlfcXg2YlhZYmhKS0NPTFJWd004RHBMYTlnNGpZYi0wSVBCcWp1X2xfRHFfLWcyV1Vn?oc=5&hl=en-US&gl=US&ceid=US:en,BBC,-0.4767
Global temperatures set to break records during next 5 years: WMO - UN News,2023-05-17 07:00:00,https://news.google.com/rss/articles/CBMiV0FVX3lxTE42N25LVF9wUTFHSUQtLWdBSENSbTRVWVM3VVRuRXB2Z0tsVUQ2TWFsT2pqRy04LTRVQ3F2aWp3T1NTem1teGlQY3NaZU5uV0VWYzB2WVZvQQ?oc=5&hl=en-US&gl=US&ceid=US:en,UN News,0.0
WHO issues urgent call for global climate action to create resilient and sustainable health systems - World Health Organization (WHO),2023-05-24 07:00:00,https://news.google.com/rss/articles/CBMikwFBVV95cUxNaE0wUFBMcWFuMzJfb3AwTW04RTl6N3FkQmttb05jOWZPc1lqeGtxclhsLUNLY2p0Y3BIc2xGWkh3MGdReG1tWHlRdHdUNDlFZ3M2akxvbzUxdGtOZzV3cmI0REkwR25LN2NHYlk1NVhsYU5lOEVnVl91R0FPTEZtSWYxQmRYb2hzdnJYa1FZek1CMzA?oc=5&hl=en-US&gl=US&ceid=US:en,World Health Organization (WHO),0.4404
"Clean energy investment is extending its lead over fossil fuels, boosted by energy security strengths - IEA – International Energy Agency",2023-05-25 07:00:00,https://news.google.com/rss/articles/CBMiwwFBVV95cUxNUkkwYlhXZXl4cGxEWWZHcmpJUWlOY1luZGk0VDJhVld4WUdtakNveTBEVUFMNlA5Zm5aYUNYY1ZJWVZUdW9fQTJjX3dETnAycFlZNjZrQ3FWRkxmM2xFVG9hZm0zMEFUaFp4WVFjSHJET2RfZllURk5TWjZJN3d4bXE1QVhvM2pZTnNXWC1JOFJzMmtzYVhvWFVJYnNxUmtkZkhPYmV2SlQzZDRBZlNQWmJidm9NMUtNVlpPMWk0a2RnWWc?oc=5&hl=en-US&gl=US&ceid=US:en,IEA – International Energy Agency,0.9274
"Covid global health emergency is over, WHO says - BBC",2023-05-05 07:00:00,https://news.google.com/rss/articles/CBMiUkFVX3lxTE5kSEZRZmdWZFNHNmhIRk0wVkxway1IdkF0V3NtcEtnMWpfWjllTWVCWFVfOU1nZVFkejB2alQ2ZGhqZUNBaDhqVDdZb3pfMDE0aEHSAVdBVV95cUxQMkQ0MmFqazlnWkhPOW95UXladnNTY3h2VHZKTUZTNmhkcV9pRXhNOHVhNVFmdXVlWVR6Slk1RHNHR01PaVpmREYyYmFvdXdDcnJnejRmNm8?oc=5&hl=en-US&gl=US&ceid=US:en,BBC,-0.3818
Northrop girls tennis a window to the world - Parkview Health,2023-05-15 07:00:00,https://news.google.com/rss/articles/CBMid0FVX3lxTE5pX2VBLUhZZ2x2b2lSdlNoMU93ZUNacC01ZTAxUk5HRm9xQmVOSXhJR0pucVE3a01ESzdMSzVXOWhQUXd5NDNWdjQzaDdtWEZLRzQxY005VkhWbm5NR05BekQ5YjlOdVZJUldnSFVqNzAzWVEzc2tz?oc=5&hl=en-US&gl=US&ceid=US:en,Parkview Health,0.0
The college rankings rebellion - The Week,2023-05-14 07:00:00,https://news.google.com/rss/articles/CBMid0FVX3lxTE5xbXVxX2VrQUlmREhxcDRJcFgyRURPbWJSdTJDdlEtRXBkWDdOd2owdDRfTm5HZnRlbDA4ZlhXNTNLYW1Pb3Y5ZGE2YUlLZU9ZUzdKVmxFUnBtcDdSOHNyTlk3VGlXVjlMQ0E1b1VmaERIdDdJX1NF?oc=5&hl=en-US&gl=US&ceid=US:en,The Week,-0.128
Montenegro media guide - BBC,2023-05-22 07:00:00,https://news.google.com/rss/articles/CBMiWkFVX3lxTE1TZ3BZWjFmZmQ4cHJUOElxWnB0TFcybURnb0I1V1A0Wk9GR0F2R0lIZTc2Nm1FdVIyVXFNOURTUWpmd09CT3Vubm9qVlNrX1ZsQjM2eXZmODlkZ9IBX0FVX3lxTFBIbHZlT2tLb3pCRk9vZTZkT0lvSGd5NDhrcGhYTmRtMGh0S2VLMkNFek1xejhubzFxLWNULVlwbU5xQ2JGSk9JZS1VUmF0WEVKN2lrQzl6NTQ2YXBGRDdV?oc=5&hl=en-US&gl=US&ceid=US:en,BBC,0.0
Zelensky says Ukraine needs more time for counter-offensive - BBC,2023-05-11 07:00:00,https://news.google.com/rss/articles/CBMiWkFVX3lxTFAxbWF2Z3VjVTVZOHhQTWdmZUVyTXN6c3A1WEVpckdWRlZDeGJyVkU0QTM2V0ppeXJnZTVQbTI4RDhha2JKbFYtTXJ2Q0I4blhRWXZzWExKMEgyQdIBX0FVX3lxTE1neU5Hb0g4RlpsaWJQYTJLRzAwQjYyWGhSZ3RkU0doVEFzWEJ1djVKWmtXZm1pU2V5MmlsTTBRWWgtMVZ5eW91WC1BZjZ2VEVxaFA0Tmk4cFd6bjc1LWRN?oc=5&hl=en-US&gl=US&ceid=US:en,BBC,0.0
Turkish election victory for Erdogan leaves nation divided - BBC,2023-05-29 07:00:00,https://news.google.com/rss/articles/CBMiWkFVX3lxTE5QZDZCd3pwT1g1UF9rdDBhRmNUOVhtQzhxeHZPdjZyLU96Zzk4ZVVhNERtdUZ1RFFxeEJRUGNpelhtcG42akF2Q1pLanQ0M3ptT1VqYTdjQ21vUdIBX0FVX3lxTE5QbWtzSWNmU0xEVC1EejctN08xeVJEQUMwZk9ReWFMUzdEcXQ1T2dFVlh3SXBCZHRINWJiYWMyUjB1RFlxS0RKUzcxMlZCTEJYbWFlcldSZ3QtX0Y4ZlBz?oc=5&hl=en-US&gl=US&ceid=US:en,BBC,0.0
"New WHO report highlights progress, but also remaining gaps, in ensuring a robust pipeline of antibiotic treatments to combat antimicrobial resistance (AMR) - World Health Organization (WHO)",2023-05-15 07:00:00,https://news.google.com/rss/articles/CBMioAJBVV95cUxQSktTSm53c2JfVWY1RXZqTEZINjFucGxCSDI5ak5vYS1PWVZiNzRiQ0FIMUt0eERaQWVmQkpUbFdybGhqSEhfdXItcXZFOEpnWE9GT3NqOFkyUXJaa1JPQTlSYmdQUk94WjZpemt0MzJrWnZFRUJUTUtkajhibHB5eEMzT2Y4ZTZTRlF6VnpYN3lBRy12LVFrSDY2a0FTU00zdlk3WWROOG5ER2h1R3hGaklwbFBDOVBSU2tYN2NGRHUwWVlqQTlTVm5aZ1g1QU5WRHgwcGpmU0lUTFNvNzR4Tm55a21jX3JmQVFzVmItVWJERDRjV01SbDFObnN1eEl5ZXJMUm1QTE1RUU1HZnE0aUl5eXBJZTVDRE9yVkJTTEo?oc=5&hl=en-US&gl=US&ceid=US:en,World Health Organization (WHO),0.5499
Nord Stream: Report puts Russian navy ships near pipeline blast site - BBC,2023-05-03 07:00:00,https://news.google.com/rss/articles/CBMiWkFVX3lxTE94blVJdnNLdk1ZZW1QdVlHN0dWZ2M4ejZpbEVULWd0MjlBeUFBdVR3SWR0U3N2S3NHV0htY1VVUEJvTm9JNE56MlpwVmVpUnpOd0pfWFl4WWtNZ9IBX0FVX3lxTFBLLWtWd0pCclBrNXlVOV9MOXZOd1g0NEJNaXJWSGxxMDBLVlFUOGJ6aW96cllFVHBmb0VQdEI2d0ZtQkZvb3NPNlMzWEtPMERLN25fcUZEWnVOQ2tBX2VN?oc=5&hl=en-US&gl=US&ceid=US:en,BBC,0.0
6 Mosquito Diseases That Can Be Deadly - Pfizer,2023-05-18 18:41:36,https://news.google.com/rss/articles/CBMigAFBVV95cUxQZlpPMEJQQktiRUFGcDZNSG9nU3RGMW1GZDNhWW14UmFKNWM3aDl2azdjRHNDQ2NRRG85Mld3cnR2OXh1RjRZWXg4UEFZZ0NiRFgwOG9UX2ZfdzRfSUx3QlVhQ2gzWmJVa3U4Vk93RWRtc3dnSXZlXzViZHlHNUF6aA?oc=5&hl=en-US&gl=US&ceid=US:en,Pfizer,0.0
Uganda's President Museveni approves tough new anti-gay law - BBC,2023-05-29 07:00:00,https://news.google.com/rss/articles/CBMiWkFVX3lxTFBPbnJVM3h6OTdVd3ZSOXRQZEg1YkZlSGhTRVcyQnZRNmdMclVFSHJWQ05YUFN5TDYwRlIyS2pfYW5RT1dzMVlDQkk0aEJzNFVHSG1ydXBiSTQ2Z9IBX0FVX3lxTFB5WmszdWFTNTIyRlMtYldzeDJkMWd3NlFjMnJLLURxVWM2dkxHQ2pCbEYzU0JFbXlYcWg4MndPZGtmZk1rcXhXblNxUEMwZ2stQWtnRkRabFNjVTYzaHV3?oc=5&hl=en-US&gl=US&ceid=US:en,BBC,0.296
State and Trends of Carbon Pricing 2023 - World Bank,2023-05-23 07:00:00,https://news.google.com/rss/articles/CBMiwAFBVV95cUxPNHllLTJOM0M5WU82RWUyMjRGdG56RFNGRFRaenU5UzlZUUc5NWhoQ3Y5MGN3eEhzckJwSkJFd3hCU0lTNEl2RDRqbHFoeW9NRmlTY3FodTBBbUR5bVliS25KNjZPMzJYVVVDV0xXbThtYUo4cXVIQW1EeTJsX3NTSEJOdWdTVjR3ckxwRkZBZHA5S3NCaWdhOWZhNHcyUlgyYThGeEVQNEt4R2ZDbFdnZzlvNENBNVpsbWVTT19EN24?oc=5&hl=en-US&gl=US&ceid=US:en,World Bank,0.0
'We're Titletown for a reason': US News & World Report names Green Bay the best place to live in America - WPR,2023-05-16 07:00:00,https://news.google.com/rss/articles/CBMirwFBVV95cUxQQjd0N1I1aHdPRFpHWHRmS2ItSFFxX0VRNllBUTM3ZzJUTkhBbG55NHExS3VQWTRVUmZOSjY3Qm5pLUJJbTg5MGY2b3RUTTJ1NHJMSlB2MExwYk1rRmZvR1o1OTJEOXRsODJzenJvSXhSdkdhR0kwaTRsSl9iSnF4bFljVVhsRm9FdVBUTHF0MHdwWGZ1SldYQzhKZ3Nzb2xseE5yYWtoOUwyU3FGSzhz?oc=5&hl=en-US&gl=US&ceid=US:en,WPR,0.6369
"Nearly 50 news websites are ‘AI-generated’, a study says. Would I be able to tell? - The Guardian",2023-05-08 07:00:00,https://news.google.com/rss/articles/CBMiiwFBVV95cUxPek9Cb1RmaXVjanpOc24xbHJxVWVnQ0wya1RVeVdXZmhPb1J3MnVKYXRtV3loNVVYOV9WdVBwWnlYUExoTDNndVZZQy0xc05uUjNvdUNwdlVJV0R0a25DSldnWklrN1VtMXVCVE5ZRmdncG5SdjJON1E2ZkdFaGJtb2JmVFdJb3EwQTc0?oc=5&hl=en-US&gl=US&ceid=US:en,The Guardian,0.0
What Can You Do With a Computer Science Degree? - U.S. News & World Report,2023-05-09 07:00:00,https://news.google.com/rss/articles/CBMirwFBVV95cUxQYUR6SnppUkw4Z0M4NzU2QVk5SVR6ZXNiQzQxSlFVUEdCN3U3bjN0RmdreGJRREJHdnk1UlM0RHZRT1k3VVp2NURicWJGNkdOQ3g4TmhXcjgtcjZCdVRTbEVLekJyaGxMak9nZkYyYnptbURZc3BORnRGbllZTmRITWRyazhZcmM3SjlDb3FSX3hUY2p2aDA1am4waTlkT3Q0amNoUy01UVBXRnVyTThR?oc=5&hl=en-US&gl=US&ceid=US:en,U.S. News & World Report,0.0
"Ukraine war: Bakhmut 'not occupied' by Russia, says defiant Zelensky - BBC",2023-05-21 07:00:00,https://news.google.com/rss/articles/CBMiWkFVX3lxTE9HOWQ4ZUpvWkMydnZ4REZjQnY3V1Y0TnJEUkNpbjFnWkRpYml0QUxrc3BoT013WDlLekJvWTlpWlVJRUtvcGNWREo4aUc0S05NenBkdzdhTVdzQdIBX0FVX3lxTE9FcU1uVjJwdXFrUVRYUGkxajN5clRIMUEwUm5Zb3g0YThCOU8weEJzOWRFeDdiMFJwZFZnVjBqRUVScm5TeU5qYXZLNU9UdV9CZ0JreG1GWUFvYW9EbXd3?oc=5&hl=en-US&gl=US&ceid=US:en,BBC,-0.7003
Mauritania media guide - BBC,2023-05-22 07:00:00,https://news.google.com/rss/articles/CBMiWkFVX3lxTE85Q09FbHZhZDhhLUtpQWxNM1JidEVmNk9xcnBxbEE4bWxzWVBURzFCX2lWZ0VhOVlNY3dDQ1luNDhUSDR3TmYwY1c4dzZHRTdfbVRoMnVwMzJaUdIBX0FVX3lxTE9rbDRycmtEaGhkMTc3QV9GU0MzbnNSMUExdk84TFZTbHl3YTVadnM4Q1ZBSFhXcDI1M285bDJYTldFZlpyOEJRdlh0YmpTQ3FUdXBGejZlekE1OGNGMnRr?oc=5&hl=en-US&gl=US&ceid=US:en,BBC,0.0
FIFA and WHO extend collaboration to promote health through football - World Health Organization (WHO),2023-05-24 07:00:00,https://news.google.com/rss/articles/CBMirgFBVV95cUxQMFVObU9nSlVSUnZzR2hLeFltYnpVd1ZZNDFJd2x0ZzloMGZtZWEzbHFTXzU4bUJDRGFkUlh5UHlTZTl3NWx2QW5GWEVyd2R1Z19BMWlibVlXVmF0T3R2d0FiN05pdFFKZWQzSkhINjh2Q2RxRTc2bGtlOFRCU1hVQVVKVnFRdTZBRkJvRHQxMWh5RkdIWGE1aVIzc01QMXpZajVYeVQ5c0htSXJZWVE?oc=5&hl=en-US&gl=US&ceid=US:en,World Health Organization (WHO),0.5106
Prince Harry and Meghan say New York City car chase was relentless - BBC,2023-05-17 07:00:00,https://news.google.com/rss/articles/CBMiXkFVX3lxTFBTdlZCMDdJUVVzVV9hTVI0MW1lZzZyNzRWWjZ1NmUxUUdPUGpPOUZ6TFdabkszRmwzY24wNjFKQUh2SExXY1VDN0laNG1KWlRsRFNSUTlqQWYtTG8tYUHSAWNBVV95cUxNQ01keFBFSGFSVkp5YlJTU0lyTHFISjR6eVhVcTRVQlpvWHljaHZxcUZxbzVRc3J5X29rZHdfd1ZLSWFsdWZGVVdsRlV4VXl2QmVwcHhaZkJ1dU90a2FiU3VnZ1U?oc=5&hl=en-US&gl=US&ceid=US:en,BBC,0.0516
"Chronic diseases taking ‘immense and increasing toll on lives’, warns WHO - UN News",2023-05-19 07:00:00,https://news.google.com/rss/articles/CBMiV0FVX3lxTE01SS1nUlEwUV9nZ2FRR0lVX1hiQmx1QURFUUx3Z3hHc0hXVEIxblJVZEh5MERtc04xZnVMUHhTeXNwVVAyZ2ZWdzBJX19ENjlWakJWWU9YOA?oc=5&hl=en-US&gl=US&ceid=US:en,UN News,-0.1027
Mexico's Popocatepetl volcano erupts - Sky News,2023-05-25 07:00:00,https://news.google.com/rss/articles/CBMie0FVX3lxTE8tRjhNT1lxMEktc1o4S3lKclN0VDFocDRZTlNrWlJVUDZNQzhHVHdNQ0xZdEd6dEZqY2FXbnROdFg0MkJkNGFCRGVySEk0MDNoMnVMXzFUUE13WTRrdG9SOFRJQXBNc3lJa3A3VWVSQmdBMGtEbUV2akNTbw?oc=5&hl=en-US&gl=US&ceid=US:en,Sky News,0.0
Friday briefing: What will Ukraine’s long-anticipated counteroffensive look like? - The Guardian,2023-05-12 07:00:00,https://news.google.com/rss/articles/CBMijAFBVV95cUxOUmtlNGlfbFZESXE2LUZWdUN6ekduNmZzalFYT2tFZWxLQ0IzaFppUDlfN0tZbGZRMUFLMEZJTDdkZjdhVnpLSGtNWk4xOWtfQUNrekFRdjQ5WFRvTk4yWDdzSTFwNmFaS0x1cWc0b3d2dXlKbjJxOXJ0WDlISjlBV00zNUxZNUdfclVxbA?oc=5&hl=en-US&gl=US&ceid=US:en,The Guardian,0.3612
Post-pandemic world economy still feeling COVID-19’s sting - UN News,2023-05-16 07:00:00,https://news.google.com/rss/articles/CBMiV0FVX3lxTE9sWURBMjY5QzhkUGl0QnI2X0NrQmg5U1hjZkhlWFBlSUlfWUNGYjlHM2JRekEwYTNZUlB6RG5BX0lVanU2Tk1sbkxCRkFiVGhmSUNqREQxVQ?oc=5&hl=en-US&gl=US&ceid=US:en,UN News,0.128
U.S. News & World Report Ranks Nursing and Part-Time MBA Among Best Grad School Programs - CSUF News,2023-05-08 07:00:00,https://news.google.com/rss/articles/CBMivgFBVV95cUxPX2JzT2VZa3h6bGFVUlVCWXM0WXJMbFBOUWJwcTY5dExWbmFrOVVXRDF1V2xjSFJwZUJaSUZ4NUszaG00YnlsNE9YbkNEd05JSzNZXzNtemdwOWN3bVl4aUZ2WFJKY0JVT1FiNUdTTjRBcjAyQ0lGTnVPT3JNUmt1YWJJN2pqZVYxUjkwOVNTSm9DRzJSSUw2VlZFc016bFNGRTVXYnFhaU8zQThaVXRqVUdTMEw0NlAySVVSUGpR?oc=5&hl=en-US&gl=US&ceid=US:en,CSUF News,0.6369
Ukraine war: Volodymyr Zelenskyy says Bakhmut is 'destroyed' - Sky News,2023-05-21 07:00:00,https://news.google.com/rss/articles/CBMimAFBVV95cUxNME1qc2stWEwzWGRmVEpoUWRHSmVOYi1BZUdpcmltRUVpZXRXTlJGT0ZjWlVJVllKb1p5cXdxdWt0YU9wQjhBSDdaWU5xQUZJZm53MEdDaVBDdDdveUNOUHR0VU5VX0ZMNlk0ZkpLcHdUSHVrV3YtbFU3QzhYZERUN2cxdTRkRUE5MVVzX25KVDRocHZqYk5BOQ?oc=5&hl=en-US&gl=US&ceid=US:en,Sky News,-0.5994
Zanzibar profile - BBC,2023-05-02 07:00:00,https://news.google.com/rss/articles/CBMiWkFVX3lxTE1CdFE0UU5pNkN1dFpTUFdUX2w4WjZNM1U1R2paTVFxTGs2TkF2S1ZDODlMZHI3MTlQMVJwaTcxS044QjA5YkZQenRjeVBnU1ZjOS04bGNmNXFkd9IBX0FVX3lxTE5ZV014OVdPWnJqb3V4WHdzRHR5UUotWFQ4MVFtWUVDUWNqdzVjeXZNckJBT2t5TjY1OWx0bnMtX1UwNVRoVDlGTW04UHVSNGh6WUxkTEFZNTV0eGF5dHUw?oc=5&hl=en-US&gl=US&ceid=US:en,BBC,0.0
Why do people around the world share fake news? New research finds commonalities in global behavior - MIT Sloan,2023-06-29 07:00:00,https://news.google.com/rss/articles/CBMivwFBVV95cUxNSnYwbHR4RS1OaEJyLUV2RXQzZjZzYTRRN3JrZGJYYmZLTXd1LVNXTF9oUFp4SWNPOHlHZzh0dXktN3FDNmIyWVBpaDVmRUpXRG40SlNlWmMwNWQ3elZlaFBQZGpqNFk2NWcyeWZxVUxKLUtMTTAwbHhMSlE5N3BuSWpFYXllOFBhS0dRQTVIM01RSkdSblRwTzBOM3Z4dk41aUtfMzlQMEFVdkRMTXBKaUU4VnM3WEZNWUh0VTZZSQ?oc=5&hl=en-US&gl=US&ceid=US:en,MIT Sloan,-0.2263
U.S. News & World Report Ranks UVA Health Children’s No. 1 Children’s Hospital in Virginia - UVA Health Newsroom,2023-06-21 07:00:00,https://news.google.com/rss/articles/CBMipAFBVV95cUxQNUx2VVJEMUZSTTVFZDdNUkJYYTRiRnQySG9YdlBQVFVGOUdwaTUzUnU3MGQ5Yk9EQm5VQlFvYXF5dWxTYlB4NFB3a2p3Rkx5WWF3aHFlbDRvMVlxUG5remdaWnQxMnBfXzNxV2l3blYtcjVOSkI0ajlNZnZuMG14dVpoeEt5dlpvaWtBQkIyNWoteGh1NUhUQURVV2hFUF8tanZmYw?oc=5&hl=en-US&gl=US&ceid=US:en,UVA Health Newsroom,-0.296
U.S. News & World Report Names CHOC Among Best Children’s Hospitals - CHOC Inside,2023-06-21 07:00:00,https://news.google.com/rss/articles/CBMikgFBVV95cUxPUkp2alVrM1Vkd1FocGF3THJPV0RCNjV3ZWljSnh2cnNaVnVGU1VIVTV0NkdOUmRmY1V4VDdjclBOUEJYZ0FBMzloYjRxcktLZTNzR3plcXJxRmphSGpaUXItaVNRcWxpdjJ4UTY1VVdRWUJka3ZKREpQMEU5UE4ySHdhTkV5VXM3ZjR5eFpfOE9FUQ?oc=5&hl=en-US&gl=US&ceid=US:en,CHOC Inside,0.6369
"Countries set out way forward for continued negotiations on global agreement on pandemic prevention, preparedness, and response - World Health Organization (WHO)",2023-06-17 07:00:00,https://news.google.com/rss/articles/CBMi_AFBVV95cUxPc2RINmpxNU5rcDB0dFMzWlZ1elJUYjlCOE4tM0YtdklValgxVTRPWmk3N0F4MGJhSHQ5ekVNaFZzNGJXbkxJNXk2WnhsZGF1UFk0VGhZbGhpVEZBSlNPS1ZTZDFVYUlFU3hBY25pTVFtVFVxWFR1VzVEV2FKQ3BGR3N5cUJwRGdqTVNuUVFORmFQdGR2d29ldWVyaEV5REZ4bVJKa0lyMFBaQnRYSVZwUXNzNmpxaWZxbWtuVzNVcDlSMnlFZnptMm9iMEdiekxvNnRFRnBvT3UwaEZELVdHLXZYMXk2TU12dlMwcG9wTkRWMVdOZWNKRUR1T00?oc=5&hl=en-US&gl=US&ceid=US:en,World Health Organization (WHO),0.4939
U.S. News & World Report names AdventHealth for Children among best children's hospitals - AdventHealth,2023-06-30 07:00:00,https://news.google.com/rss/articles/CBMiswFBVV95cUxQMkg0MVphQ3N2OTBNTTNGRkpZV1l2QmI2YlhJT0VQRUpmd3FBcFFETDZpRUFMNnlXSmlva2trRVRMMWxvMExDRzd6blRTQVVXaHpoMTdxNkotRXZ4STZmaGJvVlNQN2FoNkZrYnZwNU80MFNRRGFUc0R5aUw1TkctaEhiRDZrRW05QXdzVk5qaEotVFRYX1BNVzVmZzVHYjlqZk5FOHFnMnFhWFlNc3drVmRFTQ?oc=5&hl=en-US&gl=US&ceid=US:en,AdventHealth,0.6369
Lessons Learned from World’s First Successful Transplant of Genetically-Modified Pig Heart into Human Patient - University of Maryland School of Medicine,2023-06-30 07:00:00,https://news.google.com/rss/articles/CBMi8gFBVV95cUxPSzVvT203WFQ0NUtETnloTnNaeUVPX1R2UTlzOHRqZ2Y5dEhzenZkOVM5RG5JaThyTXRUYl9YWFpZanVwRmZXVnV4bndmcGhxN0xlQXZKNFZlOWw5YzFuOUxYLVc1NmcyTnhEUUl4YlFUZElkNXNRLXNiM2t3ZFFMNy1XbUNORnk3RTRLajQ5Yl84SEpXLTNmNk9PNzNGS2JrM2xaZElDZTcxcFU0cmlPTUhzRHUwMnk3OHYyVFQ4cl9Pb2ZfNnQyak5aM1hQaDFwWk1EUEFWREhta2tSbVBGUDhmak0wLTAzakNDcTBJbW5Pdw?oc=5&hl=en-US&gl=US&ceid=US:en,University of Maryland School of Medicine,0.5859
The world’s first tuberculosis vaccine in 100 years could be in sight - wellcome.org,2023-06-28 07:00:00,https://news.google.com/rss/articles/CBMijAFBVV95cUxPQ2hReHptOW9ma2cxaGZyNU5HQXVBYWZpaFNyYmJNNjNOUkVKVHVJRlplWFh0ZUVkYW9KVEZqZ1J1VkhoM0FiU2U3OU5lY1VkOGluNGhTRUJPcFhlNjFBTDBXMUdFbGVmS0o4MWF2SnBQSmlHOXBsb3lXOE9adnNNQjlfemR0NmZzalpuMw?oc=5&hl=en-US&gl=US&ceid=US:en,wellcome.org,0.0
North Korea: Residents tell BBC of neighbours starving to death - BBC,2023-06-14 07:00:00,https://news.google.com/rss/articles/CBMiV0FVX3lxTE9GVHhLTXdoSWs2RVczR2xoaEYzM2ZDakxPOFUyMjVrak51RlFFQ0JjUDRvT3FxanI0VndCVFd0QVFJYXdqR3IxdTZuMDhzVlRwaUlBVnM2NNIBXEFVX3lxTE5PTEtGeFlYdjRuYVVSMHAwTnBZZHprS0cyMk00MXZyS2p6blB4ZklzclgwSW9ZZnZYd2ItLTR1NllDZ243R1hPUTRubTBocHJnQV84dm5FS1JsTGh4?oc=5&hl=en-US&gl=US&ceid=US:en,BBC,-0.7717
US News and World Report ranks Childrens Hospital of Richmond at VCU one of the nations best - VCU Health,2023-06-21 07:00:00,https://news.google.com/rss/articles/CBMiwgFBVV95cUxNZnlJdEN0eU9HWVNDc0pmSnNERTRmeFd5WkJzUXdyeEhRazBTeDRPMGtRSjRvaElpcHhsTjI4eUlSb1JJVFlJcWQzVkxxYmVxNlBwaEs2STdCemF2VG52RU9yTEg5TWlLNWtUZXMtcHNTaFpGaU1OMF90MFg3NVRPYU0tN3hMX0R0eXhUWFFzVENuZE5JVGZLLWJYQXczckRUX0M4RWl3Yk9IdTRzaFJfSTJqT251amlmQUk1c2RHWkJVdw?oc=5&hl=en-US&gl=US&ceid=US:en,VCU Health,0.6369
Why some top schools are opting out of U.S. News’ college rankings list - PBS,2023-06-10 07:00:00,https://news.google.com/rss/articles/CBMipgFBVV95cUxQMmNiUVlPQ0x1MUx5STFmNU9UeFlsM3Ayb3Q4T01FNFNSSFhqM0hCekZxbGFEYkZMTGxuSWdiZE1ibWhGT0NEYkVpMHFhZndBRTI1TGptYkp2eUt0dEU2Zk9kZ1hzdWJiMXJxOFU3WGswaXdMZDFuTm5ka3FxLXhzWTFqSHhRaEE1MEl4ekdFWWs0M1NLdG50VThnQnIyelVoaFRDS0N3?oc=5&hl=en-US&gl=US&ceid=US:en,PBS,0.2023
Digital News Report 2023 - reutersinstitute.politics.ox.ac.uk,2023-06-21 07:00:00,https://news.google.com/rss/articles/CBMidkFVX3lxTFBLcjg3ZmJpaGI3Z1g0NElEQkFHQ0FRTXUycmNIR19LUEo2NUNXNllVRkp0dktYTlVFRXFnUDctU2tFY3R6VVB4YmdUVUExOWhObHRMbmRsWWlmN1RnZW9VeVpKT0NHd09tMTBUZ1RrdzRzZjczZlE?oc=5&hl=en-US&gl=US&ceid=US:en,reutersinstitute.politics.ox.ac.uk,0.0
Mayo Clinic ranked among ‘Best Children’s Hospitals’ by U.S. News & World Report - Mayo Clinic News Network,2023-06-21 07:00:00,https://news.google.com/rss/articles/CBMivgFBVV95cUxPMlMwb0plSjNHdDJMY1hSU0NMMWR1ekMtSUxEZENKVjd5RXhMbFBUcGxvUE9ocUEyN19BYVEzQkRPZEppc1VfWXZ2ai1fWjdpelFTYmplTXdfNzFJdndBejRXUGE4V3FqaFBCV0VQWUhYREkzRl9OSXpadHlIUU0tMWFnRDJtZUpKV0xhZ00tS3BLemRNVDNuaXp1ZTFjcEg1aXFmTEFCSjVJMjliNmlmeEhodTgwUFVoTVROQXdB?oc=5&hl=en-US&gl=US&ceid=US:en,Mayo Clinic News Network,0.0
The biggest nature and climate news stories for June 2023 - The World Economic Forum,2023-06-13 07:00:00,https://news.google.com/rss/articles/CBMi1gFBVV95cUxQcGFQWkNsSmdaTFM4TVlSR0RBSkRBRDFtYlA1amFRNlVpV25wNXBpb2ptRDFYeVdzTHNQa00yTlJ2UGRGZWRvdGVtUExob3VrREV3Nk9fRFZ2Z0tpYnpkSzZGeF9OSVZCMk1oQ2dxUVZ1NWs2WFBHaWE4S0hoYmU2Skh5bVRpUGR3NjczTzNDYjM1ZHN1Vk8zaXFiY2N0TFpnNVphWU5SZjdzLXg1akowSlpOQ3FadnVwdHFHLUt6azBXTC02MGg3bVY0OWlsdENIeU1ZSjRB?oc=5&hl=en-US&gl=US&ceid=US:en,The World Economic Forum,0.0
Purdue scores top 10 among U.S. public universities in QS world rankings - Purdue University,2023-06-28 07:00:00,https://news.google.com/rss/articles/CBMisAFBVV95cUxOaHZuRDhiM1RCYzloVTd2eGc0REFzaURUSHF0T1BmMHc5SGV1TlUtcWdxMDF0Q2d0TFpFQWx1ckpaLVdDbkcyeTN6TjVXTEl5WTR3R1JfNDVzUkw1RzJFSlRUbmcza2pVMUxZdTJCX1ZCRmRPelQ2V0ItanN6WkZON2wzNV9oWHpLSTJKbGtib2JDMm9kZ05PeU05TVpEWS03a20wY1FLTEtmRG5VR1JLVQ?oc=5&hl=en-US&gl=US&ceid=US:en,Purdue University,0.2023
Engineering student claims top prize at overclocking world championship - Virginia Tech News,2023-06-30 07:00:00,https://news.google.com/rss/articles/CBMi2AFBVV95cUxOekJiQUZDbHFmaVpBSTJzVmxDdTNZR1o0dy1Ma01JR0ZfQUtqcHlUODdSZ1V0T0dLdDZWRnVMbW16TmxXOWo3TU9zUnpKaFpXbW43WVMwUXJNbi1yUHBpLVdWTmU0dFhfTTh0OEExSUNuZVdnLTgzTGRmT1BOeURnbjN4cTZ4Q3IwNWl0ZWJrMS10Z2Q2THEtTGFIR2tnbzYzbmZmS0k3NWotNzFnaEJjallLQ21seEZLdDhrbEZLalNxZXdDRlplOVE0VVFiT2ZDU2tLenRXTWg?oc=5&hl=en-US&gl=US&ceid=US:en,Virginia Tech News,0.7906
Low back pain - World Health Organization (WHO),2023-06-19 07:00:00,https://news.google.com/rss/articles/CBMib0FVX3lxTE5KWHNVcWNhRzNqMjNkZ0RoSlV3MG9HSjdTbDdtRndXVll1YWlFZjEwWjU1a3RZT3Zzamt2cHlaNHkzQXRTWm1SZm9uaU1OSmhSdXZBNzgzZmQ4aTh6aEU2bXhfbGdPNFpLNXN4aVgxMA?oc=5&hl=en-US&gl=US&ceid=US:en,World Health Organization (WHO),-0.6597
South Koreans become younger under new age-counting law - BBC,2023-06-27 07:00:00,https://news.google.com/rss/articles/CBMiV0FVX3lxTE5mLWdpV1FvQ1BDS3luc2wyQ1hOY1N2OEhKbjBpNjUyd1FkNjBzOHAzUlNvMWRTTjczVUR3eXlMMzJ4NlNrT0FaYUFsSzN3X2dnZ25rT1ZWVdIBXEFVX3lxTE9zOTUtLWJDOUdmWHJxZjE1VTRCLU9UVlZyYURSVWJxR1lFUlVmdGwyRGs4YS1QT3VkWGlzeWNxTmNzeVp5LXRzQmhmVnFFaVJQU044R1VZU0Y2c19z?oc=5&hl=en-US&gl=US&ceid=US:en,BBC,0.0
How MIT’s fab labs scaled around the world - MIT News,2023-06-05 07:00:00,https://news.google.com/rss/articles/CBMid0FVX3lxTE1mYVBPTTJFWEZocUpDLTluNGJVc0dmSDVUSmpaMUZjbWMwYzNGOGxwUG92aU1FLU5FYm5PQy0wcFZFcWF4WTllWE43bzA0cGhBQ3EzM3VYV3ZJM0hNNjR3dmt4OHgwZEtYb21ZWlZ1Mzl2dHhaM3dV?oc=5&hl=en-US&gl=US&ceid=US:en,MIT News,0.4588
Lung cancer - World Health Organization (WHO),2023-06-26 07:00:00,https://news.google.com/rss/articles/CBMibEFVX3lxTE4yV2ozR0hPOGdZQTNtMWJSZ1pOaFhOc0RHaXdkb01tM1hMcEo5YUE0M0YwbmlpekJZZGIxRHpWZ2pFNzlELWZXSkx4UDMxZ3N0em5scWctemhJUWNSZVRkdFBLUG9ja3VzblRaeg?oc=5&hl=en-US&gl=US&ceid=US:en,World Health Organization (WHO),-0.6597
People with medical needs are “left behind in pain” reveals new report - World Health Organization (WHO),2023-06-16 07:00:00,https://news.google.com/rss/articles/CBMisAFBVV95cUxPU0I4NW0wcXlpSW4xWmtyV0VnbTRkZ29DRDV3ZDdvbXJHYnJWV21Xc014T1lVdXBmQTlEZEpvdFl3cmV0Y2ZvTzZDNkJvZzFLSzZVaDU5MEFMSk95d1EtUzJMUVFvZUNXQWhndDdrMW15V3I2VkdQc0kwSDQ3TUtZWlNJM1lmMkM1OElfb3pLOXU2MENWTlZqSDBMQnNjcGRJeXJDb1NhTjJ2SktSYWh1aA?oc=5&hl=en-US&gl=US&ceid=US:en,World Health Organization (WHO),0.0
WHO and the Global Fund announce commitment for enhanced collaboration - World Health Organization (WHO),2023-06-08 07:00:00,https://news.google.com/rss/articles/CBMisAFBVV95cUxQU0NOWUctdlJWN0dLQXplcDVISXVFWW9LVlR4OWhBQV90bkVaRHBDOHdtbXQ3X3N0bGhxUHI0cDRFOUY1SDFwaDFHMTdQcG1ZQk1zcC1CSmtMM1kyM1BvdUIxbGwyTXRWUWNMRU1tQUJSTlA5Z0NpQUtzSWpvVDBjT2lrdDdyamJXRXd4ZjdLRnpFbGNMN3JhWnpSd1dHczBEQWZsY1ZVbTNFNzdLdUc1Zg?oc=5&hl=en-US&gl=US&ceid=US:en,World Health Organization (WHO),0.3818
"Canada is going to war with Google, and it might not win - BBC",2023-06-29 07:00:00,https://news.google.com/rss/articles/CBMiXkFVX3lxTE5ESHowRDlqeG9EdGJNelY5WnhZdVhmVmpFVG5ENWU4WGFQRWhBY1VZS0RvbXhoN3RBMUp5cERiTmwxUjZ3bjZmLUVBQ2Q1OFp2YUVFa056RUFyMFZEbVHSAWNBVV95cUxPRGY2OWw0bUhkaEJHRGp6YjZYT2N6V3ZxM0JoeEJMY2t2eklDb3ZVMmFodjJNVTZ3bjRadWRLUkU3UkdKLWJDcW5ZNklXU1VKZl92bFMxMGRFSGFuT2taUkFKQjQ?oc=5&hl=en-US&gl=US&ceid=US:en,BBC,-0.7889
Operating permit issued for Chinese molten salt reactor - World Nuclear News,2023-06-15 07:00:00,https://news.google.com/rss/articles/CBMimgFBVV95cUxOUzVibUp5aWtaMGYxTklVc052SnpOYUhLRGhCbGV0QkdISm1ZcC1iTk5tQ09ocGdpVi1PV1NtNlIwaF8xRFRLbzROempDTW1FV05pdUhoRmZMdG9nRU11aEpfeDFmbnRTd1lFaGJ3Q0RyemN6SU82MWZUb2NaNU9Mbm1sVDVjX05BWC1lcWpMcUZsb2pPQ1MxSzhB?oc=5&hl=en-US&gl=US&ceid=US:en,World Nuclear News,0.0
Sensing the world around us - MIT News,2023-06-26 07:00:00,https://news.google.com/rss/articles/CBMiZEFVX3lxTE1BZXR2Y3FycXNzRXpVOTNYSWU0UlkzS3RueWVCSDkzMXVFQWZRLUhYclAyTTROb2xDS3lYQ2dTMXk5VzdoOVQ2RVFIX0s2Um04VUg0ZHJYbmFUel9XcmQtLVBfZFA?oc=5&hl=en-US&gl=US&ceid=US:en,MIT News,0.0
Westinghouse to enhance safety of Ukrainian VVER-440s - World Nuclear News,2023-06-14 07:00:00,https://news.google.com/rss/articles/CBMimgFBVV95cUxNT0ZPbTNOMEg1Rk4tWkhTVnRzMHlub3Y2cVBBV3N2Qmh4aXFManpSZ1MtNnczVHh2ZnMzQlo5N01iQ282aEE2Mno1blVrb2JvY2lfUW01OTlkcUx3SGdaTkI4ZnRoUFQ1c3N3SDh2T0o0WU1oaXlXM2hOUFlQdy1GT05pcUp3S0FpeERBVHBibUtyOWZpZHhORnVR?oc=5&hl=en-US&gl=US&ceid=US:en,World Nuclear News,0.4215
Climate change: China's green power surge offers hope on warming - BBC,2023-06-28 07:00:00,https://news.google.com/rss/articles/CBMiY0FVX3lxTE4tSE9tWjhEdEo0SklSSkp2ZDhST19mblBpbFJkUVlVTF9nTTYwcExjc1FUeHlsbWdwalFNS1o0OUQ2SUZZZFNXcElpWmFpbkhLODduQmJKdUFNWHlrOFhHYzdaONIBaEFVX3lxTE9WQ1JGa2JIRDUwRWRvaHBzR0pEeVpMdDZyWTk2NEV2c2hIS085VkRUZ3paRC03bVhBZlJKVDY5bm9LSVhTQjJfY3VRVnFqSGxOamk3M1c0SEtiMHhTT1pibkVZcVZDRC1M?oc=5&hl=en-US&gl=US&ceid=US:en,BBC,0.5423
Global network of sadistic monkey torture exposed by BBC - BBC,2023-06-19 07:00:00,https://news.google.com/rss/articles/CBMiUEFVX3lxTE56N3RqWkZiQXVaY09NSVdScGdEOFl5eWF6MDUtSUg2VXhrWXdBUkpJX01oWktjeVZERklwai1QR3JkYTlQc1djLWRvb0ZsWm4t0gFWQVVfeXFMUHUzeHZyMFZMUzFlRVpGTEhjMkdVOHhaQlV2cVF2TVRnQjhEN25oRGRpUDZaeHVFS2lheTNHQlotUjJnY25zT19uNW5HRWxfX1B3aUNGWHc?oc=5&hl=en-US&gl=US&ceid=US:en,BBC,-0.6369
Assessing the Global Climate in May 2023 - National Centers for Environmental Information (NCEI) (.gov),2023-06-14 07:00:00,https://news.google.com/rss/articles/CBMiYkFVX3lxTFBjWTNWQndPR3BubUV1bkpSY0lSRF8wUVhLSFNCdXBtQ1V4WlZZUDY5RU1LQU5kU2Vjc2pHTUV6b2Z2MnFndzg0cDZ5LTF2UkRfU1VXS2tQNjFrWmhnRUxOYXZn?oc=5&hl=en-US&gl=US&ceid=US:en,National Centers for Environmental Information (NCEI) (.gov),0.0
"Sharp decline in appetite for news in recent years, Reuters Institute says - BBC",2023-06-13 07:00:00,https://news.google.com/rss/articles/CBMiYkFVX3lxTFB5NnRJWEZRMWhoVlMtSHBuMEhNSENhSUpmdjVXaHJJLW9GRGlPOW1uVnhzZkxxNDFrWVlhSDdIRi14TEhncXdkRUNRTG4zSUZZbU10Z1AtZjFDYnl3akFlUkhB0gFnQVVfeXFMTWl3NkItajNHQjJMeEN2X3pjR3JoVmNvS2U5ZlpoeVpSTHNKY0lucnpnOVFIYmlLZDQzOXVEMzNaU2dsS2NTajk4Y2p2SjRDcXhOT3FOdFRCU0NfTHZTMzAyVFI1c0tDNA?oc=5&hl=en-US&gl=US&ceid=US:en,BBC,0.0
Why Lessons from Ancient Rome Matter in a Modern World - CLAS News,2023-06-26 07:00:00,https://news.google.com/rss/articles/CBMiYkFVX3lxTE92MWIxRllDUlVKM2ZENWNTTzNRcEtaRWd3dmp6QncxLVhsbVNBbEo0dUtRdXR2LTFxWTU0X0R4b2c3SGZ6MS00bUdHS0JkbHhnbkFIOG5XczJoTm1sWTVDckV3?oc=5&hl=en-US&gl=US&ceid=US:en,CLAS News,0.0258
"Improving access to water, sanitation and hygiene can save 1.4 million lives per year, says new WHO report - World Health Organization (WHO)",2023-06-28 07:00:00,https://news.google.com/rss/articles/CBMi4AFBVV95cUxNZUltdG1xNU5tWGJPOVJhOVU2aVQ5TnM2NTV6QXgtVkdIckJkODB1RlRmNUpwWnFvZmRrZVM3Z3JhbzF5RmdCQzNSN185YkVUZlFPT1NLWW1OenVRc1ZBMFFUQW9NMktudlpkQXl5cUhFMkNXdjZnbWdCVlJ1WlVWOVhDWTN1c1JJbkhvdUlhMmZYNmo5OE5WcGYzTm03c3cwV3lhZHlzbkVoVk5rdTlPRDZKdVM4Y2hNaWRUUTZrUVotd0tIVzdzZGdEODAyOWpFdElrNDJ2bklDU2d1eXRqcQ?oc=5&hl=en-US&gl=US&ceid=US:en,World Health Organization (WHO),0.7184
David Muir leaves World News Tonight viewers wondering the same thing after time away - see rare personal photo - hellomagazine.com,2023-06-29 07:00:00,https://news.google.com/rss/articles/CBMizAFBVV95cUxQVTAxWkRvbzlKX284dlVqcXl5QkdGa2dyWEpuYlVjVzFLYU9iZUVfS2t0VFhiNk9kREplSC1ueXFfbnJoUVdYR3dSXzFkRElJbVVPdUx0RVB1ZUVRSnBaNEJldU1sZDJ0MHpEbDg3c041dEZDTC1oby1wVVU4SU5rdHNGS2llNl95cW5hY0ZhbGFUTmFMUWhtYWhXMW1haHA4NWlWMVFnaVBqMXRrN3VscGdnUnoxTEFHWDk4bnNlTXhLR0YwQnJRbFpVbGHSAdsBQVVfeXFMT2poWnhhMW1xRHNJQVBUYVhFVEdWWFEzLVVPdkRsY2dXQTBZcmEyWFJTbXNpZ3JZUUVndXFYS05YRVVSaTdrcDFoalBpSU41WnIxOWxRRFdQbVlCaWZqR3RvQnhtSXRzdlBSWFhGM1p2MGRwczlrLVRGdjVmVFkxSTl0SC1Ya1dlUGdyTm1qNVo3RzI1bmdpZjEwdUk2aHVkcmM2b0VrVm1STG03OXMzc3FVUVBkYzBlSUdtVjRxWmR2Yzc2QUMxUEM2ZGhzd0NwQ19vVE1lRnNKZ0FJ?oc=5&hl=en-US&gl=US&ceid=US:en,hellomagazine.com,0.0
Growth in global oil demand is set to slow significantly by 2028 - IEA – International Energy Agency,2023-06-14 07:00:00,https://news.google.com/rss/articles/CBMikwFBVV95cUxQcHdsWUtTRGZKNzZVaG9IdFhCcmpyaFVaQlZ4Tm5FVm9qUHVTaEZpTzhIaTA0QzRCLUswazlvNHk0RXVrMHJxQm9zVnp0MXJia1hObDJZSE9xU2c4UkhjVi1EVHpoZzN2SEhzUjJjbFFqdXFRY1ZOS2lVM1Nfc3NDWVpobmN3c2RWeFl5TzR6YjhyYXc?oc=5&hl=en-US&gl=US&ceid=US:en,IEA – International Energy Agency,0.4939
New World Update 1.9.5 - News | Official New World: Aeternum Website - newworld.com,2023-06-13 07:00:00,https://news.google.com/rss/articles/CBMidkFVX3lxTE5iZEZuQ3RUMXBCbDA0dG5BMXQ0RHdOUU1STVI1SFA4VXo1MlFoTEJNWWZNLVRUQjlRTW9IQkp3U2JZWFctRG1ySkJhdUh4S2ozcEUzR3o1MU9ZLUZzTEFpS1JoNzIxM1VDMENsOXM1a0xsRUlxRnc?oc=5&hl=en-US&gl=US&ceid=US:en,newworld.com,0.0
Penn Medicine ends participation in U.S. News and World Report rankings - The Daily Pennsylvanian,2023-06-26 07:00:00,https://news.google.com/rss/articles/CBMikAFBVV95cUxPZ1ZmQU5DckpSR2NoODFzWDhfTkI3VjRENjA4Z3VNU2FHQ2VvX2hFUVk3RkpGVlUwX0Y5QWxlVHgycXZOMVFPanpsZjBvYUtBTHZyU2VybDFZNzVxQ0h2aWxNeXFJTjgycTVVY0o1TU1vMnJMd2NUQm9GeExmM2R5dkVFLTZlMFRwaHNILWRBakw?oc=5&hl=en-US&gl=US&ceid=US:en,The Daily Pennsylvanian,0.0
Self-care month - World Health Organization (WHO),2023-06-24 07:00:00,https://news.google.com/rss/articles/CBMikAFBVV95cUxPOHlsY3pqSkktdHZrbGZlelllQXNwMlVOM3Aya2kzby1SOVYzMG0tanZkc0NyTU1mdm9VOENiNWlfZno0TWM4Yi02MFVUSnlkWDBTcF8xOW82NWRFMU1TY1N6TlJCNHNvS3J0aEVRaTZBODB2bEl5M3pvQWR2VEtWd3Zjd3lZT2R1NjFIWGlBaks?oc=5&hl=en-US&gl=US&ceid=US:en,World Health Organization (WHO),0.0
Unveiling the truth: How headlines shape our world and the urgent need for reliable news - KevinMD.com,2023-06-24 07:00:00,https://news.google.com/rss/articles/CBMivAFBVV95cUxNYVNiLWgxaTR4WEtfWnFfb2hWWVZTSUxTZmZsNUlnLVh3ck9iRmdUS1Mza2R1d3V1dU5lM1lVbWs0QnJobmk2aDl4NVRoYllNTktCM1hZa2dna0w5MDdUZmVaRzRZVHBQU1lycVZOd2JYYlFWbTM2THVWSmxndmYzNzhzUmx4VDhPaktLekJid0Q3RWJIMlpjX1hxekQxdG8xQjh6dE9xd3BkYmctaHYtYzZqSHBPT3Z5amxWYg?oc=5&hl=en-US&gl=US&ceid=US:en,KevinMD.com,0.4767
World Blood Donor Day - American Red Cross,2023-06-14 07:00:00,https://news.google.com/rss/articles/CBMixAFBVV95cUxPSzZhOWhCRWItS3k0OFNhMkhnQlBZUE40RXc5VENyTFM1NUhvTXd2bm9nOEtVbTFhcXlsMXZRdFFhR29uY1lQUFRnR3JKX2hSaE81ZmJSQy1RWjd1bVp1Yk5zZnR0NnhJbjJXczJRbFFYX09OYnc0RGp4aEhEbVV3WGhxQ3RwMlpZZW1UZ1Q0MmRjN3M3Wl9GcVYtMC1BMkFUWFZWYm5rcG50Q2xpUUhWUXVQZFdJMzJydHFJS2REWUpBeVNW?oc=5&hl=en-US&gl=US&ceid=US:en,American Red Cross,0.0
"Qatar: Six Months Post-World Cup, Migrant Workers Suffer - Human Rights Watch",2023-06-16 07:00:00,https://news.google.com/rss/articles/CBMilAFBVV95cUxNSktPNW9KVWE4eHNPMEFMaDFUUXJySjU2NUt0aFo1Ml9BNmVoZG9udGZmSjdvT2QxMkVSOWNQV2x3TDBqZXFwUGlzcGtMaXpQQ0g5SUU3ZkdaZVJldDBBVGRpcUtiSXY4OTM2eHdPbFJWNm9wQU5Kb2lRS0VoM1BNZC1VYm5yLVp6blNVRHpIM2NhdU0t?oc=5&hl=en-US&gl=US&ceid=US:en,Human Rights Watch,-0.5423
"US News & World Report faces more rankings backlash, this time for popular hospital ratings - USA Today",2023-06-20 07:00:00,https://news.google.com/rss/articles/CBMiqgFBVV95cUxPU0NjS2tIUnNJaERmMTIydHZNdWxWMGpJakJtLWt6YXJqUlVaX2JGQkoxeTVBWU5oUE1aMlpkenFRbzVtVnhrcHhiSEVrcVB3RDMyUEh1NnYyelpfOUM3Qy1jaUVxeDJrcHpINDdzdVFhZ094NE16cHJac0tsMXJvVXctLU40Q0lZMGF5czFMZnNRdmVXU3NqNGFGZWhXY2Y5dkZNMVViT2pvQQ?oc=5&hl=en-US&gl=US&ceid=US:en,USA Today,0.4215
More Chinese students look to Asia for higher degrees - University World News,2023-06-14 07:00:00,https://news.google.com/rss/articles/CBMid0FVX3lxTE5QVXg2dG8zWl9aVm5LWkt2TllJNk9mRUoyTmhLUjgyZkN1aFF4ZS1OWDdOenZzZ01BVnM1WDBMWUx0aUIySllqOFpZSTJlUmRQb0lXNXhOQjFDRlRMc0F1eEw0dTRPYnk4QTcxbkowcVJueW50ODJn?oc=5&hl=en-US&gl=US&ceid=US:en,University World News,0.0
Titan sub implosion: What we know about catastrophic event - BBC,2023-06-26 07:00:00,https://news.google.com/rss/articles/CBMiXkFVX3lxTE1QMTRoV0JtbmdaY2g3U194bG5UUzRucU1JRG80eENFeHdkeXZxcDZaNFVLWTlsUnFKYTYweEh5UGF3TWZoRzViSVlDUDM1WnpsV0hVS1dFRDA5aEdEN3fSAWNBVV95cUxPTENxaElNcUlwR0ZZbHZ3UWsxcktEdmZEbFlZWjA0MHU4bEpuTTJ0WDJHZEQzaUlmVm8yZmRYNHNBcFJGazBnM3B0RUJ5cEJoNmF2Um9zdWNXZjdfdUkxRE4wUDQ?oc=5&hl=en-US&gl=US&ceid=US:en,BBC,-0.4939
Trillions Wasted on Subsidies Could Help Address Climate Change - World Bank,2023-06-15 07:00:00,https://news.google.com/rss/articles/CBMivwFBVV95cUxOd3ljLXNUVG54bmtUSm51eGE1V0lDVk1CUmx3LWxJbmtQZE5wenJOUm5RNjJXZ09IV1hCSUotbEZnaE84Vzl1VjE4ZDBfalR4MENPVmtEa1BIa2ZlQVJxZWFQM2JkZEg5U0dlc3ZXeEhHaG9MWjZWcm1iNjZEOEJYbVlNcVY1SkhWSmpla3pSVXJvcHJDbG9aaGdfQ0VKWk9Mc09JR1liUnVRN0s3a1lzZFNUODVGdDk3azVFT1NNQQ?oc=5&hl=en-US&gl=US&ceid=US:en,World Bank,-0.128
World Bank Group Announces Comprehensive Toolkit to Support Countries After Natural Disasters - World Bank,2023-06-22 07:00:00,https://news.google.com/rss/articles/CBMivgFBVV95cUxOTVFwV1h4UlBlUU1Ccmx6YnZoc3ZFbTJxWVBrT08yd2JvMk5VX3g0TlVrNWdWZ09aem54X0Z5d3d0S3NnZDZkWnpWdE9RZWlFOXc3VnBhNEttbXl4a3JZQXRpT1FndWtxZGd6dGlzaUJiMDljbzJ6NkhEWm5UdjVENnhIQ21pd3d3UEZsa3gyVjI5Y2pUU043azJDR0ZvV1pQc2phano1NDRwSDBFZzFzQnJLVEpxdnUzREFhWkhR?oc=5&hl=en-US&gl=US&ceid=US:en,World Bank,0.3818
France stabbing: Children attacked in Annecy park in stable condition - BBC,2023-06-08 07:00:00,https://news.google.com/rss/articles/CBMiWkFVX3lxTFAwdENvZS05MDByZzVzQ3AzcEh0bzQtYzd3aWtjLU9tTWFnek96RjRTVndOdlhpamYzNTF3MXFxNjFzVzBnT3pYRC11RzNRSXl4b1o1Z3pEdEN5UdIBX0FVX3lxTFA1Rl80UXZJR0lncUxOWTJrNndJbzdnQlhkdkVWR2oyaGxHMW9Ddi1oSTB3TEozcTFwbDR1MUQweXV5TkV5WXhmV002dUYzMmVtM0R6d2VPSl91UXlUM0F3?oc=5&hl=en-US&gl=US&ceid=US:en,BBC,-0.2023
Alabama site chosen for USNC reactor factory - World Nuclear News,2023-06-22 07:00:00,https://news.google.com/rss/articles/CBMikgFBVV95cUxPOU5xWnJKNWJ2UkxnM3pfeE4xY0ZXdE5hLVF0WFM5eDNCOUpqa2dlNkltRVhyVEJFOTRHcmZNYy1fVjhmSmhvRWwzcklkNmVNZHZJU0hxSGhEVENSZV8wcUt5ZTd5UTZxNEoxY3BYNjNjcm5mdDVkc0J1SzJDVU1hOEs5czNEZk03M1NXSTMxVks1UQ?oc=5&hl=en-US&gl=US&ceid=US:en,World Nuclear News,0.0
US Supreme Court rules website designer can refuse to serve same-sex couples - BBC,2023-06-30 07:00:00,https://news.google.com/rss/articles/CBMiXkFVX3lxTE8xSjJVM3NzUklpVEFFWHc1VVZ4UDVVNEI1YktZWGlqaTdMb0cwaEhYbmdYQkZnZmlpbVN4NmVhUzlpT1Q0aE9YaG94anQ4b3FCMkhpM0dieHFXN1JsV1HSAWNBVV95cUxQSkZJSkhhaTNRNUN0ZHJPYkhmd2NFeDhIOV92a294QjJlUUNhcjI4a1V1blByZFB0dVB0a2dpN2RHajd3U2dtSFB1d3Y4c09EOEFvclRWYk5nWGVBUTR5elg4NEk?oc=5&hl=en-US&gl=US&ceid=US:en,BBC,0.34
Climate change: Deforestation surges despite pledges - BBC,2023-06-27 07:00:00,https://news.google.com/rss/articles/CBMiY0FVX3lxTE8wYlUwbXJhcnB0NmFtNDlTdjNudXJBMmpqMEFXSFhDazlWRmNSbnJ5OXFFMmR6QUVONHQ2Q1p1a3B2S2RQQnJ1Z0ZXTTRqbmhDb1Jlc0VYQ2Z2aGJxZFdKUW8zSdIBaEFVX3lxTE0xNkI2Tld0WUVRbnpLUjh2ZXZYQUg1N0RiSFhrVHo5SE5lVkdKekxTcEQ4MlFJdW5RSE1yTFZqUkxDbmtKMWNMQ2FvcXoyOTFnLTNSam1XSlNidm5mYWpNR2hkUHE0TEx1?oc=5&hl=en-US&gl=US&ceid=US:en,BBC,0.0
Urgent reform needed to shield women and children from violence during custody battles - UN News,2023-06-23 07:00:00,https://news.google.com/rss/articles/CBMiV0FVX3lxTFBucGVjSlYtYndzcmZNSWRLdmJpcDZnUEZsUmgwdWxtcDBSSFppRU85Yk5JQm9sYWx0aVNLZS1TRmJNdERvOXlONXEyaC14alRaOWkxa0NiOA?oc=5&hl=en-US&gl=US&ceid=US:en,UN News,-0.7096
Ukraine war: Putin confirms first nuclear weapons moved to Belarus - BBC,2023-06-17 07:00:00,https://news.google.com/rss/articles/CBMiWkFVX3lxTE9sNGNuUUZxdVMyLUNMYXgyWm1NWVVnYkVXSXN4blcyWWdrM0tqa1MzZXVPX2w1RHBpXzVsWHBKb3pnY3BfMlMxVm8zZFEzR1duLV9rWEZnYTZ4Z9IBX0FVX3lxTE5rUkYxNXB1TU1sTThGbmxJeGpIVTZyWXlQWkxrY3VQcHVvV05FbThrUFpmUDVGVVo3LXk4RWM3VlRZX0dDYU9CcVNUdkE2RnZva0lYdk9PaWZ5NklOQXdB?oc=5&hl=en-US&gl=US&ceid=US:en,BBC,-0.7783
School of Public Health earns high ranking from U.S. News & World Report - Loma Linda University,2023-06-09 07:00:00,https://news.google.com/rss/articles/CBMiowFBVV95cUxNOFUtaU1ZdEl2SlJzb2cyM1hDTHc2MHR3Ni11NVVPanFKQVhBTGk5Y3dKcWpSSzJGVTZSSTVvUXVOdXpoZmtsSU1FNDZaM01lSVFTdFBXall3ZG8wR3pCOG1KcDhzWHlHS1R3S2ZDNFVQeUs3MUI3OUJZQVgtNmNwUUJaRFhwRGhEZmNnYWY2c3d6NWtsRUFuZk85WmstTUtLU2JJ?oc=5&hl=en-US&gl=US&ceid=US:en,Loma Linda University,0.0
UNHCR’s Grandi: 110 million displaced is an indictment on our world - UNHCR - The UN Refugee Agency,2023-06-14 07:00:00,https://news.google.com/rss/articles/CBMilwFBVV95cUxNNjlHQjBYWkpMNG54eHo2RlZLQmQ5d3k2SWNjVkhYWFBqczM0YUk0dFc0dUg0S2IzcTlIVzhNMS05V1paMDhWX2hjNUZnMGVRU2pEc0l5SDNHZVU2d0MtY21kdkx0X051NkV0SFF2Ykxsc1NLNVNzQ0tsaHNZZmpzVDRlMmRVMmVSVXZJZjZQdEV4SWNkVV9J?oc=5&hl=en-US&gl=US&ceid=US:en,UNHCR - The UN Refugee Agency,0.0
Titanic tourist submersible goes missing with search under way - BBC,2023-06-19 07:00:00,https://news.google.com/rss/articles/CBMiXkFVX3lxTFBlZ2ZEUS1YSThhV0l2OWlGWDJIQWN1azlRWmtadG1xWVZ5OC05Q1VULU5HUnlMbm9FT1BCQmprbWhXb0NKVVg2S0RpRktpQW1VTHhOY1FDdE95elpjT2fSAWNBVV95cUxQZXFheWNEZEtKMzdqMXR3bHFHZG1Eb1FCVG5Qb0hwVm5YUzJfV2UzZnRvM2VneEQwVEgydi1FVDlDRFZCYU1ncFJ2am5OVzdrN3c3LU5kblRoOEphNDZ4RmdicE0?oc=5&hl=en-US&gl=US&ceid=US:en,BBC,-0.296
"US News & World Report ranks Kentucky Children’s Hospital high in cardiology, orthopedics and urology - UKNow",2023-06-21 07:00:00,https://news.google.com/rss/articles/CBMiuwFBVV95cUxQZEZyblMyZVVKUHNWdUE2S2h2ZzNYNlE1Z3k5U2JNQmprZlphTHR5Y25oaGktdS1rS2M3dHNLWV9BT2JrWTZUT052M0ZRQW14cElKYXFIcERXUUZoXzgxeWlQbHh5TzdZcEZiajR1NVVHMFk3VkdiSjJfQjlHMmJCRFJ6LXlDVkR5VUpUaFpxSENKOHpNbVdGQ1lSUklxajl4MmFTTFE3NVN0OHowMUhNS1lPR3hWY2d0SHZF?oc=5&hl=en-US&gl=US&ceid=US:en,UKNow,0.0
World Ocean Day: Things you can do to protect the planet’s crucial resource - Clemson News,2023-06-08 07:00:00,https://news.google.com/rss/articles/CBMioAFBVV95cUxQei1jd2VwaURPSGdXbWE0RGJVSTFsdVdMQU02RDJZZ0hvcHNxX2YwdVFGMkdwVFhRTWZyVGVSVmxvZUZkU3BTejB6dGh3RTRRcFRHUFlqLTdtQUJ5Q2M4aGpiYnQ2dlJzWU9DbGJQemRzSVNGTXBSZjloM29UWDRTR0tRNmZ2VWdaazNZcUlRY3ppRl9kYzhnTkV5QmNTTXQz?oc=5&hl=en-US&gl=US&ceid=US:en,Clemson News,0.3818
UNHCR: Global refugee resettlement needs grow in 2024 - UNHCR - The UN Refugee Agency,2023-06-26 07:00:00,https://news.google.com/rss/articles/CBMilgFBVV95cUxOdGNzLXVBZTdoVzUxeXdpOVliTnhueVAzeHZMQ1ZxTTFTQktINnBTdGMxWUZHNWlHekNjU0dWc1UyWTZQLURVWkZTa2d0OUM0d1I3blhVZXRjaFdfdlF6T2l4S29ERkkyOWRuRS0tZ3dEaVZJeGdtTkFEU29MZEhPdHJUVnFrV1NrRWZHckM0ZHpXVTNEVUE?oc=5&hl=en-US&gl=US&ceid=US:en,UNHCR - The UN Refugee Agency,0.0
Silvio Berlusconi: Former Italian prime minister dies at 86 - BBC,2023-06-12 07:00:00,https://news.google.com/rss/articles/CBMiYEFVX3lxTE9oQ01EU2kyWjZRVF9SamxsTEZ0YmRURzFBOTRXYW1RLU1kNFh6WkE0c1BjeWlKb0M5WDJHRHB2ams1eDlUTW5RMkF1RXR2TFROUGh6MDBsd3J6QTctNF9nRA?oc=5&hl=en-US&gl=US&ceid=US:en,BBC,-0.3818
What to Know as a First-Generation College Student - U.S. News & World Report,2023-06-21 07:00:00,https://news.google.com/rss/articles/CBMiqgFBVV95cUxOMmlHb0xNUXRaa2pfMkJVZGZpWWRFUHpuVXlHZkZKeEg1MnQ5WDB5ckU4SzJrQVlCMkk2MzUtVDNVYWJodmpMMDdlNE9wRE5ud2lRNVZBWHlva2pFWElydk5hcGxETWI2aHgtZFlXM0szb01JSHhDM04taVU3TGZkNXJqOEhGaG5kV0lQWGg4bXdZaG1UaUtVNlNLTzIxeGhkUFNBOURYTS0xZw?oc=5&hl=en-US&gl=US&ceid=US:en,U.S. News & World Report,0.0
USF Alumnus and actor serves as a valuable advocate abroad for international education - University of South Florida,2023-06-22 07:00:00,https://news.google.com/rss/articles/CBMiaEFVX3lxTFB1blRFZDVNNWtsaUUxaUwyZWxJUXdoay12c1NOQ0VLbTllNW5DaDRpMUl5cU40VXBWSFFjMWdqZEl6TFRzMWdhd0VUNmp2NzN2a0Q3OWtteDNjeFViTi1JR25qMHZPZ0k4?oc=5&hl=en-US&gl=US&ceid=US:en,University of South Florida,0.4767
More than 50% of COVID-19 deaths could have been prevented with better global vaccine distribution - Northeastern Global News,2023-06-12 07:00:00,https://news.google.com/rss/articles/CBMiggFBVV95cUxOWDF1bnZQeXY3Z2lNSTExT3B2RmdSREt3aTd3VF9SWHp2cy1nNXlGR2twbVkyakpFUi1xd0lFRkZoeVM0bmFJeXRXTV9Rbm5ZZFV5WUQyU2dYOFl1YWhLcGpZV01LZnl2OFhBcW8wakQ2MkJ5TUNCckFZM2c4TTBkRnV3?oc=5&hl=en-US&gl=US&ceid=US:en,Northeastern Global News,0.4588
Sandwurm Devourer Heartrune Secrets - newworld.com,2023-06-15 07:00:00,https://news.google.com/rss/articles/CBMiiAFBVV95cUxPSUlNd0RXQXJpZDRUbW5uVXBmR1pXR0Z4V2VnampLV1BpWkJPOXpsYUlDS2Ytcmg0R1gyZjg1Rk9EdlBkeDVNemRCck83RFIzZWdxSWlMUUNGRmpFRVBwdWtNWUVndmFpeWtBb0htT3JKcTJyWHBiWlF6NHNmLUxMWUpnY0xUenEt?oc=5&hl=en-US&gl=US&ceid=US:en,newworld.com,0.0
"WHO and Global Citizen sign partnership to promote health, fight inequity and address health-related risks of climate change - World Health Organization (WHO)",2023-06-22 07:00:00,https://news.google.com/rss/articles/CBMi9wFBVV95cUxNZVpPMkhKdGp2bWQ1bV9EdUNxQ3hENlBGQkdzcWdXWmJuVXhfcnpwYWNRVEI0R3FVVG90ampiaVF0WTd2dFpyaWc2RlAyNXF0Y1BsY3BSeDQ3U29zYzNPYy1tOGF3ODlpV2FpMENrSjJyYWVzaXNjSVpUYzhHMnBGUDE0a3pkRkNyNTluSlpGSmM1Sl9nYWh6Z3NseHdmUm1la19MWFBSdE9yTEJ1d3l6ZFVZRDZxS3N5dkI1ZzdtdHRPczNXM3RFNTJFakl6U0Q2ejZTb01La0Z2amtldmNqQ0p5NE1yUmhDRWtFUUlUZ3VwdTBqZTVv?oc=5&hl=en-US&gl=US&ceid=US:en,World Health Organization (WHO),-0.2732
Discovery to production averages 15.7 years for 127 mines - S&P Global,2023-06-06 07:00:00,https://news.google.com/rss/articles/CBMixwFBVV95cUxQck1yT19JN01xdHd0cVc5elAwRC1OVEh1cUNxTl9jVm5YZUN3em9jQTE1MUxOQ0JtT0xzTTRaeUtsLUVSRkRtR1o5WFVIS3BCRWJCb0dvUEZiN08telVHRHNCRWl3bl9pdm0xY05ZZThkMjhNc1dsODV1ZHYwTllyczBYa1Rkal83ZThPUEUzVVczZDlGWl9rZlFteWkwMjNObHBsZFo0clJtaWhhU05hNFA5R3J6R2VORnNyZUd6eEpSa2szU1VJ?oc=5&hl=en-US&gl=US&ceid=US:en,S&P Global,0.0
From Colby Global Fellow to an Artist - Colby News,2023-06-26 07:00:00,https://news.google.com/rss/articles/CBMidkFVX3lxTFBaMERseXRRaGRvODg2N1U2SmRTbDJwLU5Ra2F1WjBxdzU4QTdzQ1RpbHg2QTdqbXNHaEJDTVRnSjNub2pnYk1QSEZrOW1wZTBXQVdta1BSZW5VSmJSelF3ZzRJY1NDUVFvUHZUMlRYRGpIano0d0E?oc=5&hl=en-US&gl=US&ceid=US:en,Colby News,0.0
How children survived 40 days in Colombian jungle - BBC,2023-06-12 07:00:00,https://news.google.com/rss/articles/CBMiWkFVX3lxTFBlYUp5OS1vNGlIakpaYTdwV2plYmU4QTFIaFd2eFBnOGUtTWFIa2ROd1dMa3NIdVJiaVkzeVBpdHNXVmZab1dzSVVRcHAyVmNJckRQakFYZV9MZ9IBX0FVX3lxTE5YZmdEc2kxbUNqN3ZVbzFDNUJORk1mZXRtdHFwWEE4T0hDSGwxRTVvVnEwbFJaX0tvYml5REhFd01JUHN6YUFqdjF3aTlOdXlBZGhhWnI3X0g2TjRNSGVv?oc=5&hl=en-US&gl=US&ceid=US:en,BBC,0.5106
Penn State rises 10 places in 2024 QS World University Rankings - Penn State University,2023-06-28 07:00:00,https://news.google.com/rss/articles/CBMiowFBVV95cUxQcXg0Um16SG51a2cySzFicV9SdHlwWjlqbXFldTlVVE1CM0xoM1dpeXNLTHZOcnNRQURHSWd6MGRPV09jMzlrUEc5ZmhOdjNuNlBhaWhubkotOV84bjZqTm82Tm9PbkVvS3kzTlRhMWJ3N281ZE5nZkN2aW9GUlc5YjJKRnItUnRZNk1ROXBIb09JWGlGM2tEMnNSRHNyNXBLc0Nz?oc=5&hl=en-US&gl=US&ceid=US:en,Penn State University,0.0
Living the ‘Chinese Dream’: Beijing’s new world order - Al Jazeera,2023-06-06 07:00:00,https://news.google.com/rss/articles/CBMikwFBVV95cUxNcGwtLXBkT2w1U21nV0V5eDd0dXlxd2dQWEpxdHBFUl96WGVGU1ZfRWU3WHduUW45M0Fsd19OS0NCc09IZnJZLUQ3aUlaakk3aDJCNXVoWG11Wm1ub3NGaC16VlNrZ1JqQ1VMTGhSZE5rVnVCYWpZa3N5OVJYdFllc0lwYVpubnhRQ0dPX05FVVNhTEHSAZgBQVVfeXFMTVhiRnlsNEY5ajJRR01DV3FpTGNQWVhvMEtuSmFWUnZ0QVB1VWYtb2szMXFMOFZsY0hlcWx6LXNFQk1VTzJ1ZkhhMVNBcTRlOGt5SkNQa0tBU0p4NzhkQ2FFbExTQms3OGdBOVBpUFRKSmRlNFhTeXFPNEN6MTJFYldmRTNoaGRxVUJId2xYb0RqNmdkQTkzVFM?oc=5&hl=en-US&gl=US&ceid=US:en,Al Jazeera,0.0
World-class Technology Provides Navy Cyclone Forecasting > United States Navy > News Stories - navy.mil,2023-06-01 07:00:00,https://news.google.com/rss/articles/CBMivAFBVV95cUxPeklJdlBicXpzV3ZjWEJ4REJhS0x1V3hmV0lxV1ljMDVITHFSTFlBWFlBWUg5MWJpNzJleWpkdjZ4TVl1dFo1elk4ZE1iemZRTVNPZHVpVHJQa3ZQeW95c1RyLXFJc0FBa1dBX3QtVXAtMll1dnVpT1pTU3BsZlZzTjB4UVllOUhsX0NyamNzSVNYc045NkE3TW5Gdk9hNF8tcm9ld0w5ajJTVTlaaXVuME5PLXdmVUdfX3NaSQ?oc=5&hl=en-US&gl=US&ceid=US:en,navy.mil,0.4215
Key components installed at Chinese units - World Nuclear News,2023-06-16 07:00:00,https://news.google.com/rss/articles/CBMijgFBVV95cUxNbDBRMHRWRVFyejFSYl9LQ1hPeUYyLXdza2pMUVRzdUtoZlp4am5sUV9fU2FWWE51TWNRTXBGRXo4RllIQlVWeDV0VHY0US12TUVKNGVBOVU5MTBRaVl3dDhwWkFLTW9CZzFyMHFQYjRySkIzdnJXUXVUaHI0VHBrZFpOWkhyRmJhQlNjX3lR?oc=5&hl=en-US&gl=US&ceid=US:en,World Nuclear News,0.0
"2023 NCAA baseball bracket: Men's College World Series scores, schedule in Omaha - NCAA.com",2023-06-26 07:00:00,https://news.google.com/rss/articles/CBMixwFBVV95cUxPWm1DTzhSWU1GZEptUlpXQ20zT0FaSWhIVktTck5IOC1MOWVscW1XZXFETm5scmtTeDNXQnhYZHBxSlpBaUJBdlpSQWNtSVhmSzVTaS1reTYxTnVEci05Tnd0QmNHc1h1c1hBV2Q2cWtEcjhIZlR0VnlfZW5LTnRGZG80b0FHbW1xdjZEWHByWFVvbnppMktiVDVrbTlUTkdYUWVrbDltczROcVgwZElRRUJvbkI1Vm9nT2tqWXZrUmgxSEx2VEFr0gHMAUFVX3lxTE1HdFZ3Xy1aalNqbXBHMVNhaC1vVTF2WXJWNDVYZ2YycE1BQUFNM3V5QmJTMzkxUFBzb2dvZGpzOTU2c2FYUWlMek5OcXZ4enktdFNyV0F6ZVZPVlBmc3h6MXlHc09oVkVWa1NpQ3ROYVhBY0R6c3hXWXhHSFBLUGRtaktZbFVmaXczTnY4OTF2WG1nc1ZOcVlkWHozM0txNTdndXRscVd0dWgwNXBid1JpeUVCbnJ6LXA0TmZPMThLbkNpb2djZjVBcFo1NA?oc=5&hl=en-US&gl=US&ceid=US:en,NCAA.com,0.0
A clean alternative to one of the world’s most common ingredients - MIT News,2023-06-22 07:00:00,https://news.google.com/rss/articles/CBMieEFVX3lxTE52Vm1LaGZQbVNPYXVLYkFRNE5HV3VJWUZCMExOY21oTUhmdktDOUZDWTQ3Wm5NT3NMR1BHYUlrVWZmUzA4LXBNUGplQmNkQVljZmZqWDNobm9GMTdXRWRtdTVDeThHc19vUkhyVEZfYldzWWxHWUY0Sw?oc=5&hl=en-US&gl=US&ceid=US:en,MIT News,0.4019
"World News Minute for June 23, 2023 - The Washington Post",2023-06-23 07:00:00,https://news.google.com/rss/articles/CBMi0gFBVV95cUxOaHdfaXhPaUVpalNiREkySkdmUW95ai1JYmNCX1YzX2dJMkg0Sk5nTkdIcUJVR1d1cjVtbldwa2toUzBiQ1A3d0t3THJBUFMtdlZhaUdzd29mUkZ2YU12c2tJcEJaUUpIODdpaUJJUjNUTEpKTHhiZ3JYZk5OTWNQM1lnRFJWN3pZM3otSVd3d2dmS3JtZjNvREdUSlF5UlVWYklsclBfOEZuN0Vnb0toZ2N2S1N4cHNhZ2ZJdVZpWmxHbEk1LXZxS2tGMG45RjhsRkE?oc=5&hl=en-US&gl=US&ceid=US:en,The Washington Post,0.0
Hormel Foods Recognized as One of America's Best Companies to Work For by U.S. News & World Report - Hormel Foods,2023-06-09 07:00:00,https://news.google.com/rss/articles/CBMi4AFBVV95cUxOV0dPbXJDdjN2aEVGSnNTamxvSFZpZU8xTTdGaHJjLXlwWDVxNnlKWUFhWDJKRGhQel9SYk92NzlaNnpCQkRtMm9yYkNYNVpySmRTdFNObkszYUJvbmNNZ0FVQzJVUjFZLXllXzMwUklBeU5pbVJqYzhQMmhMNTdSYUhtVERnMndjUHdEMzZ0c01KcVdpTWNVaGtma216U2dTRFJhVm9oeGEzMmZNeEM2OHFJNzc1VjNmLTBCcHoxU0xpOGtNZ29Ec25sT3B3bWFyWDVKcVVNbUh0SXBYam5fOQ?oc=5&hl=en-US&gl=US&ceid=US:en,Hormel Foods,0.6369
Ukraine war: Deserters risk death fleeing to Romania - BBC,2023-06-07 07:00:00,https://news.google.com/rss/articles/CBMiWkFVX3lxTE1tNklZQ083aEtSaE5uYmozSUpkNW53QmUxd2F3Nlo1ekRBTEF5VnpmVjVvWkJuT3RJYjRrRFhFclRpaVMzek1ORU5YS3JwQjJRQnFabHFvNTJNUdIBX0FVX3lxTE0tRTBENUtDLWJiYVZtY3Nfa3ZFSndFako0V1F5TFNkMlYwblVUNjY0ME5XZ290S1E4NXFkUkc0SlhGVGNPckdJdTlnVkR2T1FaRk9ROWlvTFQ5TjcwdzVR?oc=5&hl=en-US&gl=US&ceid=US:en,BBC,-0.872
Dad surprises son with special needs by becoming school bus driver - ABC News,2023-06-16 07:00:00,https://news.google.com/rss/articles/CBMingFBVV95cUxNV3JIZjhLR19CQ2o0RDZoLTB5TGFyNVRjbUFGcHVTR01GZXd6NzZCTDhEZ1ItUWlFVFZ2YWg2bVREdFhZX1B2WXpKTmFSekpjWDItUXdoU2tnYzVfQTJiUlFNNWI0VlJxcUVsdFVDWFB1LXRCT3EycW9DZ0s1NlpPYUZtWkdfTkFxbzlCREhhbE5XV09ENXRwdFN0NGp6d9IBowFBVV95cUxPZ19fS21RSk0zTHFzMDZZLTgwRTdSYk11MkJ3UTU5OHE2YjB1RnRIX2VsaVBoaGMwZWNTT0Mxb213cDRMM2JOYXRSQ0x0akk4aS1mUXRYM2NaYXNYTk94bWlzME1zSklpdFRYTHROMHZ5ZGQ1ZnV3dF9vV2VDN2V2VkJFb2dyRHFvcXpPMktScnFZMVl1d2lJa0dZNnZJVUFZeEow?oc=5&hl=en-US&gl=US&ceid=US:en,ABC News,0.5574
International trade: US-UK deal and top news in June 2023 - The World Economic Forum,2023-06-23 07:00:00,https://news.google.com/rss/articles/CBMiuwFBVV95cUxNY1A0WEZ5a1dpcXo0QXV2dDlUcWRfUFR4MWRyc0JtSHJhWERxY3NaYkIyR1VJM3NETWJZYXdXbUZUbC01Z1FESUE3eWlzeWlVRWVTV3VCZ21POGpJX2dCTjNMNlpIa0VBOGMzS1k1OTlqZXZiRXFDZkM2XzRHMmhxdDlZUmpXTlNKMEk4cDlOdFQxb2p5aGt0TFNXWlNILVIyTTJqZFY4SUh5TzNZUFpja1RZQ2RqWF9WZy1j?oc=5&hl=en-US&gl=US&ceid=US:en,The World Economic Forum,0.2023
Spectrum Health Helen DeVos Children’s Hospital ranked by U.S. News & World Report for 12th year in a row - Spectrum Health Newsroom,2023-06-21 07:00:00,https://news.google.com/rss/articles/CBMi1AFBVV95cUxQTV9haElRVXRRUjd0dWZGV1djYVJ6emJyLVpkWGJFUnpSQ0IxRWh3SUQtd2NKa3F6OE5DZUJ5NzZGWTVyZFBtMEV4S0xYbW1ZemhoSUN5SVBsT3p3aGhqUXRNRVV4am4yekNpdmhCQVJGRUhIazRiU0tCdUZlZ0FmQ1g3T2l3VDJLV2ZCOVpXMzFwUG5rUHRZa09Sai1rZ2pNYVlxYnZTX09aWGtHWXQyZ25hQkFxNkxoaUNkdEVOYk9pdzFGN2VQYzlYbXJqZEtsWUVxQw?oc=5&hl=en-US&gl=US&ceid=US:en,Spectrum Health Newsroom,0.0
"Elite Trial: Arena of Shah Neshen, The Devourer - newworld.com",2023-06-19 07:00:00,https://news.google.com/rss/articles/CBMilAFBVV95cUxPNzF3WF9rNjRKRTExZlZUZkl5OGxaYkFuTVFxNU9GOUVONnZSeVVoZ2czQVR6QkJYQVNJb3JyaXhmQzYtV3AwS29lV2ZYVG9ETmVSVkl5SGpYVm5BbVJtOGdkdEl4Z0dPM0tXVjRNWmVzNGtCV3JBczhqaG4yWEFrd3N1Z0xkQk1IU09GcTNudWswcVJi?oc=5&hl=en-US&gl=US&ceid=US:en,newworld.com,0.0
‘The world is failing the Haitian people’ warns UNICEF chief - UN News,2023-06-29 07:00:00,https://news.google.com/rss/articles/CBMiV0FVX3lxTE01OGVWdmcxbFpDd3JCd2o1bS1vWFV4SWswamwtR291REV2ZEctRHZRM3ZUSmtsU05KOVd5Mm1XcVd6SlpUZnBmaUROUFBrMWU3eG8zRDdjUQ?oc=5&hl=en-US&gl=US&ceid=US:en,UN News,-0.5719
World's First AI News Podcast Covers Russia's Invasion of Ukraine - Podnews,2023-06-28 07:00:00,https://news.google.com/rss/articles/CBMiZEFVX3lxTFBUaWxCTFNRbEpYMGczVXNCV08zcHpMRFBIN0VCU3VxZjlIOVA5Ym44eEpFMkRwM1g3WjRGaEo0ODU0WkRHTFZMVmFQOXVySURIbUVTSVlxRE1kMFpWVm10eGUxNU0?oc=5&hl=en-US&gl=US&ceid=US:en,Podnews,0.0
IOC and WHO launch Let's Move campaign on Olympic Day to inspire and enable the world to move for better health - World Health Organization (WHO),2023-06-13 07:00:00,https://news.google.com/rss/articles/CBMi5wFBVV95cUxOY0txeWZwNk1SV2tRTHByZC1uZGY5eU9CQnFEbjZhYkFsbDlhd2JRdnBpdDZuYlJYbER4U0FqMTE3SEdPTkxYZWNnalhWLUE3YWpvZzUtc3VvOFZ3UzZLekRsNHJSRzNreFR4b182ckc4NURUcjJFbHA4UVpTYXdpNU1iUWFxZ1g2eDFodzkzT2FFTnpTVngyRmV3MGRXS0JTMkN3Qllobk4tLTU1OXlvMkx0Q2pZQ2oyODNtek5mblczZHlpX25HdGNiVUJKc3VaczBFeWV3WFlIMk4wVWdqVHY2VmFhbTg?oc=5&hl=en-US&gl=US&ceid=US:en,World Health Organization (WHO),0.765
‘Out of time’: Temperature records topple around the world - Al Jazeera,2023-06-30 07:00:00,https://news.google.com/rss/articles/CBMinAFBVV95cUxPZjR6VnZCRkUtSDg1eUF2NWxhcGM3dk85M1pVV3lCM29IcVU1X0RCbVFJakJxbUZlMzdmUFBvN0M3eURVWHF0R2VHSzNNQ184dEU3dmcxWVFLUFZub0N0dHNFX0E0TFBxX3BrZF9sTHp2VThRQjd6eXdFUVNpY2pHZDlYRWhZMzU0WFlJeUFGdWFUbUlvdjZPYWhIckrSAaIBQVVfeXFMTl9xQXhEODJkTXIzaWNqMHQzTDY3c05FbE1Cekc3UTktRlpUVkxTQ3hwTVdOVFFFUmVlcEFWYTNKV1Y1b202T0pCZk10S2pTYkgwaHltMVZqNjBLMFFCQ2kzTTZLd1J4cERfVF8tTHFyT05YdUhKY2JyS0ZzODBwZmUtSlg1NzB0Tjh6eGl2OC1YUTBoMFViMFlzNnVYVDhFYlB3?oc=5&hl=en-US&gl=US&ceid=US:en,Al Jazeera,0.0
"What is an implosion, and what would it have been like for the Titanic sub-passengers? - NBC News",2023-06-23 07:00:00,https://news.google.com/rss/articles/CBMijwFBVV95cUxORzZtTWJ2U3dtVjlLODBkRG5NbmdJSFA2blJRZi04WkROS1RvX3kycVNOa2dWMTBRVDIwVlBLNUNOaEo5SnFGYkZ1REVYa1FxVHVaMW55aFVYd3d0NHBHUzhKYzZTVlJ6VWNkby1KYl93b09tOGZkTHpPX1dUWmZnTUZQNzFQZERGcFZMazlWUdIBVEFVX3lxTE01V1pGUWhhZXdnT2w1TEotRmFUVmMyWWxJX2tNM1lHb2g2VkJHalRjX0xlTGg4VFdEcm9MbEJZOWNfSmlDTFlYWXNISGNPeE4xRC0wSQ?oc=5&hl=en-US&gl=US&ceid=US:en,NBC News,0.3612
"Major research lost after cleaner turned off fridge, lawsuit says - BBC",2023-06-27 07:00:00,https://news.google.com/rss/articles/CBMiXkFVX3lxTE5jQ0c3b1JPUERSc3ZoN2IwT3J2NVRVMDUxTElYa2thMTkxNENzbjItZlFjcGJBMVQybWJUX25zMVpiQm1mQ2JjY1FuUVVaLWVUaThQRzJ5aVA2MnRDZ2fSAWNBVV95cUxNSnppOVlfaE9WNzhtd2M3Skdic1ZDcVE1eHlQQlRSX1RCZDZxRDJxamtsOG42d0NJaGtvVzlad0tQaE1FYWdheVdMT1Fsd2RRYWR3SjdnZHBwVm1FU1doZ25rQ0k?oc=5&hl=en-US&gl=US&ceid=US:en,BBC,-0.3612
New forecasts for global growth and other economics stories to read this week - The World Economic Forum,2023-06-09 07:00:00,https://news.google.com/rss/articles/CBMilgFBVV95cUxQQWY5b0NoaldhVGpWRUZtNGwzUWVVdEVSTDlFdGZGNzRxQktrOGUtZG16bkt5dVIyR3BXeUdKOU9HS1diYjhKVE1rdjNtU1NVellCWmNzb05YZWJmOEdNZWJWTzctLWw4NmVLN29aemY0VWxxaWZLYXBidmxKa0NSLVQ5WEQtZXhoNHhJUnZTcHo3T3JoOXc?oc=5&hl=en-US&gl=US&ceid=US:en,The World Economic Forum,0.3818
"MUSC Shawn Jenkins Children’s Hospital achieves top rankings in annual U.S. News & World Report’s Best Children’s Hospitals - MUSC | Charleston, SC",2023-06-21 07:00:00,https://news.google.com/rss/articles/CBMi7wFBVV95cUxPUG4xd1hsOEpRc0c0SHUtdXhKMFJXZWZOOEJrZU1XbUZ2NFVZdTBBa3d2RzJZbmtSMEJlaHFXTUpDVEp4eXc1ZTd2dGNyLVZmSkxMVDVvREZOMGo0eFBMMmUzX0lVcWFFU0ZGc3k0SXhJZF9DUUs4QmpjVEF6MDBjXzB5eHFFYnZaWGY5anRZQ1E1WWs3Q0cyeGNHOVo1RFNfME10c3YwNV9oZEZNVkg1S2JBY2xLUkk0T0VxSTNXeEZWUlY1WXRuVTR1S3Y5ckFtMjFsWUMtQVhSazUzeGVaVXhnMlBWRDRqZ0xXVHY3aw?oc=5&hl=en-US&gl=US&ceid=US:en,"MUSC | Charleston, SC",0.7184
Facebook and Instagram to restrict news access in Canada - BBC,2023-06-22 07:00:00,https://news.google.com/rss/articles/CBMiXkFVX3lxTE5sNU5FOHc3ZUVmdUxEcmlMeFFwYndRUjdmWkdaSHg3U1NDcnBnS1hFTFNmOFVGUTFWTmU3MnhhU2FqT3hDUVZFMUt1Vm5ZMWQ2VTliWC11bkZ4OUZRVnfSAWNBVV95cUxPbEswLVIwbjZKSXRabVl6TUs5MVgzVUx5c21UNzRlaGktVVlyVTBmVjRPSWdWV1k2Tk9pMWt0eXF5bmhJbndUQXdOT2R5US1FcUtPMzAwcDNocHM4aXJBT3N4c0U?oc=5&hl=en-US&gl=US&ceid=US:en,BBC,-0.3818
WHO announces the development of a guideline on the health of trans and gender diverse people - World Health Organization (WHO),2023-06-28 07:00:00,https://news.google.com/rss/articles/CBMi0gFBVV95cUxQSkhHYVRlVjh0QXd3UURKTUFUSThjSnVqdnRlTVRYS0M3OGpaa2tJckVPMi1BaU5ndHdOTzRlSTdfXzZCSnQtbTkwLUJ2YWhXOUk4OXJjbFplWlBaWUxMZk4zd29BRXE5bDM0UXplNUNZVWwzSl8tcmNSdjhaRElHa29JZTVQTFQ2TXE4SXg5elNwR20xSldlZEVKOHByWjM4RTgtQVBubEpHbEF6U2xHR0tCYVVTQWJHbDh3T2VqMzJZZzVOekM5bk41MGwtZUNlR2c?oc=5&hl=en-US&gl=US&ceid=US:en,World Health Organization (WHO),0.0
Hofstra Lacrosse Well Represented At World Championships - Hofstra University News,2023-06-22 07:00:00,https://news.google.com/rss/articles/CBMimAFBVV95cUxPQk1LUFNobmNBZThEVnMxMHBWZVVQM3lodWJESnRtejN5czUtbW9qRHRRY19nLWhIMHRQb3RIdDdMYkV2bjBnemNQd1JJeUNHQ3cxS1p0UVVUMTZMMzZJS2FBZlF6LTlydC0wWGVwNkZadV92OGREZHlDRHBGWFVvcHJ1TjA1cHBxdFotcThQSUlMeTV2QmJCMA?oc=5&hl=en-US&gl=US&ceid=US:en,Hofstra University News,0.6486
Alexander Lukashenko is the clearest beneficiary of Wagner’s mutiny - Hindustan Times,2023-06-28 07:00:00,https://news.google.com/rss/articles/CBMiygFBVV95cUxNZ1FwZERvS0dQTklMMkFnMnZQb3R6am9FU1FXN2o1QmhrOFdxYUNLVi1ndUxubkJMdC1MWktraFBEeGpyLXRoeEpJYUtaQXJ1ckNsR1piZXowZExpajlyQ3g5MkYzM01tWnhpRG16VUlrRWs4a3JhMExjcVdoVzVBUmpKeWlXWWp0Q2tDYUE2Q3ZDMlI3V1dRV2NuZ3dRQ2ctMnZBSVNjWF95ZHhhRm5USmVvby13U1BVTWh6VUNqLVdxUTJEUnJtYnVB0gHPAUFVX3lxTE0tVWtLaGZ0VHVFS1gwaVVuNjIwRHNzQUt6T1FEWGhiYnNNcHE5Tk9jbG1TdWhJZUZZZ3NJRVlUUHZsTTZmWkhkZ1I4UHNWaDVqT0ZxZDRsZmRMUGlWRmUzOHVFYzd6MmFwb0kzdkVTc2VwX0E2ZjN5V2RyN1VlODJxT3hjcG04X25VcXNuTzBxaWgwM1FhM3F1VHhyTGNUWHdjdllmVTBFSVNXVTU2SnJjSHQ0eXh1VkEtOTVDN0tRdk5sUzdtejUwcjBkMVE0OA?oc=5&hl=en-US&gl=US&ceid=US:en,Hindustan Times,0.4767
Hajj pilgrimage opens at full capacity in Mecca after pandemic hiatus - The Indian Express,2023-06-27 07:00:00,https://news.google.com/rss/articles/CBMinAFBVV95cUxNZUlkNmloTGFoYXlJY2FGTEJhU0Y2UnNOcWtvaUFLV3puQjVKSWpWaGpiXzRZblBhb0NQYXJnWXdhWkRaeXpfN2FDc2xST1FROVlMOGZZYl9pMEo4cFJQaHpVQlJlUXh3ZWF2cGRMUTRyTmFfb3ZmZVdveTFJVEE3ODZ0TzJCTjl3dmJTRkNKLTdtRjQ2Y3l3ZE54UlHSAaMBQVVfeXFMT0EzV3U5QmpxZnJIVjlIUUNoNzlzWGUtV3N5RDBHYXc2R0d2VkwwVEV4Vjh2T1R4b3NRci0yODNJZ0Q5dVVXZUVDd3pYeXBoSVlCQktTNDd5enRCNlV5OUNoY2RiRXFwZ0tPd1FqMmVXdUxkZXdMVV82Rl9JU2dxYjFYMERlcjNwRHV1M19kRzZ3VWVLTWw5cUxleU5WZ1F6VkdtRQ?oc=5&hl=en-US&gl=US&ceid=US:en,The Indian Express,0.0
Understanding the Beginning of Ukraine’s Counteroffensive - U.S. News & World Report,2023-06-12 07:00:00,https://news.google.com/rss/articles/CBMiuAFBVV95cUxPdGFIaGRUWlhkMWZ4X2J4VGZLa2Z2Y3gyemJqQ2pSRC1LclU3UEc3N0hFLU80dnJFbmZWU3FQakh0bXBQa1ItZ2dEYlo4NVp0WXZqZWkyVzNlOXdxVkdnbG9DeWlaSmlWY2hER25ZelNBMlFrWmpTRHZTWjd4MXAzQXNIMnVwTXMxYnBfQndFZ2FZT0hjd0hUNEVhbXZrTHp1X1pFSlBRcV9TOEY3SzNMUzZ0UWJDaEtT?oc=5&hl=en-US&gl=US&ceid=US:en,U.S. News & World Report,0.0
Nuclearelectrica and partners sign MoU for NuScale plants - World Nuclear News,2023-06-14 07:00:00,https://news.google.com/rss/articles/CBMimgFBVV95cUxNYzRRRTcwekpZRXN3WXdUa2xZMXU0UWE2Ung4LW4weURfQXRLYzZ4NFNzSmNPb0ZWZDFuUW1tNGFGMk1mY3hYMjRRekY2T2NDdU9hbVBZQU50cHp5enB2amphUWR0VXNMdTA1MzhqRGR2a0NvU1F4alZMX05ldmtGcGJmUHhCVGxyRU83SGxzb2ZNWVNJOWp0NlFR?oc=5&hl=en-US&gl=US&ceid=US:en,World Nuclear News,0.0
World must rethink fundamental approach to Myanmar: UN expert - Al Jazeera,2023-06-21 07:00:00,https://news.google.com/rss/articles/CBMiowFBVV95cUxOTUlkeVVwNnp4VHV1NFdTVDBVVlIyWnZ0b3o1UHQwMXVNQjFuZU8wYjJIRURobWQ3VFJ3ZVVjTkxFTEN0cmIwdkRsQWxMdmtGRlhxbXNCczdHbG9IMFI1MlpBb3FaenJMaHdLbl9leUhYQjNXdkhnNmp0Nk85RHVVVVVPMk1QeGtYNUlMbWdtYWpTblcySHV4ZEg0M1FxUXBoVWVv0gGoAUFVX3lxTE0zUVhxR2ptRkJoVXVqbzhZanhHQUlZZ0Nudk96R1NXOG5aLTZud3M2TktBSm5wT29kSEtvdVh3OWM0bUZSaVVxV0RyMFM0ZXg5X0JiX0I2YXVITXI0Wjd0X2hMdTkxRFNnOWlrd1pfTFB0em5yQVVuWlRtSjI0ei11VkI0eWd2dEh3VDhiOWFCeHZZT29YZjlYS3dfN2xIc1gxeGlFT2h4Vw?oc=5&hl=en-US&gl=US&ceid=US:en,Al Jazeera,0.0
"Teenager on sub took Rubik's Cube to break record, mother tells BBC - BBC",2023-06-26 07:00:00,https://news.google.com/rss/articles/CBMiXkFVX3lxTE1aeTJvY0FLa2JIMmNZQ256RC1HaVBjWUNCR2dDOUFhN1hWNlozQllWamhiaC02cEtvbDlSN0pCd1l3SkRDeWtjWFZjZFp2M0JETG43T1VvZkw3bGhQMHfSAWNBVV95cUxObGVYOU9aRnNDS0oydjlTdkphcEk1MC1DVlFUWDF6WW9NdG96VXlZWjg3Nms5d2ZfTDZGN0ppRmtNcFZVbWh4UkFSQ3VZd01SYndzbThFQnZSYTlxMi05amMxOEU?oc=5&hl=en-US&gl=US&ceid=US:en,BBC,0.0
WHO outlines 40 research priorities on antimicrobial resistance - World Health Organization (WHO),2023-06-22 07:00:00,https://news.google.com/rss/articles/CBMipwFBVV95cUxPbGJPRXlvaFJEQWJNUnQ1WmViUkxSeHZhNDBPWmlzM3M1MU9fb2NhdHpGLWNmQWZHWFlWS3VaY1g4UGdlTGc0NnV5My0ydkFSZ3p4TVJIYU44NGQ4cVIxMWJfQzJDYmtUWUE3cEdhdmtrelk1aHhKaG5NWkNCeUtQNlRDbHJSMWZvMWlVN2I2SkRza2c1SE5lUHNybTFmWXpVN25iaHhSbw?oc=5&hl=en-US&gl=US&ceid=US:en,World Health Organization (WHO),0.0
Ukraine war: Zelensky admits slow progress but says offensive is not a movie - BBC,2023-06-21 07:00:00,https://news.google.com/rss/articles/CBMiWkFVX3lxTE93REhITUtjWWdkVElJMVJuOE5YWE1HSnk0MDdJUEJmbk91aFczamZKbzVwcjVuZWp1R3JTZUx4Y2tlc3k3aGlFbFJ5WG1MNVNYV25HOWtPeVdlZ9IBX0FVX3lxTFA5RzZmZ1pRVXpnVXJBb0FybTY4RlUybmxiWnFsdm9GQUp6akJGcDBPdFk1Q1VSWC04Ym4yTFZqMHR6ckZjUzRzQWNYRDJPQkZqUkxaaG5rWG5qdlpYUHpv?oc=5&hl=en-US&gl=US&ceid=US:en,BBC,-0.6059
Ukraine war: Russia moves to take direct control of Wagner Group - BBC,2023-06-11 07:00:00,https://news.google.com/rss/articles/CBMiWkFVX3lxTE9DU0kwWVBFMG90YTM5NGpaYVBBQUx6TGplRnoxNFk2VDdqZTBuQkc2TzJqUmt4U1ZWbzhLZ3loVXg2U3YxWUlmWWpQTlNwQi13TDRDZndsUTJCZ9IBX0FVX3lxTE9taG1zMk9vSGpjUkdsdHpxUUNMcnFZRXJtT3RwbVNYTTFEcWlsWmVCTVcweE5BSUhrSmV3T04zZ0VfZjBhSHJ4T1dEWW5PUE85TW14RDlxcXk2emIxeW1J?oc=5&hl=en-US&gl=US&ceid=US:en,BBC,-0.5994
States Are Loosening Restrictions on Child Labor - U.S. News & World Report,2023-06-26 07:00:00,https://news.google.com/rss/articles/CBMingFBVV95cUxObFRMb0U2TFhoT1hra3N0enpZaDNBNUs5WlJraF9POFVFaGlva3pvYnE2UTdHVUhNQlVPbjdLYmZNN2xfSDZTVmRBZ3RCN3dsM1ZldlJYN3dIUnhzaVBvUC1Jak9xcWtoSXJIYWd5TW5mT09rbDE2ZEhzVUVGTWs1Y0EzcDhTT2RBQTNUZkNINHZ5MHVKUm84N2dybzRIZw?oc=5&hl=en-US&gl=US&ceid=US:en,U.S. News & World Report,0.0
Global Congress opens to counter harmful marketing of formula milk - World Health Organization (WHO),2023-06-20 07:00:00,https://news.google.com/rss/articles/CBMiqwFBVV95cUxNNXRENGtQQmt6OHA1bV9aQTdBR2xhNGt6eTdIb1pKVkZmY2VZeWQzYmlUcDUtOW8tQVhJamtlZG1jdm44aFM0dlBVRzd5cENDV0xhUTdMSlJzWnNSU3FQMDlKSktZUnV0MnAwa24yWlJCQUxPU1c5ek1COGFVRF9mSGVTMGFyeFdnN3c1UHdLS1htQ2xNWV9udU5UVFE4TmFoNkJoc0hRWGlFcXc?oc=5&hl=en-US&gl=US&ceid=US:en,World Health Organization (WHO),0.0
Inside the world's five largest refugee camps - USA for UNHCR,2023-07-19 07:00:00,https://news.google.com/rss/articles/CBMigwFBVV95cUxPTDFzd3hpWXpXaWk3ckVpV2xOSGEySjdBRE0yTEtfdXowdTcxd1lNcVNsY1ptYmcxdFphNm5oRlpCOTIxOHJXREMyd0poZEF3Y091Z3BxTDJCWlJxQzluSVk3eWo1MGJoVDQ0U2xKU1RMVmVDYmN4S0RiQVMtSzh5YWFjYw?oc=5&hl=en-US&gl=US&ceid=US:en,USA for UNHCR,0.0
Assessing the Global Climate in July 2023 - National Centers for Environmental Information (NCEI) (.gov),2023-07-13 07:00:00,https://news.google.com/rss/articles/CBMiYkFVX3lxTE8yMkllcjV6VFNBS1c3aTFnZzFhenBjSk9VTjZ2V3p0aU1SUWN5NjRnd25FeFlJWk9mX25fQkdERXk3cXlzXzh0SmdORS1mTDVhSDZ4R2FnamxvVW50SEZaWFdB?oc=5&hl=en-US&gl=US&ceid=US:en,National Centers for Environmental Information (NCEI) (.gov),0.0
Italy media guide - BBC,2023-07-03 07:00:00,https://news.google.com/rss/articles/CBMiWkFVX3lxTE1ZWEVONFo0bEo2WndHdUNBa3lQSjlaMHJ3MXRMVFNpcU1wRy1ESmc0LTRmbjFUdFduYmlhLXdzOV9vbXRFVW5OUGk2TmJUWkU1akpidUNsdl9GZ9IBX0FVX3lxTFBsSXdCSUIzb29WVnV5dGR1WG96Q0ZkSC1ORTN1azFFS0JpN3M4NFh6c3BjTnBfdmlLWm5xLU00dlpZamRxTkVqeDhzN0tFVWdnUGFKM2hkbDhLN3JqX3pj?oc=5&hl=en-US&gl=US&ceid=US:en,BBC,0.0
Aspartame hazard and risk assessment results released - World Health Organization (WHO),2023-07-14 07:00:00,https://news.google.com/rss/articles/CBMimgFBVV95cUxNSExZcFlRcGV1Y0dLUlRFR0VkNkZhVUF0SW5wN0RKaUtHVUhBU1cyUjlXNVpEcUF6MzRyQnc4RThmeGkxLXY3Y2FmRnBVR1ZiM2IySVZhdlE2SHNGaGhQblphY1pBdXh5VWo2aWxzS2NaX2JqT1poakVYMzRLa1BkM3dqbG9kQ0RnOElCcS10ZEdQek5HeWpLdTBR?oc=5&hl=en-US&gl=US&ceid=US:en,World Health Organization (WHO),-0.2732
Half of World’s Population Will Experience a Mental Health Disorder - Harvard Medical School,2023-07-31 07:00:00,https://news.google.com/rss/articles/CBMilAFBVV95cUxPa1l6ZEtDcFhiXzY0MDZCVXlac2FjWkpqU0daQllFbUVYcFMtZmpRRVd3am9xMzE5WGlMaEI2ZzlOaHctMXRDSHFkbWJWLUVIYXpjUnBKMG1EUEhrcjFwZUdkUmY1bTU0am04aVlJdTJRY2FqUmVFNUlmTWwwcHFRMmVkdkYwSUhjVTlkVFhyUWRHeG5M?oc=5&hl=en-US&gl=US&ceid=US:en,Harvard Medical School,-0.4019
Season 2 - Blood of the Sands - newworld.com,2023-07-05 07:00:00,https://news.google.com/rss/articles/CBMif0FVX3lxTE1va014cnJTcWxxUDFwR21sYVBkTDFadUNtcmpTdDVYVGhKWnFoR09MRkNER2VKZnNlTTdvOHZieUZCT2VoRDNySjJhMERQY1VNbzRxeVNBZEtQTEs5MG5HTExabkwyVHVYcWlsYU5MNnp2ZWdMZnN6TFlhLVZGUDg?oc=5&hl=en-US&gl=US&ceid=US:en,newworld.com,0.0
A renewed HE vision needs a focus on quality and inclusion - University World News,2023-07-29 07:00:00,https://news.google.com/rss/articles/CBMid0FVX3lxTE5hTDdmbENpX1ZrLTI3eHg4LW85UTlQT1lBODFvOE15OTVWcnRIOEFoUE9LbHVVMXFneFVnaHlHcGRoaWNsY3JzZ2hEeFNsSGlZRVdTZTRCcTV5T01RTm51dXVldkxmSlU3aUNDeFZFUW9JdVF0a0o4?oc=5&hl=en-US&gl=US&ceid=US:en,University World News,0.25
Good News In Global Health - Partners In Health,2023-07-28 07:00:00,https://news.google.com/rss/articles/CBMiYEFVX3lxTE53cXd5eXFjLS1SYUg1N01ib0tWSTZ6MTFQUW1ucmFmZWg3MjNIck1lM0tDSzRuSWdyeXhGRTA1alk0cFZGZDhIUENYVzh2dUM4dHl6SmhUS0MwUmNnXzV3Rg?oc=5&hl=en-US&gl=US&ceid=US:en,Partners In Health,0.4404
MD Anderson ranked #1 in the nation for cancer care - MD Anderson Cancer Center,2023-07-31 07:00:00,https://news.google.com/rss/articles/CBMitAFBVV95cUxOWTFQdEt3eU5rYW9WaWtlbno1bWNqdEt1bXlNRklIYjg0S2xFWWF1Z19sbjhvZU1ZSlRLOUg3WDFCU0xkOHhEbWRYVFFiQXB0WmEtbWRRZFBaYU9tQVdQRVE5RlFXNXJBRzdCUGcxLUJoNTJkd016S2N3WjNTbEN0UXVjN0RIUlIyb1p5bDBvZG1KNzkyOE9HMDBUNTVDLVZRSGw3aUZ3TlZFaG1qRnpXZk1kYXM?oc=5&hl=en-US&gl=US&ceid=US:en,MD Anderson Cancer Center,-0.765
CNDDB News | Happy World Snake Day: July 16 - California Department of Fish and Wildlife (.gov),2023-07-14 07:00:00,https://news.google.com/rss/articles/CBMiggFBVV95cUxOcThseVFOZDNqdFNaNUVQNXZ1MW5hNmRIT0lJdHU0aWZjajhqbzNVZWdENDV0TWlULVNMalk4ZzVjSTZQVzA1RUIxUF9GRVRuNWlQZV9RRXJLTWpOT194OXdrTjJDZ3Z2d2YwSUdwU2FBcDFwbFR4YlB5RlQ5YlFLakRR?oc=5&hl=en-US&gl=US&ceid=US:en,California Department of Fish and Wildlife (.gov),0.5719
What is the South China Sea dispute? - BBC,2023-07-07 07:00:00,https://news.google.com/rss/articles/CBMiYkFVX3lxTFBuVEFfbzdKc2NLSHU2V1prV0Jsd0piMnZ3ekpiVnRfUngzQVpTNUVtWnZOTUdJeVcwaDE0bXo5ZVJCY3dsS1JybnpqX1RWQ2tzWUEybUUzQkw2cjVYeVp0bGpB0gFnQVVfeXFMTlVid3RuQmtKWWZFeHFMRE1pTnFEeVJtUm03YmJvUmR6TDVGanFFd2Q1RVdwTVpDVU1xMjg4eFB4Y1l1cTR1Vk5MdlM0VHZsYS1ydTNPajBDUTh2c2xIeXNienhKY1EtWQ?oc=5&hl=en-US&gl=US&ceid=US:en,BBC,-0.4019
Tobacco - World Health Organization (WHO),2023-07-31 07:00:00,https://news.google.com/rss/articles/CBMiZ0FVX3lxTE04bFNmUmR3RTY3aEJxck81eERidGJtTU5ld0VRM2V5UlJhdDlaUHJpVHhCRzlMV0ZFVFplVjRsVVQ1U0hzZWUwR2JwZ3NXaXhBcTR5NHNsWEFGcDRqOFA5VVhhVVRDMGM?oc=5&hl=en-US&gl=US&ceid=US:en,World Health Organization (WHO),0.0
"122 million more people pushed into hunger since 2019 due to multiple crises, reveals UN report - World Health Organization (WHO)",2023-07-12 07:00:00,https://news.google.com/rss/articles/CBMi0gFBVV95cUxPSzVlWFI3R2VwcnNUVmhJakpBeUc5QV9Wb0Q4S0NNSmtMWmdmMWtGeW9tNkIzaF9LZjVYNWpoZU9Ld0VzNDhwMW9WaE1xS0tVNUhON0k4NUdveGwyWXFYLTlVWkFrTWlPeGNQUnEzczF1eWxsQ3R4LWQ0Ni03X2xBNjY1b2MtcTBrOW1STWMyZnZwTy1QNjJrY0wtLVFnSmE1S1ZLUGh0b3BTREdoY3c2V21TamJMeHRWNldNaktScmE4dTRPaEpvakN2cmlKMExFSEE?oc=5&hl=en-US&gl=US&ceid=US:en,World Health Organization (WHO),-0.25
What is a war crime and could Putin be prosecuted over Ukraine? - BBC,2023-07-20 07:00:00,https://news.google.com/rss/articles/CBMiUEFVX3lxTFBBMTRRSVZNQ003dG03bDNzeUdmZzA0NXRGNTl2OWJOXzRvOF83R1VCbEgwbGpBdm9YUER2TkJ5LXVlcGZyM3lpRlJLTVc0TE5h0gFWQVVfeXFMT1hDNG5oZnhMbHpzMU84QkdIcjNfaW52bzZuX0RETVM0ZVFNZm1kdVdsOWlRWWlJdUNaY1JkS1pjNnpnc2dUSnFBakFrZGFaSXV1eVNyTXc?oc=5&hl=en-US&gl=US&ceid=US:en,BBC,-0.875
Burundi country profile - BBC,2023-07-31 07:00:00,https://news.google.com/rss/articles/CBMiWkFVX3lxTFBWSkpiZzdUendqTmNoUHN6RndfbXgyMUxjMGVNYXhsYmRnVjQtTUZreHZYZGNtSFdnc19IeThCYTlnRC1LOEw3VGlfQUdfa3lfV19oczhYYWtpUQ?oc=5&hl=en-US&gl=US&ceid=US:en,BBC,0.0
New WHO guidance on HIV viral suppression and scientific updates released at IAS 2023 - World Health Organization (WHO),2023-07-23 07:00:00,https://news.google.com/rss/articles/CBMixAFBVV95cUxOdXVmUFBEWVAxcml0ZUdYejF0a0xFTk1rY2hyRWJuTDctMm1vOHRDMGw1R2hJdXh3aG1YRVRmWGN4NTV4ek40V1V1eWszcU9wNFpxWTlxeF9ncG1sY05Lb0xKb2x3cktQUTNsZ2tXWXZEMzlfeHprQnVzdkszcTBsRTZSZThBVVd1ZUY4UmRKTm1TaG5ZQlBMRS1tbkxzSDluNXZjaDJqei1wT0pnV0pfNmhlQjFuNzNvMWlJRnBOMVRtaXZX?oc=5&hl=en-US&gl=US&ceid=US:en,World Health Organization (WHO),0.0
Ivory Coast country profile - BBC,2023-07-24 07:00:00,https://news.google.com/rss/articles/CBMiWkFVX3lxTE93SnJLOEJ1MEp2MTBBZHRSZTBxNFZVUkZrbGktcXhLWl9ULUstczZuQ1R0LTFlb0NJcU93b3FGZWFCNUVkOVcwSXYycTd5cUNQZkhMOXVvUldNd9IBX0FVX3lxTFAyc2lIak45cUdjMllKaXozUnRkWkRFZF96OGx4cmlRQlRNQ2ExRW92a1pSX3pTNGg4ZkhBZFVnc0RKX0V5dUI4WDFtWl9ZMHZRblFUX3pXSmRJNkh5d1Mw?oc=5&hl=en-US&gl=US&ceid=US:en,BBC,0.0
Osteoarthritis - World Health Organization (WHO),2023-07-14 07:00:00,https://news.google.com/rss/articles/CBMicEFVX3lxTE1sQmJHeWdfdHk0aGk3eWVfbWNuZlRyVEd2VzVVNGU3ekN5cVo2Q2lXZ0Y4d0tuU0Z3aS1aSi1DbS1JdTNzOE9UUnVQb0RnMUdIaXNmNzJGUk0tdkxvekRVektLamJFejhQOFJBbFh2YXY?oc=5&hl=en-US&gl=US&ceid=US:en,World Health Organization (WHO),0.0
Kenya country profile - BBC,2023-07-04 07:00:00,https://news.google.com/rss/articles/CBMiWkFVX3lxTE5tNVVmX1hvVG8xWm42aFNzX0Nia2RmWlRHclk1ZENjbW1vSWpOX0JzTU5kMnhRVG5wb2NBSFBWS0l5SWNYSkZYbkNnZm9weElkT2RSWHowX0RjZ9IBX0FVX3lxTFB4QUxHcHc4SXN1UEU3VHUzMEUzWC02d2Nqd0ZwSlJpTy12RGNRTWVOblZhb21vdDNqQkJ2MlVwSmM3QTk4V3B6MDEtZWlrdFdTTHlLV20yTVR5dU9fRHU4?oc=5&hl=en-US&gl=US&ceid=US:en,BBC,0.0
North Korea country profile - BBC,2023-07-19 07:00:00,https://news.google.com/rss/articles/CBMiYkFVX3lxTE85RXBybGcta25NMExDb1VybXA1UFZ3M0VFSVlEa1d6QkM0SHQ3S1V6S04yeFJQc3hiNDBQaDgtYVpoNWZiOC11SDBkTWFBX0tWcjViVW1TY1N6OUltREpXQnlB0gFnQVVfeXFMUGRDeHJPanhmaFM1Z095dFJCc21YSUN4ZWxlWlhGT2RTcXE2TWdZYXpSM3ZhRUJfd0FUdzlYOU9hak1Vb1NLaEZFeTlDd0tjSEhBYmRlVk13N2thRW5ZWDA3U1JxX1F2bw?oc=5&hl=en-US&gl=US&ceid=US:en,BBC,0.0
Colorectal cancer - World Health Organization (WHO),2023-07-11 07:00:00,https://news.google.com/rss/articles/CBMidEFVX3lxTE85MUFjQVI3QWtrMFJlR0ZMZjFKalZfamZUandEYkktUWNGS1hTVDV5WlRYV0tHZnBwVG9pci1LeUpuZWg2UVBvbDFlc1VQcXIyTUFHZE9fN0NsRVpBbWJkTlB1VGw4THV4WW5PMmhhQ29WYm5k?oc=5&hl=en-US&gl=US&ceid=US:en,World Health Organization (WHO),-0.6597
WHO recommends stronger policies to protect children from the harmful impact of food marketing - World Health Organization (WHO),2023-07-03 07:00:00,https://news.google.com/rss/articles/CBMi0AFBVV95cUxOcERfbHI2bVdQcDJNTmYySXNJNi1Za2YyMGxTS1VVaXItdDhKX3F3TEtCX3JsWjh3amk2S3o0ZG1ET1c2NWk4RlZ3TlRqRXN6eDctUFJWLTQ5OGdzRHpjTWlKTU9tUDhNUXN6R2lIUWoxZ3NnRTVmNUllb2tBS0dxNVZkM0JEZ0dZQ3lNak9FVDdFREFMMmJRWmphWmhId21oN0pXRW10bXNFTE5ueGVBUTl4YW9UelZNenZDeXNCWFRadmVFTUhFZlNhVWhFTExT?oc=5&hl=en-US&gl=US&ceid=US:en,World Health Organization (WHO),0.7269
Ionizing radiation and health effects - World Health Organization (WHO),2023-07-27 07:00:00,https://news.google.com/rss/articles/CBMijwFBVV95cUxNOS1EclJrUEFON1YyVk5NTmpwYlB0c040UXE4ZXdyQXowWnZhME5hZi1LbUZIVmhsa21mYzNoOHRQNVNROTV0TzJyYWFEbVhOMFZaY3pYbW85QzExb1B6TUtFbUozVWdnZEFhNXBZazZjTlBnWjMzdS1KOFpIWnFXUmNyM1hEYnJvQlVfVzVCMA?oc=5&hl=en-US&gl=US&ceid=US:en,World Health Organization (WHO),0.0
WHO updates guidelines on fats and carbohydrates - World Health Organization (WHO),2023-07-17 07:00:00,https://news.google.com/rss/articles/CBMikwFBVV95cUxQSWhVRkI4enByR3dxalJyWktRS2N6ME1seHNKZjc5T3owaGdoVjRKRGttZThFSG5ad3VrS1E0MGIzX1k4MEowVjF5MVJRMGtvRWtsd3lBX2ZoY29lVWdseGtfb3JfRTN1TkxObXdDb2M2ejJ1X2RDZ3J6RTNOLVJYUjBwSWRDRHFGV0NHdlhrYWRFOWc?oc=5&hl=en-US&gl=US&ceid=US:en,World Health Organization (WHO),0.0
Urenco to expand US enrichment plant - World Nuclear News,2023-07-07 07:00:00,https://news.google.com/rss/articles/CBMihwFBVV95cUxPak5MQkZmRElNaEZjQW02VTJzRTIyRkd2aEFwdHhSODZzYUxhMFBmdnBnYXEweG5DRjRPb041RXdvWnViYlc4WW9BWDhvdE80WkFXSXB3d1lDM2l2VUNGYjRoM2NLMGtvdkoyaFNSSUJXa054SFBoWm5uTlFDVHAwYWdCNXFDaE0?oc=5&hl=en-US&gl=US&ceid=US:en,World Nuclear News,0.3182
"Democrats and Republicans consume very different news content on Facebook, researcher says - Northeastern Global News",2023-07-27 07:00:00,https://news.google.com/rss/articles/CBMif0FVX3lxTE9GMENpOU9oNXJSSHBCNTVyZG9sNnZUTFplMl9WdzVEbFIxN1JWTXQtaF9KSkhwUTh0YmpXRlVyYUR6b2VWenZWbldWOTR3ZDl5RHVVa2g0MVgydWVsYTd5VXpfTi1oWW5DVExjRExpYmJQMVpGemdZSHIxc0Nud3M?oc=5&hl=en-US&gl=US&ceid=US:en,Northeastern Global News,0.0
Kairos seeks construction licence for two-unit Hermes plant - World Nuclear News,2023-07-25 07:00:00,https://news.google.com/rss/articles/CBMimgFBVV95cUxQYjFJcDBuOS1fbGdzMnNvZ1l3ZUx3ekVqV2VNOVZhU0pfSFY4dEl5N2F4bjlYSjVncFo3SklEQ3BSaENRUEpnVF9Ka0VVMWFyb2YxRFlQZ1R1b2VGR1lXYUpzQzlrZWc0ejVlZzV0MEp5cEZCZVdSVm9pMjFUOWRKMy1MaWE4NkNCcExmckNkLVNNSVFpbUJVcHBR?oc=5&hl=en-US&gl=US&ceid=US:en,World Nuclear News,0.0
Mali country profile - BBC,2023-07-28 07:00:00,https://news.google.com/rss/articles/CBMiWkFVX3lxTE5xZFpRcTQ4UnNxZ3ZzaDJDRVdpdHdlRzc1NXJIOTN3dlh5d0o2NW4weFIxenpzdUk2NEZ3MlE2U201VU9JMGY1eGF3Z0kycVN5TGE2ZnVQeGZIZ9IBX0FVX3lxTE51TnFvbmRObk4zN0ZGMC1RVldUdWdpVVRUaEpBTWNMR21lRXVZS1dSY3JQRUdybXg1QVdfbEhMS1JKbXFTVU1oZjBmRXlIbWMyV3RtUkVGUVAxOExKSG53?oc=5&hl=en-US&gl=US&ceid=US:en,BBC,0.0
MPA Continues Its Rankings Rise in U.S. News & World Report - Suffolk University,2023-07-05 07:00:00,https://news.google.com/rss/articles/CBMigwFBVV95cUxOYlhOWEFjUklwRjdMLVl5OGd0WlQ2RmNrV3lqV0xranhMR0piSGlyNVZ0LS05NnBDV09BbGg1WTBWZkJrVTVudmpJU1gwcnNGQm5lN180SGstOER5d3ZLLVZiNHNGZVVqYVhyNFhrMmM2UzA2TnVNVzJJWkp3SlJwTGE3UQ?oc=5&hl=en-US&gl=US&ceid=US:en,Suffolk University,0.0
World Meteorological Organization declares onset of El Niño conditions - World Meteorological Organization WMO,2023-07-04 07:00:00,https://news.google.com/rss/articles/CBMipwFBVV95cUxOQTJiQ1hqZU91ZmtWMFplYUI4cGNSZVZQOHFHOVJCSjQxZ19Za3ZVZ1JvUmRKai1mMnhhR2ZhQ1hCYTkwc2Q3UmdHWVdCdWdCU0p3eXRqeTRFaU0xanhlNDJ1Y3M4b3pFZENRc1RmSzZ3VlBZVENGQ0JSd2Rpb0Nod29ONVl5UU5IeFhxOGpzdk1GSTFFUWswTXgzYk1COHg5Y0hfNF9CQQ?oc=5&hl=en-US&gl=US&ceid=US:en,World Meteorological Organization WMO,0.0
How Sweden and Finland went from neutral to Nato - BBC,2023-07-11 07:00:00,https://news.google.com/rss/articles/CBMiWkFVX3lxTE5sSmNSWk00TzZDbXJldXdub2VIVTYxUGtpQ3pNUFdLWDRRblJXZi1sdlNrWnIwclUtM2d4dm9aUUNHcDVUcjgyS1I2Wm55WFlwNjZjUGNObHRfUdIBX0FVX3lxTFBlNXBxY3RHaDR1bUlvV3pJNkJtai1YYVFkazc2VlY2dDctQ3V2RHRoZjJ2bkFBZWlZcmN4Rmt5SE55eUFZbzV1eGlCVWhLSnpJVk1EVDZDV0lfOXRJYUdB?oc=5&hl=en-US&gl=US&ceid=US:en,BBC,0.0
Hachiko: The world's most loyal dog turns 100 - BBC,2023-07-01 07:00:00,https://news.google.com/rss/articles/CBMiV0FVX3lxTE1SX0JkS3JoVXQ5bjBEQU1sSm1ZSUhjZmMtS0ZVb3hLZWptZ3NpLXV5YjBTYTBSaEJfWDVMMlZKNGVLbGs2TlY4N1NfNVVTRFZMRmN1ckRpQdIBXEFVX3lxTE5jM3BnT2xvSGkxMURxTzdkOGZHN2t2T3R4Y0p5cFJqSUROdEJhb1RfYXRvek05MEpxRndtYVhnOUVpQ0xjankwYVNzRGRhaDcxckxNdGdxSkNQeko0?oc=5&hl=en-US&gl=US&ceid=US:en,BBC,0.5256
Korean universities unite against QS ranking changes - University World News,2023-07-04 07:00:00,https://news.google.com/rss/articles/CBMid0FVX3lxTE1ZWjNLNXFvUDdvWXRNVWVjZVd0N1FXQUVvZHJjd3dKZDUwUzR6TkV6V2NGZk1vekZDZ01jb1VIOUhBZE5pMkpUZ2RtQi1vUFZDekMyMnQtRE9HWXJmTm1lc0hPQkttMzdmRndLcjRPR0UxR0MzNnhZ?oc=5&hl=en-US&gl=US&ceid=US:en,University World News,0.0
Climate change impacts increase in Asia - World Meteorological Organization WMO,2023-07-27 07:00:00,https://news.google.com/rss/articles/CBMiekFVX3lxTFBqcmNOLWk4YU9Wcm9SWHphRS1EY1EyZzRKb212VjVWZUo0ZVR3WVVZQm40SDVfUjJEZnNqdXpjdDhiXzFXU1RaYTZVcnZwenNYTlNpWmdJeXQ2TkRmVlhrY3lwNFIzT1I0UXFzZ0RKQl9oUnotZVgybEp3?oc=5&hl=en-US&gl=US&ceid=US:en,World Meteorological Organization WMO,0.3182
Philippines country profile - BBC,2023-07-05 07:00:00,https://news.google.com/rss/articles/CBMiV0FVX3lxTE1DSkp5UFRLN0NKNnhFbWZGSkRTTUI5SDFEOVJSb0tsTmdIemRnU29CSkFiM05odFpyb3F5bmU0cGQybjNUMEF2RkF5RHdjSW5CcWtzSU96SdIBXEFVX3lxTE1LTlhpWC1tVzJRMUFCd2xzWHpKd0o0VW1wQmNDTDVvMERaVks3eEJ1VTdXeHF5bGFCTWs3NWZfaVRQSEhfUGhSNE9XVXZxRTZvUWU5OWdESHh2dUZt?oc=5&hl=en-US&gl=US&ceid=US:en,BBC,0.0
Homeless World Cup makes US debut in California and scores victories beyond the field for players - AP News,2023-07-12 07:00:00,https://news.google.com/rss/articles/CBMijgFBVV95cUxPSVMxbmF2SkpQMTYxQzF2elNOM1J3N3IxLTlyZ1RYeHZ0dF9qUmlteWM4ZG9uMDk4T2JKUWxsTEZ0VkVVcjZndE1MUjE3UFFZUlJSTlpmZURVMDZOOVpvSG1kMFVnY2RNUkMxaU53NlU3LWxmTWdfcFBLNTg1eHBVZUxRWndFd3dlZll3Wkxn?oc=5&hl=en-US&gl=US&ceid=US:en,AP News,0.0
Vaccines could avert half a million deaths associated with anti-microbial resistance a year - World Health Organization (WHO),2023-07-28 07:00:00,https://news.google.com/rss/articles/CBMizAFBVV95cUxNdDRIMlFiR0dxUUUtdVhxaEJ2eHp1cFZxcThMbmdTcEdQdHZJdmJqalFXNmRCaVpXaFQ4VlVjTGRIMnNycG5oNS02clpPdk5JTFQ3ZUtvd0YwbkRjZkYwWk9YUmg4aGNnTlhwbERiTnJxekh4V1FZNUNCUlZhX2RiTm1lbmtpZ1NOU2o4TUFGOVZyUUVfTHZINThjTWFXOU9OTldwWXItRE13RDN0NHdQdWhkMGFKZjRCV204REdNeGxUWVFDN1N2Z0RWOXg?oc=5&hl=en-US&gl=US&ceid=US:en,World Health Organization (WHO),-0.1779
A guide: Uranium in Niger - World Nuclear News,2023-07-28 07:00:00,https://news.google.com/rss/articles/CBMickFVX3lxTFBodVRMbDh6ZmY3RmNVTUY5eXZORlNuaTFiREdjQThKQXQ4T2pRV1F0RVItQzJqYVB1RUZKRTBhUlZpNkRTVGdIR3lxb1ZXOTZ0c3FvcmpLclptQ040UC1ia3ZRZFV3a3FPcWxfVjRrV1l1dw?oc=5&hl=en-US&gl=US&ceid=US:en,World Nuclear News,0.0
Air pollution: The invisible health threat - World Health Organization (WHO),2023-07-12 07:00:00,https://news.google.com/rss/articles/CBMimwFBVV95cUxNN0MwRlcySWJkTTUtVHdqV1RTUFJUWDhrekJiWTNKa2hXdlNRY0sySzM4R0tVbjhHYWpUczZYakNFcWdJdFkwWmVJV3FXalR1eGpiTTdPcHpwaVZiU1FCc1NQNXl4NU01OVozLVJ2S0x6Smd6ZENoRWE3cnNmZVBzWkNjNUZPZGdyQUhRQndXM1lQcDd1Tkd6Q2FLcw?oc=5&hl=en-US&gl=US&ceid=US:en,World Health Organization (WHO),-0.5267
WHO releases new guidance to improve testing and diagnosis of sexually transmitted infections - World Health Organization (WHO),2023-07-24 07:00:00,https://news.google.com/rss/articles/CBMizwFBVV95cUxPdWVLM2c5SWl2MU9WYVNINmNfbG9qQjBaU3pCcFliNmpoVktWMjR3Y0Fqam9XNlQ3T2JtcW9lTnZJcmNZYkpYN0VCcTgyNE9mZmJhcGUzMUd2d3dHSDdpUGZxYUlUV25zY2FaVDVWaDdqc196NGp3SEMwOHZpb3V6dVNfY0s1LWpLa1g5UjNTUTNiM0dRZEFuQkNUQTZ4UVlqWVBMbmZNaUFaOFZJYnJBXzFMYU5fYzFMcmdNYmdkNnFXaWU2VHBrQ2RmdHRoek0?oc=5&hl=en-US&gl=US&ceid=US:en,World Health Organization (WHO),0.4404
"Mothers of Srebrenica: ‘Sadly, the killing continues in the world’ - UN News",2023-07-11 07:00:00,https://news.google.com/rss/articles/CBMiV0FVX3lxTFA2dkZ0ZDh6M1BEVFAxSDBKelhwRDl1YVdybExMU3U2Y184ZXFrYW5IR0hKLU9adHY3NlpSSTA1LWFMaktkaWZ4Z0JkSVltODJYMk5pdGV0WQ?oc=5&hl=en-US&gl=US&ceid=US:en,UN News,-0.6597
How universities can advance entrepreneurship education - University World News,2023-07-29 07:00:00,https://news.google.com/rss/articles/CBMid0FVX3lxTFBHUWtfdXE4V0cwdFdzbkhTY0JMME9DZF9PUldja0lwWUhjb3ljTEJhRndZbUNtYnFabU1JOEdxeUtzZGZZMVlaNzBtTHlyZjgxcC0wYXF5VzhBZEUtS2ZaSXJJb282ZUFuWEM4S3ZhWG9wWi1oY3J3?oc=5&hl=en-US&gl=US&ceid=US:en,University World News,0.0
New World Update 2.0.1 - News | Official New World: Aeternum Website - newworld.com,2023-07-18 07:00:00,https://news.google.com/rss/articles/CBMidkFVX3lxTE9fbWl0QTRSaUJNR003RE5vLVBwQ1JWNWp0Y1BYd3lvUnpIOWZiREZiMkluY0Z3OGxjQVpFSDNhejJBQ05aVU41NUtsVUQ5cEV3azNHc29JbXViT0VjNHBZZEY3NzNncHQ4QzlxaTByaFpKUW53MXc?oc=5&hl=en-US&gl=US&ceid=US:en,newworld.com,0.0
"IMF raises global growth prospects, and other economics news to read this week - The World Economic Forum",2023-07-28 07:00:00,https://news.google.com/rss/articles/CBMihwFBVV95cUxNRVVVUUxRVnVPSkRiT2VWWUxidUhfLVlwWVZpeVMwYVk3UnNQdWZIMHY2SnFSUHp2eE92amJJVzBzaVJsQ0JhVUczWlRsY2dkakN6UzU2TVQzRlYtb0NUdjUwVVE1QVQySUtJZjlXUEpLN2JpQ1lTWENiTDVmUERXUzZSR2dTdkU?oc=5&hl=en-US&gl=US&ceid=US:en,The World Economic Forum,0.5859
Lesotho country profile - BBC,2023-07-24 07:00:00,https://news.google.com/rss/articles/CBMiWkFVX3lxTE1lbHZiNk12UnVqNlU3bW9fRjhwMEVWMmFfX21JWjRmVTVwVzJ5UU1GTUxrWVJBS01vY3FFZWRHNHlFel9KZDJ5VnZudEh2aC1ETFhUNUd2aGxuZ9IBX0FVX3lxTFBLZWZtbkZHT3ZLcG9rejFMZjQ5RXI0dTRjTVd1NGdfTjJFM1VsbXJfcFF4WGlRTUlSai1hSTlWaGg4TWhEcHptTG9fcDNsMVBmcTZrZ3JLM2NpNF9ZVlcw?oc=5&hl=en-US&gl=US&ceid=US:en,BBC,0.0
College vs. University: What's the Difference? - U.S. News & World Report,2023-07-07 07:00:00,https://news.google.com/rss/articles/CBMirgFBVV95cUxQNDhLOTFoSUpVNTdjWUI0cmswdUlkcFFvLUhZdmxMV3ZoSlRDVnRvZHMySkhWRDBtdy1nVzV1U1cySGNQWUthaDJ5TVhZSS05WTcweDJXdzdraHc1VERZMnJPTFRvMHU3bk9vR21VXzRDRUthUzd0d0FqNUFabjNOYWpWV0xHNERzRWlhNWhtY0RTMWZaWnBxbGRCTXpSb1gtTFoyUTBzanFBT3ZNYWc?oc=5&hl=en-US&gl=US&ceid=US:en,U.S. News & World Report,0.0
The 'QAnon Shaman' and other Capitol rioters who regret pleading guilty - BBC,2023-07-15 07:00:00,https://news.google.com/rss/articles/CBMiXkFVX3lxTE9GTkZicVJYWWQ5V3pndlNyd2hpVlpTX3VZYUlqeHRlODFLMFZ6NzZvcnhLZkN5Q2lQQTdfQ3JvNk9BY2tZQ1BlcHBpTk1JeGUxNUt2M3ZWUnhjdEpoaUHSAWNBVV95cUxPdEMtVE1UQzFKWXF6ZWpUdVdvTTBOMEk5QXkxTTlfN2lNajhwQUNZT09RNUxJbEZheHNDRVBfYm5Qa1FOWEYxNGtJSG5JZ0Y0ZGxJcmM2U3l1RUhZOVNVUnplTkU?oc=5&hl=en-US&gl=US&ceid=US:en,BBC,-0.6808
Climate change: World's hottest day since records began - BBC,2023-07-04 07:00:00,https://news.google.com/rss/articles/CBMiY0FVX3lxTE5VSWtkU00wNUJPUm1VN0lka0xFUkhfR2p1TUZ2N3pvQzFzeEViakVOekp4QnJFQTJhWklRNXJXWk9ZSmwxZ1lHQ3E5MWJVcFVSc3FTN1U2OU5iUGpKZl9NOGVNb9IBaEFVX3lxTFBrTThyWEsyQ1Q1cGkxSnVISnNsN1RKYm91YUlzMnpQM3Q1T3JzYVc0aWZfN3JPNVZ0MDU1TUY1OXBubzBkVGtvZWJUODVMTVBhdWtKa0VYR0tOMU9ReXZ1ampWbkxROFcx?oc=5&hl=en-US&gl=US&ceid=US:en,BBC,0.0
Global coal demand set to remain at record levels in 2023 - News - IEA – International Energy Agency,2023-07-27 07:00:00,https://news.google.com/rss/articles/CBMiigFBVV95cUxOZHhSbGJBaWFuRmptU0FmSXhWejVtOF8xN0hwT1AtUTEyc2EzVDFSUDEtVVlkQ2dQcndBbDVESVY2YmpwUjhhaG51ZFFjV0ZBRlQzY05fU1hCZHBTYjBISHE1c2d5em5Cb2xzbndabGQ1WWhFSHNiQmstZmRTOVBQTmxHT0JYN0RnNlE?oc=5&hl=en-US&gl=US&ceid=US:en,IEA – International Energy Agency,0.1531
How are people with aphasia actually using language? Award-winning researcher moving from the lab to the real world - Northeastern Global News,2023-07-14 07:00:00,https://news.google.com/rss/articles/CBMijwFBVV95cUxQSGNCZ2RyR0Z1aVlpb1dQTjVVYjNMXzB3WnFYRDExRTlINHJPS3NjZS0wZldqdmlnWDJrNzNubk01c2FVbTUtSG9Pa2RaaWFha25YVWQya3JlUHp3b1p3VWRyTnllWThrWGJoOFhnS0YwNDlCT3VxWlluRG1jWnlZbE5ib2xXNkpBdHBITVNWTQ?oc=5&hl=en-US&gl=US&ceid=US:en,Northeastern Global News,0.0
Childhood immunization begins recovery after COVID-19 backslide - World Health Organization (WHO),2023-07-18 07:00:00,https://news.google.com/rss/articles/CBMipwFBVV95cUxPaFpHME9STU9mcS1YRUtVSTRNVk1pVTgzakFiSzEyQnJrNXhMRDh5ejd0UVNFcWpISnYwYzhoTHV1TTRZOXdacDBKWU5VOWg3QkdnOWFIWF9QZEg4elB4d2NFazdWeG05dEctRGZ2Nl9GUzV3cnJGYndwZEJNTFE0ZE5RdHdxajdYUXRKbkZiN2xkSlZYbWNGc184MTdZTzBZeHV6QTVtZw?oc=5&hl=en-US&gl=US&ceid=US:en,World Health Organization (WHO),0.0
"Spike in dengue cases due to global warming, warns WHO - UN News",2023-07-21 07:00:00,https://news.google.com/rss/articles/CBMiV0FVX3lxTE5WaFVCQTY0VjV5MzhjSUpmaDBub3l0VGlIWmY3M0daX0x3WW4wVXc3SERXY2VqNEhXcm1HU1hlT0NTajYwa0liSVI0Q09nV3VfYkdZU21LWQ?oc=5&hl=en-US&gl=US&ceid=US:en,UN News,0.0516
Climate change: July set to be world's warmest month on record - BBC,2023-07-27 07:00:00,https://news.google.com/rss/articles/CBMiY0FVX3lxTE45RS15RlRnVUUyVC1fZlNLcV9GSmo1MDlIbWQ3SGRoRUl6WnFybG5xcU9JNFc1Wmd3RUZsNG5CQWZzeDdodl9RckFLQUJtd2FEWkFfZTZnS1k0TzFHb0RIX041SdIBaEFVX3lxTFB0OVVKTjg3OFhpdE84YkZIYUFtMkJGT2Z3ZGZLX3ZRajRLVWZMeGlnZFA1TXlSTEFBZ3pHYm5DeFozUHp4anJIOENSN1czVWVFNjQ5RnVsZ0FtcV9wT3RqcndqVExuVUFq?oc=5&hl=en-US&gl=US&ceid=US:en,BBC,0.4019
Niger coup: Simple guide to what's happening - BBC,2023-07-28 07:00:00,https://news.google.com/rss/articles/CBMiWkFVX3lxTFB0N3FCb3FmUjUzbkptM3hrLWN0RjVtcWpGTEVIdHo3Z1hkemtQOHBzY25tcVVZWS1wRjRVWWtkYzV5Z1BrZTRxY1pKN2RvcXo5eXFOc0xYdXhtUdIBX0FVX3lxTE5LR2ZlZEYzc1JlNE42dEZYTFhwN0YxMGt2U2tCbXZzTjh5bS05TXdVT1FMU2FDQWhHSWx0Q0ZhYkVjWUl1YkJQSk5pVU9rcG4tc1RiVjEyZkp1RDNGcFVJ?oc=5&hl=en-US&gl=US&ceid=US:en,BBC,0.0
Nigeria country profile - BBC,2023-07-28 07:00:00,https://news.google.com/rss/articles/CBMiXEFVX3lxTE1VclgwLTVheDJ3elBKQmNoS3RDaXdfX3h3X3pCMGhQd3ZKbjYwbzZpNVFxMFB0RFpFNnpycDBEWnlKaHcwNk5BUWotY2laaFE0RmMyT0F3R0MzclVG0gFiQVVfeXFMTnN0dFRaZmNzSGk4c0JQUlFneHdBTXVwdnFKcjI1WU5uRXp0MVZUY3lxRjRHN0VLd3hDMHQ1eEtJR1ZtcXpKRXNNM0EyTTdvMVhZRk51ZUVuMmVUTzJVcm01Q0E?oc=5&hl=en-US&gl=US&ceid=US:en,BBC,0.0
Putin will not attend Brics summit - South African presidency - BBC,2023-07-19 07:00:00,https://news.google.com/rss/articles/CBMiWkFVX3lxTE84bFh4WklObGFvdDU2M2s0bXlnS0dzdTJRTVNBZkNBZTRBcDRBNHlyMjlpenprNEphOTN1alk5R204bFE4Uk9iN1Q3c1c2MjZjZDNWX0tpY1ZYd9IBX0FVX3lxTE9KcFcxVzRkYnhMMEZRcjU4TkcwcTRyUGhGTzR4Z2V0UjY3czJEVjlrT0U0X0ZnM0ZvUFJTbEkzaGNPVDZUemFocWNtNnpMRFpLRDFEaHlHRkVFV0k0QlJV?oc=5&hl=en-US&gl=US&ceid=US:en,BBC,0.0
Women and girls bear brunt of water and sanitation crisis – new UNICEF-WHO report - World Health Organization (WHO),2023-07-06 07:00:00,https://news.google.com/rss/articles/CBMivwFBVV95cUxPaWJLMlRUVTBfR04zX2JnRkxubGlGaEUyMzNjN2p2NEpKX2lTaWZYSEpLYjdfdE40Yk1XZF9yRG0yVHVscGFFYzNGYUVjV25rZ1Y1VU9HNF83NDc1ZEhidWhMd28xcnBrdjZsSnpKZENxbmNHYWZ0UkJtSFRnQWNhMmFYbHZyMUZORDNPeG1GMkFRNEY5TjZwenphSHdfcFlSSFNvRlRMOG1OX1JZLTV2Q2pPT1pIVk5paElub3VUYw?oc=5&hl=en-US&gl=US&ceid=US:en,World Health Organization (WHO),-0.6249
"After five years of driving, roadblocks remain for Saudi women - Hindustan Times",2023-07-07 07:00:00,https://news.google.com/rss/articles/CBMi5AFBVV95cUxPb09SU1RrMlJuWWVrR01TUW8yN2RjSmczQ21DVDBPX3Z4aTJ4SFVhbjVqcHY4NFAxM1p6SXk1dEVCd0wzZE5HQkpxZm9VaExWOWNoZC1LMkJYc1ZreTh3ZjRGcjdHYW02cThUWXl6cGVlalRnNUJ2aXJiWTNrczFSWVM1aEJvbVZyWTdPd2lOVzBFYTFkczBobmhURVFsUER4SWZhbThzWlZ5Zmx6VlhlZF9nMzltNlpIaElKOTFNY3RrZS1HVHgzTHlBOHR3dUVkaFhHODBCSEozR2tPLTJtUGZiUVbSAeoBQVVfeXFMUHhzMVVTRDhXaXNYdFFJblZNd3cyVmFnRjNxdDVIRmMwTUhZenNEZ1oyc3RVRzZobloyYkRFVXM0MVkyMXRsWmNhenlHTjRqY3dfQmFYMXRkaXF2M1pTM0REOWZ3MFd4Z25rSkZ2eHAzOHh1SlBqOUtqV0hjcjFWenFWVWJhaTN6ZjhIcUQyMTNOSnBqeVNRV3hXUkQtdXdBa2FJRzlrUFh5aHpnNXFvMDlNclFLLUF0RU5GWm5sbl9qTWVwVi1MbzZDUXU0U0hlY016S2hGd252U3EyMmFOb2ZHY1ZtY3B1SHVn?oc=5&hl=en-US&gl=US&ceid=US:en,Hindustan Times,0.0
The “forgotten peace” of World War I - MIT News,2023-07-24 07:00:00,https://news.google.com/rss/articles/CBMif0FVX3lxTE1QX0xwelRtU3Rkd3ZXRnpTS3V5Q1d3SFdjeUJ0T05KVVZfZ3BZRmNDWF8ybDFBbGZIUjU1OEdHeU5xdG1sck5UUVlZbGVOYlkyWU5DQkN5Vml2eV9OYXdlZGVZbjlGMXZhdnRHVTVFcG5FOEk0TUMzS21sQkVQbjg?oc=5&hl=en-US&gl=US&ceid=US:en,MIT News,-0.5994
"BBC World Service launches new daily news podcast, What in the World - BBC",2023-07-18 07:00:00,https://news.google.com/rss/articles/CBMipwFBVV95cUxOc2hJRGIwRkU0U2dMZ3piUzJYN0tLckRFRmJRazVaa0x5YTRJUlY1NmNhdDh1dnl4WFdkX0w4Y2hBZkRFR1VNODE2b094WU1fZEw1SDdFZHNmZzB1VjNQc0RqU1RaWmRpUG1Oc25GOWtPd1IxbjFpbDRKYllsZHNVNVVVbjE4WVNMN1FlbjNaaWUxUGpJX3R1MjVSVXVpU1J6eVJFNXdHRQ?oc=5&hl=en-US&gl=US&ceid=US:en,BBC,0.0
Insects find their way onto Italian plates despite resistance - BBC,2023-07-07 07:00:00,https://news.google.com/rss/articles/CBMiWkFVX3lxTFBSYjIwcldyQWRWWS12THh3RTdnVTNVYVFYdC0tME1sOVRDYXFIS19vbW0xc3ZiOWFkd08zczgwVVJLWW9CRGlRM2l5N2lfY1hyLWl0aERKOW5tQdIBX0FVX3lxTE9WTFFxRkhnbnFKT1NhdjBxVFJhakEyS3daaTJubWRoeWdPaDFVYk1JdFpYTi1fQVlzcjNTeUNLQ216a2NET3ZjNmVoU0t2Qkxkd1JkNXYtN1VMczd5ejg4?oc=5&hl=en-US&gl=US&ceid=US:en,BBC,0.0
Seven out of 10 people protected by at least one tobacco control measure - World Health Organization (WHO),2023-07-31 07:00:00,https://news.google.com/rss/articles/CBMiswFBVV95cUxPdEJveFZGaC11MlZ1S1FWZUJjZ1pmWl9RdUdtZFBhWkNNUmJuMmVXQjFTLXNBbDlXMzZxU09vOGhmdWl3bkhWMlB3cjJfRzNGTUhzekJCVE9OQmRPWmFNQ0xqbzBiNXFud0pxMVMtMUlSbzY3UVIxQUxlUGxrX0hJY0hGWm5UUGF1MUVlQXVmQWJhVHNZTnFiNHdZLXZfaWZJbkZRUFFqaWlmdmNWZk1Fc3N3dw?oc=5&hl=en-US&gl=US&ceid=US:en,World Health Organization (WHO),0.4404
US refuses climate reparations for developing nations - BBC,2023-07-13 07:00:00,https://news.google.com/rss/articles/CBMiXkFVX3lxTE9kNXdvbFNvZlpxT3dTbGFYNC0xWG1lSTg5eEhIVmhPNWJXVnV3ODAtRlRuX3BNbnZhbkFvcUlZSUtnU0N6WjI0N2dzWl9heVg5V0owZW1UdnlqWE1vR0HSAWNBVV95cUxOV2J1Y3RMUVZYRzhZT3FmZFNUa0c3MjBDTGI4dVhZV0FzUThnLXFHdXVvSk4zeW0xU3VVNllfVnZNWHFBY3RWRE5CU3BQcHY2bV9rRXhSMjdrWUFrdGQyMzhtbG8?oc=5&hl=en-US&gl=US&ceid=US:en,BBC,0.0
Taiwan media guide - BBC,2023-07-21 07:00:00,https://news.google.com/rss/articles/CBMiV0FVX3lxTE00UWh5ODFqRFRGc1FtR0ZVeks2TW51NXFtV3ZVS1NvVmRzZEYxX0RXTENHWFVIcTlkaExpQVBfOXRpQkdTSV9XNlo3STFSZzNpVG5nTlRIa9IBXEFVX3lxTE9GWG5QTWlGUkRVM19ibkN1bmZEb2lqWVd0M09kX09NNkpKSDJCZWpGM3pfR2xHRERkNm1xUWY4RVVjdW5Ma0lobDlGd182NDRScUp1NFlqMDlqOHFp?oc=5&hl=en-US&gl=US&ceid=US:en,BBC,0.0
The world is your canvas - Northeastern Global News,2023-07-24 07:00:00,https://news.google.com/rss/articles/CBMidEFVX3lxTE9LWklDNFVxa29QSkxvTGtPU0E3cTBULXF4NnV6aEpuV0o4bGExV3ZDLWZGdjl4SFhKSUJzbE9jZ3lwMVg0MmRxVXRmM3BRRHRRdEtGMmwzcmdMQWpfenhCVm9EaU9kN0dGTGlwaTBGRjZaMFdn?oc=5&hl=en-US&gl=US&ceid=US:en,Northeastern Global News,0.0
International higher education must reject neocolonialism - University World News,2023-07-14 07:00:00,https://news.google.com/rss/articles/CBMid0FVX3lxTFBKY0FSVVVBVkVXSHlnVWtUZVRvZmt2RlNsemZQbXBHVEc5R1k5ODFEU011OURuOXdBS2o1OXBLd2hBcFRyRXlpYTk4RndCODF1NEdyc0VXNl9vaDJqVnFBejI0V3lIVTR1LTZqcDN6MlVZbWMyWGg4?oc=5&hl=en-US&gl=US&ceid=US:en,University World News,-0.4019
German university ends ties with China scholarship scheme - University World News,2023-07-20 07:00:00,https://news.google.com/rss/articles/CBMid0FVX3lxTE5EV3ZRWko2bmotby05c3Ywbk8wWWJaQmlLR3M5UkZsbmpqS2x4SWNYOWpUbm41YVdhS0o4cFRFY3RkVnBFOW1oaHBtb0pkWmNJZGthd2xQZV9BODdoR3hPZWxmMndPR0YtZTNGOXd2N1k4VjlRX0JZ?oc=5&hl=en-US&gl=US&ceid=US:en,University World News,0.0
Niger soldiers declare coup on national TV - BBC,2023-07-27 07:00:00,https://news.google.com/rss/articles/CBMiWkFVX3lxTFBOTndKQmtPXzhXNnJQZmpwbEVwb3piYVJGaV84b1F3LU5hb0N3djlWckI5a2pYd3JwbG40UFMwWXhBU2NNeTNnM0Z5MDZpNlZyWUU1ekZOeVlLZ9IBX0FVX3lxTE9kQVRyZWx1ajI0RURDYlBadExvS0tDUDVqeUdEZHNyd2pEb2ZTRjk0ODVFUXcxQVhjOUFKb3FOMjVxLWVMQ0NNWkFaVVQxNEdqM29id0c4d3Rid0VNckdZ?oc=5&hl=en-US&gl=US&ceid=US:en,BBC,0.0
"Energy transition faces metals shortage unless investment rises, plus other top energy stories this week - The World Economic Forum",2023-07-25 07:00:00,https://news.google.com/rss/articles/CBMi0gFBVV95cUxQY254WUxtb3MzclgxelBveEZkelVZc3BVQ0MtU010M3NuTjlmNFhLOTVhVmJqbWZibFpSblFNR3dXcGJJWmc3Yi00MlVhUmpPZV9Sbi1zbW51Q1lNdFIxYWNzVXpjMzFBNHFQbmpWSGRYa1lBUENDdkNMOVlwOWkwZTkwNEVrSkw5Qm1iUUlSVUZNVUxRVzJaQnNxM3pFWVBYTXVxZGkxclpFeDNBVUxZSmJvcWtKSDhUUWxqQzdwYjVkbk5ucTVJVFpTajlpeFJWUVE?oc=5&hl=en-US&gl=US&ceid=US:en,The World Economic Forum,0.4588
Benin country profile - BBC,2023-07-28 07:00:00,https://news.google.com/rss/articles/CBMiWkFVX3lxTE5nenBFZXFXeFMtQkZMWVVoZ2lLMlhfVW1WeHczYVdlTnpDRmJYYUR2cktSQ1Vnb0NvdFlKRlpJb0xjQlFkVDFOMlotNmF5dFh3XzFyLVFCTExId9IBX0FVX3lxTE02UnFUbTBMQmQ4N2NSeURpV29qLWtTUXhJekQzMEVaNU1wZkt5cGloM1FaRmVzczVqX1daTkdCT1d2UE12QnJUM2x0N3BXY0FhZ2J3UEh5RlNfbVBZSzdv?oc=5&hl=en-US&gl=US&ceid=US:en,BBC,0.0
"Low-cost solutions can give billions access to modern cooking by 2030, but the world is failing to deliver - IEA – International Energy Agency",2023-07-26 07:00:00,https://news.google.com/rss/articles/CBMiygFBVV95cUxNNW41ZzNmcXp5V1cwdzgzeFpHRlBhSndIUXZneFpNMjJfNndkZ1JuQ1VTaWNydWJOUm9OcU9fRFVOcXRZdU05TDlGSk50RGphZFpqMGV0TzNaeFR1OVZxZUo0dGI0T2s0WkFPRHlXVTN3T284RDhoakJ3ZGNJMnJpOWloVmpnWmVLWFlTWWt3TEVxRWdNRkFDdEZIVlpvWncxU1dZS2V6UGl6TkJBVlA2THoxWlRYQ2NRZGVpY0p1a1FRQXBRd0dkZFh3?oc=5&hl=en-US&gl=US&ceid=US:en,IEA – International Energy Agency,-0.3506
Secret Service investigates cocaine found at White House - BBC,2023-07-05 07:00:00,https://news.google.com/rss/articles/CBMiXkFVX3lxTE9NYlYtTWxMeFYyN3RPNFByQ2J6SVMxQTR3ZktJU3RZNnFkTU9uUkRlaEZwZE5xZWVlVzFwZkR2b1R2aDg5Q3c5cjJNeWNyMnI0SHY5VFhuWld4U256d2fSAWNBVV95cUxNOHNINGdvTGVkUmNJNGd1X0NkdFZUNVBnS19feGNKNXphbkVFSGJERmgteFI1eW15V3c1NE5XVU9jTjBUYTVPOGl4NjNpN0E1NExPY3pfbWdKaEwwb3NKZWNTMkE?oc=5&hl=en-US&gl=US&ceid=US:en,BBC,0.0
Can we do a better job of predicting river floods in New England? - Northeastern Global News,2023-07-20 07:00:00,https://news.google.com/rss/articles/CBMie0FVX3lxTE5CRnRrX1Z2YnFmSy1nNE93cldYbFZKMGNPb1dGdHVod0o3eWU0ejU2TE8xTGFJanNELV9BbkF3WnFHWWhmTjRIODYtcDdkV3NpOVc4R3AtNG1qRnprUEJKRWZHSzJFTFlzMFhDOTZ5X09wLWtEbUJyMlpxWQ?oc=5&hl=en-US&gl=US&ceid=US:en,Northeastern Global News,0.4404
China using families as 'hostages' to quash Uyghur dissent abroad - BBC,2023-07-30 07:00:00,https://news.google.com/rss/articles/CBMiUEFVX3lxTE0yb1RBcmNXSTRRb21NY0JyamVYbGRJX080cDRNUVQ1YWZFaWdoWkdlNDJfU1llVjdUT1RBdUs2VTZzTllxaVIyaVhZUVNrTzdZ0gFWQVVfeXFMTnM4NGRLZlBkVGh4WG9qR0lqcHZnOXFKMlFCdnJBem5rQXl2U25ianhpZzk1OUxPT05wNDYwZ01id09yWm5rS3p1LVpYZTN5b0Z2aEtfUmc?oc=5&hl=en-US&gl=US&ceid=US:en,BBC,0.0
World Population Day: What will the world look like in 2050? - Al Jazeera,2023-07-11 07:00:00,https://news.google.com/rss/articles/CBMioAFBVV95cUxPdG5INlYwQ3UxdE8xM1ZIZms4aEhSUTJ4QlphYVc4RHJwZGdDd0ZDdkdmaTdGcjNOODhCLUVsYjVpb3I5ZlF3VVZSQVlrTFJZWldlYVhrWVo4NVFaZmQxeXlHblZSeVdFOXctWGd4S29IZFNFeS1nZ09kLWxhSHVEYkVyZFRDem1jVWMxanZXVnZYdjBqcXByak1MUWNYSVMt0gGmAUFVX3lxTE9FR05XRVJlbU1KeTRXdWFTQy1nek5IckwyV3doM0hLOVlwNXdBLXdudHE0LWVqenZZdXNGb2k4UDNYQVQ2OHVNdUpaRGh2cW4tOExZMFhmUnFLTnh6UFdtY0dJUFFrMTl3MUpWYWZNMnhjbGEtUWM0U0FsYnVUT1hISm4zYTRBUmZ3QnhITG5XZVdtNDhHaDVxS1FWcG1Bd0JPWEVhS3c?oc=5&hl=en-US&gl=US&ceid=US:en,Al Jazeera,0.3612
UFOs and aliens bring a divided US Congress together - BBC,2023-07-26 07:00:00,https://news.google.com/rss/articles/CBMiXkFVX3lxTFBDQ29LREhFMnl0OElmTE53QnAydmpqZWtlcFQyc0VrWFAycVJ3UTM3WHVOU19OV2F5UV9CWS1ITlZ6TnhrS3l1dFQ1SG5TSkVQR1lGb0VPdkJlUHZpblHSAWNBVV95cUxQbE1semdFV2tmamlaaW11aWdlMDZkNDV2cThSbXR5NUZSWkkwNm9ybWJEb0xLSzFxS3ZGNzh1UWxoYm8xWW5QN1VuWXllZ3Q3SUlOdnVUbTJSSUpqU3NCZ1lqdjg?oc=5&hl=en-US&gl=US&ceid=US:en,BBC,0.0
Sudan: top UN officials sound alarm at spike in violence against women and girls - World Health Organization (WHO),2023-07-05 07:00:00,https://news.google.com/rss/articles/CBMivAFBVV95cUxQVFY3eTEwcXhOYlp1WFh0UmROZldyTnFTQVkzZmRZekRfYUptaXAxSlZUUnFMbHV0c21qeHJxa3ltTVpaSk56a2MtRVdPdkE0c0wyWU5RVkhmU2lMT2hMUXBmOTlvR1hqRGU2SkhmTUZMUzVqN19ja1BCSjRFcjlZNjNvVXVvRlZIeUpWeHpzU1U2X3laMktCQV9pOUgzMGUwN0o1djBrQjdSN3MtUWxXOHVOY3RWMUhNVmdQRA?oc=5&hl=en-US&gl=US&ceid=US:en,World Health Organization (WHO),-0.6908
Typo sends millions of US military emails to Russian ally Mali - BBC,2023-07-17 07:00:00,https://news.google.com/rss/articles/CBMiXkFVX3lxTE9YbXJvSS1GczRxNHByU3Zxa25tU2pZS254QlY2ekhIM0pndEYtYjRrRWREVFlNZEJyT0ZyWlRjdWNBanRpbmY4RllVdk4tNERPcGppaThYb0JhOExWN1HSAWNBVV95cUxPbVdmNW8wdndFVmNqME9iMmU0d1o3VjMzWkxRSURDRU5LNlZtS2hab2FWWk1kenZPaFJlazhNel9IRktLLWpPTkxDcmt0YkpGUEJLVDZWZVZtRTB3QnZFS184QXc?oc=5&hl=en-US&gl=US&ceid=US:en,BBC,0.0
UN chief unveils new vision for peace across a ‘multipolar world’ - UN News,2023-07-20 07:00:00,https://news.google.com/rss/articles/CBMiV0FVX3lxTE5ZUEszVU5HelBYamJLd3JMcjZvZG5SU0cydnNXWmNndjBBVVJocWtONEVOSWgydFdDUE16d3hzckdtUl9fMWFkS0ZhQmZUeGNBQlJxOFR4WQ?oc=5&hl=en-US&gl=US&ceid=US:en,UN News,0.6705
Why syphilis is rising around the world - BBC,2023-07-09 07:00:00,https://news.google.com/rss/articles/CBMijgFBVV95cUxPamxIQ3pIaGJrVlhqR3FOeXNWbXVXaVdYa1F6cGp0VnRCY01kM1lHTFVNV3JHblBNR2d0SDQ0ZFdSdnRKWGNsX19uU090X2JtSERBQUlYRmtqQ3l2aXB5YUllQzczSGY1WlU1SU9VWUg5cFJmalNoWkVrc2dpdUcxeU9lTFpEam9pY3AxbmxB?oc=5&hl=en-US&gl=US&ceid=US:en,BBC,0.0
Portnoy Joins ABC News Radio as National Correspondent - radioworld.com,2023-07-13 07:00:00,https://news.google.com/rss/articles/CBMioAFBVV95cUxPREhKZ3I0UF9iUFdWd1JTNERzMHg0ZXNCZWh1SzhOZUZVVFRPTHlJcHNBZzBYcjRmQTZJcW13SFlGVnBOcDRCYm1nTEJFN0Z0NjlPRWNSSmR4eWNYRVdJMjNVOVdRRkFtdWNER2FmS3lfN1p0QzVOZWhyY1YtZnJzR2dNMlNTUUNxZXhPTUpIZHF0Mmd2SE1MS0MxSWl4NVQ5?oc=5&hl=en-US&gl=US&ceid=US:en,radioworld.com,0.0
Manipur violence: What is happening and why - BBC,2023-07-20 07:00:00,https://news.google.com/rss/articles/CBMiX0FVX3lxTFBwUlVIRmdrRmYxVG45VFROcFVzZTRQQWJaR0FUSGdsMHJkWWt6T1ljUkt0b1Q1a3ZTUzJHRE1BdXpKZUVoUEEwcnRkcHJWR1JPMkVHcTVKRXNCYnBmMVVN0gFkQVVfeXFMTVl5SmJpRlpIWnpIMmNweDBmV2lZOUpiMnZUOFNIT1Q4SE1TaDhJMFNlb2h1bS1qLVdMWXRzZ0pQcHBpekZ1Y19nWGlSVFRBMWp1bHdXc1NQblpPbERLaDVVbHVuSg?oc=5&hl=en-US&gl=US&ceid=US:en,BBC,-0.6249
She saw a local news void in Harvey. So she started a publication to help ‘those with a voice but without a platform.’ - Chicago Tribune,2023-07-28 07:00:00,https://news.google.com/rss/articles/CBMi7gFBVV95cUxQWkhvVlhicDlTVWdmT2Q5dlEyc2JZazlIVndEQnVBS2VnZzhfVlBSNjhuRGRvQ0FXQkdDaGEwVVlreFZEanBUajNSVWVjMUJvdmpQWTVKYXRGcW1vTW5Fc3RtMlJpazc4MmNieHdwTGF4V0hNNnhCSWtPVEs5eHhwRDBtV3p2RkRqY253WmppOVNxZjg1TkpsQURCT3ExMzVBc0d3NUtJQ0pBRERzV1Z4Ym5DOXJJTnNialR2dUhqSUNaeG1MQ2xKdWU3S3lDQmlHMm55clZwem41Q2lJUnVoVDRkZ0tSY1IwU0F1QVBR?oc=5&hl=en-US&gl=US&ceid=US:en,Chicago Tribune,0.2144
Should there be a maximum age limit for elected politicians? - Northeastern Global News,2023-07-31 07:00:00,https://news.google.com/rss/articles/CBMiekFVX3lxTFBSVFVLMkxtbGhnMXZPMGtfeFpfQmFEQzlkaWNjdTk0MGdGTXJGTko5NVYwTEdqVXA0T2hwUl9vbEFUM3AxZVlRNi1SQ0lXWWJPaHRpdS1ROEk1OW1EdDllM3FfSjhfSl9LTTR4TmxNZGc2N294aXlScF9R?oc=5&hl=en-US&gl=US&ceid=US:en,Northeastern Global News,0.0
Oppenheimer: How he was influenced by the Bhagavad Gita - BBC,2023-07-24 07:00:00,https://news.google.com/rss/articles/CBMiX0FVX3lxTE5UQmFMNWJsSUs3MVZLdXNtTEhvM1lncWQ1THNTclZSTlRmSDlKSFprdkVTSThDa3BtX19ncDdlcDVPd1NfT00yUzJzcllndURLTUd2bUhTay1OYWJRcnJ30gFkQVVfeXFMTUFFck8zaGNwaWlCcjFwbmJaejJsREV6NHM4YlNfYlZ4OUVoNEtTb0tiaExJYUpnZVlNTUZFZ01MM1pCYUZzYjVPNV93YW1USkVZajEwUVN4MHN0YkFYdmZueXRoLQ?oc=5&hl=en-US&gl=US&ceid=US:en,BBC,0.0
Studies explore use of nuclear propulsion in shipping - World Nuclear News,2023-07-25 07:00:00,https://news.google.com/rss/articles/CBMimgFBVV95cUxOcnhXdlNXNEQxb1FacXIzeGg3dHhqTlc2aEFKTFpTTUJJMFhQS0F0bFhQeTlfeksyYTlubDRKc3FJbnBTcWFaYkxwM1Rqb01seFd3S1pMZzY4RmwyRTJEQ1RhcmhQcm9MLTZzTTRLR1o2WTRoWHJ5d0dqRzQybDZIZDNPTWhpdjJ0b2lNV3pNTTZGRnphS1k2clpR?oc=5&hl=en-US&gl=US&ceid=US:en,World Nuclear News,0.0
Hottest July ever signals ‘era of global boiling has arrived’ says UN chief - UN News,2023-07-27 07:00:00,https://news.google.com/rss/articles/CBMiV0FVX3lxTE9hSnduaC1zSVAxV3VWM0VWcm5WX1BZb0J3QXVBNy1TQmM4TTJVYmdXX21qeDVPMVVUdnVEb0VWTm44bHA0RUk4M09iQUQzTDlBbmljWEF3cw?oc=5&hl=en-US&gl=US&ceid=US:en,UN News,0.0
"18 million doses of first-ever malaria vaccine allocated to 12 African countries for 2023–2025: Gavi, WHO and UNICEF - World Health Organization (WHO)",2023-07-05 07:00:00,https://news.google.com/rss/articles/CBMi7gFBVV95cUxQRXliS2NQSnNQSG5HeDZaREJDMHoyeEhnNnF0czJ5LWhZdGpLaWhiaW1jTXVzYVl2QlBWTHpCUklUWXFfLTVVSWU1WkdwUXVPNDVnZWVJWF9IR2NFU2RMUXplOVA1bVdVRjd1XzhzUTVFZU41SFotMGtpd3dCVlNCN0FtSzItUWJpR3l6LUZITGVqajJ0cURyZkUwenB4TTZ2XzgzcTRTUF9JYV9LNmlKb0NmVG5SUzdPWlAyakMtdmZPQlZlcUNuVnMtM0FybjhyM0xXdWJlaTNsMmowR3NEV3c0dTVSNG4weDVYaVBn?oc=5&hl=en-US&gl=US&ceid=US:en,World Health Organization (WHO),0.0
INTERVIEW: Food systems contribute to solving ‘world's most important challenges’ - UN News,2023-07-23 07:00:00,https://news.google.com/rss/articles/CBMiV0FVX3lxTE1LSWVOOG1nckluQjBsU0Z1a1NCaFZhRndrVWllUUdJUXlseWttR1d6SFFwY253b0dXTUYyWGVBNVVuSm9uZC1LUHY5c2lySzdma2RfMk9OSQ?oc=5&hl=en-US&gl=US&ceid=US:en,UN News,0.5413
Sao Tome and Principe country profile - BBC,2023-07-19 07:00:00,https://news.google.com/rss/articles/CBMiWkFVX3lxTE5WMjRqcm1FS0syTHA5RWExelVsRERTYU04dnhwbGhYS3pDT2tqbDRsSVNNbTlDYXpvRGozSF9KMHNNZWdpWk9uM2cyd21vbVFzdGpHNURWN3JNQdIBX0FVX3lxTE9sSmxodWxicnotOUxsYmo0NHlOaHlhT1k0ZVYyZVQ0LWk1Y0ZnRWpYODUtS19hSVVWekFyVjk2VWFNRDdBYXZLbzdmUDVVZjB6dlVxd1NJYzVOS1NEZWhr?oc=5&hl=en-US&gl=US&ceid=US:en,BBC,0.0
"France shooting: Who was Nahel M, shot by French police in Nanterre? - BBC",2023-07-01 07:00:00,https://news.google.com/rss/articles/CBMiWkFVX3lxTE42S1VmTWJCMFp1dDcwWkNqMUVjN3hTVGdhX01iQUlNWGpjYUYyQUFXUHJLSUs0bVVjanBRTVVmMjhYZHdKX3d5V2c2R2tmaDNXRXVmSkFUYWZnUdIBX0FVX3lxTE1ycHV6M2hGTndPWTV6aVpqMTU4VTJfOFVVWjFXWnVoRGl0aWRUUzk4WXJoOWRJUjkwOW5pR002OVpaVWNFTnM3SFc2ZUVJdDVnSHloWF9Ja2x6WWZfQmkw?oc=5&hl=en-US&gl=US&ceid=US:en,BBC,0.0
Seaborg switches fuel plans because of HALEU timeline risks - World Nuclear News,2023-07-05 07:00:00,https://news.google.com/rss/articles/CBMimgFBVV95cUxPQllURVdwOFFIZFhVYkpEakI3NjdkUUZQeDdZQkpSdFFlazJIXzhiWTM5bHNINDFmWFZTNnFLQzdxb0ZHR19oZUVUazBMWDRQRm82TmtwM09oN251dV9HVTE2RUtnVkVFbU5kbG15UkxzZWM0OXR2ZXhtckUwMXVmbnhqRVpGbURHZEU2Zk5EVUxMSklkOXY3T1JR?oc=5&hl=en-US&gl=US&ceid=US:en,World Nuclear News,-0.2732
Niger coup: Why some people want Russia in and France out - BBC,2023-07-31 07:00:00,https://news.google.com/rss/articles/CBMiWkFVX3lxTE52SlNEY09jenRGeVRxNkRyRDIweFVrUXBQVzBveUtQNFd3dThET1VodnJvQThnMndVakZ5U3JqMXFzWTdFU1hnZTNEWENpUWdyckl6ZkgyODdqQdIBX0FVX3lxTFBkdGNocUt3bG9IWm9ZREEzcERvVlF4Y0lqclZxSDY2MXBFaXFDWkFGZWlRSmVYdkxNXzZTT0M2Vk52cnMxX2hLNWV0Ul9yaW82aFRfUFp3TmVqMG4tMVd3?oc=5&hl=en-US&gl=US&ceid=US:en,BBC,0.0772
Cocaine found at White House’s West Wing; triggers investigation - The Indian Express,2023-07-05 07:00:00,https://news.google.com/rss/articles/CBMikgFBVV95cUxQSmt4QTU2MnV4cGRLWTFGbFNMci1ZQzNlRHlCYV90Y3pFTVVFdVJyaUJIN3hVOGQwV2ZFbG1DMmRvYzhFR2kwTU9RT1pkdTdzTmtKOEpBM2V1b2RaZnk4TlUwUHJVZUJfeHZuRC14NFZXUlJXczVVZ0VUa0dZV1Y1aVhNbHp5MjZ5YzU2b1NGaFpCd9IBmAFBVV95cUxQaDVQTi10VEwzSWVxZGJWTkg1VkVCUUtLRmJaRWpuYmpZd0hHNG9WczMyNVAzN0FXWTNXelAwU0JyNmlueXNLYXA5QWpNTUFYRzVIY3FzYkFtaDNTdjZWdjZteG5YZVVmRGJndG9TbVlxQ0dOeTdVM2RsWFEteS1GTUNrcHNmVzNua3liZmxBaTk5TlZmRU0xZw?oc=5&hl=en-US&gl=US&ceid=US:en,The Indian Express,0.0
July Current Events 2023: World News - InfoPlease,2023-07-28 07:00:00,https://news.google.com/rss/articles/CBMib0FVX3lxTE9qaUhoY29wVHNZbnBKMi1veW1WUVlSQmxEcGtSa0xKMzZtS1BoWlBzYXllcXF5ZC1EZkJVZXFfNC1vaG1PM3NSclNpWTJBQWRhVW1sZGFOWGl6a3plSFJhTDFDdUhSbnpjbGxQTFlFYw?oc=5&hl=en-US&gl=US&ceid=US:en,InfoPlease,0.0
Meet the robots who are making the world a better place - UN News,2023-07-06 07:00:00,https://news.google.com/rss/articles/CBMiV0FVX3lxTFBVZHRxNWFZb0czU3dQZXZTVFh5dmdNdGVqVExMcndPV0V3d2VyUmtBV0U2YlJ4VXlJdFBGU25EQmpTUEd1WkhQVFdWRUJjMTQyVTZISE9lMA?oc=5&hl=en-US&gl=US&ceid=US:en,UN News,0.4404
"Farmer fined $61,000 for using thumbs-up emoji - BBC",2023-07-06 07:00:00,https://news.google.com/rss/articles/CBMiXkFVX3lxTE9BX25tcldrRFR3U2V3UzZBX2J3eDM2OExCYTdVNDJRdExSMkpvdFhHd0k4bXhiX0p2RmpGb3dFdk42TXQzZWdDYUxabDZkT3g1RTZMMUxHYzJScGpuUHfSAWNBVV95cUxNSW84NnlhVnVlNkpzbGRpdTNVS0hnTk41SllORDV0bm1hWVhLWExYZ2NJSDVpVmp0Z2tSeC0yNWVEQWg2UHVkeHhHVEN1ZjVEZU1vMHVzeHprVkNjb2V0bmt1M0k?oc=5&hl=en-US&gl=US&ceid=US:en,BBC,0.0
Global regulators confirm good safety profile of COVID-19 vaccines - European Medicines Agency,2023-07-05 07:00:00,https://news.google.com/rss/articles/CBMingFBVV95cUxNS29ubkpJYmZZMlY2RldJMTFJYUQ3UHBEVU5zNmpyNnB4ZTVWNEhYNHFPR3U3VUxSblduNHc3NjVUcm1KYmhNV0Y5cnZNNC1TMnUxSXhPTkNiR1VqSVA2VklqMUN6akNyZVNxMFhNd3lXVGJTVm5UWV9WZjF6WjF3NkJQclNFd1dSQjl1UW90b2FKSWpVc2dMaW9fMjBoZw?oc=5&hl=en-US&gl=US&ceid=US:en,European Medicines Agency,0.6908
"BYD Launches “BYD World”, in Partnership with AI and Metaverse Company, MeetKai, expanding the reach and connection to our customers beyond the physical world and into the Metaverse - BYD",2023-07-11 07:00:00,https://news.google.com/rss/articles/CBMirAFBVV95cUxNbS1odU9wM3hMRDVxbFVNbDRHNVNmSU5YczhSY2E3Q2sxd3FUWlFjUllzWUV2Vl94U3pMTjNFLUhhWXJpQjVBYmNQYW0zWGNuSnNFdEZZYl9sak1uM0kwRTlmemhxX29Sd0w2T1Jlb0xKZGNmbkZLSkN3bkVGTnlpMUZaMlRHNGdUZjdZTzhIY1VLTmpNWGRFYzAtX2ZFNk16cHp6ZEdOLU5yUFps?oc=5&hl=en-US&gl=US&ceid=US:en,BYD,0.0258
South Florida waters hit hot tub level and may have set world record for warmest seawater - AP News,2023-07-26 07:00:00,https://news.google.com/rss/articles/CBMiqAFBVV95cUxQRl9sZnFVcVVPeGNzTXlFdmh6X3VrSUlRc2ZjS0RpTl9kV01YdnJ5N2tSc2hiTXhFV3BQOTZ0NVk2U0JrWWFsR3VyY2Q5YWM0bUV0Q3BrXzJpRDlPVVV5Ul9GRDJFQlM0RjlxVEI1c19pbmFsZ21IRVZseTBnV2NjSEl1OU5jbHJRY2ZNVEZxTGNIdjc4NHJWbkVYdWF4S1A1Zm44a2k4YXo?oc=5&hl=en-US&gl=US&ceid=US:en,AP News,0.4019
Ambassador Linda Thomas-Greenfield’s Interview with Caitríona Perry of BBC World News - United States Mission to the United Nations (.gov),2023-08-08 07:00:00,https://news.google.com/rss/articles/CBMisgFBVV95cUxQRlVxRTJ4b1ZRb3pZUzl3c2JNZEhzczZoTlNYQVFzb1VSOVB1anZsc2hlYjBkT1JMYnQ2bFA0U3pwWWJ2QUlQY3dMdEtnN1V2YkZlcy1wZWlpQVozWG95UkdBSDQ5MF9MZ2lnUmpzSVdGVzE1ZkltT292LXgzbS1td08zQ1k2Y3lfOU95NUNKU3ZJWkVLUzQwb3Q1UEo5TTcySFBRb3hxYXRtWHNfN3NJY2ZR?oc=5&hl=en-US&gl=US&ceid=US:en,United States Mission to the United Nations (.gov),0.6808
Good news stories from around the world – July/August - greenpeace.org,2023-08-30 07:00:00,https://news.google.com/rss/articles/CBMiqAFBVV95cUxNNXhJRWlYR3BrbUV6NlM3QjNSRjl2SDJfNkNGRTdaYzZkWnhjYVMtUjB1TFo3VDc1Q3BIYk9wVnIyaUdIRXczVUxnRlEybXVsVnI5WllYclBkbS14bkx1TkJUUnBHb2tSVXlpaUhXT3hFX0I5ZGFqUkpYaVp6akoyMGluRWdLeWllbElMVWlkU1JwLTlsUlB3aldhUURRdUpnak16UWRFOEc?oc=5&hl=en-US&gl=US&ceid=US:en,greenpeace.org,0.4404
News Wrap: Luis Rubiales suspended as FIFA investigates his World Cup conduct - PBS,2023-08-26 07:00:00,https://news.google.com/rss/articles/CBMirwFBVV95cUxPYlpORGhTWFhnaTRIaThLMVFMX0V4NUFrbG94N0tTaU94MGlUMzdPR1R4RTVySnJZT2tQVTRMaWp3MlFkaTBySHFQbnZISE1HX0doOENSdXM5OFo2RFBldV82RGo0THAzcjFuVUg1ei1KVUZoM3lOMTBoWEhjQ0RoRDJQSTA1UFpJbk9QbFpzZ0xxcHAySFdjUVIyMENMYkkyLU1QWGxfT1ZMSkxiSEI4?oc=5&hl=en-US&gl=US&ceid=US:en,PBS,-0.4767
BWNS launches a dedicated video section - Bahá’í World News Service,2023-08-24 07:00:00,https://news.google.com/rss/articles/CBMibkFVX3lxTE9fTXY4YjR5cVIwcWhmM1hfOFNSOTBfTjhCbk1kVlNfWG13ZkFyME9RV3FkS1JKXzd3TjJKeG5Xb2RHUzVoS09YX3Y0S3RObi12Mm5LaU1yZ3AycjRNRzZDMmpteVc1SHZWdGk1NEdn?oc=5&hl=en-US&gl=US&ceid=US:en,Bahá’í World News Service,0.4588
The BBC is under scrutiny. Here’s what research tells about its role in the UK - reutersinstitute.politics.ox.ac.uk,2023-08-17 07:00:00,https://news.google.com/rss/articles/CBMirwFBVV95cUxOOUlyR2F2dG9DUW14bEJDZzAxUWo5RDRrNDBFMG0wS2ZTR2I5SmRuV2ZJUVRJY1IwNDdaSkN6WnV5ZzBKZEZpYTF1eXJQanZiMUNVVXk1UnFxTjRwYi14VGJqcGMzZlVQRDJUUWdod2QwWmJsbDZJU3RhbXg2aHMyd0Z1VXFqNWJLN19NRS1DbTZiMUllVmN2Nk5jVnNPVGpIeXJkOHViSWpFSkZXazVZ?oc=5&hl=en-US&gl=US&ceid=US:en,reutersinstitute.politics.ox.ac.uk,0.0
Cleveland Clinic Named to Honor Roll of US News & World Report’s 2023-24 Best Hospital Rankings - Cleveland Clinic Newsroom,2023-08-01 07:00:00,https://news.google.com/rss/articles/CBMi1wFBVV95cUxOZW12MVR0UlBmNmtUc2QwWEdnNi1XNjVkcUp3Q2NyOXd4Z19YNzlLeUM3UlVCbV9jNUc0SzNDVXhVdVkwLUFDdnU5SU9vcUJEWjRCbGFjYnBoZnFMZTNVRm04ei0wZkZEQ1VxQ29BTTFsc1RraXlvVFRxUno0Qi1MMHR3VVBLZWUtWnBSMVdLUmVyM2pSQUxjSVB5MXY2azJOcW1vc3k0bFVDakZZcWtGN2plbEZXX2NBRDREUS0ycUZXWnQyUFVqR1BvaUFwOGVlSS1Ra3ppOA?oc=5&hl=en-US&gl=US&ceid=US:en,Cleveland Clinic Newsroom,0.8126
Opioid overdose - World Health Organization (WHO),2023-08-29 07:00:00,https://news.google.com/rss/articles/CBMickFVX3lxTFAxZ1lEQlhqeEY3VUozMW1OSEQycnpHb2h0TjNBV1B1djZ5ZnFScWJFbm02dHVEemN1amFQeXN2UHJSRjZBRzhsT3h1ZG5sekhhd3Z5NUJjZ0JrSnp4ZU5TS1F6NTJsQjgtU1ltY3R2QUtCUQ?oc=5&hl=en-US&gl=US&ceid=US:en,World Health Organization (WHO),0.0
Capitol riots timeline: What happened on 6 January 2021? - BBC,2023-08-01 07:00:00,https://news.google.com/rss/articles/CBMiXkFVX3lxTE1ad1pyd3JNWlpDenRuODc3RllQUmZncUJoYWs2UkZzeHYzOWVuUldEcGRQTm5VTnFma3huV281VFhCSlZQZlJBa284bWNQdjVPd1hMMFZUdnhRRFFTWGfSAWNBVV95cUxOR28tRzFrQzhyaFFoLUVOdmVCZFBMN1BoQjF3aTJpNXh2eVBwWDFOZGtzd1VqMnd4VHhidVBNcnFLTlI3aW51SzZUc25nOG0wdUZCV1J6VC1ab0VEZzUzaHJhbFU?oc=5&hl=en-US&gl=US&ceid=US:en,BBC,-0.5106
How misinformation on social media has changed news - PIRG,2023-08-14 07:00:00,https://news.google.com/rss/articles/CBMickFVX3lxTE5nY2xLbk9XQVl3ZXpwUWF0d3FfZzRESDh5XzB4Z0VOWGFzQVpqWVZmaGVkcTJ3STY5anNLeENLdFZLOUgtMXQyRzZBU3NtcWJORjZKaWFfbmJZNDJJSklsRkNaNzRGTDRDUXp5UVlxUHFxUQ?oc=5&hl=en-US&gl=US&ceid=US:en,PIRG,-0.3182
The Underwater World - National Centers for Environmental Information (NCEI) (.gov),2023-08-03 07:00:00,https://news.google.com/rss/articles/CBMid0FVX3lxTE13SHJEeF81aGZRaFg4bnVwelgzZUYxWkNjQm9OdXprR3pueFpCMEZXSGE2Y2x5dDBuZElvaG1JTXpNRjNXNVJzcHJhd0o4RzNTRWRPSkNMQXF2aVFEaUtaVDY5SkZsekNIS0JYVm1feXp3ck1yUXBJ?oc=5&hl=en-US&gl=US&ceid=US:en,National Centers for Environmental Information (NCEI) (.gov),0.0
How Are Colleges Ranked? - The Jed Foundation,2023-08-15 19:46:14,https://news.google.com/rss/articles/CBMia0FVX3lxTE1pbC1za1JrWGY0cDRzYjR2clE5ZjgyRXRjbmJwRVlVSnRkZklDRWYxM24teEV3TlJlb1lhaGU3Z2tkWlhPdFVSaEFWS19YbEo5Ry14NTh0Y2ZPQXlfRF9vTmZIb01oR3lTbkZF?oc=5&hl=en-US&gl=US&ceid=US:en,The Jed Foundation,0.0
Lehigh Valley Hospital Orthopedic Care Nationally Ranked by U.S. News & World Report - Lehigh Valley Health Network,2023-08-01 07:00:00,https://news.google.com/rss/articles/CBMipgFBVV95cUxQbHFYUGNkc0wxTUN4cEc5U1BsQmlUd093M2pHNzFUZ25aMlpBMWFTTmRYZDcwUjNGV3hSM1hJRG15ZDUzYlUzUUhDMTFWR0d5b05oMENlNGI2RFJyZDNNdnRUdHB2Sk9sZWFBQlVFSDFtcWJFWVN4bEJITWZpTWVPTVo3MlhQYWJjQTdUVWRGbG1wY3laNmRQV3B4ekFmUVZnM2R4S2N3?oc=5&hl=en-US&gl=US&ceid=US:en,Lehigh Valley Health Network,0.4939
Germany media guide - BBC,2023-08-28 07:00:00,https://news.google.com/rss/articles/CBMiWkFVX3lxTE9SV0lrQXZVX3cxU3V6TmRiaVBBek10WGFoWUw0RzhqZjZ0b1FoZTcya3o0YVlWcnZ4ZDFRTU9FX01KSHozVER3a1ZnUklnNG1STkhObFBBVHN3UdIBX0FVX3lxTE5RdmpXU3BHamF2ZG1YelpzeGY4NV96eDFYanktUm9BdUwySkFWTnBqVkpKSWlfVTBWbDZNSW81dm5NSkJSRGRzdklMVERHZ3NOV0pJU3B3WHhfLVlwelNZ?oc=5&hl=en-US&gl=US&ceid=US:en,BBC,0.0
Blindness and vision impairment - World Health Organization (WHO),2023-08-10 07:00:00,https://news.google.com/rss/articles/CBMihwFBVV95cUxQeDlhNDdxMHc1T0Z0RmpieWh6YUQ1emd5SVYtcDlyNWYyaWR2NzZ5djdxd0dsbVpCdVpfMm5JZU14YVdGS3lBYzgwUmJZTlJXbnZPaG9VTmtsTTZ4cThNdUFOYjNLTzFYSk9hWmctVGVfaXZwYTl1Mm5LamtJbXpiN3E3WTFqazg?oc=5&hl=en-US&gl=US&ceid=US:en,World Health Organization (WHO),0.25
Spain media guide - BBC,2023-08-28 07:00:00,https://news.google.com/rss/articles/CBMiWkFVX3lxTE5aaThCT1I2bVBVQjF1bUw4TEl5SkszSUJzRDZENk9IUlExU3JpdVVCTG9kWEdiQTRLeUttQ1VBblpwRUxwZmllTXNra3ZTREV1RmVGRkpMaUVSUdIBX0FVX3lxTFBhc3AxVFllOGpDT0I4bkJjSDBiSE5BbGR5QUNIVXVaXzhacVRrY2pQclBzZ05lbFc5c2loZ1M5NU1pQV9QVnJrLVpMN196SkhLUmtlYnFtUFlWNnRtZUJB?oc=5&hl=en-US&gl=US&ceid=US:en,BBC,0.0
The science behind the Fukushima waste water release - BBC,2023-08-25 07:00:00,https://news.google.com/rss/articles/CBMiV0FVX3lxTE95WlBCMTZ6MHItUWZVZ0tKREVETU1YaGZhb2Jnc2FRaEVmQ3NCUjZsNjZ4ZFp3WU9RZndPUUdMNDBMT0lic180bnZGako4OE9QUl9oUG42b9IBXEFVX3lxTFAybjdGUVdKS0g2WE8ybFhxTnM3b2lkdTBZYXZjZlA2RG11Sk96RDBqVEtVVlpiRjVkVmNTSldKMEFpRGNTZlVzdTRvbk1PWU9ESzJucXhhRVgyT1lo?oc=5&hl=en-US&gl=US&ceid=US:en,BBC,-0.4215
Spain country profile - BBC,2023-08-21 07:00:00,https://news.google.com/rss/articles/CBMiWkFVX3lxTE9YRklqRVFubEtjZlJFU3VLYlFacVc0ODhhWXpoQ193SXZ0bjJaMml2Z3NDTURDeUVWUjBQNnRNaTB0LWRhUGxkV09HRTdLQkxVNlAxOGFRTUktd9IBX0FVX3lxTE5NRWxURzhobmxyNWk4QnRsMVdiZmptUmJ1YkJaR2RwbEV2UFhIa0NpaU5iREJTODRoVFhjV2ozVkxYSjdZRkZZbGRrTDF4b2tQWGJnd2pjZG9PYjE0ZW5j?oc=5&hl=en-US&gl=US&ceid=US:en,BBC,0.0
Bahrain country profile - BBC,2023-08-21 07:00:00,https://news.google.com/rss/articles/CBMiYEFVX3lxTE5pU01fc284dE5Tb0RlT0FCcGlBUmdFaEhLbVdnY1ZLOHNuZ0o5blpQN1B6S0c1MzNfZHdBa2FlTUwxOXlKeGNPSTVzVnIyU294QV93bVVJWnNpb25yMWZCLdIBZkFVX3lxTE9MYVdWS3hyZUhQNTNjWURDOHFHZnlhMENSYlhSU2dpZURjQkxGQ1dfNFdmMFQxNWhiVzRYc3pVallHTzdtX29VYXJ4dUpoM19Fdm4tVmRIWG1ZVXNGZ2tGZjZmZ0Qtdw?oc=5&hl=en-US&gl=US&ceid=US:en,BBC,0.0
Gabon coup: The latest in a series of military takeovers on the continent - BBC,2023-08-30 07:00:00,https://news.google.com/rss/articles/CBMiWkFVX3lxTE95d3FCak1iMmNPcVZPVlVHWXZ5bTJ0dU54MW9jV3MtZERiNkZBeHlhTHRzZXhnd1BFemlmdU9BUDFYNHFDZmtESXpxZnVlSDFQMnJEUG1fMHFzQdIBX0FVX3lxTFBRenV3WFp0TTkwYTl1b2dyVlV0Zk1rbmVMcWtvS095LWpIUldZc09FX0RhLTF3ZWg4YVdVelg2a3pWdGxiOXFLTUxRb2dtdDcybUtoTmVETmhzTUlTVE1R?oc=5&hl=en-US&gl=US&ceid=US:en,BBC,0.0
Cuba media guide - BBC,2023-08-29 07:00:00,https://news.google.com/rss/articles/CBMiY0FVX3lxTE01enVheG9KYzNzWFZPOFY3a3E4b1dQaVpaTFlhTDZ3UWM1d2dWZjNRdEZIWFRTSjFiRU1mQnRjQVRMZ0VWNUw5VXFFbU8yTUtQTGVFel9BSUdGZC1ieXFaZEZxQdIBaEFVX3lxTE1wUTVybTNYSmZLUmZ6Y01OeVIzRVluVFFkVUxjMjVJMzFQZVFZb3VpZFE2YnQyYWtVcF9QTE96RGJ5RlhESEo5QTgzNUJJMVU4M1FjMDZTbGotXzBNOExwdTFrNW14b0dF?oc=5&hl=en-US&gl=US&ceid=US:en,BBC,0.0
Northwestern Hospitals Rank Among the Best by U.S. News & World Report - Northwestern University,2023-08-01 07:00:00,https://news.google.com/rss/articles/CBMiugFBVV95cUxPdVU2RHhEMGlHNm1vU0I0ZGVMVzZMYUxWMzVjMkx1WnRxeU9vUUt1MFNDQlloUnE3WWd6NTR6c0J4UUNWRy1JYWlkaXdmRkEyZUh6TDU3WnBGamotYkZfNlpsVU8yTVgxdXFVN1VkeTJ5RUs5RzRkNDhqTjB2NU1iZmVoYzd0S0RJTHBHY0U4bEJXQjFzX21PSmdIRU9CQUhsTjdIcXpWS0VPd3R4WG5pZHBfMF9vQkUzblE?oc=5&hl=en-US&gl=US&ceid=US:en,Northwestern University,0.6369
China country profile - BBC,2023-08-25 07:00:00,https://news.google.com/rss/articles/CBMiYkFVX3lxTE5UYnNBMUx6TmowRlVSZnY4SmxqSVlYbGtzQ2FWQ1lISUdYaEJHUXhEWWVxYmMtQmpWYVBzY0x1eU9jTTJ3ejlzaGZOa3dwWEpCOTRqTmpTZUU5RjBiSFJhZnJR0gFnQVVfeXFMT2xZRXcxV25ucVdLY3lNbWdNZUkzUDIyRXgzNXRMTU5HUjd6ZUFjaW9CdzloVlVuNlpia1h6dlRsMlpjeEx0SldiWG9wQ3pnTXlmNWRnc2R1UTNFdTg0QnNuZHVyRVJURQ?oc=5&hl=en-US&gl=US&ceid=US:en,BBC,0.0
Diverse media landscape: How the world consumes news - YouGov,2023-08-11 07:00:00,https://news.google.com/rss/articles/CBMimAFBVV95cUxNbU5BV3dVdkFrSmxHbkU3UURZOUhUMUp4ZkVYamlhQ2VUZi1zcnl6Q0U1MmhGcy1TRXdwNnAxZmM3UXZKRzNFOElqOXUtbUsyaGhOWUxhUmE3Q19JbTdWam5hUXZGdEZIdGdYYkNrWC04M2ZKUHA4ZXVKSVE0SEVTWHRpRU9reDFjbkdFRDM5VnpQS0xWWDJiZA?oc=5&hl=en-US&gl=US&ceid=US:en,YouGov,0.0
The New York Times and Open AI: Newspaper copyright in the age of chatbots - Northeastern Global News,2023-08-18 07:00:00,https://news.google.com/rss/articles/CBMid0FVX3lxTE5GNFJJUHNndlJ6OTd6N0RCUnFwTFkxTE1YRENuM1BiZ1lMblRnQjBhZ1RCS3BfbGh1VE1BLTRJaE5mVFVhZDZzbkxwZXdDQVRVS2k0S2NBSF9GUkRDSF94dWhsUmFna2hzWkRadlBhOFBrckhVenlF?oc=5&hl=en-US&gl=US&ceid=US:en,Northeastern Global News,0.0
Explained: The 1.5 C climate benchmark - MIT News,2023-08-27 07:00:00,https://news.google.com/rss/articles/CBMihAFBVV95cUxOb3l4UE9KYWRjZG9CS0V1QXJfek9JWEtpUmZNMm1xMjZEQ1VnZlRkMUdQa2U3S1U3TVBKUkNNRk5mM0UzaU5POEFWZUNQd0kyUUt1REhNVG55YXBQMldkcnlhSmhkSHhYMUx1T0ZEWFhKc01ieDRRS25faERDRDhzcmVsMkQ?oc=5&hl=en-US&gl=US&ceid=US:en,MIT News,0.0
Cambodia country profile - BBC,2023-08-22 07:00:00,https://news.google.com/rss/articles/CBMiYkFVX3lxTFA5R3U1SmJwd2tjZmpISHVMOE5VWC1ZVE9aU0djeUJoQ0Y5Y1o1OFlUa1h1RS1Vd2dCWHRNbXFMUzN2WnhWN2RtU044S3I5X1U0MmRuemRnaXN4RzZvSG52eldR0gFnQVVfeXFMTXFFTFhLTnowV2llellDb1hkSzVDaHhLRTNucEtvYkx0QlZEM3JvUHEwSzNsSkhDWVdNRjM3aVpXV0ljRWNtUDREZ0hQektqWmJsQ0NJWVpRUVdvUnBkSThETE9MbU5Daw?oc=5&hl=en-US&gl=US&ceid=US:en,BBC,0.0
China media guide - BBC,2023-08-22 07:00:00,https://news.google.com/rss/articles/CBMiYkFVX3lxTE9SUEdBMmtDbzBrU1g4b21hZk44Qm9jbWp1bmVLRUtnRFNNNGpiSmcydHlDX3ZFWU5qX0N2NHZNeW04UHU4bXZtOWRoT2pvYlM3TUhxLUNYNkNxWHpTMmRJODNR0gFnQVVfeXFMTl9iaXVVUjhVbzZBWUZaU3oxaHR0LVE5TnNaVFQ4bU15YjdWZVhRQWgtMzJpNnpUcHdhUkhEYVY4UENpNk95eFZta3dtRHVXSnZweXRWUDZBQTV4clh2eUpDYkZMY2Npaw?oc=5&hl=en-US&gl=US&ceid=US:en,BBC,0.0
Do you avoid the news? You’re in growing company. - The Washington Post,2023-08-01 07:00:00,https://news.google.com/rss/articles/CBMiekFVX3lxTE9PUE1pTmxVZ3hvMnBUV3E3cGJvYlcxOElncl9yOXBTWi16aE5fblYzVnNPWENnOGVOWEo1OEljNlJYZS1jWjE0aVA2YXdLa0dISTUzUGhVMUozOVZIYjZLRlA0MHU2REZtOFNtdDRTeWt3Rmp3VlZJTnhn?oc=5&hl=en-US&gl=US&ceid=US:en,The Washington Post,-0.128
Coronavirus disease (COVID-19) - World Health Organization (WHO),2023-08-09 07:00:00,https://news.google.com/rss/articles/CBMihgFBVV95cUxOM0k4dk1ibzhUQ2sxSzdjR2NkRmxnU0RfUHkwb0cwSG1Hd0hjWTV0Ukp6SU9mTDlZd2cwbDRFZHBEeEtvUHFabTFHQ1BpcndrYjZNdlpBWFRaSUo2NDN0T3FNdEVPODZheklnMDJjZUE3T2tDSjZTTXNyRmxaVUlFVkl2OFhmQQ?oc=5&hl=en-US&gl=US&ceid=US:en,World Health Organization (WHO),0.0
Dartmouth Hitchcock Medical Center named New Hampshire's Best Hospital for 2023-24 by U.S. News & World Report - dartmouth-hitchcock.org,2023-08-01 07:00:00,https://news.google.com/rss/articles/CBMi2wFBVV95cUxOMkVFYksta182dG9ONXc2LXVlVlpFRWtWLThpVjJ6alM3OTh5a0dfMS1vZjhBQm4yZ3lvY0VkaGNlZlJ6cGc1XzJjZEQ0LVlPa0Y1WmFDOWtNTFNJMUF4LVk2OHVacXZkeTEtYWZybHR3bWFORTNMWm1TRnRhaG11ZURkcS1GWFQ2YU9LOXNzRndMWF9GSUp3ajdqaU5xX0RLUjhlamVSNVRmWS1uVXFzWEVJMTdhcUlQSThucVF4UXpaTXV2bWF3RkR5VHk3dFhLNEt4amNEcW1hN1k?oc=5&hl=en-US&gl=US&ceid=US:en,dartmouth-hitchcock.org,0.6369
Turkey media guide - BBC,2023-08-22 07:00:00,https://news.google.com/rss/articles/CBMiWkFVX3lxTE80dEkyQXFTcG9sRk9WTzJ1c1RfRGpZanRKWkYtUG5VUGlkc2lQTFlINFVnRWJqcTc0SzN4VTc5NDVRV09hV29ZRWtxSWVWNW5KYzRpRVJrRjh3UdIBX0FVX3lxTFA0dks0b2tPMFhrWUZYcDBnVlpZc2I2U0FvbHd5WmcyRUpkNUs2Tjc3aFpySWtreGlRbDV1VkJhTUZQUGREZTg3TTJSUzN6NFRHSTVwRDVLenJtSzV1bWVn?oc=5&hl=en-US&gl=US&ceid=US:en,BBC,0.0
Trump says he will be arrested on Thursday in Georgia election case - BBC,2023-08-22 07:00:00,https://news.google.com/rss/articles/CBMiXkFVX3lxTFAwUTFxd3hKOHFOMWdGdWVadjhzNGZWRURBWXdvQUJsWVIzMXc5SldmNzV2M2ZYNl90ZTRkcEg4MnAzaENsZFlMWXZjYUdyaVhjSmFpTFpOb09ndjhzVVHSAWNBVV95cUxQdDRVRnQybUdYSzlIVm1LeXVDclpwZ1RtRXZZcC1YSWtsYXg5YVdOeHMtMWg5Y1BMSWNFTFZJVTBaLU5ZUEI3Znc3SkdYbkFJVm1sVmpYT0tfWTdpeXJXMWpmNEU?oc=5&hl=en-US&gl=US&ceid=US:en,BBC,-0.4767
"Cronkite professor researches media coverage of World Trade Center Cough Syndrome before, after COVID-19 pandemic - ASU Cronkite School",2023-08-21 07:00:00,https://news.google.com/rss/articles/CBMi4gFBVV95cUxQSXZsUnExWTUydm5MLU00eEoxNUFaNXIzZC0tOUxJQWtOUW9mLVZCY1JUZE9kRHpfb1RleHNFelphM2J1M1RpNlhOSmdxUVJwZV9nUUkyZUFKTW1BWFNjYkxRXzctNkIxcFRfemdiVTB5SE0zTlgxSG43YmcxMmQ1QTJBLWxQUlVsWnJIeHpuRDBTTTFsYVo3N2F5TjAtTks2Yy1XSnJxSS1nUHgwZnFLMVkyT3VLLVZjQzBlcVN3amNPTlFFZUZ3NElNQW9BVW16NnZPTC1Ybk5uNHZwdmlINk5R?oc=5&hl=en-US&gl=US&ceid=US:en,ASU Cronkite School,0.0
Fukushima disaster: What happened at the nuclear plant? - BBC,2023-08-23 07:00:00,https://news.google.com/rss/articles/CBMiV0FVX3lxTE1IN0JzVDNwX1NzOUpva0dPd0dHMmt5Q2s5XzFjTE1td2Y0UFRPazdqSjJNOHBIYkxBZFhZcDBZNm5ZdkJJN3NneE1ITlBQWFlEWmVXdGtYY9IBXEFVX3lxTE5rVDZfb252dk4tel92Z3pwRTFEbXkwU1dQSHNpZWRScjBETTFGNUY1cHF1WEFfMFJrQ1YzUU5Oa3BNUVhhanZSTjBPaG9GTXZSSndrdXpjZDY5TXJ1?oc=5&hl=en-US&gl=US&ceid=US:en,BBC,-0.6249
Zimbabwe country profile - BBC,2023-08-30 07:00:00,https://news.google.com/rss/articles/CBMiWkFVX3lxTFBTbzNUaXdwNU5kVWFNMEhpRzNCTkM3WlctVUNnMzEwLWlZQnNUSlZwU21KZ2h0VkREc3FKMmFVRnJvS2I3UEpJZWFLczdwOGpmUlJTdGVBSEFEUdIBX0FVX3lxTE5FelJ0VHNJRF9yWEFOYkl0YmFPeXR0TVFRVUh3SVl6ZHVXTHNYR1ZrVkF5TTZtazF5VXZSUHBzVHNYN2w0YzBnZXdkaFptTVdzYVBnNGluNjI1blgtc0w0?oc=5&hl=en-US&gl=US&ceid=US:en,BBC,0.0
U.S. News & World Report again names AdventHealth Orlando top hospital in Metro Orlando - AdventHealth,2023-08-01 07:00:00,https://news.google.com/rss/articles/CBMitAFBVV95cUxOX0R5ZGd5WGhaekVpQmp2WlQxM253Y2ZZaUk3OU9PVExnTXQ4XzcyWDBGZ09hMnFoQV96N3ZuRkhaS1c2OS1CX0NwWmdKZDBReVlyQWRGQTBMcURUMTJ3dFg3OUxsM2JqUDFFUmVFLW9WX0tfVDVLZTQ4dTNDZU5EZzlsZzJaWXk3VzNrMkZpRkd4ckgycjM4ZFBjUHhDamYwVi1hMldqYW9BLVdId1RpQTVNdUM?oc=5&hl=en-US&gl=US&ceid=US:en,AdventHealth,0.2023
Fukushima: What are the concerns over waste water release? - BBC,2023-08-24 07:00:00,https://news.google.com/rss/articles/CBMiV0FVX3lxTE05alY3bW5CSVBhbkZhcEN3TzdfdlhYZ1Z4cFRnRzlHN19rdmczNkhkTk9zWmhDRlIzRGJnbUhBLVdvY2k1ZnloOTdIYXJSX0pHVGZNYlV2a9IBXEFVX3lxTFBSSzVmeFJyMVB6U3I5TGhTUjR2M0dOMGhhdXFNM25BVGxFU3ZJYVR5SUxfOWNHakdUV3NfMTlEOFBya1hKZDBEZl9aS1VOYnEzOEVyV256OW42a01o?oc=5&hl=en-US&gl=US&ceid=US:en,BBC,-0.4215
"U.S. News and World Report's ""Best Hospitals"" Recognizes NYC Health + Hospitals for its Outstanding Care - NYC Health + Hospitals",2023-08-16 07:00:00,https://news.google.com/rss/articles/CBMi4wFBVV95cUxOcXFyeXVOc1JYTDVmNTZYdGpjNU9xRTdBT1p2Vm9CZVdwdzJXZUYxYjl3Qmlmb1lwOUNHeWtYRFhsdXFCRThiS0lvVzJHSEdfNk9jZnJfX1RteVR2MzdSTHV5cU4xSldfek81dFZ6cGRGTDNEcTFBSXJta3BNVldpN1ZlNTJTdk5wY2haUzl1a3pxclpVWEVYUDVmRkQ0b2kxbnpuMkRQNVdLRVIxMDdBRWIyLXVYTGdweHktai1pWV9LWER6dVJiajl2N1ZMc0NtZ3cwUHlPZk9EdkRZUTk2ZzVwbw?oc=5&hl=en-US&gl=US&ceid=US:en,NYC Health + Hospitals,0.9081
Katty Kay: Why bad news is good news for Trump - for now - BBC,2023-08-21 07:00:00,https://news.google.com/rss/articles/CBMiXkFVX3lxTFA3YzNyTHJTMkIzX01kR3RocEtpZHVvSk44Mm95c3BraUV5UGhxSmFtTFhWc0diQ2FNc3RIbFQzM3RuRkhsNGEyOE45TDV2eUM3bm1UWHBzZnFmQkZOVEHSAWNBVV95cUxQQVpQT2xZdlVLWmNzdGNSUFB5NTR4RUIxYkRUcDBad3UwcnRrNl9fenFZYVZTbEFueFNQVXUxQ29EYzZGbGU2X1FLVm12Q0dJbXhLSXo2NVl3aTdIYTJkeHlOVEU?oc=5&hl=en-US&gl=US&ceid=US:en,BBC,-0.1531
Turkey country profile - BBC,2023-08-22 07:00:00,https://news.google.com/rss/articles/CBMiWkFVX3lxTFA2OTdGekhPRmtENlZiS0FneXJMdmZBZWtrekdDWXFDUG5PM1B4TWtsX3JYQ3BOeXhhMjZFdU5JbWFabkRFeDh2ZUxrRW9ZRWxGSThfM0dNdkV0d9IBX0FVX3lxTE5Xa2ZXNjIwN1VDZDk2amxvYU1jcjZVYnZqNzMzeWNyZ0JlMjYxWUFGTmpEUUR4aXNxeHloeGFmci15RjlkeGxmUDRGVEVubHI2R2o2VUcwVmJGRnduS0FZ?oc=5&hl=en-US&gl=US&ceid=US:en,BBC,0.0
Ukraine war: The men who don't want to fight - BBC,2023-08-21 07:00:00,https://news.google.com/rss/articles/CBMiWkFVX3lxTFBMZ3Zuc29kZzZzUk45UW5zNU1Zcno3M2dPaS14YU9oaVJmNGtBUUg1OHJaS3oxOGhSeUw1QVFfcGFYN0JpZ1Jva3dzVUlDR0N1OWhQM1dKM0d4Z9IBX0FVX3lxTE1mdndpQTBQZDM0MGVvRXRMNjgtWm04ejVacGZ2aDBqUms4cnJ1TmNJdWxVVGNBdV9TRkVEX01RWjljNmM3Wmc3U3ZXS3FDTTNFbjRMWHdkRjh6aHRnQzZj?oc=5&hl=en-US&gl=US&ceid=US:en,BBC,-0.4475
Chechnya profile - BBC,2023-08-28 07:00:00,https://news.google.com/rss/articles/CBMiWkFVX3lxTE9feVNqVjJYd0pDZ09tQXdMZkdxelNkNzROemllNUM5UU5hcV96WnVHZUFIbVRMQW00NE53WEtoczlOeXJDSXhvU0ZCRWFiLWdVSG9rNlVNcEZJZ9IBX0FVX3lxTE1ORE5QajJZakRZcFlMNFQ4b1p0VWRMLVd4cnY3eFhrTGlsc05hZWZYWnR3MmdheUdqNzJZSE0zR3JJaTl4ek5VQ0xaMnZ3UE1tOENybEExRi02ekVtcGNB?oc=5&hl=en-US&gl=US&ceid=US:en,BBC,0.0
U.S. News & World Report Names Winchester Medical Center Among Best in Virginia - Valley Health,2023-08-01 07:00:00,https://news.google.com/rss/articles/CBMioAFBVV95cUxPVmxKS1VNb0hkdl9IZ3JPQVQxdVR0Z1ZHaXRNZnZXc3JKTzRJUW5FQUh1S0RlclM2S3FvNGs4WUYzbnpRbjl5dngtSmNXYnBsdU5reVdZaHo0eWlXRW50VmRmNnprb1g5Ul9RSC1aOGg0QmpYeXpYU2pyWC1oejVRMGExVFVaamx0ZENadEZUZ1R1MkxmWmJBZTBTVjB4SjN4?oc=5&hl=en-US&gl=US&ceid=US:en,Valley Health,0.6369
U.S. News & World Report Names Great Falls Hospital Among Best Hospitals 2023-2024 as High Performing for Hip Replacements - Great Falls Clinic,2023-08-22 07:00:00,https://news.google.com/rss/articles/CBMi2AFBVV95cUxPMVdpbzVFOFlvMWJiWUhGVHNMcWJzU3F2ZXoyU0QwVHRVdm4xT0RWSVhhOVhSM3NyQ0c1bC1kTXBuaE1ueElVMkh5UmMxeF9sOG9KSGM3QTBVLWJ6bnBkLTZ0dFVSZlJBNi05RjUwV3NVaEtZcUo2YzljblRpc0k0ZmpETFdFZS14eVZJRDdTQnl2anRQN28wN1VCcFg1MF9FYjdEbElETWFkMW1VUzRnNlRVUzZsalU5a2Y2UnktQ0tILW5NVThhWjQ0VGpMOS03LVRmTHk3Y0U?oc=5&hl=en-US&gl=US&ceid=US:en,Great Falls Clinic,0.9246
U.S. News & World Report names Loma Linda University Medical Center among best in the region - Loma Linda University,2023-08-01 07:00:00,https://news.google.com/rss/articles/CBMitgFBVV95cUxPaTBUdGdmMzhpMVc3RkdxZDZlR0RTUHd5NHRISmxvSkVHcU9rbHZZVDdZZXlSbGFWTk44TkF3ZWJUa3poZVZscXIzRXpuaVRwa1lIZVJpazIybFpHYm9EZ2pJYXFyM1RLeEZfNlJxbHFIYWhFaFl5aGN5S2V4Vmd4dVNtNmVXSU51UG9EcGRlQ1F1UHhVUjAxdmNCZzdzQWY3Ui1hZGtxUjZCY1JFaWExQmJWSzFEQQ?oc=5&hl=en-US&gl=US&ceid=US:en,Loma Linda University,0.6369
"Technology Continues to Evolve the World of Nursing - The University of Maryland, Baltimore",2023-08-23 07:00:00,https://news.google.com/rss/articles/CBMisgFBVV95cUxQbHIxMVhMVl9tYjhWMU1uUzFZdkRyZnNuc21za2RmeTdEN09ObTNOV1lNd1FELVk4V1NTZXNVdjdkeTFFQ29fQkxVWkpTRUY5dFhCdjJBUWFORWRqUk02WTBXU2s2bC1nN1JNX2hOd2h2NF9kTlU4Q1JsZ2FMSG45SmZ5NkR6TDlOVWk2MXcyQm5meUxZbG9vM2hsNDJ3bG91bWVjSkdEa0I4Q2h3a1dIZ0lR?oc=5&hl=en-US&gl=US&ceid=US:en,"The University of Maryland, Baltimore",0.0
Catalonia profile - BBC,2023-08-21 07:00:00,https://news.google.com/rss/articles/CBMiWkFVX3lxTFBtZ2JsTXNoLW9TaVpqUGVDSTFUZmtGVFZYNlpsUHFmdXc5WFpENmZCVlZna2t5WEd5OFpzc2ZhX1ItUnh0bFNOSHZVbWljQWRKamdoTzhGS3VmQdIBX0FVX3lxTFBIei13UlJ6RkFTZGZlNEFyMVBLdzBjcDNJQ0FmZkRyT3pydVR0STVZSE4tZ1UwUElaWVJPM21kMU5hdDZGdVhHTGVCSmxzYlVTb0VHUnQ4WnIxcWRKbXdV?oc=5&hl=en-US&gl=US&ceid=US:en,BBC,0.0
Multiple sclerosis - World Health Organization (WHO),2023-08-07 07:00:00,https://news.google.com/rss/articles/CBMidkFVX3lxTE9yQmR5OXpZaUVoOVF2TWNmYWFXMVdUcUJ4RDdLWERxN250T1Noc0tNS1RYTXF6YldxZlVqNkwwWHRKUGwwRFNUQlAxUlNwS2hhWWxEeXhvTXp4bG11cVhPMkk5bHZmLXNsRG0zcmo0U0ROQURvVWc?oc=5&hl=en-US&gl=US&ceid=US:en,World Health Organization (WHO),0.0
U.S. News & World Report Names Hartford Hospital Best in Region - Hartford Hospital,2023-08-02 07:00:00,https://news.google.com/rss/articles/CBMilAFBVV95cUxPbHFaSEVWTFRfWEM3SUlhZ0xnQk1tbzA3WGhxblE0b0JVOERmLUJ4N3pCYWxRTjB0TmFWZUJaTDZBajhwRTRSRW1BVHdpRmFadTh5TXdGZ2c3bi1fRXllTUVGVTRVVEF4VS1qaVJmQUhjbEVZRDloLVBCOVk0SjY3LWJKRXRQdzdmOENoWmFIU1dpcnVC?oc=5&hl=en-US&gl=US&ceid=US:en,Hartford Hospital,0.6369
"U.S. News & World Report ranks Cleveland Clinic top in US for cardiology, heart surgery - Healio",2023-08-01 07:00:00,https://news.google.com/rss/articles/CBMiygFBVV95cUxQMVdhUnFMalloRGVtNWNJUDRkVFlpQ3RXdUdzUDBQX2Nfbml4NjlJVlNTQ180Qk55ekZFLVpHdUtudmRNdkZabXFJMDg2ZmtWUUp1WkphRTJSSkU3Q0hhczR1Y3B1QUxHS3oxMl9icVp4bmRwMkFYTjZScm1CY3dqaVhFZ192LTFQZTZ6NFZqSVdtbUNpeDdDeWtYeDVXNmZ2NGxGTGlMbmFaZl9HdUlIR1NhdVhIT0p4VnZRTzFfRk5rdWJzU3ZjRlJB?oc=5&hl=en-US&gl=US&ceid=US:en,Healio,0.2023
Stress in College Students: What to Know - U.S. News & World Report,2023-08-14 07:00:00,https://news.google.com/rss/articles/CBMimwFBVV95cUxPM1JDNGRUSnNuaFJRSXF6WEpoaEp4V0lCVldEZUprdF9HSTBWb1NpMkkzekhZcTVuZ0ZmQ3lqd1FPbVFHd2E0WFR1WU1tdDJ2anRTd2t2MUU5ckRueVd1N1VmWmdBWDZxNU9CTTBkQ0xkdU5YMmszY0tfcVdMdFJjVmg2UkRCeFI2emcwZzJQRDlyQUpNeUNtOGdZYw?oc=5&hl=en-US&gl=US&ceid=US:en,U.S. News & World Report,-0.4215
Rise of the Angry Earth Announcement - newworld.com,2023-08-30 07:00:00,https://news.google.com/rss/articles/CBMiiAFBVV95cUxNWU9OMndEZHZFaDMwREFsMXQ3WWxFN1Yxc2VhcmtLOVNNcENYVWhIVVRsc3hyX3lMbnRFSVRQRU5ORm1KcEtHUVJscFJoX1NpQlNVNFo1ZDVOTFh5VXpEa1owdVNWbUx3a1lid2g2dkFqM3FQb0cwRGxwRzVORXRxNEY1bFd5cUdw?oc=5&hl=en-US&gl=US&ceid=US:en,newworld.com,-0.5106
Central African Republic country profile - BBC,2023-08-22 07:00:00,https://news.google.com/rss/articles/CBMiWkFVX3lxTE1RRS1Yd1JhTk5fYnVpb0RzMFlaZ3p0ZnVEQW9UcHBrNGttUURndDVSUkxhLW8wQmtsRWdsdmZnT3l2X21FOHMtbGZDZkJ4cTVCaDROZWdhRGhaQdIBX0FVX3lxTFAyX2lJMUkycDlfRWJKODZnLUdDM25nMFlkVTFKNmJSN250UGx2V3A2eFI4Qm9Ibk56UmMydmg0V2UwUG80TVl5QTIySzRvRF9JdlhLMk1EQ21rZlVUTVNr?oc=5&hl=en-US&gl=US&ceid=US:en,BBC,0.0
Traditional medicine has a long history of contributing to conventional medicine and continues to hold promise - World Health Organization (WHO),2023-08-10 07:00:00,https://news.google.com/rss/articles/CBMi9gFBVV95cUxPVVBFa0dzTER6amdrSllKUzhNanR6a2paOUJ2SzV5RTJVVjRzNU40T2FjcVFjNHNvQ2JLa3FfNS1HX3pyZVo4TFAzcUhoZnhXVHJzaVFxem1INHhlbFBkVjY0dGJzMnJBUTREWnpMblhVMlRDM0l4YWZNbTFfbjI2LU13c2VfakpoTlRZYXZveHFhZFVkbnFpcXhkZG9iUGNRM3FrOGpzWjRJMF9uaWg4U1ItbzBKaUVleHVkWkc1TGRWc0dZN2phMGVyS0g5VWQ2Z2paaTBLZG9TOXlyckVDTFVkRnpNdWpfNlhOQlZoRGhlQ0Zyc2c?oc=5&hl=en-US&gl=US&ceid=US:en,World Health Organization (WHO),0.3182
Daily Global News Program “The World” Reaches Record Number of North American Public Media Stations - Podnews,2023-08-15 07:00:00,https://news.google.com/rss/articles/CBMia0FVX3lxTFAtMG53X2U3dHFSdE5kRDlGQWU2cG9ic1lTNF9kby1pZF9EbDBnTi1OWjRSZ2d4cjBSU1ZVVmFEMXJhQ1JMa1c1Q1E5RmVzUXJuVGRibTk4V0VtUXFUaVFQZ2o4Q1hxODFYaUhr?oc=5&hl=en-US&gl=US&ceid=US:en,Podnews,0.128
Torrance Memorial Advances in the U.S. News & World Report Rankings and is the Top 3% Hospital in California Again! - Torrance Memorial Medical Center,2023-08-01 07:00:00,https://news.google.com/rss/articles/CBMiuAFBVV95cUxOTVo3NTRVdURxNl9RTUl0TGtJWmIxbFBmNlBOQWJwRTNBcXRBZkYyRDhKNmhISFNJYUFTR1RNLVpsX3had2lBX3NrSkkxZ2EtaVgxM3dlS1V3cGQ5ZU1lTmRzbG5KTG9raTF5c2lmZW5QYWdCM0pYTkkxQkpBVFRFamJIb0NUY0MzWlctWkFnbkd1clJNSFZLZFN1emNaY0hvZzlGMjBldjl5OVJSRGtkM2FzMjBlb25L?oc=5&hl=en-US&gl=US&ceid=US:en,Torrance Memorial Medical Center,0.2714
Top hospitals ranked by U.S. News & World Report - Mass General Brigham,2023-08-01 07:00:00,https://news.google.com/rss/articles/CBMimwFBVV95cUxPZjlnbzYzZ3RIWXRSa0x5WURaR0ExZ01DcmxiSXAwNk1TSXhTWVJsU09QS0JfclFBT2cwcE9NRHoxc2JLei1FOC14Sm9qajhwR2R4WXp5UV9mOFVvcTByZGYyRFM0bkN5NGx3Q255T2RWNG1wLU9aRVJCcVlXZ1BuNEN1U3VuT3BDV1JpdU51cmUzNmJIZ0xQZVZ4UQ?oc=5&hl=en-US&gl=US&ceid=US:en,Mass General Brigham,0.2023
Gallium and germanium: What China’s new move in microchip war means for world - BBC,2023-08-01 07:00:00,https://news.google.com/rss/articles/CBMiVEFVX3lxTE14aXRWLUwwdVBvWFBqdTB2TFpwOFVTSU9QZ19zai1fdWE5MHdYTlN1SlV1cml0aTBDSi1TR3V6QXNaTUc2VC1VbzBUTGpBSzh6b25qZNIBWkFVX3lxTFBycm5Nc2VVMFNIdHRFYlJmWm1OS2JxN1pURlE3OGFjaEVHQzF0U2RXeWtaMFdPU0REQWNCZEZUUFlGc3loYUp4U1hvT2g4UEFfZ0UwVEIxbGZpQQ?oc=5&hl=en-US&gl=US&ceid=US:en,BBC,-0.5994
Fiji country profile - BBC,2023-08-23 07:00:00,https://news.google.com/rss/articles/CBMiYkFVX3lxTE5BV21OeWJseXRrNGk1akhWeGNFQ2xWT0NRT3J0WnRDaWFMLWxkb290eDRVNm4yR1B6NFFMRnloSnRsUlQ3aXZpNllQWTlGZzh5Q1hrTUhVM09LejlfMU9TNnF30gFnQVVfeXFMTjlJVHc1UUpMWXNHNlZqeEk1b0NlZFM3WkpacUVZaTZGUjl4aVlveWFKYjZqVTFuSHNhd3pYM3VJVm5wQVlOb0dWaFlISW5BRnNMZktFV19pLVBhNWMwYl9rUWo5R0JmRQ?oc=5&hl=en-US&gl=US&ceid=US:en,BBC,0.0
Cuba country profile - BBC,2023-08-29 07:00:00,https://news.google.com/rss/articles/CBMiY0FVX3lxTE9oQUxKaHZEVXpYT0d3SDYwVEZEbWwxWTBFRm9fMHI2emtHbnNBd3RyUC1lMUhVVnY1ekU4djhIcWstREdYWkp1aWVaQ18ybDdKUGtUbzllSGhnT3JzS29DYWJLUdIBaEFVX3lxTE9pRUVsNjJyei1RWnBOdjJDVVRLeTZ6LVp6WGNnM1hSTDVSdWxORmc4ZDJWS25lMkMxdlkzZUtOd2lmMGZxNVp5NXFCcVdJWlRzc0pzazFVaUM0QzBKUkZDajUtaGw0MkRp?oc=5&hl=en-US&gl=US&ceid=US:en,BBC,0.0
"News: NATO ships train alongside world’s largest aircraft carrier, 17-Aug.-2023 - NATO - Homepage",2023-08-17 07:00:00,https://news.google.com/rss/articles/CBMid0FVX3lxTE0yUFRzd0I0QkR6WGNjOEhWU0FFM1hVdzF5ZDNhZlV0NVFEZlVoWFR0eTVUQUR3aTVkNDZZcXJocU5pYkVTNlJYSXhnLWotWDZCRUZqNEwtcDRIQktSUGM4TkJXNU5PNXhOS1NZLUNueVNqVXB4Nk5r?oc=5&hl=en-US&gl=US&ceid=US:en,NATO - Homepage,0.0
MrBeast: How the world's biggest YouTuber made his millions - BBC,2023-08-05 07:00:00,https://news.google.com/rss/articles/CBMiV0FVX3lxTFBFT050c01YLUlERFpPLV8zbGtPa2NHREdUVGduOE5Id1VmbjQtdmlYcGZ2ZzB1SkRIdmNQUHNxMlRBMXptN1ZpdGs5TjVZOTRNODNOa0NnMNIBXEFVX3lxTE9FU01aTkpXQldRRS1GRjNTdy02QXlvTGJiLXNzYXJZT3d2cUpCdkx4SzA2YksyRzFJSlVwNHU5STAyOG1fZlJTb1I5YUN5cnpNM0NlLXdsNmJ2Tkhm?oc=5&hl=en-US&gl=US&ceid=US:en,BBC,0.0
Mayo Clinic ranked No. 1 hospital in Arizona by U.S. News & World Report - Mayo Clinic News Network,2023-08-01 07:00:00,https://news.google.com/rss/articles/CBMitgFBVV95cUxNR0Mxa1RveVY4U3l0WDh4UEVWWlN3c1o2dHRJRkNqckhZdlM1NG00WmI1Vk1PLWhxbzhyRzFDaUQtdWV0QWlVdFVHMVlXTnJMdFFoMlFqQWJ1RThBNjBVWVljZnd6Uld3LVNuY21aOFliTFFUNGtMQUR2MzdkQ19wSjdjeEVwUDZvaGdIeUI3REtCbWFBVmpPc2syRTZDYV9vMmRrdzlJYTN6SUJTdTBleVhpMXdZZw?oc=5&hl=en-US&gl=US&ceid=US:en,Mayo Clinic News Network,-0.296
Niger coup: Is France to blame for instability in West Africa? - BBC,2023-08-05 07:00:00,https://news.google.com/rss/articles/CBMiWkFVX3lxTFBRR3Vpb1FDMmIyMnBaSEg1RVFxRzJrZE53WWc4ZlZ4WU4tRElLVlE0TVBpYi05Ny1CZVZVVGV3ZkkyRXVUOGxLVFludEwySFpMY1k4T3Z2Q2JNUdIBX0FVX3lxTFBNVGpQVmJuY1BJSERFNFZVTGY5T1NSYlctWFhGVUFmWUdkNTRfYWE2Z3B2bzVSa2xOZEJ0SlVBdTBpOXJMTnE4LUdJdy1OV1Fyb2tUazZ4MFd4S1JGMTFv?oc=5&hl=en-US&gl=US&ceid=US:en,BBC,-0.34
Joint statement by UNICEF Executive Director and WHO Director-General on the occasion of World Breastfeeding Week - World Health Organization (WHO),2023-08-01 07:00:00,https://news.google.com/rss/articles/CBMiqgJBVV95cUxQNmFtZkI0bF96emVXTThaTzh2Z3dJbHRwcGVPRTJZMG5oUkx2ejZLV1k5TTVpTFAxZXpnSXNfMnZzMUllYnJkMENwa093b2xkdWtTOVpFdU9tWjJyNnktaEM1MjBjaEQ1MkFyUmM1aWpxWEZMaDJhUkVweUNTY1JtVTgyYmo0ZnpDYldReW5oQ2dnUGNBcUtDMW1uSGhRSkJfY0IzWWpPbWE0YnpoNnJUWEtrR28yZlZsek9RRHhKdGhHZktLR0hMd0tRUWotXzVkc09IVmNaZXktXzdMUXdSYnVWZlhPaWhsRnRkX29kVHlhU3pSSGVJYVM3TG9wSk0yMEo1UUF0Wm81cUtLNmFJTHZ5UV84Q1R6dEhGSE9FTkM0aXZGemNrbWJR?oc=5&hl=en-US&gl=US&ceid=US:en,World Health Organization (WHO),0.0
New plan aims at 31% rise in international students by 2027 - University World News,2023-08-18 07:00:00,https://news.google.com/rss/articles/CBMid0FVX3lxTE52UGFyV2FzWDV1aGVvWjA1ZU1vZlhKcmFvWGlqN3hnUjNVSHd6WWozM3JpZWpxMjlNaU95OG9NUExGUEg2Y2pWTzhTTGdHN0JIV2xXOFd1SVFOdFpSVkk0TEhINjNqbDFVWU5IZkh5d0c4MVNOdXdV?oc=5&hl=en-US&gl=US&ceid=US:en,University World News,0.0
Women in Afghanistan: From almost everywhere to almost nowhere - UN Women,2023-08-15 07:00:00,https://news.google.com/rss/articles/CBMiwAFBVV95cUxPN1FhTzV0eHRsRHhlaUF6WGVONGgtNXZnSVJpUUd4UEVyNE1oOWNVbDhkT2cyQ2pYNnV1SVVxeVJ5RlJfWjh6SXB1RU1rZ1h0cXhjbE1GVDVfQXdWdW9DSUpBY1d2c3NxUm5rZ2MxSmpvVnNvc0JhdE1RdG0wOWFNOWNqUDBMSlJtbW1kU1ZndHB1QU1sa25SQ2taeFllLU9BczdESnB6NmR1ajltQlZSenZIU0pxckFoSzRnd3UyOFY?oc=5&hl=en-US&gl=US&ceid=US:en,UN Women,0.0
Does it matter how much the United States reduces its carbon dioxide emissions if China doesn’t do the same? - Climate.gov Home,2023-08-30 07:00:00,https://news.google.com/rss/articles/CBMiwAFBVV95cUxQVHhBVGo2MU1IcHhzdU83OUhGalhHUHh5aERETk9nb05qWGpHS3A5WEk0bTE0VTFuQ0xLb2s1TGRNTDZwVnYzQTBKaTk2eFpiOTBOakdROFU5dTNWeDNPRVdZdm9kazZYeUFrZnhwSnpTSWVDVkR4ZHREd2pyRlZDWEtGdWc3c1lQSm56SmFvTDFsN05MR1lLams2Y2h6OXdOck1LMjBrdWJJbDYzZEtmSlVTZlBpVGZLOE1taGN5V2w?oc=5&hl=en-US&gl=US&ceid=US:en,Climate.gov Home,0.4404
U.S. News & World Report again names AdventHealth Daytona Beach as the top hospital in Deltona-Daytona Beach - AdventHealth,2023-08-01 07:00:00,https://news.google.com/rss/articles/CBMixwFBVV95cUxPWHgycThvcXJsQkJ2WHJ0MFc3aS1jeGgwWG1FaWFDSk9xZ1dfVURVR2lTODBld3pUSFFkWjBZdy0zZUhtLWtvemxOd3pOZ3ZfM2M4THRxRmY1NWFqaHRJVnVXanpNMTRGRi1VLUdfZ1hIaUhlclo2ekJFM1U3Q3F5dDljeGNvc2hMOXdtMHpibXJVOTJUTTFGMWxvdFdxWkpwUjRSbXlPdFlyZng5dkJmWWp5VEVsb283c2tmU2xJUnBxWFdGRW1R?oc=5&hl=en-US&gl=US&ceid=US:en,AdventHealth,0.2023
New Zealand country profile - BBC,2023-08-22 07:00:00,https://news.google.com/rss/articles/CBMiYkFVX3lxTFBvUEF4dW9FZi1UWmdBeUo4cFdiQktfendjNmZhQ3JXUjB3Ynd0bE5uZ2FWQVNyVGY2Z1JuQ1FlREdabkljSy1oeV9yTm5KWkRGdjFzNGFBQUtpY0I4Zmt2RXJn0gFnQVVfeXFMTjRlcHJEZTFUeXZiTHdrZnBsV0hlOE1LVTJGNS1uUWdteEdvNWlQZjNVR09OZzhEWXdNeDhGamIyalFZbWRGYWU4RVFMVlBiWXZscWx3ekIzaDJoV0ZDM010ZXdnRS1sUQ?oc=5&hl=en-US&gl=US&ceid=US:en,BBC,0.0
'Dying by the dozens every day' - Ukraine losses climb - BBC,2023-08-28 07:00:00,https://news.google.com/rss/articles/CBMiWkFVX3lxTE5oNHZ4NENVdGdReHZNSkszaWR1b29EMmZKTkdvRWFNMUpTcmo4RWpHSlJQNXc2dE9vX0tBeFZucl9OR1cxRUdBRmVUc1ZZdmQ5ajdFdEk0a0Nwd9IBX0FVX3lxTE9RRlhfQU5OMmhMcXU5WC1DNkVTVDN2TVl1a0ttclVzTjNPaHYwQ2hwRnQtMUM4XzluWXpVX0c3R3JRbmgxQlM3S0NqdHdYelM2MVV5ZEMwZHUzSEpOUXZZ?oc=5&hl=en-US&gl=US&ceid=US:en,BBC,-0.4019
China’s summer of climate destruction - BBC,2023-08-27 07:00:00,https://news.google.com/rss/articles/CBMiX0FVX3lxTFBNc3k3R1VvTmFxUEhaakFhWEFQaFJmM3h1N3VuR3ZYNTZHakM1SGtzejc3Rl92akJmdE5XMkJqa3BQYlpyQU5aSnExTE5pY1FZMXZwa0J6UERMeUNDXzgw0gFkQVVfeXFMTkVkNDh0UDNpUzZxN0FFVDNTN2E3QndPY29tM2Y2MjF1RExqUEFQTFpyZ09hSHkwLU92c0RoaHExbC1nVkFnd2NLN1V5QUxhTjZOUzNzbVU3ZzY3Q0ZhRElVbGZ1cA?oc=5&hl=en-US&gl=US&ceid=US:en,BBC,-0.5719
Department of Medicine Ranks in US News & World Report for 2023-2024 - Stanford University,2023-08-02 07:00:00,https://news.google.com/rss/articles/CBMirgFBVV95cUxPSWRNMnEwMUU4dV82T1BGYnFUa05idWpNTS1vTUNrY2ZQT3AyQWZjR3RBZ1JiMEVfSFJESng0MTdUX1hsMHVuVEpjQVZ1ci10eG9tTWl2TEpQemRGRjBiWmV5MHZObXNOWWc5TlpNeHFMS3l1aS0xY3BUM0ItcFo2ZTJsblYxQTVBYXZuM2lQbEQ4a29pb2dDcFZWaHJDYkxMTTI2Nk9hOThGMkthcWc?oc=5&hl=en-US&gl=US&ceid=US:en,Stanford University,0.0
U.S. News ranks UC Davis Medical Center among nation’s best - University of California - Davis Health,2023-08-01 07:00:00,https://news.google.com/rss/articles/CBMiqgFBVV95cUxQYmk2bGhkczVlN0w2VFFDck95NDlBc20xMDV2VkllNVh6eGRrNzVzUmpZeUhNNzdEa0MteHdxblhFRnRRbU9GcDJXT040amlPM2NZTl9xMndJQnV3VmZOdDU0M1dtNFBqclhSWE9uS0pfNjZuOVhLc1hNYVVhdFVtckpUaUtrTVNGUkVOc3lmRTAyak1XY2hxZmN2S0FTZHREU2xKZzF0Y1pQdw?oc=5&hl=en-US&gl=US&ceid=US:en,University of California - Davis Health,0.6369
U.S. News & World Report Recognizes Kettering Health Main Campus as High Performing in Six Areas - Kettering Health,2023-08-01 07:00:00,https://news.google.com/rss/articles/CBMivwFBVV95cUxQUUlDVEV6S2l1VE9kSWJQTXMxX0lIRjFXTzRlMllROW9WVzMzMnpWc2ZBNVExOHFXTmtDMXp4Ynd0anF5NWlJQW5QSHdsZkpkeXpaSVJ6bjZvQ3N5WmYzVlFfaEZjbGVPZWhEdF9GclBNVzZvSnFMM0w5N2lTUzlhVE02bE9mWkVmRllEc2p0RXJvc2RXWkxHMnJkaXdhWG5wUHl6ZllSdWYzUmdZYWttVzhCT24tRFVwUk8xcHVNQQ?oc=5&hl=en-US&gl=US&ceid=US:en,Kettering Health,0.0
Mayo Clinic ranked No. 1 hospital in Florida by U.S. News & World Report - Mayo Clinic News Network,2023-08-01 07:00:00,https://news.google.com/rss/articles/CBMiuAFBVV95cUxPck9DeEkwdmw5TFVFSVoyWXd0Z09wY29TSFlKQmttQmlaVVZtdE9Zek4zMFdCRld2dkliWHFhX0F6OVFBZFdhaHFreHRtc0FOV3o5YWMzSE9aWXBfamZnV0hGaDVfR3VueWtHUWROenVkQUd1UEIxOUM3VFNFbF81QUNqTlA1YzJ2T3dXYXpyQnZTdHExOWZ3MVhkU01wV3kzM1JPRXNBdXZzR0otS29XREk4TzZtWm5m?oc=5&hl=en-US&gl=US&ceid=US:en,Mayo Clinic News Network,-0.296
U.S. News & World Report ranks Dallas ISD schools best in Texas - Dallas Independent School District,2023-08-29 07:00:00,https://news.google.com/rss/articles/CBMiowFBVV95cUxQNkNGN0tYT3dXaWxYa0Y2UjNuRkFZeG1ZcWtZRDhzRHQyZnlrN1dpcmJKQ240ZnZZNmU4RnczRVZDTDMyejJrSFd0MlY5UjJrREU0X25mSlBJa3ZBZTZUXzRmeE41aENXczFsMDV3RmxnVklMcFBaaUJDOFpxaEZsZXp5Yy1sVXBjTm5mZkVYQWJ4aUVRTC1wWkpobXduNHhUMllB0gGoAUFVX3lxTFBnRW9SYWlPWkR0Z0NFS0gyVkNTUllIQ3hCZzZtX2tjN3hrRFpiRHpWcHV0X2d4dWdHZVNJT2xfTjFwVng1YmZydGFSWHNZTlE5bk9KUU9za2pvYmpWaURzNXhTU3g1QUFZUHNFODZBUWlzTlJvRVMwRjhfSHF0SUs5dndoMUFSeFhHeHlMemdnVFdmelpqcEFUczNfRE95QnpQNEpTcHFJYQ?oc=5&hl=en-US&gl=US&ceid=US:en,Dallas Independent School District,0.6369
Brics summit: Is a new bloc emerging to rival US leadership? - BBC,2023-08-24 07:00:00,https://news.google.com/rss/articles/CBMiWkFVX3lxTE85Q1hTbGQ4LUx1V3A1V203cVhzR0I2SXdvZC1Xa1dYakJ2dmtNenl5TmxTMU84WnRJU1ExMVNuTnJMZzZ2bnlCSnJxbzVicGxmYjhZUWRBb3lrd9IBX0FVX3lxTE80M09EOTZvWjhsQV9uV1YwWmZrbHkyUWozeE1qT09XdjZiY19XNzVnd3FBMXZyMGFtQ2pmdE15Mm1icXpIcXNBdmVhSWlwdW9UVExyU0JXYmF4T3ZUdUhn?oc=5&hl=en-US&gl=US&ceid=US:en,BBC,0.0
Ukraine Gains New Momentum as Russian Threats Expand - U.S. News & World Report,2023-08-16 07:00:00,https://news.google.com/rss/articles/CBMiswFBVV95cUxOY0NtZ3Fqd1ExMjI1Q1JpUzhmRkJsWEZMRWtqcEUyQ3JKNV9aNGdSNW5QSjRHYWdFUndmV1EzUGVBVDhmX3pRbmZwYmxVM01MYk55UWtOSktINmxRbHdNaGpvczhReHU0VEUweWJ4d0NocGRkUFNkVnhzZ3JQTjloMkJmWXlwUVpyNjhYUVN3dVVkRlpicmN4aGxnbXRaeFJsSkdBWFdvcUJBYllnSHNGZWljSQ?oc=5&hl=en-US&gl=US&ceid=US:en,U.S. News & World Report,0.2263
Autonomous innovations in an uncertain world - MIT News,2023-08-30 07:00:00,https://news.google.com/rss/articles/CBMiigFBVV95cUxPVFN2dWNZaGFZVXJ6aHQ0UFlaSWNJS3NiU2hCRXZGZkdwaDVFUVh1eEFfNU9JcVBLQTN1THVlazFVTTNyNU9waGZwNzdIVzJoOVZISlN0Z3ZHdndKbzNrVjdiWHlGVGpCaF9QNGdpekJfU0t0VHZiQ09naTVkOFFoQW9rakdlZG9PbXc?oc=5&hl=en-US&gl=US&ceid=US:en,MIT News,-0.296
Live worm found in Australian woman's brain in world first - BBC,2023-08-29 07:00:00,https://news.google.com/rss/articles/CBMiXkFVX3lxTE9kTXpzWU5SRG9jMnEwOGd1Z3NCRlVZMlZ0OFNqR19pWHpTeDNSb3BpMmZvWW9PdFQ3ZVpXMzRHQU0yajFMN21EaDVIcjdzRndkZEV2QXJYUHYtQXhuVXfSAWNBVV95cUxPWEFOQjhxN0xGSFRBVjZoaURfWXg3c1MxUEViNVBKWHZjZ3NZMHVGMmZiUWEwTHdGMzhSZHFMbjlOaU4yUmtwSURqbE9kMmNiYXprbW5jdURaTnJzSzI5TzVOb1k?oc=5&hl=en-US&gl=US&ceid=US:en,BBC,0.0
Creating A Cyber Secure World: John Barker ‘23 - Virginia Military Institute,2023-08-03 07:00:00,https://news.google.com/rss/articles/CBMilAFBVV95cUxOcnJTZFJSSHgxUl9JeTIxTUlQdk5hTlpuVUI4MG5YTWQxcnhfQnExTGxqLURhb01OY25uWnFOYUZBN29YTFkzN2pKY3hOMWlNQjZlRXA1TVNxZzJobW1RUjMxVGJZSzlfNERwS3J3Y0pIcW9iWFIyYW5mWldyYmV0bEhyOGFHWW53dFJ0Zkk2MW40Z1Rt?oc=5&hl=en-US&gl=US&ceid=US:en,Virginia Military Institute,0.5574
"WHO convenes first high-level global summit on traditional medicine to explore evidence base, opportunities to accelerate health for all - World Health Organization (WHO)",2023-08-10 07:00:00,https://news.google.com/rss/articles/CBMiiAJBVV95cUxOX1RxY3V1dEJlME1fMlpTNVBHajA0N0hZV2JUaVM1T01iZldITnV4cmpTZ0c3UE0zeC1zelg2UjBURjZiM1RkQWlmc3kwY1hPbVFwb1UyUklkcGU4U1hsT0xaSGhGMWZRZ25LVDlZN3FRTmVFZEpBWUQ2OE5FTnpZMlAtRUd6bUpYMGluY0JXdEdqblRJTmVLZFZQS3NPemkzYnpMZ0s2c3U3QXp3UDRtaEhRZVdDYjk2cGhxV2N3Q2c2cmFnRmhwalBTcDFmTF9CQzUxUmtWS1Z6bllNd3EzMkFVd3BPanZJc2pKYUFFZ1ZfMmhsMDVDTTFaelZKNW1mb0dsVUhJS2I?oc=5&hl=en-US&gl=US&ceid=US:en,World Health Organization (WHO),0.3818
Wagner chief Yevgeny Prigozhin presumed dead after Russia plane crash - BBC,2023-08-23 07:00:00,https://news.google.com/rss/articles/CBMiWkFVX3lxTE43MENNQ3VWMGlLUV9QTW9xa3ZvQ1dPcHlXS1pWSGdCLTlURmgxUzJ1SkNRNEtyQk5Bd1pqcVlDcE1QVHVkaF9UTUZwWkt4RXBlalJZeXVoZ0wzZ9IBX0FVX3lxTE03Sk1NYldDak0zanJUTFBDQWp6ZUMzMWRQVkNuNHBmcE5GX2VUVlM4UXNTNExGcXJ0ZXl6SktxcUY0c1Jkbl8zcEVwWTlyT2Z0Vm1wNzc1MHZpaWJqR1hn?oc=5&hl=en-US&gl=US&ceid=US:en,BBC,-0.7906
Antigua and Barbuda country profile - BBC,2023-08-25 07:00:00,https://news.google.com/rss/articles/CBMiY0FVX3lxTE8xR21wTFdaUnVDQ0Ntb0F6X2VURFZlMnVwQVg1RXdIcWZvUnZRR3RQZ1V6dmZ4bUotOWcyOXU0VmJQTnJQam9Ud3pPTDRvYndsSDlwTENGVk5NVTQ3R1Uyd191Z9IBaEFVX3lxTE56Y1NPM0tUcTdwTF9HX0FVaGVoQWRhcE5lZFlWRFhfRFNfQnIzMWtYaWJyWm95Nk5GSFdWQ0lYSFhpR1RnVW14RHFTcnNxdExaR3Zib3ZvSUdrRTZOSlpncmFUX1NidkI1?oc=5&hl=en-US&gl=US&ceid=US:en,BBC,0.0
"U.S. News & World Report names Orlando Health hospitals among the nation’s top 50 hospitals for Cardiology, Heart & Vascular Surgery - Orlando Health",2023-08-01 07:00:00,https://news.google.com/rss/articles/CBMizAFBVV95cUxNSl91MUdTdEhIemZCdldDSE8yTWdnUmlPUFNZM29TUmotNUlHQWdkMDdKZldGTjdVVFRjNnhLU2tKU1pRc3gzc05EQ1ZzUnpYNkFSNnJxSlVBWUt3TVU2NGVCQ29pTFB6ZlprX2djM1AtNDEyWmFMMzNKOG9GWDZFQUlDd2Y5WUlYWTZUdm1rdmNXbW9qanNQZnZIWUl5dVR1bkowS21jMml1UVFEOExIZlg4ZWtSakxlTFVZRHBPb2NoODBhd1Z2WkdGVk8?oc=5&hl=en-US&gl=US&ceid=US:en,Orlando Health,0.2023
WHO launches a new Global Initiative on Digital Health supported by the G20 Presidency - World Health Organization (WHO),2023-08-19 07:00:00,https://news.google.com/rss/articles/CBMivwFBVV95cUxOb0xNRlhUcDl1X1dVZlFoUEVfbHc1SUlhRzlxa2hCd2ZtTDRtNGwwdXZtT0R4c3NnS18yNF84VWZNUmxWTlFlNzFGeDRKcWotSU1yQmVVZngyNkZ4UXp6ODlkd2U3NGFzQ3JOQ1I1d3JncGNnUnVxU1BkdDRtd3NMekMtSGpLbDdvQlFSWWhJNUpWdjhpRlVWNGhoMGxhaHZ2YWl3ZEo4NjcwNkwyaTJBcE9GZDJnbFZfMVowNkkzcw?oc=5&hl=en-US&gl=US&ceid=US:en,World Health Organization (WHO),0.3182
How did the world react to India’s ‘historic’ moon landing? - Al Jazeera,2023-08-23 07:00:00,https://news.google.com/rss/articles/CBMinAFBVV95cUxQN1pJOGFral94TThzS2JzNlJfeWtQMWI5YUhuc1o0a3JJMDZ1VXM4eVhJUmxxZU9aeEljYU1NWmxGMWJCNm5wdF9hS0x1eEQ0ajhtdGRCQ21wVWY0aTRhTGRDWWNGTFlNSlpDdDI1U1ZmYnRRTno2X2NOeDhvdFpOTk5Td3UwMUNhOVZkV2FlNU1na09ROTctXzNhR3jSAaIBQVVfeXFMUENBWF9PYzJNeWxES0lDZ2tWMEEzc29rQlF1SFJWaUFnOWk0c3hSdF9pRGJBM2wtNXlTRm4xalQxRjBkaTBUSHhTX1lvM21BM1hwY295QzRTQjJKa0ppSjRoMHBnWW1EN2ZuOUVzRnRGaVlQc0QxSkw4UDMxbWhWWHQzYlNlTDRNVTY2bGJnSXlLcllVTHM5UGo2MDJWQU1VY3VR?oc=5&hl=en-US&gl=US&ceid=US:en,Al Jazeera,0.0
U.S. News & World Report Names UConn a High Performer in Heart Attack and Stroke Care - UConn Today,2023-08-03 07:00:00,https://news.google.com/rss/articles/CBMitgFBVV95cUxPMy04bldWV1ROLXJNQlBpWG1uMENia24xeEo4S0Y5TWhxQTN4azllbVotaEE0aDdYUWxSRFI4dThPMnB1cGo3ZXRhbS1RT2tEMzctY3Q5OWRIWWkwajlDOFZCSFNJUFdXY1hkSXZGRGRMUDVxbnlwR0Yya0Z3UEJGSk9rclcycUc5LU9Nem1PR1lJTDdoRzFqb3ZYZUpSam5TckZ0MzlmQWlqQjlySi1tako2TUhaQQ?oc=5&hl=en-US&gl=US&ceid=US:en,UConn Today,0.0258
David Muir's incredible transformation revealed as he marks significant ABC News milestone - hellomagazine.com,2023-08-22 07:00:00,https://news.google.com/rss/articles/CBMiqAFBVV95cUxNRlFmMzdrVEY5eE16NFN5THM2dkw5WFYxQWpyTTZwX0FUX0dudGw1dlF1Ums4eHIxaEdNV19qUHU3NktRYWItZlRMQnlWb003a2pSay1ZZVBFX2dzTlNJSnI2X18wR19ZUkxCcDRWU0c5bzBCLTFhUVFEVXowUGJtNVhEZEY4RnlWQ3RsbW9uMnFjVnJLNXdVZHZDc3dLczB2TTNRY05BNXnSAbcBQVVfeXFMTi1ScXc4d1YtcU9ZRV8zSFlzdU9mUFB1X2tvQ08xM19ubWhySVJrR0pTOXAzUEJYT003eEZZaGdaX05LREJJX0w5UHc2b3VWTXpCNEtqdGhabTdlZlVZMDJJRjBMWnZtd0FSV0JORXNteFpUNFJ6RjJOTWwxSHBZcGZiQnpZU0diRTZ6a0d5RndkYU9yT2dVMzZJMlhrTnl0bTVLRndvN3ZzVHQ4ZW56QUZhZ21kQmpn?oc=5&hl=en-US&gl=US&ceid=US:en,hellomagazine.com,0.2023
Approval sought for second large Polish nuclear power plant - World Nuclear News,2023-08-17 07:00:00,https://news.google.com/rss/articles/CBMimgFBVV95cUxQSzh3cmk3VFVWOHFzZkpYOGhQcHdFdFkyLTc4WG5vbVBfajU3eUtKTzB6eVlTVzRZRkdfMldxZnV5MEtHR0d4bGxUUkhOQ1RzSlphR05QRDA5MjJxQ0F2NXUxWXloNkZZOHlubmgyNF9SWXhmYkp6UXo4djRENjZ4NXUwR0VRbzZJRkRsc2t0dExBcHNZNUJRWnRR?oc=5&hl=en-US&gl=US&ceid=US:en,World Nuclear News,0.4767
Atrium Health Earns Multiple U.S. News & World Report Honors - Atrium Health,2023-08-01 07:00:00,https://news.google.com/rss/articles/CBMirAFBVV95cUxNeXpSWlVPTmpZZE8wTzJqdmZyVlNJY1UwMGM1Z2tzMXVBbkk1QmtwS0xEUjRfVFpPdHNnWEowTzNoVWJobnF4ZkdhdDJiMHJfV2o0QzBrcnk4VkFWclNGY3AzV1JabjloT3YwbTEtaEEzVkZGSk1rVkhhLTdnWEEyOF9oM2xwUnVYcjc5R0dlbjE5UjI1NXp3bmg5SGdtSVBZVnQ0bWJIMkh0N0JV?oc=5&hl=en-US&gl=US&ceid=US:en,Atrium Health,0.5106
Trump replaces top Georgia lawyer ahead of surrender - KOMU 8,2023-08-24 07:00:00,https://news.google.com/rss/articles/CBMi1wFBVV95cUxNNGx5MkhabWVQeWtKTlZwc1VEM3U0OTJVZ0dIY1dVRi1heW5zV0RzQlFYbXMxVFZ0MzhxdXVRZUNZcDBlVU1LQzh5YXp6bW0wU1lwSm9GdU9WYk9icVg5c2NpaGx3d0hFb1FQTmZ6V3lXS2dVVDRvT1VWOUFWRThuTV9XZUJlV3ZvdkE4TlZPR2N6RmZaNFY3Yk8zYUFsMU5KQW9YRVVlUDVWeE8yNnNXcVp4M1pMaW1ZdEVkeERDekpWUFd3bWtqU0I2YWdTck9wOFdsOTZNUdIB3AFBVV95cUxQRE1PVGRTZF9VUUZlTHZEblVqZ0ZuVFNyQ3ZnWVM1aUV3WDhpeFB0VkRiMGVxdlVON0RNZ056eU9QNnVLdnBVWmU0QjVfTGJBYlRwUHhQN3J6eTNaNEpUa2pGYjJWTUkyN2xDa25yOWFtQjVEa19TcElrdWtvb2JCemNYQjlwSEV3Qk9GaUdqczBLSl9SQzJuQTdMU1RCMDlyM01sVl9ycFlaMjdpelpwMzljNHQwUEFtU1hDXzdmV25mUFBURUk0MkNNdHZ4eTVkLUVVSFUxVDBNdXdJ?oc=5&hl=en-US&gl=US&ceid=US:en,KOMU 8,0.2023
"‘Swiftonomics,’ or the smart business choices Taylor Swift makes that affect the U.S. economy - Northeastern Global News",2023-08-11 07:00:00,https://news.google.com/rss/articles/CBMieEFVX3lxTE53Yjc3Sk93ZjVoZ1NycHFENnlCeTIxc3dNSlVaNFZKQTNfeDB3YWVxQWJyblVpNEYxWGlGTWxJRkhmdFNzME82OWNUaHlqX2NZYkJKZGtuTFhwSjZyM1IzNFNqVk5VN1ZnZTVzZGZCZ0F2aW5wWDBZaQ?oc=5&hl=en-US&gl=US&ceid=US:en,Northeastern Global News,0.5423
Latvia country profile - BBC,2023-08-22 07:00:00,https://news.google.com/rss/articles/CBMiWkFVX3lxTE0xTk92UVQxQkdKUFZ6NnRMaDFjZkZEX2xUcDY3WkJhcnJWVDJ1YlNsdmYzanVEMk9iOWNUc2FWQXlBT0xpTXJMVHZSU3RwV1lpTE4wMGlzVWxMUdIBX0FVX3lxTFBZYjMxVERlQTQ5LXlDdkZvNjF0OHpJWFZNcGdhOFVRNUo1QWxRQkhWVE1TS0NMRU5nQjVMbGY1TUFSVFFFLVBfbEJydEFudkthU0pLdmxBa2hUZFBpcFZJ?oc=5&hl=en-US&gl=US&ceid=US:en,BBC,0.0
"WellSpan hospitals named ""High Performing"" by U.S. News & World Report - WellSpan Health",2023-08-01 07:00:00,https://news.google.com/rss/articles/CBMiW0FVX3lxTE9KdVdVdDdVQ2xaU2Vabld1aFdteVVsS3RWRGI1SW9TejJneEg4R2MxZm1qZThuZkxKYWFMWUszYVBOY0Z1enIzSTVKbHNBVThrcU9PTTZLbTF0YzQ?oc=5&hl=en-US&gl=US&ceid=US:en,WellSpan Health,0.0
Weighing the Pros and Cons of Working While in College - U.S. News & World Report,2023-08-10 07:00:00,https://news.google.com/rss/articles/CBMiyAFBVV95cUxNdW44cldRRkFyeFRWTnRuZVJXY0dDZ0c4NEFRek1hYllYcU56UEpaU2JFclJLcnJ0ZHQ2WVNhOXZhWmRnUUtjV25qeHhsOGpURjVwbEM5TWV4YTBoUlF3N29PWnpHT05qbXBKODNka2c5ejJlZlZhX3ZsWlFhMHA0Rm9sNU5TcG9KaG1SY1NOS2xLb0h5THRSaUlkOE9vM0VPTFdsYW9OUUxURlFIVlJQTnFSZWtDbXFsTjFRQU41dkFMaTFmSF9WeQ?oc=5&hl=en-US&gl=US&ceid=US:en,U.S. News & World Report,0.0
Record shattering: Earth had its hottest July in 174 years - National Oceanic and Atmospheric Administration (.gov),2023-08-14 07:00:00,https://news.google.com/rss/articles/CBMiiwFBVV95cUxQU0xrczZtdmFqY1Q5R2tySkQwMVhSLVlTLXVVbGxURDY1emJISVVONl9XcXhtRDgyZUgteFlRSm5xU0pHOHhvakRkNEJtZURZc05VQ1NVc25mY01sbTR4Y2ptNm5UcUktNE9TNEdvWmxqc29qUVdzMUhMQlNVNFY3cFgxdDhBcGR3LWZv?oc=5&hl=en-US&gl=US&ceid=US:en,National Oceanic and Atmospheric Administration (.gov),0.0
"UAB Hospital remains the best hospital in Alabama, Birmingham metro, according to U.S. News & World Report - University of Alabama at Birmingham",2023-08-01 07:00:00,https://news.google.com/rss/articles/CBMi2gFBVV95cUxOeUR0aVU1cEV4N1NKcFFOckJMWmFTU2NOTXRHRWhwbW50OTBPaWN1bnlUR1VhM0Q1ZGV5U1ZRSnpWdlBtNzI2QTgwcE5pNDAyVk43NWJfYlFfNmJmOThkWTBwVlNwZVUtb3hJMFlTTzVZYkVxeGNHV2RIMmpfbGZEeS1ibm5KZnNWTU9WbllWMVVnVEo0TFpsS2tRWndqdUZJWjY1bjdrZFNteTlrWEdUbHJVOUtDVld2d3BZaEdfZ2UxSlZIQTVRWk5SMlVGcThoTERBNHRidmZVdw?oc=5&hl=en-US&gl=US&ceid=US:en,University of Alabama at Birmingham,0.6369
Purdue Global trustees approve renaming law school - Purdue University,2023-08-04 07:00:00,https://news.google.com/rss/articles/CBMilAFBVV95cUxPM2Q1R20tQnFFQmhKbnJRMEZCU3RiNzhwaWt3RmVfT2NQSFBsLTJwSlJfenVVeWdhYkhSRHotRG5HeFJlT2kyZ256azZ3N1pXTG9xRlZNY1FkOEF3SEdYQXlxYWFrVmxONTNfQWFuVjlySk8xN2FvOWVoenM0cFpVV1NFMC03dkVRN09kbzBUT3gtZExE?oc=5&hl=en-US&gl=US&ceid=US:en,Purdue University,0.0772
‘ABC World News Tonight’ anchor David Muir to receive 40th Cronkite Award - ASU Cronkite School,2023-09-19 07:00:00,https://news.google.com/rss/articles/CBMiqwFBVV95cUxNZWl5Tk5YdVRnQzBvS29wV3pSM3BjX1NOOFRqeXhGMGpmaGNfSmNwaDRDUHVDaHlETzlVUC1BZXp2OFR0UVFiX3lPc0V2R0VOV25uaVVOQjVxNk1EQklvZ2lvSFJQamlBT3N6VDVlNHp0VElhRmtOdlNWOExKc1NpWDUzQjRIdTRjU1BhY2ZLV3NjX2xvRDJYZ3k2Tk1Pd2ZKZGszaG11eGFsVGs?oc=5&hl=en-US&gl=US&ceid=US:en,ASU Cronkite School,0.5423
UM Continues Climb in U.S. News and World Report’s Best Colleges Rankings - University of Montevallo,2023-09-18 07:00:00,https://news.google.com/rss/articles/CBMioAFBVV95cUxQYXphLUtxQzktQWtSWER5d0loWWw5bUVXNDhveVpTOE1YMzk5TTJCb3hhZmE2NUJaUXlqcTQ1d2Z5RHZkNmJJLS1iZnFfT1hQdGR5RWN1VjBTUVVlUVRBeTZZLU1fb0JTdlFGc0w4RXJPM0hzOGlnSk56MTNER1hQTE81S2szQUt1ZHBxZFcyM0lIR0hQTUdkZVY3eEs2dmxC?oc=5&hl=en-US&gl=US&ceid=US:en,University of Montevallo,0.6369
Nick Gozik featured in U.S. News and World Report article on the benefit of studying abroad - Elon University,2023-09-11 07:00:00,https://news.google.com/rss/articles/CBMiygFBVV95cUxQcVlaRGFKOVpNSTFnQW8yQVhGRDRrSEd4MDB3N3N6cDdIQnFPdWJ6YVZ0VE52SDhaaXpxRV9obnJRN0QzLV9lMjJuRk1PQVBtVi1vX0ltX1FMdlpqM2hhLXpWMXlId3hWbTdKbGxYdmxrb0c4Z1V6cVU3T0VnaVNjaHRDT3Y0dFowc0JtdjZvT0xXWjYtQW5MS010bmtpbEhRUko3eWpaNGxRVWFtZ2MwUmVOT01OWllJT1hpMU44dFZYNzBZNVFZSmpB?oc=5&hl=en-US&gl=US&ceid=US:en,Elon University,0.4588
U.S. News Celebrates 90 Years - U.S. News & World Report,2023-09-11 07:00:00,https://news.google.com/rss/articles/CBMiW0FVX3lxTE1FYzZiVUpZWWxWazNtVFluemhZY1dFc3ZySXo0TkRZT3hfUE5tYk9KRzMtNXNTSlVEekMycmVwQjlqYml0X3U2V01BZVdBS1FsdlVRWGdzWnlVZ1E?oc=5&hl=en-US&gl=US&ceid=US:en,U.S. News & World Report,0.5719
BWNS website now features the Persian language - Bahá’í World News Service,2023-09-19 07:00:00,https://news.google.com/rss/articles/CBMihwFBVV95cUxOeDcxWDBvMkliSGs0eXVBelluMlhHT1NhaHpGU0JwQ0pPUm5KY1VURklTM2xVdVlSenAwYi1GVnNRVW1UaDhlQ2VrNjdKNWFwTWFkdFNqVGdaTWM5cGp3LXAzOUpuRk1wSWRCU2ZhdkNpSDkwSmJ2TC1yc2k2SnUzQlpJTUJidHc?oc=5&hl=en-US&gl=US&ceid=US:en,Bahá’í World News Service,0.0
"USF ranks among top 50 public universities for fifth year in a row, reaches highest overall ranking ever from U.S. News - University of South Florida",2023-09-18 07:00:00,https://news.google.com/rss/articles/CBMi5gFBVV95cUxQdlQzVXVXT2hJVFM1UDNJNURBLWpJWXVfZ0RFc1dPelJJOGNCMU5sVXZoZXI1UnR5Tm1fcXU5SmtPNWowdWsyblNjaDJOTFFscExud1dqVlRER3VyRGp0STQ2VWh6blU2b2FIWlJELWZiZV9xYXZqRXdEeGdwNFJFZlk1OTRZQWtoM21ZaVZPcVhqNTlWTGFCc1Bqd1h2cXRFdC14TUJJN2lIR3ViQmdOQmdzSTZSNVd0UWlITWxEcW1VU2NfWVVDSXI2NlNnWGpjMjYwNlNNclJKUXM3ZU5RMDE2SGo0dw?oc=5&hl=en-US&gl=US&ceid=US:en,University of South Florida,0.25
SWOSU Climbs Higher in U.S. News & World Report's 2024 Rankings - Southwestern Oklahoma State University | SWOSU,2023-09-26 07:00:00,https://news.google.com/rss/articles/CBMijAFBVV95cUxQNmxUV0RReS1UV3h3WTQ2TVdZX3ZldHlFc19pbW16MUxwY3QzOEQ1YS12QVRiX2ZTNE14MnRNN0xLNlVYaU1vUERGWEpaLUpBSTdSWXhFQ3ZZUk1FZVRoVDZVTHkxQ01GOTlKblhBeDZzT0Y3aGZjM0h6MXROcVlQU05JWWRZT2ZpdUJEbw?oc=5&hl=en-US&gl=US&ceid=US:en,Southwestern Oklahoma State University | SWOSU,0.0
Africa suffers disproportionately from climate change - World Meteorological Organization WMO,2023-09-04 07:00:00,https://news.google.com/rss/articles/CBMihwFBVV95cUxPV2YxaUhWeG8tQVRRbGliUDR2QlFlZzY2R0twcVJtN1loTmFMUTVLaTdoSlJCbFJMVEM0eDN5ak4zY3JmQnM4WEhneW8zanhMN1ZScWtOQmJ2S3I5allLTjhOZ0F4WExseGpyM2w1YlZrTW9VdFNDQmNJVmpObF9DcEo5WWNRa2M?oc=5&hl=en-US&gl=US&ceid=US:en,World Meteorological Organization WMO,-0.4767
"President Wilson, Provost Kregel discuss latest 'U.S. News & World Report' rankings - Iowa Now",2023-09-15 07:00:00,https://news.google.com/rss/articles/CBMisAFBVV95cUxPV2gtTnltMHZGYWk1MDlrRXFaUUhNSy1YbFM3M29BR1hrWXpGekI1ZjhJMlRiOHA1UG5FRnRta0NWLXBoRmhhSDhsWE9jdXIxQm9Hb05UaDJucVdiaW1meG1UM2hnTEl1WHJYVFVaQVpobWpWZ2s3OXg4bldpMlQwci1WZUpHT2hYWDdTMnZySlZXR1BENFdGeFU5QmhkbTlUZWtDcmtMWmVqTU5pejBkMA?oc=5&hl=en-US&gl=US&ceid=US:en,Iowa Now,0.0
"For 13th consecutive year, The Citadel is named #1 Public University in the South by U.S. News & World Report - The Citadel Today",2023-09-18 07:00:00,https://news.google.com/rss/articles/CBMiywFBVV95cUxQek9oQlg3NXBkUnhkY2dpY2R1SW9FbWRPYzlKazluNGhwUUFCZ3lZNF8ta19nSTJRQ2dULWhlTXZBc0tMZUx1VV9GNHpYLWc4TVROMkNSQlJMcVNPdmtpR3poQWJ3aVZyWEhOQXdBZy1ZM3B1MmdqVVg0c2ZLVWZNVk5OMmVMSEtCWmd1U1VOQ2NUcGVJVUozQ01UWlgwWm1DTjhWTDV4MUxZcHFtRTJvXzh3QXNZQXljQ3BGWDB1LTdqQlBwTHo5Z1JYWQ?oc=5&hl=en-US&gl=US&ceid=US:en,The Citadel Today,0.0
PNW Named Among 2024 Best Midwest Universities by U.S. News & World Report - Purdue University Northwest,2023-09-18 07:00:00,https://news.google.com/rss/articles/CBMilwFBVV95cUxQa1hqRFc1N0xQbmtBa2ZMdGZjU2VpcnNmVS1wWklkeTlLNDg3eWRCdk5iMDJxblZTVDU2VTh2bms5OTJCM3NZSUsyMVJHa1N3XzNmOVZ0ZGRNVFduS2EycVU2SExkcXVJaHA1Q3BjYUlZWFgwMVdFQWNPNldoZTRvMDFpRXZIQmUwaHA1d0laX01FaEQ0eHVV?oc=5&hl=en-US&gl=US&ceid=US:en,Purdue University Northwest,0.6369
Patient safety - World Health Organization (WHO),2023-09-11 07:00:00,https://news.google.com/rss/articles/CBMicEFVX3lxTFBjMWRjTDJKY0VjdjE5Vm1uT0JlSTJLanVHN0dCUHcxZnVxWFhJckY2SGJxOW9vWFNzek10dDdSU2s5RHEzM2JabDJuVE1rNk52cVpEcEVmR1ZQYUE2elVMV2dhWGVGZ1VVNjU3dlE3NWU?oc=5&hl=en-US&gl=US&ceid=US:en,World Health Organization (WHO),0.4215
Georgia Tech Soars in 2023-2024 U.S. News & World Report Best Colleges Rankings - Georgia Tech News Center,2023-09-18 07:00:00,https://news.google.com/rss/articles/CBMisgFBVV95cUxNVkpobUFTcEtWeENKMW1lbFBGZWxmN2kzWTg2WlFhbElnUFNpd3ZEMDV0aTRNbkk3RVdYa0ZCVUtkdUgxRUFsV3FNeng1Q00yaVhKN1RWSllRQUJqNmF2S3lrRG04LVEyajVHWHY2U2xUVUV1LUt0ZGY1RFJ6YUNVRDQwS09rTGprZ1ZrWlBDS2xPcnRDYTM1ZnlQcmdXWVZoTW04VDloOGhGS3hjekVGT3l3?oc=5&hl=en-US&gl=US&ceid=US:en,Georgia Tech News Center,0.6369
The quintessential ‘Public Ivy’ - W&M News,2023-09-18 07:00:00,https://news.google.com/rss/articles/CBMibkFVX3lxTFA5MkhrcWVRUi1TclJxSDNENEdCTDRnTm9SYlY4eGthc2Q4ZkJLMDBTM3R5N3J6QjFPN19nUE0wczFGdk4zVlFOMk9aTUJsQXdmZm1kZHRSeV9jS2k3ZTRfODQ5b0NqSTVNYk02Ui1R?oc=5&hl=en-US&gl=US&ceid=US:en,W&M News,0.0
TCU Ranks in U.S. News & World Report Top 100 for 14th Consecutive Year - Texas Christian University,2023-09-18 07:00:00,https://news.google.com/rss/articles/CBMiowFBVV95cUxNN3c5NkVjOGxWZTVWdVBBV2t2YlYzY29LUkJPdy1rQVJSNUtoNVJvMmhyckFJemhoTHU3ekl6dmhMY3dFcUthWDZJUEx2MEVuZ1Q2NEFjOE9CR1h6dGFPeWV0bHBuVW5maVM1Znhpcm40Nk9lLVJibVB5c2k2Yk45N2xXbEd4Z2NCUzVFNjA2eW5PYlZUUS1IcWk1a1JRcG5JM3hz?oc=5&hl=en-US&gl=US&ceid=US:en,Texas Christian University,0.2023
Binghamton reaches highest rank ever on U.S. News & World Report list - Binghamton University,2023-09-18 07:00:00,https://news.google.com/rss/articles/CBMirgFBVV95cUxOWUpjbkJaRXYyZWJCLWhDTXh0Smh1a3VxTTJOdEFuNnhpQTdsZEZubEJHU3MxTklqVlVjZ19STnJWNlFMek5WM2czcGl4RWlrdkFubVFmbWxQeUIyTzlocFFwM2gtU09HbjRmV0QtRk00TGFfMnpTTURzMFkwWmFnRmdUSHBtUG93bGF3WXQ0SWRyY2Y2azBuOFVaUzFzNEZJSk92SUNzNndBNnVFbVE?oc=5&hl=en-US&gl=US&ceid=US:en,Binghamton University,0.0516
U.S. News & World Report ranks Jacksonville University among best universities in the South - Jacksonville University,2023-09-18 07:00:00,https://news.google.com/rss/articles/CBMizAFBVV95cUxQZ1JNdkdLR0tYQ1IwZTlsUUhraGkzNkxlVkF2R2NsdEpLS2oxS2UzVG9iTWI1eUpEY2VfOXl2N0FJd3VZZ19YUHg0X0lnNmcxYU5lck1BUHU1LUFQakU5S3JtMldkVFFTZ3FJRVdtcl9ObDY2d3FIZ3VsU1VTNHJfbFUteUpybnAzWmFLTWZPeGs1QmhwQnZKUUxnVDBPdnlKVllFai1vVGJGb0RtZHRwWUZsMk1tSHVvc1B0Vm9EYm9UOE5vLUR1cXBfVGI?oc=5&hl=en-US&gl=US&ceid=US:en,Jacksonville University,0.6369
Vanderbilt statement on ‘U.S. News & World Report’ rankings methodology - Vanderbilt University,2023-09-18 07:00:00,https://news.google.com/rss/articles/CBMiuAFBVV95cUxNZ1pzY0FJMHlxekxDMFFRbmptTEwzLTlEMGJxWE5aODlfNm1uWEZMLXI4Rk1VLU9rd0ZaMU5vRXg4TkFSUG5ydHViX3FNeWh4Q0NwTjFfdmIyemhGc1JydjBnZGVDY2tWcUhybHpSX0ZYdHduVWlJRlFYeHZ0ME9VamF1VEIyLW1mUm1YNUE3S3dKRTJTTnNZTWRYMmRTZTE0WUFCVk9KVkFTbmh2QXhwQ2tLNElOZklD?oc=5&hl=en-US&gl=US&ceid=US:en,Vanderbilt University,0.0
ASU ranked No. 1 in innovation for 9th straight year - ASU News,2023-09-17 07:00:00,https://news.google.com/rss/articles/CBMingFBVV95cUxOTXh5M2E2UWJsWVVTcU5lc2RYWVd1aEdrMTZna2Rxel9Odkc3Z29pbVFORm5vUFdORWZ5YVdhVFNiNVBvcUVrUW9ZOXFsc180Vk9yX3Z4eHM2NWcwZVBTVF9ncXd1amdTSURSSmpKNTdtYUxaVUJzRTdsMy1TVF93bzg1YmlxRDhXUU9HbmtFaXQySTQ2czdtMUVrTlRBQQ?oc=5&hl=en-US&gl=US&ceid=US:en,ASU News,0.3182
Drinking-water - World Health Organization (WHO),2023-09-13 07:00:00,https://news.google.com/rss/articles/CBMicEFVX3lxTE1RZmxIaURaLVNlQ0tBdVdwWjVEYWlBWUhjUk9VODBONEtOLVg0dU9MS3lUX0hJVTRUd3lOZ1lTbHFJd2VyUXUtRG1XdWFwb2FYZlRkeVZ1U0ZkLS1YZ2N5UW93Wkc2d0FZWkFYZkVmaEk?oc=5&hl=en-US&gl=US&ceid=US:en,World Health Organization (WHO),0.0
Temple makes big move in US News “Best Colleges“ ranking following revisions to methodology - Temple Now |,2023-09-18 07:00:00,https://news.google.com/rss/articles/CBMiwAFBVV95cUxQS0I1ampWMVA2N255RzdSZG5mOGJUSHVHTzlGUDVJVlpVY3ZLTUtkQ0ZMQ3dNcUwwYVJVQW8tUm5XTlVFSGhnMDBiakdvZjV2d0tkRHhsQk85MDhkaU12QmNiZjRTZ0dmS1NrRVcwdUNlZzZuNEZDVHlGRTItTGlYVnlqdnh2UGFfX2RxOENYaVpGN0dBclZ4ZjJvLUlJaTZJeE1uMkpFOFVacVpmMXpWNGJsNzNoeG5OVEtIQkVtNUQ?oc=5&hl=en-US&gl=US&ceid=US:en,Temple Now |,0.0
FAU Recognized as a Top University by ‘U.S. News & World Report’ - Florida Atlantic University,2023-09-18 07:00:00,https://news.google.com/rss/articles/CBMiZ0FVX3lxTFBoa18xUjJOTXRSUVFYR190QW5PZHA3M3EyNXA0aGJsVkYtSmZjbWRVM0pjV1ZFWTlQMVFsV1VYenprTVhPZHk0TFgxd3ZnOEx0UEZ5UjNhU21lNUFObkI2NERCaHVxVXM?oc=5&hl=en-US&gl=US&ceid=US:en,Florida Atlantic University,0.2023
New York Tech Continues to Rise in U.S. News & World Report Best Colleges Ranking - New York Institute of Technology,2023-09-18 07:00:00,https://news.google.com/rss/articles/CBMitAFBVV95cUxQQXZwck9FZFl5dVpfZHVBVERKREpqYlRadGhJUDZOMlRVa0stR1dzdHhsc2s0MkdsNWU5OFRqRFZZbDNXU0RWSG53VGZKdUxYVGgwc29fSDdoNHpfV0x4UnRVQURhWmI3SEtvUkRHWXhnTnJYdnlWYlg1Z05fUUhycmdoTmRnRl81Zm5sb0RjdTFMcDlYR0sxZzZXdFZxNG92cmZFUEtMS2N4eGc0STBiQkhLWEg?oc=5&hl=en-US&gl=US&ceid=US:en,New York Institute of Technology,0.6369
"UAB programs continue to rise, according to US News rankings - University of Alabama at Birmingham",2023-09-18 07:00:00,https://news.google.com/rss/articles/CBMiowFBVV95cUxQa09CTG5xSW83a1dyVF9pOTc3WjBLbTRfdTl4WGQ5bVdWdG5uUThTVGdNTmZ1VERvamJzRHZhT0hSTGxpd1RhZy1qUG5WbkpXSV9rdlFHTERNWEZGZk1CRkxtZkNQZnEwdHEtQU81RjRNQ3NqR3BOdUdMYlpoTUFwcGItVS1qaGNrZ1FUU0E1MW5kS3I2S25qdEdBY0xGWWtHckRj?oc=5&hl=en-US&gl=US&ceid=US:en,University of Alabama at Birmingham,0.0
U.S. News 2023 Best Countries | Press Room | U.S. News - U.S. News & World Report,2023-09-06 07:00:00,https://news.google.com/rss/articles/CBMimAFBVV95cUxOQW4wX19INjNfWDZncll0aWY3UmdtSVVFejZHZV9PaWItdkxQSkc0OGdnV3RUb0UtZDlERUtfMXRYSndYYnVSc2c0RXJnY2hmZEpYODFONnN4ZDVXYkVUMVNPOENrRUItOG81cW15WXU0WllBa09oSk1zYnY4dHJfT3FNVXZ3NXRXRmJudUc5TWY1SGdzUUZNZw?oc=5&hl=en-US&gl=US&ceid=US:en,U.S. News & World Report,0.6369
"U.S. News & World Report Ranks SCU No. 60, Top 15% of National Universities - September 2023 - News & Events - Santa Clara University",2023-09-18 07:00:00,https://news.google.com/rss/articles/CBMi3gFBVV95cUxOUHJsTFp2M1R6ODRuSWF4b3g5ZnREcTR4NklRUUdJSDFKWXZUbzRXeFp3NVhvdzh5WHpKTGlocGZHSTI2a1FyakpCdTNhRnV1eTJ5OVlwWUFPcks0aU9RdnVjLWwwVUVvWTJWOGd2dDYwRHIxc3hXRnV5SW1KNnFxckZvckJSMWpYQU1lY2RBN1RlVWh4UGIxOFR3WGhFUGF1dnNIWkRYQVRwYkZxN29BTS1aNEd6OURlRTMxTGxOWTFQZzRUVTFRZHUtYjVKRy1yY2xFZHpMSEc5X1VBZVE?oc=5&hl=en-US&gl=US&ceid=US:en,Santa Clara University,-0.1027
"World News in Brief: Crisis deepens for Mali’s children, human rights updates from Brazil, Montenegro - UN News",2023-09-26 07:00:00,https://news.google.com/rss/articles/CBMiV0FVX3lxTE01QkRoUUQwV1FZc3JQVGw1ZkthSVUzWU4wMzkwZHNDMURycHVMcEk0R2xaN2QxYV9YME5IbUdoekFqdmc0eEpia0szelB0WUNIcjUta1Z6Zw?oc=5&hl=en-US&gl=US&ceid=US:en,UN News,-0.6249
"UIndy Psychology, Engineering Programs Ranked by U.S. News and World Report - UIndy 360",2023-09-28 07:00:00,https://news.google.com/rss/articles/CBMirAFBVV95cUxNRWNkVXhGaVRtOVU2bW8zRkdmTTdDR2FueTJCSEJGcnpwaUhIU2tLNDBERlVNMmJnWTVFdEwyQ2pfUVVNcnlaOWZMeDB5aDNPYW4ySW1kT3hZaFY0bUFlZ2NZa0tRd1NIbDVVMEMyN1NYUmIwRno4OEV5NmxBZUJRNkFiQ1FnU1U2eWdhTTVnVkxNRkVuenI2WV8wa1g0NDFMb1U4Q28wbXNySnBq?oc=5&hl=en-US&gl=US&ceid=US:en,UIndy 360,0.0
Eastern New Mexico University Recognized in U.S. News and World Report Best Colleges Rankings for 2024 - Eastern New Mexico University,2023-09-25 07:00:00,https://news.google.com/rss/articles/CBMiggJBVV95cUxQbENPRWgtNzlER05xNDFrZEoyNmktRWRtSVNlREpUd19HYW5wVFVnbUlBSk0yXzR2bjc1TEdJbDNQeDlHUFJoazJET0hENUNDYlVuZGdYcW5vclBIS3IxNDhmMUtYSzNlMVJ3TXk2MEY2SklUOXE3NmJjdmZENEdqcWZkV1FGQ09LNm9xNDZBNXhJYXBfOUhHUEtjd21FTzdyUG5ENG9TbnE1TlpXVWdWX3oyUEFBc3ZRSmp6VkVtNEZrd1NSdkx4RnBFQ0JBOHZqdHdNVHM3U0I1VU5NWkUxUW94aHFPM09LalhiZWw2aDlLb3JUaEhHeG9scWhweDVBLUE?oc=5&hl=en-US&gl=US&ceid=US:en,Eastern New Mexico University,0.6369
UCF Ranked Among U.S. News & World Report's Best Colleges for 2024 - University of Central Florida,2023-09-18 07:00:00,https://news.google.com/rss/articles/CBMibkFVX3lxTE5OWGZOcjBJdUVCcmtEem11Vk1ZUU5KbzFJU3hwcmQtU1piMDJ4d1k1VGVUVkVoMkJXMTcta2tUSHVSeHRXNkp1SlpDQUlTZ1lVRmQxdTlrWExqVjhMUzlxWDdDYzBvVzE0NmhJcjV3?oc=5&hl=en-US&gl=US&ceid=US:en,University of Central Florida,0.6369
"UNC-Chapel Hill ranked No. 4 public university, moving up one spot in U.S. News & World Report rankings list - UNC News",2023-09-18 07:00:00,https://news.google.com/rss/articles/CBMi1gFBVV95cUxOTTg4YzdRZGVodlVYajhMLUpmQXFMV3RTT3hqZ0RPWllLVjBfcWVaSExhWXNPN2FlZ2U5Nm1yVzlIWjBfejBRWG5rMkJXSlVfOUZfckRGU2hscWtNazNueUl6bGEwT0VUY2dYel9IWC1MLXRFU0JmQnNuMWxxcEhKUUpqa01QRmpvSGd0UGlZcW9McjFSVXdjRzBfamtCQk1hdVlsTUlqcXJNeEN0LTlTb0JSUnJ2RUlNWkVWOGJ0OXhwWWNPX2wwNURlZXhyY2s2YTRtR1Z3?oc=5&hl=en-US&gl=US&ceid=US:en,UNC News,-0.296
U.S. News & World Report Rankings Fail to Recognize Excellence - Oberlin College and Conservatory,2023-09-18 07:00:00,https://news.google.com/rss/articles/CBMihgFBVV95cUxNZkF0YkpzY0hNNTJTYzFwY2pnVm80X1NPaEtuaEg5WklqOWd2NVdFcXJzY2tVOWt0emxob1Q0TlJTbjRtaFZjU3drWU92RzZnS2tqTFkweXFpR05FaXNqWE8zMVRHWWNyOGtDWW1sUlpBZ3JPeFdLQXV0WUJ0WklkLVZSX05qZw?oc=5&hl=en-US&gl=US&ceid=US:en,Oberlin College and Conservatory,0.1531
Illinois Tech Ranked in Nation’s Top 100 Universities and #29 for Best Value by U.S. News & World Report - Illinois Institute of Technology,2023-09-18 07:00:00,https://news.google.com/rss/articles/CBMiswFBVV95cUxPN21kUHFNQ3Ytd1FoT0pHNTNnNkVXS0JvYTRtaHc5RThtc1M1bTJmX2ZuMXNvQk5BS1ZwR2hZTmh6R2EwWFZ5Ylg3cjBKSWZ5WU5SQjR1YlVBOV9FNWEyV1lpRkRJeVcyeDhfeGs4X293UWsxbWgwQ3A3X0tmN1dKYVRCNng5amdJSS1PSWxpSFRHWHRMVDJiNWp2WkdtRldUa2VvY0VwOXBlNmNDblladTRYQQ?oc=5&hl=en-US&gl=US&ceid=US:en,Illinois Institute of Technology,0.8126
"US business activity stalls, German GDP expected to shrink, and other economics news to read this week - The World Economic Forum",2023-09-29 07:00:00,https://news.google.com/rss/articles/CBMipwFBVV95cUxObnVUbi1XalVyOVI4ZkJyWVc4ekRjSDdYRWhzaGU0d1BNTG1sTE1PUFpUejFFcHRYOGsydExRb2QtSE5DME5kUVJZRUotZWNsaFBQRV84MkFHalcxTHBfXzVNN2RSeXB4bFhudUFLcDhHb1UzTmtjdnFwNWZjckI3LU9KZzlvNDhYSEY2MFlPdk5MU2tnbEg4T1pxVkNSeGpIUmR3enlGcw?oc=5&hl=en-US&gl=US&ceid=US:en,The World Economic Forum,0.0
"Purdue University undergraduate national ranking jumps 8 spots, with 13 undergraduate programs in top 10 in the US - Purdue University",2023-09-18 07:00:00,https://news.google.com/rss/articles/CBMi6AFBVV95cUxPckhYZkt1ZC1lcEp5SWxpV1M1TVlWNXNWTllaLWVZdzA5eHZncExHUVRzb1RRV3p5WVV0aWZVckNBSWc5YmVHM01tSnhxZURWNmU5bjYzUlZkTkZmMnJ0NUt5YlFhOGNkT2xhUV9iMUJ1UnZJX0hhdkkxYjlWcEdCczQ3bm1LSm1YRUZzYkxqX256YnJ6ZVlFcnl2cnpORk1OT0hDZnRyeXA4cWdTckFFbGNBYnhRQlVLZTY2WVZKYVdVUDBqeW1SczdfcmJjZTNKU3FjcXcyRVgyUnVpNUhSaG5ITW81UjZB?oc=5&hl=en-US&gl=US&ceid=US:en,Purdue University,0.2023
Demand for Online Gig Work Rapidly Rising in Developing Countries - World Bank,2023-09-07 07:00:00,https://news.google.com/rss/articles/CBMiwgFBVV95cUxNQ05JQUV3QzRJRWc2aWtMMGw5a0pSNGs4MmQtYXduNENCR3h6T1BFMUh4dVh3R215bUpHSjBoOVZnQjYwdW9seE91SlVOSDl4aEMwNmdnTURucjF4dWpscHBLUUFtRkt0OE4yOXdTRG5PVEVGQlpIc0J0WFhHdXliWGdfdnhjZVc2SVRxVlBqMmJwNWhuNXBVMTRaQ2VQd3pOTldLOEJObjU5bXVJX281bFlralRuU1d1RkFXX19rRlUzUQ?oc=5&hl=en-US&gl=US&ceid=US:en,World Bank,-0.128
UWM programs score high in U.S. News & World Report rankings - UW-Milwaukee,2023-09-18 07:00:00,https://news.google.com/rss/articles/CBMihgFBVV95cUxOZzdsWVkydjIzNzBmZHNjaU5RQURSZHUyVEd1c2RjeW1EUkw5UWJVTktQazhFaWhPd3FPUXJmdHlGMy1vSjlfeHNLNWczTjg0aGJrNkpRYkMyVGZXdFZjelRUUEJTZVlJVzQ4UUpOenJpOUhUeXhsOFJyekJ6WHNsZk5YUGhGQQ?oc=5&hl=en-US&gl=US&ceid=US:en,UW-Milwaukee,0.0
SBU Earns Highest-Ever Ranking from U.S. News & World Report - SBU News,2023-09-18 07:00:00,https://news.google.com/rss/articles/CBMingFBVV95cUxNejhpWXBQSXI4RWhaU08xUVEtVG1INlRnYTh1V3lwMlUtSE42a2hDdDhhN2pqcC12c0RLVTVhaEVFUmxCdmNtU2daMmFNT3BBSVYtSFhaWGVkWEs2V3dvZUVuZWxQRGdwQy1DQkpYUkhxTVlXMWVybzAzb1hmWXlmTUhyT1JQYkNVMXRLcVRqcWpxVjBod1AxQWh2MUY0dw?oc=5&hl=en-US&gl=US&ceid=US:en,SBU News,0.0
Alvernia climbs 21 spots in U.S. News & World Report rankings - Alvernia University,2023-09-18 07:00:00,https://news.google.com/rss/articles/CBMilwFBVV95cUxQMDQ2M2Y2dUZ4TkZ6QU9kanM2Q2FSVElIbDJEZENUUGQ1M1lVbmd5SDduZ2tNQWpLVmllZGZnOTNsQW9zbTl2Tk1BaDI4WlhTNDRoVXVpcDd6NDgzVS1RbnNVbU1Camwwc1h0SkVyTXoxS09MWTk3b2tDcmNZYkRFLTV6MG1EZVBDX1VUN05zek5pcXRaVzA0?oc=5&hl=en-US&gl=US&ceid=US:en,Alvernia University,0.0
SRU named a top 50 ‘Best Regional University’ in 2024 U.S. News Best College rankings - Slippery Rock University,2023-09-19 07:00:00,https://news.google.com/rss/articles/CBMiR0FVX3lxTE9qUXJ0WHNfNWR6RVZpQlhacWd0ODNYRVZkbVZlQXFaNTU4bW5NS2drRnNVb3pXQ3hTVGJ4Zm1pVDA1M3p3LVpF?oc=5&hl=en-US&gl=US&ceid=US:en,Slippery Rock University,0.7184
Anxiety disorders - World Health Organization (WHO),2023-09-27 07:00:00,https://news.google.com/rss/articles/CBMidEFVX3lxTFBjQ1dLd3BOZm9yaGRod1hoNU5vX2ZzaDM4dE9yTEgyU0E0ZTViWE9kWnV0dXJ1WFJsLU51RzZVejktX3BPMHpSb2UwcVByVEtHa2RoN1hUT3RpQVB3M2VBNHhxVHQ4Rm1KdHAyaGR3WDdMLURQ?oc=5&hl=en-US&gl=US&ceid=US:en,World Health Organization (WHO),-0.1779
USD Among Top National Universities in U.S. News & World Report's 2024 Rankings - University of San Diego,2023-09-18 07:00:00,https://news.google.com/rss/articles/CBMiY0FVX3lxTE9tT3dlbVQ1RDF0akFPZGtiQlpHOW0wY3dqT3pWQXdPaUxzRjY2OUhEUUducUQ4YUQwVmxkQ043X0p5ZW1IYWtHamdzcUUzdFc1SW9ZMEw3WjFYR2NjTHplZlZqYw?oc=5&hl=en-US&gl=US&ceid=US:en,University of San Diego,0.2023
"Fairfield Ranked No. 28 Nationally for Best Undergraduate Teaching by U.S. News & World Report, and Top 75 Among Private Institutions; Coming in at 61st and Top 125 Overall - Fairfield University",2023-09-18 07:00:00,https://news.google.com/rss/articles/CBMi1AFBVV95cUxQcmV4SnFTLThwbTRqNU5sSUV1NUlhZUJ6Q3hTcFRWMGFjNHhFOTNwc2VaclpDNlFQcHdfT0FHVTZjV2ZfdVNWemZOM2ZMVzNUd2JScmhuYUNiUC1FRzZXemlZNFdHaUctWThjN2RxS2I2WmgyNFpUY3FiX3JSRkM0bWlhTjFPb2QydnE3dnVhaXZtdnljdFp6OTRuVEttZnV0d1E2YmNZcDNmTjBhRklFd1BoQ3JVcllueGFtaUJubHMzdkxKVFhjTVNpVFlQU09UcS1ydg?oc=5&hl=en-US&gl=US&ceid=US:en,Fairfield University,0.6808
U.S. News & World Report Releases 2024 College Rankings - University of Denver,2023-09-18 07:00:00,https://news.google.com/rss/articles/CBMigAFBVV95cUxPYWtYX0VNN2VBakVSVVZWaGJYNG4zeWk4c0Q0Z013MUZpOW1YeHBMY2FBZTBINWcyTklkaXZvSHZZN2VKcnpjMzRkWmZrcFo3emZIUlNEWVhDYnYzVllVRkNIQlJkTlNpbTJqMXZ2ci1mN1Zjd1YxR09iZVktZERYUQ?oc=5&hl=en-US&gl=US&ceid=US:en,University of Denver,0.0
World leaders commit to redouble efforts towards universal health coverage by 2030 - World Health Organization (WHO),2023-09-21 07:00:00,https://news.google.com/rss/articles/CBMiwAFBVV95cUxQazkxaml0WHpvdnktRDNrSzVkUm1FYVdNUTU4Z2JrbW00cXV3ZVgybW9wRXJvQnAtUGk1TlRqbDNhLXFBbFVkdGYtUXF0LVZHNXE2dU5aUnktWVFYTTFtY2VhaW5acWdnZjBzRjJ2R3lHVG44X0FmR21hcFZqeGxscHVYYXN2UlBQMklaS0lMVWUtYURhV3Fyei00U2liUkVMZWpSMDlQZVNBOTdabGFiZTZBVnR6STZBUzM4SXdKeDQ?oc=5&hl=en-US&gl=US&ceid=US:en,World Health Organization (WHO),0.296
U.S. News Makes Wholesale Changes to Ranking Methodology - Pepperdine University,2023-09-18 07:00:00,https://news.google.com/rss/articles/CBMipgFBVV95cUxPUi04MG5fRlJDTFhEejgtZWhFOUZDVWZ5Mk4wNVY4VmRQRG9GenVvSDZEUFF5N3E2cHpUVEIzMV83d28zQmdiR3dVTDNzcXZsYzU1VjNLd3c1c0t5ekNjTS1YbVZ6WVB6WkhhN0NnNUFzWWNTY2hVSzZOVUdKbjhlSmNZMVA4bnFESENZU0Iwc2d2dFNTcGFJZFlxUkhselBUZ1F1R0pn?oc=5&hl=en-US&gl=US&ceid=US:en,Pepperdine University,0.0
Trio of Top-Tens from U.S. News & World Report - The College of Idaho,2023-09-25 07:00:00,https://news.google.com/rss/articles/CBMiekFVX3lxTE5tYW1lUnFMblNqUHVIUFZZNjFuUlJxSVdnVENvZHlMYWFNN1JOQzVsVkk4QjRhYjlzNnkyOFl4WURSOGtRRTBTQVE5eWl5ZHVYZHRTVVA3OXNpSC1uNmZLcjU4WHBtT01xVTFkcGp6T3pxUm9seEZiQU53?oc=5&hl=en-US&gl=US&ceid=US:en,The College of Idaho,0.0
US-Mexico Border World’s Deadliest Migration Land Route - International Organization for Migration,2023-09-12 07:00:00,https://news.google.com/rss/articles/CBMihgFBVV95cUxOZFFvWmxzaG83ZjAwQlBNeFM2N0xJUFR0ZUM0d1diR0hCcDNiN2o5UU0ySVdRd00xanhRUFdZVzhMVnlIVDVpTVYxMUNRbmc0YnU4OVlvQlJXMUVPQU5WYU84d01uLUgxWjBFR3pHbElxeDV2THZDaEM3OFNwRnBWQjVwcGlQdw?oc=5&hl=en-US&gl=US&ceid=US:en,International Organization for Migration,0.0
TROY recognized among best regional universities in the South by U.S. News and World Report - Troy University,2023-09-18 07:00:00,https://news.google.com/rss/articles/CBMid0FVX3lxTE8zZVdHZEtaUmlURWQ1N19RUE5KeUFydHNpd1BJTjBCcHRDT19lWjNtQTBGeUFiUUtfNjVjQ3J6NWxmcmJDc0ZINUdzOVFadDU4RXlQZy0yMlVUZjFMcy1BU2JISW9raTFnRDBrd2NJbGtJNGVqX0tV?oc=5&hl=en-US&gl=US&ceid=US:en,Troy University,0.6369
U.S. News & World Report lists Millikin among the Best Regional Colleges in the Midwest - Millikin University,2023-09-18 07:00:00,https://news.google.com/rss/articles/CBMitAFBVV95cUxPVEoxa2l1UGl3WHpqa1lLWnRBUEhlU0xqNnhBY2QxVVBWa1hkcW9yTlhwTjkwMW5HN0FTOGs3UE5mdFhkYTZ4RF96Q3ZIMXV3WVlpUVlXQWh2d2I5d3lzTmI4Y0NvbmtnNDhvZEtubVVFTnpENk5tU2Z2NkkwT3ZNWUNhdjBhTXlaVm5WdUhRWGtsSzFaaHJlTy1wY0pBS3pncWhYdVkzSjBCMFNyY01wUGpNZlU?oc=5&hl=en-US&gl=US&ceid=US:en,Millikin University,0.6369
University of California earns top spots in 2023-24 U.S. News Best Colleges rankings - University of California,2023-09-18 07:00:00,https://news.google.com/rss/articles/CBMivAFBVV95cUxOX0pLTjRBRERsX3Z6WFZVUWVuNkhETVQ2d0xlOU5FdE5lY1UwYjljeVdYVFhkcURoZEh3RWpVYl9WRmZ6dFFJWXJoVzdGbUtzX0gzbjdudEJhREhOTDhjdlFyT05YNHlFN3REUTZMdWVBSnRkRTRJNTMzTktGSWF4bGtPWUtHOXlKMU5HWlZXSkdZVnpCUF9NSkFPNFhvYk8teGFJMjJSelBYbHVDOGc1OFpwM3R2YzdGZ3ZZMg?oc=5&hl=en-US&gl=US&ceid=US:en,University of California,0.7184
Purdue University jumps to No. 33 nationally and to world’s top 100 in 2024 Times Higher Education World University Rankings - Purdue University,2023-09-27 07:00:00,https://news.google.com/rss/articles/CBMi9AFBVV95cUxPY1VCYnRNdnk5Rk9qZjVrX0lxREljNEd6SWktQkVlTXdfZTFQTC1EalVnaml0bGFxaWFIeXlndElMSXdsbVZWZ2lhNjB4S2ZiSlliZ29TNGwtT1U4Z3pvYjlKM01KazVhYlhya3dRSDctQ2MtVkZLSzVybmM0LVJ4V3ZlWGpSWGg3ZTlIbFFYOUg3V0RmVXNNTTJTSlZLUTlJMUxpUFNzUElvMW9FWVh2ZDM2TFdDOThsR3R6bHk3VFRHalNjQ2pWejM1Z2Y1SlVMVFRWWno5RE04X2NSaXJnRVNxa2lJblEwc0tSWGhaX3M1VmhX?oc=5&hl=en-US&gl=US&ceid=US:en,Purdue University,-0.1027
SDSU Soars in U.S. News & World Report's Best Colleges Rankings - San Diego State University,2023-09-18 07:00:00,https://news.google.com/rss/articles/CBMilAFBVV95cUxObjFYRmRib0xrSXRwMWhUTzByTW9rQlVIRkZCUUNGaGZkVUYtRjdVTWhmM3A2WnpCbFh6Z25hVU5KTTU3eEJ4d1Zkekk4WUlra0d0WUNRbFR6WEhPSHl3ZzFaRkpxY3NrV1R0VWl0TFF5SjJkM21BdWwtM0syaG9wNGFralJQNlQ0dE43dEN4am1LbklX?oc=5&hl=en-US&gl=US&ceid=US:en,San Diego State University,0.6369
UWF ranks top 10 in U.S. News & World Report’s Top Public Schools – Regional South Rankings - University of West Florida,2023-09-18 07:00:00,https://news.google.com/rss/articles/CBMirgFBVV95cUxQQXZMWDc1RTBhcjhveW95b09KV1NzTWw4WXY0TUtSc1pUbHQ4M0NrLXJINkhWdXpKRVp5alUtZ3djejhDSnBUa1NZN2RnTGJxMlBuWHdpa0xjYVRyMUpfTVZEUTA3eUxVZE1lUl9malBwVzJGR0dSUWJCTkZGWVZjSnJVVEJjd1BWVHBiWmJYLVZNMk9uNUU5dmRXTmFoVm1pQWhtRlp5OXd0Q21kMEE?oc=5&hl=en-US&gl=US&ceid=US:en,University of West Florida,0.3818
U.S. News & World Report ranks Loyola No. 7 among Best Regional Universities – North - Loyola University Maryland,2023-09-18 07:00:00,https://news.google.com/rss/articles/CBMia0FVX3lxTE1iZ2FkTEpIU3I0MnZrQnFkU3k4Q0REb1pHdHVjU1hEa3pQYnZWaEQ1NlFNeWlkVm5KN21iYU4ybGJndXE3dXhsU1RweFV3RkUzSVQwdTBGUzVsWnBHb1NvX195enhMVEZtTFZJ?oc=5&hl=en-US&gl=US&ceid=US:en,Loyola University Maryland,0.4588
Here Are Evening News Ratings for the 2022-'23 TV Season and Q3 2023 - Adweek,2023-09-26 07:00:00,https://news.google.com/rss/articles/CBMiogFBVV95cUxPTFRrejlUa3NIYzV2ZTlBOWlGcDE4VTNmVTdTSTctdUFPdFROZkN1YlVXN1o0ZGMxTVBtTDhQYlFpVHlrTXVUTno5QTVfZnJhdm1meDBVdFZDdW1WRnRRWGc4bm12cGw0akNGakljM0VTMmdyN2ZvTmdaVUp0TGxCeHNvVHVreFFlYnFLczJFNTVpZmtFTkdJUUJSajdvVlBhVEE?oc=5&hl=en-US&gl=US&ceid=US:en,Adweek,0.0
New World Update 2.0.5 - News | Official New World: Aeternum Website - newworld.com,2023-09-12 07:00:00,https://news.google.com/rss/articles/CBMidkFVX3lxTE9lRloyVjNFZHduNUNpQkdZZldvaGR4a2dNRWdkSW5hX0VVZDFDMmxHcktqc3RyTGJ0Z1ZibEdwUXB0QmUtSUVCREJscHlKa3Q2ZXBYSzVnMHpTNFBNZFBVY3hhWVg0cHlwcHZ2LUpvcDFOeUdFT2c?oc=5&hl=en-US&gl=US&ceid=US:en,newworld.com,0.0
"Press Release| The world is failing girls and women, according to new UN report - Welcome to the United Nations",2023-09-06 07:00:00,https://news.google.com/rss/articles/CBMizgFBVV95cUxPUGVwRGtkbnk1WDhZRVg0RlRIWE8tWEk0bDVoUzM0b3Y3T2hsak9sWnRMTDEtWUpuT2hGdmotNVdPS3Y5ZG1fVkhDbmYzQVNMWU5mamhkSDNDT0FwdnpvM3VtTnhPeFM2dGc4UjVRZ0E0V0RCZzBCZVlIdEJINVV5ek1ibnRUU2t3WkpjVklEWUtQOXZ1RzU1SkczZWRBakpCT0xfWjVkRFBPSk9wTkJ4bG5hV21PdDlabXZ3U3NBRmsyWU1FYjYtV09yNHlrdw?oc=5&hl=en-US&gl=US&ceid=US:en,Welcome to the United Nations,0.3612
OSU ranked Best Value public university in Oklahoma by ‘US News and World Report’ - Oklahoma State University,2023-09-18 07:00:00,https://news.google.com/rss/articles/CBMi1AFBVV95cUxPdTM5d0MxYmc0cVVVVUtuTHp1NmhFZXV2bG1NQmgteWZieEJWY21NX1dyYjd4dXVocGlycEtTR2taYW5mZnhseXBSY0doem5jb1c4bGZtMFg4YThnT1VoenFxZzY5aFBUNHYtTG5CWUI4ZGJob0ZrV0RJeTQtMEY2dmZUcGZPUDNKSWNRRldWbnIyODBWZDZIS0N1S0d3U1d2d2VmVXFqOXVIOEpLbVZqUU04ZXhUdW04UE9NOEg5dDZWRFZENzlwZzlfWl9tNmsxZTJpTg?oc=5&hl=en-US&gl=US&ceid=US:en,Oklahoma State University,0.765
'U.S. News & World Report' Again Recognizes SU Among Nation's 'Best Colleges' - Salisbury University,2023-09-18 07:00:00,https://news.google.com/rss/articles/CBMiuAFBVV95cUxPVF80OWY2RFo1UFNtbzZkTXNYTE9jRGlncnRCU0UyYmYxYy1KSWozNTdCSmtGNGFzTVJZbUVObGZjWlVsZVVHdFZlVXRrd043X24zSzI2NkUzZzhWNGxFRG8yY05ScVlfaTh4aUU1YlJYSjlUdk1NQ1c4SnYxY1BCaGo4LUx3MVF4ZUlxS2tGdEtvSU1DUXpLM2FNeV9LWWZrdDdqcUZBVE9yWHQtcGRaVUFMczlvcFhW?oc=5&hl=en-US&gl=US&ceid=US:en,Salisbury University,0.6369
Japan population: One in 10 people now aged 80 or older - BBC,2023-09-18 07:00:00,https://news.google.com/rss/articles/CBMiV0FVX3lxTE9QazFxUENPTUgzbmZsb0N3aUg1S2pmLVRBenYyYi1lNGJYUmtnaVRqUUpVQTNRcl9oekRSbmp6eHJGalNSOUM1UHFtT2NTSmtLNWd6UnV1TdIBXEFVX3lxTE5lMTE1MTJzUW1xSXQ3czR0M3M2OUhyWVJtdXNWTU1ZZnhONFBNRXBxWXZLXzZqcjVVa3N3dGFHX0hqTXF6U2pwZHVSdXpMS0Z5ZlREd1dJVlJXME00?oc=5&hl=en-US&gl=US&ceid=US:en,BBC,0.0
"""U.S. News & World Report"" Again Ranks Brooklyn College Among Best Colleges - Brooklyn College",2023-09-21 07:00:00,https://news.google.com/rss/articles/CBMipwFBVV95cUxOcU1Qd2p4UkREdlNVTlNYbm5VOE9HOHBZWDVOcnUtY2xVNmtYblZEblNmWF9ROHNlT1ZHOHlaQWlGUjZFeE15bEpOa2hkWkhMZS1FMllyei1ZRElpOUIxR3lqUzRiTDU5U00xbTR1WU5OdjZ2cE5tTDlCYThUdXdlal9VU2JJaXltYlBmMHhaMVVqWkF6QnotTk5XcmludXZDTmM0UXRWYw?oc=5&hl=en-US&gl=US&ceid=US:en,Brooklyn College,0.6369
Reality Check: Lessons from 25 Policies Advancing a Low-Carbon Future - World Bank,2023-09-19 07:00:00,https://news.google.com/rss/articles/CBMimAFBVV95cUxQem5LMThaLWNaYzZ5UFZQMmZMdm0xQmU5LTM5ZENOWUJpYVVkTTFDV3VpREE2VTA3ekRjVllTVjRWZVhVa3JIVW1VaVZDSkZYNTFLODdwNnBNX3l0LXF2YUUwYjRWV1Z0WktRVmRJODN0R2gxYXJ6ck5EWFYxWnZxUlAzMjR4SWl1cUYxUm5lVjJvaW5NQklVNg?oc=5&hl=en-US&gl=US&ceid=US:en,World Bank,0.0
Lees-McRae earns spot on U.S. News and World Report list of Best Regional Colleges South for fifth consecutive year - Lees-McRae College,2023-09-18 07:00:00,https://news.google.com/rss/articles/CBMi_wFBVV95cUxQN2Nqd0o5clVqYmlUUi1XMmVJQzB1TWgtUktjRURoX25lT3pUZ1JScGNXUGs2SDlpNGhuX3E0dDBscFZIRklaUkpkbXZxaDRza3p3Mzlvc1BJNm5KT2hEaTFybFpHdWlsUm81QVlDOXNKY3pTX2NYN3dDNFRzbTZTcW9ZalBZZUZ3LWpLT2RnbzJnOGU5OExpd2JjVHhVU1JsU2V6NmxzSXNBXzBQUEVzOEhLaTJTZFFQeG9oSWxOVThKd3JzalVnMm1oN25EWmRwY29HUV96R3RmVzVtbFVaSTMzaFJURXRudlVsalZZQ2J4RUhGbkZ6UTZQaUQ0dGc?oc=5&hl=en-US&gl=US&ceid=US:en,Lees-McRae College,0.6369
No. 1 Again: What Babson’s Latest Rankings Mean for the College · Babson Thought & Action - Babson College,2023-09-18 07:00:00,https://news.google.com/rss/articles/CBMiZkFVX3lxTE1CX1FGcmJHNkNxdEJ2NEIzaE4wdEJWdzRRcENnYnVmMVVKM3c2YWNjX1JpUzZ2bF9EVnY5cnE5UW5CdmtDV1JWSFVOMWpneFJqMEUwczNncTZqbERzRUQxOGszOElsdw?oc=5&hl=en-US&gl=US&ceid=US:en,Babson College,-0.296
Fairfield Ranked No. 28 Nationally for Best Undergraduate Teaching by U.S. News & World Report - Fairfield University,2023-09-21 07:00:00,https://news.google.com/rss/articles/CBMieEFVX3lxTE1FSjVUaWFBNGtta1VBQVJkc3FfaVJjTmMzVGtBbFU0WDJETHpuM0hDS2otMTdxejlzS0x1a3BBVmp3bmF0S1JGT0xHcVZSMTFGeENtRWN6YklmTXRseGJpUXVNQjVhUmdWbndramNvZTdUOFczU0VOQQ?oc=5&hl=en-US&gl=US&ceid=US:en,Fairfield University,0.4588
Africa suffers disproportionately from climate change - World Meteorological Organization WMO,2023-09-04 07:00:00,https://news.google.com/rss/articles/CBMikAFBVV95cUxQdWlJazdjNGlSZk9XRl9oU1hNdmJ4dzFpR1djc1EyWDFGeVdxaVp3bnZrZ2NObmtybnYyV2llc1hmc2Y4NUxkMnVhTzVBTUN0c3ZGcmRoa1VOYlVmTjdQWDRhSlF3ZHVOeS0tZXZxdkxMdUhyYzhUdzZnQzhMc1JEV0tEUzhheW5scXdtbUtibjA?oc=5&hl=en-US&gl=US&ceid=US:en,World Meteorological Organization WMO,-0.4767
Bucknell Earns High Marks from ‘U.S. News & World Report’ Rankings - Bucknell University,2023-09-18 07:00:00,https://news.google.com/rss/articles/CBMijgFBVV95cUxQVTFzMG1zNlV0NldzSmdsNllJeTY5N2xEcnp1OGcxZVAzNjhKQ3R4WmFNbm9vd3ZsTHk3bUhuSmtBYndQR2d5ZDd0VUd0NlBfZV9hTTF2d001LXRoOWRkMjRadWozTUhJOGxLWW91U0RqREE5MlI1YmlXaEU5MklBaEFCTXNkVlVTQW1OQ1VB?oc=5&hl=en-US&gl=US&ceid=US:en,Bucknell University,0.0
UT Dallas Makes Significant Gains in Best U.S. College Rankings - The University of Texas at Dallas,2023-09-18 07:00:00,https://news.google.com/rss/articles/CBMiiwFBVV95cUxQeEQ2OUJmRTh0eGhqUkhyV0pMQ1ZjMzg1dF9zbWVGdk5QSEJZaDBfYlFCRVZlSEhubnVSVzJCYnUwQWF3S3pEbFJwdXNvcnV6TnRJX3JudnZuSE1TZmF0VVR3eXQ3WUtZQXoxS0diSTBYLUFBX1NrSGFuYl9CMU5wMU5SSHlaeDFULVln?oc=5&hl=en-US&gl=US&ceid=US:en,The University of Texas at Dallas,0.8126
"On UNGA margins, world leaders bolster bedrock of international law - UN News",2023-09-20 07:00:00,https://news.google.com/rss/articles/CBMiV0FVX3lxTE13WE5mVVZyZ2ZOSjdiNmdCcGdtOVFtUjB6V254RC1pQUJGWFZTYkluVEhwdzQ0aDFpX1g3bzFxN0swQWFCcGZ3RmM1eVk5cXY0d1Fad1QtZw?oc=5&hl=en-US&gl=US&ceid=US:en,UN News,0.0
U.S. News & World Report Ranks Augustana Top 5 Regional University in Best Value - Augustana University,2023-09-18 07:00:00,https://news.google.com/rss/articles/CBMiqAFBVV95cUxPMWFabjFuTVRzNktBTnJPdVRPSkdEYWViRjlTck40SjY2VjdTaDFtMjdqUS1vQUYxeXJlSHRHc3JPeE1xY2h0cWczRnlIU0Z6Wmx0RkRhaGgxOV8xZ3FQVFc0UmQwMi1HZVVDTnRhTTlxRklMdVNMazRhQ3Y3anZIbVh3WWhUU3ctTXZ5MGtWOTdFX01Lb1ZuR3ExZlVSdHl6TnRiMjlEN00?oc=5&hl=en-US&gl=US&ceid=US:en,Augustana University,0.8126
Why is Egypt worried about Ethiopia's dam on the Nile? - BBC,2023-09-13 07:00:00,https://news.google.com/rss/articles/CBMiWkFVX3lxTE9CenRGQkdVdVoxTnVHNk9EOFBNOUM0ZVRfd0lHTDF3OHpfX1Jra2UxRzRHZ0dyaWNtRExpdkNUalhlaG9yUmlmS1FGbURDWlk0ak5WTl82Q2Vsd9IBX0FVX3lxTFBOaFBINEQ4a0QyMXNUc2RFRzdGSHcwMUE2dUY4dmpOcHlRNGNyR01CQVdCY2w0a3pxd2V1TUtPc2t0b3JFS3NfSWhQM2ZZWkJJN2ljSDZFN3NlYVd4NEJN?oc=5&hl=en-US&gl=US&ceid=US:en,BBC,-0.296
U.S. News and World Report ranks Northwest among top schools in Midwest - Northwest Missouri State University,2023-09-19 07:00:00,https://news.google.com/rss/articles/CBMic0FVX3lxTE5BclVJWG9xaEdKdVRhUUlrUWtHZ1BZMG44TlBleTFEbGVuam1tM3VUd2tZVmVJLUhpMG9jMGNJNFZnclhNSG01SG5iU0tKSFo5ZmZFcUVvcUVEMTUtTUc4MmNJSVNNQ0dwcXg2RnVvS1VBWkk?oc=5&hl=en-US&gl=US&ceid=US:en,Northwest Missouri State University,0.2023
Gonzaga University Recognized by U.S. News & World Report As One of America’s Top 100 National Universities - Gonzaga University,2023-09-17 07:00:00,https://news.google.com/rss/articles/CBMiqwFBVV95cUxOS0RHNGU0MjRRMVM1dE5yWDVyNWpRdHRHYWI5OHhqMl9BMHQ1MS13SWQ4TDk4THR4bFlpN3B0QlUyd1JtaFlaeHdqclRTNEhHSFp1TkJhU2xUZTdZLWJUZmVEbVh3MTJkbEk1YndRc2tQV1F5M2lPS0NDSkJudWItQUtKdDRlQkJMUHMxN0VzejhWc2h5N1IzTkdyQlFWcjQySG9vdVNselJ6ZkU?oc=5&hl=en-US&gl=US&ceid=US:en,Gonzaga University,0.2023
How the UN SDG Summit aims to transform the world - UN News,2023-09-18 07:00:00,https://news.google.com/rss/articles/CBMiV0FVX3lxTFBOa3BLeXNqMGlHVXdqX1NpaVZUa3BSNXpmbkFVNHRrMnFDVmFUazlhUUtaQlJzQ1lnalp5X1pxcXYtNndJOFhHd3BBb1FTYVlBS00xT241UQ?oc=5&hl=en-US&gl=US&ceid=US:en,UN News,0.0
U.S. News & World Report: St. Thomas Ranks as the No. 1 ‘Best Value’ in Minnesota - Newsroom | University of St. Thomas,2023-09-19 07:00:00,https://news.google.com/rss/articles/CBMiogFBVV95cUxPT2ljX2VPZWZjSFFpNlh5d3FjQmtRVENXV1RISkszMVBwekhuOTI4RzY3T3AtczU3aDdYZXBCVUNsRkdaNXljWU4tSnVGd2g2M3h3b3Jabk42V3dDUzAyRmdzb2RjTHZ5VnVEWjFTYlNSTExJSGJzQjhtRnEzMjBqck0tSko5SFpCRTlvaEh3VDBiV1NUcjlhb2NzUmNSNWJKQmc?oc=5&hl=en-US&gl=US&ceid=US:en,Newsroom | University of St. Thomas,-0.296
Miami CEC is top performer in U.S. News and World Report 2024 rankings - Miami University,2023-09-22 07:00:00,https://news.google.com/rss/articles/CBMitAFBVV95cUxOLThMR3A5LXh3dG9jSU5wZXpmZ0NNOFlPWWRibkFrOWI3YVdqcXRxR1F1VnIwWThhbWRXU1V0Mm13dXlXV0dybTNhS0pCVjd5WUloZnEyUkh1ZnlNUHJVX0s0ZzZZSVh4YmQwTGJvSUdlUm84dV9sbTNrZkJXUzJ2REhjejhaSjBSSmtDTENhSlBzV3VPQVRUMTdzU1g1ckRBUlFRYXhXZEZMbHV3QUtoWWI5ZFo?oc=5&hl=en-US&gl=US&ceid=US:en,Miami University,0.2023
U.S. News & World Report ranks Calvin near the top of multiple lists - Calvin University,2023-09-18 07:00:00,https://news.google.com/rss/articles/CBMikwFBVV95cUxQM1FQRnE3Q0pmLXFQSVpvWDgtNE1DMTNnSnpuSnhCRzNxVFNjc1lUY2VzSXROY0xweUVTQW1YcExSUjNUMC1tNXVlWjk3Nm1PNGZ5a0toVzBLU3A2Q1E3UVp1S0Q2cG5hbWo1RTVXazBZY1YxWVhpNFJWSzIzRU5NRDB1SmVIUGcteVFHQkl4WlNLSms?oc=5&hl=en-US&gl=US&ceid=US:en,Calvin University,0.2023
The world’s smallest drum - Purdue University,2023-09-08 07:00:00,https://news.google.com/rss/articles/CBMickFVX3lxTE5kWWhTbkY5Yk9veUpGLXozdm1SQzdMMUVFbXN5aFBkQ0xaQVNNeUp2RTI3VHZGMkhYU0NfZGd2by00cU9NOXcyVFZiYlBpMU95cVA5a2VzaV9RQ0xFbVJxZXhMZ3haRUhOWHNlMThlbWRnUQ?oc=5&hl=en-US&gl=US&ceid=US:en,Purdue University,0.0
USF World supports Canada-Florida Chamber of Commerce trade mission to Montreal - University of South Florida,2023-09-28 07:00:00,https://news.google.com/rss/articles/CBMia0FVX3lxTE1rMlFoeHgxYlZkNjE2ajI3VHZlbXhtX2pQZU5JZWZ6akZTUnRXVlI0NFJJbVlveHI3NWtSeE5VRlhGSWpjbkRoZ2tWb2M5TjlraFhmb1lfSFJ0dzZ5Q19lOG5KOWRWOEFVdEFV?oc=5&hl=en-US&gl=US&ceid=US:en,University of South Florida,0.3612
Why so quiet? Opposing politicisation of HE is mandatory - University World News,2023-09-30 07:00:00,https://news.google.com/rss/articles/CBMid0FVX3lxTFBCbnF6TU5yYXNHeDFmdEQwU2c5RGp2M3AyOUxRYmtQZkxLZkRsX3BjUXRBQlpKYk0teks4R0ZLT3FVNUVvcGZXZkc0ZWZaWWVwOHlRWTJ4NEdueE1zeDI0blBDRnJZY1pGNDlVdzBScDZ5czhZVGNN?oc=5&hl=en-US&gl=US&ceid=US:en,University World News,0.0772
Brown rises to No. 9 in U.S. News and World Report Rankings: What changed? - The Brown Daily Herald,2023-09-18 07:00:00,https://news.google.com/rss/articles/CBMiugFBVV95cUxOb0dHeGFheVUtUy1nVnFYU2RzZjA5anBnaW5yWVl6cUJEaDFvazloTk1yMEdVSElaNHdDcnljVW9uZHpMMGVyeFBsT0w0eGhiS3BoREIwb2p2Q01aNS1NRlFMZjRSY0NiNjBqeTdtaE04ejNlOHF4T204cWstUm9mQWNkZEtZVzA2N0pJMTlleloyZ3IzREhra200Y2swaldxTGZPZ1R3SFNUYi1IUDRETEVfSVp5aktvYlE?oc=5&hl=en-US&gl=US&ceid=US:en,The Brown Daily Herald,-0.296
St. John’s Ranking Rises in Latest U.S. News & World Report College Survey - St. John's University,2023-09-19 07:00:00,https://news.google.com/rss/articles/CBMitwFBVV95cUxNVDBYRkl0TWRHQ2hNcS1HbHJzVmY1R25oajBzeGtnRHppZTB2VkRkMzZxTU95UUJqZDNXbW1PbXMxRHdRbWNiMEo3Z0ZyWklzQzhzcHpKVEVwY1lJV3ZrVXlkM0c5cS1XTHVWNUc5LV81SExpTGE3ekt5ZVF5dE1PSlltNW1zTDAtNHdlZG5xYldHYTRpblJqTEdScGxpYTk5TGR5dUVaNGp2bTFBYkMyUEczQWlrb2s?oc=5&hl=en-US&gl=US&ceid=US:en,St. John's University,0.0
BBC News Briefing: Twice-daily global news emails - BBC,2023-09-25 07:00:00,https://news.google.com/rss/articles/CBMiT0FVX3lxTE9ONElxeF91ZzR2OWNlOFg0SDJnSTMwYk41bE4tSG1PR1pub3RYbDcyM3k2WjlDbXozWUMxSGszNlQ4N2xXVGs0SDlidnFsVWPSAVRBVV95cUxNR1NraXVsQmdWUG93RTFHV3U5X3ZlTTdHcDI1UFU3eDFoS0p4VEpjU3hiLW1TbE5TRHdmN2hGOVdtdmVWazhUb2N2anRKclprSTZfenc?oc=5&hl=en-US&gl=US&ceid=US:en,BBC,0.0
Michigan State jumps ahead in annual college ranking - Lansing State Journal,2023-09-19 07:00:00,https://news.google.com/rss/articles/CBMixwFBVV95cUxNZUM5WGtUVEptd2dsWjdlQ1Z2SnpZcmZITkdDclZmWjVIbGJaNzZDQmY0UldqekxFRUo2UzNsN0l4WVdEdjRKOUJfbmZhVlhMeGRFLWxncHFFUTZvWTZjaEdwcUhjRllxV0VIaXR5UHJGcVUzOWRQY0UyeXlYdnhOSkxucUdhWEJNc0RlNTBDTHBmV2J5bU9RcmhXbHdweFVKMTVwbEhrc0Rma3JfYTY0dmpld2FQMTFaNC16MVRKdnYtVkNHanVr?oc=5&hl=en-US&gl=US&ceid=US:en,Lansing State Journal,0.0
The 11 biggest hurdles for women’s equality by 2030 - UN Women,2023-09-07 07:00:00,https://news.google.com/rss/articles/CBMisgFBVV95cUxPaS1EM3A0QnhKMGc1UlFZMmU1SDJpVDRkU0tJaUFyLWNybmJFWlV3TkhFTE1RZWRaWUtCY2FpNXBpa3Q2eFlHRzBLRVBMTkVSWl9ORHNhbHctejJReERHSk8yUkw5X3VEY0VXbzdMQ1EwTjktcUZqaUN1eXE3UVV3OXltaXhPQ3E1dzgtZXBOcTBYVlI3OGxfYmJvZTVHU0R1M2VYZGFPc293Q05EZ08zN0hB?oc=5&hl=en-US&gl=US&ceid=US:en,UN Women,0.0
Rice leads Texas schools in 2024 U.S. News and World Report’s college rankings - Houston Public Media,2023-09-18 07:00:00,https://news.google.com/rss/articles/CBMi6gFBVV95cUxOTGFnc2Z2QmFkMGg4WDF6Xzl5ZG4tUEtrSEZtbXh0YzNOeUlWcWZPdVFvTk41WUdWN1J1NGNiSWlxTVVqT3psZ1JrVWpGeHA5eUNvN3RlM2FYQjlpV05XcGEzNmUwMUltaEk1X3FjX19XRXVmTHFjbVk5VjFqaXBDaHF2UWUyNUlUMHQ0dGFEV1hoWmFHTk84MTEzUk1FaWdtLWVQQ0dmZlo3c2pNalhaMDhSUlNOZ0VsQVJ1YjdwNGdHVmVWaHV6V253LURZYXVaY3B1c2EydVZRWFlvYllJZXJOazdROWUtUXfSAfIBQVVfeXFMUGIwemdzQlV6YndrWkhnV25hR1dIMERzSTBPdjZmOVFDRmpfU2xhMVFNNE13U19YYnU3cEFHcmVXWEFXVGE1alV3OHFPaDBRd0NnclJkaEtRUFYtM1Fsa2h4Vm5LUFl1SDVlcU5PbHRadlBqc19OZ3dwOW55X0U0c0trTTVmdTAtaHIwdnZBSk1KaVNkSnJZS2NrR2lwWGtBNE1pOWpxNUNFTkF5SmlxNXhQNWJuSUM2NWRCVmU4Ymp6X3pKOU1qUEdSNjFCaDdIektnbU5DMU5CRUJlbDBwbGJuTHpuTEd5TDZWeXZXSzk0NlE?oc=5&hl=en-US&gl=US&ceid=US:en,Houston Public Media,0.0
Family planning/contraception methods - World Health Organization (WHO),2023-09-05 07:00:00,https://news.google.com/rss/articles/CBMihAFBVV95cUxOTDk5MDJLUVhjZDI0cVpmQmtMNjdVM3l4NVF6N29qZks5azJOSVN1UTZGVGt2amtDQUNhTC1UVWtOR0lHSHRnS2VKM0xudTBMb2FkWmJ3WEdBUlY0c2l3WHgzT0FhWWtJMWR5UTRLWjFPR1NDSnlLaFZDM3FXWWNFeW91ZHY?oc=5&hl=en-US&gl=US&ceid=US:en,World Health Organization (WHO),0.0
PTR: Rise of the Angry Earth - newworld.com,2023-09-11 07:00:00,https://news.google.com/rss/articles/CBMifEFVX3lxTE5GVTc4cHhkclBYdG5Ia0JyZlIxMmE0cFhCSXJkUHd3VlpQU19kNVpzUzMwOG5wcEstcWI5V2xPLU9UZkJDTjFvS0hMR2JfZG91RTJ2NnV1QUEzX3NFQnpUZ0RqeUgwRDlEUnBxeFA2Ty0yQnFrcU0tMWl2RWE?oc=5&hl=en-US&gl=US&ceid=US:en,newworld.com,-0.5106
Nagorno-Karabakh: Conflict between Azerbaijan and Armenians explained - BBC,2023-09-28 07:00:00,https://news.google.com/rss/articles/CBMiWkFVX3lxTFBiazhMRGs1MTJWQVVsRDJjVzA3YzQ5c3NtY0hZNU9uSTFwMFNrLWpTMU5KMVF6ZUxVX2tOcVBWYTNOZ0JDS1pYOTA2bmtTZzVxdGtOY21JV1hrQdIBX0FVX3lxTE9rOFRYZVpUNlI5Si1HOW4zc1ZZeFdmY0V6Uk81N0hyblpkVUFVeEdOWkxseXdacmJXR0VrLTBFTUhzRE5YV2pWTndOZjlrcERxaHhsNWlfdzZKYjk0YzI0?oc=5&hl=en-US&gl=US&ceid=US:en,BBC,-0.3182
Mines is No. 1 national university in Colorado: U.S. News and World Report - Mines Newsroom,2023-09-18 07:00:00,https://news.google.com/rss/articles/CBMioAFBVV95cUxNOVkwd1RuOG1nQVBFRWZjTFlyVVdGVmpDSlV1Ul9SMnBPZHJlYi1ndEwtTnhIZFd4VG1URU95V1VYeHJkcUNfVVlKNXpLUWlKUVhuRGRyRERkMDU5NHFVNWx1ZnVXS25WWUgtdDVLSWZnc25ETWlfWHdQWkhwMFpiV3A5ODhlR0RUSm5rY0NLaXBqMUdxZ1gxV0M2dkFxR2U2?oc=5&hl=en-US&gl=US&ceid=US:en,Mines Newsroom,-0.296
Ground-breaking research series on health benefits of the arts - World Health Organization (WHO),2023-09-25 07:00:00,https://news.google.com/rss/articles/CBMipgFBVV95cUxNcTJ6ME5oT3RDbEE3dThoMWhWWHVZdTZ2OS1iNVI3YXdRdzdxVDVqQ2RHYWVpeUNDbGJhN1A1VS1SZUNzcXRYZ0RNV3BGdUFtVlVXdFNXb1BJVy1YNkxUZHZwRWFzamRnQlZCX0pkXzA1V0xZX1FuWG8zQU1UeVkwenN0T0ZFVTcycThlSnp2WjJFTDRnY2RDZjd0eW9sNmkydDNra3F3?oc=5&hl=en-US&gl=US&ceid=US:en,World Health Organization (WHO),0.3818
U.S. News & World Report ranks St. Mary’s second in the West for Best Value - St. Mary's University,2023-09-18 07:00:00,https://news.google.com/rss/articles/CBMiY0FVX3lxTFBHWXNuS3A2bl9WTDR0Mmloaml2dGlJWENDOU1kWVhIVWRacHphRTBLbk9vUkhMTF9ETEdsU0pzRVphX3pYN2JjQl9sVHZmX1ZiSzhkcmRGSUFBa3FDbUhyOUxJMA?oc=5&hl=en-US&gl=US&ceid=US:en,St. Mary's University,0.765
Researchers must navigate thorny new data security laws - University World News,2023-09-11 07:00:00,https://news.google.com/rss/articles/CBMid0FVX3lxTE15TVpEMTJXWllybkVLSHlsVzlHd2ctQWJTeXVoaFAtcEp2ZTg0RWNMY0lTcVQ3WG1ieWRWWk5wNVRWaThGZEtTZ0p3QmtndEkxR3c2RjZYeDFGa1lmWWV4bTB4Y1ZSRUUzSlJVcDQ0VV9fdVU2VDZV?oc=5&hl=en-US&gl=US&ceid=US:en,University World News,0.0772
U.S. News & World Report 2024 undergraduate program rankings - University of Wisconsin–Madison,2023-09-18 07:00:00,https://news.google.com/rss/articles/CBMidEFVX3lxTE5sc3V4QzlMaU9OeFc4bUk3RVRGY1ZEekRSdEM5blU4c3pabnpaejN3eFZZN0puVDhkUFB5eDYwNzFHWGNQQm1LV1U2X3ZUNVFMeXQwV08wZjR0cjNoX1F5WmJUVzJ0REU5XzZkb2tOcGdBeDNS?oc=5&hl=en-US&gl=US&ceid=US:en,University of Wisconsin–Madison,0.0
System’s trio of universities celebrates U.S. News & World Report rankings - University of Illinois System News,2023-09-18 07:00:00,https://news.google.com/rss/articles/CBMiWkFVX3lxTFBZZXhSTzNZRDRqU1oteGJoYzYxc21zbDl4UER6TDFiUVROMFczMjFub2RueUZwSWU5RUxXVVNoeFRBek55ZlhBeDRTWWl1eExjallramRCM1lyQQ?oc=5&hl=en-US&gl=US&ceid=US:en,University of Illinois System News,0.5719
OU Named Oklahoma’s Top University by U.S. News & World Report - The University of Oklahoma,2023-09-18 07:00:00,https://news.google.com/rss/articles/CBMiswFBVV95cUxQaUMyVXpWR0N2enJRc1plb3c4V2xKZkFvLVpGQ3pXQmZOOGVDVmRWQldSQjFsZjViRk9zOVE2T3JTWm5jSmYxeXJnWUQxbzcwRzlsMjJpeGhYVEcwTWJDNmhRZjRrb2YyWkZDVDZEdHZhNFdIcm9QLVVtQ3FJdDJCYXg2aVpvMkQ0OXd5Y05VY1N2dENXLWRMUHV3RVlYYjBmLUlUNWFKbVFNeXg0bldFLWF4WQ?oc=5&hl=en-US&gl=US&ceid=US:en,The University of Oklahoma,0.2023
Stony Brook University Jumps in U.S. News & World Report 2024 America’s Best Colleges Rankings - SBU News,2023-09-18 07:00:00,https://news.google.com/rss/articles/CBMi5AFBVV95cUxOaU1CdGJiSEpHWnowbmtKcFREWGlWeU5DVkJpX1QwbkNsaVh4V19MNzVsMnZsQVBDVW9EOXp1YzRWZEtXakZ0ai1jY2ZPdEYtVW01MHdBWkIzZm1yekg4MnNtdjNYNGVzTUcwXzFRTmhRRVBWNldhTmFSX1RsTEIxaWhkekN0OGpJTEdNQ2VKQ05HaVBJZWE2YXhFNFFtZk5GR2dBVHB0aWhmLWJ2MldSQmxKVUtmcmlyelRtblQ3ZmlOQU9FUEZkUmZ5aWFfV1NNU3A0blEzemNYMVY0Q2pHTDhMWlE?oc=5&hl=en-US&gl=US&ceid=US:en,SBU News,0.6369
Montclair State University Ranked 7th in Nation for Social Mobility in U.S. News & World Report College Rankings 2024 - Montclair State University,2023-09-18 07:00:00,https://news.google.com/rss/articles/CBMi9gFBVV95cUxQdjA2RE53TEdicXJIaDg2anJFMlpjcVlSQzE2ZkI1bE94RExzT2NCT2ozU3VuM0VnSFA4TWFJcEJLWFdwWmt5dVV4bVF4ejFHY2hodFZ4cXE3UkpOTzJSQ1FjN2xHOXQyaDRKX1VuMHN1ekhxUGFZbGdaTTNsOE90VUNlb2hvZzRNbjd2UGF0YVlpZWdjV3NhYjJJUzBmSGdEWGQyUUJrNnFCZnk0RTBEU3N6c1Zic1ZKQW9tbXJ4QS1fQ1VGd1Z0MnRScjhaUWhLX2tfZlAyTFlRcGthTnVPZ1JNelYwcnExQTJtU1BUbzR0cTFvYXc?oc=5&hl=en-US&gl=US&ceid=US:en,Montclair State University,0.0
U.S. News & World Report ranks MSOE #2 in Midwest - Milwaukee School of Engineering,2023-09-18 07:00:00,https://news.google.com/rss/articles/CBMilgFBVV95cUxQcm5QN2hSQ1YzU281ZE4zUVFxbkJ5RXJuZktvWXA0Tzl5ZldsR1lFVjMtMnFOZ0hGLUJ3VXNsb1daRU1MZ1dYNFFURlZKSzUyUjZwd1ozc09fS09jb0VNOXNjQm5UMGltNnFXUkxCSkZCS2lmM1RuaDhkaGlWQmQ5bHV5YWVQQXdZQ3pEQlFkbE1vMXE4YUE?oc=5&hl=en-US&gl=US&ceid=US:en,Milwaukee School of Engineering,0.0
"The energy world is set to change significantly by 2030, based on today’s policy settings alone - IEA – International Energy Agency",2023-10-24 07:00:00,https://news.google.com/rss/articles/CBMiuwFBVV95cUxPVUJqRUtVYzdEWVRzSFFQWEkyQks4aHBQQm5CWldMMHh0djV4a3duRmZtdFBfOEtSbURBRnpmbW5QTTNQNHJqWC1BelVzdDlJYUhzSkhRcFc4cUlZT1Vnd1FlekI2cHpGNEdmOWQyN29uRHRCWUxFRWRwU2tLcUpQYUVWejBCa0hSeGlmVmdMRzJrd0JnbS1VWHJUQ29QbExXTy01a21OZ3owd1EtcWN2Smd5Q0tkQXBwYmZr?oc=5&hl=en-US&gl=US&ceid=US:en,IEA – International Energy Agency,0.296
Climate change - World Health Organization (WHO),2023-10-12 07:00:00,https://news.google.com/rss/articles/CBMif0FVX3lxTE50VExlaEhXTlVoQ00tWDRxa090b0pTS3FPQzZTZ0swWTVaM19jUWM0ZjZ6NVUxdHV1VnJQUXVEYzJvbTVidGczX2RWX0dfaF9CLTFKbWdzeVZrMkp1MnJjeVYyRi1HRWVCOGhGV1NfTjdvcHhOZ3lxVWlSRFFZZWc?oc=5&hl=en-US&gl=US&ceid=US:en,World Health Organization (WHO),0.0
Belt and Road Initiative: Is China's trillion-dollar gamble worth it? - BBC,2023-10-16 07:00:00,https://news.google.com/rss/articles/CBMiX0FVX3lxTE1MYlNjYThXOFpFSmhOOG56MkY5MFBNcmxDckp3YnY1X2ZyNjY5SW02NWZmMnR4UzhvYjg4eDh5Q2kxekFmZ1hUMVlXbXY5VVlGTzRPWlpDUkFlMnJnbXlB0gFkQVVfeXFMTVVObGQybko3b3QyYVJaZzRqYzVfQzQ2LUdQWV9jZTctczMwMWdMMGtBT0E2alNNTHZjQmlwMHJFbkVrTTVpYm9xWEd2Q1JCMWVCb0xXYUhLN2lOZXFia3g1OVo5dQ?oc=5&hl=en-US&gl=US&ceid=US:en,BBC,0.2263
"World News in Brief: Ukraine dam disaster update, childcare investment, healthcare under fire in Sudan - UN News",2023-10-26 07:00:00,https://news.google.com/rss/articles/CBMiV0FVX3lxTFBvdDJGNUZYamlIbE9qUDNmVU9XOGd5OXgxNk9DUTU5Qy1TWUF3QjcwSzBka2VoNFB2MHJlNnRyTE1WOFRDa2V4U190QlY2WG1nelN1TlAwSQ?oc=5&hl=en-US&gl=US&ceid=US:en,UN News,-0.7579
Veterans Day originated at the end of World War I - VA News (.gov),2023-10-17 07:00:00,https://news.google.com/rss/articles/CBMiekFVX3lxTFB2NUtCQ0swbm53Y0xiRDB0WkFUZUpia3hZUkdqWkthdEJkVUhnMzF6bThfdVo3R2owYjRCcWtYbUVsZ2ZiR010TmtLalBhczlydVNDb2haNzYyZ0JJYjV3eXFpcDNuQnMzeGltdk9tLXhWbDJXUlFVcVZ3?oc=5&hl=en-US&gl=US&ceid=US:en,VA News (.gov),-0.5994
News Room section (menu position rule) - UNRWA,2023-10-25 07:00:00,https://news.google.com/rss/articles/CBMiqgFBVV95cUxObnJUNXZhSWswMFVmUjZ6SFhmc3B5THVxRVI0OWdFMHo3VlE0SHAtWXZIQzAzd3VCSEJJT0xfRE4zTnJQd3dNZkZadFhuQXNBbGZ0ME1TVGZRRnVxalJPOHN3dDJ4US0wMm9NSVd5YjdzdnpTRDVUTXh3SUdpSUYtbEJpUFB3N096MEpFM1VzWWlJMkVRSGp3bFlPa2NnM2hpRi1Zd3l0aEd5QQ?oc=5&hl=en-US&gl=US&ceid=US:en,UNRWA,0.0
WJP Rule of Law Index 2023 Global Press Release - World Justice Project,2023-10-25 07:00:00,https://news.google.com/rss/articles/CBMiiAFBVV95cUxOYVNPanlVd0ZuV3llMmtyaWVhU0prXzhZdGwyRmVkZnpyY0hhd3gxMnFoTktwMzcxbnRXM0RwMTlyS2gzZ2JmV1JscjN3MDJhOWptajlLNXAyWUU5MHBzNG1laWI0MVVOWFU4cWRyMkJWSkQtWGNpWG9zUXkyWllFT1pwZk5pQmJ0?oc=5&hl=en-US&gl=US&ceid=US:en,World Justice Project,0.5267
Philips and World Stroke Organization partner to improve access to high-quality stroke care - Philips,2023-10-10 07:00:00,https://news.google.com/rss/articles/CBMiiAJBVV95cUxQMDlhWmV6ck1QaFhhX1dxQlVERGJNR2pkenh6SXY1WjllOVdEUW1HdUZrdVdDVjBnZFdxdmJaOGhKS3ZlTHNqc3R1aEhtVjRHVlVjT2FLbzhSVGRXTUI4OE9WT3BWQ0FDTFp0MnUxTTRSSUdabzFXNDVUZUhtWHJhMndGM2pRRFlDZ1lMcDdFUFZOMzFvUG0zdG5tUmJ3WGFGekFVU2Nzdm05RHNMSXdVSC1WYWpRdnZuUmkwT0k0VXpMQV9VcUQyNGo5cFVaSFdFbUF1MEd1bXdtb3V2akd2THVJX0x4RUJqak14YXdnSXNNeVRaWWlra2M3NzNGaTRlUEl4WUhodGI?oc=5&hl=en-US&gl=US&ceid=US:en,Philips,0.7269
The first World Series was held at Northeastern 122 years ago - Northeastern Global News,2023-10-31 07:00:00,https://news.google.com/rss/articles/CBMibEFVX3lxTE05UUxpdVdma2wwSmhUekphLWkwRDduLWpTRnV2M1Rwa1F5cHppMll4YjMzNUZhd1JTTWFoNnlhUUdqenZHZ0JDYzJDXzBhSXpCYm9DOUx3dlpmSmcwOWRQZUdWc2Vnb3kzTWZRMA?oc=5&hl=en-US&gl=US&ceid=US:en,Northeastern Global News,0.0
Solve Challenge Finals 2023: Action in service to the world - MIT News,2023-10-11 07:00:00,https://news.google.com/rss/articles/CBMif0FVX3lxTFByNm9RUEpEOWloVV9wUzc0V0hMaUw3VHZCeksxdDdNS2I1UFBITm9wMXk5c0hkNjNhdTZBNkdwRTlyZjBPU1BFSjNVaHVBWVdtbHVqNnFVYVFHUVVmZ0dNdjIyNFlXUDhEeGpCZlQ5Wmh2TUQ4LUFkSlBROWdzQzQ?oc=5&hl=en-US&gl=US&ceid=US:en,MIT News,0.2732
Janelle Rodriguez: Delivering News of the World to a Wide Audience - Comcast Corporation,2023-10-20 07:00:00,https://news.google.com/rss/articles/CBMipgFBVV95cUxNaHZNd0ZMaEFqNHBYVUF0WWlzOEF4N3dEc1J5Q0E5Uldhd25kc05GQjFLd3BSaHZ5NEM2cW14azlZQ0NnZjJKMHFqWlpKLWt5R0FiQnh0TnBEaVh6MkRjS2xLaWFhZVV5MmVVdF96a0pZNlk4MThaLWlDZk9OUE1URF9ZMEVhUlNkeWNvWjZVZjBnRWpiaTkxR0ZUZ3kzMWN1anlGNVVR?oc=5&hl=en-US&gl=US&ceid=US:en,Comcast Corporation,0.0
Damning evidence of war crimes as Israeli attacks wipe out entire families in Gaza - Amnesty International,2023-10-20 07:00:00,https://news.google.com/rss/articles/CBMiygFBVV95cUxNRmNGVlJVeUJiWmcxbzBjWVVWdlRmSXl6ZEN3Y1pqb2llMFdrRjNYZDVmZ3lBdTk0aU01TGR3cTh3ZDBLMHdjbUdzazFsdU0ycE95bUw4bDMzYUd0NHJZUDlUX1RIM2lnWVVZZ3hCZXd3Vkcwb1ktVFlXX080NFR3TkNUaEc1cUtETGR4SFAxNUNwclZ3RzRTOHhPWHVoN0ZqY3ZBZzNBTmhINnBjU2laTHROdS1JSC1OblZjTFkxdV9Ec1BUdU43aGNB?oc=5&hl=en-US&gl=US&ceid=US:en,Amnesty International,-0.8481
Why BBC doesn't call Hamas militants 'terrorists' - John Simpson - BBC,2023-10-11 07:00:00,https://news.google.com/rss/articles/CBMiYEFVX3lxTE9MNVpQT3Y0b1czSmZkdXQzMmVCUGIyVE90anI3Ump4ZzU4cmowY1Z5ZHYyZlZOa3ZGdkhSa0lHNlZKLUJpZmJ0eEwwbUt1dlRWdkFFX0YwZFVnSDhibTF2d9IBZkFVX3lxTE9ESDFzZVdsRHA4VEVIM3c4OXNLeGlyaVhDRXZTQmllc0FlVWM4dk1NS3ZMRHJBcFk0SkRTcURrNmtKelNwcEtFcXZEamJUeXlVbGkwT0tIN0xqVWhmRFpUSkRDUEJ1UQ?oc=5&hl=en-US&gl=US&ceid=US:en,BBC,0.0
WHO outlines considerations for regulation of artificial intelligence for health - World Health Organization (WHO),2023-10-19 07:00:00,https://news.google.com/rss/articles/CBMivgFBVV95cUxPQi1pVEF2emhfa2dwOUVqdElzWEtUSGxGV1RTLWtjbkI5ekt0RmRYbkRTejR1WjRWYmNTZVplTVhmdVBnNDRxMXJkMEtJLUEyczhRR2N6TTEzYkcwUHdkQWZ6UFFraEFLeUNYSGJaZVZTdGx4YXhPN196SUFONHZQRUJXdVJEajkzNHNOVkVoOHdGemlWSGQ4NG1HWTNLRVQ2ck0yWjhBVXB6SjBMenF5ZkZsVDBMVlNsVm5mdFpn?oc=5&hl=en-US&gl=US&ceid=US:en,World Health Organization (WHO),0.4767
"World News in Brief: Displacement in Gaza and Israel, Afghan earthquake response - Department of Political and Peacebuilding Affairs",2023-10-09 07:00:00,https://news.google.com/rss/articles/CBMimwFBVV95cUxNU0gtQTEwWkNTQnF2Z2FMT09UQno0dmhtaElwNFdIT21TVVktYzRaTi05T3BTS05TZ1BTSVpHU0JvWkg4blp5a2FLSTdibGYySktDWnRWaG04WXBzSWIxczZOcHRfazNMOW5KOUJXSTg5SmRkRkQ1MjR0bDEzM3VNOUhqNVo0aGoyUUJuODhfaDh0M0R5Si0tNWl3Zw?oc=5&hl=en-US&gl=US&ceid=US:en,Department of Political and Peacebuilding Affairs,0.0
Israel's borders explained in maps - BBC,2023-10-11 07:00:00,https://news.google.com/rss/articles/CBMiYEFVX3lxTE45T1VnYzBmeEg3X185RHp5ZzA4NWZ4RF9ES3VybEpfUUVUNGZrUmQ3WTlvd0lxeWdPbG9feDFCcnZzVmpYLXV5aG8xWk1mWlRUeFUyYVdlcXhvN1ByNkFQbtIBZkFVX3lxTE52UE9FZlFjTWEtVTgxbkg2NnVrVHJqeW43YmV0a2RWaTl2RlktUGJrbFhtSkxIZ2kxSWpoR3dNYTU5ckFJTFMxbW5BRE1INXFxd0JqNVJ5RDFEQ0tpblZ1My03eFl5Zw?oc=5&hl=en-US&gl=US&ceid=US:en,BBC,0.0
Evacuation orders by Israel to hospitals in northern Gaza are a death sentence for the sick and injured - World Health Organization (WHO),2023-10-14 07:00:00,https://news.google.com/rss/articles/CBMi3AFBVV95cUxPWXU2LUo0RmJnVWl0eTNMSGtDVFNodDZ4ejF0OVNlMmdTbzJXUG1PWGdnMGJyX25GODg0OW45QTVIdEw2UnlUSXkxVU5Nd08xeVNmQ0t3cmF3S1VSSUN1Uzkxem0ta0ZXZUMxYmVvTkdoa3c5RVZnbHMya2NiQkdzbkh4X3U1R1RHUE5wRXlFSWpMd1g4TnllYm5rMXduN3oyaFBVdDNfcnVRTjc2UGtDZEN1SDQwdjZ0NE9kSVBxQjR2b2sxcElDZExRRXhQZkVxQlhFZE02MjgtbTlt?oc=5&hl=en-US&gl=US&ceid=US:en,World Health Organization (WHO),-0.8625
"World News in Brief: Femicide ‘pandemic’, war crimes appeal to Israeli lawyers, Syria child detainees - UN News",2023-10-23 07:00:00,https://news.google.com/rss/articles/CBMiV0FVX3lxTE4tMV9FLWZPUDFDdFpNUWprWlAyd0p5V2luTTZLQ3VMRG9KYm95dksta1BQcUh3QnZyZklER19zWUtuRG9lZkhiLUlxd244MFJQVjJnQnhXRQ?oc=5&hl=en-US&gl=US&ceid=US:en,UN News,-0.5994
"Gaza hospital: What video, pictures and other evidence tell us about Al-Ahli hospital blast - BBC",2023-10-19 07:00:00,https://news.google.com/rss/articles/CBMiYEFVX3lxTFBlRklXSlB3Y25saTlta1ZpU1lITTZRNXVpMWV3MTRpNXE5VlRhbGRUX1ExaXB0UGMzWDBXOVZvT0ZyUGFmbGM0Vm8tREhaZDU1RzdGcmc2SHhVd3NQTDlRYtIBZkFVX3lxTE9qM1BrNVVuRHg0Y1lsaG9wTnhhVkpWZ1Y3S3N2WDZJdl81YkRzWHZ3RkR5TlV0LWFvbU9CZ3R2MVdQSTRJbjhOUlBYLWxqN05QbmZDdmVDVVhoME93X1l1b2NhX05tUQ?oc=5&hl=en-US&gl=US&ceid=US:en,BBC,0.0
"World News in Brief: 500 million heading into extreme poverty, Afghanistan quake latest, Darfur deaths mount - UN News",2023-10-17 07:00:00,https://news.google.com/rss/articles/CBMiV0FVX3lxTE1rbFhtcUFEUHZIUnJ1MElRcER5Zlk2Z20xdFJNcDJ6aUVyd2NRV0VTM2FRc1RSbkhBU0xCcUlwVEFPbjk4TjJtVVB0TklNMkdmLWduYlhydw?oc=5&hl=en-US&gl=US&ceid=US:en,UN News,-0.5106
"World News in Brief: Sandstorm alert, albinism and climate change, rights in Peru - Welcome to the United Nations",2023-10-19 07:00:00,https://news.google.com/rss/articles/CBMizwFBVV95cUxNLUdLU1kxUDdxeVNoWEFONmNSOWRsN0FIOTl2cWoyZ25OY1lCS2FlNmxfV0Y0NGxpd0JpczF5SGpYODRCRk5xOFdhUkltNTdYbHktb3pfbnZkVTEzeHZlWnlYVmV0RGVwX0pLUUNmcWxrS2NnY0R3c2x6NzAyOWUzaUo4ajA2ei15SFlZeTRzV0JfX0JFc0M1TFJDeUhIaF9SZmFMZFVIazVCY05QcGtlYVFQamNvRXZWTk1adzU4VFZxQWptVUg0ZFNlTEdoV2s?oc=5&hl=en-US&gl=US&ceid=US:en,Welcome to the United Nations,0.7906
World Bank controversy sends loss and damage talks into overtime - Climate Home News,2023-10-20 07:00:00,https://news.google.com/rss/articles/CBMirwFBVV95cUxNVzRmZml1UTlIWHBJbk41R29ybEtzQkxsd0NBcXk1RmRVbXhMSVNYeURXaDRMT1B6V3NOdGhFb09SWGxseW42N0pWUDlrc0t1M0xOX3lyN2Y0Y2swa25teFJpUTRZTnpacHR1cjcxR1Y0V094SmEyR25LMU1QVi1reEIycWZXV0QzdTRnYWtMM0hnMlBLTlFIMmV4VFNUTFNTVk95b2VsajZiT3VOanpn?oc=5&hl=en-US&gl=US&ceid=US:en,Climate Home News,-0.6705
"NASA parachutes asteroid rock samples to Earth, and other tech news you need to know - The World Economic Forum",2023-10-09 07:00:00,https://news.google.com/rss/articles/CBMiwAFBVV95cUxNNGxySWtnem01b2RYNTloTWFLQUhXWDh0bXFyci1QNklIYzZwRWR6NUtsdDRsdDUxWWZYb1JVTGx2dEU1QzRYZDNXQnBqajN3eXdDNWVVUW9EWk5rbHh6XzVMVkpZNllqVFZVRXRHRldzRDVIbmN2eWtGcUdpZ1dJMGxuMklvYmhpUjRWbkRlRHVhTHJZck5BQjdOQVZvTjNZY1JMRExUbDBwUWhfVFhWMjZjVUg4YmEyVmxzeHhQSmI?oc=5&hl=en-US&gl=US&ceid=US:en,The World Economic Forum,0.0
Context News: Refugee-Led Organizations Can Help Improve World Bank Financing - Refugees International,2023-10-03 07:00:00,https://news.google.com/rss/articles/CBMipAFBVV95cUxNWmg5Tk1zaFB2aUw5UEtKWmxUczhpdDdST2JOSFF4TTVZaXU4TktJZ3FTYnN0dElKM3k2b0o3WnU4SzBCcVc4UFY0anVWeFJ2SEpKN2RkeVc5OHVtSHI2VlZYRjNVcktyLXdibjVpb0ZwS3FfRm1DbExZMEpPM3ppeF9UTUZfdHpad1BGcDltcjFCTTlxWFZibXo2R0VOa3pxejJvZw?oc=5&hl=en-US&gl=US&ceid=US:en,Refugees International,0.6808
New World Update 3.0.1 - News | Official New World: Aeternum Website - newworld.com,2023-10-17 07:00:00,https://news.google.com/rss/articles/CBMidkFVX3lxTE5pUTFrNVVoc2NIemlNMHFmX0dLQjhwVDZiVnRVSXl3RmZpZ0I1Y3dmTnk1d3BIVmhUbldYdmU3aGFGWlhOMGhUSmNWOFNkbHhoOGRaUERtZzJMMjVlREsweFdOT0RVdm0tc1FEcHQ4VmdQY3hSbXc?oc=5&hl=en-US&gl=US&ceid=US:en,newworld.com,0.0
Let’s ditch the binaries and join the ‘all of humanity’ club - University World News,2023-10-19 07:00:00,https://news.google.com/rss/articles/CBMid0FVX3lxTE1tYktmQzJjY0RfTzJscUVKVS05YzM3ZzlCN1BiX3dGd3p0OWlSdjBySy1RYXNmbVJUd1JMTzVvTHlBem1JVXR6SmdnODZsVUdMT1hKVTN2a0Zoc2xxa3RfN2Zzb0M0MEFOTVdxNnIwYUtmaVM2V19z?oc=5&hl=en-US&gl=US&ceid=US:en,University World News,0.296
Assessing the Global Climate in September 2023 - National Centers for Environmental Information (NCEI) (.gov),2023-10-13 07:00:00,https://news.google.com/rss/articles/CBMiYkFVX3lxTFB4RnkyZW5RN2hzc3daU0ZHZ3JqLVlDS0dmV3ZCd0pxaXpMYXZqczRneC1Wa3FkZGpJOVUzVnlPOE91TzZCVGNXM0EyU1N2cHY1aHVoRm1DWDZydUNxcld2MDB3?oc=5&hl=en-US&gl=US&ceid=US:en,National Centers for Environmental Information (NCEI) (.gov),0.0
"Egypt warned Israel days before Hamas struck, US committee chairman says - BBC",2023-10-12 07:00:00,https://news.google.com/rss/articles/CBMiYEFVX3lxTE5NYjVibkFDaXg0eXBlZUZFRmcwTmR5aVFNNlk1eDlaazBCMzd5SHZ6WmxzNjBBVnhPVmVXZUtaNC1SRTkySHFvRW8zaTJTcm5GWXJZRzlDWWFJbklqTW9JSNIBZkFVX3lxTE4yQ2c4RzhqYjlQbkZQSHpzWnpxODJIY1QxRHlfbkVLTEZmU0ttSHVkYzdGM0M2c1hGdC1NeC03MWNTYjBQOU1RSFNnYlBHVnpULXA3LUN4bGJmQkpTa1dyTm9UZGVRdw?oc=5&hl=en-US&gl=US&ceid=US:en,BBC,-0.4767
USF Education Abroad Director Wins 2023 Person of the Year Award - University of South Florida,2023-10-27 07:00:00,https://news.google.com/rss/articles/CBMia0FVX3lxTE5PalVabkI5Ti05dkJCTjlIY2pkTDdLamxkYnZLQXI0TlJ1d3ZuX184OGhfSFVvVUM4MVhjUk9ZYWFOV01iTTFGWHpnLU5tYjkxakgyYmIxRFBrNnNYOVJucllEWWVaMUl2QmJv?oc=5&hl=en-US&gl=US&ceid=US:en,University of South Florida,0.802
Evening-News Battle: NBC’s ‘Nightly’ Makes Key Gains Against ABC’s ‘World’ - Variety,2023-10-31 07:00:00,https://news.google.com/rss/articles/CBMiwAFBVV95cUxOaHB4Y2FLakoyZVU4S09GcTdQZXNZZFNZT2EtM1dfVmpIdDEzNEY2VmtNblRvR0pwSDA5S0RRNGR5UDBpLUh2Wm43ZXRrRU96ejljSkgyeTlPVWp1Q0FmWW9ya1IwQWVJMkVJeXE0WS1qSHp5Wmx0YjhhYW92dXlQN1NPcUtUOHdhaTU0TGRneFJfczR1UlVTVy1YZmZIaHNLazZGSXJmemQ0dXVJcHdKV2dLd2dvNkZSS3hIRjFHMk4?oc=5&hl=en-US&gl=US&ceid=US:en,Variety,-0.0516
OPINION | Recent rank change erodes US News & World Report credibility - The Tulane Hullabaloo,2023-10-18 07:00:00,https://news.google.com/rss/articles/CBMirAFBVV95cUxNeVJOSlFsSEJNUWJyck43OUxXR1NWVjBJTXE2c0JYcmlmWW43dkNjWVh6Wk5kU0VVZU5SMG9WVHVxbmtqTlZKYUNpdnhCYmFPV2ZoWmZva0k5TEdKa1lHaG53UUt3RmRFd3luZVpfVzFnSWtnT1FzYWVYWFg3ZFh6alR1TVhPTWhrNExZYS1NSmRacHg2RUh0SloydjZGOFkxT1BwY3QwMEJ2UHJj?oc=5&hl=en-US&gl=US&ceid=US:en,The Tulane Hullabaloo,0.0
Floating nuclear power plant set for first refuelling - World Nuclear News,2023-10-13 07:00:00,https://news.google.com/rss/articles/CBMimgFBVV95cUxOUmhRaEdoN3RSR0hSbEFvY0M1cGx0R0RhcDZrSTR3OVNNUG5LakZuWWRyQ1ZvaXVOMXIxeFpFSVNPUUtJdGxSVUZsdllnSGhSdk9CdThXcWJ5V1Rnb0Jyb3k3X1NTUHJXdEI0VkotMWZfOVFUTE56OWdDbkQ3dTRWcjZUVWJ5ZE1wbTJBdzJxYklEX1B1X2tUWVhn?oc=5&hl=en-US&gl=US&ceid=US:en,World Nuclear News,0.0
Autonomous driving tested with real-world scenarios - Virginia Tech News,2023-10-13 07:00:00,https://news.google.com/rss/articles/CBMifEFVX3lxTE9ndnZLRjV3ZWpEQjl5eW9xLWtiYzBJckxfMGMwMTFYU09Wa0tiejk4cWZmNzU0a1VEdUFxNjVBY2k5WUUyZ1hXQklFRFJuWlVxME4wSWhjNDVfUHd5T1p3UzVPeVVjeGVoMnRORFQ3Z3lpLW9RdHNQSGM4WUg?oc=5&hl=en-US&gl=US&ceid=US:en,Virginia Tech News,0.0
Cleaning up one of the world’s most commonly used substances - MIT News,2023-10-13 07:00:00,https://news.google.com/rss/articles/CBMigAFBVV95cUxPeWRNVWREVnFZMzFBN0IyS2FVTVJJbENtTldIRGRFY3JjOUFBNHJsT21LYmpIZnBJb0tacG5Lei1uWW5JUVQwRWw0S1oyRFhiQVpZa2I2WUpxUlpCLTR4eGUzaUZHUzNkakNTUlA1YW1mQWxJR045VVRTc1BZcDZObg?oc=5&hl=en-US&gl=US&ceid=US:en,MIT News,0.0
Climate-driven extreme heat may make parts of Earth too hot for humans - Penn State University,2023-10-09 07:00:00,https://news.google.com/rss/articles/CBMiwAFBVV95cUxQUXJEUV93c2stZ3JYdW9keVJ0UXhqbzVZVEdHVnlXR0h0Y0RxUG1qWU95a0ZXYnRUOERJZjczcW9RV25LTTBaQTFTX2tIOThQWk1wMWpTWTl5Xy1zWDVuU3dfU0hKZ1d2X3JtZk5wU2pNYlY3d0poTkN2Y2xhNjdRUElwTWJJa3FuY1NaeGZvSnpQZHdpVFdUSEl4VXpPdU1PeklKWm5TYXZ5aUxuczRVZzk2MkxfVHlZSTZKazNKWmU?oc=5&hl=en-US&gl=US&ceid=US:en,Penn State University,0.0
"Global Catholic population rising as number of priests, religious falls - Vatican News",2023-10-20 07:00:00,https://news.google.com/rss/articles/CBMirAFBVV95cUxQNWczX0JBSEpUQzcwMXRPaFhSWHRtTjJseUZ4RXVCZTBkU185aGpoV0VMUU5BVFN3RWEwLTlFa2FDaVQ3eWM0OEJ6cV9QN3JaQVdpUC1NY1ZwMEprdm1Pdjlmd3hrVE02TG9jZm1BYmE4VG9HSURsVXd4Y2pYTnFvN0dVc1BUTzRsTUd1eTliSXJmTlluNzcycFU2dVFWLXRXblM0aUFmdnBEQ3Fv?oc=5&hl=en-US&gl=US&ceid=US:en,Vatican News,0.0772
WHO-OHCHR launch new guidance to improve laws addressing human rights abuses in mental health care - World Health Organization (WHO),2023-10-09 07:00:00,https://news.google.com/rss/articles/CBMi1gFBVV95cUxQTXNaeEo4MXAtMUpPUk5rVnhjNEZyRmozckJ3UFNRd2pDOE90eXlaM3F6TkVMQWhlXzA5c3RRdzJwU2duVWp5Q0dDWnNpcUhzV0pzdGFKSGQ5ak9tQW1iLW1IMUk3VHVuWENhLTQtVHhFWmRPWGl0UmVKay1vS29vMUdrd1ZyWHNEYlg5NUlwZ19MaW5MV0RQY3RXLXlyV045TXEzcUZWNVhycHpvcFFnMTJXcFAtWUdrQ0thcERDVGZQbjlLNmRNWlROYzR1YnpvZjFuaWFn?oc=5&hl=en-US&gl=US&ceid=US:en,World Health Organization (WHO),0.3612
World Food Day: Pope Francis calls for global solidarity - Vatican News,2023-10-16 07:00:00,https://news.google.com/rss/articles/CBMiowFBVV95cUxOdXZhMUdKa2wwWHR0b1lpZi1CR2tDM0Itc0JkUjVsVWhPc1NVYkN0b1h6WFMwblV1aThzaVpicF9Ta0tyeGFVTmdxNlJrMk1xSDk3VWpLaTNpakdzNnYyQ3gyakE3T3hkbTQ1aFpzc3FLdllYaWQ4S2IxcEFJNnAzUEtveTlvMURHbkxKZUU1UmpkWWFKWEVIeURmd1Z5SUZwQWRR?oc=5&hl=en-US&gl=US&ceid=US:en,Vatican News,0.296
World Bank President on Ending Poverty on a Livable Planet - World Bank,2023-10-13 07:00:00,https://news.google.com/rss/articles/CBMiuwFBVV95cUxNWG9NRVdQUmVRNkpYeUtfMlZXMDY0MVgtdS1NdklzZDRiMGVyUUtuc1FtTXQ1ZWJ3bEdHV05KaFZtaTdtTkNzNGNLNHZVelFDUURsWXZBQzlSUld1RW5zbGNPSE9BVXNqZXhCdXMxRlVaNjZXeER5R1d3U05zNlgyX1RLb25tNGUtejhGZ0JVcTEyMEt2TDhhSjdnbUxKQVpJVlYxUmRZc0xob1lUS3V0N1pTdC1XWXR2Z0dV?oc=5&hl=en-US&gl=US&ceid=US:en,World Bank,-0.5106
FBI director warns antisemitism in US reaching 'historic levels' - BBC,2023-10-31 07:00:00,https://news.google.com/rss/articles/CBMiXkFVX3lxTFA1ZEt1OVE3cjhwMXlZNm1UWXpQRXlrMkZIYTQ2M3BnekJTZW00ZFVNR0g4dDJGZzNzbTJ4NHF3WEdjOWlSVi1EOVR4a01TMldQeFFqU21DMlJhSlo5TnfSAWNBVV95cUxNU1Q5OWZvbFd6UWVwSmo5Uk9CV2xwMHRiNFV4MExweVZ4cmFiRnQ1b0ZVRkVPZ08tRm5zQ19oeXlyZERBcDBoczZfenMzSEhETl8xdHl3U2RHNW9oYklTUGxXWHc?oc=5&hl=en-US&gl=US&ceid=US:en,BBC,0.1027
WHO issues global plan to tackle leading cause of death in childbirth - World Health Organization (WHO),2023-10-11 07:00:00,https://news.google.com/rss/articles/CBMirwFBVV95cUxQVS1VSUZILXhvQjFuVEUxNVAxRFA3ejl0QkhuQXBPSUhJbWlxZ0tTWDVLNFhvWGJSU0xyQXItT2JGV1hMSXppNDl6WThGVDFmekllN0E3YTRMdG5xRnhTOWs1OWZrb2E0U193MkVxYTFCY0RORk1lQWxGNXBuVjctbmdLYXNwdXU2QXUwLU1QUTg3eGFyckh6N1dkc3djY3pWR1BnTnIwdTFPX210Mkdj?oc=5&hl=en-US&gl=US&ceid=US:en,World Health Organization (WHO),-0.5994
"Putin is ready to take advantage of Israel-Gaza war, says Steve Rosenberg - BBC",2023-10-13 07:00:00,https://news.google.com/rss/articles/CBMiWkFVX3lxTFBsSXBaTzVIQS11VlY3ZDBtNFBMY05NdzJkMXFmZ3JmSmFqLUZzYXcwZzdCYjVWeTcwakUxVnRwYjRma2tfU05wYmdKTy1iOTExXzhkOWpiMWU3d9IBX0FVX3lxTE54S3dyMm1xaXo1ZExBNmZ6RF9YcDE0aW9INFRraHA3ekd4bHExdjAyQUdua1J0TVZWREdSdi1pRXNEN1ZtWGctaE1Bal9UbjV4Ty1iSEZVdFNLZUxJOVVZ?oc=5&hl=en-US&gl=US&ceid=US:en,BBC,-0.1027
"World News in Brief: Funds dry up for Afghan quake survivors, child deaths alert in Sudan, diphtheria outbreak in Guinea - UN News",2023-10-18 07:00:00,https://news.google.com/rss/articles/CBMiV0FVX3lxTE9uZy1abG44a0hXVnlaalN2WFh2YXhLQ19EaUwzTUUteTVFS1J1Y2o4a3ZMOFd2VmU0bXBNWUNzOGtzZWhBMHBoMmd0OTFTNllEb1gteC15WQ?oc=5&hl=en-US&gl=US&ceid=US:en,UN News,0.296
Could changing social media incentive structures combat misinformation? - The World Economic Forum,2023-10-05 07:00:00,https://news.google.com/rss/articles/CBMinAFBVV95cUxPMEdTUWRtZXJSanR6ZVFfMWtuUzhNWlVGRDNWNF9qSXR4cmlUSU1ma21xNlFWWEZhV3FwR3JBN0xRMjRjeHVIQWlvNXZqamxCRXpWYWRMZElkRkhjeVJXWGZ4VTdGUV9hallrSTNzUGxKUHRkV2JzNmFEUU9vYXpaZ0FjTFlEMkRoVnNMN3EtT0hvUV83Y2E2VUtmb2k?oc=5&hl=en-US&gl=US&ceid=US:en,The World Economic Forum,-0.296
Exploring the world through the lens of USF Bulls - University of South Florida,2023-10-02 07:00:00,https://news.google.com/rss/articles/CBMiXkFVX3lxTE5ZcEhDR3BjQ29yc1oybnNqV2dEdFNpTmg4UUdKOEZrS3YyeDNjXy14SVVOeGlnZ2pyN2UtVGphTlB1dlhjRk83NmRXd2lJbDZZRWxDUzc5RHZxQ2lqTkE?oc=5&hl=en-US&gl=US&ceid=US:en,University of South Florida,0.0
Explainer: How UN delivers lifesaving aid amid crises - UN News,2023-10-12 07:00:00,https://news.google.com/rss/articles/CBMiV0FVX3lxTFBOQVRiLTFKN1hxNmhKME9SXzJQMmtpT29sVHV4OGwyV1A5TWpaSENBZjJUMU02TlVUalVDcGNRM3UtUW5jSW15MEplWHVZcjJlOWxZWTJocw?oc=5&hl=en-US&gl=US&ceid=US:en,UN News,0.0
"World News in Brief: Reducing disaster risk for persons with disabilities, Afghan quake latest, global aid funding off track - UN News",2023-10-12 07:00:00,https://news.google.com/rss/articles/CBMiV0FVX3lxTE1PS0wxWEFIRlFyZ19kSUVVLXhRREpjYW1raThVS0h0TjRFMmM0VERnTWdwRXZ4NWladDNGSU8tcFQyZ1Jia3FUVnYxVWVjR01sbTdpSjdMbw?oc=5&hl=en-US&gl=US&ceid=US:en,UN News,-0.7351
India’s Unique Opportunity and Important Responsibility as the Pharmacy to the World - fda.gov,2023-10-25 07:00:00,https://news.google.com/rss/articles/CBMisgFBVV95cUxOWTNYZmRIZWdTNUxTWDlHbU56YmNZTzJ2TmxKY0VTcVJpMmZWR0F1Mlkzb1A1bkRUWnVaNXYtVG04QUNQTHNsQW9BMm44UWtEYU5oZ080aTRVYW13ZFpZQS14V0dtbG1EQlMxcG5tWnlMNTlSNkNTdkcxUWNKM0lfR0JLeHJqRENtTk9qVlp1bmpVR2d6Y1hFSHEzZU9DTDJXbldyZzVneTYtQzByYWdyU19R?oc=5&hl=en-US&gl=US&ceid=US:en,fda.gov,0.5574
The brain may learn about the world the same way some computational models do - MIT News,2023-10-30 07:00:00,https://news.google.com/rss/articles/CBMifkFVX3lxTE9CVk5GQjJpX1FCUkRIWkh0OGNSVTQ3TnVlNU5JUlZlRFczeHJMZ184NlpKeGszbDBtV2JVOV9OdGNVSWtKSkFyUndwWno4NnFwOTkyM0tndzFSVU1zeFhBU2VuRzMzV09mMnRFMnFfMmdGQ0JFbURjYXhLMXRvUQ?oc=5&hl=en-US&gl=US&ceid=US:en,MIT News,0.0
"World has abandoned Afghanistan, says country’s last women’s minister - Al Jazeera",2023-10-16 07:00:00,https://news.google.com/rss/articles/CBMirAFBVV95cUxNaktKZDhhdGFQcEliLUFFWk5vUzk0QUdxd3dpci00NnYxa3Y0ZlpfUXFVWHVSQ19kc0tGaXVVUVlDN1MxeExpSm1vUTVWa0pra0RXbzdubENobDI0MDA0NW9vQ0hEcDJTaDY0ZTFTTmx0U0NaN3phdnZHNE1RTHVrMW96c1ZKS2tEY282QXRGaGNzd3kzLTBXX2RxZHdVV1NOdmdYUmFnc2taaEdF0gGyAUFVX3lxTE9yNkZnQmttT2l5YWhSX3p1My16RlIzRUM4cUxNMmtsZkJwWW82R0lZV0xfMmRDUGlMTHUwNzlPcTJHeE4xNS14ZDFkc2tHVTFPLTAwZVZfYmd6emMydXg4aExHQ1EwWmJzZ3hHREF0WE55VWYyS1dqaFhUaF81dFZsZkhkeWc4dWNEd3V4dXNqb2VEUlZUU3VXWjBILUJyNVdQQlhrQkFOaXRmN0p0NEpUQUE?oc=5&hl=en-US&gl=US&ceid=US:en,Al Jazeera,-0.4588
President Aoun joins students on the Oakland campus to kick off a new Experiential Entrepreneurship program - Northeastern Global News,2023-10-18 07:00:00,https://news.google.com/rss/articles/CBMikAFBVV95cUxPaEZWbEI4RzFGOFhxVHllUlV3amJ0QjhCaDQyVlZWWXVwS2RiYVhVYmdWRFhaaUVqTW4wejhPVV9VM0FCMFA1OFpfR0RwMHhqUnJNVVowWWlUQjZJdW1JRXFrVUV2RVJZZ2dUSUlyXzIyZXNRbnpTYm4xUzI5a1QxVV9PUVM5LUItTHRVaWRvQms?oc=5&hl=en-US&gl=US&ceid=US:en,Northeastern Global News,0.0
U.S. World & News Report drops Northeastern from top 50 national colleges after altering ranking system - The Huntington News,2023-10-20 07:00:00,https://news.google.com/rss/articles/CBMi0wFBVV95cUxOR2FRdzB4WWhLVTUtYVpoeTdRREE1WnFWRGsyeWc4c2dBZG1UMWhpVTd2bXJWSmZJWkVXQjJsREE4UXA0QUh0UksyaDRtbmtmb1VlamVqUWR1bWR1Ykl3aDRqTklCSHk0V1liZHNzLUdVYi1reTczS0dFVVVSbXZNMFJJQXdvUDdPeXZPYlVBajdldTM1ZHIxQ0s0ak84Y3ZHS2h0OGp4WFdMSGpUakJKWU84WUM4ZC1MR19Xd1VtQ1pkenlJTjB6NG83QldVQnYtWjhV?oc=5&hl=en-US&gl=US&ceid=US:en,The Huntington News,0.2023
Ground-breaking urban public-private collaborations and other city-focused stories you need to read - The World Economic Forum,2023-10-25 07:00:00,https://news.google.com/rss/articles/CBMiogFBVV95cUxOOVQwdWR1WUJTUjRqSzlsQ2c0ckUzMFFaX1pxVEptWXZjRUw5VnhhTjNZSGVQMmZBbFVvbWdyU2ZEMktmN3ZzaFUyZlh6aEJaczNuaXpZVEdUQmk1Y08zZHhMM0lKVEwzTVJNTkFSNHBIZmxQNENLTXNVVDF2ckQtaGlEMHp5Y3dvS0xnaTVwdEJLbGtJcVJYN1ZwaWtzeHJiSkE?oc=5&hl=en-US&gl=US&ceid=US:en,The World Economic Forum,0.0
Five key themes for improved mental health care for refugees and migrants - World Health Organization (WHO),2023-10-10 07:00:00,https://news.google.com/rss/articles/CBMitAFBVV95cUxOOVhESzk0QzBtWl9yYW1JUy1QRGcxTDhWVVB6VGExbzhScjNTR0pKSlFFV0J4d2paUm9PWUc4R0VaOEdwdFdkUXozbHgwLUl1Y05WYVBMazc2OTdFdjVJYkdhdkJMRGRKMnZlX05oOE5NMGFFeXRmMmd6cUc3SS0xS1EyUGRBdTVvQWtFdVY3UXItdm5yd0VTYlNKNTFnWk10U3IzWmVmd3hBQ0d3SFBnWm9EUnQ?oc=5&hl=en-US&gl=US&ceid=US:en,World Health Organization (WHO),0.743
"Q&A with USF alum, Julian Escallon, an Industrial Engineering graduate from Colombia - University of South Florida",2023-10-25 07:00:00,https://news.google.com/rss/articles/CBMigAFBVV95cUxPVTlQYk5weWtkbEFsdXA0eVRvV2xIN0o1bFZsVnc3T1RlT3hLZHZMdEdvcWd6UmkyOUVJTzJXU2lUUFZkX3dIY2NSaVpDT2dKd1p4MmQ5UnVyU2FDRWFQcXlJZDRHNDhpdTlXcXAxSTBNakdDa3dQRy1QRVRNRkNVNw?oc=5&hl=en-US&gl=US&ceid=US:en,University of South Florida,0.0
Experts on disinformation talk Israel-Hamas: It’s a ‘toxic stew of an information environment’ - Northeastern Global News,2023-10-30 07:00:00,https://news.google.com/rss/articles/CBMieEFVX3lxTE5wU0lQMHN4WDg5QkZ4dmtNRVpnUkxrMTY1YzBLZ1VERVR0cVNpRVRfWjlKT1hCbmxIOF9vcnFZMXRlenhlaEhMY1ZsRzFfOTZIQTBNbXJrZEstbEpUQk9UZ1hGRV9CV25VSEM5SVBuTmtIU0F0eVQwNQ?oc=5&hl=en-US&gl=US&ceid=US:en,Northeastern Global News,0.0
Global Hydro Intelligence analysis unlocks secure water resources - usace.army.mil,2023-10-20 07:00:00,https://news.google.com/rss/articles/CBMiywFBVV95cUxPOW9CdnRBclhwZlNuLWJBWng5bk94SC1OOHR1Y0xZanQwUkFhY1Frb1ZLWEJFbllDNnJ5WWhvaW1oUHhHdExzQ3JqVkR4bUlpbTg1bXNYV0kzVXlqQnZsV01rTExRamNVWjF4Z1UxTU1pdVVpcHBqVFo5WU9EUmU1SEs5UGx3eWhsMUZrZnZGU3BrOHRMM0xIWGFPZl9DTzJwX09fM1MwTVdtbm1iOGVNUzVub3JRQ29lbzhRTUJ1elhQbTk0MHlER1Mxcw?oc=5&hl=en-US&gl=US&ceid=US:en,usace.army.mil,0.6705
Urgent action to cut methane emissions from fossil fuel operations essential to achieve global climate targets - IEA – International Energy Agency,2023-10-11 07:00:00,https://news.google.com/rss/articles/CBMi0AFBVV95cUxNY2p5R0VRNzdBTUNaQ045UXhpRDV2Ymd5V1VCUXFKa3Jmb0ZfTy03NzJFajFjcmhkVmtGdmZUekNuX2d0T2RJRG4wS3ZwM3BmMnBIb2xaX1RlWklYenM5U01wQllTWGVTWEp0WGhJVkVrUG9NMXB3TVpDT0FUNUFUM1gtQm91Z2dYa1oxdl9uZmpRTllVS1p5T2RibktMV01tU1QtSjFPUGlkZkFvV1J6bjdMNFRYaC1YSFlhVUtjVTRMbGozV2dBT0F4YXRnR0xo?oc=5&hl=en-US&gl=US&ceid=US:en,IEA – International Energy Agency,0.2023
Ending Poverty and Ensuring Dignity for All - World Bank,2023-10-16 07:00:00,https://news.google.com/rss/articles/CBMilgFBVV95cUxQSS1kRHBCcld6bkN6TkN0VGRYN05GZUtLWnNRSHFzbDhyMm9iaDUySGZuQnlUVEtaTUFuMjVjYk5rcmN2MXQ4TzNERm5KeElRSmVreTVQNWM0ZWZTRTE2OTBlQ3p3djZTcW01RDMxdTBHbjlBOURybVFaRzZvLWtzQk85WHBqX05Wd1U1MUx5dnFFQjNrMnc?oc=5&hl=en-US&gl=US&ceid=US:en,World Bank,0.128
World reaction to surprise attack by Palestinian Hamas on Israel - Al Jazeera,2023-10-07 07:00:00,https://news.google.com/rss/articles/CBMisAFBVV95cUxNTkhrQ0JJQjg3enFJVGg0ekd5T1ZidGFRVjR4Y2dNc3ZsWi1HYWg0UmJYN1p4VnRQbk9vNFBnTlM5VlNBWjJTYkVlOVNiZVA3VWliampGVlpGNURsOWRicHZFQWFrOTZQQlFvb2NkY2c1OGJBYk5iTkg1a3p0cUdXNjd6WE5xNkVUSlhJMWpILUpMY2xRR0xVQzNWcFllbk5rQzNxVnI4T3ZKU1h6Ykl1VNIBtgFBVV95cUxNMnhiMi03WnNHRkhKQkE4VGp4UlJaaklwcks3NC1zSEpQRG1fMm5iWnczM2JpVmlDSTZlbXN2Z2otRnhFZmt2Nkl1U09WelV5TXNfOU1Kb1pxRk5lN1drSTJ4WmNKVVgtaS1GREdGNmxyVXBzQkczR3FtaWdoS3liRmJvY0lzdkd4NE94OExEVE1RODc4TGNEWEpycVhVN2FTTG1IYVZOcGNfS0NNLUZ3S3hFWHN1UQ?oc=5&hl=en-US&gl=US&ceid=US:en,Al Jazeera,-0.25
Canadian cannabis market struggles five years after legalisation - BBC,2023-10-17 07:00:00,https://news.google.com/rss/articles/CBMiXkFVX3lxTE1pcFY3ckU3b1lnS0d2OVhTWktZX25CckFjSkV5Mlg1YWlUUmw4MEVUQi1HXzY4dFY1RGd3VHVoVnp6VGZLTUQ4Vks2am9pNUxQWllDOEVPSi1Pd18wcHfSAWNBVV95cUxQTVMxLWpvajlYaEdPSGtaSkJFUmZoSVFrbV9uRV9zNXBEellnbVB0ZGJ0YlliX0lNQnY3Ym1SRXg5NXBvaTctSW9sUFIxUVEzUUpYUkdZV1pfMXdFWXVQX1FMeDQ?oc=5&hl=en-US&gl=US&ceid=US:en,BBC,-0.3612
Global illicit medicines targeted by INTERPOL operation - Interpol,2023-10-31 07:00:00,https://news.google.com/rss/articles/CBMiqgFBVV95cUxQTXFiVGU3azY1dnF4VG9LQzlabVB3WUNmUTFYTXptTWhPaEF3bmc3Q2NORmpmeVNPMWZFY1ZnSHZRNmlMQnlxSDF0MWVMVzdaQ3NwY0VHYnFteW93YnVOelc3MV9yaERLMFMtdEFWZ2dqMmstUVRNeFlaQmdWYUVzcXg5SEZ0blRtbHltM1Y5N0ExYVJQeVFQWUR4WTltd21Kcklubm11MVhVUQ?oc=5&hl=en-US&gl=US&ceid=US:en,Interpol,0.0
"US jobs boost, Indian services sector growth, and other economics stories to read this week - The World Economic Forum",2023-10-06 07:00:00,https://news.google.com/rss/articles/CBMimwFBVV95cUxPdkpQYzhxX3UxV2MyVG1DMWhybFNMWjF3RHh4QXA3UVE3MXpGYmtqb1pYODZKNmRuWjduaW9oNUE4ZXhjczhIRElPdGxnbjNfTjJzcFRrTXVkWGdxek1kYkJMb21zb1U1aVFUYXpiQkJXY2dlemFfd0YzU3JlNkZpOEpvOURwOEc0V0xHWGJKUXNDZVAxU19jRjM4Zw?oc=5&hl=en-US&gl=US&ceid=US:en,The World Economic Forum,0.6486
The World’s Most Popular Painter Sent His Followers After Me Because He Didn’t Like a Review of His Work. Here’s What I Learned - Artnet News,2023-10-19 07:00:00,https://news.google.com/rss/articles/CBMihgFBVV95cUxOSVZ0T1NjMUxwQWYtZGM1ZlFoNUd0M3VxbmNCMTJWZnJ5OUtQaWx2QjhfZnpXSUs5Z19WR0pnTTRaTDBCNmNsbmRRMXlUYlljRC1JbFhDYkFNUVJOVlVDT2VjTmJhV042bTVsNnlPbXhxZF9ibFBDRllheG10OGxTdVUzTFVIUdIBjgFBVV95cUxNS1J0MW5DQUpFd3l6OFhzTE9fSHZIZlVPMzduN2FBOUJmVno0NVM3VWJkNi1yMXBIV080Vi1Rd25Ganp3cTFFb3RPNk5VQ2lvY2psSHNSa2lKNk1yWkpLcDYxOTQ2ekY0d1pVd18waDBlV0thcDNiMUo0MUdrN0lnTy02WkkyZVQ3a2J2NEJ3?oc=5&hl=en-US&gl=US&ceid=US:en,Artnet News,0.6801
"Biggest US budget gap since COVID-19, and other economics news to read this week - The World Economic Forum",2023-10-27 07:00:00,https://news.google.com/rss/articles/CBMingFBVV95cUxNT3pJMVJCTmx5VVBsUFhkOU5oeGZIRllMY2d5LTRSYzlpcF9JMEs5WVY1WDhjRkJqWTZkUEtlSlRXS091dmplUDM2YXFjMGI2VGRKS0VNU2tOcGJ4TU9Na0NOYUExeUE4dE4xcUVVSTQyYjI1VVB6V0ZUVFFtR0t1S01kWHdRMmR6T3RQQWxuNEx0NUNDZjdXcEJBZE44Zw?oc=5&hl=en-US&gl=US&ceid=US:en,The World Economic Forum,0.0
FirstEnergy Earns “Best Companies to Work For – Utility Industry” Recognition from U.S. News & World Report - FirstEnergy Corp.,2023-10-23 07:00:00,https://news.google.com/rss/articles/CBMiwgFBVV95cUxNdG8xNDYwRS15QUdJMWVFMll0VEk2Vk5fSkVSSnZ5andldV9QZFhjUGF0LTVWVktjbXFTN3B6NjlxRXI5RHFFWFpIcnozYXhSbXBYWENzR2xLWGhQWDhiSjRLZHByZm5NRmdGWWVsejhHdVhJRFdiLVVpdVZRaWhKMlZYVjdja1ZseW90UHdJOEhETnBhTUJOR242SGNuc05pdlFLV1U5TW5PaG9XOEwxSV85VDh3eEc0RlNWZWtMV1hJUQ?oc=5&hl=en-US&gl=US&ceid=US:en,FirstEnergy Corp.,0.0
WMO: Global stocktake of water resources needed - UN News,2023-10-12 07:00:00,https://news.google.com/rss/articles/CBMiV0FVX3lxTE93Q0Z3TUVZVXR4ZkFvVHBIN0pqRVBSVG0yLWRqSVdMNlkzMkppc2h2V2g1clgtaFJuUEJqUWhETkoxTG5lbTQwc3JCY0xOYUZSa3RzS0JKUQ?oc=5&hl=en-US&gl=US&ceid=US:en,UN News,0.0
WHO pleads for immediate reversal of Gaza evacuation order to protect health and reduce suffering - World Health Organization (WHO),2023-10-13 07:00:00,https://news.google.com/rss/articles/CBMi1AFBVV95cUxPa2ozYzRuZDVvbmdrQ1pQS1V2UzRRbHZhaVdFNmhsZFNjUjhjUDBlTmVEQmZ1QlFJMDhMMEh3Vjc1dTNnbDZwMnlQZGd4TS1tMUJESXRibmlpcXNMeXFyU250Rk9mWDRDeGQyNGYwT2F6dEtIVmpmOWhoZTlLYUlqN3IwZEZjUWQyQng5bkw3RUluTWk4cXNrYU84LTBMNDd5RnBkQ09IMUpZaG5ELWZwb1N6aFYzWTgtWUV0R2VqR2JSekU1Z0I5WHh6UEItMklSbWp2Vg?oc=5&hl=en-US&gl=US&ceid=US:en,World Health Organization (WHO),-0.128
WHO releases updated guidance on adolescent health and well-being - World Health Organization (WHO),2023-10-11 07:00:00,https://news.google.com/rss/articles/CBMiqgFBVV95cUxONGEzelJ4OENvQ1l0eS1sRTZQYUU4UTFsY0Noek1KSndNc0JKbWRPbGJtTjNkV2oyZFIyNlRBQy1VcnhsbjdmQWNKQmIyU21jOUxnaVBvREtIbUwxcHZjY3llUGEtdnc5UEZoLUtvRm44TndPSXhqcUdmYWV4aGtPY2VqYVZXMDExTE5DQk1yRWswRkNvbGFGUy11cXkwN3diV3NxSmVidWt2QQ?oc=5&hl=en-US&gl=US&ceid=US:en,World Health Organization (WHO),0.0
WHO statement on attack on Al Ahli Arab Hospital and reported large-scale casualties - World Health Organization (WHO),2023-10-17 07:00:00,https://news.google.com/rss/articles/CBMiwwFBVV95cUxQTTFGLUdnUmE5M3JhcE8zRURONWRycm93cFdGel9pNUhoekNmeWFsRFE0UGhvVHhkODNKSzlwb1NSaEhlRFQwZVhKY1Y3SEdieF9RajBQVlppNDFyc00ycVRoVEZUMFRGSFhtbjRRbXFERk5kRFI3SkxrRGFjakRXODg2XzZ2NmY2eHIzNWV1THpQUEZvdko0ZC15UXAtWWlHNXZMa0RaTmtsTlFLWUJ5T1JGTlpjQ2wwOFI5RnFhU1R1ZGs?oc=5&hl=en-US&gl=US&ceid=US:en,World Health Organization (WHO),-0.4767
Houston VA celebrates birthdays of three World War II Veterans - VA News (.gov),2023-10-14 07:00:00,https://news.google.com/rss/articles/CBMie0FVX3lxTE95dHlSTG82Y3U5bkY0ZE5ydmFIQ0FzSVZJM0dfc2dBMWVGaWstZk5NNC1QbVRrYkhzNzdrdnJQSm4zaHQ4THRqMVk5eHQtWk1EaFdmNGZRdUt3RlE5cV9tV01rY2FtbVh3TVFBelVmTDQ2Y2ltR2wzRUhpTQ?oc=5&hl=en-US&gl=US&ceid=US:en,VA News (.gov),-0.0516
Repair work under way at Krško nuclear power plant - World Nuclear News,2023-10-27 07:00:00,https://news.google.com/rss/articles/CBMimgFBVV95cUxOaTJOYlhQNmstT3BnN0ZOZENzTlZnWjN0dVBvdUNqX3VPR2JTLTN3STByTDY2MFFxdHlNQTVhYUJIbEswNmFrUnI5ckFQSHNCcHlyTFVxU3MzZ2RGR3BfUl9VdEFiNVNfdjZOWjgzQ2s3ZFB0U051RnJzYlBVTkJrbDl5dGFVc1laM2d4end0TjJEU19mUVMxMkFn?oc=5&hl=en-US&gl=US&ceid=US:en,World Nuclear News,0.0
Hamas blindsides Israel with most serious attack in a generation - Jeremy Bowen - BBC,2023-10-07 07:00:00,https://news.google.com/rss/articles/CBMiYEFVX3lxTE11UFVrVFM4bVlQeHRpZVBSVERoQUlGYXExcS1RTkxNcG9oaXg3dmdTSWs0QlNDV2x0MlpWVkF4QmR3MU9vd1F5dm9mVEFJQWNmSnY4bF9sUENLV2Rkc3FObdIBZkFVX3lxTE1BSFV5WEtUbXdXUllIUFNVUDBtUERwOGdGaDVnV1ZYQlpSUWtVLVM2b3FSWGJ6Q01LZHkyb0c4YzRzclBLVXUxWW5rS0ZHVUNsc0JrUllaSlZXMUJtR0hTVW1Nc1ZoUQ?oc=5&hl=en-US&gl=US&ceid=US:en,BBC,-0.6087
JP Morgan's Jamie Dimon warns world facing 'most dangerous time in decades' - BBC,2023-10-13 07:00:00,https://news.google.com/rss/articles/CBMiVEFVX3lxTE5EaDVtSThtS0l1elJqaldVN2F4TXJEVW8wSjBmM3FWNWFUZGp4TFFLM0Q0MW52dGJUMV9iaEx1d09ZUEVEX1dPMUxxZ2JJYzB5RmFzedIBWkFVX3lxTE5uQnJrUlZQUVFldEFTaEcyeE9UTFdEMWVZUHFCTjV0eHVaRkhHTjJqTHhjLVpEckliZ0dYT1gzTTdWUVI5ai1iMzdsSHBLc1d6OHBRYTMyZFdsdw?oc=5&hl=en-US&gl=US&ceid=US:en,BBC,-0.3094
"World News in Brief: Russia likely attacked Ukraine cafe, disease alert for Sudan, Taliban must release rights defenders - UN News",2023-10-31 07:00:00,https://news.google.com/rss/articles/CBMiV0FVX3lxTE9adkpOalRfY2dwUEdCLVdudWQ0VUtXMnJUTGhycTFhYWdvTFJ4V2pfWVFZSGhDcDBsbHJBd2tMMUFBaUhlQlVxbWNLbmxlZl93V1dsREk2WQ?oc=5&hl=en-US&gl=US&ceid=US:en,UN News,-0.128
Three microreactor designs selected for US test bed experiments - World Nuclear News,2023-10-24 07:00:00,https://news.google.com/rss/articles/CBMimgFBVV95cUxPZ0FiT0VpX1MweExTQWwxMHdXNHV6RDhidDZzanpma21QcVZiWXBxc3c5dVlrWkU4ZkozNzJmbF9MQjZrQVpGd21qaHVBWjVXZVFvNGVodnpqNVpWMlR6bUtNOUhEakhZM0d5OG10STVZNmNScElZdjFudFZyV01Hdm5fUUR4UDhPdjRwc1gyTHg2Zm5OcmVZNGJ3?oc=5&hl=en-US&gl=US&ceid=US:en,World Nuclear News,0.0
WHO commends Egypt for its progress on the path to eliminate hepatitis C - World Health Organization (WHO),2023-10-09 07:00:00,https://news.google.com/rss/articles/CBMiswFBVV95cUxPR3BmTWViSUNLYVNJVEZ6YlBZaUM5bkFwdEZIRUF6X0loN0JMMEhqLW51UDRYSWE0Y1RScHduTGhXWlNyb2NTc0pub194NkVpSVR0ZmVIMnFqdk5UQjNBbzRkZm5fQ1o3TDJXVlgyX2FoVlJocGMydEtTS1F4QnRsZWtoZHIzNzdEMDV5QzdoeEdkZ0lfWVQ0blNNMGx1OEY4QzlUTUpBMS1CUzJZaHVFckYtQQ?oc=5&hl=en-US&gl=US&ceid=US:en,World Health Organization (WHO),0.4215
Israeli music festival: 260 bodies recovered from site where people fled in hail of bullets - BBC,2023-10-09 07:00:00,https://news.google.com/rss/articles/CBMiYEFVX3lxTE53SWtwZ0tpRkZWRFZqZUlXWGpoOWE1OXlCQVkyVmVYRmRQVkFjZEpyaFpUU2h2VVZ0aTVGWVR4aEg2WUo4MnppYzk1TTRaQVAyOUkwUEt5LVR3Q3pKLVprNdIBZkFVX3lxTE5QU296VkZGN2RRY2NGbHF3Nkc2ejdhRDU3aXlSUnUwaXNXXzVNWXp4WVdwZ3FfNzBrdDlhSkZkR1JtVC0zWjBaNnBGbTdXMzMwZWFtZmdYRjhhVE8zSjRRZ0F2Q1pGdw?oc=5&hl=en-US&gl=US&ceid=US:en,BBC,0.5423
Moltex announces waste recycling breakthrough - World Nuclear News,2023-10-31 07:00:00,https://news.google.com/rss/articles/CBMikwFBVV95cUxOazFTWGRUZUpodHFiMGxkZEFtdHNBMDRwRHlBMExOV2NzWFFCVDF2Q3A3c29jRDNnazlXemc5UmpkbGtrRjZmeEJpaVNqd2RCaEVNd1k1NGYxREtBNE82SkxqMG5UMzYyTWh4RU1hN0c0eE1keWpTX2doWFFjV2RiUjRPamNhTVdINXBicGN5cVFiREE?oc=5&hl=en-US&gl=US&ceid=US:en,World Nuclear News,-0.4215
World Series Trophy on Display at the National Archives Museum - National Archives (.gov),2023-10-19 07:00:00,https://news.google.com/rss/articles/CBMiakFVX3lxTFBvUWh2WTlNLXAzSEt1RENTSUJoSW10aU1OakZXd2ZGVExLelJ5REozUjNkTmxUZGY1azZCRkticGNoVlVfc29JTjVRLWxNTEZ1Wjhvc2tOR2V4UUpuWlRnT0NRTW81aXA0YkE?oc=5&hl=en-US&gl=US&ceid=US:en,National Archives (.gov),0.0
"Bobi, the world's oldest dog ever, dies aged 31 - BBC",2023-10-23 07:00:00,https://news.google.com/rss/articles/CBMiWkFVX3lxTE9VcnJxV3gtR3EzWm9DS0hvV1ZKcWF6bXRPQWJGVndUdWdfTGRIQXY5NkY1dmVVN29YYjJNT2JZSi1qYzN6aFlsell4N0M3WXAxTmtjLWoteE1jUdIBX0FVX3lxTE5mdnRLNDZQa3hwLUVKTHBYMHFlZGp5cEJhZWNtVXZkVjJYZDcwR2Z0czNGdFJWb2xJNVlxdW80YXZUSy1Fb2hQTlFtMWl6U3FTTk9MdUR3X1V1YzRrdFZF?oc=5&hl=en-US&gl=US&ceid=US:en,BBC,0.0
World Mental Health Day: Mental Health is a Universal Human Right - World Health Organization (WHO),2023-10-10 07:00:00,https://news.google.com/rss/articles/CBMivgFBVV95cUxQb2F5eXBqQlc0ZDZzUmR5WnU4eVRyQ0RPLUkwT0JoTGpwcUZxQkFwdGcwYVByT2loSEhtQVJ6ekFyMHNmNGtncGE0MC1ScWlfaVhLcDV5a3M3TWtsQUFwX2Jwb1U4a19vdGVVb0NVYldELWJ4ZkdYRlJYVjE0LVRyY09NMzdZU0lfZ1IwRVNoTW1XaDkyYXBadHJidWp6S1JDTl9JM2hTSGp5TjY4NWZpTS0zQ1g0VHBxTjB3eXlR?oc=5&hl=en-US&gl=US&ceid=US:en,World Health Organization (WHO),0.0
Statement of the Heads of Multilateral Development Banks Group: Strengthening Our Collaboration for Greater Impact - World Bank,2023-10-13 07:00:00,https://news.google.com/rss/articles/CBMi_AFBVV95cUxOT0I5cE1IS0w2a0dQTmJKVzFxLUFhMVlSM3hHR1lRM2VzSTJpaVJBRlVOOEpTa3JpcHdObDhfM2UyMDhyRUpmZDNUNEw3Skh2MmR3S0ZlNkxYVnItbmZZbW1lYkZENC1GZ3VMdmNmc09xQ2s5blVzNG5WWkVsNzR5TXdXSkoxNGtoQS1TOWprQTZSVjlKZE4tcURJbzB2d0ptamszZHFwUm5Cb0dzQ056alN2NFJNZHgyQmZRLWY0Y0lwNjd1elBuWm15LWVwa3Q5ZVpjWUNBcEFRQmp4R2hlVlNqRkpacy1nRTJYcmt1NldNajIzTlItbFFZbXQ?oc=5&hl=en-US&gl=US&ceid=US:en,World Bank,0.6908
Panic and confusion at scene of Gaza hospital blast - BBC,2023-10-18 07:00:00,https://news.google.com/rss/articles/CBMiYEFVX3lxTE1kbE9sZDAwTm5TWC01MWp2Y2lrTUFHVzU5cjYwbEV1MzY4WHNVQTRYcDhpX29zMTNkdUFFQ0Z4Mmh0b0NFcTkyVEd2MDBPaF9wSkZrQmpfaWR4U2VraXZIdtIBZkFVX3lxTE1SdkRPTHNjVVVxYUhXSUlTZzJLNFRPM1JwWndLZkg3RnpkeE5MUjFWalR2QTVNdjRYY3l3cGNXSzRNWTR6dUhnOHVOVHhnMmkwQnBsSFZLR0VXT0F6aFViZ2h3WkU3UQ?oc=5&hl=en-US&gl=US&ceid=US:en,BBC,-0.6705
"World News in Brief: Ukraine aid convoy, attacks in South Sudan, radioactive discharge update - Department of Political and Peacebuilding Affairs",2023-10-27 07:00:00,https://news.google.com/rss/articles/CBMiqwFBVV95cUxPLVViNUFnR2hTQVhWdFFiV3VELS1PSkxiTWFvQ19sWnF6ZU5WQmliMkV4UUhyX3JNZUtrU185bjBPT3hLTkc3QWU1QmRhN0Q3MDNjUEUtTDF5N09UZ29BcHdteVhBZ1owZDR2NXg3UVE0d3c2bmltY2J1dzVHbG50SjBVUG5Nb2VVWWhiT2w5ci03OENjVUdOQnZtZXVrTlNfTWNEWV8wcHFZN3M?oc=5&hl=en-US&gl=US&ceid=US:en,Department of Political and Peacebuilding Affairs,-0.4404
New Prime Gaming Loot - Gilded Verdure Cache - newworld.com,2023-10-11 07:00:00,https://news.google.com/rss/articles/CBMikAFBVV95cUxPcmVPMXNUR3pBQURpN3pJZnNOMnVQd291MkY3WlJlbU9nOXJ3S1daNGYxdXVLMWl4RktWTTVDQmktS0NkTWd3RGJoRTFZYjJkNk1sUTU0TmZoZG5sRTVtSU1vZUtxV1JVMWhxNDhQOXdjUXdGVE9yRElUYlpSWDFxSzRpLWVHem1VSWVtWDhkWWM?oc=5&hl=en-US&gl=US&ceid=US:en,newworld.com,0.0
The double standard with Israel and Palestine leaves us in moral darkness | Moustafa Bayoumi - The Guardian,2023-10-11 07:00:00,https://news.google.com/rss/articles/CBMiigFBVV95cUxPVXA3dTlJX1lvSWpFcjlHWFJONEpuMDdzMWhhTlc0WmM1Tnc2YXdLRTNnSEtYeWdWekpLYWlrV0N1QkNISUhKbUFQNWk1TVp6WGcxTllQTjdIcno4alBEM2ZLRXlIdk4yeHFjZThLV0YyZnBKdEpzTDdYUGdRY1VQZ0tRb0tQZGh4R0E?oc=5&hl=en-US&gl=US&ceid=US:en,The Guardian,-0.25
"WHO releases new list of essential diagnostics; new recommendations for hepatitis E virus tests, personal use glucose meters - World Health Organization (WHO)",2023-10-19 07:00:00,https://news.google.com/rss/articles/CBMi-AFBVV95cUxPRW84T3dCalRLMF9wcFVvRUFWX293V3JpZ04xUEItTXl2Q0hWZms5X1FLWlFTeEJjUHdjWXdOLTkyd0JmUWU4UnJRWGw3MHF4ZkU1ZXVqeE5BSEh2cm5lekJMR2xlVHFkUWdOZHlNM0k5VG1DcGRYaHBVQXJBTm1BYXlwZWRNZGdFeHcwclFnR09nTFFVeG5QVnV1RWNBWnlnN3kyNkFxbldiREpJbFVXdjVNNzlxSi1HdEFIMVdTSUVOdXFxXzgxZlotbXNpZS1ISkhzSnZDNU1XODlxaDVTZXBkRENINUczZEp6VGQtNWI5Ul9fUjcxdQ?oc=5&hl=en-US&gl=US&ceid=US:en,World Health Organization (WHO),0.0
Evening-News Battle: NBC’s ‘Nightly’ Makes Key Gains Against ABC’s ‘World’ - TV News Check,2023-10-31 07:00:00,https://news.google.com/rss/articles/CBMisAFBVV95cUxNNE5kT2FVTVhhaVlYNWFtU0RjUXhTNzBpN0VsZ283N1NJMjRIRGpUOTlTSXkxQWFtb1RmdGFLZlR6ZTFpNlFyR0JaYmRSVGluYnRtSDVRQ0ozcXJGTC1fQW9UMDAxU0JVbDNiXy0zazhrcmoxMG1TeFdjWGVic0RKekw5c2tyeDNTSHNOcklBblR0eEVjMDI5bXQtRVk1bHRUUlpjdEJjMzd2dURBMy13cw?oc=5&hl=en-US&gl=US&ceid=US:en,TV News Check,-0.0516
Guinness World Records crowns new hottest pepper - BBC,2023-10-17 07:00:00,https://news.google.com/rss/articles/CBMiXkFVX3lxTE5yZkxUR2t0NlI1akJjeHU0ZWs4WHRRcmhnNnRfWGR5VmJCSTBmQkhTeml5WEtIMlhpRW1XWFNvdkg1UnRvX2ZKSG9mS0JQTEg4Tm5WN2JqaVF1WFJvX0HSAWNBVV95cUxPcnRkV3A5UTcxaFBlZnZsOERucWswTWJFaUJYNkQ5VnpxOVFwUHlUNFFmdTVRX2djYmt5N1FzMXN5NGc4MkRPbDhxNjNFcDhNMkc3ZkFaWUFoZGhMYUNpTmx3czA?oc=5&hl=en-US&gl=US&ceid=US:en,BBC,0.0
Arab world condemns Al Jazeera journalist’s family killing in Israeli raid - Al Jazeera,2023-10-26 07:00:00,https://news.google.com/rss/articles/CBMiqwFBVV95cUxNZGNWQVRwZDFrUTFNMWR2ZHFsYUVpOXE4MW44cUxOSUh5R2ZONVhhUlBLc1lqT0lrSS1RU0k2a1lKQXRGOTdsbV9NTGVWbDdDVm1aNjBhY3FaRXA2cDRnUG5vSC1nbEM0TFA3QWRRaHlCMm1OMnZtZTQyamNlS29heXVwNmRkS3lmZWFFdkh0S093UmtxWFN2SUFWYlJ1aGMtRUswZHVWcWExc3PSAbABQVVfeXFMUE1vZmFfZGNNSTROOVlyNHVvM25HSWhxLTg1VXVtQ2ZIZkRoWmowUFh1LURLMkwzU2JhMnAxb0VJcXh4LUdZODNRT2hWYWFIb3F0eVJIVWFlWGF5X1IySnBzNUY0cHlOUXpkRzNhX3FKdlZNc09DamtMV0I5NXN3enhDTHNmUlhxMnEtd0JRc0RYaW13UmpUZTZhREFCcW1CRElWN2puSW5JdjJMQTZRRG8?oc=5&hl=en-US&gl=US&ceid=US:en,Al Jazeera,-0.8271
Monitoring air pollution levels is key to adopting and implementing WHO's Global Air Quality Guidelines - World Health Organization (WHO),2023-10-10 07:00:00,https://news.google.com/rss/articles/CBMi3AFBVV95cUxNdG5QbEh3T2t6aTY3aENESnA0QUdWRTBzNFNtMU9DYS1adnE4VzZrOEZzWGl2ZXF3SnF0SDZZbS1abmJjQkpFVl9ET1htc1o5QzVkMGR6TE52cmhJUFN0YUNCdDBsbUthSThLcWtXRWhPelFPbXRKYVVmaFdnVWdQcnZmZlROdU9mNkZJajk2dFBGSVdVVEo3VzFuc2h6SHllRDh1WTctRFpKd1JkVnZHbm9BeV9QcFo0Z1d4d245TFBHYXJkX1VIU1JLbFNaTV9tZm8wT2dVSFIxMERW?oc=5&hl=en-US&gl=US&ceid=US:en,World Health Organization (WHO),0.0
Russia to build nuclear plant to meet Burkina Faso's energy needs - BBC,2023-10-13 07:00:00,https://news.google.com/rss/articles/CBMiWkFVX3lxTFBoRWhSR2JGU1RkVU40R3A4WFFjY2tid0hCbGxQRV9sTkdnalNOSHZrSDZMRkpqRmdqdTRSc0NHUFZFc29YNThUZkx3UU1sYnZpdUMta2NjN0Rpd9IBX0FVX3lxTE9RMmsydTlad2dhSFhaLXgwQ3V4cHVndk1nYzN0NWVoQ1R3Zm9tTks3MXBGT1dBQ0Y3ZlN1Vlc4VkloVU1hUUNYdkxLZUQzTFgxNlFraUN3dkl4cDBEQ1dz?oc=5&hl=en-US&gl=US&ceid=US:en,BBC,0.2732
The Uyghurs Forced to Process the World’s Fish - The New Yorker,2023-10-09 07:00:00,https://news.google.com/rss/articles/CBMijwFBVV95cUxOVjZCNkFGSTVFQ3Jja1kyVWRPUl9ta19sMTZzZERQNnlBN2l4YnNJNWlXM0RPTzNfSzZ1cDNaTDhXaS1HeGRTNDJYUE9CbjZiS0MzRkVjcWx3YllIbl9UVlJZQ1N1eHpSNHpMeGFZMXBBd1JBSXo2RlUzaFN4UGh6LTRTazBaRHdfVXNXZEhkQQ?oc=5&hl=en-US&gl=US&ceid=US:en,The New Yorker,-0.4588
Willamette University among top liberal arts colleges on U.S. News and World Report’s ‘best college’ list - Willamette University,2023-10-13 07:00:00,https://news.google.com/rss/articles/CBMibkFVX3lxTE1NUnZsX0FiNXdfMTd1OWI4cEFJOEpqNF9EaXpqV1A4N0F1YXFrOXpYVHcxTTJPN0p0TmlNVkotd0ZUWExNLWo1WnVfbTlZR19OLTZXWnZEY1lRdU9OQWg2cDRyaGU5anp5X1RWUWxR?oc=5&hl=en-US&gl=US&ceid=US:en,Willamette University,0.2023
Topping the charts: September 2023 was Earth’s warmest September in 174-year record - National Oceanic and Atmospheric Administration (.gov),2023-10-13 07:00:00,https://news.google.com/rss/articles/CBMipgFBVV95cUxOdkItaHo1dXVlcDB2ZkhxQnhvR1BqeHVKalIyeVlZWmRjY2F1TnFrZEEzY3h6UHBlZlNobGwyczdIcnVjNUZNeDRMd1dqVE5ZVGZxMHg0bGlLS3dmOXlNRElaVk52SnotLUUwNFlDS3l4dnZiQll3eDhMdTNhR0VPRUhQcDhzZzNibGZONVdHYUt5X0w2ZzgwOEVEWVdBd051ZF9FYi13?oc=5&hl=en-US&gl=US&ceid=US:en,National Oceanic and Atmospheric Administration (.gov),0.4019
USF Health Morsani College of Medicine rises to the top in two key U.S. News & World Report rankings - University of South Florida,2023-10-10 07:00:00,https://news.google.com/rss/articles/CBMilgFBVV95cUxONWZxUl9pYl94OVlmdnJ6ekgtU2phOVN5OHYwb3RhUWltRTVBaU5kbmpzX3Ixa2RYRzVWTm1zUURqNnB4TmR0VkxZN1JMSjVQbnZDN3NvOEdMZWxUQjBOVFVZeTkwYm53cHUyVzVUZHRpcWtFOHFrQXpmdzBoOFpnY242RE96QmxiSm9td2lPa1FSTXZLMlE?oc=5&hl=en-US&gl=US&ceid=US:en,University of South Florida,0.2023
FIVB Women’s Volleyball World Ranking: Complete list - Olympics.com,2023-10-11 07:00:00,https://news.google.com/rss/articles/CBMiigFBVV95cUxOVXJJazRldFNqeGNveE1talpJNU5oQTgyWDdnaEhQTWxhMUVqX2VxT0dubkxMN2dkY05JSUtWTThzcTc1QTdqUldlQldvNUhXbzNEZFpUYy0zd0JZeGVCRkpfUkxjRW5fWkFtcjZ2N1BNekFXWmJkakprVXd4ekRCSDZrZjZhWXpNaEE?oc=5&hl=en-US&gl=US&ceid=US:en,Olympics.com,0.0
"World News in Brief: Health access in Israel-Palestine, Myanmar bombing, child refugee mental health - UN News",2023-10-10 07:00:00,https://news.google.com/rss/articles/CBMiV0FVX3lxTFBfbU5pN3MyalpHN1dwS25ieDU1UzFSWTFmT3hiSERHY2hvdkZUcFg1VnJhR3BhejhKUlZ5b1NBcE5KUFpKcUtNM3lsd2cwbEw4R3NkMG0tWQ?oc=5&hl=en-US&gl=US&ceid=US:en,UN News,0.0
SMU drops in US News & World Report rankings - smudailycampus.com,2023-10-18 07:00:00,https://news.google.com/rss/articles/CBMijAFBVV95cUxQVmV6MzNzSE5tN0MwejExZFFzUGhQNDBLdG9NWXhTWkdWaHQtNlZLcGduSDFiMHVESkltTGtUb1BxdUlRb3MzWU11RDhfakdnRkpwYktpQkNXazdBVUZNd19aNkx2YUNwcFp3OU5xYl9wZWhKTU9CVXY0NEJZWHMyUHZ6TGgwbExBQUZtcw?oc=5&hl=en-US&gl=US&ceid=US:en,smudailycampus.com,0.0
Antimicrobial resistance - World Health Organization (WHO),2023-11-21 08:00:00,https://news.google.com/rss/articles/CBMifkFVX3lxTFB3cDRtVWd6XzNSOFYybFpsemxYZ05OUWd3Mkx6LXFGcTZZUmpRZEp4TE9UWVBJaG9mLXVaNXRQekx6RFJXckFNYmRNOEdyX0o3TVRHOFNvUlg3UVVPcWRsT1lfMWNoai1nWGx4dEJaelRrX0h2bGtXY29WYk82Zw?oc=5&hl=en-US&gl=US&ceid=US:en,World Health Organization (WHO),0.0
Greenhouse Gas concentrations hit record high. Again. - World Meteorological Organization WMO,2023-11-15 08:00:00,https://news.google.com/rss/articles/CBMijgFBVV95cUxNV2lVNUFHeHRMUGJ4aG9yMTR0cnhiajR5SXAyRFg5aG52c0lBYms1eFdZMnNXdWN3SzJsQ3Z6UjFWQWJubkItVy0wUHpQZFhRTWFILTlIY2VVaVdSY2FkV2N5Wlo4eDRVUWdKeTN5RTlEcmFpNFJaWkdjdDNyTnROamFLbFhlMTdnSWF0Q1VB?oc=5&hl=en-US&gl=US&ceid=US:en,World Meteorological Organization WMO,0.0
Google and Canada reach deal to avert news ban over Online News Act - BBC,2023-11-29 08:00:00,https://news.google.com/rss/articles/CBMiXkFVX3lxTE5FSDNablB2WU93Q2NDQUMtcVpmazhiWWZ6UVUzMmVtcUE2U3NjN3hUeTNDNkxkZjM2LW9aU01NTzBLbFBzeFk1M1RRbjhwRGZwNWpKbnFETnV0aVBVeGfSAWNBVV95cUxOTUdfckpOYTRXdnJCSUVkNUtEdjRuOXVpMkVIWW55dlE5WE1SV3NWOGVJbDJwNS1KVHI4S3F1Q2RCeFNaS2hKNlNkNzBQVkNjb2JlZmY2UVh3cWN0Qll5bFBvNkU?oc=5&hl=en-US&gl=US&ceid=US:en,BBC,-0.6369
"Global economic growth to slow in 2024, and other economics news to read this week - The World Economic Forum",2023-11-17 08:00:00,https://news.google.com/rss/articles/CBMihgFBVV95cUxNRzVWTl9sY1puSGZCVXhpeWRwTVZPVGtCcVBlenNLR0dsa3dYa2VBYkVWZ0JCR3FTRTlnR0VaejFzNGxDeWlvV0NoZlJRc25Ka2M0MFdHMWw0VFQzMGF5RHRmdjI4RjY1bU8zamg5UzVPbEpLbkpCVzAzZjZVLWVVblRoeXVhZw?oc=5&hl=en-US&gl=US&ceid=US:en,The World Economic Forum,0.3818
Cambodia: Mass evictions at UNESCO World Heritage site Angkor violate international law - Amnesty International,2023-11-14 08:00:00,https://news.google.com/rss/articles/CBMijAFBVV95cUxNTm5UNDY1YWxCcmFGS1ppN0RMQXUxeVpCWlI3OHFaVlluQjJOQkkyaFZ4a0Q2MmF6ZVhqMU1vY3ZGS2VZc2FBWE11TDVIcmZnVWRfdFp5dnBWeXJtQ1Q4UnA0QnVrN3kyMEJlZHM4NDF2bzNqQjRCSHBqb1BBQ3lnX2p1RElZRkZNWHJkeQ?oc=5&hl=en-US&gl=US&ceid=US:en,Amnesty International,-0.4939
U.S. News & World Report Unveils the 2024 Best Places to Retire Rankings - PR Newswire,2023-11-07 08:00:00,https://news.google.com/rss/articles/CBMiwwFBVV95cUxNdGFIa2UxdE8teUNkZEF3Qmg2cVhwcTUyTm9ISklZcklTcE4teUpOdjhZQjEwWVIzOTNGdDJUdGc5YUozeFRZbkpfeGN1U2dVWmNWWWExS01wQy1QX1I4WWwyVkl0ZVZZUTZsSTZKQjBNdzg2X2twYUxiTDdXOWl6cW5TMTNhTjVSWVNnZjc4WHJIMEVFbjZUZmdhWW5KTjJ5MmVkaDc1MVppVExwRG5VOW9ZYW5Fc3dQZ0Fwc19fTGp2aEE?oc=5&hl=en-US&gl=US&ceid=US:en,PR Newswire,0.6369
"World News in Brief: Dozens dead in Yemen shipwreck, Pakistan expulsions ‘must stop’, FAO aids Sudan farmers - UN News",2023-11-15 08:00:00,https://news.google.com/rss/articles/CBMiV0FVX3lxTFBwQW8wS0Q1VU9TUXlNYzZYUV9Wd2NGTE5aQ1dwTVVZajEyR1NKQWdnc3RncjNqbVF5M0pLOUhSZW1KUzZRWlE0aE5Vc2dTN0xRSjZXZ3pTQQ?oc=5&hl=en-US&gl=US&ceid=US:en,UN News,-0.6486
PTR: Eternal Frost - newworld.com,2023-11-08 08:00:00,https://news.google.com/rss/articles/CBMib0FVX3lxTFAyNmc1UlBOclQ3NXJFZkllbzJtblF1WFVsY1lBM3VpTnhlMEY2RkdVd3Juc0xNajF0ZWNFeWZWZUMxWFNaQXFhd0ZGa1kzTmlOUHNRRnE3aTdweEw0U05Mb2h4X09kaUY1MDBxREJHUQ?oc=5&hl=en-US&gl=US&ceid=US:en,newworld.com,0.0
News Room section (menu position rule) - UNRWA,2023-11-19 08:00:00,https://news.google.com/rss/articles/CBMiqgFBVV95cUxPY3JnaWRuTTZRaVFuUHJoSUZ3dmpVUm5Tend5Q0Vmdkl0TkRmcWpWUlc3OG8xMWx1UlZwQWpOOG96R2ptXzc1MTJ6WkxLaUJrSWVFc1A2OXQwSEJ5UnFCUjZmc2M2OWpncF9fNlMzZ1hMRVM3T1pCVU5RU1NzczhnNE1qM001SC1UOWlvMGZhbTZIbEphVWc3dVU1ZERlT21JNm1KYkVvcnlRUQ?oc=5&hl=en-US&gl=US&ceid=US:en,UNRWA,0.0
U.S. Endorses Responsible AI Measures for Global Militaries - U.S. Department of Defense (.gov),2023-11-22 08:00:00,https://news.google.com/rss/articles/CBMiwgFBVV95cUxPUndvd0hCR2RuWnFiZGV5QWVrT1MyVjJNSWwydGF0NmRWZVRoSEtXRFZ6Yy1rTWRyVzNxME9pTjVQdWh4ZnVvMGtldlJSRW9ndUxLY08zRFVXMmFvSWdGN0lyRHFvOWM1ZTJoQ203akQ1dzFIUHEyeHNhNHZzNWRqek51eXV0SWhzTnp4LUtxQldtd3FtZHNXM2V6aGdGVUt6QXpFeGVXZURBTDh6UFdqMWNCeGk5d1czdmRmbzNISFRSUQ?oc=5&hl=en-US&gl=US&ceid=US:en,U.S. Department of Defense (.gov),0.6369
"2023 shatters climate records, with major impacts - World Meteorological Organization WMO",2023-11-30 08:00:00,https://news.google.com/rss/articles/CBMigwFBVV95cUxNWUhERndRT3JpQkoxSXRBOGtOR1ppOWYxbmUyZzZ2NUZueGp1WHZZTm9fc3dUc1RjcU5qcTUxRmFKZ0hHbk9PU2ZNQVFCU0dadW9QYUVLaklvUVNEMi1kNGYyNzJ1X3djSjhnam9MQXdPOXBsUVhKOWViNVVmNlppWV9JNA?oc=5&hl=en-US&gl=US&ceid=US:en,World Meteorological Organization WMO,0.0
Autism - World Health Organization (WHO),2023-11-15 08:00:00,https://news.google.com/rss/articles/CBMif0FVX3lxTE1ldFFpVnBtZmZJV3M4VVdFdDNvemVDTlBiSHBIUDlicDY1Y1JlbF9OZmNjZ21zclZ6VjRwbmMwU08zbFgwX2tSMV9KbVpNNDhjYVhBZGVQaDV0aklZM1hKUFhzM1VONkpDcFFsek1aMXhENjllVEhZNFh1WTJCYXM?oc=5&hl=en-US&gl=US&ceid=US:en,World Health Organization (WHO),0.0
The US is quietly arming Taiwan to the teeth - BBC,2023-11-05 07:00:00,https://news.google.com/rss/articles/CBMiV0FVX3lxTE03Y2hzOEpwcU56WTJ5TklmLWNUNlFtZ1B4RmtTV0FWbEpIN0M1c2FEQUxGeWVXNTFxZDJHWFBqRXV1TmdpdVRKRDdFVEdVRU5pdnpUR01SONIBXEFVX3lxTE5qcDRjMmJMSy1QZENTM2xwSVdfUFBlMlM1QXRaWGVMTEFVOHV1TjQ5a0Jub3l1c3luTEUzV3VkYk0xVjFQdmc0Q2hMN3hIb1QyRHFlMzdNUkhCVExH?oc=5&hl=en-US&gl=US&ceid=US:en,BBC,0.0
News Room section (menu position rule) - UNRWA,2023-11-11 08:00:00,https://news.google.com/rss/articles/CBMiqgFBVV95cUxNYlVFWG1xRVlQMFI4WkFNaW5YZmF4RFhtWnotT1V5anVfNXh0NjAyWk8yVTY3Q3RXVkJhZUZWNmh4cFREZjkyNDZFSUdqbE04OHF2VU90VkdhVVZ6blZaTDdWR2tXYzQzMV9EZWhxRUpJWjNoX0FUWGc1TUZxVTVYajh2ZU1OclJHdHd5TXU4QTh5Wl95NXB4cWpnV0pwalB4LXVRNzdBc0N1QQ?oc=5&hl=en-US&gl=US&ceid=US:en,UNRWA,0.0
WHO launches commission to foster social connection - World Health Organization (WHO),2023-11-15 08:00:00,https://news.google.com/rss/articles/CBMilwFBVV95cUxNSUREVExzZF84d0VfajlhcTEzbEZGbWYwX0MzVGlRcE03SkJ4eHRjTU1BZWMwdUdzZ25IdVVCczdCR0xwU2g5aGF1c0NKbGJQbE1Db1ZoTXNjd3ctTzlmZ3lITE9MT3pHOXlMRVdaanpSVmVMc0RiTXo0eW05aVFpa045c1hLTUlfaU5UQjNTQXpMZmVBTWpJ?oc=5&hl=en-US&gl=US&ceid=US:en,World Health Organization (WHO),0.0
How Hamas built a force to attack Israel on 7 October - BBC,2023-11-27 08:00:00,https://news.google.com/rss/articles/CBMiYEFVX3lxTE5rREQyODl1OXZtUEFTR0lScWlBV21mdV9UNkNTX2w0MTZpTmpQRFh3MDBrc1FOc2xvTTFfbzYxaWphNUgyN1ZUazhTRkx5NmdNd2h4VFRoZWRlOTM4Y3BZatIBZkFVX3lxTE5BWmhoU2VoOWVreEdaUTBRREstUzFVWG9tQXRTZmpLbWhSVGFuaGpEdWVSdExuT0hCakNJOV91NjFKektna3pkeXB5alhaTWl4SF9NSHRzaFNzLUw3YTdfNVNsTU9CUQ?oc=5&hl=en-US&gl=US&ceid=US:en,BBC,-0.4767
Climate change and noncommunicable diseases: connections - World Health Organization (WHO),2023-11-02 07:00:00,https://news.google.com/rss/articles/CBMinAFBVV95cUxOQnJFWS1XRU1oM2dLVTlSYzM4cmlhMUhycWZ2TXZ2d0dVS2IzX2Z2OHFPaGdTYnlfXzVVeHlYWUlqRDJidFVSMUFaQ1Zka3c5cnN6ZzF1Y2xGYlZBQ2xIVFZiOFBjZ2E1MEQ4RWdVVlRBYkJqczZrZ2pPa0RaYVI4M3lUbU50UHJhNHE0d1Uya21WRlNHSEZINmNCbU4?oc=5&hl=en-US&gl=US&ceid=US:en,World Health Organization (WHO),0.0
Javier Milei: Argentina's far-right outsider wins presidential election - BBC,2023-11-20 08:00:00,https://news.google.com/rss/articles/CBMiY0FVX3lxTE1WaTg4Sl9pY3I3MGJHUmRFN3FqTldzdUlmVmt6djZuWFpaOFE3VURrYk9aOG5raFdNal83MW1idjE5U3JTeTU2ZVhtVXBkdWprSDFfRXdLcVJRX0l6eUJNRUNNa9IBaEFVX3lxTE9OUHAyNmhBbzdnT0ExcDgxR0p1TmhYM3BCN01XLUhMbzctNkcyRnU2QjR3X2xuRFNhczVPWVhOTENBWnhISVpoZ19ZbEo4bmJscFl1Q3plSDIzVDhneDRxY1ZsRmhJMDFf?oc=5&hl=en-US&gl=US&ceid=US:en,BBC,0.5719
'I’m calling from Israeli intelligence. We have the order to bomb. You have two hours' - BBC,2023-11-07 08:00:00,https://news.google.com/rss/articles/CBMiYEFVX3lxTE81T3RfWDE1RjUzbVV4OGRjOVY1bWktLWQ1ZWpGeDVOSDJiMVphVGlWcURIVHVLdFpxSTJQdU9sWW0tdVhlU2x3S2ZfYzlfemhYTGo0N3dGRkZHYkdtU3FmMdIBZkFVX3lxTE1DVHJvNm5lQlRkbzFLWUR0WFFQQlBUXzNyckptMTdULVVOQ3NaS0pDaWNyRlYxUHhoczFENmRtLUxKaEs2SGJWdDc3U3hXN2M5dXBFZWFvcWF2SGJPd3JUb3FZbUJ5Zw?oc=5&hl=en-US&gl=US&ceid=US:en,BBC,-0.0258
U.S. News & World Report Announces Senior Level Promotions | Press Room | U.S. News - U.S. News & World Report,2023-11-30 08:00:00,https://news.google.com/rss/articles/CBMivAFBVV95cUxOQVQ0WVczekdBV2dRenJzZ3ZQQnM0SzRiaG5oUzJGLVlvM19QYmRSOEFwX1BTa1dTY3NXM3NkWEJNVFQ2Zk1Wc01tLUpOakZUY0dGTkFFQzFyRG80Y1hOblg0aFRKcUZlZFBidUFwZmgxZjk4ZzFoMHc2RkQyOE9mdDljR1VMaFN4bU93aWpyTW1jQjFxOTFtSjlyS0o4VG40N3ZDNXJKU0xDMnZvUGtqUEJ4Y3dSakhUYzRFNA?oc=5&hl=en-US&gl=US&ceid=US:en,U.S. News & World Report,0.0
What a Donald Trump second term would look like - BBC,2023-11-03 07:00:00,https://news.google.com/rss/articles/CBMiXkFVX3lxTE5VSnpQY3FhT3JQSDdESlFMcVBQNDhWemxPU2VidkdiamlqZWFjVjZxRXRRZEx0YjlzaE9teEtXeTVQU3RxUFZnSV9TR1VZUHhIMmM3anJhTnltZkI5SGfSAWNBVV95cUxPSlRMXzRpbHQ3MTFQdWZTUVNYVVl0WXRNQTFfUi1RNDNpTm81QVdieGs4M3hyUEJER3hva1hDd2Z3R0JLM2Zyb01lUW8ta08yVmVlYlNLb0FwdDlGcUxYbnNoOGs?oc=5&hl=en-US&gl=US&ceid=US:en,BBC,0.3612
A23a: World's biggest iceberg on the move after 30 years - BBC,2023-11-23 08:00:00,https://news.google.com/rss/articles/CBMiY0FVX3lxTE1BWjhyTWxDdjRVU1VXV1U3Y2M2cW1vcFpmdVBQcEJQbHJIOTFYSVhERFhiR0ZLSzhWVm5PeWNsX1MzdjhHMVpYRHp1eGw1NkVyVHVsaElkdmNsUXdpUnBHZDlFZ9IBaEFVX3lxTE1uOGpFZ2c1dVp6eVRTSU5EM2ZTQ3VXWjlKd2MwY3hteWNOck9vaUtld1VMNWUzV1RVd2huTEM5YzBhVDAzNzhvWDJlUGoxWXBOcWlTWWtHV1l5S3Z0ZFhrX0drT1Zmbm9X?oc=5&hl=en-US&gl=US&ceid=US:en,BBC,0.0
Idaho SMR project terminated - World Nuclear News,2023-11-09 08:00:00,https://news.google.com/rss/articles/CBMifEFVX3lxTE5wUU1LTkJ2ekVVV1pubGlucWFleTlzM0VwN183eWdNS3d2cW13WGNVNjg3RUFldWVqVDdhTkp6WmROTWJpSWtMRXpZZWJGMld3ZU02S2FFY1hnd1lFaFdPYlEtcVh6VVdVdDlKR0k5b3FXV0pnbmxFVWJuTDI?oc=5&hl=en-US&gl=US&ceid=US:en,World Nuclear News,0.0
"Writing code, and decoding the world - MIT News",2023-11-14 08:00:00,https://news.google.com/rss/articles/CBMib0FVX3lxTE84aVp4YWJDSU9qblppbDVVc0FxU0YtUUNDckF3eElKeHY5YjZTbUZsaUpubFpBY0ZfeGt1SWZObmpYU01NX0pNdk54UWhhVldTUHY1RFN6ZUVucHZUNXdaTUFHZ3lpNzMzOGxiUHhIOA?oc=5&hl=en-US&gl=US&ceid=US:en,MIT News,0.0
U.S. News & World Report Ranks A&M-Commerce #58 in the Nation for Social Mobility - Texas A&M University-Commerce,2023-11-01 07:00:00,https://news.google.com/rss/articles/CBMioAFBVV95cUxNR25fMEVHanRtUl9nUFBFRHFBQ2dFaUFNSlFNOFFYcXhDRG45UVVBUy0zcWdjQ0sxZVZYVnpHdXZxM0lVaW4yM3o1eW54Q0t2eEExY2h6cXpuZ3N1RUpzaXI4T1l1RTY5TXJ6cm84RjI0blVkSXgtNzAxbUx0VXBxYkZ1aWNXaTBBZUR6Q2Z1dU1LTm9rd2xGQXVmZ0l5R29E?oc=5&hl=en-US&gl=US&ceid=US:en,Texas A&M University-Commerce,0.0
A turning point in Myanmar as army suffers big losses - BBC,2023-11-08 08:00:00,https://news.google.com/rss/articles/CBMiV0FVX3lxTE5faWpjTWMzb1ZVUm1TYzQzOUpUU3poa2U0YU91VTFud0xzQ0h0YlNqaW5MQ08wakNXVXhaY3FLZndUazZLcE02UUc3VExTMHFZcEhEN2pVb9IBXEFVX3lxTE5Dc1F1QlRVX3NNOEljb3plUnVzNmhxOUROZ3lPS1dUYnJyczNIQUVWaFFmU2hQU2ZFMm1sOFVVb19YMVFldjR6WTNSY0tTX21NeEZDbVVwNUJyUWF3?oc=5&hl=en-US&gl=US&ceid=US:en,BBC,-0.7003
Global measles threat continues to grow as another year passes with millions of children unvaccinated - World Health Organization (WHO),2023-11-16 08:00:00,https://news.google.com/rss/articles/CBMi2gFBVV95cUxPVWJSVmdvODh3cklIV2VpMEF4czdqcDBKVEFoSmQyLV9XbF9PTEZOOHhidk5nZ2RlMFM4T0RpMmF2UG9oT2lPR3p6ODZPUWdwUXBOYVVuNlB3SU5VTXUyWkxJSG9nTWR1SUtxdzdjYU9sZDlSWlJ6X0VTM2Ixc1dBWnNsVkNvUlY3dk9HRUdHeXBiV1JxcDBQaVYzTW15UUFzeWVqUVpYa05Ub0RGRFVKSmNOZWxuRVRIYWhBY0J3YmNfeU9mWnlnZlEzbUQwZlY3NnlvLVNqbTdsdw?oc=5&hl=en-US&gl=US&ceid=US:en,World Health Organization (WHO),-0.5267
We must fight one of the world’s biggest health threats - climate change - World Health Organization (WHO),2023-11-03 07:00:00,https://news.google.com/rss/articles/CBMivAFBVV95cUxQSUl2R2EtVTNOWHpoZHJpNWFIVm91d1NxTGpQVVQtMUF5LUprU1pueE5MMXhndm13MXpjUVVNMTVYVmtodk9PcHhCZ0dTM3JEM0ViS2dOSlZaaVFjQ3FYX0RMUGQyV3FRblBOdk84M1AyUXZ6RWxlWU9ubDF3WWRSaHd2T2toSXVrUWpBLThjVXgzclNBdWVDSWp0SXdyUnpsaEx4WkZQcDdOamt3blNWbl9DaXE1R3ZIUzhWRA?oc=5&hl=en-US&gl=US&ceid=US:en,World Health Organization (WHO),-0.6597
Food additives - World Health Organization (WHO),2023-11-16 08:00:00,https://news.google.com/rss/articles/CBMicEFVX3lxTE1HTENEOVJLcGtOUkR4UHU3OGMxM2tnVzZLbnFvRjR2dnh3WW0tNWprb1B5aVVzbThvNTlydHU2T1BQNmNCeGdCYmRKblA0d3p4UnlyV3puQW9uT0NURk5mTUROQ2hVT2drb1lxRVlPcG8?oc=5&hl=en-US&gl=US&ceid=US:en,World Health Organization (WHO),0.0
Chinese long-distance nuclear heating project begins operation - World Nuclear News,2023-11-27 08:00:00,https://news.google.com/rss/articles/CBMilAFBVV95cUxPOExMbmdWRUl4M0QwWVJVLU9EZmw1T0IyVDctbHExUlBNSmFqQnU5bWRSelZpNzBCdGNJV3lOTUVCRndCTGNRM1VlUkFHbFllQWltOFNBSWRJQTl6MEFGckh0ZmtfWUFqQTRULUE0enVjelVvbTcyUllDSDV2NW1EWDh0N2JEekxNZnZfTmNIeTU0Uk5t?oc=5&hl=en-US&gl=US&ceid=US:en,World Nuclear News,0.0
Science News Briefs from around the World: November 2023 - Scientific American,2023-11-01 07:00:00,https://news.google.com/rss/articles/CBMioAFBVV95cUxOTnc0dVRjbVRLRURMbWxDMllzemVyMFlOR2wzcTlLV0dhSHhXd1NlYnhRM0FMU3UybkRpcUs3SXZHV2d3akNKOHdqWVRPMU9VcmZBTXhnMG1CaC1zamRJQW5IQ29UQ01nbVNlRzVyWUF1bk9DckczR1FQMjBFa1kyaDBLNUc1NTkzdXJrazNMbmY0dm5jRy1MbEFhdnl4Ti1U?oc=5&hl=en-US&gl=US&ceid=US:en,Scientific American,0.0
"Women and newborns bearing the brunt of the conflict in Gaza, UN agencies warn - World Health Organization (WHO)",2023-11-03 07:00:00,https://news.google.com/rss/articles/CBMiugFBVV95cUxQZGlXRG5MdkNBTFdteFFuV0N1dlhIbDdybnRhdGprc0ZZQ0hBS3Y1ZGFDX08zc293V1JLUkYyRExnUFkwZTJIQjYtOHFTbEwwLUprYVFwTzFOdnkyU2tlc3RVcm5LOUZ3ZEVDWFpMdkhJdlhXR0t0ZVU4aEZQTmZQbjc1MTcyVXRTSlZpX3hZbnZiU2EycnJwVlFTempWRmxaOFFSM09KdVlNNXdmZjZoNGFvR3dDNGtsZ2c?oc=5&hl=en-US&gl=US&ceid=US:en,World Health Organization (WHO),-0.4019
Faulkner Family Takes the Gospel Around the World - Faulkner University,2023-11-15 08:00:00,https://news.google.com/rss/articles/CBMijgFBVV95cUxPYTc1TnRJYVJ2NFk5MF91ZEdXeUlwaFVBQXRiN1JEdTRUdUU4N3Nic3VacUdPUTViUWUyTGdYMXI4VDJHMnJkLTBPZ0dKM2U1QUZQdm56eUZRNGVHTW9nZGcwRGxON0Q0Y1hwQ1I1TUZ5OXFTUXl5YUFzNDJ1YkRnZE1iSkhqSTl3RVBGOWx3?oc=5&hl=en-US&gl=US&ceid=US:en,Faulkner University,0.0
New Elementary and Middle Schools Rankings Launched - U.S. News & World Report,2023-11-14 08:00:00,https://news.google.com/rss/articles/CBMixgFBVV95cUxQMTA5ZGVVLXBEWEIybjlubW94RGxpQ3NmT09fYVpyUU9iZFM0ejROQW1rcENUR09nTnQycGQ1UUp3VWNpa01PRS10U3BkdVFaeXMzS09QR09FQXFMQmJYcl9IY3hVemxzUHkyNWxQaTRXZDVYT3FuSFVrWnR6aWUzRFRJbUxXeEo3cUlhRUEwLXZXQ2V0VDZwUEptX2dNTGRLYXlkWVBEWTF0X1dlV1FZS2h3QTZaZkVtVXh3anFJRFhIc1FlRUE?oc=5&hl=en-US&gl=US&ceid=US:en,U.S. News & World Report,0.128
"Ethiopia PM Abiy Ahmed eyes Red Sea port, inflaming tensions - BBC",2023-11-07 08:00:00,https://news.google.com/rss/articles/CBMiWkFVX3lxTFBaLTVMRVlFT2NBUHpJWjdhamNpSUVDR1NBOGY3eUxsTzc3cnUyUUR0MkJIcHluTEI1V1lQY0VXd1VLWExrbW16SS1GMmxsM2FicE9wRjRYaHZSZw?oc=5&hl=en-US&gl=US&ceid=US:en,BBC,-0.4019
How 13 news publishers are using WhatsApp Channels - Nieman Lab,2023-11-07 08:00:00,https://news.google.com/rss/articles/CBMijgFBVV95cUxPYWxIeWtaTHM2UFRjZDNaVy1EMWQwcFJUd2hLdTM0R1ZnRlJ5QVJGc043SHkzMU5oRFZkMW96ZDV2Q0o4VEtTRDFKOEdBMDIzNlBQbkFWVTluS2RZbzJjTmxpcExvNHYtak92eWpsYkpGV0R6THhxZXNuRkxzZ0U2bS1pR0x5eXppYWppSWl3?oc=5&hl=en-US&gl=US&ceid=US:en,Nieman Lab,0.0
"News coverage of war affects us all, but is switching off the right response? - The Guardian",2023-11-12 08:00:00,https://news.google.com/rss/articles/CBMivgFBVV95cUxQeWV6WXJ1VGVCajJ3STJIUHFXOWpGZUIxQkNxeENJOUxscGpldEJrMm5TN2ttbmEtX0pVYkFad3UyYVNiMS1wakUtdHZpSVZXa2xBS0o4dUpHdXVsVVFQcmdIYU1fMzVnT0piODdnZlR2Tkw0QzNLNEt3cEg2RFRhUXhjb0QzRW5RU3kzRWpoMlhDU3B6dGNia3puOFdTb3h1bkdxdml1TkcwQWJ3SVhLX1VCNlRMa1pyWUdpZ2RB?oc=5&hl=en-US&gl=US&ceid=US:en,The Guardian,-0.3506
NYU Langone Health Performs World’s First Whole-Eye & Partial-Face Transplant - NYU Langone Health,2023-11-09 08:00:00,https://news.google.com/rss/articles/CBMipAFBVV95cUxPZEd3dXJGeno3SGRWeTFoOS1Ic19IbkRtaF9hWmJWbjNSOWFYWWR4VXZjdXlZc1JaOUgyNEtpVlMxSDY3RFg5eV9RaVI5WlFXSWNiaUc0T2FtMUR0ZW5kb2NyaVFuckwzVE5GdFdubGYzcC1TWWp1NEptSzJqUlRfdl9aUjFxaWRtWHE0SGptVUwzdUgycTNROU1xWlZaSkhoN2RJYQ?oc=5&hl=en-US&gl=US&ceid=US:en,NYU Langone Health,0.0
What is fuelling the world’s antimicrobial resistance crisis? - UNEP - UN Environment Programme,2023-11-23 08:00:00,https://news.google.com/rss/articles/CBMinAFBVV95cUxQc2VWVjJuX0MzT0RCSnZhT0k1YjJUSlZtRUt1Y3VsZmhMc0VUbDBDa0xpaGRqUmdJbnZTblRSc1VRT2JsOG9CTEJCRGxlNWR2dnFqMmhaTTUzd3c0YnhjaGtqT1ZzMHZKNGNvanl1dGtDN1lzR0VxNm8zTHpscUtEemtZQ282aUVsQ0pyYzVQNHZqRGt4Qk16TDRRTTg?oc=5&hl=en-US&gl=US&ceid=US:en,UNEP - UN Environment Programme,-0.6249
WHO statement on reported clusters of respiratory illness in children in northern China - World Health Organization (WHO),2023-11-22 08:00:00,https://news.google.com/rss/articles/CBMixwFBVV95cUxPejNBdHNERUh5ODdQUXBQaXN4dnJfT3lQWldMcDZxYUdXb3pzcGN4ckhHNGJhSXhRSmJLSlR1UVNEeGxuU0ZDb0ZhaWplZmh4TU02czdwZ1B0VVdZSWotemlQdEdWTUN4alV3NG5iQXdBbFRBdU9nWVRudlZqWHdWU2lxeTJqRmlGY3V4dzh3Nm05U3RJU3gxcDJhdlRJZVlyY2xEQjNBamhaY1JscjlLMUhqWTdXRTlGX1ZFWXlwZVBrUi1rWGJZ?oc=5&hl=en-US&gl=US&ceid=US:en,World Health Organization (WHO),-0.4019
"World News in Brief: Russia pulls out of nuclear test ban treaty, climate ‘health crisis’, pushback against bullying - Welcome to the United Nations",2023-11-02 07:00:00,https://news.google.com/rss/articles/CBMi-wFBVV95cUxNNlMtakFUR0FFN1NLcEd1Rnh3Z1pFQUU2MUFidFA0ck1IUFlORTl2azlBNkZhbV9scUliaGk2SzVIenhVeTJMVVVxOEt5YndHVURWb0lwbHVMYlk5SkxVTkhJU2kwbmZESE10U0piSjNvcUNydW8wOGtZWTlQdVdmUVhOSlU2aUp6dzROT1dRTER2VUtHN1FiTnJxbGRTcnpLQldLTkZnaGV5OS1ENkxleGNaVzE2NnhvZUFZbU9oZ0pmeWdoMW91ZGROZGRWSTVWOHdwQmVSZkRVZ0ItXzdsU3p5dXVwUWQtXzVVdW9vZF9qQVl2Wi1rWHZtMA?oc=5&hl=en-US&gl=US&ceid=US:en,Welcome to the United Nations,-0.4019
US universities face a precipice under a Trump presidency - University World News,2023-11-08 08:00:00,https://news.google.com/rss/articles/CBMid0FVX3lxTE5GQnpxM0VyYzJ1TElYV0FLTnkwZ001VFdvMmF3LTlNWkx1TFExQ2swUF9NRkFPN1g2NDZyOXp1NkhZSmVxa195MEFnNEhYTzlOVUdYNHY4dDZHWFNGZE1leWhMZDR2Ul94Y0hQc3BSMER2LUxKU1NV?oc=5&hl=en-US&gl=US&ceid=US:en,University World News,0.0
"World News in Brief: DPR Korea missile launch condemned, malaria vaccines for Cameroon, solidarity with Haiti - UN News",2023-11-22 08:00:00,https://news.google.com/rss/articles/CBMiV0FVX3lxTE5UdmswNGJWS2dIZWE4UDJMUVQtNmJfcU92cGlIUUtwRjczSHpkaVlpTEF1WHV3VzVtWGdsYWpkWlNoeWRvWXlkS3BmbDZ3MUszUVJuWU9hNA?oc=5&hl=en-US&gl=US&ceid=US:en,UN News,-0.1779
WHO urges investing in “One Health” actions for better health of the people and the planet - World Health Organization (WHO),2023-11-03 07:00:00,https://news.google.com/rss/articles/CBMiywFBVV95cUxPMHhhaVkzaXlGNVp1QldFWVg2dnBPbUxmMG9rMFRrSVk1eE9abEtibHVsWktBUTBZUGhiMkNEdWgxel8zNWIyY21fZXBwZEsxSWtHSE1aa25Fbjk1R1VrX3BqUE5qbHcwdWltb0tSdEpVOXhzTTBSWjJ4NnRURDN6am04clhTQ19ReDNCV2JQckZ0YnE1V3NXaTE2LTVyOUdtaGcxajY5SWRGZVpuM3BxMVRXenBhS0FzRnQwdHpmTmJkc0FCVlRQRUdUcw?oc=5&hl=en-US&gl=US&ceid=US:en,World Health Organization (WHO),0.4404
"Nepal earthquakes: Facts, FAQs, and how to help - World Vision",2023-11-04 07:00:00,https://news.google.com/rss/articles/CBMijAFBVV95cUxOdFZVdzBEMGMyeFVFTjJyd0d4U3FvVEZSWFN5Um05ajZsVmpHWnNveG4wYzVvMmNYMjY0OFJqckhpd3EySENFTkpfRzQ1Uk9Xcy0yLTZkaWxfZzh3Ymc2S2Q4Zjd6UjFJbmF0NDl5eHI5UEFEc2NzVjBrVUdCTWZmbVM4bDB1dkxKdzhZRA?oc=5&hl=en-US&gl=US&ceid=US:en,World Vision,0.5719
Global health community calls for urgent action on climate and health at COP28 - World Health Organization (WHO),2023-11-27 08:00:00,https://news.google.com/rss/articles/CBMiuwFBVV95cUxQb05rUlNHLUdMN0xiWWQxOWtnNDBCZXZwcXg4VDZWVUgtR3oyWEZNa0Y1MnRpNUNxRXZidWNkeVp6dWdWV2l4TU9sYUVoYThtY1BBdmF2NnYwSk42VGVyZVdiUXhnMmRoMXFMRnZBNGtMQ0hEb1R6ZThlR0NfMUlsRHMzS243RnhTR0Y2VWNwRDZrZU9MM3BETTc3MG1nRUZmSkxVUVZlc2RiUHo2aXpNNmp5YWNFTjJ6RVlF?oc=5&hl=en-US&gl=US&ceid=US:en,World Health Organization (WHO),0.2023
"World News in Brief: Burkina Faso attack, ending AIDS, Syrian child casualties, new UN migration ambassador - UN News",2023-11-28 08:00:00,https://news.google.com/rss/articles/CBMiV0FVX3lxTFBtRnNWMTFmbVRid1RGbkd0ak9Pc0pNYmV4VnpQRXFNR20yb2VoM0VUMmFTVnRseU0yXy1UbFJhRmJLVGFsTVNIa2ZkY29Yb3ZpVm84a3ZYRQ?oc=5&hl=en-US&gl=US&ceid=US:en,UN News,-0.4767
It’s time to harness the power of connection for our health and well-being - World Health Organization (WHO),2023-11-15 08:00:00,https://news.google.com/rss/articles/CBMiwgFBVV95cUxNODhWSWdLd1ZwZVJYLVRIOWlyOEoyZ0xVQmo5U3J1N0hxM2k3U1lqLS0yVDR2MDd4eXU5Z3h0LXhtTlBDMDRMaFlHeTVpNnhKRjJlYXQ1aW5tLWRXRmFHc1RyMWNJbjBfTXhEUVVVNDN1eVpDdmZuZFJNMVYxUkxHdWZ4d2F0UEo5VWpDTkRGaXVLZzJLem4yaE9nUFZnNUhGTTRDbE5Na0gxbC1NVVBrNE93ZW1EZHBTeTE4ZTFnNHBIZw?oc=5&hl=en-US&gl=US&ceid=US:en,World Health Organization (WHO),0.0
Bruce completes largest-to-date radioisotope delivery - World Nuclear News,2023-11-24 08:00:00,https://news.google.com/rss/articles/CBMimgFBVV95cUxQN0JOV0E1SGQwTGdZdWNnLVplMDdBRFptak1nMXdULTJwcDVodzdwMGszZ2tUNFFYcmlxX2lfWWJtNzBNZmhScEcwYVBRaVotQnc2Y0VOcW9WdkdndzNPSjNFX2FEbTN5SEE5ektqd2I4WkQwWVE4Yk9oWVNRVGl3OWtnelBxU1VfdXIyMk9hS2ZOTHU4OHJCVkZB?oc=5&hl=en-US&gl=US&ceid=US:en,World Nuclear News,0.0
Oil and gas industry faces moment of truth – and opportunity to adapt – as clean energy transitions advance - IEA – International Energy Agency,2023-11-23 08:00:00,https://news.google.com/rss/articles/CBMixwFBVV95cUxNUVFlako5OEZ2Smd5U0dHZktQaTBIZndmTEQ2OUM3OWF3OWFMcy1QdFVRTmlRYkpqUGwyUGdwa3pLMEJRNl9oSWhVN1Q0aDRnYUJFdHcyOU5BTHFCNG5hZFFGbG01aGl4dEthclF0bW1DbVBaMndHcXhURzZqaENPcEFqOHNNS3JwRVFycFNYRHNmdzQ1SlJINkNja2Q4SFk1dlo3T3VhTDJsb2NMMnVBNl85TG95cU1qZm1DRFNOV2pPYzVKNnFJ?oc=5&hl=en-US&gl=US&ceid=US:en,IEA – International Energy Agency,0.875
Climate summit opens with world watching for signs of progress - UNEP - UN Environment Programme,2023-11-30 08:00:00,https://news.google.com/rss/articles/CBMimgFBVV95cUxPckhqZVhXMThxQldyd1RTSTN4UFJFZU92SXNYLTdteUtNT0pZc0VBWnVXT3V2ZXA3Nkx0anpna2ZsOTBIZjBva1d5OEFKZG83N2pDbG1TalNJTGMxd0w2eXZqSmpDOGtjTDZYRFJGY3htQ0ZwU3VfY1cyVjUxM296SUZuY0ltbnFfZkZZdVVhNm1SS3gxNEhkX0d3?oc=5&hl=en-US&gl=US&ceid=US:en,UNEP - UN Environment Programme,0.4215
Illinois State graduate programs recognized by U.S. News & World Report - Illinois State University News,2023-11-03 07:00:00,https://news.google.com/rss/articles/CBMiiwFBVV95cUxNbGJqeFJoV0p3TzhMb3NHYmVJdDNnTnloV3FpeDV0WFVFbGZEdzVOdDNJRG9ZbHJWLUFPVFN6OWpNY0twMVV5emotdEhqLU9zV2dlTHNXU0xYejBfQVdwOXY4NV9pcFVqcUw0YnZJMVp1SFVOY0lvNWtyRVpqNW1iZE9HVlF0b3VZX25j?oc=5&hl=en-US&gl=US&ceid=US:en,Illinois State University News,0.0
Sierra Leone country profile - BBC,2023-11-27 08:00:00,https://news.google.com/rss/articles/CBMiWkFVX3lxTE9KamxsdEZKTTZEX3BZTkFYb3hYbVJDbHQxRDVlbVNWTXpnNUViSHh0Mll0M1hHakw0cENISFN2Q3hqZE80Njd2dC1oTE5FN18yeVN2cFNMajZiUdIBX0FVX3lxTE10SEUtNVN0Y0JMZ0d2SWR4UUVrb1VXUHBKRXdaUk4xVDNFRjhGNm5hTDJVWkMzT3M5Rjlvcnk3V1NtWUdxLTVfMkM4eGF5aFZwQ0ZiVjZuVHdST1ZwN0ZJ?oc=5&hl=en-US&gl=US&ceid=US:en,BBC,0.0
Dutch election: Anti-Islam populist Geert Wilders wins dramatic victory - BBC,2023-11-23 08:00:00,https://news.google.com/rss/articles/CBMiWkFVX3lxTE9xdERpS1Q5WmhHNlRmZkF1TTBqWm9Ob0hmZTg4aG1oNmUzWFVlb1ZCUUt0MHNmaHhtVUE1VjktQmdNUktna3hEc1N2eWpZTnotX1BhQmNCTDEtUdIBX0FVX3lxTE14bkNRTFBXa2tSd1RlZTZLU1Vsd0pHUEc1NzY1YVBSTTkxLTFMWmFsQkIxcFp1bDNNWWlFQ0ZFN1hoUndoU2RVRXZxRWhwYy1rTDU1TjAyc3BPZFVTbzVJ?oc=5&hl=en-US&gl=US&ceid=US:en,BBC,0.5719
"World News in Brief: Protection call for refugees in Pakistan, ‘One Health’ plan launched, radio waves saving lives - UN News",2023-11-03 07:00:00,https://news.google.com/rss/articles/CBMiV0FVX3lxTE5xcnIzeVJrVGZwYWhOQ1lORndwZThYcEw4dHg5OTRzT0dNRkFkX0xHLVVUdGFGa254Nk5UY3J6cWw3NWpqUzdaeWJzLUl3b2lveDluc09TUQ?oc=5&hl=en-US&gl=US&ceid=US:en,UN News,0.128
Italy bans lab-grown meat in nod to farmers - BBC,2023-11-17 08:00:00,https://news.google.com/rss/articles/CBMiWkFVX3lxTE1yV093cUw3R1ZZd2VfV0hwbnM3U0JuTzRjRzladS1Cb0l2T0lnektJaGdDS1FCYlNYd1l5ZmNKVFh4akVjT0tydUdMQm9BTVlScXRGTzVnTTJBd9IBX0FVX3lxTE5NNlpiWEFUcTVhZ0xCLVlYbUVic09JM1lWUWV5UFRCR3FFdldXdFpxcnUyYzZsbldWLW8tYjQ3TDlRMU40SEVRYlRraHMyVGlxVlJFRG1JVS0xTDBBbjdJ?oc=5&hl=en-US&gl=US&ceid=US:en,BBC,0.0
"World Toilet Day, flush with innovations for safer sanitation - UN News",2023-11-18 08:00:00,https://news.google.com/rss/articles/CBMiV0FVX3lxTFBhNnRRbTRscFVNZ3NjeHUzN3c4MTJTcmlSTC1rNERDcXhKbVhXQ1pkdWN3N0dwdnBlWmpDelNsR1o2UWJkTkQ5YnFDNm5HZy1KNlRHeElaNA?oc=5&hl=en-US&gl=US&ceid=US:en,UN News,0.4215
Man crushed to death by robot in South Korea - BBC,2023-11-08 08:00:00,https://news.google.com/rss/articles/CBMiV0FVX3lxTFBUcDJySEpiQnlzeVlkeGpPM3IxY2RGdHdLOUU5VVpNU2R6c0VraThZaklqWWFENHdGY0pEeW9UTlRYVFFEZVBOUko4NGZBOWotN2tlX3JMWdIBXEFVX3lxTE1tYk9kSlFTSXFBbXVKSUdFYk1jRXF5d0V3eWdvVG9mMUQxeWtlVmkwVWJjXzhUMWRkTWRONHAxdkxmd295MzZuUlJ5eEYzNTFLME1aaHQxVm02Tm1F?oc=5&hl=en-US&gl=US&ceid=US:en,BBC,-0.7717
"How to decarbonize the world, at scale - MIT News",2023-11-03 07:00:00,https://news.google.com/rss/articles/CBMiakFVX3lxTE9Ua2VweGRLYzNiS3BMZ25Ed3JKOEVGNHJTWnpCc25Qd3FIR2NiNVpjTHRqeUthMzJHMi0xaGUyaHUzX3ptX2JTdWhOWS0xaUVNWGV5UGJXTllPS1c3VzRfelFMRy1MWlI2ZUE?oc=5&hl=en-US&gl=US&ceid=US:en,MIT News,0.0
World AMR Awareness Week: preventing antimicrobial resistance together - World Health Organization (WHO),2023-11-17 08:00:00,https://news.google.com/rss/articles/CBMisAFBVV95cUxOcGFpNjJfTWJDZGMyaFNhSHI5Yk1haVRtbnpHbFZLM1Z2MjNTa0tJa2pEdE1RdFhkQlgyZEptelNjdmhzN1BETkZWcDBIR3Q0U0xnc3c4R2daLUtCNnhYNDE5MUNKUDZMTXd1a3VtenVDaFhKbTJBM1pfVVgyVGxUQVJoVFpKTnVLQnZ1UEhmYjVZQ014b29oSi1qdW1CdVRvd1VYdWNZbFV6YnJaYzlqcQ?oc=5&hl=en-US&gl=US&ceid=US:en,World Health Organization (WHO),-0.0258
"World News in Brief: Diabetes on the rise, UN prisoners in Yemen, Ukraine war fuels rise in landmine casualties - UN News",2023-11-14 08:00:00,https://news.google.com/rss/articles/CBMiV0FVX3lxTE5QeWt1dzZIR2wxUmhiNFJlVldneWZ0Q2N1dUZuOW13Y1dyTHljdXJLdHlBazZKRTB5NkJJS0tkZHVQMVZCRlFUTDhiV1pLa3B2SEFFLUFObw?oc=5&hl=en-US&gl=US&ceid=US:en,UN News,-0.802
"Shipments to African countries herald final steps toward broader vaccination against malaria: Gavi, WHO and UNICEF - World Health Organization (WHO)",2023-11-22 08:00:00,https://news.google.com/rss/articles/CBMi6wFBVV95cUxQVXNSNFFxTEZfNXh2U0l6NTk5Szg5YW0walhDM3d6M0JkOUNvMXNfQk5xV3lCZVJfTEhpS2dVRzg0T0RxMVlFX3hNQk5BSDNEWVZRZ0NpVHRhV1NSY1VudzlNWUdnM1FsdTdhbWZmZlBjd2Q0WXNtaURDXzRaSnRaRlo3MlFIamdvcGVHNFgxUF9FUS1JaVJGSndsMUpycERWQWJRc3RISmRULVRRME1JX2pFOHRmTXdVcmtmblQwSzUwaUh3QVNzU0tycVdyejVNLTFQVGlONU5Udi03RGUzRmxPR0FLZ0p2RTNB?oc=5&hl=en-US&gl=US&ceid=US:en,World Health Organization (WHO),0.0
Global faith leaders call for urgent action on climate change - Vatican News,2023-11-06 08:00:00,https://news.google.com/rss/articles/CBMitgFBVV95cUxOcVBSNTB5el96dExqRlcwZFJodzRCV2xEOV9Kd2wwSENrRXZsNHJLRVJGdGFZRzRGLWx2dHNwb0xXQUc2LS04V3ZJaWlyVVNiOFRxQUYzbHRYRE1qRFZZZ0U0cXItMEtGVmNOYmstZ2FHUEVkMkZZZmVOc2dfcjRkampYSHZKa1lmbC1DM0VfeENQSExieG1IcjB6QjhLVWMzRDVIdThDVjBIQWZOT2FZeG93bmpGdw?oc=5&hl=en-US&gl=US&ceid=US:en,Vatican News,0.5574
Containment shell in place for Chinese SMR - World Nuclear News,2023-11-06 08:00:00,https://news.google.com/rss/articles/CBMijwFBVV95cUxNb0NfUFQ5ckEtSFpBM19OMDFsVkdDWVdTSG0xY2VQekFJeGRwZjE0QWtuVEJQVUg3U1pLT1BhXzJ1eFdwcEtFNE96STNIQzJlSWFnZTdobTEyNlRVdVFYT0VsdDlwdHVqRERwaEY2NE9PWnB2VWZtUE1iOXF1M2VzNFZGSlRGSzdOdlJuRlIycw?oc=5&hl=en-US&gl=US&ceid=US:en,World Nuclear News,0.0
Clarivate Reveals World’s Influential Researchers in Highly Cited Researchers 2023 List - Clarivate,2023-11-15 08:00:00,https://news.google.com/rss/articles/CBMitAFBVV95cUxPOFVUWldfYWk1UGh4cHd3NUlYM3pQbHhXSEhDSFNqQTZZX05KNkU4SnZVRjRPS0ViNXBEMUs2SVpkcy1mQWM1NkN4Q0hYNnhXYldvV0xBWG4xWi1FZEdvazNybnowWEJBSzhBbjBPRHFWOHBNclE2emFVZE5VcDItZXlPVVJwNWVrX1N2WW9Jb2pZaWdub21xeDI5XzBuUkRGVkdoOVdwcmdUWjZnUXRVeERqVzg?oc=5&hl=en-US&gl=US&ceid=US:en,Clarivate,0.4404
Pope: Theology must interpret the Gospel for today’s world - Vatican News,2023-11-01 07:00:00,https://news.google.com/rss/articles/CBMiqgFBVV95cUxPckNhRDI5dzF2UFE2TUtWekM3cFlPaC1ZMGswdlMwbXBrSW1hc2p3XzhSV3MxRUg2UjBPUnE0TjRFU1VQNzNvUzFHRnV2VE9vaUp3cDk4YUVrNkJaNWxabmszUkllZ3lYdmlNeDYwNHozVS1fLTVWdWMzN3RXT2VvXzgyUkF5c3daVWk4RkxtRzd3LUF1RXpyQXZZZElVUGxheWJuVXpIWmc5UQ?oc=5&hl=en-US&gl=US&ceid=US:en,Vatican News,0.0
Netanyahu to ABC's Muir: 'No cease-fire' without release of hostages - ABC News,2023-11-06 08:00:00,https://news.google.com/rss/articles/CBMinwFBVV95cUxPR0VDQVdMOGxsNHA1WEtfeU52c3Z1eUZ6U1lUd3J3bE9RamZnMHpHU21uMEpwV1dWT0hma0pfMmMxcEVSaVhIa2tyeExITThzaHhTVXAyYi03T3RYTHd0cGR5Z0JKQmtFZUZEZTdXNENCdUlWVV8xZi1zM3VTV0RUeFhsYmpnZmpYN3Q3NWY1cW9PcDZfVDZJeUJzLWNXLUXSAaQBQVVfeXFMTV95M3hfdHliNlJORUFGZ0dHTG4tQXcxU3paTUZOR3VYbUFRQ3Azb1Z2RTZvQ2FxeG5YOG5faUVuT0ZKb2x3RGVOYTV6MGxNd251NWtISmhFRDU3OGhGNGV6WVNMTUNzOGNNRmM1MGlGOFo0aHY0WnNic0NrZGs0R1BSWnlQT2V6bnVzc1ZJVW5Qd2VaVEc2aTdMTHZKdW4zNGpmMTY?oc=5&hl=en-US&gl=US&ceid=US:en,ABC News,-0.296
Tuberculosis response recovering from pandemic but accelerated efforts needed to meet new targets - World Health Organization (WHO),2023-11-07 08:00:00,https://news.google.com/rss/articles/CBMi1gFBVV95cUxOVHRyV3QxU2ZvbkxtOVJ4SUJQUXRHcllaWDVDSEdUNjRnalZVVVAwdkJxRl94blJteDA1bkhKRWdOTnp1amlnaW1GbE9nTlRDRUl5dUVRZ2wxSldZLXZnWU1iMTdJNUNjbmlnd2FKTUVSeWh0NVVkcTlBSzVIUE9aZ3FWWUFMOXF2ekFBUHZ2SHRYUUQ1Qlp4c1gwU0RNc3EyRFNBWmt1d1pMMzlJY0FrQlU5eWJzbXNBVndQMWhoMXRaMkxSdFlHZVV6MlFjS0FFNGFldFJn?oc=5&hl=en-US&gl=US&ceid=US:en,World Health Organization (WHO),0.0
ABC’s World News Tonight with David Muir visits Syracuse as area is pounded with snow - Syracuse.com,2023-11-29 08:00:00,https://news.google.com/rss/articles/CBMiygFBVV95cUxPUFlsSXgwYXZvejg2Vmw3ZnJaNS1xUTU4Q0ctS0NiVnJHekl6SHd1ZGwwN0dXdWdrY2N3UUxXRW9NYmVlQUFWZktGMFJ3Ui13LUlHN3hMaWZPQ3M1d09KOFdZS0pkS2RjVElfczkyM0t2ZU5lbzFiYl9EdDRSbTdiazZBRUQyUlN6U0VrQVVUNDB2UWNYYnB3c1RxUElscHVyT1F2Y2ZhSkdWVHVoUm9FNEFka2oxOXVsUm1MbHlJMDdYNU9vc09TTExB?oc=5&hl=en-US&gl=US&ceid=US:en,Syracuse.com,0.0
"Risk of disease spread soars in Gaza as health facilities, water and sanitation systems disrupted - emro.who.int",2023-11-08 08:00:00,https://news.google.com/rss/articles/CBMizgFBVV95cUxNdmFqVE8zWnhPNnBqOEJERjIxUmMwQk91ZjJhSFBuN2VReUVQVTRpTTdINGRYVFJ0UWlLZHR6NEZiZ3I2di1rT1dIb0tud1VDSTNOTkEtUlQ2UERKWDlxeXhwclgzSjhYUENRZ1hZOEdaMjFGdEpGLWJBYmU0OGlfTG5PVk1Ib08zeXhWd05vOHVSUENOMU44eW8yZEJzdHRmODRlQzBJQ0V6M0dTMS1MQzJRNkFfd1M5RjNULVR1bm5Kajg5TDdTV1Z3dXJzZw?oc=5&hl=en-US&gl=US&ceid=US:en,emro.who.int,-0.2732
"World News in Brief: UNCTAD development finance call, Nepal quake update, religious freedom in Nicaragua - UN News",2023-11-07 08:00:00,https://news.google.com/rss/articles/CBMiV0FVX3lxTFBvUHlxaHZZeFRKSnR4bmJRMl9yRWRXM2pJRDEwM0p6MXU4cFFYMnE2VFBhZ3ExVFV3SUxmWVBTYzNOWVItZ3p0eFViN3dTcmJ3WDZTWTVKbw?oc=5&hl=en-US&gl=US&ceid=US:en,UN News,0.6369
"World News in Brief: South Sudan aid plan, rising cost of healthy eating, Europe’s diabetes burden - UN News",2023-11-29 08:00:00,https://news.google.com/rss/articles/CBMiV0FVX3lxTE5NSHZMeW5MamFLZC15TmdSWGUxYWdPNzBQN251Xzh4QWtkaTBEbEFVUW5iNEVrM09UbjItZG4wX1c1QXFPUU9NU0xIQlNGZUJTUWF2ak13VQ?oc=5&hl=en-US&gl=US&ceid=US:en,UN News,-0.0516
Smoking is the leading cause of chronic obstructive pulmonary disease - World Health Organization (WHO),2023-11-15 08:00:00,https://news.google.com/rss/articles/CBMirwFBVV95cUxNTGI0aVRvUGNWNUd6SG9fT0s2MUFYVVVQMkprNW1tMVpwUzJBWHZEMHppcDJxZ3VZVnEyVmRtbFlYdm0yRzhOTnV0R3hUb2ctQ25zQ3VNZHh1V1FhM3h1d0tIVC1rdXJRV0pSVDdQazAzWHdXQ0Z0dGREa283NnowbUlzVlNFSm5tWVI0MW42dV9ydk5oRld3eVVQVGZGMGVGcmZSWlJVUEdua0J3UDU0?oc=5&hl=en-US&gl=US&ceid=US:en,World Health Organization (WHO),0.0
Students in Geneva Learn About Negotiating on a Global Scale - Northeastern Global News,2023-11-27 08:00:00,https://news.google.com/rss/articles/CBMijwFBVV95cUxPOF9ucGVhdzV0czlqaWhHcnRoTG5mUTZSMDdmYzhPeElRamNBM1VmVFFlWDJvd2ROM3NKZ3YtWlJrd0RCZWlJcXZxWVd3cmQ4bDh4eXBEekhoU2dCR3FmNFM2OTk5eHpKRkRUWkdHRnRjU08tSVdybnQ3MUFFVTVOTFJzUmJEZEktSDdRT04xNA?oc=5&hl=en-US&gl=US&ceid=US:en,Northeastern Global News,0.0
"St Helena, Ascension and Tristan da Cunha profile - BBC",2023-11-17 08:00:00,https://news.google.com/rss/articles/CBMiWkFVX3lxTFBDWEQzVVk1Skx0bVRiSDVGX0s1Y01IY2RlQ2pFVWhmME9ZQU9QMEQtYWhrd0V6akJDSEljRTdrc0RnWE8wRk04UnNCWmJUNkJ2WHdoazBaWUhpUdIBX0FVX3lxTE1sYURQX3B5Y25DbmQzQlFhY0JqSUlPTVo4bENrY3N3X252ZlFZZ3BjVG9qQ2dVVkFqSVE3blJ5aXNDYktlOE9xVUlZMGoxTUFDbmVDbnVOTUtXVVNPd2Vr?oc=5&hl=en-US&gl=US&ceid=US:en,BBC,0.0
New World Update 3.0.3 - News | Official New World: Aeternum Website - newworld.com,2023-11-14 08:00:00,https://news.google.com/rss/articles/CBMidkFVX3lxTE41cDRtUndwa1VUNXdwaXYwNFF6UTlHWF9YWHpIeWdNOEgyTjF2RUZpbmo0R0NvaGFnQ21iOFE3N1VnLVotUTdtdjFLYm90a3V3QkYwV0tkRE0yYjZ3T1FnX09EX2dueDE1d2ZWVThNX0hxdGRxY3c?oc=5&hl=en-US&gl=US&ceid=US:en,newworld.com,0.0
World AIDS Day celebrates communities working to end the disease - UN News,2023-11-30 08:00:00,https://news.google.com/rss/articles/CBMiV0FVX3lxTE9oWnlPanYweElGQzJSdWExcXF1Xzc2M29XZkY3NzlBQ0prZG10aWVzUGVSZEQ1Nzh0T3RLdlNSLUl0ZGkwcFlUcXdmWGxVY3M1S2VVdl9zWQ?oc=5&hl=en-US&gl=US&ceid=US:en,UN News,0.5719
Plenary session of the World Russian People’s Council - Президент России,2023-11-28 08:00:00,https://news.google.com/rss/articles/CBMiXEFVX3lxTE5NY1lLWHJRaktyQ3QxY0FMMmpJVFNDdThNSEltYnk1ZzNtT213bnFWX2daWGdSQjdRSHplNk5DYXFkS1hVSk1OMVJMN1BPSmJhX1RQR0NlZEoyR3RY?oc=5&hl=en-US&gl=US&ceid=US:en,Президент России,0.0
Complete 2023 MLB postseason results - MLB.com,2023-11-01 07:00:00,https://news.google.com/rss/articles/CBMidkFVX3lxTE45MG9SMzU4MHYxUEtDZ2dlWjdVb3ZSRnhfUzE5c2RaeXZtcTZsWHRubEwxS0RtUngyNVVCUU10MlJleDRyTVJxYXRNeDFIR3RsWHUwY0FlTzdjZk82MXdTb3VqWEtSd0RDa2NxQ181R01FTFF4VUHSAYIBQVVfeXFMTWFjRUtGb1puNG9jeVVsZVZNZUFuckw5V0Y2TGhQVnRseWkyN0VsV1dwVzFaVEREM1BYRjMtWHdVeXNPUHpGM0t6WWFtLW1MRFVSNkZPTHVFOG9WYk16dFc3TWRRUVZQcFVha0hWWndvZFVfMEJ4VmR0TjVwNzlpSUtEZw?oc=5&hl=en-US&gl=US&ceid=US:en,MLB.com,0.0
First WHO Global Clinical Trials Forum puts forward a global vision for sustainable clinical research infrastructure - World Health Organization (WHO),2023-11-29 08:00:00,https://news.google.com/rss/articles/CBMi7gFBVV95cUxPbkFhZXEyc29fNWNyb0g3NDVuRTVqZUNqVkUxbFhHN2hwaDJrbEtwcy1UWnBlMVdsaUJYa282dWl6VTJIT1dzNVZreU1iTU05bS1Gak0wRzF3UElGU1BtWHRDMHUyb21Td2hvY1cyVG96TmZ0eUkydkZhOURDV05HT3N5SmJJNmdIbC1oWWF1djd6dmVvUi1OTlBCVF9FZndwRXB2dm1YYWRKZnlrRDlCSjFOSWg2RjE0S2ZEeWRTTVQxU0tjYTZucW1FeVRNN18xLVcxb2RvWms3UTdwVjRKaVMtSlMwZFZZMmJ3SWpR?oc=5&hl=en-US&gl=US&ceid=US:en,World Health Organization (WHO),0.25
Sweden plans 'massive' expansion of nuclear energy - World Nuclear News,2023-11-17 08:00:00,https://news.google.com/rss/articles/CBMimgFBVV95cUxNUWV6Zk0zd0dreUU0QkxDcmJyOUw0UEtpSS1PSTlldmZ6V0x0RDIwczVMejNTbjJPM0tsMnYxUXV0MnVBbm9IaDQwYUhMWVVTTUJzNXEtWXJiLUgyRkVqLUdVLVpXYXVYclBJeUY3MnFLUTdqZkcwcGJiRlUteGlBcjJDZ2ZZUUJ2dVJEc0lyRG1yUWNWMExsZXd3?oc=5&hl=en-US&gl=US&ceid=US:en,World Nuclear News,0.2732
New WHO campaign highlights tobacco industry tactics to influence public health policies - World Health Organization (WHO),2023-11-16 08:00:00,https://news.google.com/rss/articles/CBMiyAFBVV95cUxNak5KYVE0ZjctSy1BbzE3WTlDck1ZTUZFUkp6c0pBeS1GX25yN0tCdzRGem5rYmZjSW1YVXZVWVVYTlJhbktFTWwyaVdSMGxleTBoUjRCaUtLZ0hJS3hOeHJxRHgzcVctV2hTYmVMVGM3Q3hXMmJhdUF3MTB0R01yWEhpTkVpRHhIeTlUam1vWm5pS3NjaEJ5RExxdjVXbkt2OTdhODNiRWQxWjVhTnNHbWFQaGhqYUVKaDRIVzNCdGVvdTRCLXdmTg?oc=5&hl=en-US&gl=US&ceid=US:en,World Health Organization (WHO),0.0
Explainer: How AI helps combat climate change - UN News,2023-11-03 07:00:00,https://news.google.com/rss/articles/CBMiV0FVX3lxTFA1SHNiQnZ2aG1ZUXJ6alJ0Y0dCMnpuZXJ2TWU5cy1rUU4xTmFfY3BqX2pDRjRsSE45dG9sTWtqTG16ZW0wTE1CYmNBazJhUlpCdFl6cWJCZw?oc=5&hl=en-US&gl=US&ceid=US:en,UN News,0.0516
"Working under the sun causes 1 in 3 deaths from non-melanoma skin cancer, say WHO and ILO - World Health Organization (WHO)",2023-11-08 08:00:00,https://news.google.com/rss/articles/CBMiygFBVV95cUxObHBjMzgwTnBUV2dUQzJBbGg3dkJGYjBlTWJUYUVnaDFOb3RMYnJrZWRUNm82dVloQlg3ckpCZ0YxUWE4RjVYUXhQNS1SSHh2YnAyZ29SNG5DdUVoVzM4dFFFelRVcFc0MXgtVnBHM25KQlpmOXp5eHJMQlZYVkZMd1RuNF9aQ0ltMVdZc2xEV1N5dHFBTjdjQ1dEdVRPbnZOMFZPM1ZpVWJ0Y2lpeGJDaUduVUxlVTY5TWdVajQzSE10ckM5QnNfV0hn?oc=5&hl=en-US&gl=US&ceid=US:en,World Health Organization (WHO),-0.6597
"World News in Brief: Water crisis for children, hunger in East Africa, new Yazidi memorial - UN News",2023-11-13 08:00:00,https://news.google.com/rss/articles/CBMiV0FVX3lxTE1fRlIwYWJGdjVDNjhGNlhHcTdGc0R6eEFXTXBaSk9faUZBZUVjTFZNNTcxMVJxMUJWbW5WM1lZcDlwc2FVNUNNcmsyTGFyNmhITmNBTXNZWQ?oc=5&hl=en-US&gl=US&ceid=US:en,UN News,-0.7269
New toolkit to assess the effectiveness of World Heritage management - IUCN,2023-11-21 08:00:00,https://news.google.com/rss/articles/CBMikAFBVV95cUxPUERoV2stc3VRcnVmb2tRRDRLd0NmZkw2ekg2WjlJWTBSM2g4elN0a0kxa0xqbFgyd3hyZHc4dHl1Q3FsNnAyemdOd0pxTk1LSDNZX0Y2aHlQVlZOWGpTaGFiUUVEbUpEckR3R21lRzVzaV9zQVppZGw1ZmsyM2ctNEpyRVFGTEFnSTNRT3FwMDE?oc=5&hl=en-US&gl=US&ceid=US:en,IUCN,0.0
First refuelling at floating nuclear power plant - World Nuclear News,2023-11-24 08:00:00,https://news.google.com/rss/articles/CBMiZEFVX3lxTFBXTU1GcmFJeTRORlBGdnlnOVc0RkhZRXQ5OFRsUXp2bmNtNGRET05zbzRuUU1TanVfbFBZN0w2TlVCUHNmc1ZzekhBUV9XNXVBbUJJVkVNOHh1dzViR3dobkd5U2k?oc=5&hl=en-US&gl=US&ceid=US:en,World Nuclear News,0.0
"World News in Brief: Mali mission latest, starvation alert for ‘hotspots’, inclusive sport for all - UN News",2023-11-01 07:00:00,https://news.google.com/rss/articles/CBMiV0FVX3lxTE14Q0JJZlFwamtTWHlEN29rZExRZWh0MjlSNm5kSTE4N05HaS16WldnNWdWS3FteEF5elE5Q2Q3VnpUdjRwcnhCODR3NXNqcDRlN25HdUFWOA?oc=5&hl=en-US&gl=US&ceid=US:en,UN News,0.296
How the dead are counted in Gaza - BBC,2023-11-15 08:00:00,https://news.google.com/rss/articles/CBMiYEFVX3lxTE1PTkZvTXZSRmdwRzRmZEs2aVhENmQwN3Fkc3ZaZ2RPWUlsNVp5N095dFQzNG9wWnd0c3FxRHZreXZhYm9ORFJITHo1eGZVdTVueGtlRHgzUWstWDUzTFRBc9IBZkFVX3lxTE1QVnlsUVFlMlNvX2pnYXZYZE5Nd2dQVkM3ZVVZUnFSNDZSZEdDRDlSbThwUG16LUdxUnI0MWViSG9VVkZoMWFVcUp3S2VMS191SXpFNXZaVE9xVjZRN1RvU0ZTdHd4UQ?oc=5&hl=en-US&gl=US&ceid=US:en,BBC,-0.6486
U.S. News & World Report Names HCA Florida Aventura Hospital Among Best Hospitals 2023-2024 as High Performing - southfloridahospitalnews.com,2023-11-01 07:00:00,https://news.google.com/rss/articles/CBMi3gFBVV95cUxQSjI4VEZWVUNCQ1BUUjBPVDlCekZwRjhiZ1pOTElOYWh4R2RGQmdnZ3hodE5mb2FuYkQzT1hYRGZUdmhycVRDRW1XaUtkdnZ4N3I1M01WbzR2TEhjdmNEV1Z5TUtXTVh5X3lzLW4zWWNaaXNjWm14VmtYTlB2MlBLMkVLU0RZcy1Sc3hKS0tkVEIwWUU0SDR6R2NjemV6ZTE0bHdjZUxwRUY0UmtoYmkyREphaVFnTk5nN0lOQ1hYMFlZU0RNbXpIVC13ai13VUpwSWtuUGhBVXlSUy1HTnc?oc=5&hl=en-US&gl=US&ceid=US:en,southfloridahospitalnews.com,0.6369
Harvard under fire for helping elite skip the queue - BBC,2023-11-25 08:00:00,https://news.google.com/rss/articles/CBMiXkFVX3lxTE1pRXZDS0Rqbm5xbWJpYTJzaW5QZGpLYVpzZVNnNUZ6d1FVbEdYWU0wVDhLU0dPNVA0QU5kRkRGTjQyaXdqS1dERkdCejFNbl8yOFRnWlJqRkRfVE14YkHSAWNBVV95cUxOWndnbk1GQVlwR3hHVDVkcHhMdUZCUGNhTGtzZmdmU0NDazRkLXJOYzh0SWt5amVkNlFkTm1kZ1Z1Y2owaUFITHZJbXE4RTdHX0hWay1xdnp1a2VNTElINGRmelE?oc=5&hl=en-US&gl=US&ceid=US:en,BBC,-0.0516
"Abiy Ahmed’s imperial ambitions are bad news for Africa, and the world - Al Jazeera",2023-11-14 08:00:00,https://news.google.com/rss/articles/CBMitAFBVV95cUxNUHNBZExFWlVJbUl6MFdWMWFaSFlKOExKam1OTkVrQ19LZHZKQmdSVTg4cDUxVDdrc2M4RWZPbFRpZ0MzNWhjOGFfdUExXzk3MG9ONWduVF9zV0JaVzJ0bEN2by1jZ2h0UGREQ3RvYTBjX1N2OU9lUFQzVExkTXhMMl8temZLWENQZVl0MjVkbUZhUGxtUHVlS3ZURlBCUDZmdFV3dGVMS2pmZnlUMkVDeHVrazXSAboBQVVfeXFMT0ZGZ1p4OWhpV1pORVVIakhVc05QU0JZNHZqOTQtWnZRd003cnVYbENBeU9xOFpIeGJCd2tNTXFZR1FzWXR6cjZsY2prOGcwa0ZtYVN5bmJQVV9VXzRfdGdxWklLVjlVSjJFOGJRYXBYUWlMYmpxZWNXTlFaMkd2T2lfdHV5alVwR2lzVHRZcUZJdnlWX2ExNno3S1ZKbnE1cjVmN0ZYZGlWQm5mb3dUaEVIMGp2dHRKSnVR?oc=5&hl=en-US&gl=US&ceid=US:en,Al Jazeera,-0.5423
"Fake news undermines democracy, warns global survey - The World Economic Forum",2023-11-14 08:00:00,https://news.google.com/rss/articles/CBMiZEFVX3lxTE9NTVU5bHZoT3BfYjN2YVRjeVFJNDZKd2lmem5fX0N5R25SdnZ0QXE4Wno3WEJTclNxbktYQlZuN2RyMVBleHU0d0syeHhSUkVmS3RmY0gwelo2ZmFWSjFmTU1EY2Q?oc=5&hl=en-US&gl=US&ceid=US:en,The World Economic Forum,-0.7096
Swimming rivers and faking illness to escape Ukraine’s draft - BBC,2023-11-16 08:00:00,https://news.google.com/rss/articles/CBMiWkFVX3lxTE5LYWRxSDlTRVpIejd3dnNtdzNaWGItQTdFRGJjaE9kZUtPb0ZNYTFud1FIZ0k3WFowSHRJcUUwOTQySElwWXRqRUUwSnlIODJhQ1hUemFDbldGZ9IBX0FVX3lxTFAxckViUy00ME1JU0pfYXBmcEVmOEZJRWVaeENxR2hLV2hPemtjbVJsOUNXc2FvMTVGS04wTkoxRVpCUXh0Ri1ZT3ZjeV9PWFRuRkktd3otME9XTGJrUUNr?oc=5&hl=en-US&gl=US&ceid=US:en,BBC,-0.5859
"World News in Brief: Russia pulls out of nuclear test ban treaty, climate ‘health crisis’, pushback against bullying - UN News",2023-11-02 07:00:00,https://news.google.com/rss/articles/CBMiV0FVX3lxTE9feFZibTZyeEctZDVtUjRFTlh6bzZJbWk3NktYTHJTQ0Z1UEtKcWtxVEZ6SGRpZmstTHRFRzMyY2w1ZXdaTWhuYXlzbGlPY3lUYUtGZXNUZw?oc=5&hl=en-US&gl=US&ceid=US:en,UN News,-0.8176
Understanding Charter Schools vs. Public Schools - U.S. News & World Report,2023-11-14 08:00:00,https://news.google.com/rss/articles/CBMimAFBVV95cUxPb3VQZmEwdU5vSUNETllBcEpaYjNGa2VZSVAyYlRsR0pEeTVHZDFCZDRmRllDbDZCQVQwUUNDSHRRa0JmYmszMHlZLVVreG1IUFhvOFM1X0ZGR1JxYWpLOWNGd0o5S0dvR0hFa1MtanpFeHI4Z3hBLXZJcjMzcVg3U0pBR3NkMmJVNS1jeGVUUGJDaFVGemNKRQ?oc=5&hl=en-US&gl=US&ceid=US:en,U.S. News & World Report,0.0
Korean true crime fan murdered stranger 'out of curiosity' - BBC,2023-11-24 08:00:00,https://news.google.com/rss/articles/CBMiV0FVX3lxTE0yRmVBQ1JCekpVU3dlcE9PMmFFblRMWlY1SVRiS1FFOFB1Qm5aRko1RTBmRzdjamN4el9FWWduLUczT3BtVW1TdkJpYUhhNDhobkhoWklmVdIBXEFVX3lxTE00WV9sVjZ4cUN4cHRSUjdFbUtZOGtaMWVrM1p3RUNhMmhFWHpPbVJtc21Rb0VZWGRjMS1nTHF0dlpUa1ZrN2NMUmpqd3JIeU9JeW43a2ttWW9TWlBz?oc=5&hl=en-US&gl=US&ceid=US:en,BBC,-0.5859
"Clean technologies are driving job growth in the energy sector, but skills shortages are an increasing concern - IEA – International Energy Agency",2023-11-15 08:00:00,https://news.google.com/rss/articles/CBMizwFBVV95cUxPZ1pDNWFBdjNULXg3Tk8zLUZTaERfVTdmQ3N4NmlJOHRqS1FnQWVZN1Fhb2RuR3RULW5HRkhKMFcxOUhIcjI1c2hTTF9LQU92TnVFMTdkZllLaE9sOEI3T05QMVJfbTBwd1A5SnhVSnJjbDVoaTRwQ0VjelZ0TkNyREVYRHBvN1FqUWtBMmFZc29SNEtGMlk1M2pTWk9WLW1LTjNEQzVTcW1ISWFUZXB6eTIxZlFuTTd0c0UwczBmMnh5cWU2bUd4a1NmMUVsY3c?oc=5&hl=en-US&gl=US&ceid=US:en,IEA – International Energy Agency,0.6059
From the Ice Bucket Challenge to MrBeast — does ‘stunt philanthropy’ make the world a better place? - Northeastern Global News,2023-11-27 08:00:00,https://news.google.com/rss/articles/CBMid0FVX3lxTE5yTXpiNG5NMlFfcGhiRFA0X2l2cW9nNWcxTFdqN3hBVFZpT2xYd1ZIUnVsQ3ZfbzJxV1lfRnNtOU1kd3htUUw3R2hsZF9mMEItdTI2NV96N0JFbVBaOHIxSldUQ0FtSnNzUW5GVlVwcWFBTUk5dGM0?oc=5&hl=en-US&gl=US&ceid=US:en,Northeastern Global News,0.4939
Climate change is an urgent threat to pregnant women and children - World Health Organization (WHO),2023-11-21 08:00:00,https://news.google.com/rss/articles/CBMiqgFBVV95cUxQdWxPeFdGVzk4LVJuUndsOHd0bkFWWWVKc0F1dENGSENYeWgxSTlDZ2xDWTJMTXNRQ1hSWUdKMEN6R2pWQUVFTzdLd2pYQk5QMTFxUjJpZTZOd2FxR3ZmZ1pwckZtVHJ1aUYxbjhwUGkya0xWaGpnUldLUFpIMGlsaXZJSk9QejFqLUpVZlZCZm5oRzc5VlI5T2F0eXRIM3NmTENUYmJhYUFHQQ?oc=5&hl=en-US&gl=US&ceid=US:en,World Health Organization (WHO),-0.3818
Rate and impact of climate change surges dramatically in 2011-2020 - World Meteorological Organization WMO,2023-12-05 08:00:00,https://news.google.com/rss/articles/CBMingFBVV95cUxNUUlkM3VDc04zSGk4SE1Ld19RbnpGc2FjSEI3Y2tmZGM2VlRRbjVBMUJBVnBFdm80bl9VUFR0aEVrRTZuQ2hqMHV1U1F0YlJhNXJaWmpFbnQ0XzdxWDhWODFpaUFhTmNoZGQycUJocm9jZzNNTUtpdWwwc0ZxS1dKUkJFZ0dSTWY1emZFUFZOZ0VqdWlDNDZDNEdaUDJSdw?oc=5&hl=en-US&gl=US&ceid=US:en,World Meteorological Organization WMO,0.0
Made in America: 'World News Tonight' viewer shines light on Texas toffee company - ABC News,2023-12-16 08:00:00,https://news.google.com/rss/articles/CBMinAFBVV95cUxPZDBuQ1ZOUk03V3FyRzJaY2RQRFlkaWRDNVBXaFlRdm4wUmcyME5RdXQ0MGVlaEFWYkFUVVpvbHczdV95SDY0OC1qQng4Tkx1WDZkWFJuTTkwTWJhelNsQjZKT0M3RXM1aFpjT19fWF9LNC0yZjdZSm1qM3N3bkVrTGJwdktNQUc4RWlfN3VNS3NSYTBDRVRKbThCUmTSAaIBQVVfeXFMTTgzUHprUWR0UDQyelZlM1JrTFE5M1gzbnVKREpHbF96aklQUjdnbnk5R3g1T3RoUXpSbnJzd0RucXVxS21ndjNtaHQyRHBPRkw1Um9tS2pWUC1NUUVaNHNUbVJFWnl1b0pUYzduNFNmSERia3QydVFET05uSDlwMXFVWXRsYThmT2dfZUs1YUZuSS1qUmFuVDBEajR5djVTeDBn?oc=5&hl=en-US&gl=US&ceid=US:en,ABC News,0.0
Human rights - World Health Organization (WHO),2023-12-01 08:00:00,https://news.google.com/rss/articles/CBMifEFVX3lxTE9hZ3VSWWlhbjF5WTEzcmREaFo3VmtEdHJCM0RuMTEyMkgyYVFULWt5endiODVWOXNKRlJHUXNEQzhHVkMxRE5RbU90OGR2WjZGbzlmSUs1dC0tcUF5Y1JEbE5NT2hXTmxNMU80dldFU041WnViTGwtMWVLelI?oc=5&hl=en-US&gl=US&ceid=US:en,World Health Organization (WHO),0.0
News Room section (menu position rule) - UNRWA,2023-12-21 08:00:00,https://news.google.com/rss/articles/CBMiqgFBVV95cUxORHc1OHpteE92X0RhTmFYdXBWdjJGbEtmVkNiWER6QnlvZXY2dElFMjBoVGxpb2dGVlNhdUZ3UlBfMXZoVlNXcDg4VGlFYl9KWW9fa1A0Qmdxb25vdDd6N2FjVEpzR1dLQnJ1R204bFpWTU1iblNhY0NPMm1GOG44aFFnUFNDX1A5cUMzaE95ZDdjVnNIXy1zZnlMczQ5LTJlWlE3TG1zUFpNUQ?oc=5&hl=en-US&gl=US&ceid=US:en,UNRWA,0.0
2023 In Review: The Year's Top International News Stories - i24NEWS,2023-12-28 08:00:00,https://news.google.com/rss/articles/CBMipAFBVV95cUxQSGZ2WWxSQ2JHWm92TDJ0VFZXeXBCOF9jV3RrRE51b2FqZ0psX1pzbTFBSm5uc0w1OWN6YjVtM3pQRXJRTm5URGRza2lXUDFVeF9NMUdnVTE0ZnNZdXp2U05IWkhOamZLcWNIODQwcVowYTVZN2h1am1CeEU5N1ozY29QTkYwZjlvaDloMVNmMlBjMTFmVzRlaHk2TVhNR1ZZTGdaVg?oc=5&hl=en-US&gl=US&ceid=US:en,i24NEWS,0.2023
2023: Year in Review - Bahá’í World News Service,2023-12-29 08:00:00,https://news.google.com/rss/articles/CBMiSkFVX3lxTFBLYkhJaEFfTWlGS2dVT3pvc3V3czRCODM0b2dKRC12UFhlUzd1RDJwLWVuQlhoUVVYU1JkVTZNV1JNc2dOZ2JwM3p3?oc=5&hl=en-US&gl=US&ceid=US:en,Bahá’í World News Service,0.0
Meta's news ban in Canada remains as Online News Act goes into effect - BBC,2023-12-18 08:00:00,https://news.google.com/rss/articles/CBMiXkFVX3lxTE5NcWJuVW53MHR0SkNBblBwenZCR3BIcnRydE8wS2Vza2MzOHM5akxMbkV0VWNCNGxTOFVHRU5aN0lmLU1yLXA5MzBFbFpXbU1ia20yMjNxQi1UWTlnTlHSAWNBVV95cUxQNEpvNWYzb3NKZ3VUNmRFNE1sazJqX2I5VlpraERYYkU5Z0s1QzZnT216aDc2eFFNZ09XQ0NrRmQzb3F0dVdVRVljQVFSRG42UG43X0FDN3RVVmJ3NjNVZ1hYQ2s?oc=5&hl=en-US&gl=US&ceid=US:en,BBC,-0.5574
International trade: What you need to know this month - The World Economic Forum,2023-12-07 08:00:00,https://news.google.com/rss/articles/CBMihgFBVV95cUxQZ2dtM3d4a1BiSS1YN0lXSmVrR051Um13NFctMUI0TmxMWDUyeXBsNTlqa0VkZzlOMzI4RkpGU0lwNzJlLTRFRnNpZ0lLNkVUNW56TEhhb1NNWlhOV1J1YjRvUVB0MWpUNHo5VjFDdDh2ZzItd1JUeGs1RmJtMFY2U0JLcGRIUQ?oc=5&hl=en-US&gl=US&ceid=US:en,The World Economic Forum,0.0
Researchers compare AI policies and guidelines at 52 news organizations around the world - The Journalist's Resource,2023-12-12 08:00:00,https://news.google.com/rss/articles/CBMiekFVX3lxTE5mMlVtYmY3TWJocmlHT1VMeUh5cjJzdjdMQWlvTVEyb0tSSVBBbzVOUE94bDVMY1JDOUNncnV5eDNmR2RoWU1RMjJiUnRHZVU2VEVZUVR2ZF9wbFZkS0xxWnJVMFJzaVp2aWl2cHRIeUtZSDJseFRsQ3F3?oc=5&hl=en-US&gl=US&ceid=US:en,The Journalist's Resource,0.0
2023 in Nine Charts: A Growing Inequality - World Bank,2023-12-18 18:23:36,https://news.google.com/rss/articles/CBMimAFBVV95cUxOdm1JMUM1cFdkXzFjZFpUZ1NXMldwVTNSSmpwWG1CUUZhSkwtb1M1dEtaWVNsamlZYkxueDBhcXZCWGluZldWZFQzU3VmX0hNUUx1SjFmOElmSnRpUklnc2ZkN1F5alVXQ1pWZWRmSmlyZG5EaExxSE0tcW5IOXVWMHhGX1ROZ1E2Z0xHclVCOUd6TURjN2hNYg?oc=5&hl=en-US&gl=US&ceid=US:en,World Bank,0.1779
"The world is not getting worse, it’s getting better: 35 good news stories to start 2024 with optimism - EL PAÍS English",2023-12-29 08:00:00,https://news.google.com/rss/articles/CBMi4wFBVV95cUxPMUdJUGJHRURHQlRQcGs5Nnh3VTdkeEVVa3pKTTY3SEpYWnJPeXBxRURBR1FKTTE5dHV1SmtEa1RfMXlzbzFZVmU5MmgzV3BrSzhLbU96VWM2M21VR3NHM3B4ZlJJcEVpOURMc1ZfcDZfUFJOMUJ6ZW9vX192MmNUdU9xOHhoZVRieWh4ZHBwcDduMkVILTZOemx1Nmg2MjNEdnJZTFpoZHpPRDk2bkxxbGtabldJd0pGUmRUWXRlZ25EZ1RPVTRObHZFbndfSDJJeFhza3dWVG50WDJUbUN4ZVpqVdIB9wFBVV95cUxOU0JsRkVQNVRFa1BpZmRlUzlSYUNyY0x3aFJtM21Wa3FoYWI4T1Q1RDE3OW15X0ZIclhzMGdtTmV3R1ZqMG1scmNxaFZwMzNQbkNxZU1IeGNiOHplZHZYOVladkNfbk5yb3pJUTNYQXZUWTZsckZGOTBkV1E2VHMwbnNWTzRJZW5xYjk1UDFUUklkOFBMVFYtTFNidEJGdWNWVHNJVVFMZFRQdkR4YTdOeGxEMm0tcXl1bnVEZmszeXR2YWlFTWhFZmNDOWZaaVRfSDJIS2d2a2FqbHRteXYzWS1UNmFydlB0WW9BWXRKR2s3SGdJNG9n?oc=5&hl=en-US&gl=US&ceid=US:en,EL PAÍS English,0.8969
Eric J. Gertler - U.S. News & World Report,2023-12-16 09:07:19,https://news.google.com/rss/articles/CBMiZEFVX3lxTE9NU05ibXB0eUwwbUU5Q1JGTmx2VV9wTXk4czVJalI1VFFYeXdScE5yYndkVW1oR3dyV3JPMmRRTFRqeGVLVkdOTkNNTXJIelZFa0lnb3pmZG1adlA1NWprNWI3SGQ?oc=5&hl=en-US&gl=US&ceid=US:en,U.S. News & World Report,0.0
Lookahead to 2024: January to June - UN News,2023-12-29 08:00:00,https://news.google.com/rss/articles/CBMiV0FVX3lxTE5sVlMwSDhyZ0VFUkUwblNNUHI5TzBCYUh3M0JlWmNaV01XUS1fdGd2cWxsN2haS09hYjZ0QlViQ3NEaUh3YU9sdERQWHpUcFk4b25XUEdVYw?oc=5&hl=en-US&gl=US&ceid=US:en,UN News,0.0
What went right in 2023: the top 25 good news stories of the year - Positive News,2023-12-19 08:00:00,https://news.google.com/rss/articles/CBMioAFBVV95cUxQb2ZFTWRrRHJJblcwVF9La2dHRjZkUXhWcGZiWG9jSDFhTXYyUkZVVjlBM3FibklfQ3pWOHZMQWNDbE5Ua2l3bmhyeHF3YmxEaDh5UlB1cnc0eVkxLXNVSk9mcnpQLWtkVU5Yd2ZoWXB6RDhaYkdNa09FWTJvUXVfVlJsWjYzd28yMTVTb3dvQm44LWV5MVFKNWx2N1NPSk1I?oc=5&hl=en-US&gl=US&ceid=US:en,Positive News,0.8074
"Austin: In Troubling Times, World Needs U.S. Leadership - U.S. Department of Defense (.gov)",2023-12-02 08:00:00,https://news.google.com/rss/articles/CBMiugFBVV95cUxPdExkSTlJYllXQk5Qd3pwUVF2U1NqcUpweVJmaDExMXVITFFKbUU3aDBSUG8yTmxDSjdjYU5BbWs3WGVROS10VkJqbHppMXVfSURvZnpBTEFhVG9Pdk16dzBlVGpCUU5KSlhONk1wYjEzSDJ6bTBVaF9WUHNyQ2h0dFRTb1lIdW5CSmdTQnNKdTd0bzQ0eUpOZ2wzNzdxaWZFTVRtQUtDZGtST0VJc1cwQzljTFhwZkk5M2c?oc=5&hl=en-US&gl=US&ceid=US:en,U.S. Department of Defense (.gov),-0.4588
Global carbon emissions from fossil fuels reached record high in 2023 - Stanford University,2023-12-05 08:00:00,https://news.google.com/rss/articles/CBMipAFBVV95cUxONE9SbXBkX0dESUZ2TVRqdml2UHFzck9KN2lVZmdqaVVjYlh4NWxCUm4tVjJZVkJWS25GUENoTjBBcnlXRk9taTRiM0FqRkQ2MTZoYTdfdEdYOE9JUThlWHFidjMtTW9kV2VSTkdBMG90RDdJLTBvSk95YWYzaS1tR09iUFR4ZHNhTlRUTHVvVk1lR2tuUkstUXFSOG42eG1LaUFiaw?oc=5&hl=en-US&gl=US&ceid=US:en,Stanford University,0.1027
Road traffic injuries - World Health Organization (WHO),2023-12-13 08:00:00,https://news.google.com/rss/articles/CBMiekFVX3lxTE5oQ1FFTmpBMjhzR19vWDY5TXBJU1M2UnR5ci1nSHV5NWZ3MjQ5UWJJZnpzck8yVzZSZHdQajE5VlNOOW54NWU1eHI3R3o3TnBhNkNwelpxRndPOFotb21iLW44UFFMZ3A1dmNXYjRWRjVkTE1CeGZTb2JR?oc=5&hl=en-US&gl=US&ceid=US:en,World Health Organization (WHO),0.0
"World News in Brief: Engagement with Sudan, Red Sea vessel attacks, SDGs disabilities promise - UN News",2023-12-02 08:00:00,https://news.google.com/rss/articles/CBMiV0FVX3lxTE9nRzAyNFFnWjhLdXhDRmFTVFhQME5adzNoQXMxQXJiNGZENTJERnRxOHdUa2FPeVNWdVl2YXJBRmZ5WDN0NWlDRTZaX2ZHRUdYUmpYMlV6NA?oc=5&hl=en-US&gl=US&ceid=US:en,UN News,0.34
Argentina pulls out of plans to join Brics bloc - BBC,2023-12-29 08:00:00,https://news.google.com/rss/articles/CBMiY0FVX3lxTE9pZktHWE1SU3pCbzFEVUNablU0WmNlWFdpMDZ6Tko1T3J6M3RkaGxiYjlsS0w2b2cwY3VLZkZNZ3RfaFZLWDc4UWlKWWw2djlGSHI1dFpCaFIzNk5pNVEzN1dCMNIBaEFVX3lxTE11em5idlpESU95MEVMbW14QmFGcmRuNGVUTFBYdHFlRUtlTEdsUmM3T0FjTUNmM0N5UXVjTHV5aXVNU1pVVnlmOXVLWFVkYWtENGNJN09pXzcwTHdkclUxQ0JvbWdpSXdl?oc=5&hl=en-US&gl=US&ceid=US:en,BBC,0.296
Universal Health Coverage Day 2023 focuses on building resilience of health systems - World Health Organization (WHO),2023-12-12 08:00:00,https://news.google.com/rss/articles/CBMiwgFBVV95cUxQSFZxTVk4RnhWYVdqNU1rOF91MVkzdFJJcmRzUGtQSUFYOFFNSW50cTlfZWFYM293Yk12NU9GY1dnY2hYZ3hZUGZnemk3WkI5QU5LYnBTZllhZ19weHE1bVRwLTJCbGZ0My02LXRtWlJwT29CeldERzE0VnVueWZxeUY3clZReUZLZGQzQ1ZqWTk0Q3Q3aTJ6dlN0M3JCdnl5dnJpRlJJa3hGVjcwOXZ6UkpyNGZ2cGtla1o2c2F4UXVHdw?oc=5&hl=en-US&gl=US&ceid=US:en,World Health Organization (WHO),0.0
"World News in Brief: UN chief shocked by Czech mass shooting, UNICEF appeal for West and Central Africa, world leaders urged to heed climate science - UN News",2023-12-22 08:00:00,https://news.google.com/rss/articles/CBMiV0FVX3lxTFBvc21nTV9ER05sbUx2TXpKdERvaU5yYVh6UUoyakNQVWFDNGx0akpyeWxQUWtsX1pvdGxhS29TVTRDdndablBFUlVZXzNlSUNlb1J5N2poSQ?oc=5&hl=en-US&gl=US&ceid=US:en,UN News,-0.3182
President Koppell Speaks at U.S. News & World Report Leadership Event - Montclair State University,2023-12-12 08:00:00,https://news.google.com/rss/articles/CBMitAFBVV95cUxNb0F6S1ZtWXU3V3RRQkRLR0JwZVM0UDJHOHJMSVZiM3RZUXdaVHE5S2JwTjZsR1pDTUhyMUw3eXFXOXlRZ1lEQnp1MWRtd0VNUjFaaU1kZ0ZvaG9TaHg3RUNXM3dkM0c4SWtzTklEaVltQXpFd1FLckpuOEQ0dTNoaWVfUEhkVG0yYlh2ak40blVJWG9KdTVxakM0clRPZGtvQ1VxRFpzZHpMXzZBczFENmlzWlQ?oc=5&hl=en-US&gl=US&ceid=US:en,Montclair State University,0.0
Infant and young child feeding - World Health Organization (WHO),2023-12-20 08:00:00,https://news.google.com/rss/articles/CBMihgFBVV95cUxQblRpQjBpMXFHUVBydE9DazdCWUUtYVJ0eWFvNF9rcEZ6Ym4xVWY5TzJHNE1RZ1ZhN2FXa3ZtRlJ1YkZxTlUydHV0eTBuaGZEUjV2YnR6MFQ2MC1nQUxlc0dkcHczSGlEc1dyakdyN2ExQTc5RWFKRVZIVFhzSGlOVjB3Sm5fdw?oc=5&hl=en-US&gl=US&ceid=US:en,World Health Organization (WHO),0.0
Made in America: Tree farmers are gearing up for business all over the US - ABC News,2023-12-07 08:00:00,https://news.google.com/rss/articles/CBMipAFBVV95cUxNUVdkaUdINU1YS2h1akRSd0pRZENvUk1EbXR3dE1mamNWdWI3alI5TUptZENtV1BSNEdHd0xWb3ZvUDVJVnBpQXVxdENJYU1GSjBRZ1ZCM2VnTXhNQXRTbDRYX2dBRXI1VGVJWnR2ZUFNVkFKZDRpY3drcE1WVFZKdkdhMXk1TVBLUEtyVE5Pc0w3WU0xOHNmY0ZWNElMMjA5ZWdzQ9IBqgFBVV95cUxPMEQxeEhaVGo1Um5iZkJHRHEwRV9rWGh6aUNqUEV5b29YZ3BXbFZtME9Da2tUbTZ4ZUtuNGlrc0FTS3FsUUNPOHZmdjZONnZYLXVvN09hOGJfdU44eklMWDBDck81a1BUSGRMRVZMZ25vXzNma3licW5RMVVMeURiN3hGSTdFeVU1cE9aQ2M2OHF0SDJJQ2hfeGsydTlIdFN3dU1rM1dKYlVpUQ?oc=5&hl=en-US&gl=US&ceid=US:en,ABC News,0.0
China's demonstration HTR-PM enters commercial operation - World Nuclear News,2023-12-06 08:00:00,https://news.google.com/rss/articles/CBMilgFBVV95cUxPVnF4MTkzcEhMNWFuQmJGdGcySFNXX25UeE9pYmtZWDVhX3hISnFuYkVQSEM2U2thR18tQWJiT29XdG5yX1NfS2xWWThiTnB0ZkozbDJORnktbzdHT193UGVQT1J6LTFhcUVoNHlJS1lVWENLX3B0NHppSnR3amZjdE5HVkwwQV9LLW4zN09PRUFIcEE2d0E?oc=5&hl=en-US&gl=US&ceid=US:en,World Nuclear News,0.1027
Chile country profile - BBC,2023-12-11 08:00:00,https://news.google.com/rss/articles/CBMiY0FVX3lxTFBCWFBNSnNwSWc5N1VTTmsta29waGgzbUx5T0gtMzRQcHpGR3c1bjh3M05JSm5YYWV2SWoxRUs4U0pDUG5EMndseGpveFM3N1FQYnk4UHdnQ21uZ0VrcE04bEdFVdIBaEFVX3lxTE5tbVN3RXVuWDR6MUhwVG1Zd1pFYnZ6U1hPNk4zdGQ5QjJxZlBXbkVHd1NLano5OUhuVHNyQ1h4Ym9YazNENTFFcDVCbDVDd2VRM1FqSGJKX2Z3Q056dDFUSFI1UlhWaG90?oc=5&hl=en-US&gl=US&ceid=US:en,BBC,0.0
"World News in Brief: Senior Humanitarian Coordinator for Gaza, cholera spreading in Sudan, aid for eastern Ukraine - UN News",2023-12-26 08:00:00,https://news.google.com/rss/articles/CBMiV0FVX3lxTE11NG11QWVsVmJsamwzaHRBVmVaNVRUakVkMkRuYmItakdYWFppQTU4V0xxN1Q5TWdZSUhUUWtWMGs0ZjMyTC02Rk53NkNPclR0UkI1RnpaMA?oc=5&hl=en-US&gl=US&ceid=US:en,UN News,0.0
US universities’ foreign funders: How much do we know? - University World News,2023-12-10 08:00:00,https://news.google.com/rss/articles/CBMid0FVX3lxTE1seFlzdEN6UHhJMl9LQURZWmUydnJndnV3cDJJcnNaWl8yc3B3MHpDUGJrRm5MRmxRbkhZd3puR1owcVFZV3VjZzREdkoxS2w5SjFxeXZDb2dGRDR6Z2pTWExCa2tXVVFBSUFEdjc0MWJSUlU3QmNF?oc=5&hl=en-US&gl=US&ceid=US:en,University World News,0.0
Urgent action needed to protect children and prevent the uptake of e-cigarettes - World Health Organization (WHO),2023-12-14 08:00:00,https://news.google.com/rss/articles/CBMivAFBVV95cUxNbFlyWmhabmI3d2daU3lPZ3FDcnM0QlJmM2VNTFAyOGJMLTRkTFNocVUycXhneUVQWHI3bDNGUV92TUpkLXdFLWhaWHdDcHJiRFZ6U0RmWnVxMFA0TWo1bllVS2I2eXlVdzlXUnFYMHZjMUZjUkdnU2FZSTgxbFJlYXNlb2NuRjVwUHhDel8zZy0yMUJmNHg0d3lBZ1BJZF92OEY5eGNSSlQwTWNjRnVobEtkSUJwRU5EMGY0bQ?oc=5&hl=en-US&gl=US&ceid=US:en,World Health Organization (WHO),0.5423
Israel Gaza: What Gaza's death toll says about the war - BBC,2023-12-20 08:00:00,https://news.google.com/rss/articles/CBMiYEFVX3lxTE8zQWNxSFJxSFVzM1NnNGZNQllNQkdPLVA5UWRnZkVvNTBuTzZMNHRSMGE4U1lKODhFQmk2amJyT29Bb1RjYWhYZVZnVTQ1elBqUFVCa3Y3RFdYc3NMYTNXd9IBZkFVX3lxTFA3Mjl4aFZERTFtR21uWjBGeFdsNUZ6OXF0RWVua0RZSlZ3MUZCblFrR2VLMDhBbFZEQWxTR0dmOFRqdDJ0QzFLM2JabkJDai0wVUtMLUtXOHZfSWFsZDh3eGxVZWU0UQ?oc=5&hl=en-US&gl=US&ceid=US:en,BBC,-0.8316
News confronts reaching audiences in a post-social world - Nieman Lab,2023-12-12 13:17:44,https://news.google.com/rss/articles/CBMilgFBVV95cUxNZXllckFIaU9IbGJDc0RLMHZaSlpHS1ZBSnpxU2p4NzdMSVYyVWtlU21JMHhHTFZnZHhBUEpLNHZlRVRleGxMWmhzLXZrQzRWLXN1enVYNXFVNFgyWE5Yd2xNZVdRaC10V1VSbVVTdFIydVpKdHpXanBDSk9tekgyeUdXb0M1WW9KQlBaR3F5M09fUVRONlE?oc=5&hl=en-US&gl=US&ceid=US:en,Nieman Lab,-0.0258
Myanmar overtakes Afghanistan as world’s top opium producer - UN News,2023-12-12 08:00:00,https://news.google.com/rss/articles/CBMiV0FVX3lxTFBKWG5tRlpVemFRWmNFQmxUTUw2eld2T2pWSDJsMUF1NFpRQm5rU09nd0k0NlJoVk9xNVBNWFYzOTIwM0ZER3IzRlRpaGVjTjNNaWRkV3VZWQ?oc=5&hl=en-US&gl=US&ceid=US:en,UN News,0.2023
"World News in Brief: Latest Sudan fighting displaces thousands, second malaria vaccine, Russian dissidents ‘disappeared’ - UN News",2023-12-21 08:00:00,https://news.google.com/rss/articles/CBMiV0FVX3lxTE52NUxZZ3BwTVp5TUplNEpnUDduV1pjekV1eXZtOUZXQXVJWks1VlZWTTQ2dTA4VW1GQ3BqWkEtNGdiZktMWTAwWTBVangxaUxzZVJ1Q2pXVQ?oc=5&hl=en-US&gl=US&ceid=US:en,UN News,-0.3612
"World News in Brief: Gaza aid, support for Afghan returnees, end modern slavery - UN News",2023-12-01 08:00:00,https://news.google.com/rss/articles/CBMiV0FVX3lxTFBBUlNxVlFkamxWZ2xrZ0NzV2FLWmdlMy16bGRpWFV1RW1rRklVNWplc2NNcEc3VXNJWHZVcmEyLVlTcm9remMwUjVXQTE1eXJfb3hkWWFpdw?oc=5&hl=en-US&gl=US&ceid=US:en,UN News,-0.4767
"Israel Gaza: Hamas raped and mutilated women on 7 October, BBC hears - BBC",2023-12-05 08:00:00,https://news.google.com/rss/articles/CBMiYEFVX3lxTE5HZlZIN3lyQm9JSU42eUU0WXRRcDVJa3VBdXRueXU1UmxpdURoakNkcEVXUVRkTDZZN0pZT1ViU1RNMWRKUWYxTVJ1cjhnSlRVRl9DUEVzZTZuY24zTWREMdIBZkFVX3lxTE5QVnAtN0NhUFhzTnY4dDRwbWJjd1J3bGVBSWozZ29YN3RHSXg5c2VoMXJueFV0TmV6bU1YRW95Z3loMG5Fc3Bsc1ZId0lLb09sTTcxNDVtZkZYOTVMSFF2OHNEWnRSUQ?oc=5&hl=en-US&gl=US&ceid=US:en,BBC,-0.6808
COP28: Sustainable agriculture is antidote to climate change - Vatican News,2023-12-05 08:00:00,https://news.google.com/rss/articles/CBMirwFBVV95cUxPNEdRRVdmcS05dFNMd0NTNUR4UWstZTdmRzQ2dXdtMVBXZ2tHV20wcXNHWGg0ODc3Z3pxaWVVZFJNbGs3Q3F5UUhLTDMtWTZoQV9OUUU5VnFlUG55Y3IzYmxMODhPcWR3ZUxwSW9iSE1EUFluRFlKVkNnenZSRVRyODhpOXlVYVJoakkta3dFdVFrMXJDalZHbXpCdkxEZ2xobVY3bXlmZU1oMWhVZkhz?oc=5&hl=en-US&gl=US&ceid=US:en,Vatican News,0.0
What’s new about wealth inequality in the world? - WID - World Inequality Database,2023-12-22 08:00:00,https://news.google.com/rss/articles/CBMihAFBVV95cUxOWDdMNS1xWlFpd21pRGNiZ2wtZmxJQmFNaUl4UVJEemZtMkl1RllOaG1jMmhxekdERThKOVlPeVVhZV82V1JmOXZ5RnRocm1kVktteXkwSmlfdzdBTmZrWXNEWWxjcXRvYjBZX2pldWdJUFlrd0dkR0dZVWpheHo1Z1VzLXc?oc=5&hl=en-US&gl=US&ceid=US:en,WID - World Inequality Database,0.4939
Sports Illustrated publisher fires CEO Ross Levinsohn after AI scandal - BBC,2023-12-12 08:00:00,https://news.google.com/rss/articles/CBMiXkFVX3lxTE5tVk53UWZtbFlVMXFjeHRhTVBMVHpQSnp5MmdsOHBRYVJvSGRnV2Q0a2RtRTBCMHRjNWdFUC03N3BQVXFiMkd0RVZKeHk1SzBUUWdIN3hHVlhiUE5tYnfSAWNBVV95cUxPYmNFLXNHbGNkdUk5aG9PZjhtT0dvOGd4NmU0cy1Nazc5aENFcDA0ekhtakZGSjlXOUlwd1J6TlJ4cS1CNHkzS1F3Tk1FRjBfNkNtWU81SE5uVGlrd1pRQVJWM0k?oc=5&hl=en-US&gl=US&ceid=US:en,BBC,-0.4404
Lethal combination of hunger and disease to lead to more deaths in Gaza - World Health Organization (WHO),2023-12-21 08:00:00,https://news.google.com/rss/articles/CBMisgFBVV95cUxPUEk0b1FyWU9LdVBhTHFYZFlvSjc4OGxEeDB3cG41T0owZDJ4WFhBYTVsRV92SjNnT3ZKNnNtV3p1ZlA5aGg3c3dYQkZjMUk2TXlhRUc4T0tncnhDaUQ3VGNObzl3SUFUY3JtWEN0Nm4wbEw2SDB1ZlFNdG1jcHR1ekF3bTgwb3RTdzZuWWxVS0trYVZZZmhGR3VFaC11RGwwSmZHR05pTVJBdHZTdi1ZM2xB?oc=5&hl=en-US&gl=US&ceid=US:en,World Health Organization (WHO),-0.25
Marion Phillips III - U.S. News & World Report,2023-12-16 09:07:19,https://news.google.com/rss/articles/CBMia0FVX3lxTE1jYXAzOHVjR1NKSl9Ocllrc2JpZnpHckIwdmtrX29TTnVncG5WSnRYMlFIbTlySDNTRkVlYXNhWVp3MC0wT3hFZkdpdUJXcHo3bDlPVjNNX2RFN093LVh6S0FnTEhXeFF0SVVB?oc=5&hl=en-US&gl=US&ceid=US:en,U.S. News & World Report,0.0
Global coal demand expected to decline in coming years - IEA – International Energy Agency,2023-12-15 08:00:00,https://news.google.com/rss/articles/CBMihgFBVV95cUxOUFVlUEVoNVBmTWZQbC03MG1nQkVKOWRBRXJxOWVXbld3MUIzYl9YSGdETE1IRlRtVjkzUThBUkhUbVkyS1BXVFpxSXg4UHp4ajBaSG1KNEpxRlRXVjNCWDRwbGxFRGduMTIxTEl4aUpENmdmRDg1SktrOXpfdlJPdzJXdUI3dw?oc=5&hl=en-US&gl=US&ceid=US:en,IEA – International Energy Agency,0.1531
Xinhua Headlines: Xinhua's top 10 world news events in 2023 - Xinhua,2023-12-30 08:00:00,https://news.google.com/rss/articles/CBMifEFVX3lxTE9adUFJREJxRnpwMk1jUjF5LXRwWTNTU2VfZUpMQzN4RUZ4UGg1Y05lTjhjWlhkZWdiTWRuN2NrekRDNllLNUEwVnk0VXhYS3FTVGhNUDVWeElQS3VpVHJlR1lMRS1PM09HT0owQnl6bmNxbWhwbFNUcFYxaVQ?oc=5&hl=en-US&gl=US&ceid=US:en,Xinhua,0.2023
"Nippon Steel Corporation (NSC) to Acquire U. S. Steel, Moving Forward Together as the ‘Best Steelmaker with World-Leading Capabilities’ - USSteel.com",2023-12-18 08:00:00,https://news.google.com/rss/articles/CBMitwFBVV95cUxQV1p6OUJDc240SGtadEduaGhGLWFyWkR2WXdlMW1DN0hGcEtYbk5LSF9iY2k1NTBXSi1CeWpBcGlqcF8xS05pelRxYWxnLXZIN0EwNXk2Rm9qYU9uXzFJTUhzZ2VNeEpMZ1ZjLVM5eVROWlpGNkVuTDZhc2wwSnNFbEpXa1JybFNfMVE0WV80bm82dUo5dWdTd3VZcjQzQUEwQ2FQZGdRNG5TMVhsNHZvV0xFSjJ3bkk?oc=5&hl=en-US&gl=US&ceid=US:en,USSteel.com,0.0
"World News in Brief: WFP ‘pauses’ north Yemen food aid, human rights and sport, Myanmar latest - UN News",2023-12-05 08:00:00,https://news.google.com/rss/articles/CBMiV0FVX3lxTFByNDJWRG9aRExuRk1fSmc2a05aak81amp3SVNFZUtWcWIyX1dyU1VFYVZDcE52MmU3TlRlcmNhTjVqd1FkWlF4VXY5M2VMMGg1RWVxNHQ5bw?oc=5&hl=en-US&gl=US&ceid=US:en,UN News,0.0
WHO releases guidelines on chronic low back pain - World Health Organization (WHO),2023-12-07 08:00:00,https://news.google.com/rss/articles/CBMikwFBVV95cUxQdmlrNEZlVmt1bUNvZ092T0lka0xvSERTd1BIUFQ3ekhjcEJLRVhQZHlDVXRacGkxal9hcTNmS240WlNUMTQ5MmwwYnlPbm9feGdMdEs2Y1JqeGExeGJGZ2E4aHVtY3BYRnpKbFJXRFQxQVJxQUZnekoybGZaSU5nWkFwdjdrMWFuSzNKbmFTTm1TaEE?oc=5&hl=en-US&gl=US&ceid=US:en,World Health Organization (WHO),-0.6597
Global health achievements 2023 - World Health Organization (WHO),2023-12-20 08:00:00,https://news.google.com/rss/articles/CBMie0FVX3lxTFBSb2hTNG5YVTRfQzZMQXVHUXVHWW01TFgwWHpRLThMZExyRzNwQkpHbnlLbFZjb1hCNlVjUWVlZWVJcTB3TUtzeUI4QnQ5RTNoM3dQMl9tcDJYSGZZdlBrNnJ4cVhEdU9aUEJhVVNSMHRITWdVdGpRUlFBOA?oc=5&hl=en-US&gl=US&ceid=US:en,World Health Organization (WHO),0.0
Mercy Hospital Ardmore Named a U.S. News & World Report 2024 Maternity Care Access Hospital - Mercy,2023-12-07 08:00:00,https://news.google.com/rss/articles/CBMiqwFBVV95cUxOLWJ0cC1rdlQ2Skw0WEw3VVdTQ0piY3hpNUthdVYwQmVGRkZrVWhCNzMtS1VJRWdSVEtIWF80WEppckFXTHByakRRSzZyTm96bG1NRklmUFZhd1FaMnZteWQ3RkxkdmtGUmhnOFNtQmVfb0t4N0FiOGpENFRnS25YMl82Nm5lUlFEdWtqN2hTaHktRjlZOFZIQTZTZDgtS3lPdUFPZGMwMy10cUU?oc=5&hl=en-US&gl=US&ceid=US:en,Mercy,0.802
Clemson University’s STRIDE to channel research brilliance to real-world results - Clemson News,2023-12-19 08:00:00,https://news.google.com/rss/articles/CBMiqAFBVV95cUxObXoxQUo4TWdUbW9LOWxUSG9iRUVZNTNncVBLeHo2WkRodVhLWGE4MFptNF9hQ2VXUGVRNThKQXNnRXJ3aTJqMzlBOHBjV0dXWlRTcHE1TVd0REV3Rlp4OHhqZ0dUZnM3VFZZRHQzU3BnWlRTLXRsbGQzU2NsdTZYVkRyV3NhN09HeFlwWFhtYzAyMmNCMnczbGVaQnlubkdZNlJnVTY4dmE?oc=5&hl=en-US&gl=US&ceid=US:en,Clemson News,0.5994
How are 'kamikaze' drones being used by Russia and Ukraine? - BBC,2023-12-29 08:00:00,https://news.google.com/rss/articles/CBMiUEFVX3lxTFBHNTZCbnZPSkRRRWJwRGRucEJYSzJHMkQ2RVZOb1hBNkxGcktCMUlab2RXMlpDVklDV2hHU2IxZ3ltOGpmWjdoanpQTXU4b1lx0gFWQVVfeXFMT0lBTzRRalJQSTU5aEFmQlc1RUp2X1F1c3RBd28yNE1QRE10aVowLUMxNFdzNF91a1pHMXFUSXpXVlFMc1BBYmxZWktRZ2xSX3djQjZTYmc?oc=5&hl=en-US&gl=US&ceid=US:en,BBC,0.0
Looking back at top moments for the environment in 2023 - UNEP - UN Environment Programme,2023-12-28 08:00:00,https://news.google.com/rss/articles/CBMijgFBVV95cUxOZ1pLVExTWHR2ODBRYTU4cElOVzJycmJHRnhNZHhOMi1SYUxod3p6T2RmTjBlSEUxeUI5WXdmV3gyMnpHR2NHc1ZTTHppNmNEVXFPN29wRmYxckdBSHk5bzdIZ2htanZIMFRhT21NWEF2U3ZENFRUYVhia21rU2RiU25KZWVKX2g0bGwwQUFR?oc=5&hl=en-US&gl=US&ceid=US:en,UNEP - UN Environment Programme,0.2023
Two women killed in Israeli attack on Holy Family parish in Gaza - Vatican News,2023-12-16 08:00:00,https://news.google.com/rss/articles/CBMiswFBVV95cUxPei1neWp3bXZ1NkQtU1prOGtQa21mTEJEd0hmcUxsRmpxSFpVWnhoOWoxUzhHaDNQWnZMNFF6Z2JOQmxKNzJtYzNmZ1hWRmtVdTB1R1VSZ0VaUThuQzRsM2diYTh6dmhLWjI3V2dIOTJ6OWNhN0U2bjZUM0t0RTFBOVN4TEtzRGRxWldvR2NqVE9vQXpiSF9lRW1PZHZOR3V6TkVrRTVGZkRpU2dwWjBxTEtPWQ?oc=5&hl=en-US&gl=US&ceid=US:en,Vatican News,-0.8225
DHMC named to U.S. News & World Report 2024 Best Hospitals for Maternity Care - dartmouth-hitchcock.org,2023-12-05 08:00:00,https://news.google.com/rss/articles/CBMiugFBVV95cUxOQ1ptRE1QRzdOS3p1V0hiMEdiNG4wN0NCcE5OS1VMWENWUXBRVG1yTjBYYnhwNHFDcDF1MUh2RGVvckYydzZxdDE2R1MyX2dmUHUzNnQ2bUg2N011VHNsNVgxNDhzUDE2ajV2WkNDVElpSGdJR3ZxQWt6RU9Jc2VrckVDYXFMeUhrSVlPNHdlWlRRVGk3aXVmMmc5TkVWSEt1QjZRTmp0S19LdFlPQk1NbHVfRW1Ubm1XUmc?oc=5&hl=en-US&gl=US&ceid=US:en,dartmouth-hitchcock.org,0.8126
Chernobyl gets six-year extension for work on original shelter - World Nuclear News,2023-12-07 08:00:00,https://news.google.com/rss/articles/CBMimgFBVV95cUxOY3pQUVN4dTJ1ZzhtdjJTSU82UGFESkdEZzdwTUpaR1JXWDRhMVVVS3Y4NUcyRzhwUGlNZWZhOG04NmF3WTZjajhSSWF3TEZ5ZkhndWxxN2hRUjFKTU1fVUh4REJiS3V3UE1YRUs3VV81RjlvVzJRc3J2Y0dkc2k2bU9KUmw0ODVRVlFPSHhzRHEyX0pOOU1ucVVB?oc=5&hl=en-US&gl=US&ceid=US:en,World Nuclear News,0.3182
"Global Refugee Forum ends with bold pledges, solutions for displaced - UN News",2023-12-15 08:00:00,https://news.google.com/rss/articles/CBMiV0FVX3lxTE1iazU2NGxmNVFfYloyMHltN2VKNDlZWmQtMlkzZGE0ZFZBSll5TEwyT2ZzUWFSOVo2VHIxdUI5YWVndEgwWHVtV2JoaC1MV2VMVi1KV1JoOA?oc=5&hl=en-US&gl=US&ceid=US:en,UN News,0.5106
A 30-fold rise of measles cases in 2023 in the WHO European Region warrants urgent action - World Health Organization (WHO),2023-12-14 08:00:00,https://news.google.com/rss/articles/CBMi0wFBVV95cUxQZFhNUndzR0VqYmxaTkhEbkpjZGNNaWVnWnR4SjA0dWxmdU40UG9HNENnVXJwSS1RTVhaUFptc0tidm5jNXNheWh4cGpzRDFwcWRCQkkwV3JmeW94TEktUVU3LUNlYUhsRzZudHZGNnJDeGNEdms5dm5oaWZwQ0NGQmFxX2VOUHlScUpUbDZPSWwwRl8yWngtWVc2ejBxRGc5dGZsYW5odTFRUFA5eDJHOTBqQVhFN01rWFU1dkVWbXJFOTQ0ckplYmVhaEpTSUdUQTBR?oc=5&hl=en-US&gl=US&ceid=US:en,World Health Organization (WHO),0.2023
UPMC Magee-Womens Hospital Again Named to U.S. News & World Report Best Hospitals for Maternity Care - University of Pittsburgh Medical Center,2023-12-05 08:00:00,https://news.google.com/rss/articles/CBMiakFVX3lxTE5XMXZCdnIwMzJ6TnhRYWpFV3NWQmZJYmtrNHVzV003bFRSTk5SY1ZlbENwTU8tUTladms2SnFEZmV6SEhmaDl2cmVfRDc0cHN5RkItSzNMaktQenUyb1RXSVdGR3YwUlcyeGc?oc=5&hl=en-US&gl=US&ceid=US:en,University of Pittsburgh Medical Center,0.8126
Madagascar country profile - BBC,2023-12-01 08:00:00,https://news.google.com/rss/articles/CBMiWkFVX3lxTE1TMkkxeEg3eTVYQ0Q2YWZ4YldVWlprbU11NTlMZy1mcHdrOU9XSGExTnBNZkpZR2hBOUdnQnFRVXIyLXNoYXE3NDJSa3VXTG9NWlFvbnFQUnNGZ9IBX0FVX3lxTE92Rk9NRDF0bFBId0k3YUVGTmZCMy1Mby1adjNsRjFrRmU1OUdPem1OdF9vX0RCM3NzNWFHdFRkUGJVRHhJUzRraUFKVHp2V2RUWWwxSGhCeWdwVjR6ZWRz?oc=5&hl=en-US&gl=US&ceid=US:en,BBC,0.0
Ukraine war: How TikTok fakes pushed Russian lies to millions - BBC,2023-12-14 08:00:00,https://news.google.com/rss/articles/CBMiWkFVX3lxTE5Yem5fNFVXLTM3NWVJZG9EMnMtTzV6RzZCX2Jib3BRbXRpQmh2a2FsOUJJUFYzREotUUlLendtcllLWHREaWVqOXl2UnJaRXN4LXJ5SGZ5Qk5yUdIBX0FVX3lxTE5hdU5wdG50bENxenRQRkhWNEtRVmlmWEtfSWF0WDVvVU5BeEFjMzZITk84a0czWnlNajRPeXplZlVrdGxGbnk5aXUxODA0RXRzR0dYSndCUzFBWVh4TFRv?oc=5&hl=en-US&gl=US&ceid=US:en,BBC,-0.8591
Paris attack near Eiffel Tower leaves one dead and two injured - BBC,2023-12-03 08:00:00,https://news.google.com/rss/articles/CBMiWkFVX3lxTE9CTk5YWkdxeE5mRy1BbGlqQ3duaHhwRzhGQnBUUG5RVGw0TV9Va3phc09sYzdpaEFTQkdmMGR6QWw3cHRkOHJkQVZacU9hUTg0NzBVbHo0eDJmUdIBX0FVX3lxTFB2dHJOTk9md241bVNmb09Pc01mdFRhakdudGRYZ2Rtc21adG9oSS15Zy1WX0F2S3dIaFdIa1hjdm9DdGl1TFUxWGNhWVJHU2RLa0hOMExDZFYwZUI5QXdj?oc=5&hl=en-US&gl=US&ceid=US:en,BBC,-0.8779
Citizen Scholars aim to build a better world - Missouri State University,2023-12-14 08:00:00,https://news.google.com/rss/articles/CBMieEFVX3lxTE53ci02UHUxVHJ2QUtYdWhEZjNRdkFYQmhIVlhKNUlHSEZVQkNPVl9QS2lkTzYxYWtzVnMyWm1jQU9iUkxRNDEtQlhCQjZKTHlKaHEtWVRQQ2ludkZjRnRsV1dEaF9tSUpuY29GdGd6VzNGNm1XTS1CTQ?oc=5&hl=en-US&gl=US&ceid=US:en,Missouri State University,0.4404
A response to Auten and Splinter's denial of US inequality - WID - WID - World Inequality Database,2023-12-14 08:00:00,https://news.google.com/rss/articles/CBMiXkFVX3lxTE1mZDlaTlluUnRfTWhadVFxRzd0UW10ZE9pRXlCODJWSmpzbnBGOHNCOER5dFRodlpNSktXc19aa0NXVlQ3TTJMMGhiYVBwVUVuT3QwdUZITDlDN1Zvd2c?oc=5&hl=en-US&gl=US&ceid=US:en,WID - World Inequality Database,0.0
International researchers: A big part of Denmark’s success - University World News,2023-12-08 08:00:00,https://news.google.com/rss/articles/CBMid0FVX3lxTFBMZTY4clJKYlRmckRNdFljM1JPeGpjMURMSnFUVE1tb2JpM1RKOXBiSmh1QTREckdGbUdWRmJyT0JnUG1PcGRzdVAxS1U4OERYeTlQNVlsTVdYR3pMZGdYNXFhNmdyZy0wbk1NZTk5WmtIQWtaaHRZ?oc=5&hl=en-US&gl=US&ceid=US:en,University World News,0.5719
US Navy helicopters destroy Houthi boats in Red Sea after attempted hijack - BBC,2023-12-31 08:00:00,https://news.google.com/rss/articles/CBMiYEFVX3lxTE9ibUhUVFdEU3JkamxRMWVPcFF6NnRKY1YyenJ6SlZ6RElHX1hHTEVLeUpCZ0RKclE3eDlsWjFiX0xrQ19feDhrc2NtU1pObFFNUWlydWxYcy01S3Qza2tmZNIBZkFVX3lxTE5vc1J2ZHpFbGVBNHMxbHNMN1JXR0xpNjZtX2N3NndaekVDTVQ3Nzh2OHlLT1paanBzZTR5OF9MSlZpclE5WTJmc1N0UThOa0VjNDNIbDEyNVhTb01XcHRrUHcwTWlBQQ?oc=5&hl=en-US&gl=US&ceid=US:en,BBC,-0.5423
Science News Briefs from around the World: December 2023 - Scientific American,2023-12-01 08:00:00,https://news.google.com/rss/articles/CBMioAFBVV95cUxQR2ZTZ1RYWTdpcHc5amJKd3BscVdKS25TSndjTTZDX3loUFR4SThMeENKQ0dmWE5uano0R2FKTUUtdWlkRjFQZVc2Mlc3ZjZNakFXRnNOSUh1T3RLRDlRZFhuNGdGc3ZBTXEyM25wbDNicnpST3dCVTVzSDlHWmp0R0VQQ2t0Y21yS3dNNXl3aXJTZTdTUzc3NWE1S0ZTZHNt?oc=5&hl=en-US&gl=US&ceid=US:en,Scientific American,0.0
Saving the World with Science and Technology - Colby News,2023-12-07 08:00:00,https://news.google.com/rss/articles/CBMid0FVX3lxTFBacTR3Snh3SG1MVTdvdTdJQ2VINlpHck90d2lheGhuQWVkbTlSR2c1Tk1tVTAya0RhcVkxWUlnbGZUVnhTSzJGdjhOOXduTjFYRkR2LUJmWl9IOTk2RTBEVGxwR0Y4XzhEY3daUVhTeEpFc1htSzNF?oc=5&hl=en-US&gl=US&ceid=US:en,Colby News,0.0
"S Korea suicide: ‘When I found my brother's body, my heart turned to winter’ - BBC",2023-12-22 08:00:00,https://news.google.com/rss/articles/CBMiV0FVX3lxTE9JVTRGYWZiS0p6N2RYZEFEazgtQjFoLVZBQkxsb1JVenBSY1BIenBlTEJUcXhSRW5nQW1IbTFzUnk0Vi1xV0V2N1dXdDQ3SnZfTnptYXFXNNIBXEFVX3lxTFBhUDRTWjZQeHpBYmF4YXNJWHpfWWR1dlpFWXQzdnJOVEVrRU82TG15a0EyTm1tOFJxcTZIblh5MDJ4aHNRRkJjYzg2SlVweDNKam9zQlhZNzRTVnZW?oc=5&hl=en-US&gl=US&ceid=US:en,BBC,-0.6705
Spread of gang violence wrecks Sweden's peaceful image - BBC,2023-12-04 08:00:00,https://news.google.com/rss/articles/CBMiYEFVX3lxTE9BeU9rcjFiV2pPYm56SWVGOTlvQzNKRDVTUlZyY2JTX3pvdmoySVBDZ3RHV2J2bTRJQmlVRi1mY29CT055czk3OElqbnUyeUtScHN1RlpXNGQyZy1tZ0ZmdtIBZkFVX3lxTE9BM2hreUhNdkUzX1B6YTUyTXpwendoQzY0X2xiTVM1VlZGeFcxVWQ5VjhQcUVEVkJxWHFLSWctZTlILXRqUVp6eTJfWi1RV1pENUsxTWduTFRUUm9pMWxuTXBsZFA2QQ?oc=5&hl=en-US&gl=US&ceid=US:en,BBC,-0.2263
Myanmar overtakes Afghanistan as top opium producer - BBC,2023-12-12 08:00:00,https://news.google.com/rss/articles/CBMiV0FVX3lxTFBNcHhZcndtRnhvT3pWNEVtRmhPNEpsQkVhQ0FWVk9TM1Y5c2U5ZmdkZDQ4MHViNmdGa3VUbWxnRTA4aVJha1RZeHRLdWhRQ1lFVGU2blRzd9IBXEFVX3lxTE1uYWhjX1ZMdlJQMHB5Tl9ZbUhrVjduZ0F4WmVvUVBsVFR5OHZwcUdBMG9nX0FoMXBLMjFzWW9JTWVKQWk5LWpJOENVMmFUeXNWTUE0UlhyOTZsU3lH?oc=5&hl=en-US&gl=US&ceid=US:en,BBC,0.2023
World AIDS Day 35: Remember and Commit - VA News (.gov),2023-12-01 08:00:00,https://news.google.com/rss/articles/CBMic0FVX3lxTFBzV0YxZVVTZW93VHRHSk9XU2VZRDZtb29nemhJS211WXV1VzBkMG9DejZSdzlOM1lSWVlYZVVGWmo0WEtWcmFhdzBTa1pwd1lIY0dSTlIwS01rYmd1M2J4QVhWOWh1Y1J3dVliaFVUbm83VFk?oc=5&hl=en-US&gl=US&ceid=US:en,VA News (.gov),0.296
Russia-Ukraine war: Putin tells Russia his war objectives are unchanged - BBC,2023-12-14 08:00:00,https://news.google.com/rss/articles/CBMiWkFVX3lxTE9kSmNvbWExQmhSWlNublZpS3lkbmFpZXZpTTVYNHY0dzNoM1U4MC1DRktFdGk1dWVJSmVQbWxpRlFobmZkYXVmbm9pQ3NuSFFycVZFR3l6ZXl0QdIBX0FVX3lxTFA3OEpTbDluNGkwUVg4eERfc1FDaGh6MDIxSHJhcHdPMEV5aWV6R0hNNFM4dFZKYUhrbWVDcjF1YWtRTEFBVlVoS1d5UWJ2WDM4eUJjaFpBT24zc3huOEtR?oc=5&hl=en-US&gl=US&ceid=US:en,BBC,-0.8316
"WHO prequalifies a second malaria vaccine, a significant milestone in prevention of the disease - World Health Organization (WHO)",2023-12-21 08:00:00,https://news.google.com/rss/articles/CBMi0AFBVV95cUxNQm84cEVHRDhhd3g4bmFMcExUOVVzLVdDREZ5bE5vTWRQdzBEZGZaUXdDWndKZHFmeDE2UjBHZzJxYnJhNkZHZWVWRXBXZmVHS28wYzI5dEwwY3lWTkdtbWRtRS1jY1JteFRFM3pWNHhwR2c1ZXd5bjBCSXVESXl0aHBGRVlhdnpnWVFZUmpRWlNLc0lwcktwNWdXVXJRYXBmNDItRHZ4ZVU1T0RMa1NfMko3UnZaZEhIeE5XVGhBbDRUbGdXVUF3OTNvNkYxSjR4?oc=5&hl=en-US&gl=US&ceid=US:en,World Health Organization (WHO),0.2023
Czech Republic country profile - BBC,2023-12-11 08:00:00,https://news.google.com/rss/articles/CBMiWkFVX3lxTE1FV2NKYWs3RTcxNVV2VXVQY000UVZwS054UHljdUk2MGNFZVJNZDFGY0thR0dsTGlwU1ZrZDMweThtQkYxVkZfOXJqUE5wTWtqV01uaVZzZHpsd9IBX0FVX3lxTFAzWVY1dVNYVWhTc1pVaklLc3NxZDZHU3U5WHJPSVRXdng2cWI0ZzZnWmlUUTdWZU9QU0YybmxWRWpIWlZZZENTRFJiSVlFdXF3amlkajFOcEsxX3F3dGFV?oc=5&hl=en-US&gl=US&ceid=US:en,BBC,0.0
"World News in Brief: Nearly a million children displaced in Gaza, Guatemala ‘coup’ concerns, ‘enduring menace’ of genocide - UN News",2023-12-09 08:00:00,https://news.google.com/rss/articles/CBMiV0FVX3lxTE96MXdHUkVuX3FGNEFyS21hZlhqSlQ0dmF5bHZwRVZZaXo0V1N3cGRieTQ5QkNMdWVsZGg2MGdIRmllVHp0RU5lQnI2UFQ3MXN2VG9QeGdlWQ?oc=5&hl=en-US&gl=US&ceid=US:en,UN News,0.0
Over 40 million health professionals demand bold health and climate action at COP28 - World Health Organization (WHO),2023-12-02 08:00:00,https://news.google.com/rss/articles/CBMiwgFBVV95cUxQZ0w5cTdyaU5pT2Iyd0IybXdFY3RyOTNvQ19HY01NZGNyOWd2M1docThBX0pIYVN2dHI1S2xicjZoS0lRc29UYUNYdEJNaWlhTWFOVjFjY18zQnhscDkzdnBMakQ1dUZxZjFPR3J1LTZYV1RLYUx3eExrbW9QZzZjOS1jTmhJeElsSnBXcG05clF1blFMRmJ4NUhLM3p6a0tCYWJoaWNMUFRsRnJ1enBVNU51UnNSNU5Od3BqSFZUSGo5dw?oc=5&hl=en-US&gl=US&ceid=US:en,World Health Organization (WHO),0.2732
How pro-Russian 'yacht' propaganda influenced US debate over Ukraine aid - BBC,2023-12-20 08:00:00,https://news.google.com/rss/articles/CBMiXkFVX3lxTE95ZW9lZUVjXzNiZ014MHdRRXFJTUp0REM3VU1XZ3A3Z0E2VUxVSHRuemVPSlZNVU1ScGZUVWcyeXJ3VGNLZzlIdm0tQlhfaE1nNkFqV0FxYkduaUFpckHSAWNBVV95cUxNV04zckx6SGtoWE9yQ1pwLU5DN1h0Y2NBbXFCSkstNGZVWjJ5OEJwSkQzaDQtWkZxb0lEY2FCNllFUDg0SEZyMjBaVEJCTVlTbzQ1MURLbTE2LWdpTW9ueE5yR1E?oc=5&hl=en-US&gl=US&ceid=US:en,BBC,-0.25
"More than a third of women experience lasting health problems after childbirth, new research shows - World Health Organization (WHO)",2023-12-07 08:00:00,https://news.google.com/rss/articles/CBMiuwFBVV95cUxORzlVcnhBM2ZHUWVUaDhnQ2ZLdjlPNnFkMnc3ZGo2dm5ieks3dTJFOUxCWk0xZ3FteTBpMFhjMDVaMU4xd2kzTUtpQ0RZWU1Kbzl0V3NFSU8zR0Rtc2ZqdE53QnQwdThjanlIdm54Z09ISmVZTi1hNU9vQXdVMWNJaTVLUEYwUUNyN2p5OHdxQlQ1VUhIRE5MUWJ5OWZ3Q3JIdk9qX3lETVZNalpRaHBIUVdNdmZWQkZBa1l3?oc=5&hl=en-US&gl=US&ceid=US:en,World Health Organization (WHO),-0.4019
10 Sites to Kick Off Your Scholarship Search - U.S. News & World Report,2023-12-06 08:00:00,https://news.google.com/rss/articles/CBMiogFBVV95cUxQQ0hRdjVLSnlWcllPU0M1YjdyV1k3SkhSOGtQWDgyVHhyX2hFUUhCNnNOM2pyTXE0aWlaOWQtYjMzdldwUTEwbmRKam5FaUhwMl9Cd2dEbUlKUzhaUEhxZ2Q2Vmt2OUJGU3E0TG5CaWQ5SldfTXVNcTdGYnNUTkF6d0VSYzZqMjJXbGMwdE9lQkhDVHE5MnIxQ1dnYWN5RllrVGc?oc=5&hl=en-US&gl=US&ceid=US:en,U.S. News & World Report,0.0
"Obituary: Jeanne Keevil, first editor of Irvine World News, chronicled city’s growth - Los Angeles Times",2023-12-27 08:00:00,https://news.google.com/rss/articles/CBMi5gFBVV95cUxNZHl0UVFpWVB1ekM4N0EweVh5U003V0VaUjRnOEs2Sk1TeHJkTEJKcGVreFlzRVBnUDVDc3hiVzBKMzcxQlV3aVVJWlBSZGp4RTJ6MkJiSUNjYzliTnZkdXpYbUtZcndUNVBaeE5XLVBRSE43a0VCZm9lcnZXTkM0QVJKT0kzTzhmaXROOWljLW5hSndTS2JjYno0YVQtLTlXazB0STdIb1JwdHZGbnFtTmY1a21mZkpfcnozbVozbTdGVjgxUERZM1ZRMXZsbzJsSVJPX1pWdUFWRnRZajczdE4tQ3NVdw?oc=5&hl=en-US&gl=US&ceid=US:en,Los Angeles Times,0.3818
"World News in Brief: UN anti-corruption conference, global hunger ‘set to soar’, healthy diets unaffordable in Asia-Pacific - UN News",2023-12-11 08:00:00,https://news.google.com/rss/articles/CBMiV0FVX3lxTE9jYWdCWURpX0dzUUtRM3RpY1p4aHN5alNSWV9lRlN5S0F6RnZFSHlVdHJyZUlzeGN3eGR1Vlk1eFN2N3I4RDl1U2Ntd0p1aHNMSHVNNmtVYw?oc=5&hl=en-US&gl=US&ceid=US:en,UN News,0.1779
Pope Francis announces first World Children's Day - Vatican News,2023-12-08 08:00:00,https://news.google.com/rss/articles/CBMipgFBVV95cUxNY0w2b1hpTkx0RXJ0WE1OWHZmb2dFR0x2WGVxWkhremFyYktLN0lKcER3Q3F4QkxGbWxQOWVLd2ZYcFNwX0p1ZW9TOWNpaHNnZzJfb2pMdldaNm05bDBmMkFxd0xod0pkNEsySG54YTQwaHJTSER0cUNScnVYelYzRG84QWw4WWFaMkpvX0gwdGJ4dDk2dERIV0NjLWNMSHo5RkVGZzVn?oc=5&hl=en-US&gl=US&ceid=US:en,Vatican News,0.0
Arctic Report Card documents evidence of accelerating climate change - World Meteorological Organization WMO,2023-12-19 08:00:00,https://news.google.com/rss/articles/CBMimwFBVV95cUxPb2ItZmdNa1ZDd05LQjlYY0lfQVFuX04weUR5VGdGSnlpQTBfU2pHT1lsdDJ0SHVLRUdsTFY0eWZENWtiTTNUaGtMMTViMzItWnJ2OERFWUktOXlDNzluTlNCT1pZQUpIbEZINXRBVzlqcFZBN0xMbWVfX1hLMUtqb0h3dTg5LVZ1dDhjbnc4Y1NpZnEzQV9tYlVKcw?oc=5&hl=en-US&gl=US&ceid=US:en,World Meteorological Organization WMO,0.0
Ukraine grenade incident: Councillor tosses explosives into meeting - BBC,2023-12-15 08:00:00,https://news.google.com/rss/articles/CBMiWkFVX3lxTFB1RlA5ZTlEY1VfU1o5X1ROekJ2YVRUMUZDUVNZMFBrUTlFTHhpY19rTXVhUHFNU1VIZFBqc2tIVUhJQkh2bF9OX3Q1aXBVMjE2dzVyQWVhcjZwd9IBX0FVX3lxTE9PeF9fSnl0LXJGZUVGSjV1TTRxV09fOS1Hem1PSEt3NlQxZXhkS2tnLXVUcEU5c2hGRHJKQ3FQanliLWFtc2hTYnlIc19mby1JbUx6ZkVMV2pGRTN0c25F?oc=5&hl=en-US&gl=US&ceid=US:en,BBC,0.0
100k Club: Exclusive ranking of world’s top paywalled news publishers - Press Gazette,2023-12-07 08:00:00,https://news.google.com/rss/articles/CBMipwFBVV95cUxPelpqMUprRGNpVEFOdGNwaFFSR19peVU2Wno2bmtVNGFXTlF0dElWSDhXXzAtQ3B1cHBHTlBDaDJwUkNCMkR0alREbDhkLVQ1UEMtTlZ6aFNrcVJLeUsyV195b0V2STl5VW1pNVdnd2N0UDY0eHNxMFExckdoNUREWDlQd3NLR2pTZ1dodUFRS0hCc3NRZXlOSk1pV1FTUXlxaWh6aXNLRQ?oc=5&hl=en-US&gl=US&ceid=US:en,Press Gazette,0.3182
Advocate Health Home to 15 of U.S. News & World Report’s ‘Best Hospitals for Maternity Care’ - Atrium Health,2023-12-05 08:00:00,https://news.google.com/rss/articles/CBMi3gFBVV95cUxQelQxZGZkVDJnV2pMU3RLNnZNa2cxdVB0TEc3eFVRUVZzOTdobHZxQk1LTGNxS01TUF9FaG4xVk8wek1wT053X0ZpMDducEFaMGt2ejZKSTh4Z2M3NHhQMkZGOHF6TkdMQkV0UGlDbHh2VDBFbEo1M0lNTzlqcVlNVGlHUDRTWGU1WEV3UHJ6SFRWOHpjYUhjQWFQNkVnNUdVZTc4NFRXUVVfUGNOS1gyTERsSjJVaGJEWm11MGhTQmxkNTdkUDNoUEhrc2tDY2hhbV93bWY0U3p5SmpHVGc?oc=5&hl=en-US&gl=US&ceid=US:en,Atrium Health,0.0
Inside Putin's carefully choreographed annual news conference - BBC,2023-12-14 08:00:00,https://news.google.com/rss/articles/CBMiWkFVX3lxTFBWRGI5Wlc0UHJNSHdWVEg4dFhkX1o1RGNRTzdEZ1NyaWY2VnRlSDFjNmpJRXNFMUkzS1NLQVoxM2c3V3oycFZmX0doR0RWRElMb3NzZHBFSXBKZ9IBX0FVX3lxTE12a3dYcTNFVlNfRlJoem5SS3ZqdnFhUFo2TGNDUTJRMkFhaWNwUExiYkpmYk1VTlN3Zm5jLW84NU9jSDR2RnJmX0swWXdDNGN4cFFTQnROR1hOanB5OFhv?oc=5&hl=en-US&gl=US&ceid=US:en,BBC,0.128
Realizing the Promise of Real-World Evidence - fda.gov,2023-12-21 08:00:00,https://news.google.com/rss/articles/CBMihwFBVV95cUxNY2VRWXRTM0lYX1ZiMHgyT0dMQU5QTWpFQUphN2lCLUtTR21nc1JuTmRyb0RHMTE1cTBWN25DdWtwd09DWFRSQi1Sa3MtMnpteDljNm9PVjZNTmQ5NnRYVndEUmJ4dm1OVE9IMlU4ZW1wcFF6bFlTRzZVYXFNcDdqRHlnd0RmUUE?oc=5&hl=en-US&gl=US&ceid=US:en,fda.gov,0.3182
"World News in Brief: Wave of ‘fear and dread’ in Ukraine, UN expert slams Navalny disappearance, youth leaders for nuclear disarmament meet - UN News",2023-12-18 08:00:00,https://news.google.com/rss/articles/CBMiV0FVX3lxTE1XcTM1R1cxM3hkT3JzOGxiRWhkUHM3aDM0eVNkdUZKbUx1MFNuTlFpaWFvaGRQQ05PUVQyUEhGcmVoVExGSWlsQVJWVVFseHZ2Znlhc0JkVQ?oc=5&hl=en-US&gl=US&ceid=US:en,UN News,0.0
Penn State ranks 4th in US in 2024 QS World University Rankings: Sustainability - Penn State University,2023-12-05 08:00:00,https://news.google.com/rss/articles/CBMirwFBVV95cUxPa05aS0VXRmpGd1AzMW81TEExbkx4d0JzbnAyZ21jUFFKWDFwUkdxTnZpdDcydFN3N2ZSZ1pmdEVTV0VqdEZQc1EyLUU3eXExb3pZVEFwUE9qWXdjb0ZURllQcFEwTzRmcUJKNzBVQjBlRFRHQ0tUaW52Y1JJY2poNFBjVnJQeTdQQTVzNUo1R2otNkZ3SHQxc1pRSlpqZUVGNUJtaktnUEVyMHZvZlc0?oc=5&hl=en-US&gl=US&ceid=US:en,Penn State University,0.0
NBC’s ‘Nightly News’ Beats ABC’s ‘World News Tonight’ in Key Ratings Demo - TheWrap,2023-12-28 08:00:00,https://news.google.com/rss/articles/CBMiZEFVX3lxTE9JU3V6dTV4RkR2T3JvZ0xHbXM5ZzNnQ2NfUHFnQ2lwdDB2bm5IV05tMUROMmhpQUJhRTljNmNscVIyamM0ejY0Q0c1U2t4cTZWaU13MjZpbm9VSVl3clZudHFzNGU?oc=5&hl=en-US&gl=US&ceid=US:en,TheWrap,0.0
Article 370: India Supreme Court upholds repeal of Kashmir's special status - BBC,2023-12-10 08:00:00,https://news.google.com/rss/articles/CBMiX0FVX3lxTE1MbkI2NzZJWVhMeWRNY0F6bTNrbjdtVDh6RTVUUlNnWEZmX29Fc21Qem1JdjE4a3RmWUdJLVVSbmRKN1JTRnlrOGJLNE55ZEFHdGxWNXc1OG9wQzBHWWxR0gFkQVVfeXFMT0dpa1llNlNGbGd4QUZocjU4THBmamlTb3NkdmZ1aFpQcV9wMUlHSW9OU0h1VUNfSmdHODZVQ25RbFRQcW9GOEotMm1jaERyYkp0VlJNdzY2RGliVE96Tk11YURzbA?oc=5&hl=en-US&gl=US&ceid=US:en,BBC,0.743
Six SMR power plants approved in Poland - World Nuclear News,2023-12-08 08:00:00,https://news.google.com/rss/articles/CBMiiwFBVV95cUxOVEk2MW8zMHpxRGRuN1NMOTBnVllOdTBpRVBfSFN5U1NqLVNrQ09FTnRKdnAyd2ZYRlNPUjNEakNjM3c1WVFPT1pZQnMzV0JkLWxCcmhicWxEd1hlN3NYdWhpZlM4TEVIUVR3SUxudmpzRmRGa2Rpb0FWOXlPYlJSd0FYN3lYZTBpbHBV?oc=5&hl=en-US&gl=US&ceid=US:en,World Nuclear News,0.4215
Aleksandar Vucic: The man who remade Serbia - BBC,2023-12-09 08:00:00,https://news.google.com/rss/articles/CBMiWkFVX3lxTE8xZElWRnRxamItYkRaMG9EbDhrcUxmSU9xN3FKclBOVTBsNHltUDF4R0V6eENLZVVuYWVPd19qUjlnQ1JlUGxQWXNGREp5S0pKa0JHWW5BckpmZ9IBX0FVX3lxTE1MUXNLQ1d1aHdxcnd4RWVVVzlyMHhrZXJaSVdCNGljRjJsMi1xTVhuU1Z4YWstWkxqVlVlSTUzdVZIc0ZaVm5oc2ExM3pzYlJnQ2g2Yk9mZGhJc1RVM0xz?oc=5&hl=en-US&gl=US&ceid=US:en,BBC,0.0
"Weird, wild and wonderful stories of joy from 2023 - NPR",2023-12-15 08:00:00,https://news.google.com/rss/articles/CBMiZ0FVX3lxTE1OLW5MWnJ5RFhfc2tvSE4xVkRjTkNOTzhYMzMyOHBlNzVIRktTeHJleG9lUmRobHpFNTc4dTNlMGFrSDNTbGQ4N2daRzBLTzBlVGpMX3F4d090ZExPRnQyc3FLX2E0aU0?oc=5&hl=en-US&gl=US&ceid=US:en,NPR,0.7783
What’s ahead in 2024: calendar of the year - The Guardian,2023-12-30 08:00:00,https://news.google.com/rss/articles/CBMijwFBVV95cUxQdmlacS1ObGhlUFVfVm9EM1c2aVBkZ2wzbTJfUDh2WkRkbHo4a0tKREJNUVNoNTZDYzJ2YjFORWtDSmhhRktLMVctZG81dGtkYWhRTFBvaWkwVFUzMURNc01BZl9ocHBNd1FEUHNmQWZCQXhQbld3Zl90MjRFQnFzNG45ZkhBd3FuNUdkaVUyMA?oc=5&hl=en-US&gl=US&ceid=US:en,The Guardian,0.0
2023 International Debt Report - World Bank,2023-12-13 08:00:00,https://news.google.com/rss/articles/CBMixwFBVV95cUxOdF81SzlPRnJvMmNGWkt4ODlFd2NLTkxxVHZEcVF6aGpxWnRvUUdOallfQ0RjS2lvMWhDTUJLS0RGd0hkTjJsM05wdk80cnpZNVJCdEhjajJVQW5lUDJYdUJtQzNTOEZnM0R6LTdwSDhGRG15VFN2VDd2MDNXS1ZWSDdzbk5hdXd2VFZuTXc5WnlGNWd3S2FNc3l2OG5xbEdNaHBDaWJJd3IxbjU0ekYxNy12WjRtQkFnNWt1MzBuNDB5OC1mMVQ4?oc=5&hl=en-US&gl=US&ceid=US:en,World Bank,-0.3612
"Jet stream will get faster as climate change continues, study finds - University of Chicago News",2023-12-06 08:00:00,https://news.google.com/rss/articles/CBMimwFBVV95cUxPTUNjb3RlRFNYSS1KX1pRRVZzY0g3azQ3NlJVLU9lUUtwdzk5dkJocW1rSzN3T0lIMHpMQV92UEZBZTBHUWYxZEpKQ0RVbjlOdmF0LWZzTU0zbVhCYmNQWmhnSWFCOHVsdUVXUXlJLWNYdUZkTnBKMHM5dVkzZ0x0NHlpNFA0NU9MWXlTRW91WkY1bVFVT1BIY0NmRQ?oc=5&hl=en-US&gl=US&ceid=US:en,University of Chicago News,0.0
Papua New Guinea country profile - BBC,2023-12-19 08:00:00,https://news.google.com/rss/articles/CBMiYkFVX3lxTE1udDlXNmJzOG9GYU5TczdwNzh6TXlfZXAycjhUMmh6N29LT1pGNVJwblN3dm9QRW5Ta1BwUzlTZTVUUjZxTVRjT0NjLWpTd09sTjE5SjM2VjVtRzBNNGhrYktB0gFnQVVfeXFMTjlmZkF5Wk1pSUxfY3lBaFA2c1lHMXN2MDV5RFlVTXZnbWN0QndyUW5HSHktTDljNDViZTgwOWd4dzhOSk5ncGxvSm12QzN3UUJ4UWREaG0tYmFlNlhzRjhmS0pJZUdFbw?oc=5&hl=en-US&gl=US&ceid=US:en,BBC,0.0
David Muir of ABC's World News Tonight visits Katy's Igloo factory for Made in America series - Houston Chronicle,2023-12-21 08:00:00,https://news.google.com/rss/articles/CBMitAFBVV95cUxOemgyNkgtU1JDNkhfMW5kb0JpY1ZuMTVkbF9FQ1lzcnNmbVZDNWhDMXRVZGR0M2EyWlFsTk4yMkJVbTRENzJZV1BsNGl0V1VkeGxkQVViOXkxeFZxZzF5VzAxYV8tUFQxRTZqSkk2cDczMUlBMmItRU9TYmRzUEJIckJTR3NuczVlNUxRUmZ3VTh4U0lfTlo5QmlNNlVHSUhVZUpJTE9RNWl4bEVBc1h2MzN6a1k?oc=5&hl=en-US&gl=US&ceid=US:en,Houston Chronicle,0.0
"What’s going on in Ukraine? After counteroffensive failings, Israel-Hamas war adds to issues - NBC News",2023-12-03 08:00:00,https://news.google.com/rss/articles/CBMiowFBVV95cUxQMUwtTmNTQS1LRm5FeEFsOVBQUFJyR25vZXk3aTBiSDZrRE8zVVJUNGxxbzljZzVKMTlaQnBwd0FNc2VvZnd2c0MxUF9pbE8tb3p3Z0N0NVdOa1l6RzJLSUxONEFQMGRXUS1LazJwYkdjT0pxZnpudHVERlpFQ1JEUkJCc21xQnk3YzBiSDJFT0cwaEh6a0picFZTRTFJNjRGNU400gFWQVVfeXFMUG0tbjV3RmxLaTNkN2FEaU0wOGtmWlhrY0hNbFBsanRUV0gtcUhYT0dVQzhfTlM3UWpVVVR4cm1sODJnVUFhZUN3eXoyRWdsenRWOU9yY3c?oc=5&hl=en-US&gl=US&ceid=US:en,NBC News,-0.7964
Latest world news: Today’s Live Updates 03-Dec-2023 - Hindustan Times,2023-12-03 08:00:00,https://news.google.com/rss/articles/CBMitwFBVV95cUxNcVN6SzN6ZTZmUXpnR25NaFdKbnpTMkRtUUlOVWpjcnZqanlEeC1jOWxOWG5fRjJRTmRiX1dUcUFSMnNURmZsbk1iWlhfODZoNFRIUm1PZHlSSURwUEk4RWs4bEs4MDRSQ3lxd2hxRnh2TTBVZUtpVWNxYzFpX3d5QWZtNzVSZVlhQnVpYjRNSGdJMWM3cmhWR2l1UTNScmNLbzlnMEdtZ19VTmtmWjhPWlBDYVhhWTjSAbwBQVVfeXFMUFVoaC1TNU9ZV3RUcXhzY3luNWVuMVdjdGZPdlEtV0VYZFRtMlZkNVh1YldTQnBSNHhYWHFoT1Mtd1MtaTd3bUF3ajJiSkxSUVJhVUNLT3JjN0h6U1YzU2s1UWlTQmdPdUw0cXRSMFJoTHFTS2dVa1BQOUNSUHRXS1N4V0paX3MyLWJrOVE3NGxUeU1wUFRuU0hQQ1kwOWdzRThtdnRENWY0NDhNb3BFTE9WOFpXZUlWVy1sN1Q?oc=5&hl=en-US&gl=US&ceid=US:en,Hindustan Times,0.0
