title,date,link,source,sentiment
2. Publics around the world follow national and local news more closely than international - Pew Research Center,2018-01-11 08:00:00,https://news.google.com/rss/articles/CBMi1AFBVV95cUxQMm51cmF6VGRwTEdrZFdWM1dJOFF5bnhCUVFnZkVrNEZPWlUtT3Rmek9rVUxOQ3FrNzdzdlp5VWN5YjJpMmZVMFRqSkpLdmotVERjQ0tmRFhkajd3eEMxNkU1VlFWNmVEUjdqWWRkNnlwcjdEOGIwdDV2UWVXTHoyZHhXTG9YMWEyMTdBaWQtWVNabUJWeFB3bkItRk5wWThrOXhtU0lVUEhScWVEcDExUzB4cjY0QkRkbXZpS2pJMDliWG9wbHNPajg1UXZUaWRkY1ozbw?oc=5&hl=en-US&gl=US&ceid=US:en,Pew Research Center,0.0
U.S. News & World Report: Freshmen are ‘eager’ to attend UL Lafayette - University of Louisiana at Lafayette,2018-01-25 08:00:00,https://news.google.com/rss/articles/CBMijwFBVV95cUxOd1lIcFB3UGtLMGlsQ0lhTHY3WTI1SnVWbGEtRzF0ZjVUTUNZYXJLaC00REZpLWJXY2R3dlBiOTVWbV9QN0NpbGRwRWVydkNWMEwtT29Pb3Rxd0haRlBFV0o4X3o5ZUgxei03R0g5cjdFYktuY3lRNGU5dFJKVVdNdVFrdWxtLXZCazVibTZwbw?oc=5&hl=en-US&gl=US&ceid=US:en,University of Louisiana at Lafayette,0.0
My year of living ignorantly: I entered a news blackout the day Trump was elected - The Guardian,2018-01-19 08:00:00,https://news.google.com/rss/articles/CBMizgFBVV95cUxORVd3SDd0aW5xV2JJaGU4bkhxcEZWYl9jejdCTGVBdnlmRzBTOWJMb2tzWktHWDNMamF1V2pvaE9VNGlnSlBxUjlKWHB0eHduYkpXSHh2cFhFb215dzZmeEFWSXNRWlFEOTRndER4X29DRDBNaW1lcjdaNnh5MDJILTNvb2lFSnBSSEJOeTFlMVFuRFRja2VRNmZXQm9JZ0picjBXdGsyMHI2eWU3ZUxQSmpYdFd5cXpFd0t6SGF3Rk5XNFJaZXFmbTEwUHFpQQ?oc=5&hl=en-US&gl=US&ceid=US:en,The Guardian,-0.3818
Don’t expect ‘fake news’ to disappear in 2018 - Northeastern Global News,2018-01-02 08:00:00,https://news.google.com/rss/articles/CBMijAFBVV95cUxPYVlNdXg4bTdMQ2JyVkxyM0xnRGgtRzdSb0FXSktOVjF5bU90SXZfUTdrNFpGWVRpOGNWZFhCUzcwVXFnZWtFX19xY0RFdGJQbUNPM2J2cEtZMElxNW5ZbV8zbm5RMll0T0tWNnAzVkVuN3lXSF8zOHhiQnZNREVlRWVLWjRaeWFfS1dfbQ?oc=5&hl=en-US&gl=US&ceid=US:en,Northeastern Global News,-0.2263
DASH ranked Best Diet Overall for eighth year in a row by U.S. News and World Report - National Institutes of Health (NIH) (.gov),2018-01-03 08:00:00,https://news.google.com/rss/articles/CBMiqgFBVV95cUxNWXVwU2JYNXNsRm05QXZNYWhGMGlMRHJKWndOTDJ5eFN0Yk44dFNhdFdjWWJYcGcwQ0ptU1dPX2lxT0xmWWdIUlNsODRTNlZtSm1VbE9DeFU2S1BPOVFZdnlkZVczYkZyWWN4cG9MRHhUdnd4Y01oalF1RmVFSVlhMnQ2bmlsMTB4eWFFNVpqdnNSYUcyUHJVNUN4bm9CMzZOaDdIUXAyQVlHZw?oc=5&hl=en-US&gl=US&ceid=US:en,National Institutes of Health (NIH) (.gov),0.6369
UN Environment and WHO agree to major collaboration on environmental health risks - World Health Organization (WHO),2018-01-10 08:00:00,https://news.google.com/rss/articles/CBMivwFBVV95cUxPZnBSWlZiZFNVNGhtZXc0WU1CNjlLa21FQVh4QTFnV3FRd01jRUI4blI1M2lRSUY1S2paS3kyd1RuckJUNm9wUk1HQklSYWhXeWpSQlEwS1NmdFhtZDFvSDRSTzZCNGJrYW9mVTMyM2JnTXp0cU9IS0UzOW1pdTVGM2dQMUo2dHBCVjZmRHFPcmNLZklldWdmaDNab1JRcXYySWZiTUstZ1hMOUNQUGM3UVRtZFhtVFN6Y0JXVmIyWQ?oc=5&hl=en-US&gl=US&ceid=US:en,World Health Organization (WHO),0.1027
Eddie Adams' iconic Vietnam War photo: What happened next - BBC,2018-01-29 08:00:00,https://news.google.com/rss/articles/CBMiXkFVX3lxTE9TbEFNbENZMkRweFBoQ3VhQm5JRngxTTNDV1ExY1JvWFRTckRUVEN1X1IxTFdNazFhT3ZOOVBhN21oM3Fvcnp4N0FKY0VmLTBtYWN0cFdvOXhjQ21BQVHSAWNBVV95cUxNUXBISFVoLUpMQnNyeTk2eHZNSDRnWUNSeHdtLXJ0M2FnOFRLX3FhUjRYd0s3aWxlTlUtcmhNMzhzb1l4Q05jNHFMdkZRZm9kbjFLUEV1WlgyOHJnTk1JNGhmUjQ?oc=5&hl=en-US&gl=US&ceid=US:en,BBC,-0.5994
Donald Trump's Speech At World Economic Forum In Davos: Highlights - NDTV,2018-01-26 08:00:00,https://news.google.com/rss/articles/CBMiuwFBVV95cUxObzhzb25FTzNUVk1ubU83bG5Dd01Yb1gwcUtMUmptcUpPNmljdWU1NUlmeE5lS2U4ZXl4LWg1MFRxSi1kLWY1cU5CYVh0YkNSZndhNjFia080bm1GQTg5OWZpbU1vWDBWNXJOcnRoMEJHQ202YkN0TFR1aUg3ams4WHR4VEZjcEQ5elZrOW9NRTc5RV9ZMG5HbE5nSkY2cVlTUUhhcDdibmJ0aEg2aDBELVdLZTRIeGlyamdZ?oc=5&hl=en-US&gl=US&ceid=US:en,NDTV,0.0
Moving beyond GDP to look at the world through the lens of wealth - World Bank,2018-01-30 08:00:00,https://news.google.com/rss/articles/CBMiugFBVV95cUxPUjdyeGVjdi1Gb0RjMmFpZzZRNlJaTm5PU20wZzhYanRTN1hMa1lZdzFwNEtOclJMc0lRX2trbkIxUnhraW9MMHpFRVgtekJnYk41YTBRdVVrMlJhTzJIcVp1S3FCSXByWFRqejBHeThwUmZGdkZuSXRmVmFqaFJ5Um9fQkg5cFFkOTNaTUIxMHdQX08zUjFEZ0tyNWNWc0VpTWJDVkk2eWh0MEc5NUszYldpYzFHVFZHV0E?oc=5&hl=en-US&gl=US&ceid=US:en,World Bank,0.4939
Trump referred to Haiti and African nations as 'shithole' countries - NBC News,2018-01-12 08:00:00,https://news.google.com/rss/articles/CBMirAFBVV95cUxPTUo4NGh2UHRDRHBuckZ5UVVaWmhhQXVhSDNZVEdHOVJlcnlMeU1nUGdseEdvNE5YVkhyTkFkd0FaNUhzUVdqNndnLW8ySHdyZ1VHbzVkb2U1TXNfdG4ySktWQ3hSa2RNR1lMMVpiOG80U1lWeUh1X044R1FzT0hvX2phRFhURldVSHo5TmZvTC1UVzBST2pFb3dULXFOa1BiMjNwMEhid0JMRmlS0gFWQVVfeXFMTVlQeE5XWDVHeTFrZVIxZ09HaEtWLU9fajFyZHh2ZGZaRno5N3ZoNFFwUHk5TzNITV9NaUl6S3oxcG0wQnRWaXVGMVBkbTVVVkVWY1YzdWc?oc=5&hl=en-US&gl=US&ceid=US:en,NBC News,0.0
China's new engagement with the developing world - MIT News,2018-01-31 08:00:00,https://news.google.com/rss/articles/CBMitgFBVV95cUxQQUM3Vll4REdyNWY3bk00VWFaVHgwVV9TSGwtWWtmcnpBS0RqLVhLSm5BZkFpcVJNVzJwYmlHODFhc2hOSHpXSmlOQVpCSzBxNXhxN3VnbWlGejd3T2JjalF6WFVrUEoyc3NGLVdjV2VXbS1wZUdXM096aVlQRTJPRFVOQWxEb3FaUHV0cE9NdEZTaFY3T1pKUWM1RW5rSGczNTlVQmdCR25IQnduYXVQc1VBZ2R3QQ?oc=5&hl=en-US&gl=US&ceid=US:en,MIT News,0.4588
"Publics Globally Want Unbiased News Coverage, but Are Divided on Whether Their News Media Deliver - Pew Research Center",2018-01-11 08:00:00,https://news.google.com/rss/articles/CBMi4AFBVV95cUxNM3VYSlpXbmJReVRLVnBZQmM1aHNHS1B1NHFRSzN6ZFJLNFBoOXBoVG9DWEZTb3dzcWU2VEtQanZVN3RVNjVSZ2F3Zk9mRjVEdWF5aF92WW5lVV9fY0kydzh4NXJMcGFuNTZEdHRwZFNyc21DelNLeHlxdGdTZ0gzU29Jb2RQR2diaUJicElkNE5mZGFvTjNVRzVmcVl0R0g1eFJUaWFqMF9iRzgtS2JOeXRDVFNxbEZycTI1bF9XNmR0XzZNVHFsaXlkeVFOcTBXVTNKQTk1dEl3TWV3VlRzdA?oc=5&hl=en-US&gl=US&ceid=US:en,Pew Research Center,0.0258
The missing - consequences of Trump's immigration crackdown - BBC,2018-01-14 08:00:00,https://news.google.com/rss/articles/CBMiYkFVX3lxTE1xaENrOVhQU2xmM3JhaDIwcmFqZzF0dnE5cnpxVlBOMnd0V1lhZlY1U29TRGstT1ZUY3k4eWRyaHdzd1NIYWY4dDVnd1dib2s5Y0dDa0h4cWRBV1RCT2RJM1VR?oc=5&hl=en-US&gl=US&ceid=US:en,BBC,-0.296
'Gunfire used against passengers' as migrant boat sinks off Yemen - The Guardian,2018-01-26 08:00:00,https://news.google.com/rss/articles/CBMirgFBVV95cUxQdHNBbnJDNG1BQ1RLbHlSNkNNaUh3OFRiVFQwUm9CMWIwY24tcUN3c3JaaEFwMllaYTZBN1Y0UzJ4dTlwM3piZUV1b1lSWDU4cWNXdVh4QWlPM3I3LThmVGFSNXhCcEwybUFNQVJJcEFYeVpldnk1d2ZvcUtIYU96Y3FvbzdpRVdSdGY5SkdBTHNGUENBTHp3YWV5MXkyMVVCUUFTSlFCSzVHb2FibEE?oc=5&hl=en-US&gl=US&ceid=US:en,The Guardian,0.0
"High levels of antibiotic resistance found worldwide, new data shows - World Health Organization (WHO)",2018-01-29 08:00:00,https://news.google.com/rss/articles/CBMirAFBVV95cUxOSW9KYjBkRjY2b2pGeU9wMFpQUVhnbWs2bHhOYW56M19lZmo3cWF2UnA0RjBEajB2VG41cDJJYW4yZXE2QzVjbHp4OGZqX0ZJcEtoazY0VXhIT3R1Z25pYzVxOHhfZ2YwNmxpN1F1V3BELS1GbmZwNWRWX0hjSU9pSHdEeS1VbklPcTZYRUEzVy1SRm5RTUx4bUNoajMzY0JKMkNGTXFFWkhFY1Fn?oc=5&hl=en-US&gl=US&ceid=US:en,World Health Organization (WHO),0.0
Larry Nassar: Disgraced US Olympics doctor jailed for 175 years - BBC,2018-01-24 08:00:00,https://news.google.com/rss/articles/CBMiXkFVX3lxTE1vQ3Vmdm9qeFdSWGcyZENHYXk0cXFyNTZNR0t6QUE0ZU02TGUxSUxuOTBBVkNsaHIzQ2szOWVERldhd0VqYnV3MjB2cjE1V0lMTDM1RlhGVWV6eEl0RVHSAWNBVV95cUxOWGxQWXVGclpOX3JHVll5dzViS2VsbUNaWGstb0FMR0NoR3Q5S2lMT3UtbHQ0OUtLaHA4MDNXTmdkZXFXVkpvVFJFYmhyOXBaUVduMkE2MHA3Wjh4emJsc3Nic00?oc=5&hl=en-US&gl=US&ceid=US:en,BBC,-0.7351
3. People in poorer countries just as likely to use social media for news as those in wealthier countries - Pew Research Center,2018-01-11 08:00:00,https://news.google.com/rss/articles/CBMi6AFBVV95cUxQM2gyaG9IbzhuVktQNnM1WFRtcjRUM3VlajJvSHpabm1YSThSd19YSmUxMmltaW1LbWRMYm5SXzBvT0pfdDN2MElLRmRRZDlXZ0I3cGFaNHdMZjBlejY1c3J6RWo3Tl9rUERCeFp5Ul91N1Z6aWlCT0x0MDFlNUl1c1laWThHRGJyS0ZoM3BRQjNjLVdVTVhZSXhpWlNXRFpja2lfZWQwOGt5Njk1bGo0NDB1ZFRJeFEwbzRXeVBwX1JTWW8ySWo1OWR4RFl1Vk9QUnlydjMzakJueUdldTR4TU02cFRzQU1D?oc=5&hl=en-US&gl=US&ceid=US:en,Pew Research Center,0.1779
Stephen Miller: How much influence does he have on Trump? - BBC,2018-01-23 08:00:00,https://news.google.com/rss/articles/CBMiXkFVX3lxTE5YbGRBVUVRdWdHS3VxVlAyaXpObHE5LW14MFFTQi05STNVbTAzZFp3eTRabVFkV0NCSlByZEtlbXN5VXF6MkFvZkNiYmtnQlNFeWRDNWtnWUpLLU1OVnfSAWNBVV95cUxNQlBnUUJzV1pSS3J4NXNpR09KMFJhRld3Y3ZpcU5wTG5iYnJuRmRrUkpUNURyVjlSbDRzdWVGOUZRUkVXZGpoa2h1UUM3ay10QWw2RjNNQTNaVnVPVFBMaVJxMDg?oc=5&hl=en-US&gl=US&ceid=US:en,BBC,0.0
"Taliban threaten 70% of Afghanistan, BBC finds - BBC",2018-01-31 08:00:00,https://news.google.com/rss/articles/CBMiV0FVX3lxTE8xazF2RmVxY0hEWi1wNXdSZThuWHBYanZmcHFTbVhVTzhxNFJneVJuWFFNLXhqWG03eXNqaGxSeHRsNFVxeDFHT0V2dVNqRVBsLW93dXFOb9IBXEFVX3lxTE9KWFBsMTBaUF9JaDBZdDR2VXZ2blRjNk9ZX0xpOE5yYTFrZDg5TGlpNzVsNGFUN3RsQ1VhZG5EQWMwQnlHZTFOM29fN0JOc1NaR21wMlRsRXRoTXB6?oc=5&hl=en-US&gl=US&ceid=US:en,BBC,-0.3818
The world’s most nutritious foods - BBC,2018-01-26 08:00:00,https://news.google.com/rss/articles/CBMifkFVX3lxTE1iQ0p0ZUtrTG9aamYwWDgxWFhWdjZiaHk4cnlKZFprRXhoRW5JTTlYYnV3LV9ORWVHbm4ybzVWaHFCODVxbVN1Tk1FT0ZZOVRiVWZWclpvOWtFNjJBdXBuV1VHUWw2QlhROVk1Q0phdjlyeGF0dEp2YnpENnpfdw?oc=5&hl=en-US&gl=US&ceid=US:en,BBC,0.0
YouTube punishes Logan Paul over Japan suicide video - BBC,2018-01-11 08:00:00,https://news.google.com/rss/articles/CBMiV0FVX3lxTFBFNnljVnJqbzg3YWJwVXpLb0dRS05TUV9zaUxWeXJHZDhGOHRWbnNjYkxJbTJENmhJVmNYSXNDbTdrOGk0OXVoYUNQYWRMWDE5NzVaR3lFVdIBXEFVX3lxTFBJMHpPVVZzdHJmQlZNbjczaWlGUjNFRl9rVXBxbnJhbmNNaWlBQlVHTGlNang0STRYSGZRZUNjdjg1ZTdvVFpvaXh1dEJjMXlGMDBEN0ZCZzRCM3BY?oc=5&hl=en-US&gl=US&ceid=US:en,BBC,-0.8225
Trump to Kim: My nuclear button is 'bigger and more powerful' - BBC,2018-01-03 08:00:00,https://news.google.com/rss/articles/CBMiV0FVX3lxTE9WTWhIME1DN3BCZ2JHb2lkWmtrR0Z3eFU4QXVJSkRWRjh4WWN2a3QxNEhsQ2gxQ3dWaG9LNjVXNkdyR19sZjNtM19GQkZmZllPbFhXaWhQVdIBXEFVX3lxTE05c2F0U3J4MDR5RXl4ajJ4T3FaUmpuY1BLMllPemVZZHkta014QTlRajZrUVVBak9MZm1YZjRoZldMVFo4eDhjRkt0Qktvc3JjbmF1Y0RJdHVuaVVI?oc=5&hl=en-US&gl=US&ceid=US:en,BBC,0.4754
Ellen Johnson Sirleaf: The legacy of Africa's first elected female president - BBC,2018-01-22 08:00:00,https://news.google.com/rss/articles/CBMiWkFVX3lxTE84dU85RDAyZTR0V2Judnc3YmllVzk0Z3pXUTVuZ3haNnFEQW5uVThDRGxBTk92ZEs5ZmN3LWt2QTF4QVZVUlB3TTFFblViZHQ2Q0dKc3k0aGRGUdIBX0FVX3lxTE1pUE9CUzM4QnlGc3B3X1VUTXozTlJqNHQwcmswb0xLbVR0WEN1M0ZNdGt4SFNnbDVQdWdEVlRsbUxWNnRaZVAxY0E1UGJYNFF6SzVVT0dBS2JyMk1YbmJz?oc=5&hl=en-US&gl=US&ceid=US:en,BBC,0.0
Charting gas and oil's future in a decarbonizing world - MIT News,2018-01-12 08:00:00,https://news.google.com/rss/articles/CBMilAFBVV95cUxOSTFfeHFkeWhfQVY5OTh6Z1RQYzlmZFhSMlM1NExhb0VXOTR6M1ZRRzNsTkg3T2xpR0FGejVNelIxV0d1RDlHaTVLLS0wbUlrRFoxRVQzcGloZV9uR2ZCOFN6YVZTZEVNOEZtVW4tM0xUeEZ5R21uVXVXNWZVb214ZWFsT0Z2R2dkeTNMUGhpbjMySGRH?oc=5&hl=en-US&gl=US&ceid=US:en,MIT News,0.0
"World's confidence in US leadership under Trump at new low, poll finds - The Guardian",2018-01-18 08:00:00,https://news.google.com/rss/articles/CBMiiwFBVV95cUxQenZSbjQ5dXY0NEp2a3FSX2xNcnRHUWtCZ3R5Q29BS3pfY0J2TUREZngwdkFFQlFIMlBoanEtZ21fXy0td1NEZ3phRlhjLWhTVTQtSzFSdnBfbU40dnR6SjdXUDB4QnY4MTk4ODBzbU42cXNhNXpnRUQ4eGFfYUFDZWhrMm11QnVBRzVv?oc=5&hl=en-US&gl=US&ceid=US:en,The Guardian,0.296
Trump’s daily schedule v Obama and Bush - BBC,2018-01-08 08:00:00,https://news.google.com/rss/articles/CBMiXkFVX3lxTFBMTUU4bFUxd09najJFRlZiZk1sRFVITDJQSWh3V3ozSk9aLVJ1TFFnUW91a0M5c0dVdE5NaGszOXBsb0tGNmxhZENxZnI3ZExJX05ia2ZFR2dSbjRobFHSAWNBVV95cUxQdExTcTVrRzlET1B2RXUxSFpIU1NhUlE5ZWN0NmktSWZDOXNGVWlCeDNVbGktWVJMMl9BSlNuWUR2eU1jcTRGVkRvakJTSkxab2FrajZJUVRjbk9MVUh5b2M5ODg?oc=5&hl=en-US&gl=US&ceid=US:en,BBC,0.0
Breaking news: why does Hollywood gloss over the world of magazine journalism? - The Guardian,2018-01-03 08:00:00,https://news.google.com/rss/articles/CBMiogFBVV95cUxOWTlCYzJEMFZLbVlnQTR6ZXlyUXRJNTVqUExhYU1tNWV0NGluTTd1cVVJYzhOdlBEcUI2TlVrTEtlU3RZTXJ1TTUycFpqUmZfSTVPSk5nWmhZaVNOVllWMHNHZllEY0tXSHI3cHFzUmFiVnl2NXVzcEp0dDRSc2ZjNS1aWjh5Z2dzOE80SVRkaDM2NmhfOGtTZ2g3QTRfZkh4a1E?oc=5&hl=en-US&gl=US&ceid=US:en,The Guardian,0.0
Post-work: the radical idea of a world without jobs - The Guardian,2018-01-19 08:00:00,https://news.google.com/rss/articles/CBMimwFBVV95cUxQMk1aS3diZXpsMDNxaXI3ODVfbHdwMEtBdDgyUG40VVRlRENqWWtPTFNpREhYR1VlM0N1TVJsNjNKZ3JpUnFwb0Fwck5Vb3RLcnlhM0ZpajV6R3UyTjdGRnUyQU8tTFFQTEtvVFVJWmtoT09zSXRTYkExVEtaR2V6VFlVT2VnbTZ4enJkU1o4d25CWkpMR0xnSVZfdw?oc=5&hl=en-US&gl=US&ceid=US:en,The Guardian,0.0
Coincheck: World's biggest ever digital currency 'theft' - BBC,2018-01-27 08:00:00,https://news.google.com/rss/articles/CBMiV0FVX3lxTFBZQjgyT2RKOGxQUk5FMHhjMmptUUZ0ak00VWVWREx6V3NLY2FMcXh2VzV4eXl2N3pORWROSkhVUGNvbUZWUVlpLVgzZG9VYkNod2ZzV214RdIBXEFVX3lxTFBrUlc5T1hNTnNxZ3pPTnIxNFNTd0NHVXNBZFBHcHBrc0tDV085ekdhWVRadk9KQkJFcjhnVG44UUFicElFZzhJYm14QzZwMWJNUGVvMnRWTzJ3elZy?oc=5&hl=en-US&gl=US&ceid=US:en,BBC,0.0
Startup aims to make vision care more accessible in developing world - MIT News,2018-01-10 08:00:00,https://news.google.com/rss/articles/CBMihAFBVV95cUxNTUtyc181cXdmV0ZleDBkZ0oyRm5wbFROQ3dob2p4bFRlLWY4cGZqZ19HemdsSEQ3aFJMc1ZrTV82SXlUZGp3VEVEMDJqaG5KTjFkU2pwVEM3eTN1RXpuU0RUMVAtM25RTUlyR255akJwUjJ0SWNwYkFGMnFaeUlMVUFIRkk?oc=5&hl=en-US&gl=US&ceid=US:en,MIT News,0.6369
What makes Russia’s new spy ship Yantar special? - BBC,2018-01-02 08:00:00,https://news.google.com/rss/articles/CBMiWkFVX3lxTE12ZXBLX1k2V0FSUzI0V0J5MlRpVFdPNFBHQk1UN2cxcHNLdWZQbDg5WUJhMUJzaTR6a1diT2FZQ1cxZHdkVEZwQm8yOGRwWE1OQ0drdUVHYWppZ9IBX0FVX3lxTE9QZWdlODNNTWVTWGlJTVhZckQzOWFXQkY0MjhLMEowdXRyckw3QTZlRS1HREc5QV9UbW1NZXdzRldhdUxxUVFHTnNtRG92VmwyUUh3M0hSdFVndnNmcFlr?oc=5&hl=en-US&gl=US&ceid=US:en,BBC,0.4019
Pope Francis releases 2018 World Communications Day message - Vatican News,2018-01-24 08:00:00,https://news.google.com/rss/articles/CBMiuAFBVV95cUxNWXJIS1RJSEstanMydnBrVGJZSzJLNmh5d3VoN1dJQm1MMjBJejU0b254cHcwWTFYVTNfTzFBcjVQNThVcWRkQmpTZUoyV19XbnIyb3g3Q1BSRnduQUE0R2dRM3hVTGJGLTVVVEJpdTVLalJ2MzVpNFZoUXdZQXJOOEM1UXNISS1pX2lsRG8tdjJFalV4VEdLcTM1Z3V5cklCZUtGeW1YaWFTUTVQUjR1SFdlNUJDQVJm?oc=5&hl=en-US&gl=US&ceid=US:en,Vatican News,0.0
Ten ways Trump has changed America - BBC,2018-01-11 08:00:00,https://news.google.com/rss/articles/CBMiXkFVX3lxTFBIUnNJaUc4MDNORWJHd3pfQVU5RGZmMTh3MGNKd0xQR3V2elhaQk9OaTVzckV5SDEwTEExdWp5cmpVazRxNEowenFVTUhOa0tyeVhWMVgyeThTS1JTZ2fSAWNBVV95cUxPZllNLTRqemVJMTl1M1pDdGpMbVZpR1hBRVl1Ty1fR1BFV2Q0S0FjX214WElzaFdqb2xobTNaejRPMVhpVGRpQWdaVlZMQ2lrVjRqY3FDY0QxUEExNUxSNDU0VTQ?oc=5&hl=en-US&gl=US&ceid=US:en,BBC,0.0
Emmanuel Macron promises ban on fake news during elections - The Guardian,2018-01-03 08:00:00,https://news.google.com/rss/articles/CBMilwFBVV95cUxOSVlOSGZnOUpyVDN3bkJBcUVRLU9Kb2ZiUmpNT2gwZXFYazRSVnpfM2hidGZRS25SVC1DbjA5V3BRMmVXMzUySGRjR3k4QTJ2aXdCaDBYdmM4Mk4zSXhkLU94RnVnWGRlS2lWQ0NrMGdGLXBBR2VmZmpYdnBtaU5KSEN4T25Va2xCUk42VmlTaW5ia0Jub2Ew?oc=5&hl=en-US&gl=US&ceid=US:en,The Guardian,-0.6249
The Taliban is gaining strength and territory in Afghanistan - NBC News,2018-01-30 08:00:00,https://news.google.com/rss/articles/CBMigAFBVV95cUxPLVFrU0YtRFZPQW5SQ1BvUUFvQkFZcTR4dENaNnRISWloYS15ejhIYnBzN1NXMV9zdE1vaG5SRTg1Qml2UjkzUEw4V2FnNDc1MlFmc2RlNTVPLThHWGkyem9HTl9yU00zUE4xUnhBTjJMNzBMdHJ6Q1BkZUVsdEFwZdIBVkFVX3lxTE5IbWZyZFo2UV9FTGx3MVhLNzM4dnNUWkIzYnpMeVhIYXk4S1BJXy1RbTdmLWRsaTNaUThPNjB1VHNPQ0ZWaDlZVWpQbWtWZ0hSZXRuN1dB?oc=5&hl=en-US&gl=US&ceid=US:en,NBC News,0.7184
"In response to Trump’s fake news awards, CPJ announces Press Oppressors awards - Committee to Protect Journalists",2018-01-08 08:00:00,https://news.google.com/rss/articles/CBMiekFVX3lxTE1Yb25zS0JIeXB0WGpKMnFncHBmTUU0dXc3MU1iTTZjZVE4MVpGenNlTnd5WE8zT0R4Szh0VVNXZHA0MmtZb3hIamhnUGZnQldReFZYMTZJbWZCY1hqVHlhUXB1V3c5MnJObXgyXzllcUJWQnhoSEQxX1NR0gF_QVVfeXFMT0l5dzFuTHlPMjU5NWlseS1mNldmTEdGeE1YWERmdDNUMXFJLTZoV25TaUhfZ2Y5aFQ3NnBuVTZ5YTkwQTRFckxKVkVaRmJYa0ZkOWNST1lDVy03RXRHX1JqTi0xMzNka2taSU9VbEVWWnpIaDVqZldyTWF0NmxkRQ?oc=5&hl=en-US&gl=US&ceid=US:en,Committee to Protect Journalists,0.6705
Swedish security chief warning on fake news - BBC,2018-01-04 08:00:00,https://news.google.com/rss/articles/CBMiWkFVX3lxTFBsR3JtaEk2V1J3SVM5YUpuOHYxMFduWWtwSmdCbHhaQTBiUkRXdWdtVkk1d1FTdHhuZHlKNUVBNGZ2VzZlcFpsQ2VpbWpWanZnTURkMTBqTHZOUdIBX0FVX3lxTE1TZ25IZ1VMQUFreWlrb0ZramdpcWtnRVM4T0xzTjMtWmxqM0liZklnT0JDajVkbXNnSWZtcjcwWWd1blM1UEM0M2xvbVFtV1RYMXhNZFZRWlVGdE9EelBn?oc=5&hl=en-US&gl=US&ceid=US:en,BBC,-0.4767
January 2018 Current Events: World News - InfoPlease,2018-01-06 08:00:00,https://news.google.com/rss/articles/CBMijgFBVV95cUxOdEZxLTBoekpfNzVKZHdNNG41SkRLa05kQWwtdU93Y3lOdXdCYTRLQ2tPN2p4ME9OT01wLURncTJia2V5Q2NYeHdIWV9jRkpEalBaX245ZzRNRHREVzVrblpYZEdwaWV3VUxWaVh4dE9wUzZLZHFHMXFEODBId0NDMjBzVXd5RzE2YzBiZ2Fn?oc=5&hl=en-US&gl=US&ceid=US:en,InfoPlease,0.0
Man hit by train in quest for perfect selfie - BBC,2018-01-25 08:00:00,https://news.google.com/rss/articles/CBMiX0FVX3lxTE15eVRnLUxTdEs2VUd2LXJtUzd2YXJQeHJmcXJXbDEtcTRTR3h4enlfekJjZDF5YWV5WVA2bGMtUTZjLXVoRHhJWkV0MElWa1NTVi1MQUhkUVcydzBxQ09r0gFkQVVfeXFMT0dwWjlQU193Q1JXRk40UnU5Z1lFbkQ0SlVrcVN6RkFueXBOTzcwaU5rMFVLZk9uLU5ES1I2eE5uZ0h2bUVaamN0M3J6TGdIN3ZuSzdxbTZ6RFlRRUh5bUJfSG1qNw?oc=5&hl=en-US&gl=US&ceid=US:en,BBC,0.5719
Amazon opens a supermarket with no checkouts - BBC,2018-01-22 08:00:00,https://news.google.com/rss/articles/CBMiVEFVX3lxTE9uSldYTVdPOFdPS1Boa1Eyd25aa0RKWVJMMFUxMEc5aUpHd0tyWFlmZDM5Z2lCcDBkVE41aUFINkV0R0dXczJ5SlF0Qkh0YzVEa050ZdIBWkFVX3lxTE9HYUtfWURyM0lua0FVNmJHS1lBT1dGWlYzTWVKelZrdnY5RnhmbVFDbjlJdnJ6Mk5fcWhsSFdPREdnQlRHNGtpNVdvTEpRV0M1MnlDRl9oeVV0QQ?oc=5&hl=en-US&gl=US&ceid=US:en,BBC,-0.128
Northeastern University and GlaxoSmithKline launch joint experiential PhD program - Northeastern Global News,2018-01-23 08:00:00,https://news.google.com/rss/articles/CBMiwAFBVV95cUxNTVlwdm16N2tySDdxZjNYYm9maXZtUy1xWG9jenFiWlJQU3lQNnUzZmp2Y2JibDRFOHUwU3UzZVM5cEtMNENYR3g1WkNkaWhKRmtxZEF6UjlhSTdVLXI4LW5ESHBSanAzMVNZZTBzSThiMWlNQUhVQTF1ZXJzazZyZlRFRG5XeUhmOUlEX1FodjVpcjVTa3V2QjVzbF81dkQ4cTRfQ1lrZV8wcjlld3hzeURhbHVUX3dsN21pNUY0UTc?oc=5&hl=en-US&gl=US&ceid=US:en,Northeastern Global News,0.0
Drone saves two Australian swimmers in world first - BBC,2018-01-18 08:00:00,https://news.google.com/rss/articles/CBMiXkFVX3lxTE43VVpydWJiWmo0cFU2TkNlYWJaVVQxR2lCYUNFMmN1b2xUdW5ScEZvTGVqc2xKMGNfanJTSGlUQVF2RTlQcGp4VnMzdzZmNEt3NDRPQUpfSmFBdmFFaFHSAWNBVV95cUxQcG1ucDZXNXZzS0FDVU00S0VGSWcxa2hEanZMdG5xNTRaRjlZcTdDUkVzb1pYaUNGTDBOa0o3ZEZXd3M5MzJoZ0NJZU8yMkQ1Y05LWEZUUmkxSnFNWFBaYkprMTg?oc=5&hl=en-US&gl=US&ceid=US:en,BBC,0.0
Is social media bad for you? The evidence and the unknowns - BBC,2018-01-04 08:00:00,https://news.google.com/rss/articles/CBMiowFBVV95cUxOamlLTHBzMVI5SHcwMXNYZXdpR1d6cnRXRnJkTHU5dlUxaFJObHNWdHNwRmtwdHVzMnBwR1FhWGk0a2JpT0dHSFpPaXNVX0IyNG9xclFyY2dwaXVFZFFqWjhjVjN1QnY3YWJJZDBaZ2hZN1R5aFdRaG9obTZjTjNsakg5bFVLUFRkdXpMbnJGNE1IbHBobDhOdUdUU2ZIa3hJekJF?oc=5&hl=en-US&gl=US&ceid=US:en,BBC,-0.5423
"Despite Crime, This US City Ranked World's Best For Enjoying Life - NDTV",2018-01-30 08:00:00,https://news.google.com/rss/articles/CBMipgFBVV95cUxOOENXYWdBQWFiVkpydk5OT1JUcDA5d0U1ampUcFVUU2pqNUpBS1NmSG53bUoyVFcxRWxPX01zRmk2MEYxNVJXYTFXR053Y01BU2toZGFUUzloLW56ZzRtV21pWktPc3U3aFU5RHlGTUZqZWRKRlp2RmVicm9pTHpLaWN1U2NaeF9hUTRNaWd4MkQzMm5nZ3J6UWpxQmE1V3JTcGR0andn?oc=5&hl=en-US&gl=US&ceid=US:en,NDTV,0.8873
Macron tells Erdogan: No chance of Turkey joining EU - BBC,2018-01-05 08:00:00,https://news.google.com/rss/articles/CBMiWkFVX3lxTE9KMmRNQ091QzdOUktZOG5lT2dZQ1FKczU0V19aZEZXZnFSQkItc1g5Rlp0WkQtMkd4SmZxZy1kRmExUWVNajNxTmtTc0kwSG10UUx5SUp6ajc3Z9IBX0FVX3lxTE9SdXkyX2NaOHVEbmNIMEJjV1k0WUxxdG5XRkxXRGVXamEwc1dubEV5bExlTFNsRTVGbmd1TkYyb0prbmIweXI0OG9xYndrTXdIYVBtMEs1QXBmWjNMci0w?oc=5&hl=en-US&gl=US&ceid=US:en,BBC,-0.0516
"Investigation: For some who lived in it, Keillor's world wasn't funny - MPR News",2018-01-23 08:00:00,https://news.google.com/rss/articles/CBMiakFVX3lxTFBSS01RRUROQlAzdG1hV3Z6ZnlKelhoeTFtWjg4YUdMZWtGN0xRMnlUU0hGVFNtMmFET3ZETFIzZDlSbExkUndaM2JMd3JORzlEdXE5dXBJR2VfaFlKTXRwYXo2VFJsZzE4LVE?oc=5&hl=en-US&gl=US&ceid=US:en,MPR News,-0.3412
Italians asked to report fake news to police in run-up to election - The Guardian,2018-01-19 08:00:00,https://news.google.com/rss/articles/CBMiogFBVV95cUxQdmVTMVkxZmdGeTBQMVZlSWFkeUxwbGppR2hTNGI4dlppeGVsMjJvQ2xXQTcyTGNHSDRZaWxudHBDWnBpY01wY0xRYXdpdnZsd2N3ZHY5MHc3clFwc0hwNXJDcFQyZ2JydTdnNHNqR0EwMTFqYkYzNlViaW5sc1d4NDlqNE04eS0tNFZwTzdDVF9NTFBta0QwM0pfQ2FBbmFSMEE?oc=5&hl=en-US&gl=US&ceid=US:en,The Guardian,-0.4767
Cocaine found in fresh pineapples - BBC,2018-01-17 08:00:00,https://news.google.com/rss/articles/CBMiXkFVX3lxTE9LcnY5eUpYYTZzMmxwZFNvOEcwMmVYcHdDSjNVTGZmVDl3aTNmUEo2YS1mMHNJczdxM2hlR3VyUGZDVmRTeFptdVFqMTRRalZ6RVJYa0JpOC0tYmZ1alE?oc=5&hl=en-US&gl=US&ceid=US:en,BBC,0.3182
Emmanuel Macron: French president announces 'fake news' law - BBC,2018-01-03 08:00:00,https://news.google.com/rss/articles/CBMiWkFVX3lxTFA0Wk9OdERCNUhsRWRKclFHZ0tJM1hrWUpqY2d0YVJkZEJYSV9IN0ZyTFMwZHFTNlEzaVhKOG83QUI2N3ZaalBRUXhyeWZhbnpPbW01Y2Nsb1hBZ9IBX0FVX3lxTE95SVo1VFpYeXlDLXRsSkU0YkpETVBPbmVHZzI1SDI5aHY0eWdvTEY3WWw2MEtNUUYxdkI1N2JPQVJSOUd1anJSVzhMTjRrejAzZTQtRXdjNmVmLURtdksw?oc=5&hl=en-US&gl=US&ceid=US:en,BBC,-0.4767
Zambia profile - Timeline - BBC,2018-01-03 08:00:00,https://news.google.com/rss/articles/CBMiWkFVX3lxTE0xUWl2WHpfYUtrT3Bua1ltaWVsTUxWVEFfeWFobWY3NnNKRnNfZ1pyUjFBSWlaRlFhYzVPM2E3cUZEZk5GajhYdjV4UHpldDZRM29WRjZyOXE5Z9IBX0FVX3lxTFBJM1I2SDZFM25LektYS1hBQm5TNGFVQk92Tjk1YkpWbjd6cUdPR0x1UXNHTkdSY1g0SHpyb0NvUEFJWXhWaU5FSWsyNmRianJpSTBIODAtamFlaWhZVGZR?oc=5&hl=en-US&gl=US&ceid=US:en,BBC,0.0
‘World News Tonight’ stays inside for bomb cyclone coverage - NewscastStudio,2018-01-04 08:00:00,https://news.google.com/rss/articles/CBMickFVX3lxTE1lUUVxTWxPbk9NNExVbl96Wl9EaHU0aVBIM3BBd3k1cnN2MUZkeXZKazVHMlk3cWVJSGg1WXAtb2dZRTVndXpwRHRTeFpjN0pWY2NOUENLX0FzNV9YOGxobU5VczVBWkpEYXEwQUJTNWxHZw?oc=5&hl=en-US&gl=US&ceid=US:en,NewscastStudio,-0.4939
US President Donald Trump Warns Government Shutdown Would Be 'Devastating' - NDTV,2018-01-19 08:00:00,https://news.google.com/rss/articles/CBMisgFBVV95cUxNREdjcFNIdGpHYWZHM01NdzQ1QnJrb0lxcVJZT0JLWXh2Nko4ZHdnTm1VRjRmY25KMFh5bHQxckVJVFo1WFVhYThqT2F4TVRpS3JXYy1yOWxGUll1dTJvWndRZXRaY1ppajlFZVhwOFBUZnlBOGE2SEIwOVljRV8zem00UGh5NFAtNWZGemJLWUY5Nk4tWTNldHZyRzl4dkQ0SU5kRlBES192c2EyLUxoMHhR?oc=5&hl=en-US&gl=US&ceid=US:en,NDTV,-0.1027
Uruguay profile - Timeline - BBC,2018-01-24 08:00:00,https://news.google.com/rss/articles/CBMiY0FVX3lxTFA1QWdyX3ZWSVJLbHJCNmpuZF9RcHVsamNSbUFNZGU4U1V6NkFyX3dla00yc2xnclJMRTI3SElDbmVCcU0zOHFEVExPWDdDZjB5eWlab2lVN2IyVllNSWhQaWlCd9IBaEFVX3lxTFBGTWxneW1yOHRfSHVRcjRKUDJwSHBTeDRXREIwMTlNWm1CV2hZMFFERnRqSDF2U1hINmMwWWFtQTJ0TEZySms4Q0Rsc1VyclNWYWJrVVNRTFZ1b0FXQ1NhSklrQjhWWUVM?oc=5&hl=en-US&gl=US&ceid=US:en,BBC,0.0
"Donald Trump Portrayed As Uninformed, Unprepared And Lacking Focus In Unflattering New Book - NDTV",2018-01-04 08:00:00,https://news.google.com/rss/articles/CBMiygFBVV95cUxOX0Z3WHF2U0ZZNXcyVThEaUMtcHhMc1lER3V3Vmd5ZHk1cVJCNDFTQ3NDTVVpbWdLVS12UGhQaGxncFZBYzF2M1g1LUdjRHQ4RTRaNFNMc2VZcjVGSU9wV0Y0a0Z6cENVWlNtRGFUTUt5bGtWdVZjdC1EVlVIMlBDclpRSTY2YmxVbGsxSzQ0R2lUcFhDV1g3WTYxT0FpcXJiNVh1TTBxenRiaFktQnZSN2hxX2JFMzh1bEdBamJyZFQ1VnQtYTJ2d0dR?oc=5&hl=en-US&gl=US&ceid=US:en,NDTV,0.0
Larry Nassar case: The 156 women who confronted a predator - BBC,2018-01-25 08:00:00,https://news.google.com/rss/articles/CBMiXkFVX3lxTE5CcVFBaEJTMURkU2taVVBJeFhDZUNCSkwxNkY0YWs0OWdicFByMHduMWNZbUFFem1iSHZGWXRESHA4Q2NDbmliaHNiYkdXX05lZFI1cW5LWWd6Yno0MnfSAWNBVV95cUxNWlo5VGZQdXR4eVVlMFlyaDl6NWJFRl90NGR4LU5UaWhPLVowcER0Ulk0aFJ1UzBFMTRJWmhNSS1kT3JVajQ4bjNXTkdpWjdmdkhQeGNsSkU4VVlncDhJOFpTQjg?oc=5&hl=en-US&gl=US&ceid=US:en,BBC,-0.2023
"'World's richest 1% get 82% of the wealth', says Oxfam - BBC",2018-01-21 08:00:00,https://news.google.com/rss/articles/CBMiVEFVX3lxTE04a1d1d0xCcnRVeWNPS2NrM1JZVGNlVkVNMTNBemRzOHhWUGs1bkViNGtqZ0hqb1U2a21PRENhUjR2Nnl4a1BPd25XRDE2a1VkUlN5U9IBWkFVX3lxTE16cUQtckpvVE9FQm50SzJHUEV2S3dkUHhJZUVZTWZVMUFEVTh5cmt3QXRWZDVoa0twaDdWamxSLU5SUXRnenEtMXozbExMQnhGWkg1MEZ0cjlOdw?oc=5&hl=en-US&gl=US&ceid=US:en,BBC,0.5267
"Samsung Unveils “The Wall,” the World’s First Modular MicroLED 146-inch Display - Samsung Newsroom",2018-01-08 08:00:00,https://news.google.com/rss/articles/CBMipAFBVV95cUxOVnVWdE03TGw2WlJIb3U4MFVtWUpVeEc4SWx2cWdXNU1OWVhSSEdTdzh2RFI5Nm1WNXZKZmJyVXNHQTBTZmh5akgxWkZNN3dSTUJXem1VY0lOWE4xTUwzSjAyTUhUU190X2dkeklVMnNxbGtaMzYxMzF6a1l5eWhkSTdiVFFvYU8tbGliYkppYzc2bWFtemc5MWd1UVBlSFo2ZG5xdQ?oc=5&hl=en-US&gl=US&ceid=US:en,Samsung Newsroom,0.0
"Grumpy Cat wins $710,000 payout in copyright lawsuit - BBC",2018-01-24 08:00:00,https://news.google.com/rss/articles/CBMiXkFVX3lxTE1jNkNKelVfQmdjRUFiU1B5alJsNXREYTJaX2gtT0lza1pIOENqVWFTckxCLXdEekMwRGhZTGdVbnFBRXFvQk1wQUVSVmo0ZVNTTU9OOTlXWEFzY2NqRFHSAWNBVV95cUxOM1I1dGZ4cEtlVkJaWTZZX2JTTzZpNUZ3NWs4YVB2cFRzQjJvOVpWdWE0WHhBelRzMGZrZk9XRWV6WmtYZHNqVVFFUWpkUEE2SDhNTzlSLXV6SHFySlpkYXpSUFk?oc=5&hl=en-US&gl=US&ceid=US:en,BBC,0.4215
Fitness tracking app Strava gives away location of secret US army bases - The Guardian,2018-01-28 08:00:00,https://news.google.com/rss/articles/CBMirwFBVV95cUxPbDI1Z0ozRk9FVkNHZkRHbFlDU0ZMM20tS29uNnp0ck1DbDJmTnpPNDVGbVlGZmRjcm91X2NuOVFGUjFySUZ4amtVRFliOWpJOGlqYVRMYlhnamxrRkxlZHNjMUhOellHaFVWbXlvaC1PTE00Ul9uaTBmVlRzV3QyeDVIMzUzY3JwVFFUY0gwem5FTGhib21iQjlxNksyc3ZIbUhSeWg1U1pCOWptSzZR?oc=5&hl=en-US&gl=US&ceid=US:en,The Guardian,0.2732
Pope Francis compares fake news to snake in Garden of Eden - The Guardian,2018-01-24 08:00:00,https://news.google.com/rss/articles/CBMikwFBVV95cUxOLWlBU3l4ZUFYVUZCX1hfemJHemdhLWlyaVAxaXBvM19xZ1p5ektGSlBMdXNwT0ZiM09sZmZqbVBCczdSalhIUnUyWW9BMWJpZkpSMEszX0FaZDBYSHVGR1RGVlZzcW1rdmpqclhkME5QcFktSVFUeFhXYzlGNGV0cG5YaVpVUk9mdGthUlVJSGJwOU0?oc=5&hl=en-US&gl=US&ceid=US:en,The Guardian,-0.4767
Trump arrives in Switzerland for World Economic Forum - CBS News,2018-01-25 08:00:00,https://news.google.com/rss/articles/CBMiYkFVX3lxTE9KdmhqdndvMm8yT0RYLWJDbDYzRmJVZy1tRmdYMWpQY2pMVnpYR0twSVJ1TndpbENCeXpTYjhlTVpBVW0wMUxQbFdHYS1SWS1YZ011UGVxTVNYSUV4RzlOaDZn0gFnQVVfeXFMTTBDc0U1NXZnbzRMbk9nMTNrRl9kTnNORWFjbFU2b1VRM21nNVl1cU94QkZDR1JFWXg0N3pXT1BsQXRKTkd0dmRraUlPRnpxMHY4eUI4dlNiMDFzbE5KZWdJVzllWEtsUQ?oc=5&hl=en-US&gl=US&ceid=US:en,CBS News,0.0
Samoa profile - Timeline - BBC,2018-01-23 08:00:00,https://news.google.com/rss/articles/CBMiV0FVX3lxTE5Sb1BISzA3Mm43Q09oZjhMcUVqN0pJdGxxNU5zNnJPRFdZdmRLemVzTVhhRm9ObVE0ZDFIaUFocGI3V1oxSmh3dzI5NUxhS09NNWg3WjVrRdIBXEFVX3lxTE9sX1RvOGRVTXFLazFDaGpWTmFrZ1ZhNkVNRXJjb2RlTGQ1TUxobHpwVVV0WURyUXhNNnpLaHk5TUJaMDJSZjNBOThCNGhodTRkbE1Vb1lvUTlMZ0Fi?oc=5&hl=en-US&gl=US&ceid=US:en,BBC,0.0
China bets on facial recognition in big drive for total surveillance - The Washington Post,2018-01-07 08:00:00,https://news.google.com/rss/articles/CBMi1gFBVV95cUxPU2pkUk83U3YzVy1hb3dTMW40OGszV0VJbTU3RlhlTVl0Q2FWTWlxc0FhVFYyTWl6aHVKRUVrd1pmRjZack43aERLdTZlRmN4dFo2UVBPWlFpd0gxY2pBSWVodU1PMWpWTTRlMVRRUmZ1TEJqNXZmN1NyZmZSLUM1bTVrUmRjWVd1d2EzeE5IMG1UNnFpNmUydENJSzAyUkMyajdKODBiRTBhZ3pxaTU1cFhPd1J3UmFndTdBV0w2SnUwSUpGVF85dnYya21CNmhfdmxNQVhn?oc=5&hl=en-US&gl=US&ceid=US:en,The Washington Post,0.0
H&M stores in South Africa trashed over 'racist' hoodie - BBC,2018-01-13 08:00:00,https://news.google.com/rss/articles/CBMiWkFVX3lxTE9IQnhWMmRDUE5jSDhnU2h1LVV1UzZmMzhDS25FYTZlQUFIOG5RRkw1QkFQc1d4azRVMkpnS2hHVFpEbmZQOXZpYTdkVUFteDFWMEtPR1E3dE5xUdIBX0FVX3lxTE5Qelo2ajdiTElZX0Y0eTdTWVJ5dDJGQVlfdXRISEVjQVRrTlNoVjFlS2JqUmpqcXVrcFpmVVdDUWp5aGtoamh4X1R4a0tWUnNLc241STRiX1hMVWhwTW00?oc=5&hl=en-US&gl=US&ceid=US:en,BBC,0.0
A brief history of 'fake news' - BBC,2018-01-21 08:00:00,https://news.google.com/rss/articles/CBMiV0FVX3lxTFB0aU9RR2IxWlBkYWFyWnIxWTNDQ2pUMmNJRmJOR19ZdlNGa2JfbGlnU2M5WHMxczNBQUppTGhmbWl1a0xsbWwySDJBd25RNW1rZnRfR0dLUQ?oc=5&hl=en-US&gl=US&ceid=US:en,BBC,-0.4767
Aadhaar: 'Leak' in world's biggest database worries Indians - BBC,2018-01-04 08:00:00,https://news.google.com/rss/articles/CBMiX0FVX3lxTFBTVVBSYWtndVMzeEVFR0NOLTFXMHlRYlYtT2dXdFNVZFVTY0hOUjBPRUVGV040dFA5bldtTHJQeWRXWndVYjR5Mmh3LVp6MUZWMDVuX3JEZ2JwQWNVdGl30gFkQVVfeXFMTnhzdWlfSzY3QVlaWGY3US1URm0zMjQyWDJKZWoyNmk0bDlCczRYUjN5OEZfNzNaT1BkeEFRUGpHU1Jqd3hwZURES3hjNElFZUhidWYzRzJpaUtLZi0tN2xhbGM3RQ?oc=5&hl=en-US&gl=US&ceid=US:en,BBC,-0.4215
"Legal marijuana cuts violence says US study, as medical-use laws see crime fall - The Guardian",2018-01-14 08:00:00,https://news.google.com/rss/articles/CBMipAFBVV95cUxQVUJsZXo0YWFtUHNnVnJDb3Y3MlRjSUNOVWNWajNhN2hjUUxVSU55WGJhdDNLY0JNVHp2czQtTlM5d2hIYkI2SlpsOFp4WXJvWWZkYk9hbjJqTTgtTHNzQmRxdFFQMkR3dC1yTWNXd3BzcDNUTXFIc19jUGZZLWllWDRrYjdmcllOcGl6V3Vnc1BNYVRzVFhPTXREWDFwbzBwZ1pEUw?oc=5&hl=en-US&gl=US&ceid=US:en,The Guardian,-0.8519
Smallest cat in world: Footage of rare animal - BBC,2018-01-12 08:00:00,https://news.google.com/rss/articles/CBMiowFBVV95cUxNRG54Y29EMTFiYUVLZUlXOVZhVlNzbmxUMW1ENkVHR2VvZjhrUGlybElyREtFSkpIdlk0TWRUckk4eFFGS3VOWldkTlpHeEhqb0lOUTR6RXVyU01RTGlSZENMcmtwYUhYWWtRMkw2SW1xcVpOdjVjZWg2QXBpMUxUSW0yam1jYjZfRDlzdDVuOVV1RjZDRmFnTmV5dS1QRk9iZ2lz?oc=5&hl=en-US&gl=US&ceid=US:en,BBC,0.0
Tonga profile - Timeline - BBC,2018-01-23 08:00:00,https://news.google.com/rss/articles/CBMiYkFVX3lxTE9lSHlqeUwzbzdyem1fcnJhVVBlYm1lY2VTZ0tNYVMycFNvZW5oZzdOZmxWMmZ3SlBFSHBGVVRaUENIQjAtQkFuOTkxV2xCc3Y1VU96OGVLdmZoSjBBVVJwNnln0gFnQVVfeXFMTlY5V3h2THpnNDlfaWJJZXNTQVRWbGhuY1RJMTB6VHo1a3F5eGJ3VERLZXdmOFY3bnlIbE1CaW42ZXVNWFVqVTQtSDNMLVNsVmVzSExxUWRIWThFR1J2dW9oWHhKN01Scw?oc=5&hl=en-US&gl=US&ceid=US:en,BBC,0.0
"500 years later, scientists discover what probably killed the Aztecs - The Guardian",2018-01-16 08:00:00,https://news.google.com/rss/articles/CBMisAFBVV95cUxPLUpKZW5xQjVtdHpZS296TUJ4MGJBX3A2N2w2SHVfWUVNSWcwYjQ1T1J0ZENlX0dxNEp1U2YzSzlsZUtlOGxCZ1UyT0JSc0tWVWh4UFBVLVRibnRhQTd2REY5QzBVQ01GM0hIcHZZR2thZHZnTUtYeDJSek9lbU5QY0pnRk1acHhnNE04VE1tLWkwSmduRGllUHF2RTJSaDNRcDBnemh6ZTZHZXVnMEg0Vw?oc=5&hl=en-US&gl=US&ceid=US:en,The Guardian,-0.6705
Uganda's Museveni: I love Trump for being frank with Africans - BBC,2018-01-23 08:00:00,https://news.google.com/rss/articles/CBMiXEFVX3lxTE1taVJPVXVUd0hmNVdRaDZVb3dRdzA1TThKUVNsMkcxcDZrY25yUXYySnRjREdNMk5hMFZ4ZXhXT2RfbHN0bm9ZVEM3VW80bWlXSTRlV0wtRC05ZXBG0gFiQVVfeXFMTVFXN0dxYm9mVjVqRVo5Sms5d1JaOXRBc014OHdMZ1dPb0lfZFVBSmwyU1ZzdkNVSDE5Mzd5TmNlWG54TDhaazF6U3NrRHpTcngwRlRHUTdnV2ZlQjhpS3JFV3c?oc=5&hl=en-US&gl=US&ceid=US:en,BBC,0.6369
Apple investigated by France for 'planned obsolescence' - BBC,2018-01-08 08:00:00,https://news.google.com/rss/articles/CBMiWkFVX3lxTE1Fc0pLR1F1TFJ3R1Q4elhIVTB0UFdvX3djVnBWLUhob1d4czdtaG5sakpaQ1ZKMVZjYmhTMEVCX0hHSVpDV2ZBQVkzS256d2pjclZyYXM3N0xBd9IBX0FVX3lxTE1OZFUtcHZmdnhQbHBPZVNybVFIUXg2WmxCS3MwQ1NLdC0ycTU2Z1VNeHQwcHY1azJTWnVkcnJyS2dqenFLaE1XNUdabVQ1aGJ3OVRsZ2VzQ2lPOG5QeWU4?oc=5&hl=en-US&gl=US&ceid=US:en,BBC,0.0
"After Trump Rejects Talks, Afghanistan Says Taliban Will Have To Be Defeated - NDTV",2018-01-30 08:00:00,https://news.google.com/rss/articles/CBMitgFBVV95cUxQbnlsbXF3SXBBc1FDYzNXSU43eUFxWlNWd2Y3NG9Ta2tHWnlFaFQzWW90X3J6R3l6TVhQTTFOUzNXRGFDRFg1OFVnUjF3VTVSbml1aEJQWnpJSGRQcEk0S0kzbng4SnhtZEQ5ZHgxTVhjMm5ybXZtMi0wbkltZnZTb3Z1blhPQmJzbV9sUFlNSnZOTGZMZVdlQjdhTl9CR2huR1pwZDlKNERfVTVUUjQycmU2QXdFdw?oc=5&hl=en-US&gl=US&ceid=US:en,NDTV,-0.743
Trump 'in crude Oval Office outburst about migrants' - BBC,2018-01-12 08:00:00,https://news.google.com/rss/articles/CBMiYEFVX3lxTE4wNVdXNmxHMWdnVldjYTF4NHNLckFCN2xhaDFZYXJCRGx3MExNR2NhNkVpeHpBdVAwM0g4azFqUTFQZm4ydlk4TXpqa1NrQzlNSDFaellZVWxFZzhMcmdyeNIBZkFVX3lxTE1ablNQQXU3SmY5R2J3aW5VUDE1VURpSG5CbG1ZT1RwWlpMM19jWGZETlFYcFdVcVJOTHFRZFpucVU3amVuR1pUUzZvTTFZZ1NFUVZGbkVGMVZUQXR4WmU3WFEydGpudw?oc=5&hl=en-US&gl=US&ceid=US:en,BBC,-0.5719
Boris Johnson 'is descendant' of mummified Basel woman - BBC,2018-01-25 08:00:00,https://news.google.com/rss/articles/CBMiWkFVX3lxTE5iUjREN0h0bWdvM25CenM1SUI1dE1EeUJrbEZCUmswZU1WYm42b2o1NVhONUtvR3NZYlpBek5hOUVRbS1OMUpUTXhTbzN3eFZjQjZ0bThjcWNKQdIBX0FVX3lxTE9JS3dCeUdlLVlzTGRMSVkzdFQyWU5UR3JLbldnTlItdk84U1gxTjh1aUlXcXRjVmt5c3FEaHJsM2wxalhqbFlhMUJRUzhGQkd6WXV0Qjh3VDJqcU02VTdR?oc=5&hl=en-US&gl=US&ceid=US:en,BBC,0.0
Harbin ice and snow sculpture festival – in pictures - The Guardian,2018-01-05 08:00:00,https://news.google.com/rss/articles/CBMiugFBVV95cUxQS1lLVlI5ZFFPZDQzd1dhV1J0YURtajh6MDlvTEpMb09lS2VzSF9OaTU2R092Um9lRmo5T05tUHRxc0d6ZzN0S0dTbk9WUHczSjlHck5sbTZ3OUR3SElONDZOeVdhY1IybHZUSWdBVmdzMUxpOXZRUUZTNE12aTNESlJVUEluWjhHemhaUmtRTmFOcTNFSmxsUjF2d1BVdnBoeTVTSEhtNElIeGtUTkZ1dmRBeV9QejJaNkE?oc=5&hl=en-US&gl=US&ceid=US:en,The Guardian,0.4939
Nigeria's Boko Haram attacks in numbers - as lethal as ever - BBC,2018-01-24 08:00:00,https://news.google.com/rss/articles/CBMiWkFVX3lxTE51SkttSzlvUi1UWU91NTZPQTVTS2ZkaENIeWZUcUVrRWJyeWJZQlVzN3dySHZMQTZuUFlIWEVialBvVVVqYzJ6NmtGci1MYkNxeFJyNHJBZmtOd9IBX0FVX3lxTE11c0N4R0ZDNjV2Y0JzcnZVX3pPRzg1RGhCMjJtQnBScmp5QWRhd3dXaFpCU05YVUtJUVZQQUtXRHNxUEdwSkN4TTJuWVQ3a1lQX3QydURxWG5jcVpzYXRv?oc=5&hl=en-US&gl=US&ceid=US:en,BBC,-0.4404
U.S. soldiers are revealing sensitive and dangerous information by jogging - The Washington Post,2018-01-29 08:00:00,https://news.google.com/rss/articles/CBMiqwJBVV95cUxQcUhSVEtWLVNnYXlkYy0tbE5aUzdmZkFQaHJKVzZobTIzVGswTzZVRTFqVW1Qd0FIR1hNS0tXWU5NOHFBMjhzN1ppNG54eHNTNmZqdVdwdi1DampkaVRGeTduYms5WHBYazhRTkxhOWlPbVRNcjluajY0RW16ZXplSFhJaWhvVTkzeV9GMVkxakFSUnFQRFRIeTUydDBJNERRR2F6NDBHaUFkU3ZydHlfdVlPZTFqckdQY1V1UlVuQXFfckl4U3FCYWRzeGdIM3BsenpxS1F1VHJPcG54NXVIazhEbXRYOVpjQ2JqODVTa0JRaDgtMElKWUVoV1g1LVQ1S3ZLd25KZE1Jei1USjl6VDVPLTFLN2Z5aXVnSkd6Q2lQQW9nOGMzVUFkdw?oc=5&hl=en-US&gl=US&ceid=US:en,The Washington Post,-0.4767
Trump Bannon row: Who is author Michael Wolff? - BBC,2018-01-05 08:00:00,https://news.google.com/rss/articles/CBMiYEFVX3lxTE8zUDl4WUgtZFFlV2xNdFVTVjRMOGxsMG1PTjRoXzZheVNQTnVxYmo2cGVSbUdOVWwyRUJiM0pValo1UXNhT3JuVFpoRE5mbC1kRnluN1ZLTE1IakJCSnRFSNIBZkFVX3lxTE95cTVwRTQ0TjhBaHEtU1pnTjNmMXRTQXJYUnVWV1BJblRfLUFqVU5qWDJLYmwzcHpSQVBIR0c4bzhrSXBFY20xR3k0M0w1RWRCNm12TU12cGk5bEF5ZVNXdTVkeHdSQQ?oc=5&hl=en-US&gl=US&ceid=US:en,BBC,0.0
Best Art Websites for Current Art-World News and Reviews - Time Out,2018-01-30 08:00:00,https://news.google.com/rss/articles/CBMiYkFVX3lxTE5kSXUzbkVRX0lMeG9hZ2laaTRIQmR6eTktenY5cFhWaVpyb2VQbkFBVDZHTXJMQ0Q2NGc1ZEt0OVR3QnZtb1dDbGVnZ3hHRnlqZHpWdnNGMlY2cl9WSjdWVnB3?oc=5&hl=en-US&gl=US&ceid=US:en,Time Out,0.6369
Head of Philippines news site Rappler meets investigators over complaint - The Guardian,2018-01-22 08:00:00,https://news.google.com/rss/articles/CBMiugFBVV95cUxOM3NWYllubE9qS2ItdmFQTk1zejYzTk5sbHQwbDhyNEFOSDhCdlhETG5qZmZuOHcxbG54WVQ4a2FOSXZIVFVVbmE3TWItQUkyS3lGVUJNT0pTb25nd2pOa21HQWtpaG5WemlmSkZDbWtpa3dXTU5vMnpSMkFlRW0wQmhVMVNrMzQ1bmRBY21INC1VdjNvMU9iVkVaTTJycVJKbEx1RmVBeVBMR2Frd1NfalN4UGhIcmV6Q1E?oc=5&hl=en-US&gl=US&ceid=US:en,The Guardian,-0.296
"Dodging Bad Headlines, US President Donald Trump Turns Salesman-In-Chief At Davos - NDTV",2018-01-26 08:00:00,https://news.google.com/rss/articles/CBMiogFBVV95cUxQWDk5Q1FyQm5BNGFVZTVsdWNkM2FiTGRvM0xPX2d5YjI1RTFNdWNKeEljS2RXcHp6Tkc2NFEwLVVuUXAyR051Z1BDc3RWUVZHNmE4UU5pcEMzSExTM2NQWUNScTBsakVQbWdTRFNEVU80Rmx6SDdFRkVaMjJ4UXdNcHBiQ0hNVmJnQzZ3aXN3aXNyLTM4OG1fa1ZnUGYtQWhnV1E?oc=5&hl=en-US&gl=US&ceid=US:en,NDTV,-0.5994
Hawaii accidentally warns citizens of incoming ballistic missile - Sky News,2018-01-14 08:00:00,https://news.google.com/rss/articles/CBMilAFBVV95cUxQc3kwQzFBMGloOE5nbmtWRnNPdEg4RzFzRHNnYkdHWjdZWDhBVjlWWk9SeWFibWJjM05OWUcyWF9XV0ZyZkNWcm5kcWhpdnVnTFVmV1VrcnhFb3RFNUlVR0EySlJzUnBfdDZKaG10U3FHLWg2NDFWb011TFFIejJKUEx4dTQ0aEh0dkdGT1hUaDZ6dmZn?oc=5&hl=en-US&gl=US&ceid=US:en,Sky News,-0.4215
US budget: Over to Senate as House passes stopgap measure - Hindustan Times,2018-01-19 08:00:00,https://news.google.com/rss/articles/CBMizAFBVV95cUxPRmJLS21QVVVYNUtEMUNCOVQzandCVGxmeUl4NGItZHVYcjlRaUVxVVRHZS1IbzZacU5hZWpaWXRyMV9JWDNSS2FZSWowRExxZU9xSllUd1FuYUp2ektYSGF0OXNkdFllenN2UlhMRWhKeHVfRVBVVEhlOE5yc1FQNTNzSW85YUdUaVhtNENRbGp6cmktQ3JmTlQ2U0FXS3ZFazhUdTBTVXRGalF2WWtrUlBPNmczZERfNGdOSkViRWppM1l2TGhLaldLczDSAdIBQVVfeXFMTmVtT1dGUEE0ejY5WllHVFBhS3BoaXR0ODVyNUpDSUUxOHREd2YtaDFfMkJha0pBVWdjU0NwRy1TNl9WOHk5aXJoRWEtdUJwV2RZOFJFZ2NpRmdNMnlyMzZXTVVlRVRPSDYyVktLaW10UGl4aDAxY1MwWWhET1JRbkxsLTJEN1JIT2FfUC1kRF9pd0hZMmZLM2d4QVJfQnJqN1ZKbzItenlnOGNzWTB4VGpBRFVtazdpZnRMLUJScmR3b1k4dkVSRW1VaUNHVGczTWRB?oc=5&hl=en-US&gl=US&ceid=US:en,Hindustan Times,0.0
CMU Experts Lead Conversations at World Economic Forum - Carnegie Mellon University,2018-01-17 08:00:00,https://news.google.com/rss/articles/CBMihwFBVV95cUxQUHY1Y1IxTF9pQ3o0UHVqYVB0QUJDYVNTZEFpMkVQMkZFeHI3MEhUYXJ0cTl2ZHgtcmwwNnh0Y0R0WXFUeUw1UlZOQ3NJNm1FN1QxR25YM0lTaWx2WU1ZRFk5U25jUmhOTW1xdDBFbWgwanZ5ZXB5Q1R4ZlZmenk4ZXRoZkNsRk0?oc=5&hl=en-US&gl=US&ceid=US:en,Carnegie Mellon University,0.0
Women march across US against Donald Trump administration - The Indian Express,2018-01-21 08:00:00,https://news.google.com/rss/articles/CBMirwFBVV95cUxNampNb3FrV1M3ZkJkY2h3WkZvRi04d2J1Z2dveUVfU0o3X1dDYk5NajZNempNMUpGNTJzZDdHc29vR3FhZ21SOW1nZHZlZHlCZDRWTmpJcll6Z1owTjlMNXdVU2hxaGtPMllINHd0UWtrdkw2MmJ5T0FId0NfSWp6QjlwNFdBTU9TQXFob0xyQ2hXRnFDa2JwR2s5QlJWODFfZjVVZGVnYXY0ZnUwa2Nz0gG2AUFVX3lxTFBQZF9qelJDR2FtUGY5YlprQ0xuX1pvYTEtWEZMbTdfMEx5RWlGM1RnS2VVRXdWbGpGNm1tUDRFcWplTVE3V2t6UV90ZWYtMk5fdDNGcWYtTTZDRGZRNTJnbDFDVlNlbTNPclJnZ2VPUXlJMEJQTmlHejh3cHFwU2pmallHR0NvZ2E1YVdNTTNvYV9DRkU4Zm92ZDFZZDVtRm1CbnZZNUI3bFcwWDNUR0lXUGtJTWZR?oc=5&hl=en-US&gl=US&ceid=US:en,The Indian Express,0.0
Hawaii missile alert: 'False alarm' message delayed after Twitter gaffe - Sky News,2018-01-23 08:00:00,https://news.google.com/rss/articles/CBMipwFBVV95cUxPQW5qdkpSOUR5Z216Z3ZoS0dKYW16OGt3ZV9YNE1wdTF6dzhtcjRjWUJiRi0xNUlubUpCUjVvNGFVSk9VZC1EUktacllwTUxkRnhCTERVZjVNWXJkNGpXRFQwOUltQjM1YW5VaDhnRlQ0elptUXItYTdPNjg1Sk1RdjZnM0NLenZ2SkdvVnJBVWFLMGRJQVp0N2tQa2FCVVZmZ201YlR2MA?oc=5&hl=en-US&gl=US&ceid=US:en,Sky News,-0.2732
How the heroin trade explains the US-UK failure in Afghanistan | Drugs trade - The Guardian,2018-01-09 08:00:00,https://news.google.com/rss/articles/CBMiqwFBVV95cUxOaHd6RkhiM2s2MUdtSVNSaWV4NlItSGlQaTIxU25VQjl0eTNONFpnY21ZUWM5cmdrUGtKMThuUHR6UWRfakpDbUhQejBXSzBWcVZTZGhZY3pWSV9jaTF6NGNuTnNpNXVRSzhsZU9nWXNPVEMzTnJ5OTdaeThsZGJzVDdSMWlhVnBVOFJTM0l3Q2RrRFk1dnlmN3VhOEVxVTRtakVSVFNXbjVqNWc?oc=5&hl=en-US&gl=US&ceid=US:en,The Guardian,-0.7579
Republic of Congo profile - BBC,2018-01-08 08:00:00,https://news.google.com/rss/articles/CBMiWkFVX3lxTE9iWUNCVHJzNTF6RDNpRWw5ZDljM0h4MDNTSGQtWEU0VkF3R1JIdWJjVWtTZlZzaFJ3aHJoSUlBVzVITWpCUnAwclcxaWYzc3dnRGl0clJwa3k3QdIBX0FVX3lxTE9zdnFYcS0ySmNPb05CSkR0WXdsWW9kejJZc3BkOFNab0dLZTJtSHl4QjBSSTZ3MFJjSzl0aWw3U3ZCUDltcEdZOHk1bVlSUDA4YWZxOFRLNS1ZVUl0YkpV?oc=5&hl=en-US&gl=US&ceid=US:en,BBC,0.0
6 Ways Cryptocurrencies Make the World a Better Place - Investopedia,2018-01-26 23:47:54,https://news.google.com/rss/articles/CBMiigFBVV95cUxNZFNvdkt1bmVPSVl4UU9rYjk4dHYyUXJKRVJvSy1rc0VVOHhpQUVxZXVQanZnZDBMdGdWb0xiNElSSUY0anVWbnVkdlJyVnZBWTY0MGV4S3NEYWJ2VHE0c3hKTU1iQy12VzBSUFk0TEl5aHB4ZlBiRi02eDdaTjBxTGZsTTZuQnBRZnc?oc=5&hl=en-US&gl=US&ceid=US:en,Investopedia,0.4404
Trumplomacy: Has Trump made the world more dangerous? - BBC,2018-01-16 08:00:00,https://news.google.com/rss/articles/CBMiYEFVX3lxTE03b3RSQm4xLVZsY3FWZU5DQmQxUmh2dTZPTjlXNHFxSEw5THcwYVNyNi1fT21rMmJlZ3N6YmxUMlN0ZERBbGM5aFV5YTN6Z2JpTEtyeUU3ZUdsdmd6OEdUdtIBZkFVX3lxTE9yMGUxVmFkZk0xUDRBWXJXc3RYaVludVVpbWtmbGU1aFJXWW12V196LXA1UnFtS1JkQlkyYklIUmtEalNLSlZBODZFUFFrdlR3dml3SG5YMGN0UEQ3bFhvU3NPSG15dw?oc=5&hl=en-US&gl=US&ceid=US:en,BBC,-0.5256
Flea now: parasites from domestic pets affecting wildlife world wide - The University of Queensland,2018-01-08 08:00:00,https://news.google.com/rss/articles/CBMiqAFBVV95cUxQSVBMU3oxTkQyZ29qT1Y1ZHYtVk41MUNpbWxlNno5VGY2WHowLVAxYVhmanZLWDNOalMzQWFZYks2SE1VM3dzTGhZbndrX3d6QzJPM2NIZEVpWFpGSEJmV1R6YnpEdmR3ZDNiOTU3eEVIZHRPNFRCSDlwMWtKQUtCWnYwbE9rYnBZSXlUSmt6OWUxVHFNQ1ozM3JlQU1NcTlWa3NSbEg5Sk0?oc=5&hl=en-US&gl=US&ceid=US:en,The University of Queensland,0.0
Seen But Rarely Heard: How Melania Trump Is Approaching The Public Role Of First Lady - NDTV,2018-01-03 08:00:00,https://news.google.com/rss/articles/CBMiwgFBVV95cUxPSDFuNy1DV3VVckxSUi1qb05JaHlMa3poSkNQRVFzc0FBV3M0dWEzY0VrWkpraVFmSlozeS1mRnBRS1FQVHlSS3l0YUdVRjNrQ3BKbUJ6OWRDdUZVcl9UTzQwcGxiQ1BWanlZeXRFUFVRbk5Sc0RCX09zejdMQzlmcjNtbGk2aVF1b0lzRHlTMlU0SnFadEJBRVVmSnVGNDBvVndrejRfdjltQlA0S0VRTjQ2bFBXczNZdDNZRmZFaG14dw?oc=5&hl=en-US&gl=US&ceid=US:en,NDTV,0.0
Prince Alwaleed's Release To Reassure Investors In Global Portfolio - NDTV,2018-01-27 08:00:00,https://news.google.com/rss/articles/CBMiygFBVV95cUxNQmtiTjNHZW5YSFVHbXBUOTNIT3hOblZ1cFM5Z19RV3lXVFpRVmdWOHlFVWRfNHdtVmlleXRGMjBJTnVJdnJKTk9kSkphUlRrYmhJNFhFUXJ3ajFvblhBYXpDRkhPYlBvcXlkSVI2Y0NMckhVUTdnRmU3emNtanBWSEItWTk3TGd3MHZDUXdhVi1xR0w5U2VYQ2RtLVVTQ1phWDBkX3QwU0FmNDJqUnkyNHp2eEhTcGJSbE5qM3lMb2hfZHNNZGpfYlpB?oc=5&hl=en-US&gl=US&ceid=US:en,NDTV,0.34
Pope warns against ‘fake news’ and likens it to ‘crafty serpent’ in Genesis - CNN,2018-01-24 08:00:00,https://news.google.com/rss/articles/CBMibEFVX3lxTE1mdmduTVRhTVBlV1U4TnZqWjZ0RXBiXzBOVHlPcU96b0syOVFaaW0xZlAxQzBkZ1NpZEdJYWhFejBRQkpRblhDbzVUeXRTdEtmSkJleGp6cDZNQ18tZUFELUM1WnJhbWR6dGxDX9IBckFVX3lxTE54cnBIcVNmS01vMEdLUXlJTDFGc1I5azc2MVZOeHlnVVFCM1RUdWprV3NMT2dUVG0tQ3kzdTJKQ2RVYWF2NmVjd0NZM09jbDBPOFJkMU1zYUNIaENUS19yNzI0azcxdjRkREVoeEd0c21rUQ?oc=5&hl=en-US&gl=US&ceid=US:en,CNN,-0.1027
George Weah: From footballer to Liberia's president - BBC,2018-01-22 08:00:00,https://news.google.com/rss/articles/CBMiXEFVX3lxTE0wQlQtbTdBRUo2eTZlOVRvT3JPN0dxRnoxbVZkYm9kT3lsRktfSy01WkZCWHRCeGwzdTZlSDBzeXlDRGkzSmpVUHhxbF83Rmt1TkFLUkxVOWM0bmp20gFiQVVfeXFMT3NGNmZldnFaYlRKQjhxbWl6ZlhfVUQ2SzA1Z2xDYUZWSFpwOHNRS3pKLUthTi01UVB5MDFxSHhxbHpmaTc1MFQ2Wm1UdWRiWjhVRFVHQlJUckw1cUlteFNqRXc?oc=5&hl=en-US&gl=US&ceid=US:en,BBC,0.0
Philippines Prepares For Three-Month-Long Volcano Emergency - NDTV,2018-01-26 08:00:00,https://news.google.com/rss/articles/CBMioAFBVV95cUxOZGhLcGVUSWlPVEo0Ykd0ZXU5MkxfczNWQ3BUNnRWLXpxc1hwejZMZHJ6bVlmNHcxMkNDRDlaSWIwVU9NeE93THRQMFB3OHY4R2NnVXE5cEZMd2kwYXBDejNRS1IzSHBRZ1JyakVpeTUyOXNKaElJcmNIeEJBSExYZlNkX3NxX1VvMnE2S0w1VXVGdW9RcHdSUDdEQlhJRzMy?oc=5&hl=en-US&gl=US&ceid=US:en,NDTV,-0.3818
How Aung San Suu Kyi sees the Rohingya crisis - BBC,2018-01-25 08:00:00,https://news.google.com/rss/articles/CBMiV0FVX3lxTFAtajBGTE5MX24wOG9Lc04tU3pucks2ZWxRbTFFSEZXbkNSaFFkM1l3ZUJJTHBfVWFZWW5HVnNya2hfRTYySURDOTdmQkVNM0ptdXN4NWN0WdIBXEFVX3lxTE1VV215akdGd3JoRFBPN2Z3Mm5BMmVEREZxYUJFTHdMTlBnQ041cndsX3I1em52eFRmRkhEOVpPWnFXSlAyVTQxTU93OGNUWU1zOGxlZ0JwYkRRSFRw?oc=5&hl=en-US&gl=US&ceid=US:en,BBC,-0.6249
"Mort Walker, ‘Beetle Bailey’ cartoonist, dies at 94 - Las Vegas Review-Journal",2018-01-27 08:00:00,https://news.google.com/rss/articles/CBMiogFBVV95cUxOaXV2T3lHRWRtcHZTRlVyeHlkaV9jenFkeDBZMXBNOEJVYUhqQ09wUUZYMFR0ZURnNDdmYS1GVDhMUE91WktYWmN4ZF9zdXFGSDZBZWtjaVU3bm5taXVPMkNZb0sxNzFlT3Jua01YbmJYbFhueW4wV0RuLWV5MzJfZVZFZFY4UlNQM0wzSUFRSkQ3VnU4dW5wT2hVR2cyU0VVUXfSAacBQVVfeXFMTlRwZDV2VExhTVlRQUxKZDRBNVJJMDhYZWFIM0F5QnpleHFxT3dvZ0ZON1RJNHFLbnRJamdyZW5KTE1QR1Z6REg1V05xSkdaNXhOaEJqTnF5TGY0ZXdhdWVOOWxValBBMWduVmlzcU5pVW5WUW43elJnWVRaVy1YYl9oSHEySklnYnl5b0F0TXA2ejBXbXJiTUZtckdHQzRybkg2NGFsS3M?oc=5&hl=en-US&gl=US&ceid=US:en,Las Vegas Review-Journal,0.0
"Donald Trump Implies He Did Not Use The Term ""Shithole Countries"" - NDTV",2018-01-12 08:00:00,https://news.google.com/rss/articles/CBMipgFBVV95cUxQUEpxendGcFRVQVRMNEVZbzhIeEVMRkw1SDAxMUw3cmM3NDlHQ0Myd3ZvZlVUNFNrRnE4S2ZWUGJLcGduaEFpVWZCa3c0d013ZC1fX0FHTUp5ckxERzJpTFFYSVBtY01BcTlIRWlxMU9VczJmTnQySWhGbGtoWV9vdWR2MTF0WWpaOWNrNmhtWGFVRnNnLVV6VnU5V0pFSEItVTNGbklB?oc=5&hl=en-US&gl=US&ceid=US:en,NDTV,0.0
African-American Troops Fought to Fight in World War I - U.S. Department of Defense (.gov),2018-02-01 08:00:00,https://news.google.com/rss/articles/CBMivgFBVV95cUxQMXQzYzhsV1E2Tnlia1FXLUVtOEhLTzNlNExOOTVJTzJvZmlGWThBOWxWYTBldTEtVzBSdThRbzVuaTZkaks2aFgwX185MlY1NXMteHlqaTV0a0FhNVJXNlc5bjZocXZWWG42bnI3TGFVXzBUS0w3d2pxRERXbjY4V2dCM1htMFNULV9OVWhlX0RtTzRtSFFpU1FPQURONl9KWjBOMEh1YkRBaHBILXJvSUNtZ0RURzhLSUFDM3hB?oc=5&hl=en-US&gl=US&ceid=US:en,U.S. Department of Defense (.gov),-0.8074
Physical activity - World Health Organization (WHO),2018-02-26 08:00:00,https://news.google.com/rss/articles/CBMifEFVX3lxTFB4eG5EMXh5NjNFb2Y4SFhkZ2RwbVZ6QjlhLXVnSDlGZk1tbDczdm1CLXl3Qkk0SlAwNl9XZzNtZFhiWVNyanhFdjM2aVhOQWRBOXZrWTBGWWdiTzdVU2VidDd0WklRWmpjNG5LaEtydlBENGVlcTVncXBRc0Q?oc=5&hl=en-US&gl=US&ceid=US:en,World Health Organization (WHO),0.0
The top 10 best countries for entrepreneurs in 2018 - CNBC,2018-02-05 08:00:00,https://news.google.com/rss/articles/CBMipAFBVV95cUxPLTJleGNaTHJueDh0alRrR0VCd0FNZmJWaGpRV0pqR2k0eF9hUjFPbUlzdEg2YjRPRWRXNFlYMW54aGxXNS1MWE53OW5TaEotNnBiYkMxakN2Yy1nRi1hWnMwRGpRbE5WanVmREhzU2VwcmxPSnhYeENvaEJ3cmU3M3F0YmI3WFExbE56X3RzR3E4SHBrQkM0TUdSTnRCYVZYbnRBVtIBqgFBVV95cUxNT3VYZURNcmFRLWlvWXVsNGpfSWRaOEhHMXpQQ29TalBsd3E1NkxCZTBrRE5CNHRtd2JwREZaeWYxa1lZZ05TZVY2LTF1N2NoTXMwaU1JX2FabXNaYmZlRWR4SllDWW9nSHpUbGlQaVBRWldScUdiUGc2ZTJzd2NKdDFBZDAyanVGaUxwZy1oc3diQ3F6aWxRZS1FTk9sOGMycTlHOG84TkpVZw?oc=5&hl=en-US&gl=US&ceid=US:en,CNBC,0.7184
Iowa Is the Best State in America - U.S. News & World Report,2018-02-27 08:00:00,https://news.google.com/rss/articles/CBMi-gFBVV95cUxPVGRQaHJ2aXBJeGxqR1ZTdW9hNzlrNzhQbm1XMlBPWU1YRUdUR2loVU9NaHVFMzNvaTdISGFJQmExZEJVYWFNLUdoUWtvV0xjSWtxRHB4ZXdlS191TldlNktWcmptN3o3cThrRzBvb2ExZHNEMVlqUnRqekV0NmV1NUYtaVpEeWFqa3VWZWx0dEI4cnhRT1BFYUZEdUU2U3pZTXpaS1FGQW82X01TWGlfTzZMYkVtYVdoRTJxeG1pUUo1TTk4bHpxVzg0LU9kcjRhUnNEODdMU1hIbDZySXBQaE9yRWtBRWVvWUg1UUtHdkdVWGEtZ0Q1eE5R?oc=5&hl=en-US&gl=US&ceid=US:en,U.S. News & World Report,0.6369
The 'water war' brewing over the new River Nile dam - BBC,2018-02-23 08:00:00,https://news.google.com/rss/articles/CBMiWkFVX3lxTE9BY1J6em5odlNleDcyd2d2Ui1uU2VKbmkwZnVTWGd5N21UdFpOR0VlUjc1Ri1KeUsySHVpOFoteXVULUFocGlfR1RzS3dIUTBTMUtndzFZdWgxd9IBX0FVX3lxTE4wSVZvTXVvMDRZTWhQczctbDh1bEVSUTd5QVdQelpZR1gwZEVBTG9TOWlJTjhENkl0M1h2azNqVC1VS0tBYnFiUS1QSVF5bkEwSXBSRDhIT25IM3JCT1k4?oc=5&hl=en-US&gl=US&ceid=US:en,BBC,-0.5994
The media exaggerates negative news. This distortion has consequences | Steven Pinker - The Guardian,2018-02-17 08:00:00,https://news.google.com/rss/articles/CBMikAFBVV95cUxPN2xHc040M1R5WlZ2anpqTVlmMk5YdktMQlgwRGc5ajJpblk0VEhLaDQtRjVWQV9vVWlubHcxOExRd19pZ3dmV1QwS3daQ3k3ZDhhdjZwWTNqeE5oVDlkUmZBZmV4RXdHVHJNRjliWUZKYzREejNPX0RpVWREaVJtaUJVNVhnUnJTQmVId0hyZVM?oc=5&hl=en-US&gl=US&ceid=US:en,The Guardian,-0.6486
War Hawks recognize World War II hero - offutt.af.mil,2018-02-12 08:00:00,https://news.google.com/rss/articles/CBMijgFBVV95cUxPd05kQjBnenk5YWJhU3NaRmpHYVZNa21RSVNKSjdEOWFHb254dzdvdmtoY194SEhaM05XSGIzVk4yWlRfamlTbWNFS2xMWmdMOVdJTnFzSFV1X2lQX0RieDB1S214RXhOWDYwNVRjSy1TVHBMUGUzUC1fcGZ4VnRNTldfVUtBYXI3NmgzSFB3?oc=5&hl=en-US&gl=US&ceid=US:en,offutt.af.mil,-0.6369
"ABC News’ David Muir, America’s most-watched anchor, to be spring commencement speaker - University of Wisconsin–Madison",2018-02-21 08:00:00,https://news.google.com/rss/articles/CBMiqAFBVV95cUxPN3MzdUxYUVd6QU5vZE5VOWZHNTVKai1aeHdSYk83ZHVOVHBCamZ1WklnVENmdXFCa3FTSi1rT3ktdm1BN19MWjZGS20zLWtOemllVkNvcS10YmIwUDJTRkRENUgyM2tDWWRZblJqZFFnOVluNDJ2c3Z2VWlQZTZwYTVCZ2gwNk1uTnQ5Vk5TZjVNcEFlaFRLc3ZrZzdMYU4zQXpWMm5WU2E?oc=5&hl=en-US&gl=US&ceid=US:en,University of Wisconsin–Madison,0.0
Snowman Left Behind: Huskies Go for Guinness World Record - Michigan Technological University,2018-02-02 08:00:00,https://news.google.com/rss/articles/CBMimgFBVV95cUxNYnhZb1UybjlRTU1mNEZIbVd3UE5Na0UtcU44aThYU3FRVVZONGV2VEZCbnBtbzY1RDJCOVctdlBNSXQycUJ2d2tpWnBaeDh5d0M2SmhMYnZMZTJIVzdNMU1qbkNsd2dvS0hfWXctZVJDb21BTWJSZ052emFuM3FTVWRNSUVmT01DMWlQUGVPS2dmT1JwLW1DUXhB?oc=5&hl=en-US&gl=US&ceid=US:en,Michigan Technological University,0.0
Assessing the Global Climate in February 2018 - National Centers for Environmental Information (NCEI) (.gov),2018-02-20 08:00:00,https://news.google.com/rss/articles/CBMiYkFVX3lxTE9KeDNlbzVycmhpT0tzRDhIUWVLNjRaWXh6bEhPWVhpSnZvVENTX1VzS3BqdWhyWUpzMHJFejROOUs0akVNNkpEdXlsdzBNMnhKU2ozYjRvSTdiOTNYdnJQY2d3?oc=5&hl=en-US&gl=US&ceid=US:en,National Centers for Environmental Information (NCEI) (.gov),0.0
Ask Geoffrey: What Happened to ‘World’s Greatest Newspaper’? - WTTW,2018-02-07 08:00:00,https://news.google.com/rss/articles/CBMijwFBVV95cUxNRWN3SU00TllqVWloSkdxME5TVTZlZERnUm85MkxSblJYMmp3bmQ2WnFhMWJUR1V0OVp6ZFYwMzZoVndZNVQ0Sy0yeTE0QTYxazhzQmsxak1TWnYyMTdXTHJCTzRJRmFyd2RmRndsV2pHN2IxZGtKQi1YQ2hUY05zUEFHVk1YQk9kdERUeWViZw?oc=5&hl=en-US&gl=US&ceid=US:en,WTTW,0.6369
MIT rates No. 1 in 12 subjects in 2018 QS World University Rankings - MIT News,2018-02-28 08:00:00,https://news.google.com/rss/articles/CBMiigFBVV95cUxQWG9ERWhCVzRqdGlJdVNESk84U2ttdlhlS3BZYXFaamhtUlltZ2lrMWh2RWZCdXV1M2tiSjRneEdjN2d6VXVRZ3paSGxZNlA4RDdJUmk1WkZSS1YzT005aFl0SUFTOWRtVm1PMzJVMDhibkp2Z1lZaVRTUGlGbG9ZV3gzNUxNVzIxdGc?oc=5&hl=en-US&gl=US&ceid=US:en,MIT News,-0.296
Breastfeeding - World Health Organization (WHO),2018-02-20 08:00:00,https://news.google.com/rss/articles/CBMid0FVX3lxTE5GZXg2M09EelVNT0pnX0F0ck90VFhDZ3cyX202Qm1VcTE4NXcwZWI2MXJvM09xWkJ6YTNQMW1yaHExd3JNelplak5KeGxyd3E2Ukppbk5Tb2xvcGszU3RNZnJpWVdPSjFZNTRBTjJoajFLVG5SNmhV?oc=5&hl=en-US&gl=US&ceid=US:en,World Health Organization (WHO),0.0
The top 10 best countries to raise children in 2018 - CNBC,2018-02-06 08:00:00,https://news.google.com/rss/articles/CBMipAFBVV95cUxNODR6c2pvR1c5MDBnc01Hdy05ajBBZ2dXZk5JMUZTN19tcG5ZVWJhckI1bjFqNGNxcG13SGRFWjZra3EyWmJQdzhYQkVnamRhUGNXVUtUelRxNjZ1bGd3N0N1MFF5NmtCZ3BSWllqbGdnRDNkYlNCbUo2QnR5MTdFRUktcWtpTUdRXzdYVmpWY2puTDlKZHkyZ0hoR1Vxa3Q2NzhFVtIBqgFBVV95cUxPUEg3QThTVWhGdjZlOHFNVTNIU0kxeG5NTXRSY01icThmeGFudHZSblpIajlMWm9kYkNtUXk3aXd1R0E2dklQS08wMmNkb0NHNGZDX1JodFVfRWw5c2tNYUpCNlNPNzhUYlJaOWljY2FrdVUyTTUtZlVka2NCZktIV1A5d3N6ZWRtckg3SGZFNEdTdm4yenBxa0Zzbk0wREhXRnRQLWZpOUNpdw?oc=5&hl=en-US&gl=US&ceid=US:en,CNBC,0.7184
Guinea-Bissau profile - Timeline - BBC,2018-02-19 08:00:00,https://news.google.com/rss/articles/CBMiWkFVX3lxTE5vUFJWbWMwejk4d0l2eW5pNzFjNHNSdHctYWtpaWxhV2o5aFo2a29ReVRsb3N6N2xPdDdmUFNvVi1YZXltVDZLQkxEVWxHQnJCVlBWMHNyc25rQdIBX0FVX3lxTE44cnZYRjlKUmQ5MkxXYUx4TzQxMC1GeGlqc1VjTEFqd3BTVzJFSi1RTWVHZ0hjYVJ4eVlFMmk0WURUOUs5NDFMakptTmV1OXVSbXR5aF9pUHZOQVByNHY4?oc=5&hl=en-US&gl=US&ceid=US:en,BBC,0.0
The good news is … people like to read good news | Mark Rice-Oxley - The Guardian,2018-02-12 08:00:00,https://news.google.com/rss/articles/CBMihAFBVV95cUxOV0NsTm9EMFQzQzdlTlRWUHVDU0NIdmxfdGU3ZXZxSE13elFLRVpDS2pFNFRFMnZFM19UdWxVMEZ1b2NjLTFFZk1MUS0tMEdzUEM3MFBrMGpLbk9pUTB1U3NLR2FkYTY2ZXpFOXQ0THZRZFhCM0hMbjNuMFhkNWttRWxpU1U?oc=5&hl=en-US&gl=US&ceid=US:en,The Guardian,0.8074
"Individualized, supportive care key to positive childbirth experience, says WHO - World Health Organization (WHO)",2018-02-15 08:00:00,https://news.google.com/rss/articles/CBMiugFBVV95cUxQNzJkWmMzNnZRN1RLaG5DdVlveGpkdDZmZkJyR19vU1l2aXBZZTFFLWFsWUI5dVRSMWduYzRnSHJ1eFlrT0dTSjJqaHFOeU9qVlFmR3B5OWxVREZpdGdRZFVWZmxpaWM5bHlLTUlhVUpSRFJLVXJNckJlWERnTmZ4S0FUTm42UGxxQ0NGdFVjOXBRVTZsX01NbDNlVGcxS2tKMDhGNXJCRUxVeDFlU29YNU1TRTRGeXNfM1E?oc=5&hl=en-US&gl=US&ceid=US:en,World Health Organization (WHO),0.8402
'The story of a weird world I was warned never to tell' - BBC,2018-02-21 08:00:00,https://news.google.com/rss/articles/CBMiU0FVX3lxTE04ZFhQNWp1aEdEQ1BjcTRjNkNFVGUzdHJMTk9WODZ4SWFXZV8wZ0ZqT3E2b2R0RXpWVzRzd0lBeVdaejEzQkRhQzJjdTVveUFNRWo00gFYQVVfeXFMTjlQTFlLekladTBoWEQzR1pXZzRYczRsZmFDRmNHZkJDb1RkRm5pdHZfQXBvcmY5RlJxQUJmQnNXM3NsUDVnLWo1VXZSTTdldmM0cXh1eXNrdw?oc=5&hl=en-US&gl=US&ceid=US:en,BBC,-0.4215
Millennium Development Goals (MDGs) - World Health Organization (WHO),2018-02-19 08:00:00,https://news.google.com/rss/articles/CBMijAFBVV95cUxOWG13eVR2TExvUFR5UHNBV21Sb0NGNnZ0dDFkeWF4UkFiZ216S01pbEo0NGZJcTFIc1NpSHFvMEg2OVRSSTE0OGJFMEV2ekpOWHQtUDVkSzNxMXliZUFORUxOS1gxbVF4UkpwZm5TeTZGYUViYWhjWlFlVGlsYWdZRGZlbThPamxNQ0dXbg?oc=5&hl=en-US&gl=US&ceid=US:en,World Health Organization (WHO),0.0
Sprawling Maya network discovered under Guatemala jungle - BBC,2018-02-02 08:00:00,https://news.google.com/rss/articles/CBMiY0FVX3lxTE5oQ0o2Zy1IWHo1Ti11RUIwcG5Xa0t2MzJhOWhxWjBGcmZnR2h5NmZNX3RiUzcwZU1pNnNQem1tYTNqUjY4a3FXbDhwUGFXdzhDcXdGdHNzWHYySHJwX1QwRTYtUdIBaEFVX3lxTE5DcVZEQ0NGa0JXUFFhcWR3MDRvUzAyMURhR05QZ1FIZ01tRmdXYUYzNjFYWEI4N19pYWRBQ01CNUJEZjBHTjM2NE9heVc5RHRBclNYcVZtUjVhd0FlR1o1emxwT3NuamFF?oc=5&hl=en-US&gl=US&ceid=US:en,BBC,0.0
Trump's 'Mexico City Policy' or 'Global Gag Rule' - Human Rights Watch,2018-02-14 08:00:00,https://news.google.com/rss/articles/CBMihwFBVV95cUxNTEFqTVAzUWNydEptZ2Q1c3Rwd29XZHM3dUFnZ0JvQmV4NEgwUU9HMFF3V2pzdmwzMnNTR2Z5U1ZEOS1xYnVfdy03RW1OS0NIVjZhc1EyekhvMDI3dHNRbXd4ZDEwQ2hMUDFVVFJCQXQ0d0RRR01hNzdYcmkxelZ0eDRubzRUTVk?oc=5&hl=en-US&gl=US&ceid=US:en,Human Rights Watch,-0.34
Komla Dumor Award 2018: Seeking a rising star of African journalism - BBC,2018-02-22 08:00:00,https://news.google.com/rss/articles/CBMiYkFVX3lxTFBiZDZVUmdBSXJUQjdKMk1YVmpoU3REbkJsbHVUdzM2X0FYTXAwRl9meVRraFc2YUVEam9MbW5EUUpzYzR2Sng3Qkg4MlpSSW54N2NLVEtfcWVPX2ZKOTZzU3Bn0gFnQVVfeXFMUDNZSGg3OE13WnlGTzIzaE91azM0OThsYUlJdkdhckZXVU55aFB5V2pnZFZyMmdvXzRlRlgxTDBCZUhPMVJUMXJzZmdQTHY2VHJRSUhGOHlObUc4LTF6TXF3bzRZVUF0cw?oc=5&hl=en-US&gl=US&ceid=US:en,BBC,0.5423
Women’s Hockey On The World Stage - Northeastern Global News,2018-02-22 08:00:00,https://news.google.com/rss/articles/CBMif0FVX3lxTFB1WFQxYW5qUVFlMmpmTkN6Nlc1ZEFNaGY3Q09kQl9HclRIcGptdGotUzFPbC1rb3B5WVR2UUlIWjBrN1RYWko3VWlkcWFJUG56X1MtNXZqUDBpNmpOZDh4ZWJqMDR5TEVsOE02V2NqXy1VXzh6MFNLQmIxbENuWnM?oc=5&hl=en-US&gl=US&ceid=US:en,Northeastern Global News,0.0
Alberto Fujimori profile: Deeply divisive Peruvian leader - BBC,2018-02-20 08:00:00,https://news.google.com/rss/articles/CBMiY0FVX3lxTFA3Qm1pLWRwMXgwcE5iLTE0UnYxNHJsWmRDR3lESWZla256UEFLSVhCWVdZUmFqWnIyVG1PTWl0b0F6NzdUY0RGekl2dUZIOHFqbHBKMjQwYi1hN24zSUJ6M0Jlb9IBaEFVX3lxTE55U1FRWVd1WlVFQ05uRDFWTWYySGg1Tk8yaHNjSW1qM3RvR2J4bTdKTzhuMkFtd0JsdTk1c2hMZFhCY1daZkdmMDRtdTNtYk9wV2VvSGd0REpvdllhU3l6REdnbmpSUVZK?oc=5&hl=en-US&gl=US&ceid=US:en,BBC,0.0
A little corner of Brazil that is forever Okinawa - BBC,2018-02-03 08:00:00,https://news.google.com/rss/articles/CBMiY0FVX3lxTE8wMVg0RXRvSG81MVNkVUFZbWtjTnFUeXFTV0I2bFRQUlM2ZlVUTTJfWUxtcGh3QURBaTBnMDBMMkRJcE5yenVuNFJOWUdNVDJGcHowaGhMcnF2OEJDc04yYUp3QdIBaEFVX3lxTE9vUDRQcHdVekFwZTFreUsza2dOa21PaTk4Y2NJdWNMck1nZks0al9ZYWJPRmNuWWcxVVliNjcwbTlDZ1dISTJnMmtxZDlLZGpIdnM4YjVCSktmSDUwQjJKa0RXbzJtUll2?oc=5&hl=en-US&gl=US&ceid=US:en,BBC,0.0
A World on Fire - University of Scranton,2018-02-15 08:00:00,https://news.google.com/rss/articles/CBMif0FVX3lxTE9valpIMlp4WVVZSTlPRUhweXVGTVI1SExKQ1RKWG9MNW0zc2JPNi16QmE0Yi1OWXR0V19xMWd3Vl9DeEpNS3NWNTllWE13UnF3RzEwOW5EN2tISGNZcDRhOVlhYUZReWl0NHlyYk9QeDl2VXZZcXNXSFFUYmRkZE0?oc=5&hl=en-US&gl=US&ceid=US:en,University of Scranton,-0.34
Nursing Now Campaign - World Health Organization (WHO),2018-02-27 08:00:00,https://news.google.com/rss/articles/CBMibkFVX3lxTFBmdUJnNzhabE5wdWlLY2xKaVpnUkR5SzBlRkRMMXlTTjFMcmp5LXo0d3JqWmNpWVZGRzZHYzdhUmFVcm9FRERQSFFCODFlSy02Yl9EUkVDX05PTEo4dHBCOGt6d3VtWlh5bjVXVlR3?oc=5&hl=en-US&gl=US&ceid=US:en,World Health Organization (WHO),0.0
The writing on the wall - MIT News,2018-02-21 08:00:00,https://news.google.com/rss/articles/CBMibEFVX3lxTE5IbkxRODFCTVNRU2MxZUd5ZDMtTUhkT3ppaUVBSVVYVzZwYmh4bXlQRzlQOXpUMmc5ZmswenNPUDBTMlRtUEN1WW9ncHJWOXhzVFBCVjJ2U3JkbWlZZDk2V0VVNlV5cTZ4cW5xMA?oc=5&hl=en-US&gl=US&ceid=US:en,MIT News,0.0
United States and South Korea the world’s biggest science novelty acts - Nature,2018-02-21 08:00:00,https://news.google.com/rss/articles/CBMirwFBVV95cUxNRHRFd1FYS2RwRXo5V2JsY2k1UGpPWFlQQmVoWGhfSnd5TENMZ2dUMU1nTDI4c2RNTlpRQlIyYk03QkVVRE1SZHhxU3gyUUtsclBGVXdENlJNcFB1SjE0Q2prSXUtQ0ttcW5TQ2dIdEhqdHJGOWVFeFJTd2FqcG1xbFFwZFhaOHlNeDF5Z1BGbDdJUW9ubUk1a2hGTlZaV0xYcnhaVlhLZVJJbUJyTmFR?oc=5&hl=en-US&gl=US&ceid=US:en,Nature,0.4215
"Florida Shooting Suspect Visited McDonald's, Subway After Killing: Police - NDTV",2018-02-16 08:00:00,https://news.google.com/rss/articles/CBMirgFBVV95cUxQdmZhX2pNSDBvcmpZb2RmQUxra2Zvc2VxY190aXZFSVRScjB4a3lUMTE3enh5R1YtbGZMV1ZoaElsb1ZrZFMwNTBwSG15TzR6dFkxaFpja1RVNEhXWjNNUWQyc2ZGSDdwZVlXTWo5RmxBdG1kTGdZR1dUbU9rYnRfYW9VX256MUl1am13TDJXNFVvYWRiUi1PMnMzbE9YYklQX0ZwMkVlajJwdzZnWFE?oc=5&hl=en-US&gl=US&ceid=US:en,NDTV,-0.765
Nursing Now campaign: empowering nurses to improve global health | News | Media centre - emro.who.int,2018-02-27 08:00:00,https://news.google.com/rss/articles/CBMipwFBVV95cUxNNlk1elVTSGhyUXJsaVl4S205ajBXcS1wVEZILXpoU2NZRlZnaHcwT2JfbE9UYmFDRzJueE1jTlJUZWlwZnJaN3dyaTFSMFA1cTNqREF0cFQwaDJPbFh5bUlmNUtXa3BmWHc0N3N2WFBrY3RWd3REY1Z4Z3pDSXNsX0lieWdpUTl2Mjk0NkRPMUZ1NGs4YTdBSWNtYUNQTUFta0NvaXJiMA?oc=5&hl=en-US&gl=US&ceid=US:en,emro.who.int,0.4404
Poland's Senate passes controversial Holocaust bill - BBC,2018-02-01 08:00:00,https://news.google.com/rss/articles/CBMiWkFVX3lxTFBtT3BPRTNacXpmZDB3S2RxamVpek9BeXZpM0dJdUItYXJjSHl4QTVMWm5uRldBcVh5MGNpaFRhWjRBZ2p1NzQybm9zMEg4ZnY4SDZLNnpMdnhDQdIBX0FVX3lxTE0ySVBWZlBCNGV0b0t1d0VPazNwVy1SVkVxdnJ4ZnVQYlRRVWtkUk9ibTdZZUp1Z2dqRUxKSnR5bFZhUHBQdWl2NHU2cGVBa1ZaY0Nzcm9reEs0aUNCQmFF?oc=5&hl=en-US&gl=US&ceid=US:en,BBC,-0.2023
"In search of surrogates, foreign couples descend on Ukraine - BBC",2018-02-12 08:00:00,https://news.google.com/rss/articles/CBMiWkFVX3lxTFBtb1FuXzA5a290U1RRM2syQk9uMkdCT2tQNjZYRHBCTk0zaGp1YTRvMW1zOVFBS085M3c5U1U0N3FGYTBuU1UzNUlFaXI4V3VYNVNtTDU3X1REZ9IBX0FVX3lxTE9ySUZhRjhPNTVCeXFpM1NpcGN5dlExMEpzcTB0SUFSZjlnOGZfMUswc0ptSUo4SnhHLTRMekMyVVdvN04tdXBQQzRQQTRscXdYQjJaeWlDTFRJT0E2TTRn?oc=5&hl=en-US&gl=US&ceid=US:en,BBC,0.0
Sylvester Stallone 'still punching' despite death hoax - BBC,2018-02-20 08:00:00,https://news.google.com/rss/articles/CBMiXkFVX3lxTE1QMmhJcWpxSzZwcWQ4Q05KcngxU3Q1TzNqNFB2Skh4MUtFQkZrQklCSzZzUlVtQnBpMFRKSXNEdlBnRy1OT0xKQ3NTT0lhb2dGUmJ5MUVBVGdKaEFISHfSAWNBVV95cUxQQUJoY2VMUUwyN0x2ZVFQam4xbUFQTFp0NHBtYy1NMDJUZU9DeEw1UnVzdFpCWi1BZGZmOE9OLUNGbEhnb0NwWnRSS2NpSEJES215Z3NoRE9sbjBWTUVwUEY1S3c?oc=5&hl=en-US&gl=US&ceid=US:en,BBC,0.6072
Amnesty accuses President Trump of human rights violations - BBC,2018-02-22 08:00:00,https://news.google.com/rss/articles/CBMiU0FVX3lxTE54S2Rmc0tsM0lDb193YTlVUVNjYkdTa05OOHRjYkVrcHJYeDBPVFM3a0RNVFNoc2hacmVaNWJLTVUtQ0hLeU5ZQWVDTXNXa285SDFz0gFYQVVfeXFMUEI0UUZKcXFPMnRLTDBhTE9wdF9QbkFBSFpGVjFCQVdGQjZ0VzNQTWwySTVZZjdDNmJvTGRQbnBrbXY1al9jdm9CQXgyWUFqdWI2Nl93U3EyaA?oc=5&hl=en-US&gl=US&ceid=US:en,BBC,-0.7003
Saving the world: One class project at a time - Illinois State University News,2018-02-15 08:00:00,https://news.google.com/rss/articles/CBMigAFBVV95cUxPQk5PV1BqbUE5MnZSZUE3MDMxeG9fTExzYVJvUDhUSmExcUFUV3JiVHE2QnplN0k1U3NjWC1Od3c5Ukw2Vk4yOGp2UE50V1N1Yk1QMlgtekx6WXNWcnhqcXdFbFBrRHA2dlU4blVHN0FqdXkzdzZfY19JWEZYVFRqZQ?oc=5&hl=en-US&gl=US&ceid=US:en,Illinois State University News,0.0
Arctic stronghold of world's seeds reaches one million mark - BBC,2018-02-26 08:00:00,https://news.google.com/rss/articles/CBMiY0FVX3lxTE5oR3hIZ09UekU3UVhURHp1OFJ3c3FrUzVZbm9LVVhjc3FrQXU3eVpacFVxUTNpVTRFVnlrNWNCaGZSdWk4U0FXRmZFTWhVUmpyNG9lT3kwSDZRTUVGZWF1dktNd9IBaEFVX3lxTFBFcE5MYXVZaDAyMDNmUUNqWGtZQi1nVjJ2SW13TWtLUnpod2tCVmktUzVHZXJYZDF1QW0zRERtS0l0WmRxd0drLXBWdURraGQ4S2pwT0pkdDZydFE2TmRmUlhTZld1dEtK?oc=5&hl=en-US&gl=US&ceid=US:en,BBC,0.1779
Lunar New Year: Chinese TV gala includes 'racist blackface' sketch - BBC,2018-02-15 08:00:00,https://news.google.com/rss/articles/CBMiX0FVX3lxTE9femx0WnlycDlFaFJRLWZnbXRCdGo5ZnozVGJMTW9FUGNxUEdJTFNlSzE4bS1qc2RKTFBzMWROd1JWU1Q5UDUtbWs3SVNIazRhS045QzJTa2xqRFZOb00w0gFkQVVfeXFMTWR5cWExZ2dzR1paWWtoM2JEak5DS0dscGJqWnV2dUE4RFNHbjlpSE5CRF93QTVtaXJJY3k5WnNiT05HTTZDc0M4UHBQVWlVY05zdFlEWVBoQnhyZG80XzZJWmNhbA?oc=5&hl=en-US&gl=US&ceid=US:en,BBC,-0.6124
Women unite for World Hijab Day - Al Jazeera,2018-02-01 08:00:00,https://news.google.com/rss/articles/CBMie0FVX3lxTE11NlYyRWlCX2RVTlVlSlYyQ2JhTEI2RUI0LXo2TmpZZkJrU21YNHUzWjdmWll6Z242S1ZNbmtWUWRGNVpJVVFKN2Nzd0RsT2RjNGdtam1kaGNKYVFSVmZsbTJMc3RfOEpHVWtvVWF3QmJHRG01S0ZILWhkTdIBgAFBVV95cUxNX0JQcFN5Q0I2YXlXQ3FKZDFVRXlLN2xwTlpMekV0UWVwZkpFTjJRZTR1NFlVSXlWanpraUdmb0taMnIxR0p2VE1OMDlaTXJMQ1BrSU43SWtVZ29hb1BjekVWamN1VkhSY1NSeC1zcnZ5cGVJUHhPbEg4TWNrWkh0Sw?oc=5&hl=en-US&gl=US&ceid=US:en,Al Jazeera,0.0
The 11 cities most likely to run out of drinking water - like Cape Town - BBC,2018-02-10 08:00:00,https://news.google.com/rss/articles/CBMiUEFVX3lxTFB5b2pmcjd2aW84SVRuUEY1S2pBQ2ExSVVSTXdacG9vTWp3dkRhQnBLRjlLUS1qQzhxbjgyMGpLZGlBZk5EUXdrRnZoeU5HUWlp0gFWQVVfeXFMT203d1BwMFRIOXo0amhUV0tLREJqcW9zN1lnVktxYzB2QTltY1NHb0lsVU9YSEpWcmdXREtjODZIekhUU0lXQ0k4TzR4bDl0Wm1zYnhzOWc?oc=5&hl=en-US&gl=US&ceid=US:en,BBC,0.3612
BBC World News Features Kontos Foods - totalfood.com,2018-02-23 08:00:00,https://news.google.com/rss/articles/CBMia0FVX3lxTE0zRUNHMVJqank0TXNvdHlTXzB4QVJFTEFJSUZWRGtxUWRxbGFrY0kzYTFsUXdKMW1kVkMtVFZENUZTTWxVS0wxM0lSNm5aTkFPcTJUeG5kc2JaTXN1d19MblpVYjNLSTBrRmlR?oc=5&hl=en-US&gl=US&ceid=US:en,totalfood.com,0.0
'The world is laughing at us' says Trump - BBC,2018-02-06 08:00:00,https://news.google.com/rss/articles/CBMiYkFVX3lxTE1zWHVQNnJRSFBIWUU3YzdZN0tkcTk4RTQwcmNheUxDczFMWG8tSTlYcjdtSWlUVDdXZjlheUJvbTFMLWtpSTctek04YUR1RFhuTDlhZ3k2QkNjNklWU01Idkl3?oc=5&hl=en-US&gl=US&ceid=US:en,BBC,0.4939
India healthcare: Will the 'world's largest' public scheme work? - BBC,2018-02-03 08:00:00,https://news.google.com/rss/articles/CBMiX0FVX3lxTE9TSWdlSmVyT2dJRUNrUEM3aWhYbC1ZSGZ3WEFwb0lFaUVreVdoQmV1REt6dExmbnFYd1NiRHJ0TnpsTVJyTEx3OENRQTJKT1FIdURRdDBVS19iSEpUVmJv?oc=5&hl=en-US&gl=US&ceid=US:en,BBC,0.0
Russian nuclear scientists arrested for 'Bitcoin mining plot' - BBC,2018-02-09 08:00:00,https://news.google.com/rss/articles/CBMiWkFVX3lxTE14Y09CMnpqVzR3SUNPRjRPd1M2Y0gtQjVhVWNob3FiQWZZRzdvNWZCX3N5cVdmTGZzWU4wNlIwX0xTcXlFMTZRTnRQNEtfVUV4MnNNSjFYakdSQdIBX0FVX3lxTE1IX0ctYTZvVUJ2dHFVUUlOMWhEaEIteE4zQnZKTTNKY0VFTXJNd1d6Y2RJRFJXWHJ1cDBYcS1SZUgzODA0d1pLRzlManVBTWh6ejFvY2hNazk1d2hMQzZZ?oc=5&hl=en-US&gl=US&ceid=US:en,BBC,-0.4767
New Zealand goose: How one blind bisexual bird became an icon - BBC,2018-02-16 08:00:00,https://news.google.com/rss/articles/CBMiV0FVX3lxTFBpQlNfTFVHYjNVSmRXaXdwRExPLXI2bWVyUUpxZlR1WDhrUU9GNmZpMWlCZEVWR28zVUswV2gwT05CUmVxVlpmQkh4b3QwY3JtTjE1Wjk0NNIBXEFVX3lxTE9UMnpyWVZQUGVvbDJqU0t2X0hpUWRTalQwUzl0Uy03bzYtYXZtX2RYaW1FdFhpUUIxWWZwSmdadHkxaTlfLUxvcFA5YXhvUUNuXzBSZTNOUHJYOWpj?oc=5&hl=en-US&gl=US&ceid=US:en,BBC,-0.4019
World leaders abandoning human rights: Amnesty - Al Jazeera,2018-02-22 08:00:00,https://news.google.com/rss/articles/CBMijwFBVV95cUxOdVZIZmVnOU9IUDVkdHo1SzcwZ2R2bnFDQVpwbllBVFRTNEp1Q01DNk9TODdDU19yTVJjU1FSQTZFODlRQXMxcGNGbTl3RkkwM2JLU3J4ZnM3dV8teFBYWk0wYjNhUWRud2tvdDFpeHF2eFVfRjdMTlV2dkZENDNSZ1JRcndWbVV2dUk2bEZkONIBlAFBVV95cUxNRU1iTzRMMmxCak9JY2FLcllaWDJ6d2dzallURDVPXzVjei1ueVhBZFdMUFk1WDJuMkUzaE1IbXhpSmVuX1I3bGZ4TTdLa2ZJYnpHY2dpekhjTFhlTlpUQi1DX3RmRF9JVmpZXzIzNzg3VXV4LV96OUtVMHkxVFBUUTVnZG1OWlgtdGVRMUdjQklnWmdt?oc=5&hl=en-US&gl=US&ceid=US:en,Al Jazeera,-0.3818
'I broke away from a strict homeschooling community cult' - BBC,2018-02-01 08:00:00,https://news.google.com/rss/articles/CBMiXkFVX3lxTE5CT3k2OXFNQVBnRFJmYlJTcVJBRnlxTk50M2NDUng1OFNHX282RUNiOEhoQTFsUC1BcEZvM1hoWjczV1dSa19QeG5qZXMzRWJRWDRKdlpKSy1LVXFmSHfSAWNBVV95cUxQZGtBTHc1amkyY3M2QlVDU1JTWEVuLW1nLXYtV0s2cG9ibEtOZGRiN2dZOXhTdnp1YUZXRWh4TlVHM3RWbmFLWnItcW94RGpfRTVfTnhiNmo0c3FyajNQME0wdlE?oc=5&hl=en-US&gl=US&ceid=US:en,BBC,-0.4215
"These Chinese military innovations threaten U.S. superiority, experts say - NBC News",2018-02-17 08:00:00,https://news.google.com/rss/articles/CBMitAFBVV95cUxQUTJvZ3J6N1pucmlLX0h4T3ZjekxFWEg5c3NsTXVESzY3QWhFYkpZY1VCdFZpUDNPdnFVM005bnNMWmFZS3lpbm9lQ2kxUXhjTmhaTGFxYU13bHktWkFrM3pZZno2ZkxtSjMxV05mNG5rWHd2aXc1ZzRMWVY0V2ZxdEhyazhMQ0ZQdWgxTjBDRF9md1hETGJEb252MUxUR3RKa0dxeGp3bmdPazQydVN3SHM5VkzSAVZBVV95cUxOWlBVTW1KNVZ0VHZmc09Wc29uemhRaTc5VFZYdXl4MFdMRnBMOXZ3NnNyMzBfanNjY0VzTkQ1OW5HS0pXRUVzNFhLeGtNeEpfX2VuWlczQQ?oc=5&hl=en-US&gl=US&ceid=US:en,NBC News,-0.0516
A former Russian troll speaks: ‘It was like being in Orwell’s world’ - The Washington Post,2018-02-17 08:00:00,https://news.google.com/rss/articles/CBMixAFBVV95cUxPUXotV29qLTRRNlRGOWRaZHdRR0NFeEF5cGxkVjhKcDBSa2tWZWxSY09JRkNhcHF6OUNYYnoyUzQwYjFGRS10VWdIN292dWxxVEN3cWpEc1JscmFKU19aVXNEN2xOTF9jdjBnUjlldDFBcVA0VjI0N1ZuWjg5cFRhbVVSbUpyQkZwakJUQXJjb1FzX0NFRUg2U2dVWlFENmFxbk52S1JiMHdjVk00cDFYanBHMjdmQTdUMUdLZGNBQnhURHNC?oc=5&hl=en-US&gl=US&ceid=US:en,The Washington Post,0.3612
Sweden's Lesson on Worker Retraining – Before It's Too Late - U.S. News & World Report,2018-02-06 08:00:00,https://news.google.com/rss/articles/CBMiugFBVV95cUxQU0RPTFNZdjlsdTIzRUotOEtIVXYzNzlkb3hUOTJfUXRTWGpROG5sQjJiTlBmYS1peDEzbXNOekc2WjR1SHFlX1N5NlBGd3VwMlRfZmlLMGcxZk9yZ3BwcGQySmlGbEU2TEtOcEwxVUJwQnBaaG9ZX1pQZmt2SU81LU1Sa1BhczFRZ2JQRVc5MHJRbUZQak1DN1JmNEF1bXdMMTZoNXdHSEZ1b3hPeFhONFRGcUFxWWFLMFE?oc=5&hl=en-US&gl=US&ceid=US:en,U.S. News & World Report,0.0
"Under fire by U.S. politicians, World Health Organization defends its claim that an herbicide causes cancer - Science | AAAS",2018-02-07 08:00:00,https://news.google.com/rss/articles/CBMirgFBVV95cUxQZC16NHAxc3hOOFpKaWQwNG5jSjhsdkNKMlRheTF2OWRpdTFtTGphSWl0bXBwYXlvdko1OUZFTW1BRklsRHJmTmoyVFNadFM5MVFabHVkR1plbFFVQUxPYi1YdEZpWmxxUTZlSjRpUWh0b2lOZzRPYTRva3F6Snp0VGhkSFdnQVZqVTZZd25ENEtacmxDY3pZRGRZaWU2V090cEhpYm1pTGZHWE40THc?oc=5&hl=en-US&gl=US&ceid=US:en,Science | AAAS,-0.7783
Mountaineer plans climb to ‘top of the world’ - Northeastern Global News,2018-02-23 08:00:00,https://news.google.com/rss/articles/CBMijgFBVV95cUxNZDFsWGxsdGxmXzJ2Q2loQnNqTjFLLUQydGtKWDJDZXpRdC13MWhTeEhURFRJaUdUSlBjSjk2cDI1c016cnRoaXc5MGpGbkc0R3VQOFNyZzllSE92eDBBMl9LMWYwd2I3RmVtdzRDY3U4REhBUnBIWHRPaXRHNDdPV3BjWnRwNWh2eWFaYlln?oc=5&hl=en-US&gl=US&ceid=US:en,Northeastern Global News,0.0
These Are the 5 Youngest Countries in the World - U.S. News & World Report,2018-02-16 14:06:05,https://news.google.com/rss/articles/CBMiowFBVV95cUxPcDZIbW5iU1VHTFNpU2VZZnJtRGVLNVFtVDFNS19WT3NQSEFvX3Q2dGNsUk5QTjlDSXVacTZWdXF4Sm16SkdxbjdsRTVGSHU2SXo0NnJUNTZ2U1N5LVBKTWptcmZsUU8teExMenNuUGMzbmJPUnpIOWxBMUtoVXI3Wmw2N19VZno4dGdpQWtMcFc3RGhRN01VOVFtb3lPYkxxWkxV?oc=5&hl=en-US&gl=US&ceid=US:en,U.S. News & World Report,0.0
Iran's hijab protests: The Girls of Revolution Street - BBC,2018-02-05 08:00:00,https://news.google.com/rss/articles/CBMiZEFVX3lxTFBJWGZSbGExa1ZzU1p4REhOTi13TElNdXJ5Uk1zd1JuQjdIUGRZUzJUNGs4NHNFUWNMSjFLck95aFVKMUJNT2hsSWtMTnlyZGhFNU9CcXlsSVdFQkV5VjlzYTMyTmo?oc=5&hl=en-US&gl=US&ceid=US:en,BBC,-0.2263
World markets tumble again as losses hit $4 trillion in 8 days - NBC News,2018-02-06 08:00:00,https://news.google.com/rss/articles/CBMikgFBVV95cUxPbWlycEV1eDczMlQyQkhTR1lpS1VaMDFHVGtrMFBtVlBqd1VkNFRYUk9Meld3ZjhmTHkwaDJLTHJDR3ZOeGl0a01xNm1ZRHo2TmVRc2xJTUxwS3lFX0xVd2gxbl9PZVdrRmdOR251SXd0R3ctVWxSbEY3Vl9DVTFUbzhQWWNNRWdabnRSckFSSVVpd9IBVkFVX3lxTFBMYURyeWE5dm5wTW9zcXQ4OGp1SnU2aUJPLVExTTQ5ZEhmUE82Tlpja0tnMWFZQkE5VTluVDdsd2IxXzF0MVhObkVrZUxJVEQyLUp2OFh3?oc=5&hl=en-US&gl=US&ceid=US:en,NBC News,-0.4019
Integrity or influence? Inside the world of modern Freemasons - The Guardian,2018-02-05 08:00:00,https://news.google.com/rss/articles/CBMitAFBVV95cUxNRlhSSUtqTmNCT1JXaTR1c1hFX2lCdFgySVkyQ1hBTE5PTWRzbk9Ib1d1eG02LUNmeHRtLXltQjNQblV4TGNFLUViODQ3UVVvcDRBMlRTQVJiZkU3Vk1aMWh3VE15UFBTRGNKZlBXaUtGSi13eGV2NDZlQlNWYzVtNEczUTB6TGtzeUp4QnlPLTVQSEVZV1pRUlVxdklkclhPRnhBenFXX2RsNFdSYm05bzZxajQ?oc=5&hl=en-US&gl=US&ceid=US:en,The Guardian,0.3818
Why Silicon Valley billionaires are prepping for the apocalypse in New Zealand - The Guardian,2018-02-15 08:00:00,https://news.google.com/rss/articles/CBMiwAFBVV95cUxNOUxKZVdMdTVMUDB3Slo5Z3BPU0JEQTJ6NGlvbnFORElyU3FNMklsQjRBalNmaG03NHphdjU4MG5zTng5U0RsVGxqVzhDci1aWmlEeE8zRjhXckE0LUxWd1I5cU5GMkR1M3VyYUJ5ampGNDdvSzdEdDJTb0MzaEMyc2JuajZCWW11NnZ6alI2b1hQSFJqNlpTQjJBc1VXVzJldVdaSFM2SXY4OVBXb3NoZlluVWpXYUxMQkx0eWhOeVc?oc=5&hl=en-US&gl=US&ceid=US:en,The Guardian,0.0
"Sudan: After years of conflict, millions require aid; But is the world paying attention? - UN News",2018-02-21 08:00:00,https://news.google.com/rss/articles/CBMiV0FVX3lxTE9ldzExVE1makRPbks0WTRIbkthNjQxZWR1VzluZGRVMzRaeWhBZDE1ZFFSTk5CZWNteXQxN3VCLXE4TDQ2NHJhZTBEUG90QW92LXVDbUx3OA?oc=5&hl=en-US&gl=US&ceid=US:en,UN News,-0.1655
Ethiopia PM Hailemariam Desalegn in surprise resignation - BBC,2018-02-15 08:00:00,https://news.google.com/rss/articles/CBMiWkFVX3lxTE9NSllfSF9Gc3g2QkVFOHpjODBNbjNXekh5cFh6ekpfa2ZKaFNXTHJFc010amgwdW9FckpyeS1DWVZGSmZoaWIyUnFXNUl6bldJcWg1TFR4cW9YQdIBX0FVX3lxTE9RZnphd2Q1ekVWT2xPcHJWUlJyako2MVgtSXFFaE5ldnFtQ2pfS3JqdlJZZ1pSaC0xdjgwVzd3WkkzOEVxeTRQc3NOazhkUElBaWF1dWRHNzlCYmx5T1VN?oc=5&hl=en-US&gl=US&ceid=US:en,BBC,-0.0258
The Guptas and their links to South Africa's Jacob Zuma - BBC,2018-02-14 08:00:00,https://news.google.com/rss/articles/CBMiWkFVX3lxTFBVUGRLUGNfNDhuTzVUZjBxWm45dkRkZUhpUk9sWnNwNndTdExLVTV1eERLaXc1VjBCUnRoSnhqdExWZmdDay1fNG5yUkRFeEFRS1hmUW5vZGcwUdIBX0FVX3lxTFB4SzVZT0ZkaXlSbTdCc3diVHpaY3JiN0QyM1p5ZVFNaF9aWmJIMzRfbXBWcENPdlBPTlJ2blR6QmhXRUstOUxaekhRRkhaSk5WeXdUX0lFNnRDUWgxTS13?oc=5&hl=en-US&gl=US&ceid=US:en,BBC,0.0
"US missile defense test failed in Hawaii, officials say - The Guardian",2018-02-01 08:00:00,https://news.google.com/rss/articles/CBMiogFBVV95cUxNUEllRHM0dU02ZlpVeEM0cW5MSW9kZ0FwVVp4ZS0wU0pKNXlXdTFjZGxwOG1BaXZ0cGt0MV9Rbi1pNnZaRWNGajZ5Ykk4STREdVd1WGpLaUl4amxDTU5wUndqRklEb1Nnam53bi1Fb0o4SHlGeHNvNHZjMl9ZaklhQUg1bFhPTmlPOU9vdC16NjdhYlEyN2RXY3N4Zl80UTh0aEE?oc=5&hl=en-US&gl=US&ceid=US:en,The Guardian,-0.4215
Saved from Auschwitz to bear witness to the world: Eva Lavi’s extraordinary story - UN News,2018-02-02 08:00:00,https://news.google.com/rss/articles/CBMiV0FVX3lxTFAxaXk0RjhMalk2ZWNORG9mMDNqelNfbWJwbURObm9FalllMHVIZndqcUUzNW03Y2RWckdlUzZrcmM4WXpDSGMyUVZMeHJRWlVSVGoyX3NWOA?oc=5&hl=en-US&gl=US&ceid=US:en,UN News,0.4215
Half of Puerto Rico’s housing was built illegally. Then came Hurricane Maria. - Miami Herald,2018-02-14 08:00:00,https://news.google.com/rss/articles/CBMiiAFBVV95cUxQNkFyb3NvS3FlS0hCa29DdEM1TVozcmhQTmI2b0NwT0RPbWZ6NmdVc0o1czBuNWNzZVZnZHVUZDR3aE1mVzNiRHVYVkpRT3RIOWhPd3AtNDJtVnJqb2lUbE5WUnV5U0dyYldzZkVxMFlTNTk1VHFxVGRKSG8xRnc3VkF6Nks0dDFS0gGKAUFVX3lxTE45SVNBSkNsWXMzWGluc3VSekxRR2xRRndVeWJkbXFOd0w5U0FDc1ZXb19ramxfRnZiUHlWQnQ2dC0zcWFEaUNUcUtLY2tGQWlFT1VJX3BmOWJZWnR2RjVMNC1yN3IzRXdWYnJhNUxqamZfRnQwSmlGaXNXazFvSEJNeXUtUlhuYXV1QQ?oc=5&hl=en-US&gl=US&ceid=US:en,Miami Herald,0.0
The brutal world of sheep fighting: the illegal sport beloved by Algeria’s 'lost generation' - The Guardian,2018-02-16 08:00:00,https://news.google.com/rss/articles/CBMingFBVV95cUxNeEFxUzRSdWhkajJvR2dXNi16YkJkaVUxaENFejk4UkRRZmJSY0h6QUZjTkdsU2ZPQS04MktHYUtQWjVlN0RvZEM2Zk5ZSVNkY0dxdEltUjkzLXdlWENWWDY0ZU5OZkNxMlJ4d2N5Q3UtbHVvVFIzM0pGckFBNXIxalZMMlg4VFVDRVZ2a3RtRE80Y1FNWTZadUNtY1hyUQ?oc=5&hl=en-US&gl=US&ceid=US:en,The Guardian,-0.8481
World's fishing fleets mapped from orbit - BBC,2018-02-23 08:00:00,https://news.google.com/rss/articles/CBMiY0FVX3lxTFBjdkRVM3A5WDF5NU54VllqOUhqcW5OZmpuMWoyRDFWbVNQNXFNZUU2OXh6RVY3WmhMcTBJQm5DZnRRaVJGSEZVOWl6cFhpbXpxLXlRSE0yLVJjMW5ZM3p2VzJQUdIBaEFVX3lxTFB0a1lYbEF5TVdrWmtYZm0wWEZFblJIQ0JCaHVKZzZZMXdCWVIycGJ1VXZmNmJsUmZESldtZUZEdWNrRlAwSkl0eFE1ZnNDWV80bFRTWXktWUVYRmkyUjNHMklXVmJ0alVH?oc=5&hl=en-US&gl=US&ceid=US:en,BBC,0.0
"‘Our values, beliefs and identity’ are embedded within language, UNESCO says on Mother Language Day - UN News",2018-02-21 08:00:00,https://news.google.com/rss/articles/CBMiV0FVX3lxTE5pM0lBVklGX2FhdWpvbWxIS21yNS1HV3dpS2ZvcjRBLVd6bWxheHZGaXZaeHFzN2JRUS1GTWtidFhuaFdqN29JSFhhZFpmTkxGUzB0anVfVQ?oc=5&hl=en-US&gl=US&ceid=US:en,UN News,0.4019
Syria war: Who are Russia's shadowy Wagner mercenaries? - BBC,2018-02-23 08:00:00,https://news.google.com/rss/articles/CBMiWkFVX3lxTE96ajBuU2JLV0lWcV9aRkhCWG8wUkZsX1VncDBNNHhDX1pvVW9FVl9URHFfOTg0blVjUy1CZlEtZVNwNlE0OF81eUxIMXJGY01XaFRSU2JUSXoxd9IBX0FVX3lxTE5ibUpUWGZqSWt6OHQ5OUlDU1BwM1FZS0pBTkdnMExxNklrVUpYMTJPNU1fSlFnNWxJN3FGWkIyT3d4OFVkMjQ5c2h6MXhFN2FDWHRTQWVzaGprZEkzOTNV?oc=5&hl=en-US&gl=US&ceid=US:en,BBC,-0.5994
Harry Potter | 500 million Harry Potter books have now been sold worldwide - Pottermore,2018-02-01 08:00:00,https://news.google.com/rss/articles/CBMilwFBVV95cUxQVFBKblUyWGRWVlZqbVM5blY3bkhRa3NBUFo4R1ZSeHR6X1N5Nnk5TUJ1WVFuYVYwSDRKYjV0TzgwS1IwR280b1pqNDVuSlFkT0JnZEpVU3ZDRkZlT0NGQzRIRHdIckxKT29KOHlrLTBkM3hmdmY2M01pXzBSQlQxSnloOVBrM3d5RFpUN0Ria013UEltZDRN?oc=5&hl=en-US&gl=US&ceid=US:en,Pottermore,0.0
Charleroi: Ugliest city in the world? - BBC,2018-02-03 08:00:00,https://news.google.com/rss/articles/CBMiXkFVX3lxTE1ESzBsXzJkUlM1cmdjTHpQZFY4djhjQWdXZnZNNkZuazdSOFJuSnNaNzIxcjR3ZXNnRDhMLVExVS1jQUxNeHozVFBNT2RLblBhcUpWSFZnWnhId1h6MWc?oc=5&hl=en-US&gl=US&ceid=US:en,BBC,-0.5859
"What is white culture, exactly? Here's what the stats say - The Guardian",2018-02-26 08:00:00,https://news.google.com/rss/articles/CBMikwFBVV95cUxQdmFGb3d6NVBBeHVzcFF0SzlZclk5Mkhpc1JJdkI1N2JiWEFIVHl6OWwwSThXSVJvbG9RSV9JOVdEcFMxZWNBYmtnaFVIZ1QwTVlJd3dVU1A1emVHR3djRlVTX0d6VmFQeGhUU3RBaVFYb19ZNUEwSWp4TVpscFAwQUx1YWtKc2tTUXFNb1hVX3RMTFk?oc=5&hl=en-US&gl=US&ceid=US:en,The Guardian,0.0
Inside the OED: can the world’s biggest dictionary survive the internet? - The Guardian,2018-02-23 08:00:00,https://news.google.com/rss/articles/CBMiuAFBVV95cUxQUkw4NmlJMkh2Q2ZEdTVudTBhaEVybzhta3BiUVBvRWdJUzg2TnRidkIxbnRJNHFGbVlzeXZhS2x3Rl9iZk4yMlN4dDd6NXkxV0V4V183UDRGaFU2dE5LQTBLckpTdzRYSVNmQkVzaFB3NG9nOUNOLWJJcHdPSk13Qk5IMzNEbGRTZTJPUE9reHlsWUFqdldXV25nWVg5OEpjTzRYT0JOTFM4cF9jRWQ2WDJrMVhmVjZS?oc=5&hl=en-US&gl=US&ceid=US:en,The Guardian,0.0
How a bakery found a recipe for global success - BBC,2018-02-14 08:00:00,https://news.google.com/rss/articles/CBMiV0FVX3lxTE1WM2tueG1NNll6Ym1ReDJHVzN2VDF1VlJjbFNvSnY0ZUZ4bnlFaEN3bXZ0R0VDT3NFUTBlb3J5Mk1uWXIzN21Xb0xRWnBIZWpTVlJyckFIMNIBXEFVX3lxTE1VSlFYc0o4bS04SHZYV0liZXlfR0o0TVNZdXhPdEJsRVpMYW15TDkxMzQ1VzFHR1NKYUczREVjT0hvc2VOMVh1aENicDFQYzhyQ3hkcG81amExUHRa?oc=5&hl=en-US&gl=US&ceid=US:en,BBC,0.5719
Nigeria Boko Haram: Some missing girls 'rescued' after school attack - BBC,2018-02-22 08:00:00,https://news.google.com/rss/articles/CBMiXEFVX3lxTE04bEJjZWo0dDVZeWtPaVFMODlYRktOX1E5M3lMRlR1UmFrZEZhWHZ1SXVCbzFIMEhOOGZVdmpYOFJldm13MHpuNU1KYVB1TVFuU1R6TW1YRDgwVFJK0gFiQVVfeXFMTTZ0T3NXNEZvbnFVZlZmQTJONjlnNzRLUEFQcDZNRTF3d1E1Z0tEWHBlTXFQcWxib3V3eGx2OE9QcDRaR3JsY3FPdUUxd3NKVGNTVnFncnZwMzI2NGloYUNFRHc?oc=5&hl=en-US&gl=US&ceid=US:en,BBC,-0.6486
The epic failure of our age: how the west let down Syria - The Guardian,2018-02-10 08:00:00,https://news.google.com/rss/articles/CBMilgFBVV95cUxOZDBjSnZYN3FEaEFFU2hsYnB4VEY0cHU1clcxeEtKS0NWWnZYMUxuVkUtVHVKU093b2xMSjJaTXVTN0xURUhVanlPdzVXZDBVVWJCNHdPWHplcXpfeXF0NG1ITGtROTVFTzVVTEZJY2tQOGx2RGpkUHBSbk1NS2hwTzY2a3hjR3o2Wm5aVS1uZWFoU0xyaGc?oc=5&hl=en-US&gl=US&ceid=US:en,The Guardian,-0.5106
Roses travel the world for St Valentine's day - ec.europa.eu,2018-02-13 08:00:00,https://news.google.com/rss/articles/CBMifkFVX3lxTE5fNzB5YzJmOU1uZkhPVE5Ob1lzM0tTVUk1T1pLNXFNU3dXQWV1YkpSZmVBQjk3Vy13SmhhaFZhaTdiQkhIRWt2bUI4eEZSVWZycmNfQUdZYjBtenU5Q1dTeV9VV3ItTzZjRVpLeFllZVR2UUpCbkR4aDlkbVROQQ?oc=5&hl=en-US&gl=US&ceid=US:en,ec.europa.eu,0.0
Ceremony marks 25th anniversary of 1993 World Trade Center bombing - CBS News,2018-02-26 08:00:00,https://news.google.com/rss/articles/CBMiiwFBVV95cUxOdXVrZVNSSVczNUpWeERYaXVYQkdkcVA3dWVKZ2dHVzhudWkzWFIwZ0VJcFlyZGJBWWgxNE1nd1VSekdnMkVhVGozU1h1V2ZQYTdweDZPT0VEejE3OW9hSm9zNFJndDU5ZkVBdzZLVDZBQi16VU04c3ZmRlVUa1ozd2FLR3JlbHNtQWM00gGQAUFVX3lxTE53LWZOVmZxSzlmN0hXSGxSbTliVXJxTS1QNXBBN056WVpTVHkwMUJOQkxYckNicEdrWTQyQ3BLTzhPMHpnUVRvcEJSdkpYd2N1QWE2MW5LVklBX0tsUXUwdXhHeFlqVXZwOUdUVnJTUDIxWHIwRDZMbVM4ZllJb2g2MGJpWkJ0TTRFZDk1dTA0Rg?oc=5&hl=en-US&gl=US&ceid=US:en,CBS News,0.0
Nauru profile - Timeline - BBC,2018-02-20 08:00:00,https://news.google.com/rss/articles/CBMiYkFVX3lxTE5CWDRUS21wWmhiMmltbkVzbUdnTVkwQXRMa2NOaTk5Mm1za2ZuVFRpSm9qNGNRVlNyanZrLVBpdGw2V3IxRGc0ZElPMkFXVjctRDEtaE9hYmVqNXZzVFExM09B0gFnQVVfeXFMTW9ycm9TVWtPR0VqbGVZSHZqckdnZzhYUnhZdGRVVHlhOUtyUXRxUmY3YUEzM0psNzg1UllqZnFrbW5kMUZJb2hXZUZhYXY4UGZUVzA0VEhvQmptQ1ZhNmJEVjVJZWM0cw?oc=5&hl=en-US&gl=US&ceid=US:en,BBC,0.0
"US President Donald Trump Appointee Jerome ""Jay"" Powell To Take The Helm At US Federal Reserve - NDTV",2018-02-04 08:00:00,https://news.google.com/rss/articles/CBMizAFBVV95cUxQNUpZNU82QUx4Vk14S3FtaVctQzVjbFpXdk9xSUdwd1VubFdWaWtnRDFjdHMzdmZMUGpWT0U3eUw0elRlMDZLQkROMjdxTVlYWWFDQks3Z2czRVFVM3YzQzJCMlpqcWg0RE5zUDFqZVpkN1RNd0JQM3QxMHlhRXBFbVFEWlQtMlVoV2tzTDFtOTJubE1GVmdMaTlGNEphTTVrcmFGUkhoY01vdENycGttQlowaFFEdGl4LVYxeGZ2TmREaTZjcDVfdDZ1WEo?oc=5&hl=en-US&gl=US&ceid=US:en,NDTV,0.0
How much does a UN soldier cost? - BBC,2018-02-15 08:00:00,https://news.google.com/rss/articles/CBMiU0FVX3lxTE5fd1dUM0dJODlCOEN1Uy1pUHF0ci1RaVNoX3lPd2NNaGthS2pYbjZkSkY4WGFJWnEwMmxueDRkcGxYVS1WOTlDZkVFNXZJMHAzOWpJ0gFYQVVfeXFMT19JQlBrdjludi03bnRPVjh2cm1mNUdJUEhEdGN1V2ZXREVxZ1BIOUlFUEttc09IUnl4WGNsVDJnSzhnVHJDcHJ2ekFnanVhZUc4X18yM0tFRw?oc=5&hl=en-US&gl=US&ceid=US:en,BBC,0.0
Philippines: Rodrigo Duterte orders soldiers to shoot female rebels 'in the vagina' - The Guardian,2018-02-12 08:00:00,https://news.google.com/rss/articles/CBMixAFBVV95cUxNZHo0aXQ4RlVqcXVKMnZYaEY0b3BURXVXYTZGcTFtZUVWTGdXaG9SN1REMUdCblFkYkhmNW5LTnRSSEVRUmdNMnotb1RTaGxwcGQ0c1pBYVpBZ3d6S1NaUHdMblV0YTRrNDY3ckJ4ODJPWDBJTEYtOWFVT2JiY3VBT19QN1dIc0FjVXB4b3d0RTRvNkhvaU9SR0h5UTM1TlBXOFdyMGhRLXpmeHhfWVZoYlRGVzFYVzd2eWhISVpWOGsxdlZM?oc=5&hl=en-US&gl=US&ceid=US:en,The Guardian,-0.4939
East Timor profile - Timeline - BBC,2018-02-26 08:00:00,https://news.google.com/rss/articles/CBMiYkFVX3lxTE9WZUdoQXF3MHZxT0E0NUNTRjB3Z3ZYS1l4Q3plRldrWnZKM3hieVZiRm80TkFhaEVZUWNqdHhoRnBQbksyakZiRGVNSG5OLUFYYU0tUG96eG1DamRmYUJmb3Zn0gFnQVVfeXFMTzk3S0tWWmpLTl90Zl8yVmJyYTJycG01ZzJSVUg0XzZlU1VXX0NUWEg1bGlveE1pX0xwWnI5dXd2enJTc3FnVV9pdWJUZ0Foclc5T2xRMHg5OTE4WEdQTE02Z0s4N2JIRQ?oc=5&hl=en-US&gl=US&ceid=US:en,BBC,0.0
DMZ ranked top university-based incubator in the world - Toronto Metropolitan University (TMU),2018-02-23 08:00:00,https://news.google.com/rss/articles/CBMiqAFBVV95cUxNRGtrSFRLd2luN3l0QV8zMWVhQVpCSzF4SDVKWVdPZDZ1UGIxWFlUcHdlZHF1Y3JhV3JIcjhDckxkMnluekMtRmZzUEtlWEJFX3k2dldKQWN1LTZha0dTY1BNSUhmTU4xVHRZR1FlNnpnai1EbWlZaWlIcS1Od09EYTlDdlhDbnFvV094cWFmeV95MmZ2dXhMRzE4ZDZZTTNzaVJYTWd1Q3Q?oc=5&hl=en-US&gl=US&ceid=US:en,Toronto Metropolitan University (TMU),0.2023
Why we're psychologically hardwired to blame the victim - The Guardian,2018-02-27 08:00:00,https://news.google.com/rss/articles/CBMingFBVV95cUxPRjVpUFFVSV91NDVSRTROeXhkOXJzYlB6Z1lGN0h4OTY1Mkw4NnVpX3hRT2xSXy1FOThHWEczeGVNamZMZVpfZFYzRTFScUpfc1hCWXliMzVQeTFHbnA4YmdBYU1IbmVNeWxpeUZWcGFmaGt4VDBSZmtPdE84dmFBTkhlZjRjYmZIZC1icUFhVm9UZ2pTQkozTUozYjF3QQ?oc=5&hl=en-US&gl=US&ceid=US:en,The Guardian,-0.5423
"Litvinov, former world and Olympic hammer champion, dies | NEWS - worldathletics.org",2018-02-20 08:00:00,https://news.google.com/rss/articles/CBMif0FVX3lxTFA5RnlPN1R0dDJYb1l1QWhtdWlBYkd0ZE54Zy1fZ3FYLTBMaWxiS3o5NVVPaW9NQ3F5UzZYXy1UcFJhaEtBNHY0MzJQMHhWVHA0UWRrOHVFVVM5NWhSZmo5MVNxNDZ2MkhEbDNYMHZoMnEzNjFmbEh4UXVJZFhJa2c?oc=5&hl=en-US&gl=US&ceid=US:en,worldathletics.org,0.5994
South Africa's 'Doom Pastor' found guilty of assault - BBC,2018-02-09 08:00:00,https://news.google.com/rss/articles/CBMiWkFVX3lxTE5YdlBtSlc3UmNPekVPZHNENnNIekF0SzVMODlyRXBRWkpWYmpnTFc5elB3eVk1R2JHaWE0eDhmVkZGUWw3bF9aN0FNYXJNc1RVNGJzZXMxWXpxUdIBX0FVX3lxTE44RGRWTjFRSVg0akdseWU1YWxHcDVKelhpc09mYUFkQzlneFQzQUw0VTlyRTYtWWs2cTYxWTVVN01SV2dzNUlLcHFNSl9UY3RyUGI5Q3lTQXRRMklvcFdr?oc=5&hl=en-US&gl=US&ceid=US:en,BBC,-0.8519
Hunt for gunman targeting homeless in Las Vegas - Sky News,2018-02-08 08:00:00,https://news.google.com/rss/articles/CBMiiwFBVV95cUxOOTVDYjJsVHRZXzA1U2ljeWlNMVI4Q0lQMW1RNV9jdnV2akJkQlhOUWtZRVJCR21OYmtWak51dmhjSjlEV2dqeE1GUHIwZlgzeXA1RThZY19tbGhlbGQ1QkNhNElFci1nMnNYcXA3SWVZeG1sOHRDN2lKdGh4SzJvMVBUTWdUaVpxT1J3?oc=5&hl=en-US&gl=US&ceid=US:en,Sky News,0.0
Kin Of 'World's Ugliest Animal' Among Fish Hauled Off Australia Abyss - NDTV,2018-02-21 08:00:00,https://news.google.com/rss/articles/CBMiqgFBVV95cUxNbDd1LVNQdjZuckw0S3gyLUZfTWh5cm1zZmFkdmhmSlZ6NTFKLXdkZHFqMDAyNVhVMVJCam1IM19XOXE5dFFOa082N2Z5Ty15UXZHb1NzZkcwaEFadVZQUVFGMm9mZ1pIUVhRMnFEWGl5cHNrZHNfUEk3WGdoUXVQUzhkb0FRdVFETXV0V3p3eGxmdmRXbThkMmhJNmUtVGpJckx6RTktUG9CUQ?oc=5&hl=en-US&gl=US&ceid=US:en,NDTV,-0.5859
The rise of Bolivia’s indigenous 'cholitas' – in pictures - The Guardian,2018-02-22 08:00:00,https://news.google.com/rss/articles/CBMinwFBVV95cUxQM0dncE5LYS1pMG5kTXRRVlJKT1Q2UHdqZEhlUmtYdHNvR3RkVGt1YmphaXlHaWxxOEQyRXVEdTF5dUJad3FxajVLMjlUZnBlTXF3bTd0MUFKUXMzZW9SaFlZcVotcWdXbUFyUzFSeTl0bXNkSjg2ZUdBdWlUeVgtWkdOSkNkY2pCeXo1NDZIdHd4MnF3Skhidk02XzBkRGc?oc=5&hl=en-US&gl=US&ceid=US:en,The Guardian,0.0
Loneliest tree in the world marks new age for our planet | UCL News - UCL - UCL - London's Global University,2018-02-19 08:00:00,https://news.google.com/rss/articles/CBMiiAFBVV95cUxNNFRZSEsxNDFVY1gzSU1IQjNQVjUzWjFhc1Zvc0ItcXVmUUljYi1BUi03bzAyT2dnRWJ3d01oNFhpTVZhZ2Joc1VEa2FSdjVid1JyYUJSMWxQSS1Remozd29hNkNQb1ZDallDdWVDN04zRlVMLWl1NTZscjN2UWo0eFNQcXFWOXpL?oc=5&hl=en-US&gl=US&ceid=US:en,UCL - London's Global University,-0.5267
Turning Red Square white – snowfall in Moscow in pictures - The Guardian,2018-02-05 08:00:00,https://news.google.com/rss/articles/CBMirgFBVV95cUxNWGJEajlYcFdEdk5Jc0ZGcWRwanZwR01BRnlhbDQxMmU2TG16NXA4Tm1uZktFclMzTWFLR2Z4MjNwdWZGTlQ1aFBFRmtpT3cxYm5XMTE5WmZ1RUxTUDVJYzVySjdSeTgzb0xsNEFDdW0yLUpqUFA3OHZtNU5LODlxMzIwX3E4QjNrcG85eFZoNTAwcU14MlZ1UlVENlhuejFJN2JEcE4zTm52WE9uYlE?oc=5&hl=en-US&gl=US&ceid=US:en,The Guardian,0.0
Rob Porter White House Senior Aide To Resign Following Abuse Charges From Ex-Wives - NDTV,2018-02-08 08:00:00,https://news.google.com/rss/articles/CBMivwFBVV95cUxPOEpsb2lyRk0zMUhZTjBKeEtrNUdrOEduQTdYVDRROWoxTjVpWUYtOEZOMi1oLUpLcHJXWGo4OGU2VExBbW1La1c4amVxTG9BT0JESU0zZWI3Ti1sWjdsN2I2T3RPYWlFb3k3WkdkQ0VtT1B6T1h4UkpISEFFSFVvUld4ZjdvZGVYR01BMGg2VkN3QkpRV0NpWkotNS1DOWFWREhNdFBTX3pYYnBCanFpOEJhOTZrTzFhZWdQVE9jdw?oc=5&hl=en-US&gl=US&ceid=US:en,NDTV,-0.9062
25 | Weekly World News with Cethan Leahy - HeadStuff,2018-02-23 08:00:00,https://news.google.com/rss/articles/CBMijwFBVV95cUxOZFJVU0NvNVROVlVuM3ctbWF3Ny1ET0ZISC1RaE5KRVhRSDF6SG4yUy16ck1kSWdydmljaVhqSVdFS1ZCLWtRTnlZaTNJcVM0NDJIZnUzcWF1dE9XemdMYy1UMkt4cW1ZRUtJdU1IVml3QmZaSjh6SW5XUXNJdlZxYWU1WFE1eENIU3JqQVhDbw?oc=5&hl=en-US&gl=US&ceid=US:en,HeadStuff,0.0
Icelandic language battles threat of 'digital extinction' - The Guardian,2018-02-26 08:00:00,https://news.google.com/rss/articles/CBMiowFBVV95cUxONTZZVjJqWmt3SzROa1l1VVM3Z3dTYVFHbmc0R0FCUnl3OEpSdExiV3dhMGpid1BRRWtUTjlaSVpURVBNakFnWFdIQlZDYTlhQ2Z2T2d5Y0otcFBiVjBhMEp3YVFKR2dJOWFRVkhhQTQ4bFFhNGNCLWRLNVhSaDE3RUZzN05sZ0VsamN5M29XclZLdEVwTk9aOHJuVGtkRE9UTXJJ?oc=5&hl=en-US&gl=US&ceid=US:en,The Guardian,-0.7184
'Hero cow' escapes abattoir in Poland by swimming to island - Sky News,2018-02-18 08:00:00,https://news.google.com/rss/articles/CBMimAFBVV95cUxQcVN4VUJKRDZ0YXZabGtES3pralZmV181dy1pRlhiams1bm5sb2llOTF2SDU1S3RVTlFIY0dZcVBkWkV5dmpJb2V5UmMxZVoxYUJ2SVQ4eEJtUklYTW1yMF9IamFrMi1NS1UwcGl5SXZueWR5UXhaUDBJZkl1RlRPT2w3dGh0M2pIdnpFdnNzU2FmRkstckxLQQ?oc=5&hl=en-US&gl=US&ceid=US:en,Sky News,0.6249
Abuse victims say they were required to see Larry Nassar - The Indian Express,2018-02-01 08:00:00,https://news.google.com/rss/articles/CBMiqAFBVV95cUxOSVhHVEpkSkloUDhMWi0xRjA5NXdzM3ZHaUxPTWZiblVPQmk1YlRsSXZzZFJkSzE2ZlY5WDhUQmlVcElUSkIyaUZwR0hGeU9WS1pZQnJEWTUwYkJZQXFaQjJBdGlTWkhfT01DdXJieHM3ejV6RjVueEpuT09uUHdzMDJER3d4Nm41Z1RmaHd6NEdKZkdoNS15T1ZucjhmY0NNamdwMlVoaUvSAa8BQVVfeXFMTmEtSUZMQmY3MEZ5TS1TQ1VlZE0zVHc0MjNwc20wX3ZBRm1ybmhvZmp4R1FyQWFWRmh3d1JVRlR0OFVyREhvbGhHNENIQzFvb0tMTkNnZU03NjlfSThJSHIwcFFGYks5dnU5QUtiOHdvcE13ZU5DNGpLOWdvY3pweTVxZlpSdUNlMjJ1bFczdlNGQTVyemFZUTVReHZHOEYwZEdkYjNjRXJIZFBlMWxWYw?oc=5&hl=en-US&gl=US&ceid=US:en,The Indian Express,-0.7579
Mashal Khan case: Death sentence for Pakistan 'blasphemy' murder - BBC,2018-02-07 08:00:00,https://news.google.com/rss/articles/CBMiV0FVX3lxTE5ucklzY1lBRmJEM3QxeFAzei1BWnJPblpsSXpES2pwYm1jNmc4c1Zha1FaQ0VJWVZmbm9ZZFVXZzF3RTh6dlZuamJLVFFQS0dhcEQ5eldRSdIBXEFVX3lxTFBrNWhHR3JmbVdNWWZMSzBfWmhUYkxRUE5IcnRnaWFCY29veGc2V1lGbGUxLUFkM1lud1NmNzhGQlhfQTBHWVEyQ0hHX1U3LVZyWGRRSGNFUHhjOHlI?oc=5&hl=en-US&gl=US&ceid=US:en,BBC,-0.8519
Uber Passenger Allegedly Pulled A Gun On Sikh Driver: 'I Hate Turban People' - NDTV,2018-02-16 08:00:00,https://news.google.com/rss/articles/CBMiswFBVV95cUxQclBHYTVSc3BqRW9JdWRoTXVodGg5ejNGVDRvSkd6OEE2ZmttaEdlMkF1Ukk3ek80d2cza2RYX1VYYlV6T0VmVnUxVDBRSXdOUGg5Rzk4ZDVudzdpcUJGT1h4Yy1TWkoyVk1SLWxjRXh2RGh6RmsxYWRHb1ZLV2tlU1BRdjV0U29YMkpqbTFUczBiVG56TFhheFBYWVpGY1V2QU12S3FHX09oNURvQ1FmRlpSMA?oc=5&hl=en-US&gl=US&ceid=US:en,NDTV,-0.7269
"Smolensk crash: Explosions on board before plane hit ground, investigator says - Sky News",2018-02-03 08:00:00,https://news.google.com/rss/articles/CBMisgFBVV95cUxNS08yblZlek9KY1JrSTBoR1l2VHBVUGI1WXEzcGRteGZrMHpONnlrVFgxbFlqNkU1LWZIaUNSX1dLOFBhdHFIWEVhaFd5ZGJfd0JETG5xVjZyQ1l5UkJleGhzdHE1OTRpS1NRVWhrbG5FeFZLRWxGTEhKNEJCdUg4dDZmUExoSjZsSVYtWU9HSzZxVVJlZWcyTXc0T1hEWjYyU1BpYnRrWFA3UGlRRmJCYkRR?oc=5&hl=en-US&gl=US&ceid=US:en,Sky News,-0.4019
Paris in the snow – in pictures - The Guardian,2018-02-07 08:00:00,https://news.google.com/rss/articles/CBMijgFBVV95cUxOYTFxOWFidmpXVnVlZWxwU1JuOUJocVA1cVh0ZUpOS3VOaHdRVVV6SXdxVzRSZzUzOGxLczY1TW9iVnRZWVEyVWZVYVpfNFZhSml5cFBscGtFSjNZcVExUXc1elIwWHItYk1qdEhISF9KNXdJWmxkWWxDdy14Y1JUckFaaTNMc0doNzAtNUF3?oc=5&hl=en-US&gl=US&ceid=US:en,The Guardian,0.0
"I cannot stand Trump, says Apple co-founder Steve Wozniak - Hindustan Times",2018-02-24 08:00:00,https://news.google.com/rss/articles/CBMizAFBVV95cUxOVnlrYWJzZ2RneVBvNlVlYlM5TTJPOEJMLU9OaFdDQ3JNbktvNDVHTHFoa3JsVU1sOEZjNklFUEppenhiSXFNdXYwb0hxUDRNQ1M4dkVrbFJZVkt2MVJ4ZlBuYkZWTXk4TFM0TnJZbkV3UmU3cGVQNk5ieDIzSXdCWTI3OG9BbWJpSlJsMGZSV204a3lKSFo2MjVFNDJEdFVnMHEzRlZMWHFhREN1X3ZOV2VkWm44NkZLRG9XazhtZ1BNc1Nwb0hZNDRYV0_SAdIBQVVfeXFMT0VKR1VFSWI2NjZDLUdjWFdNTG9pM2tydjhTRkl4bDVzeG1JTGVNZThfcGFYNzVyY2ZkV3I5NjEyNEo2T2psR3FDMmR2NmJJdGVZX1ByTWk4cG9qUGZ5RXdBS2VIekdhbDNTVmZXQ3FGUW1QZTVsXzBoZmdQcTNBUkJENmUtSGJUbFJaV2VVZFNONEVEeDh0X0FGOGZwRFowUm01OEtVaVFKSVJPR00wbXpkY1VhUmpZUkNLZlk4ZXRUYnEzTGFVWXY5TWtocHlTXy1R?oc=5&hl=en-US&gl=US&ceid=US:en,Hindustan Times,0.0
"What is populism, and what does the term actually mean? - BBC",2018-03-06 08:00:00,https://news.google.com/rss/articles/CBMiUEFVX3lxTE1IdHJ1TkdwU2YxRFFTZmVYNmhIajRRZUJKS00ydVNoZXJwOXlJaUNzaHlTaGUzbl9kVkk2djBmRFk0Qzh3U3Z0dUVjWVp2RXg00gFWQVVfeXFMUFBuVlpMLTlpeUNlODE5RFFYSERqTEVncFVnUEFQRk1tN2RUcWhNanNRNHFROThlU1dKYWNGeGpmUFl6eUhUVkJ3bXI4UzVucFBnVmYwNWc?oc=5&hl=en-US&gl=US&ceid=US:en,BBC,0.0
Groundswell: Preparing for Internal Climate Migration - World Bank,2018-03-19 07:00:00,https://news.google.com/rss/articles/CBMisAFBVV95cUxNb1llQXpRdUdmbkRQamF5LXBWRTZ3Z0U0aHpsbXhjMjJhLVh3U2gtOE9kNEkzRjVIZFNYREt5NV91b0YyS2pvWHN1YWtEZjg4T3VmN09OM2tYRXhNc3Rud0xaaDAzYXlQVkZjaDNiU2hEdjhmWlRfWWVkNk4wbFN6M0NaeEViUzVjT08zdzVhdXFWSHY4VlZnQlU1ZS1oRS1vRUJBX3lXRWtPbHVXZ1VBcg?oc=5&hl=en-US&gl=US&ceid=US:en,World Bank,0.0
UCI’s graduate programs shine in U.S. News & World Report rankings - UC Irvine News,2018-03-20 07:00:00,https://news.google.com/rss/articles/CBMimwFBVV95cUxQMDQ5MkJEZTdTMnN5dG82VHdLeHo1dHJyQjB3OE9SMXdUbGU0empIQXQ5d3FwZjU3bjFidEhicF9MUW1lbDk5U1hOSGVaVElCQVlQR1Y0bTVGTlUtY1dHaXMyNFF5a2VXajRMT2Y2SFBPWFI1Z2NlYkkyLXRiOHlBR1RfTEtmUUN0R3lWN0RmWUhCQkxtS3hZa2tlYw?oc=5&hl=en-US&gl=US&ceid=US:en,UC Irvine News,0.0
SDSU Graduate Programs Shine in U.S. News and World Report 2019 Rankings - San Diego State University,2018-03-20 07:00:00,https://news.google.com/rss/articles/CBMinwFBVV95cUxQTFhYOWQ0VFBTQ0Vvc3RaUUxGaWpnR2I0OFJmeVAwOEFjS2lpVTllMlUwVnRoY0luSFExa1VEd0xELUgtRks1R2FMOXZNM29Jdkx5RGdSS3VEcHVZb3NCcGNNMnZJbTRpQUhONHdNaEVzMVBYUzE3MFU2UWU5SjRnLWkyZWFpRl8wN3plY0lVR21zN2M0dzFmZ0tEU3poWm8?oc=5&hl=en-US&gl=US&ceid=US:en,San Diego State University,0.0
Interdisciplinary theater piece gives glimpse into world of quantum physics - Illinois News Bureau,2018-03-28 07:00:00,https://news.google.com/rss/articles/CBMipAFBVV95cUxNQmhMVnhuZVdwazJUOFZ6dUgwaG1OQktlNVlxdE8ydThmYnVqaktGU2RaMmhHYmFnSFFFWW1leEx0LW9UamIyY2ZsVXFVMDdUY0s5LTlxWDB3b25VN2l5TmxfYUtjWlJmZVNPMkY0OVI2RV9uZEduYkJkaDdxX1JsQTNRQ3VVcXJ5QkdyQ1dhanh6c3E4REgxUXdEY29vZmZBb2U0Vw?oc=5&hl=en-US&gl=US&ceid=US:en,Illinois News Bureau,0.0
Spears School named one of Best Business Schools by U.S. News & World Report - Oklahoma State University,2018-03-23 07:00:00,https://news.google.com/rss/articles/CBMiwwFBVV95cUxORzV0UHNqODQ5ZFA3cU5NMkNDQWplZmcwY0huakxwLW1YQTV1WjRoVk5GY1dXV3JHb2pXMEJwWFhXUzBib2oxTHRGUEVhWXJlQ3JfRlphU2pPV3VmdEJzbDdpX0VNYnFVNnRLSkxGdXJBdlAyMDR5RUNPcVFHdnNyQVdGeHd2TDJ5MjB1c1k4d2thazFXZmR2MVVpM1d4cnlpT1gwTlcwTWprTkU3OWF4LWlpeFVhMkpWazk4Y3VQeXJxaGM?oc=5&hl=en-US&gl=US&ceid=US:en,Oklahoma State University,0.6369
Chapman’s MBA Program Earns Highest Marks Ever in U.S. News & World Report Rankings - Chapman Newsroom,2018-03-21 07:00:00,https://news.google.com/rss/articles/CBMitwFBVV95cUxNV2ItT2FvYkhjUUR2andKY0JnODVXd0JIZkFuR1FqcEdzeTJxVlYwNzBSUXQ4NjRDR2R6YWFGdEV4bVRkUUxHTGVuRXZaMVZTZ3ZjZW1WUXI2MngzamZzamhKRTdCRm13amNPWXAwWEQ3ZUM4dnJKbHoxOVlMakY3cmJQcjRGdy1lS25xNGFrSHJfaTJNeGlDUWJHeXotcVFieGtaSXlIaE9MMk1OMWEtLXRRTVltck0?oc=5&hl=en-US&gl=US&ceid=US:en,Chapman Newsroom,0.0
LMU Graduate Programs Rise in U.S. News & World Report Rankings - Loyola Marymount University,2018-03-19 07:00:00,https://news.google.com/rss/articles/CBMimgFBVV95cUxNTFBqM21Od2kweHUyRkFQUHZ0UVdkWEllUng0b3dzWXBiaFNRVmoxMFdHSXZBMlJSNUlvOGhQa2V0Y3RjbFUyYm0zYXpUS1lBWW8xSjZTRDJNLW9mV3MyNmhyQVFqY3NEeGhRelhyU0tNcHVzN2lFUUR2cFZwTWhYOHhHZ3UxMmszWlFzMWdsYkhwNmtPeGJpTmZR?oc=5&hl=en-US&gl=US&ceid=US:en,Loyola Marymount University,0.0
Baylor Graduate Programs Ranked in U.S. News & World Report’s 2019 Edition of Best Graduate Schools - Baylor University,2018-03-20 07:00:00,https://news.google.com/rss/articles/CBMiwgFBVV95cUxPYmNrNTdlb2ttNDE1QVFDa3dMcVJDZmxGVzR6clR2elhhSlp5bTIzNDlMRVo5eXZCSVBoZ0V2eS1iVk83akZSVE56V0Rrekk5YVZQSXp0UW5ZaUs2SUtMV0Vici1TRWluWjNUYjZBbU1lQnYtS2RTTENNMDFoLTVJQWpkam1BR0FEYmVLMEE2eXplWWJKelg5SDRtNXZKU2tuYmxSMXNBNkdWeERkR3pNSlJhRDl3UUFHaXdUVVhOcENhUQ?oc=5&hl=en-US&gl=US&ceid=US:en,Baylor University,0.6369
Business students get slice of real world in research competition - Binghamton University,2018-03-16 07:00:00,https://news.google.com/rss/articles/CBMirAFBVV95cUxPeE1nb1MtM3BtblVDNFA1T2g1UEV5a2ZsWldpV1c1Qjl0VUg2ZkNodW1qZk9INlpXX1ZxQVBtU2otVVBKMDJRbTVTOF9mZFRxU0ZwMmJYT0NYMFBBbEowTTltUXNSWVZTb0xtd2t4YTVJekxyV3ZjR25wZFBaTGphQ2hLbTJTR1YzUEw3YXhGZjBEMlZiQ2J2SlRVTXd2RmU5Wk9NSlI1SWpWaXM4?oc=5&hl=en-US&gl=US&ceid=US:en,Binghamton University,0.0
Spring Break Takes Students Around the World - Stockton University,2018-03-21 07:00:00,https://news.google.com/rss/articles/CBMiXEFVX3lxTE1WWmNRY3pMM2NrUzZZNUhySkpZUTkxRW1INTNCSGZBSFJ6M3BWOFp6N0lSYXVIZF94SHM5WHFhLVp2THNsMGxQaWd3QS15TUt6Ui1mOUg1M2xjMkZF?oc=5&hl=en-US&gl=US&ceid=US:en,Stockton University,0.0
Virtual reality world offers drug addicts low-risk place to just say ‘no’ - Vanderbilt University,2018-03-19 07:00:00,https://news.google.com/rss/articles/CBMisAFBVV95cUxOTld6dzkxQmM1MnBuMDB1THpBQjdOOFZkSHRXeFI5S0Y3Nmg2cFlUX0VkQWVLSkdIaEF0OFBQTWo5SEE4V1Vya0RKN1BMSE9sQWhvQ2Vya3pfQWptdFlndDFjZ1FrRk1YcXBIMkh2dE9Rc2RfU1Zwbjc3QlkyNEh5dFFjUUUxV3NYNHBVVEt4ZDJ3bVFqRTR4dWZrcG9fWHhTakUtcnZPUnRkaGs4aEtOag?oc=5&hl=en-US&gl=US&ceid=US:en,Vanderbilt University,0.0
"U.S. News Rankings: UNLV Boyd School of Law Best in Nation for Legal Writing - University of Nevada, Las Vegas | UNLV",2018-03-19 07:00:00,https://news.google.com/rss/articles/CBMingFBVV95cUxQRjFHVkttMFB0TE9remtxc1lvQ21UQm9UWDg0X0tPZ1JVU0k2aHlRdXlCNjNXdjh5STBETmNfdUhLX0JxV2xEVFRrWEFvWkdINy1CNDVvVEFkVndrWkROQVk1OU83LVYwQ0s4VHRGUWxUQW9pb0hsUWR6UEp2SFpOcWc2ZDlnMmpxM29ONjlPR0pfMHZwMXhMQjJJSzVxdw?oc=5&hl=en-US&gl=US&ceid=US:en,"University of Nevada, Las Vegas | UNLV",0.6908
"Mapping Our Planet, One Ocean at a Time - National Centers for Environmental Information (NCEI) (.gov)",2018-03-21 07:00:00,https://news.google.com/rss/articles/CBMickFVX3lxTFBUU1NtbkhyU08xcjJsU2NkclVBZExWWDFyS0ZjcmVRdFpzSFJZSmE0NHF3OEtxYmo3bWVyODc0NTZqVHZaRUkyTjdfZkVzMlBDajlfb2FTMzJGdHZYc1Y2Y2tzZWZMZTRhaUZMbzI3cGt3dw?oc=5&hl=en-US&gl=US&ceid=US:en,National Centers for Environmental Information (NCEI) (.gov),0.0
China's Xi allowed to remain 'president for life' as term limits removed - BBC,2018-03-11 08:00:00,https://news.google.com/rss/articles/CBMiX0FVX3lxTE1SejdGaHZ5X0NWMUY0Z0JNVnZVTzMtSWhicXVpbENILTNWNy02SGxWSmZOQVpVb1Z5QmFmdW9UVDFuQllkbmR4ak1sbGIwZ0M1eTFtZl9heFZGUWRmWExV0gFkQVVfeXFMT1RpVWttcS1EOWNralNFSjMzeGNTZHJfem9RMVpTcUIwVmlwQVJZZEt1NHhMODFFUnpTQklWdG5xODRmWHpvNy05LWFTMWdtMG5icG1aZVJtbFhKdTZaeEFNV1k0LQ?oc=5&hl=en-US&gl=US&ceid=US:en,BBC,0.0
Growing Wildlife-Based Tourism Sustainably: A New Report and Q&A - World Bank,2018-03-01 08:00:00,https://news.google.com/rss/articles/CBMitgFBVV95cUxQU2tpTk8zUHJ6Y2pjNkFYeVIxRzR1WlFORWprLUQtRDJ2cjJlSWJjY2lkSEdUbnAtbHZjbGpOMHZMRkRfWUV0eFVpOXB0OFp1ckRuTmFhUEYxdjRaT3dtTWxadjhnVGp0Q2l2RDBteUFOMEJmbmdvemZGbWlVaXlGVXpxd3ZJSDZjcWxVOGFEeEgyRjdQenRDbldSMXNYOUh5VGFLVERIeHJIeEFOQ1Jhel9vLU5PUQ?oc=5&hl=en-US&gl=US&ceid=US:en,World Bank,0.1779
Inequality and conflict—some good news - World Bank Blogs,2018-03-29 07:00:00,https://news.google.com/rss/articles/CBMihgFBVV95cUxQcFpRU3lUVmJYNFg1MkZlYVpHR2tKYmZ6RlpBcnNsaFd2Q2F0UG1wbmhqeGUwVFJORGxKNHVVOUoyQ3daWnNQSGZsR2ViUnNCMHNOOW5TUTU3U1pYVlE2b3RCVmxwRUZTYWlsQ21kY1E4WVBKallFXzM4ZGtmY2d5cnZ1T29vUQ?oc=5&hl=en-US&gl=US&ceid=US:en,World Bank Blogs,0.4404
What is the Einstein visa? And how did Melania Trump get one? - BBC,2018-03-02 08:00:00,https://news.google.com/rss/articles/CBMiXkFVX3lxTFA5cEpUeTRzOENoOTFHQ2FSMm5ZdmtXWW96LXVlYTN5ZjFLUVEwMDlvTjhZSDZkdDFScGlrMDRHTHNsbkNqN09qSzduR0trS2MxYmtFWEhUdnZ1aWUzdVHSAWNBVV95cUxNMHRGV3Z2M1lFSHZXMGFweHRBTnBWdTFCeURzUzZrRE82M0FRM3dtbExXZlZWLWk4bW9odzh4RjBpYXJ6eGtVcG1WVVNNbTlWblB2N1RLWmNTdWF2bE5CQTlKVW8?oc=5&hl=en-US&gl=US&ceid=US:en,BBC,0.0
Is this a 'luxury prison'? - BBC,2018-03-05 08:00:00,https://news.google.com/rss/articles/CBMiVEFVX3lxTE1fNXphcDdOY05KM1ZqNUtOYUFIT0x6eG4xWHl3SjhUaGVKaXFkc2VLTHVXdEVZYmYxYnA1QjFmMzljUi12bERYb1JiUFZfbE54X2pscg?oc=5&hl=en-US&gl=US&ceid=US:en,BBC,0.0
'Cambridge Analytica planted fake news' - BBC,2018-03-20 07:00:00,https://news.google.com/rss/articles/CBMiVEFVX3lxTE91V29QQjByRW94N01SMlFTWjdHYldZWUlkQUkzSkFjaGJ1bUI4cHFLemtPb0hDRTRWbTVRazBjRXJuS3gwM1lsYUxUeF9QaFNPTFhYTw?oc=5&hl=en-US&gl=US&ceid=US:en,BBC,-0.4767
Art in the World: Geraldine Fabris | News | Arts & Humanities - Teachers College - Columbia University,2018-03-23 07:00:00,https://news.google.com/rss/articles/CBMimwFBVV95cUxOYjliZDBxaFpJUllxTk9sZWppV3VHWjRBY0k2MXFnUGpRMkY4Y0ZrNzkySU1KUlVYT2VGVzRHT2FFdnVHVFBjQUpCRlVFdHpjUWdxVHZoQnUxOHBrQmNVa2NEWGNFcTlwQ3JNeDZXZldfR29DcHRVMmRnVEY4SGxUSDNlWmI1amVRN2IyZjdvZ3JYSEs0cFd5UnQxUQ?oc=5&hl=en-US&gl=US&ceid=US:en,Teachers College - Columbia University,0.0
Belmont Graduate Programs Ranked Among U.S. News & World Report’s Best Graduate Schools - Belmont University,2018-03-21 07:00:00,https://news.google.com/rss/articles/CBMirgFBVV95cUxQeDFsbTV0RVRtYllCQUpKeWRYSzhNd0ZYMlRMM3hleTczQWpZWF9LV2Y3RVRQU21oa0FiOTFMTlNvV1Q4bVk4Wmg0dk55S2VWTWk1TjZjaWxYU0xkVUtPZkpEbHNCRlVuc2lhUzRaNDZZZkRwcDRNM1dLeGJCMG4xUVFUMDBIbGVxWkdEaFJteDNrMmYzUEJYSEY5dVQtVEFMMlcwLXhFR1pjend2LWc?oc=5&hl=en-US&gl=US&ceid=US:en,Belmont University,0.6369
South China Sea: Vietnam 'scraps new oil project' - BBC,2018-03-22 07:00:00,https://news.google.com/rss/articles/CBMiV0FVX3lxTFB2Q0ZNZnJvbEtlbWx2YjRNTndObl9hYjFCNUFzcVlnNVExTnVXUHpONzRRSXRDcDlmbVE1N3ZsLWlaQmRzVHMwaExFWEphSmxCR2JXVDBENNIBXEFVX3lxTE9pdDZsR3hrZk5SQzlaZm1sb29HUVFsc3czTnFXUmI4MjFiZDczY1NFNGtlR2xQamUxTEZua2dJeEJ2Ql9uMDlKU3FFTFVzaTZyblMxSnRieEwwZExJ?oc=5&hl=en-US&gl=US&ceid=US:en,BBC,0.0
Georgia State Graduate Schools Rise In U.S. News And World Report Rankings - Georgia State University News,2018-03-20 07:00:00,https://news.google.com/rss/articles/CBMioAFBVV95cUxQZlItREZGb3JKQmdFVU9wNHRwNFlyZ1lUMWdrVUR0WTZsLXBacWptX3dFUS0yalZWV2pDN0tYOWw3MW9YN2xscElYUXBqT1N6T3Q5dHVJV2F4Vk11bmViMzlYcktTWWNUdnNSRi1hWnY5T2dLV00tb3NMbG9pVE9VRmd5UnBJQWhpNTNNTVhNSlZYWk55QzN3YUgzVmJLeW1V?oc=5&hl=en-US&gl=US&ceid=US:en,Georgia State University News,0.0
UCSF Excels in U.S. News 2019 Best Graduate Schools Rankings - UC San Francisco,2018-03-19 07:00:00,https://news.google.com/rss/articles/CBMinAFBVV95cUxQN2N2WWVtVDk0RHdmQzZlZl9pVUw3NC1NUlRNdDZoNmhYc3gyeFFaTFZnZzFPVDMzV04yZC1YdU5aVE1uVWY5c3FINHRJMTAxTGt6OGFaWW90VHZPMWVUT3A3dms2NENjQ3lUeW85RWlrQXZBQkdBcTBQamVGcy1UaU5uMVllQ0RTRXFFUzFPVFdUTzVOQjA0V0tpZUo?oc=5&hl=en-US&gl=US&ceid=US:en,UC San Francisco,0.8271
Yo-Yo Ma calls for “culture in action” to build a better world - MIT News,2018-03-20 07:00:00,https://news.google.com/rss/articles/CBMikwFBVV95cUxPd2ppRHZOV1VIUzBvYzhwems4Y2NuX0tLUHJxZ1g0TFdhUGZIa3V5Qm0zNHlPQmpGMlM3ZTFndWpaTy1oUkp3Unl1QTBuemJhZXJaMDJZT2ZDLVRNNTcwTXRLVThmdFpZVGtEQlZxUHJJM1F1QVNBckQ3TXB4Y1l6Uk0wVzVVVXlhQmU5eHBjaEpuMlU?oc=5&hl=en-US&gl=US&ceid=US:en,MIT News,0.4404
"UCLA has nation’s top graduate school for education, according to U.S. News and World Report - Newsroom | UCLA",2018-03-20 07:00:00,https://news.google.com/rss/articles/CBMic0FVX3lxTE5tbFdsb2Vtd2RiYzJlVU1uWVJoWDJmdklRZjJ4SFllLWo2SHM4X1l0T040ZGhQcU1iMVpwaks0WUxrbnNYLUN6R2NnaDk3dVZwMVZLdDF6MW5wNTY1WnM5aHVHZ3lKc2FLanlqUFZOelQtS1k?oc=5&hl=en-US&gl=US&ceid=US:en,Newsroom | UCLA,0.2023
Uplifting News: The World’s Largest Jet Engine Takes Maiden Flight - General Electric,2018-03-15 07:00:00,https://news.google.com/rss/articles/CBMikAFBVV95cUxQamtDYWRGT3ppSzd2eTByU3ZxUXZDYUkydnpzT3ExblVlS1JMbjVPSWdEb21LU0JrS0M2QkpzZlFoaTVmNmlfcS1Wei1jNUFaVHZ0cWYzLWxZY2d3T2pFWDdOYlVqbThHU0dPUkF4Y0ppcWFZZnJ1SWJOR2VVUXlOY1Z3NHNlR25JY0pyTWtZRGE?oc=5&hl=en-US&gl=US&ceid=US:en,General Electric,0.0
Ethiopia’s Transformational Approach to Universal Electrification - World Bank,2018-03-08 08:00:00,https://news.google.com/rss/articles/CBMiuAFBVV95cUxPNl9DMVNkUWw4UnNlV1ZIT252RmJaejBIbnd3aUNsN2dhWVh2UkdVLUFjZmRtUEpJSU55NUQ0NnY0a08zbnRLZ3ZuT3FaYkFjMUNpajkyekFGREtmeWtGT2MtMWJfMTFaT1BMN2VFSFFyV0lMNjFGMTFTWXRtQWZqZVRHU3hVTXRzc25vNmRESkJNSTU1cVdOZWxJWjd1cWtJdjZmSmU0Z20wR3NERVQycGl3N013TnJC?oc=5&hl=en-US&gl=US&ceid=US:en,World Bank,0.0
From coolants to a carbon-constrained world - MIT News,2018-03-15 07:00:00,https://news.google.com/rss/articles/CBMigAFBVV95cUxOM3B5X01pc3cyWmVFUVlhdExSRHRneGRqT1B5eG5GMW81VTJldlRSTjJnQzFtTGtjcTRrSktpbV9zcmtyR0p4Q2FvUTJpWXVaU1h5R3BKb3k2aWhQNDF5RVJIVHppWnliRWFZRmszT2tWbTE3VHFsZUdiLVM4ZmI5OQ?oc=5&hl=en-US&gl=US&ceid=US:en,MIT News,0.0
Oldest message in a bottle found on Western Australia beach - BBC,2018-03-06 08:00:00,https://news.google.com/rss/articles/CBMiXkFVX3lxTFBKMk1WSlhYeFJZSWhSZDFTTWdJNWcyQkZMaE44NkJHRG1ZSzBMUUJ1Tk5FdlpzX1JjV0ZBaHJnSS1qeURId1EtMEhtNDFmX0JYTW5YSG1QNVpSSFJVdXfSAWNBVV95cUxPRERrUFhGX2lTSW5PdW9ROGl6NUM5NmVYQnpfOElzVTA1ZVVEMm9KcHZDYnVpWXVvZngzb2N6WDhBSWhVUEJqZjdEUnJVTG92amJpUlU1WlJaSkRydHBaTEtkLW8?oc=5&hl=en-US&gl=US&ceid=US:en,BBC,0.0
UT Austin Has 49 Top 10 Programs in U.S. News Ranking of Graduate Schools - UT News,2018-03-20 07:00:00,https://news.google.com/rss/articles/CBMimAFBVV95cUxNcEQ0dE55SDN5LVdQelpEVEFjakVuUUM3dnh3cHQ3aVIxMVBZRUxvZ1phcmpzeEtLX014YTNXZjFIaTRjNW4tV0xUZjZqVXlKV3dLeFRfbDlIdDQyM1VqbENxbGxRMGhaYVAwZ1BLM2QzbmJyM2N2d1dtNXdVUGhheDdxeGtHd0ZUR2hGckdZM2RNallONm5QeA?oc=5&hl=en-US&gl=US&ceid=US:en,UT News,0.2023
Meet the Human Faces of Climate Migration - World Bank,2018-03-19 07:00:00,https://news.google.com/rss/articles/CBMimgFBVV95cUxPT2pacnZ5bVQ1ZUhUbktvVjNDUnBCaVB3UEMwa2Izak4wSGx2bG9YTWRObDB0ZW96ZnFxWHFtNFp4WE51Z2RTWjBzNVZaNzJYMjZwSmJNcC1ESC1YdlRXV2dGa0xsc3RoM0hQenViOGtOSFVsMXBnN1pNd2dNOHo1MElOVXRDVGNPVUhKLVhva2F6N3JRSHVYZUZR?oc=5&hl=en-US&gl=US&ceid=US:en,World Bank,0.0
Baylor makes leap in U.S. News & World Report rankings - Baylor College of Medicine,2018-03-20 07:00:00,https://news.google.com/rss/articles/CBMifEFVX3lxTE9oSjkzVkloSXJ3MzdzNVlISXlCNlZuNTVlTTJtSUVZV29nMjRGMkZZckUxTVU5bGgyT1drczYzYncyeS1PX1FVTS1WcndDUURQZ3JHWjNzc1BtQ0Fic2E0bjdqb1d3Q2prNHpnS3pzZ3UwVjkzTmVPZXpKRWw?oc=5&hl=en-US&gl=US&ceid=US:en,Baylor College of Medicine,0.0
"Major reports on biodiversity, ecosystem services to be launched at UN-backed meeting in Medellin - UN News",2018-03-15 07:00:00,https://news.google.com/rss/articles/CBMiV0FVX3lxTFBYdzNHZFRNUzR3c0xYeFROVWJzRldlM01pNGtRWHVwdnBpLUZnOEJwS011d1loeHo3Wml3djQyZ1FvLWMzOG1jem8xbzBMQVBhWUR0STRLVQ?oc=5&hl=en-US&gl=US&ceid=US:en,UN News,0.128
Dozens dead after passenger plane crashes in Nepal - upi.com,2018-03-12 07:00:00,https://news.google.com/rss/articles/CBMitwFBVV95cUxQRGI3VEZBOUZmY3QwMXhxVmpSemwwaU5ZM3VTNFI5Y3czUlJzZFVZanVaYzlGX25YNVBaYzVMNy1PY09jY0xBZFlTWXFfWGtEb2ZMa1MyZndJQ1JLcWg5dmU5dVo3TDFEcEtQN2dWY1dHTE9sV1ZicGNJYlczQkdVREdOek5sQ09TUkVLMC1sdjFwOTVGMU9abml5cVQzbGFndGstYXZGdXVzb1hBYVZHTThxekNxZU3SAbwBQVVfeXFMTjJXUmZjekNjNXA1ZmtWZ2p3eXgwQ2ZIc2lEWlV3RzdEbXktOFpBRVpaU2M2OWplZ3FBdHJSYkhiVmczMnNnLWtZRmZzRGJrTHEyemljMzdzUWltZEg2WVZYNUY3UnJPYmgtcU1LaWJqUWRCSF8zSi1JOVZpNmNXTGVGbjE1SnlRREtTV3BzQUhvaWJSWjJwSkVGcmxqcVowU0liNS1qMmpqSXR0UzhENy1JanMxNWw2UTBsRVk?oc=5&hl=en-US&gl=US&ceid=US:en,upi.com,-0.6486
#MeToo movement takes hold in South Korea - BBC,2018-03-25 07:00:00,https://news.google.com/rss/articles/CBMiV0FVX3lxTE9mNXdiaHJfZVZqS1FKUGRjWnQzR3E2cWt4OWIyZmlpdlFRQklidEJ0RWU3NkwtTUN6WFZHNkxrTk5CRkVYOGZLWUFkelFCYlRmY3NKOENGWdIBXEFVX3lxTE9ETi1RU0N6ZGJ5dDR1b2JVYlFSS0ItVVF0eFBDRmtGemJOWGhoXzZwR0VTUUFpeWNDQndHY2VaTGtUNlRUU29iQnN0UDBuSUZRcTkydVpBNHFFbmF0?oc=5&hl=en-US&gl=US&ceid=US:en,BBC,0.0
#VeteranOfTheDay World War II Veteran Mildred Davidson Inks Dalrymple - VA News (.gov),2018-03-09 08:00:00,https://news.google.com/rss/articles/CBMihgFBVV95cUxNa1ZiQ3RlOWpGNE5IZzdYamlFbllZaUhYQjRFdGVUNzAyMmw5bXVaOUZ3dEZrUnYwellNUlV6ZF95Um4xMjBkUlloN0RlbV9LMmt6X3IxcFZjaFFaQ2RKaUVWM0lIUjJuZVBLUkV1VFpNdkJOWE9sV0pnZFg2WjRKTGZmN2lDUQ?oc=5&hl=en-US&gl=US&ceid=US:en,VA News (.gov),-0.5994
HR McMaster: Why did Trump dump national security adviser? - BBC,2018-03-22 07:00:00,https://news.google.com/rss/articles/CBMiWkFVX3lxTFBCTWgwcE95SVBvTXhJWHlNSXZray1aWEtWQm5BQTUyNnc0RklGbEY2bGJ6R2RYMXU5Z19OX3h5YUlxLXRBZ00zYkNYWjZTYUhjM0FBZjhSY2Q3UdIBX0FVX3lxTE5qOFJDakRRVmM0QXAtckdpWjBFc25JS3pZU2lLT1FmVHVZZ0JEYThvc3l2YkhmT0h4QlZyQzk0U3JhZ3NUUkFiazNWZjVaWnVuWXJnUVU3MmtIOWRxbkZB?oc=5&hl=en-US&gl=US&ceid=US:en,BBC,-0.0516
Building for collapse: Professor designs more resilient steel structures - Northeastern Global News,2018-03-20 07:00:00,https://news.google.com/rss/articles/CBMiswFBVV95cUxNNF8tRWE2RHhXWWp6SmFOUjB5SFg5Rnp4d2l0QXZ2WHNpYnI1MlpRSEcxbThPQnJJVDZid2NaUWVVWmJiaGFZSVRlVDByaWVuNlZkRm5LdExOMmI5Q0YwS0R4VERGLXc1T1NESVJ4UzVTTVc5bWxfWkhPTUVLdGlTM1cwbDIxZnVHenM2b2lPQ1I1UVBrdWpQNHc1OGVwWWd2aHRJSmk0eXhWYXlDYkotNEN5QQ?oc=5&hl=en-US&gl=US&ceid=US:en,Northeastern Global News,-0.4939
Lake Chad: Can the vanishing lake be saved? - BBC,2018-03-30 07:00:00,https://news.google.com/rss/articles/CBMiWkFVX3lxTE9Bdlh3VUJWUHEwM21EaXVqMlRLamZMZk5DejlwVzlUb2w1NmozMHdtdlNHTTZwVFlLUWFGNEJ6RDN3UnVkMlFtMk1MVmFJbm51YURFLWR1MVpvd9IBX0FVX3lxTFBoZllMR0FodS1qeGNwcnRXdjFDbWZ0cEZid3pvSk5SRXNuM2o0Szk5MG9HS21GemQySVNjWFZwSzRSNzBQQnVXa0FvNF9uYVg5OXZYZFBvSGxjRzRIOUFJ?oc=5&hl=en-US&gl=US&ceid=US:en,BBC,0.4215
Russia fire: Calls for Putin to resign - BBC,2018-03-27 07:00:00,https://news.google.com/rss/articles/CBMiXkFVX3lxTE9iVXJXX29UY1hSdG1VR1BEOWhlRkJ6VnNlWUx2UWM2aXh0TmVLZlc1XzU2a3Rzd0dNVm9UZXdpX3Y3RjY0bUs2a2V3MThnRlZSMzU4SWcxalVtZWdWU1E?oc=5&hl=en-US&gl=US&ceid=US:en,BBC,-0.5859
Northern white rhino: Last male Sudan dies in Kenya - BBC,2018-03-20 07:00:00,https://news.google.com/rss/articles/CBMiWkFVX3lxTE9xOTlWVVc0V1c5QjF3RjdSS2YyYVNBWEVkcW5wa0JJb1A0N1owMFB4OVFJam9hanNvTXVTX1l1QnQ0ZnJiVFF6X2JrbnJpX21QQzZ2SmxhYXR2UdIBX0FVX3lxTE4wS2l1Q1FySGtOcFZXRDhPajhLcUFmVGF1NHFRdjItT3VUbkJiR3Z3ZV92aVlhR05jWXdIZTBfS2F0RDBGVG92M09CMGVhZkFidG04SFhvQ0lUN3VkWWFN?oc=5&hl=en-US&gl=US&ceid=US:en,BBC,0.0
BBC eyes new opportunities with Facebook where it has become the world’s biggest news outlet - The Drum,2018-03-15 07:00:00,https://news.google.com/rss/articles/CBMiwAFBVV95cUxPbjdCMmJ4T2ZINEpoS2tmdVZnWFFJSzZRbk9nT1d4cmFLQS1XV19YWEM0YnMtYk1MYWhXNFg0SUQxTXgxNWUtZmFDTXVoajIwcDA1VEhjTjIya1BrY216azNfdWZhaFVMQS1VbGRUa3c4d3pIRHloNkFyRGM1WEVCNnVyOW9LQ01wbTk4UGtZU1NsY05YZk5WUVFvMHAtZ1lZQlJTVVJxSjQzWnY2NFBvbkNGSENYeTBrMzlzcnJSMFU?oc=5&hl=en-US&gl=US&ceid=US:en,The Drum,0.3818
Man has 'world's worst' super-gonorrhoea - BBC,2018-03-28 07:00:00,https://news.google.com/rss/articles/CBMiUkFVX3lxTE5BZmxtSnBzSkJ2R2djSkk1OER0WnkwUUVOQUZiTG94QWZ3amcwZjV2Y0lhX2lid2JkNVhGQ3pMREt4UjVIV29tdXFaSkRmRzhRcWfSAVdBVV95cUxPQkdob1RlM3psblhqd3pEVWR1RE1BVmxEWUticS10SkxpQTNpeHhTTzk3UkxObWhVd2JLQlJWQjdlakF0XzdIMGpZekV2TUxSVnM3Mkd4ZUE?oc=5&hl=en-US&gl=US&ceid=US:en,BBC,-0.6249
Burkina Faso profile - Timeline - BBC,2018-03-05 08:00:00,https://news.google.com/rss/articles/CBMiWkFVX3lxTE0wMVo1WXdhalJTX2JWWm1Dd25WSDJGWERzVXJ2VFU4bXNDSGxMTWNiRXhMRGh4Ri1PeHJtcVJSUHlDM2hpSDNrWXlZeFBmemJ3OFkxSHBuQzZiQdIBX0FVX3lxTE9sZFlpTHUyR0xTeDVlOFVScGYzQTNtTHZOMVRrQ1NGYTE0czI3Rlh1OEl0cFRod3ctSEhrSjZCMG90WXkwQWthS1RPTGstYnV3cTNiNWc4a2dJM2EybV9v?oc=5&hl=en-US&gl=US&ceid=US:en,BBC,0.0
"Russia 'arming the Afghan Taliban', says US - BBC",2018-03-22 07:00:00,https://news.google.com/rss/articles/CBMiV0FVX3lxTE1NTXppc2xfYXFxdXFsTUZVQlEzUVYxQ1VwUDZPM1VYMFItVEtXbV9LX01Wek5Wck9RbWkzMGN4SFN2NUJMRTNBWjcycjlaZzgzRmZOZEd5a9IBXEFVX3lxTE1uWGZnb2ZJaUJvV2VVRmhoRVNDeUtnX3ptMWhiMVo1aHdacUNZdG4tVmtqSGNjRDRDakV6V0hQMzVvTHRWd3VkSmVaazNBRFhRYl9CS1BDcG11QWg2?oc=5&hl=en-US&gl=US&ceid=US:en,BBC,0.0
World Hacks: A surprising new afterlife for chewing gum - BBC,2018-03-05 08:00:00,https://news.google.com/rss/articles/CBMiU0FVX3lxTE5NYkhoc0ZxZjhCV3NfMDBqaWkwVnVYRTJ5Sl9aM0lMdktsUy01R095LUhkWTY1T3VqTWZKdWRwMUFpMkVmbEhnNWEzVDBncklHTkgw0gFYQVVfeXFMT3lHRzNVZXhROHBNUVVWdzExd0g0ZmNSQWRrdUQ5MFJ1MjlGUzBvUzI0S1IwZFhDU1VWeWRMNzE3a3pIMHJwaUNoeDFpVl9RbVllYnFZeTFXOQ?oc=5&hl=en-US&gl=US&ceid=US:en,BBC,0.2732
José Abreu: Founder of world renowned El Sistema music project dies - BBC,2018-03-24 07:00:00,https://news.google.com/rss/articles/CBMiY0FVX3lxTE9obHNlWmk1S3Q0dGFfYlozREw2ZDBNN2s0dDA5UEZZMENYV3ZncXpZVEN6VVBzRmxoVGY4Zi1ERFBGYllxRXJOX3RkVDFEcjVSMlFPWjBVRHlpTnpfN0hiZ0llVdIBaEFVX3lxTE5ieDJfV1VJcEIzWHlMQTVwS1A5MjVkRThQazdtamFsZWM1UWRWTm9MWjRkQ2JTNWtvX1Z4UE5mNXRrRUhUNkUwNWszTHZmVDBaX3dDRl9QQmk3OEszbTZ5TWVGMXVXUFZl?oc=5&hl=en-US&gl=US&ceid=US:en,BBC,0.0
Can ZnO light up the world? - News - Compound Semiconductor,2018-03-22 07:00:00,https://news.google.com/rss/articles/CBMigAFBVV95cUxQTUJtdktoNkIxRTZNeDJFRGlXa2MyVGdqUVNTeGQzOFFpRHF2UmhJbkZQN3ZJZUh6VzZDWHdiOVhIUF9JVUh4b0pxV3dTTDlFUkh6XzB1b2pZUHZUeXdCdGRPYVFpbUJMTm5HNEQtOU5CcGRpNURrRHZHU29za1Aydg?oc=5&hl=en-US&gl=US&ceid=US:en,Compound Semiconductor,0.0
Release of the publication World Heritage for Sustainable Development in Africa - UNESCO World Heritage Centre,2018-03-07 08:00:00,https://news.google.com/rss/articles/CBMiS0FVX3lxTE55LV9hZksxa1pkbUctazhaZmY2MkxpQTZ5YmppM2ZSbjlpMVZOenVaeXlPX1ZtTDFucUxrRzZqYy0zV3F3MnBMX1hQSQ?oc=5&hl=en-US&gl=US&ceid=US:en,UNESCO World Heritage Centre,0.0
‘World News Tonight’ tops Lester Holt’s ‘Nightly News’ ratings - Page Six,2018-03-13 07:00:00,https://news.google.com/rss/articles/CBMikwFBVV95cUxQWHZGcTBNb3BZUFpqSlk5ZHJIMXBjbkNhWlZuZ05YRjA2dm90Y1RXOUZMWjR5Rm5qQ1huTjU4Uy1WV3AwckxPZW4ySDRIS3Mwc1VPWUhBTjVEOUhnSjNjNnp5bG9DUkhTZmV3dWVsMGFWbm5kTjMxUzRQX0tYSm84T29BRlEzZkZDY2g0UFd6RWFCckk?oc=5&hl=en-US&gl=US&ceid=US:en,Page Six,0.5106
The world’s 7 longest-serving rulers - Al Jazeera,2018-03-12 07:00:00,https://news.google.com/rss/articles/CBMiggFBVV95cUxQNTFvOVR3TVdmMkJqdVp3R1pJdHFlZmpsYjYwSjBmM3J1a2VzRkR2b2VSZzc0dzBFSEF3czVUVFVtaDVJX1c2dHc4Rkp4MUgxYUpnamZUZDR1NXY1X1pBcHdfeFBKWmFZV2F0NWllWXY0TjJ2M3lMWlBBZG5GOG1lbDRB0gGHAUFVX3lxTFBBdkxUOUNoZ255ZTJPMUJiREhxaGtJVU9ZTVdmSC1Wa3Q5NEVuN0FLek5KbGxsMUNLSUo4RV9OOEFZVU1jajZyOGpQZGVZUWV1UThJb19vZ0xPRWlCbE9aekdMX2FQX3lXWklhQlZUa1lXcFpLSkx4bkVLNGItcElwR3RTQ3RIOA?oc=5&hl=en-US&gl=US&ceid=US:en,Al Jazeera,0.0
March for Our Lives: 'The world is on our side' - BBC,2018-03-24 07:00:00,https://news.google.com/rss/articles/CBMiXkFVX3lxTFBzLXQ4cWFMM3ljcVVReWlTOWxmcEYxWTNYUG1LZTVkbjBGQVZPMTNOZ2NWT2tzZEM4MlVpVTRwaXBRVi1wQVhwc3pUdktDUTYyTWZzVDg2VEtNNjQ4ZGfSAWNBVV95cUxQbFdOMTFsVlNnQUx6RW1ERUVqRkF4LTFtam5MNHh4cFNxNUxZa2w0YnkwWEt2R0U5R1ZCWHFDLUJpekRNdTZ5OWlqWnNoSkJrOFN3OTJmQTdMbzc1ZGxpdFRSQzA?oc=5&hl=en-US&gl=US&ceid=US:en,BBC,0.0
100 Women: How Hollywood fails women on screen - BBC,2018-03-02 08:00:00,https://news.google.com/rss/articles/CBMiUEFVX3lxTFBzTzloaDluZF8tNGtsakVTSE14VjJRQzdSYTFXM0pBeDFGVVhFUWNZa1hfaXoybjZYclhacVVfRlViUnVESWFGNWlxdmZJUnJy0gFWQVVfeXFMUFF0QWhlVXZsMVNBY2tWSXQzM0M0RVBTc0k3Vy1Sb0V4a2xncHk0YXptSXpIRUdqV0JXMlVLLXo3eUZGUnBrUDVCTkdxYlRaY0ZMVDQ5LVE?oc=5&hl=en-US&gl=US&ceid=US:en,BBC,-0.4215
Malaysia accused of muzzling critics with jail term for fake news - The Guardian,2018-03-26 07:00:00,https://news.google.com/rss/articles/CBMisAFBVV95cUxQdmlMbW5pRTRtczdhNjZseFZjSWJYT0lqUVZfVWtBV3RkRGZIdWVsNHI2dGJJQ2JLMC1lUF9RSW9MdmoxeEhtTFFNTmpLMEExYzNTd202UDdzd3JJV2plR2ZsUXdjUWdpSGJuYzlsY19uZkEtMVpRem1ncHFJZGJscGtKaEJ0enUxVzRyd2tTZFdlWWQ1cV9XV2ptS3RNLURNajB1eEZiV08wQ3VCRDVLaQ?oc=5&hl=en-US&gl=US&ceid=US:en,The Guardian,-0.7579
Department of Criminology and Criminal Justice shines in latest U.S. News & World Report rankings - UMSL Blogs,2018-03-20 07:00:00,https://news.google.com/rss/articles/CBMibkFVX3lxTFBpa1A3cGRYcG1nWmFJOXVBY1EwYV9WWXlUZ3Z1cnBUTTRJb0VMV0YyM2I5SnlvdE82ZUhEVkNkbUhfVnk1b2tNcHpJWGE2RXEzdE9JbVBPMldkX0xTMkZjRDRhOXBzbzdyLTZmbURR?oc=5&hl=en-US&gl=US&ceid=US:en,UMSL Blogs,0.0
Women in the world of gaming - Microsoft,2018-03-29 07:00:00,https://news.google.com/rss/articles/CBMieEFVX3lxTE1mZnZ4WXA2dU4yMHgtcF9tYWJCclFSTHBsY2ExT213QnRXckdDUDJKR2U5elNjMkdzTjBNNjVqWGtDaEJBTzJpSnRlNDlxcU9IWjlWUmVYLURyYWNTZk9TUDBicV9jZzdyM196X0dVZDY4a2VSV2hyaQ?oc=5&hl=en-US&gl=US&ceid=US:en,Microsoft,0.0
NH ranked best state for economic opportunity by U.S. News & World Report - NH Business Review,2018-03-01 08:00:00,https://news.google.com/rss/articles/CBMilwFBVV95cUxPQTJiMHhST2ZQSThyaWJLb0RQM2tJc05tWGRGcFVHclZhVzFQaE1MWlc3VkItaEZyZ3lrbVBBR0JTRzRHWV9iRENqM0NlV21fZUNFM0E0WHFjb0M4TTJSZk42Nk1WOGtvUmZtQlhwMWY2UU9oWVZ5RHhLU0lFNGgtc1RvOWpGZEJCcGVHQmd5YzN4OFJNeDRB?oc=5&hl=en-US&gl=US&ceid=US:en,NH Business Review,0.942
This skyscraper-sized air purifier is the world's tallest - NBC News,2018-03-21 07:00:00,https://news.google.com/rss/articles/CBMimAFBVV95cUxPaHhEMjZkcGt3T0dRMGNCX1BEMlJfbVRxRGZnUi1ILWx4SlBZc3piSVhYc2JYRGZaSlRpaG0wOHp0bjJ1VEN0WTM4ZnFBRkwzRDJLb2Y5ZFZ6bkhlSVNfbXV6Q2FRQUdFQmQ2SjZiSG9CeWtEMTRTR3EzbUd3cm5XRDRSQlNaUU5BNGQ3cFJOcC1WQVBqd3g4MNIBVkFVX3lxTE90bDlLSy1CZGdfRVRWQURsRjdhb3ItYkNLbXlDVUYya0UwVWlqdW9wU204WnhwSlZiVmpOZmk3Z25hVjlTNS1kNDZRblZ4bkFBOU0xQVJB?oc=5&hl=en-US&gl=US&ceid=US:en,NBC News,0.0
Vatican scrambles after pope appears to deny existence of hell - The Guardian,2018-03-30 07:00:00,https://news.google.com/rss/articles/CBMipwFBVV95cUxQUXR5c1ZrUEJIbDdHSXlCNzZVVzZ3c0VmMHZFbldhVmxZWlVCQ2ZFNUNMUXJzY1c4WHJyY1ZJUm9xSmprcFViOHpOdnJyNlRWeERJSWpNb1JTNkFvTV9KTEpwWWxZdzVqNWFTc0JSRWVWZ0VkZlFvRFZPbWUxNHhta01EcmJ4TlpmVnNMeGVwaElOaHktVmI2Z0NENGVKaGtXS1RwTjhtVQ?oc=5&hl=en-US&gl=US&ceid=US:en,The Guardian,-0.7906
Are our smart phones affecting our mental health? - World Health Organization (WHO),2018-03-28 07:00:00,https://news.google.com/rss/articles/CBMiqgFBVV95cUxPaU5aR0luVlVCcWtwUE5ZYlUxM09TSTdvaDNFYXZicGtSQWU4dDRfNF9PM08yRWtLT2pXd1d4cnl5bElhN0pwUENmQ3VhbjZzdjhJQ0NZcmNCWUl0d01NOFJRZXBRREpQSmxUQU5ZTGRDSXlpZFhRZnlPeWNwTXJWYWJPT1dHWG9aTVZWcVBzeWZXSUwwNXJQdW92Yk55S2FNT0txXy1STDc0QQ?oc=5&hl=en-US&gl=US&ceid=US:en,World Health Organization (WHO),0.4019
World Water Day 2018: ‘Nature for Water’ - UNESCO World Heritage Centre,2018-03-22 07:00:00,https://news.google.com/rss/articles/CBMiS0FVX3lxTE90aXRNdnY0V19GMlpkMnNpS2hhMmZxUVp0bGEydVA3ZExCd19ZOEhfRm1KZGgtOTVNY1lsOXNGVURDWnMtcVg3VnNqcw?oc=5&hl=en-US&gl=US&ceid=US:en,UNESCO World Heritage Centre,0.0
China's anti-corruption campaign expands with new agency - BBC,2018-03-20 07:00:00,https://news.google.com/rss/articles/CBMiX0FVX3lxTE9PQWkxazlxVENNSlUxQmRZV3ZUQ0FmUmdiVlI2bE9Nd3dGcjhRdkw0aVFPQmRVdldnekdOT3VYUFpWSy1ZS09WcjVSWTV5ZEtRUDBCWTJJUFdGVzNJOXVF0gFkQVVfeXFMT0pzak9wMm4tVkgwUElsVURUb0VzQnJsS0xXVTNlTUlzTmlkZTUzdkhnbDY0QndjM2xNRGoxcy03ak1HMFRSM29xQklPcFlOMkE4OUVwREFkVV9oNzBrY1IwMURmaw?oc=5&hl=en-US&gl=US&ceid=US:en,BBC,0.1027
Plastic: WHO launches health review - BBC,2018-03-14 07:00:00,https://news.google.com/rss/articles/CBMiY0FVX3lxTE1oU05Wa2ZaWmR1WmxCQWZyRkFTdzVCaTRJb3VES0Z5ZEQtS29oQ3BueTNJNndGRGNmeXJHTVNTbk1GNWcybElqOUhiZXVIdnhNZzRZSTlBaWR0d3c2d1ZnZlBaMNIBaEFVX3lxTE0xdE9qT3F3WTBSeDhzWkVEeWR1OEhXRkdMajlndlJQdzJEQlJwaDNQcllWdllXWkpMbXA0SUdPZGtlQlFSYXFTUHNta3p0cjBUazVydU5PUE9FM2VtVUhfcUdlcWViUzg2?oc=5&hl=en-US&gl=US&ceid=US:en,BBC,0.0
Women in India's Economic Growth - World Bank,2018-03-16 07:00:00,https://news.google.com/rss/articles/CBMihwFBVV95cUxOaXpjVUV6anQzNndHSzhrdGt0MVU1NndqdXYtNGduM0JkaXJnMWxVTjZaY1hVNG1wQlJ2dHJkNEJVT2Q5cURaUlp2S28tN1BWX2JhVFloV3NSWmlwdjZORVFiZ3dVV3F1eXJjUlR5NGlGNFVaM2toTVpiX2s1dVU0N1Znd0lENUU?oc=5&hl=en-US&gl=US&ceid=US:en,World Bank,0.3818
The science of fake news gets a boost - EarthSky,2018-03-11 08:00:00,https://news.google.com/rss/articles/CBMikgFBVV95cUxOOXlEYmZuTzcwY3l2UjU2aUZmYUZlTGpEYVowSWdzSGJ4YklvSnRMM3Z5dkRnd2lzVFg5cFZDMmY0ZWJ2cnM0bzF0VWR1R1loeVU5WE1OUEJ3SllkRFAtWFhhNjlfOVN3V1hFU01wVzFNcXZOSHJHZG9PMDhQQlhzTWQ0c2pWUmp1VUVDYXhvbjJZUQ?oc=5&hl=en-US&gl=US&ceid=US:en,EarthSky,-0.1027
Featured video: Solving a Rubik's Cube in record time - MIT News,2018-03-16 07:00:00,https://news.google.com/rss/articles/CBMigwFBVV95cUxQeXNaTXNXUjdKVVZuOHIxdDVEZ1Z3M1c0TnFFMEpVYWtFTFh0b1RMTkJKZVVROXEzNE1LVUNvYWNIT0VlU1hnTG14SHk4S0FmYzF1UGlQcUJpWEVUelNqLXNJWmh5Y0tLM3Y5U0xwMmtLb3B5V0JZTm82bnZRaWFLWnd1aw?oc=5&hl=en-US&gl=US&ceid=US:en,MIT News,0.34
How pioneering Mediapart has set the French news agenda - The Guardian,2018-03-16 07:00:00,https://news.google.com/rss/articles/CBMiowFBVV95cUxPeEVDekZQQmJlaDB2bDlnQWY3Nk1jeEZoaG1XOUl5ekRveUZsaDRnVlZFODBqMHNjVEYzV0xqLTVKSmxOSXVsX1RDRWRHSXlObzJ1WmlSSDVrYWRNYzE3bDQ3Wmo5ZTVkdkdRNjhmbGFhNjVRbHdDcTRseUNfbDVBalAybm8yUUN4blB6cWhEY1RrV3dfSXNWeGdQamp1c1dOUGFN?oc=5&hl=en-US&gl=US&ceid=US:en,The Guardian,0.0
Sky-high prices of everything make US healthcare the world's most expensive - The Guardian,2018-03-13 07:00:00,https://news.google.com/rss/articles/CBMimwFBVV95cUxPb3JrT2xBMnh3bjFqR09wMXNGbEM4QkZoTWdyZXZRTmlZTXZkN2ZLRzdoQXVVelRqMVFmcXBLOFVoR09HSlZqUmw3ZlM3b2tyclZfSjNlak1TWS1DUW1NN3FaSEtDUEZOWDlhV1NKNnRBRDBLQ0wtWnhkSTJfd2RaNkxaMWJyNEtXZktGa0tJNi02d3UyZ3RuUU9MSQ?oc=5&hl=en-US&gl=US&ceid=US:en,The Guardian,0.0
Russia election: Vladimir Putin wins by big margin - BBC,2018-03-18 07:00:00,https://news.google.com/rss/articles/CBMiWkFVX3lxTE9jUEg0b25zcV9SQzM3QTZsTnR5NEpFZk9fOEV0bjVtak5QSmItNW5BcTlKTWRaOHQ0VllJZmlCcUhJWmRtS1dIaGpOVWFuYUJMR09Qek51Q0t0QdIBX0FVX3lxTE1JQTlvZUhzQmpDNlh1ZlVaU2M5LVB6QjBJTmotUFliblgwb2ZOU3hGcU1SQV9oWjZSMW56S0JQVUNtel8yVXVTN0M4RTdnLV9HU0JNampyWVh1b2NITm9N?oc=5&hl=en-US&gl=US&ceid=US:en,BBC,0.5719
Israel admits striking suspected Syrian nuclear reactor in 2007 - BBC,2018-03-21 07:00:00,https://news.google.com/rss/articles/CBMiYEFVX3lxTE9qdjdMY2VGNVpnNzhNR3JDOTFlZjZGd0xZZGp4dEtRb01oeGRYck5uQU5CMW1HZE1wWWJ5SDN0Z3Z6bUtScFBXNWFlS2N3NUE5Rm5lUEVkMjRDYVZzd3VDZdIBZkFVX3lxTE5HNTd6QkZVQnNsNXNqeHBTMm5xczk1Z0VpSnpTQncxdDhkc0oxUHhtUVdHZi1fbzZUOHpXZzVYNEhnT3k5cXlJMzNlSEwwSjFJUWlzN2VVRk1rUVNHN1R4Ui1QYVQ0UQ?oc=5&hl=en-US&gl=US&ceid=US:en,BBC,0.0772
South Sudan's Dinka people – in pictures | World news - The Guardian,2018-03-13 07:00:00,https://news.google.com/rss/articles/CBMilAFBVV95cUxQMWYwUnZ0cjI2MllobW5LZjdYcFdneUJIeGxjaTE0MzFPYXdkTjMta0xGVVJYRV9KUUJSUkFSYVJyZS1kNzVyQU5McXZnXzdfSnk0Ty15Yk9jaE1renprSHMyYmhpTFRmdmZmUFZoNkdwRUthSEpDZkxsMElrZVpEbEtVSXl6Q0RUVmV5TlFpSElWVElC?oc=5&hl=en-US&gl=US&ceid=US:en,The Guardian,0.0
Shepherd Bushiri: Meeting the man who ‘walks on air’ - BBC,2018-03-04 08:00:00,https://news.google.com/rss/articles/CBMiWkFVX3lxTE9adG1yV2pROW5ZWnJfZkZmMkNQRGlZcWVxblpxUU52NTFSdGdFTTllY2ZYYkRVNzlrQ0RFZ0RmWnE1VGJoZUthSEF0dzdkU3JHaUlQdllSTEdMUdIBX0FVX3lxTE1YMk5lb0M1Sk5feUkxRWJMdlZ5aWpWd1Z0RHNnZ2ZSZm96cGZ1Z1pUYmZsazhrU3MyOGgtc20yVmNuYnVuam1uRjFyOGdFUnhEd1JHVXpKN1o2Y21oUlhZ?oc=5&hl=en-US&gl=US&ceid=US:en,BBC,0.0
Saudi Arabia pledges to create a nuclear bomb if Iran does - BBC,2018-03-15 07:00:00,https://news.google.com/rss/articles/CBMiYEFVX3lxTE1fQlgySkFnZDdBNWd3Yzg0a2s5NUxHTS1qY1paMWVBLUJrRnJxTVZGQ0VCT050VUlEMGgwRldaV2dkNXRsaHBlLVh0Qmd0MGhkTi1pT1lETDRxaGZRVTNIa9IBZkFVX3lxTE1qZXI0QktiVElTUmpLbE5fTGtmR2RWdzVoMWd4ZWxpSXJzaW9lellkNTduRVBsWU1oeHVybkh5UjViTVlBN2R5UjFhWGQ1RE5MQXdiM2dpVE5BaHlZcnltNF9DeE9GUQ?oc=5&hl=en-US&gl=US&ceid=US:en,BBC,-0.2732
Meet the man who cut himself off him from the world when Donald Trump was elected - The Independent,2018-03-13 07:00:00,https://news.google.com/rss/articles/CBMiygFBVV95cUxPY2dySGx4cTF1ZDg2QmVsZzV1c2VkdWVYZThNVUxPNHhrZVRpQm1nU2VobVc0R0QyZkxRblZoWV9uYzAzSFZ1cEZmZkVnMmE4cmFSQ083bTVSX0VPdDRsTXpITjlaTnNwMG9MYm1Va0o2cEczbTY1d2tsZ3c2VnU3ZV9ubjVsUE1Kc21QS0ZhMUVndHRxbjl2TVVoaFE5d1A2czBvZldMSHNRcG05dHR0TDYyVy1uQlpsMUI2a2FTMlJteUlqcnEyWUVB?oc=5&hl=en-US&gl=US&ceid=US:en,The Independent,-0.2732
"""I Have Never Been So Happy"": Nobel Laureate Malala Yousafzai In Pakistan - NDTV",2018-03-31 07:00:00,https://news.google.com/rss/articles/CBMirwFBVV95cUxOa0VlQjBPNERPSVpMZ3BOeWloWU52RVIzdEVyamN2X3ZnSTVYbWpnY3Y3QjJSd0R5VFdYSU5xRVZocGVCbkhPT09aVy1EUVpXUDhUUGlVOFI2WTgtSk5Va0xoXzl5RnRqYjdONEZYeTVUZ3NPY1hoM0tqY0pvalhOOTgtQ1FBRVVkVlVvSmFNaHdZd0lrSXlRWElGa3VYcVhsbU5GcnFTTDFJS3ZQQWNR?oc=5&hl=en-US&gl=US&ceid=US:en,NDTV,0.0
Sheridan fails in new bid to sue the News of the World - BBC,2018-03-08 08:00:00,https://news.google.com/rss/articles/CBMiWEFVX3lxTE0tTVZKLWhOenVMeDJsNnJXTUc2YTJnQmZENFJ5T3FRT290ZDNYaWVxZ3RJRWJrbWFOcXFYYVBtSjJRNFBuQmpRTFAzSEF3TDAzVFdGVnpyTm3SAV5BVV95cUxNSlQ0SnBGaHE1dHpXMnNIY0toRDRhajFMa3E2U0lfSUdIOUFjTmRVZ0RqYVg5QVZjaWdBc2F3dXNYQzZvcmN0aHU1elJTZzQ1akJhYkw1Q2NmYVBmdzJ3?oc=5&hl=en-US&gl=US&ceid=US:en,BBC,-0.4215
Nicolas Sarkozy faces formal investigation over alleged Libya funding - The Guardian,2018-03-21 07:00:00,https://news.google.com/rss/articles/CBMiuAFBVV95cUxOeWVpUEFhYTM1VEp5X1RTakpNQVUybDV5R1hickRjNkdOU1JrOXRFX2VtLU1iNEVQX3RSZGdDekYxOG5uX3FGLXNHNkM2NUtwNnJ2X1FLZUNQbE5HVWs0b29GejF4NXBESV9Cc195SFF4YWdNU2pFdHlrangwWGRjOE9lT2xWdDFJZ2haTnBxRmUtaTJWakVJMnFPMDJqR3AzU2JVc21wLVZ0b1dwLTFENi11OHE3VUN6?oc=5&hl=en-US&gl=US&ceid=US:en,The Guardian,0.0
"Sudan, the world’s last white northern Rhino, dies - Al Jazeera",2018-03-20 07:00:00,https://news.google.com/rss/articles/CBMikgFBVV95cUxPR0w2MGV3TWNPY0RwenE3c1hYdGhNd3NiNVVvLVlPdHlKZlpBMEdUdk5rVjBiNWJQV1BHUlRtS1lLREI3QUFmUUhRdjhScUg5UGoxSzhBeElhVnB4Yjl3bWNOUi1tOHVnSEpUeUtobmtFZGJTcVo1MThuaTBlTmF3QjN0Vkd6WTJWZnR2TTZhV2NTZ9IBlwFBVV95cUxPaDlZQ2k1czNXWllzWHRvTERqSC1Pbmk5cTMwRzYtNmNHWnNmUjAyWVlicjY1SkhKYWo5VHhKT0sydlJMVW9OMXN4ZXJLU3JlZkRnVVpqOW1IQ09QTzhtbFdGVlZPZXo4bEhMV3laZDdza00xNjk4MEFNVWFUR0tyRlFIT2tUeTcydm9ORldQdjhnUmx0cDFB?oc=5&hl=en-US&gl=US&ceid=US:en,Al Jazeera,0.0
The World's Last Male Northern White Rhino Dies (VIDEO) - Scripps News,2018-03-20 07:00:00,https://news.google.com/rss/articles/CBMikgFBVV95cUxNTHpxWE5kX2ZBVnJXck1OUXJxSWtBbWFPY3NqWUVCRUJKVnFtRlRtVHR5dHJLY2dNcVVPQmozQXRKeVJ4YThBVzNVZWdWT1VqNWxobFIxckhCWkZ2MmNYTmZBYU5GelBhMW9MVEZlaG5NcEFoMzNkYUJQTWtCNG1pRHEtbWpHZ2NobGJGX0puRmN5QQ?oc=5&hl=en-US&gl=US&ceid=US:en,Scripps News,0.0
Spread of Wahhabism was Done at Request of West: Saudi Crown Prince - Morocco World News,2018-03-30 07:00:00,https://news.google.com/rss/articles/CBMirwFBVV95cUxQS2ZzTDdRTEhYNFp6S2dxVlk2UHRvc0dEZi14cDRRdmVmRHVjTHRwVDNwbWNMeXUyalFtVHkyTzBNSlFTSlQwYzY4b09HNFBqWFdQVnBGQVo4OWFVd0MtaXNwTE4zcE5Ka0x4RFZCVHRfdHhkYjlhbnk3N2FJdm1BOGhhQWJ4NzFoN2ViaWxyWVMzT2lkWlk1el94amRHX19FSVVqUndJTUVtM0lCMVZz?oc=5&hl=en-US&gl=US&ceid=US:en,Morocco World News,0.0
Progress with Indonesian SMR project - World Nuclear News,2018-03-16 07:00:00,https://news.google.com/rss/articles/CBMihwFBVV95cUxPQVllU3pnTDFQaDNLWTNHckkwVTdwLVNHR2x3NUdRNzZzVk5TSVpfQ2VnbVJKNWJrT0dDN01WUkFWaW42ZWhNRmJwNjBlWC1za3ZWS2Ywb0x3eWJWMlpfbFh2c0tBdFREVmkydWZleGR5MVRPTEJWNnNESGdVNXZLdDNBT2Z5ZGM?oc=5&hl=en-US&gl=US&ceid=US:en,World Nuclear News,0.4215
Panama: Trump hotel standoff ends as president surrenders physical control - The Guardian,2018-03-05 08:00:00,https://news.google.com/rss/articles/CBMinAFBVV95cUxOaDd3OTNud1FfU25XdHNqVHg3VmZTOHpvQkFhaS1udVI3WGlkSXI1ZXBXbUtrckhaZmVzNUU3RF9FTHU3VGhSZTJ3MFB4Q3hCQU1XMnIyZ0hOU3ZQd1puQy14MklLM1JSNUZiTTZCR0JhV3gwMXI0cFN1OHdjM29oT3lIQXVSSmlWSHk3NThtQzlUNEZGbzRycE9mdFc?oc=5&hl=en-US&gl=US&ceid=US:en,The Guardian,0.0
GE: ‘World’s Largest’ jet engine takes flight in Victorville - VVNG,2018-03-16 07:00:00,https://news.google.com/rss/articles/CBMihAFBVV95cUxNRk9jMFZYSDlWUXBhMmRzNzZIUWd1eFgwOE1vLUd2T2p3Y0tHVHBEQlZnbWJkWDJvdUxnOTdIZnFaaEh2UlJ5OHozMXlaMjRtV2l1TW04bkVlRU1HaFl5bTI4akVQT2dhU3gtWHprWERqVjctVk81ZUlmZ3E1QldwNHo0c2E?oc=5&hl=en-US&gl=US&ceid=US:en,VVNG,0.0
Water slide that decapitated 10-year-old boy labelled 'deadly weapon' in indictment - Australian Broadcasting Corporation,2018-03-23 07:00:00,https://news.google.com/rss/articles/CBMiowFBVV95cUxPamM0d3Nja0NJMUtvQ3BZMC1uSDZvTXFfZHh5WmVnYnJ3bUFyQVp2RU9yYWlrU253VjNlczdoc3F1b3NMdmVCWlhKX2JrLThXcl9JbUlHSEFveVBKajVFTEt2SHNyeUtrRHY5cHlLWGN3U3BpZ1EwSGFRbjlBWkp1Mk5WVkdmOGgzdE45LVdWTkNSUEMyeUQzVVNQV2hEMEJNYkVZ0gFPQVVfeXFMTWdZbTdVcWk3SThGMW5aUjNTQmZGeU9GaFZpLVVrNC10Q1lOaDgwSV9DVlNUcEppekJDMERaRzE4eW5vSWxZOWZOcDY3eFFHbw?oc=5&hl=en-US&gl=US&ceid=US:en,Australian Broadcasting Corporation,-0.296
March for Our Lives : thousands join anti-gun protests around the world - The Guardian,2018-03-24 07:00:00,https://news.google.com/rss/articles/CBMilgFBVV95cUxNS25CM0FJZnhUV2VQTlRBbTZxODU2T2xlU1MtYnJZWW1peE1QZzBwMnk1YzVmVjdiQlJCQm5VbnB4US1KTGxZS0NHaEQxcGUtY2hHX09rcVRHaFAxVHlLUk5fSGhYa0lLVDRoMGlfTl8yeTUwLWg3cl9VZkUtVkstemFRRTF1cnU2SVpUOTZaX19rZ054Qnc?oc=5&hl=en-US&gl=US&ceid=US:en,The Guardian,0.0772
How children around the world are exposed to cigarette advertising - The Guardian,2018-03-09 08:00:00,https://news.google.com/rss/articles/CBMisgFBVV95cUxOM05UUlFrVXhSelFKSUxpU2E2MU11bXpjZnV3TFFIV3dLUFJFNjNneWY4ZzEyaEtvTlBFYWU4OXR5ZXVsOWJzajgwakJIOHpHeFFWODZRNE9ZakVHV1Vua3YtbWZZOHpWYm9iTHRsNWQ1RTBlZTRMdE53NnNESXhUdUozM1dtbTNWOUZEX202aVhjc3pCZjRiS0Zlb2NZOGgyRU52eExaUGk2N2lud195NHRB?oc=5&hl=en-US&gl=US&ceid=US:en,The Guardian,-0.0772
Tesla in fatal California crash was on Autopilot - BBC,2018-03-31 07:00:00,https://news.google.com/rss/articles/CBMiXkFVX3lxTE5YOEUwRGNiVWtwYWV5U3BPWGZOT2lwSVd2eE9JYWhBYTVfcXo4akQ2bkJoTU0xYXREWjVfNGJKWG9mZTUyTmlLb2hjSWNraTk1M201V3Z4R2I0eV90OHfSAWNBVV95cUxPSHJ3ZE1DWW9vZExSMlB6dDl0c0pWSS1YSlBycFZuSEVpWWdHRk1sWjlOc2JHU1VGbFNzc3hPdnRNcXNseU9wVUNwek9WYzViZXV0NkRKdlJQWDRhcndmOVFnU00?oc=5&hl=en-US&gl=US&ceid=US:en,BBC,-0.7351
World Half icons – Elana Meyer | News | Heritage - worldathletics.org,2018-03-17 07:00:00,https://news.google.com/rss/articles/CBMifEFVX3lxTFBSTmg2eU5sV2hYaGhKLTBpRHc2WWtZcVhvWGhvd3lWcU5Eekdmcy1URWt4UzFRYm41SkFLY2xkY3FYa2ZYajk1ZjU3YmNuT1pCQnRwQVgtTUg2V2pjTlZkRW02ZFBHaVBRVUR2OEhhNS1JSlJFOFhzT1p0Vjg?oc=5&hl=en-US&gl=US&ceid=US:en,worldathletics.org,0.0
International Women's Day around the world – in pictures - The Guardian,2018-03-08 08:00:00,https://news.google.com/rss/articles/CBMiqwFBVV95cUxPM1hYUEhJLWRXM2g4Y0JaU3U4X0VjRThzWklfR25nRjNyYnVtQUw1SzlzZUFIN2lwVmZGd193XzF6Y3V0dzVPSnhYRnJfMjVfZ2N4YVgzblZURmZVWW1zemozR2V2QkVoTE9ORWR4THNkczhBUnhwemRqajhjX0ZpTVY0TERaSjhqaHJiczNxaFVxRjNaeVRnTkN0UTRLRGtIZ20wZjNXaGtseVU?oc=5&hl=en-US&gl=US&ceid=US:en,The Guardian,0.0
Cambridge Analytica: The data firm's global influence - BBC,2018-03-22 07:00:00,https://news.google.com/rss/articles/CBMiUEFVX3lxTE1uM1pYaGxXTVZUU19lXzJILTlfdWpGSy1Kbk9OY0pGTlBndXVZbnFjWnFpdEc5NVdzQWl5T0E4ZlU1ZW1ZYnd4dUZqUlBKQ1ly0gFWQVVfeXFMTWY3V3loUy1LNFBucV9laUNDUjd6Y0Q2NmlTUkhNUmRqTnBLZEhoZEcyZUV2U1lVZXUwY0NoSktxZWxBUWQ0VGVRZ2o3OTc2UV9lSWxOWnc?oc=5&hl=en-US&gl=US&ceid=US:en,BBC,0.0
"Finland is the happiest country in the world, says UN report - The Guardian",2018-03-14 07:00:00,https://news.google.com/rss/articles/CBMijwFBVV95cUxPbDlIaGozMGxuTmxUYkx5ckVpOTh2TFlJdXloamZxb2xnM1RwMk4xQllObGJaeThFbFdMNGF5N3lUa0FmMXlQb2dqZnZiOWU1SDY5Zy1HMkFjdGRCWTNBdWJ0TG1WZlBPbWVxRGxSejJzLXFNNW1mMUFJb21mRXNfQV9JMzRsMUxJWFR5Y1QyTQ?oc=5&hl=en-US&gl=US&ceid=US:en,The Guardian,0.6369
Opinion | A once unimaginable scenario: No more newspapers - The Washington Post,2018-03-21 07:00:00,https://news.google.com/rss/articles/CBMif0FVX3lxTE5qbktCM09nR0lTOUt1V3JKN2ptUTIydmtVZmpiOEEyNjlPeS1vT3JkQ0R1UEhFS2R1OExfd2p6aThIdk1wMnNzdVZTZDFxY0xwd2RhcVBzOXJRSXE5TFBMNUlENjhPVEJiemZ6ZjZlX0NhTDF3Z04yU1Jub20zZUE?oc=5&hl=en-US&gl=US&ceid=US:en,The Washington Post,-0.296
Section 28 protesters 30 years on: ‘We were arrested and put in a cell up by Big Ben’ - The Guardian,2018-03-27 07:00:00,https://news.google.com/rss/articles/CBMixwFBVV95cUxORnY3Q0ZDcGpubVpWM1AwQVRNdndDblFMeTE4UFRnRTd6QXBxUk9seGh2NVZwbmFGZTVRamF2bDkxZHd1MjhHU0FIN3B2eUJsU1FaT2FKSFRJZERsQjlKZ0NDaFFJRFRScFFsVGVBbC1YemwwUnFnOHFRanhmWjVZRVg5WDJ3NTBNWWdPVy11blp6d0xZNXU2QjFSTFdwNlNPb0Q4WUwyOGs2dnRwTS04RFJjTHd5U3l3LTZfS1E1Tk1DX3IyODlV?oc=5&hl=en-US&gl=US&ceid=US:en,The Guardian,-0.6124
U.S. News Best MBA Program in 2018: Chicago Booth - Poets&Quants,2018-03-19 07:00:00,https://news.google.com/rss/articles/CBMiowFBVV95cUxOTGIyUENuRXVDUXJrTW9KYlNSNUYtUEVIZkMydXozamxCbG1iMzVycTJvaU5SVHpKTGpyZk5FMmJ2NEFmRnFuRlRva29JdHNTTWpWeEVXR2E3NUo0bDFkU0J1ZkxVZ2lHSVY5ZFdZaUd1SUtlU1lKTEprcGRmZkxFZHpGSEctSmZYNnp3QXktaVFXSkpFQ2lwMTFQUVo5M2VHcmYw?oc=5&hl=en-US&gl=US&ceid=US:en,Poets&Quants,0.6369
Huge crack opens in Kenya's Rift Valley - BBC,2018-03-23 07:00:00,https://news.google.com/rss/articles/CBMiXkFVX3lxTFAwdnlVanN3UEJRWUFyRkY4ZFZSRkE2QkRtVGFoVWhGYV9WRGZzUGpOQWF0akRobGpVOVgtUExNV3dFNU5BOVJEcXZZOEJmZjZjNjhvWWxXaGxYX2g4N2c?oc=5&hl=en-US&gl=US&ceid=US:en,BBC,0.3182
Climate change 'impacts women more than men' - BBC,2018-03-07 08:00:00,https://news.google.com/rss/articles/CBMiY0FVX3lxTE4zdkVjSHBvcThJV2xhYTlwUnk0ZWlRQ2NDVzhVUS1MOWtSVTNNTl9WWWtETjlvQ3A2RkJSSlNSWmVHcDQxbHFNOW1yTUNvVkM4SVN4a3MxdThPVmdsRXBkRVI0WdIBaEFVX3lxTFAtemdVTE1hT0NsZ0Q2M2FpUVhaaDJEY3BDVHZRNnhJWjVJSHlTTDNiQmt2RUN1QWhMRU9kMzFJTnJNZlBRajM0YXV3cGtMVFJFZUIzNjlxUVZ1a0lIQWlhaG5RQXpIdVNj?oc=5&hl=en-US&gl=US&ceid=US:en,BBC,0.0
After the tsunami: Japan's sea walls – in pictures - The Guardian,2018-03-09 08:00:00,https://news.google.com/rss/articles/CBMioAFBVV95cUxNS25mWTBMSzlhOTMzLUpFWG0xMWJhYUltc0s3bml1V3g5WWtNNnZuVFRzUkpDcHJ2ak9ZbjdHcktvMi1WRVNQUmlGYnRpVFgtY01fZVF4TUZMZ0JCaTJGNlNxSFBkNjBVMTRJd3hPaFd3RzFINUFsdW15WTlBVEthQTNwMTJQbVF6bjh0UE4xLVZCdG9BcWgwQlQ0UDNrZDNB?oc=5&hl=en-US&gl=US&ceid=US:en,The Guardian,0.0
Texas woman jailed for five years for 'accidental' voter fraud - BBC,2018-03-30 07:00:00,https://news.google.com/rss/articles/CBMiYEFVX3lxTE1hQ0gwNmlsd21UOXVTZ1hUYmQ0SWxMR1lEdzJPc2tWR2lRNzg5WU92MUNRbXFObDAzQ2VfaGtYcWFuN0g3RU5jRVF5Qk1wS1hoYjFoTW1GTjFKTm1FXzJDU9IBZkFVX3lxTE9vdUtybFhtWjVyQnpQY1VMdEtrb3hkbFVvSGJnS2JiMUZpd2gzdTZsLUlIb0h0bW9wbUU5MXJYVF84Qm5vaEgtRDc4b3R3SGVGOVJDVkdyYzgyZ1c2SlpETzRJNnR3QQ?oc=5&hl=en-US&gl=US&ceid=US:en,BBC,-0.7906
Good news at last: the world isn’t as horrific as you think | Hans Rosling - The Guardian,2018-04-11 07:00:00,https://news.google.com/rss/articles/CBMiuAFBVV95cUxPN2I5UnY3Wlp1NTRYaWljaHlfWU8tcXROQVJyLWxKYkhQQ1UxbnBHMzVBUTQ0S25VcTkzXzAzSW93NE9VODR4ejlYWVk4eXhUeURFTExBM0ctTTBOWDlnRENDQkw2M3FqYnM3aEJqTklzLUhycXlLSlNOY2RBcDNIdUZmUW81U3lIUVNoLURRQlZUZnVnNWV0YnRBVnpjLVFHMWp0WHNVVUhrMFpOZzFMM1BpWnhmc0Na?oc=5&hl=en-US&gl=US&ceid=US:en,The Guardian,-0.3612
The Future of Well-Being in a Tech-Saturated World - Elon University,2018-04-16 07:00:00,https://news.google.com/rss/articles/CBMilAFBVV95cUxPTkk1WmpVSkE4ckVtQ0RDVjR6Q0RpX3FjNUxQMldOaXQ0UGFQU1ZPZ3RSLXF6S2JHbW9Ma3FvX0pEbUNzaWRkVGdsTEFoMXlySFZtRlZtVDNYcDRIYllzTkZkM2JXUDFEbkhaVzNvRHlIZUxQUzllZ3lJTDh5YlZHNm1DcDhvdFdsRzBLQllPcDVhc1lM?oc=5&hl=en-US&gl=US&ceid=US:en,Elon University,0.0
Diplomacy on the menu: How food can shape politics - BBC,2018-04-25 07:00:00,https://news.google.com/rss/articles/CBMiV0FVX3lxTE14S0xrLW53c2lrRGNDM3o1RW11dDROUnBCYTJQYjFmbFNIbmtmS1hDTHFpZnV4UmNOZmd2a25CcU1mcG1KbWxvaTNIakxjN3FMN3hKelYtTdIBXEFVX3lxTFBrZzkzZWF6MVhsZExKSWctVlVWOG9BM3o2eUdSVDRqa25uRldoUnZTYW1HWTlNRVpyQjlZM2h5dGo5TGs4aHJlZmliSWRmcXA1MjE4SFp3WjdxUlY3?oc=5&hl=en-US&gl=US&ceid=US:en,BBC,0.0
Spotting fake news in a world with manipulated video - CBS News,2018-04-17 07:00:00,https://news.google.com/rss/articles/CBMiigFBVV95cUxQSWFPbGN2dDJrVWc0Sk5qRUJJU0F6TmNVWXJyOXZNRFo2RXh1SEtYV3duTUZ6Yy0wZmxsUVhKTW1mOENnTnctZW5RaGZIQjgxWDZTZGYyay1BYzdCMDVpai1ITk84MFMyME9RV0VRUEF3UjFDMkw1RzJRTHJJUDRtZW5OclRpb0ZHTFHSAY8BQVVfeXFMUDk0ZXlwd19LajJrOWJDYUs0ankxVHQ5UVgzeklKWkhEbHdLMEo4YkxhLW80U2EweDJXa2c1MGtzRzBTZ3RGd2thYXI3c3g5aXluclY4bEtXdk5EZ2RwLUdMLXJWWlY1N2lCeHB5SzQwMXdNZjRiV0tDZllLT3Y3ZTVrTFZZdEpEZGxiZUNwWDQ?oc=5&hl=en-US&gl=US&ceid=US:en,CBS News,-0.6908
Global Economy: Good News for Now but Trade Tensions a Threat - International Monetary Fund,2018-04-17 07:00:00,https://news.google.com/rss/articles/CBMirgFBVV95cUxQRFowTUZyRE1raVRaNWIzRDZCZUt6alB3NVRKeFp2RjU4dmkyQlc2Y0wwbDJSeWtlZ1FkVktjeXBWSDFMaTZkN21TUlFNVFVCOXY5dWdNNXhlV1hlcW1KdVlMQTA1bTBaUVhHdDAzSFdvRncyUzV5MVpVQ0dpQXhBNWNObjY1QnQ2QTZWMFpLS093U0pUbEZQYU5FTGNEM0tzcDdzejVXLTI4N2N3Nnc?oc=5&hl=en-US&gl=US&ceid=US:en,International Monetary Fund,-0.802
New technology could wean the battery world off cobalt - Berkeley News,2018-04-11 07:00:00,https://news.google.com/rss/articles/CBMilwFBVV95cUxOeHcxZWJ1aW5vS0RvSWluVmFvcjE0LUI5ZHFsdXZoRThtQUFNTkF0Nl9SOVRNQWVlajc1ank0dURtb1NxYWFPdUI1cGdGSDRDZUJjajZEQXZ3SEptVDl1VXhObEdhUzJsZmc1eTNUZFNYTU1OVlloTl9XallhNk5jVWVMV29qZmlhLTBZLXFuZUJYRWs1bmM4?oc=5&hl=en-US&gl=US&ceid=US:en,Berkeley News,0.0
Gaza: The world’s largest open-air prison - nrc.no,2018-04-26 07:00:00,https://news.google.com/rss/articles/CBMif0FVX3lxTFBYeWFPRnlnbVpLZTlNcGE1YzF1c2lZUHQ5ZThkY0pZVTVDU0llcVBVN1hlZVJWNEw3U19OUDZHOEVqOVRSLV9heFZYeVozdUlxNkJROTRwUE5wR19EdGc3OTRMXzJ3WU1FcjJjYU9DV0lqTE1ad2g3dGYybWZVYVE?oc=5&hl=en-US&gl=US&ceid=US:en,nrc.no,-0.5106
"Financial Inclusion on the Rise, But Gaps Remain, Global Findex Database Shows - World Bank",2018-04-19 07:00:00,https://news.google.com/rss/articles/CBMi0AFBVV95cUxQNkVPVkNkQmxobjI4YWdGUjJsQUZGd0ktMWp1S2tsa2RNbEljeEdpX2QzT0I1RGNpX3JhanhhXzJKdjBRSXV3cWFGWXg5NndMVW1vMU0xQW5leURBUXZUbDZhYjJGZHo4ekdNVWRvSUU3WWxWYWYwa1V5UkI5cmNiSEJOTV9VRmJ1YXhwX2Vtbi1pa2RET2hjZ24ycUxsUkp1OWJ1UkxIb1lEZ0NtTDg4VTlxb3hKUlpYbkd2eS1sdjJ1WGdNdXhyVGgtVkJjdnpN?oc=5&hl=en-US&gl=US&ceid=US:en,World Bank,0.0
IAAF introduces new eligibility regulations for female classification | PRESS-RELEASE - worldathletics.org,2018-04-26 07:00:00,https://news.google.com/rss/articles/CBMilgFBVV95cUxQV2l6U2pUYWtzTW9JUVQybEpid0VzOTczVzRtOWJqMjNRTTQ3bGY4akVkY3NsSFh2Y05QcmpHcTNJaHh1cUtkM09zM3pKbEhiQVV1UlVQU0RUcE91eUl3SmlOaG9MRjJYc1RLellGNTI4UzJSNHdoMk91ZGREbWxDajNqdFhBdGdiTFFfTnJTeHlGLVM2NkE?oc=5&hl=en-US&gl=US&ceid=US:en,worldathletics.org,0.0
Ed Bastian named among ‘World’s Greatest Leaders’ by Fortune - Delta News Hub,2018-04-19 07:00:00,https://news.google.com/rss/articles/CBMigwFBVV95cUxORWM1UTBqZ0hBOEdyVjhDZ0FQalRUWEVoRXhxcV80QUVaMDAzWkN2WFY4UzlIekJqYTlPbjgxeEh4YlZYWVUtclBxdEFDZHlGTTk0ZHlnWDlCOERTdklpYjJETWN2a19ISmRnN2FkclRvdjh6c1l3VDZwMHJ3X0kxRXpxZw?oc=5&hl=en-US&gl=US&ceid=US:en,Delta News Hub,0.6369
Brazil corruption scandals: All you need to know - BBC,2018-04-08 07:00:00,https://news.google.com/rss/articles/CBMiY0FVX3lxTE5sWks0ZFF1MjRJMEI5YUV0MWNmVUtDWkM0cC1rdlQ1VGVjRkxlTmkzV3hqeDNMSHNqNkxXLWVqWjQ2UGVvRWFTM0hmc0haRkw0ZS1vdTJTajEwVXJIQ3ltMUNFQdIBaEFVX3lxTE9NZFJKMG5qeUlqZ0JjRlFKWUx0bGZoUmNhUDNCNGRlQy1VdVdlLUJQQUhfU1A3cS1kWEwwMEtLMFpDSGJtM1R6ZEdBZE0wQk41d2owUWVOVEwyVFpvWUJzUUVueVRXMGli?oc=5&hl=en-US&gl=US&ceid=US:en,BBC,-0.4939
Access to Energy is at the Heart of Development - World Bank,2018-04-18 07:00:00,https://news.google.com/rss/articles/CBMingFBVV95cUxPTTFlb3diQWFDTFNVaTh3cmtBTG5kSFZDdHQ3aXMyZzBBdFB5QzVGRllqeE1uUzJRTGtuSE1ob3U5SFZQQWVoaXZqSVVLQU1RM1c0MXVrSTl4bFBCOVJKU0RKang4WU5WMzlNVFNsSV9lc01QRHlrSE1DX0FaZ2E3anc3RFRnNXc1aUo2eWtNOXYteVBFMFkySGc2SjdBZw?oc=5&hl=en-US&gl=US&ceid=US:en,World Bank,0.2732
Sierra Leone profile - Timeline - BBC,2018-04-05 07:00:00,https://news.google.com/rss/articles/CBMiWkFVX3lxTE5lRzljV1dhV2huNm9NQldkNC1vWXBPeEFQUThvWEFCMHJIUi1laWdqa0pfNDlIM2lxZm5FdWEzbm1aSms2RFFUcllLa3FTS2w3aFFkY3UzU0hTd9IBX0FVX3lxTE55Sm96MmVaZ1pUS1ZaRERGamhrMUU4cXJDcER4ZWk0ZHpSQUdQM3g0WGJ0T0ZCNm9iWkg3bWszT1dTeWtSLUxJQ0VIaXdFQTF1X3R2MlFiUVFEMVZOLV9N?oc=5&hl=en-US&gl=US&ceid=US:en,BBC,0.0
Exorcism: Vatican course opens doors to 250 priests - BBC,2018-04-16 07:00:00,https://news.google.com/rss/articles/CBMiWkFVX3lxTE42S3JsV0VQSjYwazRJWC1ET29ISFFNb2lTdnJOck1IaVVoMGlDVmRXb0xiV19qODVpSzhnM01ldTJYOHZxcVRTYXBfQUxaY3Q5VlFrWVhvY0JfUdIBX0FVX3lxTE9LdFBpRmFmdXdjWS1tRzdHaXlvTmowRGZGOU1tZ0RZd241ekEyUndWR3FYZ2c5c2ZJbE50T3RVQzN2YkFfNVdYN01IdDlEaF91VzFyMGlfdlBPT0l5UzVZ?oc=5&hl=en-US&gl=US&ceid=US:en,BBC,0.0
Morocco profile - Timeline - BBC,2018-04-24 07:00:00,https://news.google.com/rss/articles/CBMiWkFVX3lxTE1oX1VTRTlhMFMyZTMyNU5GR2oyaVZHM0hXNEFiLUhieDB3VF9RcmNYSEYxV1hDUWdSYkpBdXR2UmRXNXJ3N2xLb20yVjBOM2xIdTFtOHItOEhfZ9IBX0FVX3lxTE9zdDVuZ0x6R3QwV1ZxWk45cVg2VGlhSWV1QTVHM0xtOTlLd3RMQTRhRC1MdDNKcHdpMmNsYWNlZUN1cFdvRlpjQ1RUVWVKaEVmWEc5cWFMZDl4dFY1MXE4?oc=5&hl=en-US&gl=US&ceid=US:en,BBC,0.0
Park Geun-hye: South Korea's ex-leader jailed for 24 years for corruption - BBC,2018-04-06 07:00:00,https://news.google.com/rss/articles/CBMiV0FVX3lxTE5WMmVoUjUzeHhwalpFdXhTejdnaDJIZnZXOW53OTRoSXZJbUVoS2J5UGVDVFU2R3hVNk9BU1pWYWRtejQ2SnRIVXJWdUdNdW9fSE1PclZpVdIBXEFVX3lxTE1LcGM5WnVwMGhRZl9WZENXd2xsaW1IREhlQzcyOEFkOFB5Znh1MEs0bmpWaVdvZmNPdXhGQ0JIQUxWN0pyWVdXU1lEQkVsWFAwLVkwblpxcjdlbXN2?oc=5&hl=en-US&gl=US&ceid=US:en,BBC,-0.4939
Elliot Rodger: How misogynist killer became 'incel hero' - BBC,2018-04-25 07:00:00,https://news.google.com/rss/articles/CBMiXkFVX3lxTE5iendwLU1FbXYzRExfQl9iVE9tSlJGY3pQSWo2VUt4aFg3RUdWeEtSYk5TMXRBdDdSRFBUNEY3MEo0V2Z2cjBMNDNtdVF1Z1dXZEJvNU1YVUFDX19BUWfSAWNBVV95cUxNMkQ2NzFJMjRhVFRNbjljUTEyRWJKY1hBeWlYNy0wTnFleU93V0VrUktVWGtNYmV6X09DY3phNXJ5emxtQU5VeG5FZXgwTUluSmZST09qMG40ZldUOWNCTnZzblU?oc=5&hl=en-US&gl=US&ceid=US:en,BBC,-0.1779
South Korea's presidential scandal - BBC,2018-04-06 07:00:00,https://news.google.com/rss/articles/CBMiV0FVX3lxTE5EczlKV2szaFdKRVdWb1VpS25tZE1ISGxoazJQZWdQNGRrMlh0U1o5akVvMW5HcXBjbTJjb0k3S0VkVVhJR2pyVnZfTHl2eXI3MWdlNy1wb9IBXEFVX3lxTE1oUGt5TUs5b2o0bzhJMVE1bHJDdm92WHpzQmZqMFFvWjBCWHhiUDFVeG9uQUx6eUcxU2c0YlhsMzBzWUhDSDlzNHZyeHFpWGRkNHNvRTBIMnNIandp?oc=5&hl=en-US&gl=US&ceid=US:en,BBC,-0.4404
The myth of the Indian vegetarian nation - BBC,2018-04-03 07:00:00,https://news.google.com/rss/articles/CBMiX0FVX3lxTE9lcS03UUFUQy0xcF9zWjU1dWpOUTdrc2ViWThZQWtFOW45LUFLNDVrWDFteXNZYUtkRmVodncydmhTb1NYYnV0VDVhWHZPQ0dYN2hFNHBvWnRiVFBmRDMw0gFkQVVfeXFMT2ppN0hPaUhMa2lYUGJaSVpnVE9Yd3RQSTlobS1mS3gyZHRvbmIxTVVSaW4zVWZLRFV0S3ozc2NTUEMzMXFrc0M5ckdKRG1ORFZINS1jOXVXTllMblRBZi1mMkV2Xw?oc=5&hl=en-US&gl=US&ceid=US:en,BBC,0.0
'Real bodies' exhibition causes controversy in Australia - BBC,2018-04-26 07:00:00,https://news.google.com/rss/articles/CBMiXkFVX3lxTE1ZakJCeExLWkR1MzNUd1VhS1EwOENGcWhIejllMnhOUDA1UFQ1cTgxMXBqLUVndW9NVnhPS3p5bDhVVjVWdjU1TTBiRE9kTmFlMjk0d09LVUN3Nzgtd1HSAWNBVV95cUxQcmNPZTV2NDg2MDZ4cll6QW5iajUtTTNqb3p1VmlFVFE0VDFDdWE0TVNyZHNvZnJFc3o0TGdqOEhrcUFNVkxaS3ozM21zdmVjeWF2U0Z2bjdUcEhjdEVBbndtY2s?oc=5&hl=en-US&gl=US&ceid=US:en,BBC,0.0
Vietnam profile - Timeline - BBC,2018-04-22 07:00:00,https://news.google.com/rss/articles/CBMiYkFVX3lxTE1IZldWX0RtaDBtdS1zQWVaLWNqRjlKd2NmT0FVZU51QUEyNm9ab1dXemc0SGdsb0llWjM1UXRHT2NfNkgxdHExU2NISnJDUzBQekVpWVphRlk2eHhObVpTU3pn0gFnQVVfeXFMTlg3ZVdCenJNTDgxWDhuZ2tBbDU0aVVpc0dVMWUzY0JOU0JoWTgzMnFVWlJDS3JrQVlDZVg0UlFJZF9HZ2dCcVFDdTBBWmd2azZHaWZBNk1tcDVkTHNoU1RlMHRhV2x1NA?oc=5&hl=en-US&gl=US&ceid=US:en,BBC,0.0
The changing face of Puerto Rican migration - Northeastern Global News,2018-04-11 07:00:00,https://news.google.com/rss/articles/CBMijgFBVV95cUxQOEdXX053U1VqeHZPbU80MFQ4Zm1waVJ5WUZ0Z1lmM0FOQ1UwSHd5YXhiTGNFWmtyQTE0NmhGVjJFN3lpN29ULTlNTlp1UG9kR1FIRjNHSTdmZXJnLVZVU3o3Y29OT3B2UUtLcGpib0pNTWdYaEVSUEFyZWNNdWtwUzVfYzNHTUVfYjFQY0J3?oc=5&hl=en-US&gl=US&ceid=US:en,Northeastern Global News,0.0
Swaziland king renames country 'the Kingdom of eSwatini' - BBC,2018-04-19 07:00:00,https://news.google.com/rss/articles/CBMiWkFVX3lxTE5SS0dDZUJfX3FnNEZ0TjUtdXdqbUZhdVpFU2c3R0J3ZURzMHhBNjZGakRfcGpSd1RKR044QlpFUzhMXzAtTDdQazVWdUFWZVZrdlBVcFVERnpiQdIBX0FVX3lxTE5BTVlMa3ZLM0MydXhRMzJrOUt1NzV5N25CWEMwRmZGUGNmSm91SzFtd0dMbnBQZjhtUjFRMVZGQ2pMYS1yQm9oUTdGMkg1Z2xXSTBtMDZzTUpScVVHRG00?oc=5&hl=en-US&gl=US&ceid=US:en,BBC,0.0
Night owls die young in a world scheduled for early birds - NBC News,2018-04-11 07:00:00,https://news.google.com/rss/articles/CBMioAFBVV95cUxQbDR6VTNFWTllUVdQYmNuaTF3VWI5aWVMSG1Za0JIeDVWd1hJQVZiMmZENXQ1YjhGbVhtTDRraE9hXzMwT1lfeHh6UjItSFZtNi1qdVp0ZVFfc1FqcFlQeE5zQmNiSWl3cnZLVkNram9GOEJxQzlkaGJRSVRQRW8zZlk1N2JLYUNBUjIwRkh0dU5Ea2ZfUWRaNnZxbDRmRlBt0gFWQVVfeXFMUFpyVzdRQV9jaVI3T0RkTHAzTDM5OXNYTXpwR29CNldiWThzYjY2OUlRQ01NOHFoZGNWbEJxZTgtSUJ1LVh5c19wTjY2aXlwODRKdHpMVkE?oc=5&hl=en-US&gl=US&ceid=US:en,NBC News,-0.5994
"As Malaysia Moves to Ban ‘Fake News,’ Worries About Who Decides the Truth (Published 2018) - The New York Times",2018-04-02 07:00:00,https://news.google.com/rss/articles/CBMifkFVX3lxTE5mVUpYRTRzV1VCOHdiT2xFaVV3Sm1sWVRQTlFqWkt3NFRfQlhRLTJVUG1DTXVHZjlwTW9URmhOWkJsalFpTWxJd2gtSFRMYU1Gd1dmSWp0TUw3QU55U2RiMjkzYXBJcmFhdVRMbXN4OVRGTFhqZ04tTkdvUmNIZw?oc=5&hl=en-US&gl=US&ceid=US:en,The New York Times,-0.6249
"News: NATO cyber defenders tested at world’s largest cyber drill , 23-Apr.-2018 - NATO - Homepage",2018-04-24 07:00:00,https://news.google.com/rss/articles/CBMiX0FVX3lxTE9uZEJHUkwtWW82WmRBM0FqT2czTmlNcGJLZWpwQ3oxMGQzRTZxUE5fWWd3c0NoLV9GazBzOXgyZzYyRjNJYnAta05JQjdudklZd0FacTBCNF9PNExmMlhJ?oc=5&hl=en-US&gl=US&ceid=US:en,NATO - Homepage,0.0772
Embracing the World: Stony Brook’s Internationalization Strategy Bears Fruit - SBU News,2018-04-20 07:00:00,https://news.google.com/rss/articles/CBMisAFBVV95cUxQeVhZRkExdktCajdQRkpTQ1ozblFIVS1JcDNUYjZ6VkxscDBCTW9wUUh4ZGRld0pMMjZVYk15WUtfMXdUY25SaGdOMGRDd1dILUJQNkVYdWpQTjJic3gxOHlwZ2RzaDkxSlpqVmlCUnNRdklrLVJiMGNfd2hIdFBWdzVXOG96am9LblJTZThTVWZCSlNNVjhwWWdjVWFQVXZSVjVfSlBxSUh1MWktQjVYMQ?oc=5&hl=en-US&gl=US&ceid=US:en,SBU News,0.0
How Russia pioneered “fake news” - vox.com,2018-04-05 07:00:00,https://news.google.com/rss/articles/CBMikwFBVV95cUxOV2p2bGhpN1dQeHdjRU5SbEV4aTIyZG1ycjUtclVlcGplX29Eb3B2ZkRHSjVBZkpxQUxqb19KOTVyQVg0a2l2NmN6TlllRmtyUjVQZDctSUpiek90SC05alpkaDZJU0dKem5kR2UyQTdzSkYzeHRpeEZkY3dkSVpraWRwM1RDeHpiWE8wTEtvalkySXM?oc=5&hl=en-US&gl=US&ceid=US:en,vox.com,0.0
Alberto Fujimori: Peru ex-president faces forced sterilisation charges - BBC,2018-04-26 07:00:00,https://news.google.com/rss/articles/CBMiY0FVX3lxTE56cFdqUDNMWFk5QzN4Q2dRbnFHZURPaW9FWDNNcEUtNFJRTWh3VkhlMEd2aEVWU3EweDRRMXlvWWRLYjZBblE1Yk9sS3djcGFhcG5NMzhZbk1aYWhrQjRLVG9Qa9IBaEFVX3lxTE54RHdwNWc1OTNqU3ZkTG1QMkp6ZHByVFFNd0tsZUp1dXo2ZllFa1YzQWF4YjdzbXZDZFhQcEJVd0pUUFRYQmQ3bkNpZ08wd1haS25oRG4yMFR1Xy1RMmMxck1HQ3NhSWUx?oc=5&hl=en-US&gl=US&ceid=US:en,BBC,-0.6249
Survey: Majority of People Around the World Feel Divided - U.S. News & World Report,2018-04-25 07:00:00,https://news.google.com/rss/articles/CBMisgFBVV95cUxNcV91WWFHTkFoUUpKOVZ3aTN3blF0WTVOdEtwRXlmSFU1YmpZRVEzOXdEQmhxU3BQM29kNjNRWlBGb09DRHdqVWlZbl9kQlJWX2ppNll3dm1tbUNZMFRqU1dtVElkdGhtNWhBQ3lEdndxLTFmT0NxUXQ4b2VNcTF1ZXJrYS1uZm1IVzVEdENRQnlRc05Ua0g0Y0ZvNXpkSnlqQjlPYTNlQ3QxVldfT1dSOFhR?oc=5&hl=en-US&gl=US&ceid=US:en,U.S. News & World Report,0.0
Donors see results of Sanford World Clinic giving firsthand - Sanford Health News,2018-04-17 07:00:00,https://news.google.com/rss/articles/CBMickFVX3lxTE9ZdEl2TEM0eUZCVTlwUE1rNlNId0pUVnMxd283aXdZbDIyZ0ZvRWM4aXpEYU45c1hxdjhBcUJ3LWdwdzdKOWFYbmtfU0liVnA2OGRLbV91Zk9WTkp2RDhoMFlseXF3RjA0c21EWGFtMjgyQQ?oc=5&hl=en-US&gl=US&ceid=US:en,Sanford Health News,0.34
Yale’s Penny Goldberg appointed chief economist at the World Bank - YaleNews,2018-04-26 07:00:00,https://news.google.com/rss/articles/CBMilAFBVV95cUxNeTNFRnR5cXdUQXN6eDA3bEE1RUFXN1oxM0RBNUczOGUyOUlWS3dSb3JrSWZDcVktVlRONFZ4NFh6XzJMQ3QzMUI4a29PUHBsOVpxSHVOTDY0bVI3aGVlX2hEc2lib2NjMTd4ZHdxd1U3eUE5N2VHam9Qa1Z3d0Zyc1ZIdGxkZmxLanoyNjliRG1VZ3FS?oc=5&hl=en-US&gl=US&ceid=US:en,YaleNews,0.0
Chinese man caught by facial recognition at pop concert - BBC,2018-04-13 07:00:00,https://news.google.com/rss/articles/CBMiX0FVX3lxTE1zcXRNejJSRTVJVWhRNHVhTzRsdUQ5aE1BUnNZemE1RXN0T0MzWUxYTGhaYmJjRjBTdEVnZGVnSDlaZ29YRDYyM0Y2anROMlRScTY1LV9WVzJhVWV0S3lr0gFkQVVfeXFMT3MwR3ZXR1BFbDlzWVA1WElNMDFRWHR4NkJOVWpjYTk5QjdkdWJHLTAyMno1dXluUWJZaFBUOEtrRktoNzZ6bUQwOWpETGIyZEtPUjY1TDljZTBXMzlPVjNjMTc1ZA?oc=5&hl=en-US&gl=US&ceid=US:en,BBC,0.0
"UPDATE: Engineering, biology, earth sciences climb in latest U.S. News & World Report rankings - Colorado State University News",2018-04-04 07:00:00,https://news.google.com/rss/articles/CBMipwFBVV95cUxOTU0ycGQ0STRMN0pScE1rZml2X01aVjdSU1lHTl9BSF9Xdl9oQ05TMkcxaUxzUnlIekgxOThkNi1EMS12T2ozNC1LYWdEblYzQzJVOEZST2ZvZVVaRVlVSk9ITUxhYTRVM3RLaDRic3FXSmcwdkdNdjVCOFZNajBnOUNJUXhsRDZFOWxCeUZEVjlZaHhzdWpJbEVkZ2JwLVkwUlpMbGxxTQ?oc=5&hl=en-US&gl=US&ceid=US:en,Colorado State University News,0.0
Moon Jae-in: South Korea's president with humble roots - BBC,2018-04-26 07:00:00,https://news.google.com/rss/articles/CBMiV0FVX3lxTE94QWZpc0FPaTFlZHZUNGhZek9JeEJsT2NlWTZiS3JXU0V2d3dGU05JLVZlaDYxQjl5MGJEcEg2c1RnZmkwMGF2OEgtQ1p4UjlwUzNjbndxY9IBXEFVX3lxTE94dlRxUG5FQTFSb2xPb2xOZjA2Z0pjZWtQWklPNlJrUFFCZWN6bGdqQUdIWlp0VEZwaXptNTEzRWcxcmZ0aFlMNWV2WHdOUFF1QzEzZXhXbzRjeUZw?oc=5&hl=en-US&gl=US&ceid=US:en,BBC,0.0
"No, the BBC is not reporting the end of the world - BBC",2018-04-19 07:00:00,https://news.google.com/rss/articles/CBMiXEFVX3lxTFBSc1JLZ0ltcUlFMmhBc1FmajI1emdDUDFmenQ0bkQzQjlpV3NfTjlucU1sN0lsUnVXT3NwenRWR0RDcXE4d1Vxb1BXSWFSUWxKRkg1ZEUxWEZWdmI50gFiQVVfeXFMUElVLWE1ekU5WHMwQlcwQVZZTDJ0bnNOQ2J1dnRZeTQtYktjdGNMLU5NLThKaUpYZkVQNU1GTEctYUw5ZzVmY2lSNmw3UTB5RUZZM3U0WGY0SjF6TjlqMDlJekE?oc=5&hl=en-US&gl=US&ceid=US:en,BBC,-0.296
Nearly two-thirds of global workforce in the ‘informal’ economy – UN study - UN News,2018-04-30 07:00:00,https://news.google.com/rss/articles/CBMiV0FVX3lxTFBmd3BxeXRzV25kZU1FOS1nLVRBclo3TjFQUHVGZkYteFJ5NmN5S3JoVkc5b2l3QmpsdDhvQk9wNTRQSTJRMk5vOEo5bmhJd0lrNHc1WVNhVQ?oc=5&hl=en-US&gl=US&ceid=US:en,UN News,0.0
"Trump on the Iran deal: 'Worst, horrible, laughable' - BBC",2018-04-26 07:00:00,https://news.google.com/rss/articles/CBMiYkFVX3lxTE5oWThzYlI0LWtYZUZEOUtaQ1BhSkNqMEtwdzdubnRmVFpwRHNyNHBEcm1pQ3R1aVYwOUhIVHJzMXRySll2LVlvN3BqR1pGbl9vRWxCaHAybTFMVF9QajBWNXpn?oc=5&hl=en-US&gl=US&ceid=US:en,BBC,-0.5106
Global crackdown on fake news raises censorship concerns - The Guardian,2018-04-24 07:00:00,https://news.google.com/rss/articles/CBMipAFBVV95cUxPU1AyUHh1NlVJWVpBMmdHQ1FMbkhzU2Y1Nm1hWFlTX2kzUFVLcmh6eDlxaTl2bVhQeXhISk1QS0d2OVp5akNtOW82cS1yYWVHM0xyUm0tcEx0MWR1UkkxYUc0Zlgza0ZJaHZoSmg0U1FxSzlpVmktNlEyMDFRVzJYT2wyNXpveFkxcmRQT1dwU3RtaHBJRzU2eUdQNUU1RDduSlA5cg?oc=5&hl=en-US&gl=US&ceid=US:en,The Guardian,-0.4767
Very superstitious: Legends from around the world - Northeastern Global News,2018-04-13 07:00:00,https://news.google.com/rss/articles/CBMilAFBVV95cUxPNFhMUmt5RmhQTlBSbEZhcDlVSzNHN20xWWV3OF9idnRJaE5QQmlaRGl3MDZkd3UyeGc3ZXVQeGkzdU1jQVhzaUpuREpOM3RtZzNfWWtHQjVPMngwX2xxN2x2UDFWbHoyeGl4dmVTSTVtLUI4LVFJbGllVWNVTjBqdlpYRlB6YV9pdFZ4amNSY0dMWmZw?oc=5&hl=en-US&gl=US&ceid=US:en,Northeastern Global News,0.0
Viktor Yushchenko: Ukraine's ex-president on being poisoned - BBC,2018-04-01 07:00:00,https://news.google.com/rss/articles/CBMiXkFVX3lxTFBMd3dCTlhPSXM0UkRqQkFaTjFMdm1DbHY4ZzdFajNCSHg0UnVOOHlBTFdVeFNJSjkxM2QtbXgtT2FBaXlOMmtpOVlybUZrU2tXYzhCa0t2VG9oU2hBTlE?oc=5&hl=en-US&gl=US&ceid=US:en,BBC,-0.4939
"Despite inclusive design, Fortnite gamers victim to gendered harassment - Northeastern Global News",2018-04-10 07:00:00,https://news.google.com/rss/articles/CBMisgFBVV95cUxOa09Jc2tEa2hlSTFaNU1jRlFWYjltenRJT19PSjBEb0NQUDU4UmRYalNiQ2x4NGtKc25Kb2I4aE9LMXY5T05Ra19CR3NGWXdGUVR0X3dScGxTSW9OZmV2dG1JMnl3RnRsRk9YX0hsb1dZVDc4MDdBZk4xN0lvX0lZbGcxSng1dkdBR3VNX0RRVnFqeWlTa0ZkbFN0SWY0LUVwbmRaRjZIUURJeUI0TkxyNDd3?oc=5&hl=en-US&gl=US&ceid=US:en,Northeastern Global News,-0.6808
Asifa Bano: The child rape and murder that has Kashmir on edge - BBC,2018-04-11 07:00:00,https://news.google.com/rss/articles/CBMiX0FVX3lxTFBYaUdJaF9Vc2VmTkUxTlQ3M0JpZVdzeTFvTkRrZHlPNlFLQjR5UUI3bFZPbWp3c21YZ3ZLdUlMeTRiR0tVY2ZWdUo1R1FTRExHNUZHOWJNRWxiM1ZIWEow0gFkQVVfeXFMTzhCdklzazVzSms2RFZyNmlYeVA1c3ItVUFKamVOc2NoR3V2bTJrZF9QUHVwOFpGY2dCT0lWTUx1N0ZMZWxyQmphNlVUT1RPVklUdXNZNVBEQkxhazJHRERlbGdGZw?oc=5&hl=en-US&gl=US&ceid=US:en,BBC,-0.886
Sweden's deadly problem with hand grenades - BBC,2018-04-17 07:00:00,https://news.google.com/rss/articles/CBMiWkFVX3lxTE5sX0FEdjZiSmwxRjJvUHVBVHlsZHFnb2pNeEpWR3pMTXkyV0hOWE9CTWUwcW5pVzVMMm0tb0w5M1NvZ1E2MGtvU2RYTjBCYnV2WVFOVUpIVnZXUdIBX0FVX3lxTE5laml0UlVzNDVFSnFnM1dUSE9aLVJVdlpoWXE2aWwxeHFROHItSmdwbGVVQlVNOS1FVGVySHBOOWdBUnhaT1doNldVZXR5M0NXb2lJMUFxTzYyMmd5VjFJ?oc=5&hl=en-US&gl=US&ceid=US:en,BBC,0.128
Vaccines: the powerful innovations bringing WHO’s mission to life every day - World Health Organization (WHO),2018-04-24 07:00:00,https://news.google.com/rss/articles/CBMiwgFBVV95cUxPWmFmMDRLTWFLemhmY0lJREgwa3ZiWnJYV3Bsa1NqU1ZZdGxpSm1MVm9WaG1LNEg4V29lZlZROVduQXpocm9iVmhYVDJkMlZEN2ZsZFdhSnIxalI3UlRUWHctbDc2bjJqLUhyR0pfNHZFYWFJbHJWTC1sWmlySHd2OHJudFRhWHQzRzRLdDEwUWI2aVU4R1RzNnNYOEczel9GS0F2N1h5c3pVUmNMMm5sLUdUSDRESTYzYkg4VXQ3UzFQZw?oc=5&hl=en-US&gl=US&ceid=US:en,World Health Organization (WHO),0.4215
"Protect indigenous people’s land rights and the whole world will benefit, UN forum declares - UN News",2018-04-16 07:00:00,https://news.google.com/rss/articles/CBMiV0FVX3lxTFBJLTY4R19DQnFhMjFEZVcwa05fYndVUTlPS1U2NGlQLUpkbm5TbFBLT1psWG4wNlptUXNfOXB0enRuaFp2RlBFVzl2bDlRYUZCT3NJU0U3TQ?oc=5&hl=en-US&gl=US&ceid=US:en,UN News,0.6808
Peru profile - Timeline - BBC,2018-04-03 07:00:00,https://news.google.com/rss/articles/CBMiY0FVX3lxTE1JRUF2b3lUZjZNXzFNeXBrdVNiMWMzdUk3c0szRElaZ3VyOHZuYURRbjUwQzhQWE02eGlienUyR0t6REVsRDYyWmtOaHhwakt2LWRXT0gxMkZJUDdNQi1Id05INNIBaEFVX3lxTE1uSUN2M1RaU1FnRFhzYWUyY2Jvd1Zia1ZjYmFWaXp4M1RCbXlja2JfcFBrM0lBVXZZNG9Jd2JPTVJVcHZDSHRZYzcwQnVDRktEalBYMzdXSWJZbWRmSDhkbmlHOHhPMWVs?oc=5&hl=en-US&gl=US&ceid=US:en,BBC,0.0
World Autism Awareness Day: The world turns blue - Vatican News,2018-04-02 07:00:00,https://news.google.com/rss/articles/CBMinwFBVV95cUxQcXhPMXU2b0VuUTJvUy1hMGpucjBReU1oRHN0NVBpVmtIZUJqZEpaUTlwd192LTEtVlBKYzVaZmEwU2FtT2VLcWxDVWE3M2pGdENpeThMeDhXTllSWERCSTlYUnVURUtZU1ZYcmJpZzFJYVBmUEhWLWlKMk10RTBRM0hkZ0lDU1VZVDVHbUE2X0xHME82d0o2Y1ZtaWNWbjQ?oc=5&hl=en-US&gl=US&ceid=US:en,Vatican News,0.0
Syria air strikes: US and allies attack 'chemical weapons sites' - BBC,2018-04-14 07:00:00,https://news.google.com/rss/articles/CBMiYEFVX3lxTE5SRnIwbjNIbmNodzhESEVyazAtZUh0eUFXZmhIWWw4UDhhaXlhb3hCS2F3bmNOTmZPSjY2dndxcnJ5MGE5M1BBZkd4XzdEV1Vrd2FyZ1A0WVhleUxsaXZIM9IBZkFVX3lxTE1TUVRjcWVjNjFaRXlVSVJGTzFPMHUwaGxZVHljcFN6UldXSDhYcnZqNjRQTU42WlBRXzJkRmRFZXg1X293OG5GLWFpS3I4UGw0aVMyX1k0bFlyTVZDWGo5N1k0WDN2QQ?oc=5&hl=en-US&gl=US&ceid=US:en,BBC,-0.8176
"World Health Day 2018 - Universal health coverage: everyone, everywhere - World Health Organization (WHO)",2018-04-07 07:00:00,https://news.google.com/rss/articles/CBMimAFBVV95cUxONWRMN054UHdBS0JSd0NyY1JXbUdqV2llWVJXS1hsaHpfQ21jUWptdmZJZ3o5N1BFU0g5a3pkT2gtbWdjT0liWmoweHBsQ3FWSnRMa1Jqd0pPblJEWkh5OGtEZVZiUkdJalI4cEQ0c0RvWXV2dDFQUkVFOTlaOHlQTXRNVjd2Z3FDM0czRUtqaGREQUF3ZGFJUA?oc=5&hl=en-US&gl=US&ceid=US:en,World Health Organization (WHO),0.0
"The power of ‘voice,’ and empowering the voiceless - Northeastern Global News",2018-04-17 07:00:00,https://news.google.com/rss/articles/CBMikwFBVV95cUxObkR0YTNqY0JMS283ejh6eXA5Z3NIMTNoQjJZbXNQbWVmSjAzNV9DYkVsNjRZZFdJVUNHWUsta3ZTSG1RV1FXbjlzT18tS0NmSlBxSU9tdW41dmRKNDlkTW9yU3JUd01ob2V3bGZhLWVIelRaSFhINnNNU1VKQnpZdkotYnJKdXY1MDZLQ3Q2a1NpUG8?oc=5&hl=en-US&gl=US&ceid=US:en,Northeastern Global News,0.0
The demise of the nation state - The Guardian,2018-04-05 07:00:00,https://news.google.com/rss/articles/CBMijgFBVV95cUxOWXpfZ2psNFFoRDd0U2tPcG9uVVRSc3ZRTE1aVEdWTTh5eXo5ODl6RHVfdk84a3d1RlFGdDdsQlBGRHJPbFVTeERrS2tWYk5LamdmczJlbWJ1YzNLWkdNZkhnWG83NmM0T2pBN2tNM1VGSmRUVXZhT25HY0lpSWEzem5KRnV0dFpoQnV1OTBB?oc=5&hl=en-US&gl=US&ceid=US:en,The Guardian,0.0
First person convicted under Malaysia's fake news law - The Guardian,2018-04-30 07:00:00,https://news.google.com/rss/articles/CBMinwFBVV95cUxQNnB4d2UyaE9JaUFKei1OcXNOQXpseUVZT19nTzdlMkE0bDVXN0U3NmhMSHdSemtNS1J4dzBReVdWTHNZc0NaWVZ4ZS1YbHNoS0RablJaRVdTZF9nZ0NScHVJSGNFUG5feS1SNUNQVnMxMEVNSVpPUnhma2lscDROcnJaaUdoVXdsTkwwNmp2RmgxZmRxb2xWb1FtTjFHU1U?oc=5&hl=en-US&gl=US&ceid=US:en,The Guardian,-0.4767
"Incest case dad, daughter and child dead in murder-suicide - BBC",2018-04-13 07:00:00,https://news.google.com/rss/articles/CBMiXkFVX3lxTE5EeHBIdmFteXZIN1BwOUdzMlZxM0luYTNyR3dFdFRWa1J3UTJxVHIyN0Y5bW1NdmZJZ3VTY05MS1EwRzZibVhzNXhHNjFCM2tCM3VUbzVwbnpJUUhzUEHSAWNBVV95cUxQaUppY3hjV3cyQllUc3o1SER5djVoNkVYeHJQN2JuR3F5a0NtWDhpU2Z4MzY0NVRURGh2SGJaYjJmZl84QklYSHNROFJzWElEdUxLaldlUDhDMDNlaDhvdks5Vlk?oc=5&hl=en-US&gl=US&ceid=US:en,BBC,-0.6486
Iraqi Kurdistan profile - BBC,2018-04-25 07:00:00,https://news.google.com/rss/articles/CBMiYEFVX3lxTE53eU9XbVJMRWhmUTJTR2pJT3R3ejVvaE5jVWRqYjhBUEk3VksxYUVkRnpCd1JYMGY3clNRT05jX2NNWE9TNG1OU0xobzdCVTh4MEhrRGdocWo5Q250TlFaWtIBZkFVX3lxTFBseTZUU0h1RzJpS0V5d0REd2FRVWhLYWg1NXYtVHBXeW9iZW9sRVF3NFVaNjFmelJremxzc0M2RkZhMER2dmQyeEkwTGhpS3plT0tJblFjWDd5bFZKbjM1RkpIMnFpdw?oc=5&hl=en-US&gl=US&ceid=US:en,BBC,0.0
"YouTube shooting: Three shot at California HQ, female suspect dead - BBC",2018-04-04 07:00:00,https://news.google.com/rss/articles/CBMiYEFVX3lxTE82aVAxek5HUnN4YjFFdlVsdjRzQkR2RnFqOFE2X2VTUmN0UzYyTkw0Q0RVa3RrRE4wLW9WcW5nQTh0ZVJJT1FlVHRNYS0ydVlmWjg2STVQWFVaSElIR3ZQN9IBZkFVX3lxTFBFVjlFNllsZ0hxYXA1VlZNc01oMUxFblVBSGhZa2ZyQ25tNnd6d0RtcDJqMmFGd0pKcTVEOU1LTWpiQnFVc1kyN1V1eFlMMmQ1dnVTOW1KQkJ5STlEQUhpeHVGY0FGZw?oc=5&hl=en-US&gl=US&ceid=US:en,BBC,-0.7579
"A neighbourhood in Victorville, California, is besieged by tumbleweed - BBC",2018-04-18 07:00:00,https://news.google.com/rss/articles/CBMivAFBVV95cUxQTC1keEJYWnIxbHduZHY5cFdxUi1Qc2JjOVhpOUlYcTN4U3NoczVTbHhMTFhMWlE5ZmZaY2VKaUZLUm1KS3drTFhkRnZkZnJYRUlzNHE0eWVPTXdxT2d3TnhoczBKZEM5dG41a1gzZ2RqWHVVaU5QQ3lvaTNmRm4tSXhGNDdiazZ1dzV2YzFHMDZXRmhvVFNNOEtVdkxqQ0xvOHJNNGlpeWx6dkRQb3ZjMWNPcGF3NkxrMzBNVw?oc=5&hl=en-US&gl=US&ceid=US:en,BBC,0.0
Is Russia arming the Afghan Taliban? - BBC,2018-04-01 07:00:00,https://news.google.com/rss/articles/CBMiV0FVX3lxTE5qdjFYN2ZtQms4SVg5T2cyWmw4NG1rUExXb3ROUENIY2NCdkE4TDFyNEt0R1FvWnV2d0pGN1FYWDQzUFU2Q1J3NHhFN1BDOVNXR3V1U05oRdIBXEFVX3lxTE1KOUhjTXh3RUdmTG9iU0tCM1lUalV3YlFQamVBc2FfR1JhV2taY2dJWUY3RFEzWnJJVjNWcUdpdGVRQXFlZXJYSXI1NmQ0VzVxUS0zaGFyTWw0aXZr?oc=5&hl=en-US&gl=US&ceid=US:en,BBC,0.0
France to ban use of meat terms to describe vegetable-based products - BBC,2018-04-20 07:00:00,https://news.google.com/rss/articles/CBMiWkFVX3lxTE55N1pmTG04MHVUUVZNNERVMHdMb0JFRW5iQkJZT2Z5cW5Md2RLSE9Ua3VWeVlwQ2NGNEdCQURUV3BTSWVrOW9SOTRCaFZvM0dpRkUxM2VjWmlTQdIBX0FVX3lxTE16QndwX21HR2Y0SzhJemlKUS1CMVNid0FRd0RMX3BLT05zVEJDeV9lbmFjM1JHTFZxTkhtTzViNTF5Q3otQ1VKREhydzdHdFoxcC1vWFZoajdnQTNmazZj?oc=5&hl=en-US&gl=US&ceid=US:en,BBC,-0.5574
"‘Ebertfest’ final slate includes ‘Interstellar’ in 70mm, ‘Indians who rocked the world’ - Illinois News Bureau",2018-04-02 07:00:00,https://news.google.com/rss/articles/CBMiqwFBVV95cUxQOVFTR0xEOVRGX1dkbHpBbFl4ckE0clVOTlFneG9nQi1SLW4zWTIxRjNDNm1ZNUJxaWV5ZEE0anFoaHVYTW41dTFiNnpOSnRfdlVYcU81RjRoaTlKc1NLTXQ5VFh3ek12eEJxaVRMbWlubjhXSkw1SnZETlJ4eVZibDdtOTY2bDAxSktpMi1Vd05QRjZKZ2RSYXpHWWU1QU03Vk8tZWtXVG9TNU0?oc=5&hl=en-US&gl=US&ceid=US:en,Illinois News Bureau,0.0
The Aramco Accounts: Inside the World’s Most Profitable Company - Bloomberg,2018-04-13 07:00:00,https://news.google.com/rss/articles/CBMiswFBVV95cUxQTnpJUGVOSU9ZUl9lRFNMZDRnM0FZLTdJVEVCT2VuWEEwTTVIQW9rUG94Y2gwdUFTTHRrRDdBVzk4QTJuZlg0NEo3Uk9rWUMyWjNIdHd2cURHMi1KQkNzLVhuVkU2Mk5GR2FiaDhINzh4VGxpTnpIR0hid1lSV0lrZHFPc0JicHZWLW9KSkhEQ0x2LU8yS3pHOVgyZUZqSUxkenluei00aHJ4TVZfSjBuZnNEQQ?oc=5&hl=en-US&gl=US&ceid=US:en,Bloomberg,0.4927
Obituary: Guatemala's Efrain Rios Montt - BBC,2018-04-02 07:00:00,https://news.google.com/rss/articles/CBMiY0FVX3lxTE8zaklxMFZjV21pRWJSZ2Z4NmlyZzN4blFWalc3dlV5NllncEJHWFhpNHBhUzk1Si1aMlhLUi1KUzA1N19xcHpZbzNFX0RxVG50VnVaRWZ0MUNlemtPVHpBcUExSdIBaEFVX3lxTE9EVDBYczZDNU9PSE9ORTBaRlJDdzBuSmlQclZFUUJ3Z1F2czcyVFp3QV9lcVJPYXR6U05Na19ITFUzUVBiMzNoVmJWcEljd0NJYVJGNlJjbVFrbFIxQVdMd0pCaWViaGpI?oc=5&hl=en-US&gl=US&ceid=US:en,BBC,0.0
Latin America is the world’s most violent region. A new report investigates why. - The Washington Post,2018-04-25 07:00:00,https://news.google.com/rss/articles/CBMi1gFBVV95cUxPWUdSU1pVVlg5QTRmbXpzWXNiRG5DbUpCN2x1Vm1FVjB1cm1kX3ZxUG9YVW1XdHUzQ2swQnJfUk96SHhyQWFWaUIzN3k5OVZNWDlfbkxGT0plWnBabFBOYU9hQ0JjSDB5MmJseVV5ZW03Rlo1UDl3WURsZTVFNlpjaDBuNlpuWURQZG5ZLWp5SVphY2c5RlRkdTFSeE83TTJScWg4b1kzMFlScjR5cjlHRGdPQVE0UFdhTHRaS21ReUFFb1A4c1V5SDJyVFRnX281NFNaWUZR?oc=5&hl=en-US&gl=US&ceid=US:en,The Washington Post,-0.6361
Trump announces strikes on Syria following suspected chemical weapons attack by Assad forces - NBC News,2018-04-14 07:00:00,https://news.google.com/rss/articles/CBMivwFBVV95cUxOU1J5NDJWcVgyN185dzBUZUFoalpJTHpmckxfQkRNLXZTUXhQS19JbVRpYm9QOVlpbjRNR3FCajR4QjZXb0k1cXhBOHFEa1F0N2M3VG8yd0VNbjJuS1pub3UxNVdHUHFROEFwMTZSb2s1bnl6dGZqQU5RYzEyWWxNNDB1MTBIem00Z21PSkludlRIYVZPUlpuV3ZNN1EzbWl4TG1scjdZRld3NE03SkRCY3NFOHlTLU9IRW0zamxhTdIBVkFVX3lxTE1PQk1zcmpvcDZkaTQ1azYxRWlxWVRZUjd4cXZzU19xeEl6cTZHandodkJvVndQTHQ1bGR4anhZdDFVMF9hOVpOSzVOYm9iNVJhcVo0eWFn?oc=5&hl=en-US&gl=US&ceid=US:en,NBC News,-0.8555
"Women and girls with autism must be empowered to overcome discrimination they face, says UN chief - UN News",2018-04-02 07:00:00,https://news.google.com/rss/articles/CBMiV0FVX3lxTE5zdDZlNE1UUnJGYVhmQjRjRnN3eFJUZU1DelRqdERoSkJ1Mnd2MTBGQWw3elpzRFM2SlQ5VThWVzdMTncwRXVQdk12S0J2NlNUUHBtblk0dw?oc=5&hl=en-US&gl=US&ceid=US:en,UN News,0.0
World Book Day - ec.europa.eu,2018-04-23 07:00:00,https://news.google.com/rss/articles/CBMifkFVX3lxTFAzSEo2VmJ0YnZNUVdtWXdxYWVuUUFOY0xkNlNWc2FqSno5Q3RZWXRVeWtYWGFQQWp5NFVaX3o5aWZaQW13aDA4N1BOYjZwbjhxYXRsWDVPRzNvQU4wXzdOZXBSS21MQWd2RjM0dWpyYkM3Y2ZfUlhmNTlUd1hCZw?oc=5&hl=en-US&gl=US&ceid=US:en,ec.europa.eu,0.0
Jacob Zuma - the survivor whose nine lives ran out - BBC,2018-04-06 07:00:00,https://news.google.com/rss/articles/CBMiWkFVX3lxTE9uREVjeE54NjZIa2FRR2pTZnlYeHVHc2t1RnRMbEFzeDhkNS1EcVFlTTdPYkZscjJWa2hQRDJwSHpfT2wtUUl0RVNIMDhPdGtqWWprNmRsdnRsQdIBX0FVX3lxTE9qcmNWTXNNbF95Y21wOXpscEs4MTg5U0lHZE5KSkw2ck53UkcxZVl5UjNOLUU2LUlDbWtKb0NpMzkyVkd5VHFGRjZBSE9kQ3ByT2wxVzdJRDlyVHMyT0ZR?oc=5&hl=en-US&gl=US&ceid=US:en,BBC,0.3612
UK military helped secret Swiss force in Cold War - BBC,2018-04-27 07:00:00,https://news.google.com/rss/articles/CBMiXEFVX3lxTE5pbFl1N2hhNUtvdlliNld4czhvcEQ1NDE2dkNLVHdYSHRZVWZ2SEpjYzRnelBBakFXcTU1VHFaYlByODJkWWRBdGNrdVpIUmpWSGVTdzIteTJXb1I10gFiQVVfeXFMTkVQQzZSbXpCOS1fakVxY043WTNEQlFTX05iN0lUMVhmQ21RYnR0cmJBVUJISmdDaFVqak51dXZrQzdzRzdMdzktWTdxbXdiUzZPNmMzUl9vS19pcmlhTzJ5UHc?oc=5&hl=en-US&gl=US&ceid=US:en,BBC,-0.5994
The people fighting pollution with plastic-free periods - BBC,2018-04-30 07:00:00,https://news.google.com/rss/articles/CBMiUEFVX3lxTFBTdk1Xb0Qybld3b2Z1eEJpaGFYa2VhazFZc1FyYmRlSXBkc19UT0VlbnpXUkk0LXdNZFAyMDdvQy1hdVdtZHhhSnBuWUFjTGhn0gFWQVVfeXFMUDJNd2FCMlE2YVRFWWZWWVNicE5pa1djQ2hxRWdjeWQ5NVQ2Z3hwVURvZWlpVm5aU2RFdTVQMnJXbHpya0NnQjRNcElQSDRuT2lZVWpoM0E?oc=5&hl=en-US&gl=US&ceid=US:en,BBC,-0.3612
Alek Minassian Toronto van attack suspect praised 'incel' killer - BBC,2018-04-25 07:00:00,https://news.google.com/rss/articles/CBMiXkFVX3lxTFBWUnd1bUFETE1GcWVmSkcyZHRraVJmN05YTy1vM0NyUmxzQmhoa2V2dVlLZmk5Zmhmd2ZTakctZkRmcFQ4bDhGSlRQbThXME1hNkNZb1hLcDFadFFaY2fSAWNBVV95cUxQZmNhb2U1R0h1TnJpOFRmNlRzTnFqTXJvQXdIbW4tZjdyczEzdHJaWDRNN3JYdGQyWHZScF96dFNUZXJnUEowOU5jdzl4Z0M5eDZLLXVKNTF2WVJwNHZzeXBmNUU?oc=5&hl=en-US&gl=US&ceid=US:en,BBC,-0.7506
The UN Security Council is useless - Sky News,2018-04-09 07:00:00,https://news.google.com/rss/articles/CBMihwFBVV95cUxOdVFYVVFQV2RLSWxVc1VmcmpRczVEVXFtN1c5X2xPajV0T3IwWkdIUU1Yd3pXYnY5eHhQV3lkeHJJalllU2FPdmVqeTQ1ajFhN0cyUXRkT3FRRDJGSVo5M0RYOVFVSWVycW5vRWtyMkVnTlBtLWlwdldHMDlfeGliR3FxZmdYazg?oc=5&hl=en-US&gl=US&ceid=US:en,Sky News,-0.1027
Why we should bulldoze the business school - The Guardian,2018-04-27 07:00:00,https://news.google.com/rss/articles/CBMifkFVX3lxTE5aY2N4ME5PeW1TTlhmNTdLVXlqb25USDhZUkk2TC1pY2JwZElLWGxXWURzRFNlOVFPN2hlYXFZbmUzb1drQ2JQQUM2YmdDcUZWUW0tWGtwd3R5VzBzZ3ZqVk9MUkkwdjcxOVpyV1VVc0t4M0xaWmlWaGowY2p5UQ?oc=5&hl=en-US&gl=US&ceid=US:en,The Guardian,0.0
Macron begins Trump charm offensive with Fox News Sunday interview - The Guardian,2018-04-22 07:00:00,https://news.google.com/rss/articles/CBMimAFBVV95cUxQM1JFMUk1bV8tTzM3SC04UFhkdGwtaTh5clJLdGF6Tk1UWFJ0SnJfZEc5NGR5QndUREVpOWUzbUR6aDc1cTlrMlZRTHU5OFVsa1RsWGc3MVZDSzlzRUhhQXR1SkVsUVRTMk9xbU9nNkVRdkpZNzRNeElncU0wNGM4LUxKTXoxSlg2bHJuajU1aVlyX1NqTWROdA?oc=5&hl=en-US&gl=US&ceid=US:en,The Guardian,-0.0772
"Coffee: Who grows, drinks and pays the most? - BBC",2018-04-13 07:00:00,https://news.google.com/rss/articles/CBMiVEFVX3lxTE93bm5ubF93elEzUG1kdkFJblBkRUlNcjl6UWE5VHpYcndxR1Y3VWQwcHhlck9kT0xRbTNnYktrZ2FpdFY4cXpVcndTcktEdGlGbnhJa9IBWkFVX3lxTE40cTFqQWFaN0NDd09Jb1RacmppRXpreU1ua1dNUVFmYzdXTHNKU25jb3RxYVN2MXBwUENtNzBJSHJRWmRIdUctcnloRU5VUVJPSndIOWV5aUpfQQ?oc=5&hl=en-US&gl=US&ceid=US:en,BBC,0.0
"World’s oldest person, age 117, dies in Japan - Las Vegas Review-Journal",2018-04-21 07:00:00,https://news.google.com/rss/articles/CBMimwFBVV95cUxNUzU4bVRuNHB4SjNndTNLQkVEaDVOZDJQY1AwQlo4MzhHZ1NhbDBPOU1ueHpqdzU2VlN5eUN2MmJzNHg4R2ZRSzhyQ1hJeWVwbDJfOXR1ZnE5a3dHZElsMmY2OFktWllqYzdTc1ppbXI0RGt5WVpqUFJmWklvZC1LdDRXWkdDQXRYWGlqS0ItUWM3UmpJV2lZajQ2b9IBoAFBVV95cUxQSGxjMURJVU9yc0MtdEtCMUZUZWt3VWtQU2JqNXYzMDR6cGNrc1piLWNxbkNEaUlUeG90S09vWWFkMGNGSzd3S2NDWkk3ckxxak9MNHdkeXpSYlFaNWg2TUw3ZXAzbk90YzhMSkI1UDV0WTR6UDluV0dxVHh0aEJLN043VFp2MVotcVhLUms0b3llYkM1QVFDUk56dzd5Mnht?oc=5&hl=en-US&gl=US&ceid=US:en,Las Vegas Review-Journal,0.0
Turkey's President Erdogan calls snap election in June - BBC,2018-04-18 07:00:00,https://news.google.com/rss/articles/CBMiXEFVX3lxTE1lS0E3aEdzS1ZoY3Zha3ppOWtaNXNWSGQzbkhYcjhqRjF3bExpcDJzUUpuRk1FUE5tb0syNF9GZUhfWkR4YU1nRnV6UmZjRmNhQkN0eXhMeXhyclFR0gFiQVVfeXFMTk1TSmUtMFMxRW1RY3VLM0IyWmI0aTRBX1VHYXNPVVZLU1dFRnBlbjM0TTIzQTkyUlVHd2tHOVFGQ2FNUWdETnpYSU9ZWURsRFFodGFPenpMUWhNcjJmSmQwTHc?oc=5&hl=en-US&gl=US&ceid=US:en,BBC,0.0
Sean Hannity’s rising role in Trump’s world: “He basically has a desk in the place.” - The Denver Post,2018-04-18 07:00:00,https://news.google.com/rss/articles/CBMigwFBVV95cUxOLXgtMG5BOHl3MGkyNk9QVHBNRElEVGlJUi00VEg2NWtTcE9UR1FRZ2JZVFF6RXU5dWcyRjR3bmtsT0ZHVUVRMlV1NGNhUUIzVG1aOTBkRDJNLURVYUdPeUhiUHltbXg5a2R5eWpkZ0JuaUpYOVNHSnNSMEh3TW5teVM0b9IBiAFBVV95cUxQdlpNQWZHTTRBMHd4dGlxOUVmMmRGSXlMQkdlRURCR3JObTMxakhxTzdiblE4OHRDT1Y1TUJ1REZDZm9renFSQ2UzMW0waGx3NVg4dDZsZFVXaGs0YlBqU25hTUJSMGZfLTZOUjBiQURzQWRFLThrNFA5cC1kMmZjR2ZXNjJ2cllS?oc=5&hl=en-US&gl=US&ceid=US:en,The Denver Post,0.0
‘The Mail on Sunday’ admits publishing more fake news about climate change - LSE,2018-04-22 07:00:00,https://news.google.com/rss/articles/CBMiugFBVV95cUxPR1htR3ZQRUtkZ0ktbjc0R1QteXZYc2xPRzBGM1UwdGRZYXdKakNUaFNlem1sSTV2bE4tZ0JEbE5GUEgteEI2Q3UtVHFBZHg4Q3RyeUV5X054ZjlnbVVUZXRGNkhoeF9udnpENm1lOFBmVHE1dnFxUXVUNTdaU1kxMGlDSXFYQW9XQ3RPMDFpVDhTSVUyTWhQb1lqZGl0aTBaTkl5MjhjWVp3U1pTbGpsd0ZlWmJNNzZXS2c?oc=5&hl=en-US&gl=US&ceid=US:en,LSE,-0.2944
"Texas girl, 7, climbs Mt. Kilimanjaro to honor late father, breaks world record - CBS News",2018-04-10 07:00:00,https://news.google.com/rss/articles/CBMioAFBVV95cUxOVFoxRG5vTmJiMkU5eC1lWHlYOWZwN2pWUlUyY0ZVS0ZWOUpZX3pqVmE0OVc2Z3NyNi1vcVplOHZKOFFKUzZzeWZHUFNXWEpDMllnUnZnSDgzajg5VlJldmthRk54ZEYxQzlfcDNRdnF0U241eXpnOFBKY29oT2c5RjNDWUF4MDEwbENpRmVtYlNSTEdJc01KZlpRZGlYVFBH0gGmAUFVX3lxTE1CYWIwenRoSjAtNmw3bm11Rll2VUdNbWV0WjEtTmFIQVZVZFdEZnU0MW5HREV1V21uZVRWYllybFBzZTRrVU96UTk5d1RSTW5Wdy1Ib1lkSUh5XzNVZkNJM3dleEFmVzdfYjZNQU5QLUJRRUQ3SS00R0Z2Q2NTZ2hYQ0NOdWhmNDRNeTRjWGphQjZjbzVrVHl6cjEtcXJ0bUlZZ3lIMEE?oc=5&hl=en-US&gl=US&ceid=US:en,CBS News,0.4939
World’s oldest person dies in Japan at age of 117 - Boston.com,2018-04-22 07:00:00,https://news.google.com/rss/articles/CBMioAFBVV95cUxOTUlzQjJfTXBzckNqOTJ1R284RFR4MUp4T3h4Y2VGbFo1Y2JWaVFSR1FDOTFhcXNHNDVvWS1mVE5BOVhRTEJrWjJwR1N0cERaVy1vMzNBeU9XQklTMHY5WWhlYnEzX1pFS0lWV1ktZ2lyVmljSEw1by1oRG8tVXhSSWZKT016aGZ5RGNvbHl5U2FrcFdDRXJlV1d3UGZPdWFI0gGoAUFVX3lxTE9Zd2xEMFFRcE4tNlE4ZXVwMFhkWTBRNVVDVmp4S3NIdExpdVE4RnB5RElKS0hrWktZLXBydll1Sk1tOFJ0M1VmNFFZRkhRbk5nbk1SWWtFdkRXUDFZQ3F6dGU0UEZpOGtrQ1FfRkdsWlBiSzlzR1lYWWtQY0tnUjFTWXZRdEZ5SWpXSERMVl9PVV9sbndXck03blNZdzY3Uy1VUmFTN2RXdg?oc=5&hl=en-US&gl=US&ceid=US:en,Boston.com,0.0
Nigeria’s deadly codeine cough syrup epidemic - BBC,2018-04-29 07:00:00,https://news.google.com/rss/articles/CBMimwFBVV95cUxORWI3WkJhdjZxSDNwUXF6aWFJd3RUZENDUlpCclRySUhoMk5VcDctNUdKUDdMdEFmMWRSNk94ZkVESEE5SFpDcHJ4OFFBWnlyX2twaTRRYWd5VTlYLTM4dVpVcXlGYXdZV3o4cnMyRW9CNUdjTHNRYTdiYTZTUmpRTmNVQ0VQSkhWZlRoUjRxV1dtbDB6cmFqUDNLMA?oc=5&hl=en-US&gl=US&ceid=US:en,BBC,0.0
WHO and UNICEF issue new guidance to promote breastfeeding in health facilities globally - World Health Organization (WHO),2018-04-11 07:00:00,https://news.google.com/rss/articles/CBMiyAFBVV95cUxPRzJEY0FxYW5FLWZ4YXBEdDhJbVVaLWw0eDlZdXNUREhXdHlhU25zWEx6eDJzdnZ2S0Q0VnZkOG5hWkVTY3ZiREJfWXFfcmdDXy1JTU1aamRVNE0zenVMNnRfODZTUi0tdEVBcHBfV0htbzdLczRnd1JEWGRXRGdmQWdpbnplYkIzX0tERUh5VHptcWZBSG93Uy0tYUF3Njd0RkRCNUFlTUpTNVFPYkZMYmcweWlfMmd1cW00WG94bnpiSjhTeWZVcQ?oc=5&hl=en-US&gl=US&ceid=US:en,World Health Organization (WHO),0.3818
Yanis Varoufakis: Marx predicted our present crisis – and points the way out - The Guardian,2018-04-20 07:00:00,https://news.google.com/rss/articles/CBMimAFBVV95cUxNQ1h2aU4zejdSUXlpX2VMVHRnbnZoVnJKdkpNS01OYkFTbzJqWlZJbW93aHZHYkpFX3ZpcGZJRjltMEt3RzhmWmloeDZmRk1wcDZIYVJKVzB4NUZQVTA5VjFXVDhoLWhjcWZtSUVQNzNCbGw2VGdaQVZFcEl2MjE4Uy0tR25zQkNnX0w1UkRXRV9tRTd5SnprMA?oc=5&hl=en-US&gl=US&ceid=US:en,The Guardian,-0.6249
Veteran who survived blast receives world's first penis and scrotum transplant - The Guardian,2018-04-23 07:00:00,https://news.google.com/rss/articles/CBMikwFBVV95cUxOWWlLd25JQXJGdVZhQ090TWJfcjhqbl8wc0JWd2VDSEtlRUVTcFRjUkpiOWJUWUVCVFhQNDhpbG14UjY0OWVlY041UnIyVW9RX3d3LWdHeExFUml0UVh1dVVwSHlSQWJVRnhBM0RUZ0RraENXbFZZSG9FUUlMTl92TV9FVkZBb3EwTWFlZU1wUkJDUHc?oc=5&hl=en-US&gl=US&ceid=US:en,The Guardian,0.5106
Understanding Kim Jong Un: Inside The US Effort To Profile Secretive North Korean Leader - NDTV,2018-04-26 07:00:00,https://news.google.com/rss/articles/CBMixgFBVV95cUxQZ21pX3dlTE5OS3VkUE1VcEdfTGNteTdPMHMwdTI1WGlubWVBVTVzZ3JSYUJBdENYWlF6bzFObjJDQlk1VWZKWF9Fb0w2aHBpNVBRdVJlYk1OaERUZVlJM0NIclZKQ0xzSGItb0xQZWJnM0EwbExpODdlNUhZTVlQM2JfZWx6X3piUE1rSHRSbHRzdm1lSkpMWFpLQmdhOS04M0MyQXg3bm1TQ21oUGpFckRTWGV6eENGSTFXOHRkQWtZRXJkYWc?oc=5&hl=en-US&gl=US&ceid=US:en,NDTV,0.0
Why do we need vaccines? - wellcome.org,2018-04-22 07:00:00,https://news.google.com/rss/articles/CBMiXkFVX3lxTE9BaDZ1Y0NzaXFjcFlmckdqOUk2M0VYRzVYOXYzVHppYWQyMEx0VDBZMFBvRE5nVk8wem9zSFVyaGpfTUhyRzZhdWk1NGIwbFo5bFhXMzlXR1c5RDY3N3c?oc=5&hl=en-US&gl=US&ceid=US:en,wellcome.org,0.0
World news in brief - The Church Times,2018-04-27 07:00:00,https://news.google.com/rss/articles/CBMiiwFBVV95cUxPZ25GZVc4a3ZYaExYUC01S0hYakRxVUhDX3JZM2FNNkNpYTIyMV84SmdrOVNac3dYRnk5ZndSdHhEb0RTaE1wV1NrWUpPMEtycjZJX1VBXy1WRElUa2JEcEJ1c3dtX1NGZW9iWnFrQ2tOZUwxaS1HU3NDeUdXRDJKMFB1YzFkaERPNXBZ?oc=5&hl=en-US&gl=US&ceid=US:en,The Church Times,0.0
India says all villages have electricity - BBC,2018-04-30 07:00:00,https://news.google.com/rss/articles/CBMiX0FVX3lxTE84bWhSVlRwdGhJeFlKcnhoMklZY2JBMmtoaDd2dmV0YmFIbHV3MnhBMEs3NnpZYVphR0VnRy1nWDdKY0hrRVExWFFEOWFmb1F2M0VHMU5JUjg2NTkyWmdZ0gFkQVVfeXFMTVFBZFZ3OVY4WXlqSEY0TTlLd29XUnFUUGV1LUNqT2pJaTVqcy1WWGdFM0tjRmFhODhMSFpCdkNOS3diT0JrUmRldGxCdV9wcFh2ZG5lckxDVjlJbElqekJWTHQ2Vw?oc=5&hl=en-US&gl=US&ceid=US:en,BBC,0.0
Breakdown in Trump-Kim talks could be high risk - Sky News,2018-04-19 07:00:00,https://news.google.com/rss/articles/CBMiiwFBVV95cUxPNTZZUkk3a2llOEdHSk5XRFJXeE9yaFdYVWtKTlBzNzlMX0tkRjBzWFowSXpMVWNqOWZuTnYyS1RzeXlxYmlyUnZDTmh3MW8yNXpkeGU0ci13N0RQUWRBeGNqQmR2OEdFS2RZYkRlc1lnUHlZMXJXaEFWMG92UTZUU2hfYnVLSTYzUVpF?oc=5&hl=en-US&gl=US&ceid=US:en,Sky News,-0.2732
Scandal in Sweden: Nobel prize for literature faces #MeToo moment - The Guardian,2018-04-15 07:00:00,https://news.google.com/rss/articles/CBMisgFBVV95cUxPZGZXd1NHNlpSNWFKOW1UTWUxWm1pR3pmTkYxMFlyZmctS1I2R05OMm5vMUNGQ0RsblFycl8wTjZoblc5ckd3eW0ySWp4QzJwZUQydEtrYTV0RXpGd09zNDdlLUxFbzIwMnBLdllZM0hxUWhhVUdlbC01TUFsVU1CY1NvVUs4VDd3ZEpJcHVnOUJkYUlaLVFzX2RLTC1JMnFCU21EcVFXbUw1YXJ6enVsNUl3?oc=5&hl=en-US&gl=US&ceid=US:en,The Guardian,0.1027
Grindr’s HIV data-sharing has betrayed the LGBTQ world - The Guardian,2018-04-03 07:00:00,https://news.google.com/rss/articles/CBMiwwFBVV95cUxPWEpDTUFoSkw3cTVBUEF1eGxtTkRHem1ZaTZPT1YxbmVHNTZvSVVXcmlDbHZsdkE0azNfT0VkSlJMM0JLOW1VeU1CSUNzamhkdWZzWlRiNTdNSld2cHhyY3dfNnhWaldCU3pfUXVlZ0ZOUXY2d2pkZktVa1hWM0x6dkd2UWhpWVpmM3JsYkNJTWpzdUE3RFQ3VmdLZzVPX21Pei05Y2ZNc1ZaOUJUbW9IYjJiX1hkeVFaZnVfMU9pb3ZMdFU?oc=5&hl=en-US&gl=US&ceid=US:en,The Guardian,-0.6124
The rise of Russia’s neo-Nazi football hooligans - The Guardian,2018-04-24 07:00:00,https://news.google.com/rss/articles/CBMikwFBVV95cUxPQVFWNlQtVkJMWUhsU09jNTF0RVZVd1E1TnFLc1FkV05BMTNWdXpINF82UnNuUjZhRURrUlcya3VIbF9POXZrdTJpR1Q5cnFxbGo2RzRUeEU0NDl6cTZEWHcwVmNqQ3F3dUtraFpvbWZpXzZKb0hhNDF2WU4zWHFRckhFM05DazVZS3lKTW50T19OODA?oc=5&hl=en-US&gl=US&ceid=US:en,The Guardian,-0.2732
Somalia warns Dubai Ports World against violating its sovereignty - Al Jazeera,2018-04-22 07:00:00,https://news.google.com/rss/articles/CBMiqgFBVV95cUxNTmxoZGJ6Qjg1eUtibTRLVlJhVmJrM0M2cS0wOHlielNJdmMwdDliVGtrX2dZOXVBb0dMc3kzVW12Z00xTlVxcVE3NXp4N1c4clgweHJOYUNRbUpTNHRmcWN5eHczNG9uRU1GZmpFLXFqa0lIUUkzWEVWRVZkX0RETWQ1OWxKXzVQeE1qMmdFS05fZS1POXYyU0xsSWt2TVlOeXBFb1ZObng2QdIBrwFBVV95cUxPNTNFVzlMZ0NFMl9JYXY5NDVIamFsWUxzbnc2R0Z6ZFNNWnMyY1daS1h0NUhpUTdEeEhhRHJVVW1SUVh4NHRKa21jRkxYbTZXckkyTHdBOVhiLVlwS3VleE5EY3JUWWdnVDJyLWkzYV9MQTBMRFhVMUVwdEx5RzdrSFF1QkFsajNWQ2RMLXFIZy1aZ0tMb1hVSFJ6T2tCV0MzTk9ZcFJnZmNyNkVQWmRB?oc=5&hl=en-US&gl=US&ceid=US:en,Al Jazeera,-0.5994
Another US judge rules against Trump on ‘Dreamers’ program - Hindustan Times,2018-04-25 07:00:00,https://news.google.com/rss/articles/CBMizAFBVV95cUxOX1A5ZHhUb0RMOVlfNUk2TmE2bU1pMDFJdWJCOE1SZUdTTjZsSzV0TEloQ2RBUnlJdkVLQzZvdmlDeUxfYkJFekJnUUVTSnJWanAzOUk2VHdOR0xNU3dFVWFWcnZONmRaTlozVzVxYkpDQk14bGc4aTkxa2FUVkhSN0VWVXN5Zi1abkNIVzFybGN6LXBFd21GRzhYTkJ4Yk0yVUdLVG5LV3M0cjRLWG5Va1RFQmVHeVNuRDUwb1kzRUQtdVVnN0NGVjM0N2jSAdIBQVVfeXFMT29UckxMTlpuVHE4V3d3anFzVzVaaG1ZNHFGUEczUW54enQzalZxT2ZITUtNbE5JRzBtOUx3bmgtTWliZGItVWNqaWt3ZGpHT0w0UGl3NGJCc0t3TnNKRFVUa1FsUWNtOUVRUnptdkw3NElEYTI0eHI5S0N1Z0RqS0FXUWtMcE1KQ2J1RVRUbjc4Zm9WMU4yVUdUNWpvdEdYNFh5cXJYS21ueGlSdHRydFo1Z3F0cXh4QTdWYm92TnR0ODFLTDJtNHBBQVF6TTFNVlpR?oc=5&hl=en-US&gl=US&ceid=US:en,Hindustan Times,0.0
Revealed: Facebook hate speech exploded in Myanmar during Rohingya crisis - The Guardian,2018-04-05 07:00:00,https://news.google.com/rss/articles/CBMiugFBVV95cUxQZ280QzZlaGVnTzJ2ZmVYTkR4Ym14amlnTUVYYU4yRkh0aEhZNTQ5TXhqMmFMeU5Mb3BEUnY1UGNpY3h6bURGUTVFR2w1X1VHelJMdmIta00tR1N3UnVBeExoc0pXdTBHOVRRc0hPQWlJcXlSUHYwMm4tZWN3c3NUMWlmUFJBNzdYbzhsRE5IajVYOGpTc3VXWGk5YWJXemFkLUZ1cXpTa1pkSXNyMEVzQ18wdDRPUFo5WXc?oc=5&hl=en-US&gl=US&ceid=US:en,The Guardian,-0.8316
Why Donald Trump Went After Jeff Bezos: Two Billionaires Across A Cultural Divide - NDTV,2018-04-06 07:00:00,https://news.google.com/rss/articles/CBMivAFBVV95cUxON0N6NlBSYjF0YzZmMWpsOHlCa09GQTVNNXRKY1hBNWZhX3I4Sk1LMTFIVUdvd0VTekU3Nmx6UzZfNDRqa095OUJWWE1SdjRBTXlJMjBmMmgxTVdGZEk3YTRYSTdmQU1FUnNwdVctRFNON0VTN2dKMXNDbEFGZS15cW5ObFlubTJETWRrRDFfWHE1SmxfS0Z1eVhfb0N5aXhlR213Z1dwYlFtOXFnZGw5ZjlkNFpScVhSdlpBbg?oc=5&hl=en-US&gl=US&ceid=US:en,NDTV,0.0
Almost all violent extremists share one thing: their gender - The Guardian,2018-04-08 07:00:00,https://news.google.com/rss/articles/CBMipAFBVV95cUxNUDMxMHhPMjlBQ1FjcVA4SzdIZnRRd2NpcGEybGk1OHpxY1NBaDBBTnd6UWhuUVhyUk5vY0thcXlGNktvNFY1cHV4UVU5Y05oOUk4a1dJRzRWUnh6SWpnS2UyLXJ2Rm9mYVJ6T2ZYUTIxYWJjZVRVOVFNZmNFNGJLSmNWbm9xS3ZhZnE0RWV0Z3hZWkRaMmUyVC1BY2JwemprdTNrRQ?oc=5&hl=en-US&gl=US&ceid=US:en,The Guardian,-0.3446
"In Vatican visit, pope invites Villanova to be ‘workshop of encounter’ - Catholic Philly",2018-04-18 07:00:00,https://news.google.com/rss/articles/CBMiuwFBVV95cUxOUnlyZDBFSm5QdXVCUVFfMDdudzF4MkdQQ1BERXp2RUw4WWJ0dHNXQlNQRHpON3NEWGJnaHdXS01Ud013THBNWW9qMnlmR3VRSEpnN1hYbzdvbUhBS1hDU2NUejRyU0w1MzBhQVhsUE5UNWxnOHlUdUd6MmpVMk1GMVB4S2ZvMWtvR2drekw2UHk5cEFEMk1iQ0hrSE5xRG53U05UTklyenRHMktJalVzWFNVV29tY2hBdjlV?oc=5&hl=en-US&gl=US&ceid=US:en,Catholic Philly,0.0
Tourism pressures: Five places tackling too many visitors - BBC,2018-04-15 07:00:00,https://news.google.com/rss/articles/CBMiUEFVX3lxTFBTS2tCWGN3RGhzVkxhTFE5UFlQNVhJSW9vTEppWFRZRndFNDdUel8yc04ycE1KUnB4bG5iTEllTURzdGt1OEY3UzMxUTYzWnY50gFWQVVfeXFMTTJpY3Y5eURqZEJTNGRpZGJZeDBBaDFXcUw5TUhvRnZid3FzN1VXR3h4bHJWaW1yTF9NOHBHS25qcHlRRDFhWmN2NDc5VldsWF9qZktfb2c?oc=5&hl=en-US&gl=US&ceid=US:en,BBC,-0.3182
ABBA to release new music after 35 years - Sky News,2018-04-27 07:00:00,https://news.google.com/rss/articles/CBMiggFBVV95cUxQQjFjdVBsWWtJbE55UTk1QTlCWG9GQW5SdUhTQlJYLUlrQ0FXcFd6NkxqaVdiSUJpdHdESU5pbGVNbFNqNmdiOTh2OVlEUDJGZ0lSVUtQSExTdGZkbzJPWThuVzRDd1hJb1QyVkx3MEUwdzRDeXpZc0ZLcTV0ZlViRXBB?oc=5&hl=en-US&gl=US&ceid=US:en,Sky News,0.0
"68% of the world population projected to live in urban areas by 2050, says UN - Welcome to the United Nations",2018-05-16 07:00:00,https://news.google.com/rss/articles/CBMiqAFBVV95cUxPUTE4UWd5dVp6T09oSU5jaDFVdzdKWm9ycDlWbTB0UzBOWFhFekpnS19EUjN5SjEyN3haWVNhVWgtMW1vV19vUUllejJFUkROMk1JQWFSQUctd21uU2k3Wkt4VzBCOTUzZEpPMktocGhfWUtQeUZfd0FvT0ZoaGFuYktWNWZQeHJvTDlBYUYxa2tpUk5hbWRCV2tXbWtQNlcwT3FSOTYtdk8?oc=5&hl=en-US&gl=US&ceid=US:en,Welcome to the United Nations,0.7003
Menstrual Hygiene Management Enables Women and Girls to Reach Their Full Potential - World Bank,2018-05-25 07:00:00,https://news.google.com/rss/articles/CBMiiAFBVV95cUxPOEpBOGotNTQ0S3lQZTExMTcyMkMwN09pMElXNkh2LXExaWYzVzFCTHpPSWZWazlYZWdQT0dydThJOW1ic3JwVTJRNE53R2NwNFZiQTVpd0ZYcHVqczJYUkNkMUMxZ1gwTDZzNTAwMlRHdjluWDgwdjNCSVNhc002UjRJUVJjQ1ln?oc=5&hl=en-US&gl=US&ceid=US:en,World Bank,0.0258
"9 out of 10 people worldwide breathe polluted air, but more countries are taking action - World Health Organization (WHO)",2018-05-02 07:00:00,https://news.google.com/rss/articles/CBMixgFBVV95cUxQcU1HU2xfRE00ZDRYYVktNXMycHFqMXRYeHY1a3Y1TU1XSEJSUTFveHlHR0tQSEwzdHk1eDlJNHFXbWl0eUlqaWtrWlB6aDdsd1VjM2lrd2xTa01HdG1NMXJWQnpsYXJkY2RWX2tEZmI3WjZZSFRzVTUwaDNFRTlOeHVIQV9pUFZYZU43Z19RTkFRMzIyamZfVXRKWDktUElKTF9JaW5zajlieE9QdUp5SDZXZXo3M28yX0VWMFVTamllNldwcXc?oc=5&hl=en-US&gl=US&ceid=US:en,World Health Organization (WHO),-0.25
"Commencement speeches celebrate standing up to injustice, making world better - Berkeley News",2018-05-12 07:00:00,https://news.google.com/rss/articles/CBMiZkFVX3lxTFB4YndzdTYxU0xMLVlyelppUjhXUDdkeEdiUWg5UFI2UG1jZHBRVTF1d2RzcWlCbGRNOXhKM1h1NWRJaTR4VnZTak51aDZhZFozekN0dXhSMkJsMmJ3TURZM2FNUmlxUQ?oc=5&hl=en-US&gl=US&ceid=US:en,Berkeley News,0.4404
The New York Times Joins Coalition of News Outlets Participating in Campaign Tied to UNESCO’s World Press Freedom Day - The New York Times Company,2018-05-03 07:00:00,https://news.google.com/rss/articles/CBMi3gFBVV95cUxOdHhJZHFJYnZzSlhyc1lGVmF2alJkdVdGc1F5dTdocGRJbjV0UVA4aHlRWnRhU3hZaXd5dl9MbG9ZWXliQTVnWk9Xc1VHZ1d4blEtOVdQOW1TZWlCR2dYc2lyRkU3WnJNdEFVTTFiYzVCMXljNDg3UU1aZXBrMHZFOE1YdDc5bk8zOWo1YXNraEhsd2tRTHBqazlsanZFUmc0S28yMEltXzcwckhpTVZ5REs1WFNrRElUbk5ZaHo1TkJ4eWREZ2ticXV0MllsMzNaWmJvVDVUb3FpcXhCbHc?oc=5&hl=en-US&gl=US&ceid=US:en,The New York Times Company,0.6369
Jerusalem embassy: Why Trump's move was not about peace - BBC,2018-05-14 07:00:00,https://news.google.com/rss/articles/CBMiXkFVX3lxTE5yOTFSRjhiQWdhMUdvVlpZSzBaeVlTbXZid0wzNFYyaDJrZlZkeV9KdU85YjNGNzB2TDhuRnIxbDhaUzEtNTNET19xS0N3Z1pDSzZpWndTMmVYN1dzRGfSAWNBVV95cUxPajktUG1sTmppVHV0WkVzaEZ6WWtka2dyb1FMMTdLaFQxcThETFdlUExwaFJnanpkMms1UGlKN1o5dVA1cjJZakVidDA5VEpzM3BfaWdLMXdMSVBLRzBYY2VTd0U?oc=5&hl=en-US&gl=US&ceid=US:en,BBC,-0.431
Lowering America’s Drug Prices May Provoke a Trade War With China - U.S. News & World Report,2018-05-08 07:00:00,https://news.google.com/rss/articles/CBMi1AFBVV95cUxQUDQ4cnRSajVraDJTUjZkYjFXclpPVEItWG5EcXhqeHVvaWY3X3Y5YU5iV2ROODZOaTRRUkZFdXdkRUxkMC0yTU11OWRwTy10cXk3TVFHYk4yYXZ5WW4wSDItbl9QSnEzMVB3Yl9qYjJYZXRCVGJIU3BKeDBZVm5QeTVxdTdEZ3pveFh3V0ZuazZySUxiOGVZRXhMNXVLZmRDdnZBNG5EaERFOU91NmNyNHVsMHZETGQxcGF3X1dIMmgzVFRnQzhTSmpIcUR5dC1OS0J6SA?oc=5&hl=en-US&gl=US&ceid=US:en,U.S. News & World Report,-0.8225
Graduating senior set to become ‘world-traveling gardener’ - Clemson News,2018-05-07 07:00:00,https://news.google.com/rss/articles/CBMiigFBVV95cUxPSHphNUs5bERIZXVqZ2NkOVZqS2JVSU5zaUxzd0k5TGFKMERxYkRLTHpDWXlBVU5KQk9rT1Z5SXBmdDloWTVkazRxenhHZHdzeF9qVjRjUnhSZkFLNlRKOERvTGZZc0djX3E5Q2Z6Q29IU0dCV1BSZTlSRkdoYWlWYXJDbVZMVVNkWmc?oc=5&hl=en-US&gl=US&ceid=US:en,Clemson News,0.0
"Gov. Murphy Tells Graduates to Be 'Doers"" Who Change the World - Stockton University",2018-05-11 07:00:00,https://news.google.com/rss/articles/CBMiY0FVX3lxTE1YdFBKekNvSWcwQzZob3VCTGg0UVJfRk9SNHNpVHJQdlJ0bUNnbkNfSTBQOGZ2UmJUaU9XaXYwNU43Z1dwVGlTdHZYZnhDaGZDWWx6Uy1ZUmFIN0NDdmxkMERMQQ?oc=5&hl=en-US&gl=US&ceid=US:en,Stockton University,0.0
9 podcasts to help you understand *everything happening in the news* - Mashable,2018-05-12 07:00:00,https://news.google.com/rss/articles/CBMiZkFVX3lxTE9LUnh3Z2s0eUk0YjR4Q3RlVUtsSm9pa3FEYjc4cnJTaklPZmNFWVF0eEFmdG1pZE5QX3RNRXJROUUtOWRBN294SGU3RWlXdDVKYkdUbVRCMkpKeHd3SjI5MGhEVnMwZw?oc=5&hl=en-US&gl=US&ceid=US:en,Mashable,0.4019
Nipah virus - World Health Organization (WHO),2018-05-30 07:00:00,https://news.google.com/rss/articles/CBMibEFVX3lxTE5mcmJBdGIyMG1JRkJtWnlnMmphODVJRTFOZ2hhMGIyTlNqMFRfZHZTbkgwclFtYlAxaHFUdkhxdV9iOEhqUkxQbzBEVUdwTXVWbV9WbElaOEVYSHMxVUJUSTBmUmxRNmZhYU83Sw?oc=5&hl=en-US&gl=US&ceid=US:en,World Health Organization (WHO),0.0
Uganda profile - Timeline - BBC,2018-05-10 07:00:00,https://news.google.com/rss/articles/CBMiWkFVX3lxTFBPSnJ0LXlfQVpBZi1UZHRMakJLb19oWlBKanZUbHdCd1JnSnhGeDg1SVc5TVJDQ2toUnZwdVEwclRNUmZmQ3lqbUFFRXNPdFl3Y2xKNk10cGtMd9IBX0FVX3lxTE5tVG1CRmlBNXpiX1g5clpOMUJJQ0wtY2tjang0ZW5tejFKN21wUGt6VEYweHhnV1Bka2pqYkFJTHBPRjJVZ3E5U3lzTDlvVjc3RGQyRnZFOGJoSlZULWFJ?oc=5&hl=en-US&gl=US&ceid=US:en,BBC,0.0
"Climate change: An 'existential threat' to humanity, UN chief warns global summit - UN News",2018-05-15 07:00:00,https://news.google.com/rss/articles/CBMiV0FVX3lxTE1IMWlYa2lHMkdCV3NiZkNWS3lLS2N4T2UtS25VbHpySXBxVTZBSXg4d0wwLTNtZ0F5dVl2QVdIdl8wdkszUXUwTzR6UlB2TEpyQ3pYZDVzUQ?oc=5&hl=en-US&gl=US&ceid=US:en,UN News,-0.5859
Director-General brings ambitious agenda for change to World Health Assembly - World Health Organization (WHO),2018-05-18 07:00:00,https://news.google.com/rss/articles/CBMiuAFBVV95cUxNZVR5OWlfWW55R1BPTHJoWlE4RHdzM203Qjc3clFUWWZFakpSTXg3alg2Qy1ObFAxUkpTc0pvYjhPazB0cDNqWXNFbldQTlppdEJjN05JWllRNlFGWWd5Tm8yaV9CaUk5SGVxaWlLaEI4Qmcya3gxRFNSVmhRUWNpUkdxQmZHa2I4Y3RXc09Tay1Lay16dFNIcjZJeGRwWWpZY2Nrb19hVHpMRWxxUGlSVzR2NXd5LWFV?oc=5&hl=en-US&gl=US&ceid=US:en,World Health Organization (WHO),0.4767
Iran nuclear deal: Trump pulls US out in break with Europe allies - BBC,2018-05-08 07:00:00,https://news.google.com/rss/articles/CBMiXkFVX3lxTFBPb3BRTFNrTlJpSHVrYWp6TlpQWkxEbXFWaHZTMWZJVV91Ym1hc3VCWUlpclhiVVVEN0dwLVV6b0x4cFBOMXk0UUE1Vl8za2pxYnUzdzJTY19XcWtxV3fSAWNBVV95cUxQZ1YwY19Vb2paeHJhcUZZcnB4dEVXYmo0RV94Tkp5dTRma3ZxWkdzX3ZEZW11ZFM3Y0xSYS1mOWJiRGs5Qi16alZRNzZZWFA2SG95cU1HdEFNbmpiaEJxLU40WjA?oc=5&hl=en-US&gl=US&ceid=US:en,BBC,0.0
Death of Hitler: How the world found out from the BBC - BBC,2018-05-19 07:00:00,https://news.google.com/rss/articles/CBMiWkFVX3lxTE9IWEN3MFFwZ09CMWc1NFcwWVZwM3ZwSHNhVzB0QjA0S1EzVDJZWW5mMUZJLWxqUzRaaEd4RFczbzZWbEUzYkhyRTlmUWg5OUFUYkxsVDVwc29Hd9IBX0FVX3lxTE95QW56V1BmVmgzU1lSU1pnd29DMzBlbVZJalZndlNMOTFlM0JvcGMyelpPS0ZVZEx5cGYxeGFMTzd0Q181UXppcFd3dE1mQ3pONFBHb1dOOWg5UkFJc0s0?oc=5&hl=en-US&gl=US&ceid=US:en,BBC,-0.5994
WHO plan to eliminate industrially-produced trans-fatty acids from global food supply - World Health Organization (WHO),2018-05-14 07:00:00,https://news.google.com/rss/articles/CBMixAFBVV95cUxOekdjQmZScGpCb2ZHN1pwV3JuWUdFb3FtV1BwbURReXplY3F0ZzkwY05aNG9lMDg1RDJhY1FNWU9tcWM1S1JBSkNaZkxvU0t1U09iMEg2LXh3UzhHSmRBN0VTd0VKOVM0X1hDVjZOUlBpQnBhVGdfU1N4ODVSNmpMQVc4S3E2RGw2blRMeDdnY1dzZFR5R1g5TVo4OG5pV183T1RUNDVWX080MzJFTmNkQ1dVcHE1TzVtbW9xUThKdXJDZDAt?oc=5&hl=en-US&gl=US&ceid=US:en,World Health Organization (WHO),0.0
"Kenya, Uganda and Tanzania in 'anti-fake news campaign' - BBC",2018-05-16 07:00:00,https://news.google.com/rss/articles/CBMiWkFVX3lxTE4tR1VPU2k1NHFCT05ObmltOWpWVGV1MmFhUE5QTFFJck93RERVY2NZVzlrZFZpdkN3Y2FuM1ZkQXp6anpFUmVQQVZCR1RuN3RWU3Jrb2NtWktWZ9IBX0FVX3lxTE02WXQ3US1TZHBsMHFqMVhhalhNbnZ1V2xHZF9WcEJKeWpzY1ZJb1lLLUFVdW5kcXI4Q285RGFnUHVXR1pQbXFVTGhZS09TQk1FLTZWbkxyMm1haDE2TEJj?oc=5&hl=en-US&gl=US&ceid=US:en,BBC,0.0
"Seventy-first World Health Assembly update, 25 May - World Health Organization (WHO)",2018-05-25 07:00:00,https://news.google.com/rss/articles/CBMilAFBVV95cUxOdHExTzJWVGpCTDJzRFBJcVpUbFViQTlqQjhianJXY2VLcGFRU2VvQVlxNGtGMUhhZ3lpWlVqcHA3TlBJaGphanNBZThIQ0xxc0VWM3NTMlc0LWVlcDRURjhzQ1ZoZE5uWFM3anYxMHI3Tm1IQ1RCeDZvcm15ODRDRkZxaXBRaHZfWVY0QS00TURpNlIt?oc=5&hl=en-US&gl=US&ceid=US:en,World Health Organization (WHO),0.0
Can English remain the 'world's favourite' language? - BBC,2018-05-22 07:00:00,https://news.google.com/rss/articles/CBMiUEFVX3lxTE5XM2Q3NGFLb3lBMFo1LVAyc3dyckhkQjIyR1A5M0VJUERkQVFBS1g0bzFUQ19wQkQtSHFUWWZoSFVkcGZLa0h4MEZ4LXUzMFJE0gFWQVVfeXFMTmV5XzB6ZHlGLVdoUXpWX0FHck9OcE1pY3lnQ2FBQzJqenVSNThzNkVYT0dHVDVYckJxcVlXUmtKVXE5RF9LUXFjaUtNdnY0bmV3X3JlQ1E?oc=5&hl=en-US&gl=US&ceid=US:en,BBC,0.0
The Islamic veil across Europe - BBC,2018-05-31 07:00:00,https://news.google.com/rss/articles/CBMiWkFVX3lxTFBWekhGdUYzZC1lLUxPeGpNallrUDFYR01kWkJxbElmVU1zbWllY3oxMU1sYWRoZWQ5ek92aXJXeFRvZFFvVVlOYV84WGJGd2taYnhZODNfdjd6QdIBX0FVX3lxTE01a1BPWGw4U0l3eWhwY05rSGhLTjJHMnBXb0t0TVpDUGZRU25DbVlZZS1ZR0RrUWxkMFJzS1ZTT1RDa2lJMENkdy1xNG0xUEhLNVJNblgtcFNiR3IxemR3?oc=5&hl=en-US&gl=US&ceid=US:en,BBC,0.0
On top of the world - Kennesaw State University,2018-05-04 07:00:00,https://news.google.com/rss/articles/CBMid0FVX3lxTE1UNFpJX291Q0Q1RG5nT0hsVXlyWWNzQUtIRlhZcW1LaDdnMTUtdFJ0OTdldUpla0lrRmZzZHJvWVFGdHAxNUgySWNGWV83N0hEYTIwaWtPeGlIdXJpWGk3M2RweV96ZUM5ZXM0Z3FHRDFFNnUyQllZ?oc=5&hl=en-US&gl=US&ceid=US:en,Kennesaw State University,0.2023
New Ebola outbreak declared in Democratic Republic of the Congo - World Health Organization (WHO),2018-05-08 07:00:00,https://news.google.com/rss/articles/CBMipwFBVV95cUxNblU2M3NnYVpYOWEzMlgtUlh3dU1pSHhzNTlZUXNDdEVqRXM5SWllRlVqWUdrWFVBbklXQ2NVVzBhdTQ1SkliTTFPcDVyMjFURGlJU1otb1c0MklHcmNJWG1rRmIwbzVBUlJraG82em1FRmt5bFJlYkdrdjJfbjBiREp4S3lzWlplQlkwa3NDLUxJb2ZhR2t0LW9UZTk1Rlp5YzlPQmhhcw?oc=5&hl=en-US&gl=US&ceid=US:en,World Health Organization (WHO),0.0
"Baseball Wins NCAA Regional, Advances to Division III World Series :: News & Events - Swarthmore College",2018-05-21 07:00:00,https://news.google.com/rss/articles/CBMipwFBVV95cUxPOG9peGRRa3o0aUMwdW9adkFLT2N1OWJoeXRfZzR0el9sUFRoZXR2Rm9hVGFSV01CellJajkzMFFvcngtRTdDNzFTYmU3SGFHNmZPV0pyaWN5dF9odFBJQ0JvSlVublJZckdMbE1BRXEzVUZ3ZDRydnhUZHNnUGNneW1Ud2dfdm5ybEtvLWlkWndnaWlkMHVjQ09fODlicFNVQlBIaUpmcw?oc=5&hl=en-US&gl=US&ceid=US:en,Swarthmore College,0.5719
"Hacking, cracking and the world of colored hats - Binghamton University",2018-05-10 07:00:00,https://news.google.com/rss/articles/CBMikwFBVV95cUxPTkVZc2FpaEhPdE5ielhPeENCd3dTZDl5RENycTB5TWxhTDN0aHhJOGZjYktrY0p1VG1BdVVnaE1OUWxxdndteFdIUFFIb29wX0ZFd3l2UC1ZWkFhQTAxYUVQcnYyczBuNmI0ZVRXZTY0VVhFeVF3UEJGa3hSUmhYSzA2eEJBOVpQVERTWDQ2bmNDLXc?oc=5&hl=en-US&gl=US&ceid=US:en,Binghamton University,0.0
El Salvador profile - Timeline - BBC,2018-05-16 07:00:00,https://news.google.com/rss/articles/CBMiY0FVX3lxTFBHeW1aN2l1QXFreDVXc0FiOU1VLUhvNGpIYWhpQm1TMTJSU2RQTDZfV1VQeE8tZlBZaFBTRjRkWTU5S2VMc3cybURoaERwY0tPY2lfWmNPVE45ejI4TkRoMjU4b9IBaEFVX3lxTFBpNEZ1MlZCOWE2bDZvaE1Jb2ptZkhmcmdnTXRkSTJzWXM2UlM1d3RiSDNjVURiUTdzNy0tcnFYQmtabXh3Qmo2LVF5MUpXRi1IcFJVOVhmUmI4djF0QjZNdVJqa0JScEdR?oc=5&hl=en-US&gl=US&ceid=US:en,BBC,0.0
'Peace Journalism' to help build a more peaceful world - Vatican News,2018-05-08 07:00:00,https://news.google.com/rss/articles/CBMiswFBVV95cUxNdmk3cmtlLWlxOVphdnQxTUtFajByaThKRnVxWFliZ2sxOXdZRG5uaV9fQTQ0MXJPMlpPN2V0eG03X3dicUplVGJBWTFNUTBEVnIyMndJR3dNOEIwWVl0a3doc1cyNkhORG1ZOGVvODlDMGtIWWk1LVZ2enlRc21fRXlqRjFDNmN6dzRncTMxLXMxd25YdlpPbW15SjdJSDF4SEVXbFVqU3VpUWJqb24tci1wVQ?oc=5&hl=en-US&gl=US&ceid=US:en,Vatican News,0.8655
What has #MeToo actually changed? - BBC,2018-05-11 07:00:00,https://news.google.com/rss/articles/CBMiUEFVX3lxTFBpRzVWSktEUHNsQW55WnhpTlBKNFR5UjdkbFBsUTNiNVRrWFlaakpobDNFZTBSMFZhNEUxOFNlaWE2am52cUpiSHlZelhKVVBn0gFWQVVfeXFMTlJwTU5GQkZOUVhpN3JQbGFtb2JXT0F1dWNfWTFLVlhDZmwxdnE4ZXFPbGhuVDNSMG53RWlKNHpYMmZvUEtoWXM1N0dJczZaSGdheVItRGc?oc=5&hl=en-US&gl=US&ceid=US:en,BBC,0.0
Gender inequality: Stars tell world leaders poverty is sexist - BBC,2018-05-20 07:00:00,https://news.google.com/rss/articles/CBMiUEFVX3lxTE1SdUh5RmpMaE1keFFsdnJtOHNVR0lpRDdBZV81NkdrTGFlSFY0WEsxOEdPWHpWS2JPMUVIeHpMeDhqbVZ0VEk4eFJMcHJjWFlQ0gFWQVVfeXFMTUxGSTRBQnFRQ0stOGU2QzZzOGZHcXYwalUxMk1yUFlpREptR0JuaUh5OEV2aWV6dkhUWjlfbmRPZ3F0MnI0eTdLckRwRDdQelIzc3V1cGc?oc=5&hl=en-US&gl=US&ceid=US:en,BBC,-0.5106
USA TODAY Joins UNESCO and Other News Organizations to Honor World Press Freedom Day - USA Today,2018-05-03 07:00:00,https://news.google.com/rss/articles/CBMi2AFBVV95cUxPSDJxQTdISzYzRjFoa2hiV3UxSTFtNEc2QlYtTW5aOHVNSWFHY1E4R0FaWFp3WHhKT3pHUVhxS0RiencycUpKMkd0V2pwbDN4VzRENXhXZnd2Ym5uSzR1OG1ZanhyeXlpSTdad3NWNHh4cmtkd3lFcEx6X0ZROHB6R2JCVHU5RzFfWXJJSGtwVlNfbV90czc1T01WRnNoeUJEZGRJOExKd3ltS3hWcWMxeU9fa3dscnR0VDVzSG9wamNXTDFPdDE4bkhzYkZJd3N6aXBjTjVjQjg?oc=5&hl=en-US&gl=US&ceid=US:en,USA Today,0.8126
A brief history of how plastic straws took over the world - National Geographic,2018-05-11 07:00:00,https://news.google.com/rss/articles/CBMimgFBVV95cUxQY0Y1TlRxb0hrUzZWOUlYUFN5V2t5dDRoUXhpNWl1ampyaW1IQy1OUHlyU3ZFNnJkaDdROTVFQlNmZ0Z6V1o0MU1SdjBhYUhlTmI1WVYwNkkxUFNkWmo3S3MzWks4cnRka1EzWnROMWtwQmgzc1YtWGEyMW5HRHVWaEhfMnZQV0lrUGZOVlhVY2xILTVxb0lDUTFR?oc=5&hl=en-US&gl=US&ceid=US:en,National Geographic,0.0
Recommendations for World Heritage recovery and reconstruction developed in Warsaw - UNESCO World Heritage Centre,2018-05-27 08:26:42,https://news.google.com/rss/articles/CBMiS0FVX3lxTE40eEwzR3JXT2dYcy15OVYxeTlsNTRRQzFYZTdETkZPbHJyaVhKSkdMZERIREx1UFFvUTh2al9BQS1iaUhjblRZR3dRVQ?oc=5&hl=en-US&gl=US&ceid=US:en,UNESCO World Heritage Centre,-0.0258
GDPR: US news sites unavailable to EU users under new rules - BBC,2018-05-25 07:00:00,https://news.google.com/rss/articles/CBMiWkFVX3lxTE5FNVpqOWpZMFpPTFoyN2dQOXV0VTh5Q1pTMTlsTngxd3hDLXVQUXJ0Vlg5TVNxSHhSbG5fM2ZBajc0TFFwVk0yelY2RUlvQWlUUEI1Ui14U21OZ9IBX0FVX3lxTE9NZmxCbmhUOE0xcklmWHRRcmE5WFN3MXdUdlBMWjNFNjc4YnFNYTZBbmsxeFRJQkQzZWM4VEdfc3h5WUY3Zkw1dFlRNjhLRFBSVVdLd0UzXzd3UXdLLVhJ?oc=5&hl=en-US&gl=US&ceid=US:en,BBC,0.0
"Around 2.5 billion more people will be living in cities by 2050, projects new UN report - Welcome to the United Nations",2018-05-16 07:00:00,https://news.google.com/rss/articles/CBMimAFBVV95cUxQMDE5aVdtUVNJUjBBRlFwUThuVnNwY3hXMmE5eGdqbmV0Q2ZYWXNqLVpKQUlYRFIwa0p5bFoyR1FkX045RTk5WkFjSl9VV3pJVC1BbkN5QW4tNjlheGl5MWg4TTlzcGU4X2k0UnZoVEhOR2JHV3NjUDJKdDZNLVROUnMxOFBDWTQ0azc0bnZMZWxUNXJ2VEtJLQ?oc=5&hl=en-US&gl=US&ceid=US:en,Welcome to the United Nations,0.7003
Baby Born in World’s First In Utero Stem Cell Transplant Trial - UC San Francisco,2018-05-25 07:00:00,https://news.google.com/rss/articles/CBMinAFBVV95cUxPYkFKMTllWWdGdWRxcnhVZDN3Q1ZKOG9hRXRCS1RDRXU3TjZaYjItV0tuNWZNNUlBNGRCSmpBd216TmlMVFozTW9XNGY5TU1FUVNFakl4bC04LTRkdllEdlJxV2JFNF8wRVFzWVJBcTM3emtfYUQzSmpwRUpJaDlOeUVDbTlMSENfakZROFVXUlQyOTVFdUswX2F3Zjk?oc=5&hl=en-US&gl=US&ceid=US:en,UC San Francisco,0.0
Ghana profile - Timeline - BBC,2018-05-01 07:00:00,https://news.google.com/rss/articles/CBMiWkFVX3lxTFBzVHEyVmlsZlpFNVlWekNYZUNCTzZXRldjVEpjQmxTMmxZSmxpTDAwWWoza3Zyd056ZzQ3S0lqQnhrN3FQUDNRT18zWjRMMk8yVUdMQmc2b2JvUdIBX0FVX3lxTE5fbGs2RUpRZ2FLMzdxd1RrS3o3RVpNRXRTNjJBTWh3MGJETE93dGk1Wl80OE8zeGMxZjVnSTBwT01XclRtTTU0NnI5dHc2S041LVJCQTZ4bUJtSEw4NkM4?oc=5&hl=en-US&gl=US&ceid=US:en,BBC,0.0
Norwegian parliament adopts zero-emission regulations in World Heritage fjords - UNESCO World Heritage Centre,2018-05-17 07:00:00,https://news.google.com/rss/articles/CBMiS0FVX3lxTE1HMExOZV9VclB3VlVWVC13Y182enYwcjZ2TzlJM09IRTFScE1iWEpKVldHQjA4elB5anJQSmQzbl9pZlFCUjJhLU1lbw?oc=5&hl=en-US&gl=US&ceid=US:en,UNESCO World Heritage Centre,0.1779
100 Women: Gladys West - the 'hidden figure' of GPS - BBC,2018-05-19 07:00:00,https://news.google.com/rss/articles/CBMiUEFVX3lxTFBDai1zdWxZN2FKbXZQWEZPd2VCRjNiZFZFSUpVd2xZVEItUUtUWW1OMk4zbGR1RkRBVFFEZUlGSUhkRTFOTUxXWUNuV1g5amI10gFWQVVfeXFMTzktemtUck1EMmRKWkhoTk9PVkhLbWpJNFljczgyN3lKMlFGaGl3YWdHdDRTMGozaFR2T3E2QWZtV0puZUV3SndfSWhOei01bDRZbU9fOVE?oc=5&hl=en-US&gl=US&ceid=US:en,BBC,0.0
World Health Assembly delegates agree new five-year strategic plan - World Health Organization (WHO),2018-05-23 07:00:00,https://news.google.com/rss/articles/CBMiqwFBVV95cUxNS3cyUHBVaXpuM1ZMeG1keFI2b0NPcFFWdmVJYzg2VG5nV2g2TGN3UWtvUmRnTGJXUGdxQkxQOElkT1g0RjJoLXJEUFRVOWNkRnkwaXFjTVRCX2hiN1FNZGpEblZqdm9OdzhnelhDaTFnNUN3MXM4Z1pTZHhRZ05PTXJNTG9ZZWVkS3Btckg0ZEstWHpBcmYxTW1YNTlmeXVYbGNod1dvR0NaYUk?oc=5&hl=en-US&gl=US&ceid=US:en,World Health Organization (WHO),0.3612
Nobel laureate Yunus on “A World of Three Zeroes” - Vatican News,2018-05-17 07:00:00,https://news.google.com/rss/articles/CBMipAFBVV95cUxPSEV0VDJDUHo4amFuTVAwNVBHaEt0YW9wVExIOWV3bjA5ZzhjemdBOTM1THVLVThmV3V0Rm1zMTdSTWZOZWlLUEJGOVpYdW10X28tcHdCQkstSTFaTE01dFY3WGVDN0w3eUlCS0dyTTR5Ny1JTlJkLXltd3B2VVFTRGY1S0JwcmdqR3g3d1J5Ykpmd0diM1VCZC1CNklzRjFELUp2cg?oc=5&hl=en-US&gl=US&ceid=US:en,Vatican News,0.0
WHO supports Ebola vaccination of high risk populations in the Democratic Republic of the Congo - World Health Organization (WHO),2018-05-21 07:00:00,https://news.google.com/rss/articles/CBMi0gFBVV95cUxQaUx1YmRNN3VJendjS01JWnNXR0lvaWc2TGt3MUx1NlZ4Y2E4Y1lIUW9BbEVEbkRTMFJhYzZGU2Vudm9wRW1zVHg4QUplZEdwOTNnMG1Tb29PeVZIaVVDaEtfNV9fU09sY1pOMVBCWHhLYmMtVm4xcU0xRkpkb3NIYnM1R0hNN0pRY0lfZ1ZyUG1HSW91VDh4bHZ0S016OVZjcWl1WHdNUGNNRVY2bkhKZDN4dElTRVB1ZENPZmNyY2xVbmVUaXo3ODlwMjFQeTcxdkE?oc=5&hl=en-US&gl=US&ceid=US:en,World Health Organization (WHO),0.1027
Honduras profile - Timeline - BBC,2018-05-16 07:00:00,https://news.google.com/rss/articles/CBMiY0FVX3lxTE45UUU5SWpRZnIzTHVPZkNSQTlYeGRkZVZtTGUwNWZFX2Fmc09fTWJRQk42aS12WHpmczZDZlRKMHhXX2ZzTzMzdmZESi1qWlFUeUVSQ293bnZUWUo3azRISXhua9IBaEFVX3lxTFAtUGlldVktTk16YjBWSHFGU1BRZDR0N1VyNmVDY2E1N2pza0tnQ0E3NU5rYmFWVE11aTNZUU5hV3F5WV9EdXREUEFKWnIyVkVTa0UtWjZGUDE1dHROTmliSFJZTkE3YlA4?oc=5&hl=en-US&gl=US&ceid=US:en,BBC,0.0
"Surabaya church attacks: One family responsible, police say - BBC",2018-05-13 07:00:00,https://news.google.com/rss/articles/CBMiV0FVX3lxTFAzbWxLS0RvUDZUX3dHem8yWU9rMktmYXA2MjlpVXlYRVhRb2dBUDlyYWdZeUdTR3hrckdCNUJzNmFPc1htazJwNEIzaWdoVjRTNHhwQ0VMQdIBXEFVX3lxTFBCWUEtV0pTdVN2dGlwX1oyZlBOY3dfTTdkR0l2YzBmazNhVGxaOG5pMzBBOG1lcHozNlJnMF9iRWJtbU0tN3ZxcFNGREtzUklVN3FvSEJTeWY0NjU2?oc=5&hl=en-US&gl=US&ceid=US:en,BBC,-0.1531
Brave New World – How AI Will Impact Work and Jobs - Microsoft,2018-05-02 07:00:00,https://news.google.com/rss/articles/CBMimAFBVV95cUxNU1A0TXFCaEJ6Z2dwZ0NEcXM3SEJJZG94bEp0X1J6VnNnLUJMUFIzQWRLT3o5VlFFeHZ0OGtCaGxzMldLbFRrRkc4Sl9UVHdVN3BxN3JidTRkRk1OdnNFVm5TRTJSUFJ3R1hhcklrWWlkMFBLdnJxT3lIanQ2RFdQaEJyQXZXQ2FEQTBkZVhfMDNaRnpwRFNBSg?oc=5&hl=en-US&gl=US&ceid=US:en,Microsoft,0.5267
South African 'world's oldest man' wants to stop smoking - BBC,2018-05-28 07:00:00,https://news.google.com/rss/articles/CBMiWkFVX3lxTE1ET3RIUng5YjZwM0NjRmRFNk8yS0VweXplSmhFR0hmckF3WEcwNEFRWC0wTWFsM2RoWFliZWZISTl5eUk2aEhoa2pqUm1xT3ZWeVNlM1ZveENMZ9IBX0FVX3lxTE53Z1dHVHNnVHhnNjFzMWpYSm9kV0FUNkFIMzhfYndic1NEY000Znl0bFBERDdseHlpZ0QwQVZ0QV9wV1RMYnFmY25ZWll0eHoxNnQ1ZlZQNzVQUmlFTlM0?oc=5&hl=en-US&gl=US&ceid=US:en,BBC,-0.296
California now has the world's 5th largest economy - CBS News,2018-05-04 07:00:00,https://news.google.com/rss/articles/CBMihgFBVV95cUxPVmRqVVFJNmFtZzJ1ZUpFUzJQeS1fZ3I1WXBsYVZEQXFOdXdpVmpMZ2ZZYXZNZlQzX1dRei1RQ21tM0g4Z2VTdF9kSGZDbkRjWnZOMHNTczlQcF80WjIta3JoQUhkdUF5bUdyTTNXRWNRZFY0SDVpc3NVaUlqUjFnWm5oeWFRUdIBiwFBVV95cUxNSzRpZ1d5ZjFCZ0ZpdTlfNkRZdlhLdWljRXFQY2lkcllCNEYzckhlVEx3MFBlX2FoZVlCWHUyMFhQMk50djIwU2FySEwyMG5sZWZMQkpIOWt4eEE3WjFJMk1la2U3UlVlclc0d2NrSTRsTzM2SkZ0ejg5RmhmSlVQajk4YTJqREgxTEpB?oc=5&hl=en-US&gl=US&ceid=US:en,CBS News,0.0
AMC Ups BBC World News Sales Head Graf to Senior VP - Nexttv,2018-05-24 07:00:00,https://news.google.com/rss/articles/CBMiggFBVV95cUxQRTlpOFZ4MWF3M2lmcGdJY1ZTRzhrUldEc0hPUThtdzJQS3NwNWw2bjJaUTZJVlc2OU5OUFRKUzBSbjZ5SVRRYkJqMkZ6N3Vvck5ySlo4TnV0SU5GNlI0aG1kSTJCUk54cHIxQkJPbXNoUDI5bVVnTmVEN2NYeHdDZVp3?oc=5&hl=en-US&gl=US&ceid=US:en,Nexttv,0.0
WHO and World Bank Group join forces to strengthen global health security - World Health Organization (WHO),2018-05-24 07:00:00,https://news.google.com/rss/articles/CBMitAFBVV95cUxNZ3pLaExzSVBCSlF3Y1pxRVZBOTZrQWRNTEh1MktNdk5CeVh6OUZEOGp0cFVaRy1KUUgyRm5ROW9FZXRRbjB6RlRselhXeS1ZX1BRQ2V5a2V3MVdqQktjZXg1aUt0RG9DNy1PNDc3dzVQeklQSmhSenpiSTFmbXlHZE1EVzVyaVZ6ZkMyeUtrTEtfUTBnZGlTVUswU1JxVGc3bS1ZR3c2ZURkclJFdTJvbjJPWEI?oc=5&hl=en-US&gl=US&ceid=US:en,World Health Organization (WHO),0.7096
Which country dominates the global arms trade? - BBC,2018-05-09 07:00:00,https://news.google.com/rss/articles/CBMiVEFVX3lxTE53cnVvUExySDlxUnMtUFVNTDZKS0NnaTJ5Mmdqa0E2eUgtV283YVVnYlEzSzZOQ05PQ3BLcDZlWlpCRzk3S2NNRy1sQWd3TXpVOVRiVNIBWkFVX3lxTE1ERVJXakxrNjBsNHRucmdaa1M0WG4xZmphNmdjRUMxaDhFU1ZtME1waHVsaEd6UWN6ZXpuQUpFQ2Q5QXRVOVgxZk0wb2ZpVGlVbk5pMm1yN0YzZw?oc=5&hl=en-US&gl=US&ceid=US:en,BBC,0.0516
World leaders react to US embassy relocation to Jerusalem - Al Jazeera,2018-05-14 07:00:00,https://news.google.com/rss/articles/CBMinwFBVV95cUxQMmprNFF3UXRRUk93dkpoYVJmcXJUcjJYR25HXy1jQjBLVlNWb1VXWmRqSVI5dWpNdzNQcVc1al9sdnBFSWtnR1lJalU4UnVCT1l0VzhSU2RLSTVUbGViNWVZZmZYNkY3Z3VCWU9oVU5VS080bmhCeV95Y2Z3d3dJalRjM0RPUEt3VDZpQm1NQjdTSUtSSll5aFZJTy1SelnSAaQBQVVfeXFMUFlhOGR2MDhTWGxvc1pJZDhpOXBCZFd4ZGJwbUZ0aGxrbVg2R09WZDFsbmxMQ0hvaExwOWxlc1dlS1ROS0RnTGMtQWxvYmYzM0F3aTN1VU5uU1pIbnFsZ1RJR1phRzcwVTdjZjJhTmR6QTRrMGhFMk5CNjUtVVZqaWR4cjhoTVRXYVlOcGVQRF8wYzFZVDJWc1c0ZGZ1SVF5ZzQ3Zlk?oc=5&hl=en-US&gl=US&ceid=US:en,Al Jazeera,0.0
Why Armenia 'Velvet Revolution' won without a bullet fired - BBC,2018-05-01 07:00:00,https://news.google.com/rss/articles/CBMiWkFVX3lxTE1WNDJBV0NyZTgzZVNqMDFUQUpDWkpYLVZfUjNwYUphZUtiYWlJX1g3SWx0X2ZHcEN0YzJ6a0xNRFBBRzhDTXRKaGhwMFRiYlllVk03RF82YWtWQdIBX0FVX3lxTE5fMlJLWnNRRldSSnh3azRVVEwtTjZZdzMzbUVxUE5pZ3Y2ZEE5Sk9iUkZGM0FsV2diTldLYW11OFdGZHIyc2NJWExyS2ZxYy1OMEk2SVJ2RzVNQlZOcFFZ?oc=5&hl=en-US&gl=US&ceid=US:en,BBC,0.7666
Irish abortion referendum: Ireland overturns abortion ban - BBC,2018-05-26 07:00:00,https://news.google.com/rss/articles/CBMiWkFVX3lxTE1jR1l6bkNGa0RxdEdXNnlmT2w3eWVwSUF5ekR3ZEJvUms4UVN0c1dMY0RfTkg0blFLWDktZDhHNDV2TEluY1hjYmRxYWU4ckp1THUxZTBJSkp4QdIBX0FVX3lxTE12ZzFnREtYVHozSjI1RmxyMHpyeTJxZl81bWVLRmY2ZnVXU3JFSlVOVVdfVkV2ZUdUTDJKNVBLSlN6dDRSY3BPVFdHcEoyWUxYYWprUDBTQ2gtT3RkVDBN?oc=5&hl=en-US&gl=US&ceid=US:en,BBC,-0.5574
Your Country Will Also Face ‘Day Zero’ If You Don’t Prepare: UN - U.S. News & World Report,2018-05-21 07:00:00,https://news.google.com/rss/articles/CBMixAFBVV95cUxQUG1fdzFkc1kxanRfR1lUal9MRmpTVXM5ZjFWZ1RtZHA0VVNCcllOc2dZVml2eDRCZnRaN2szeHgwdWhpSkl1TGlFVUJYdVV5aTBNQlBrcVhQbVE4RUxfTFBSVHRfeXUwZXd0ZFBxU3BjSlFBZU5EdHhoTFZ0QV9vWEVJaEFaRER0QzU3VHE5MVNQMnNzMm5MWHdTeWhlNEFHcHNiRVk1OGRmOTZLdzlVcG1hbERjbWsyUUEzY1NSN2wzSFQ1?oc=5&hl=en-US&gl=US&ceid=US:en,U.S. News & World Report,0.0
Costa Rica profile - Timeline - BBC,2018-05-10 07:00:00,https://news.google.com/rss/articles/CBMiY0FVX3lxTE8yc3hTQ09YcVM4VEs1Vm5GaDNCWHA3M2hmTHhvalY3M0tXNzdmYVZrdWQtd2VNak41R2ZzUGlzTzZrZnA3V3pKenp3ZEpHbF9mbHc2cEQtZVpzUTJOUFd1TGIza9IBaEFVX3lxTE9YMGpETEM0Mk9jcF9ZWmM5TFVJY0dvT1UweFhkNEZSQW5DY3dBSTBDSlFDSDBveWg0YVFWVmhCT2FkYWxNWFNNVWN0bW1aSWJ1TmxDS0VSX0RZZ1I0bS1TYmxQcjNodERw?oc=5&hl=en-US&gl=US&ceid=US:en,BBC,0.0
Equatorial Guinea profile - Timeline - BBC,2018-05-08 07:00:00,https://news.google.com/rss/articles/CBMiXEFVX3lxTFBSRHFwQmNRLU1MVlRnTWV5bDJzSjkteG5UQ09BN1V1cGcyMlRfQzhucEdicGZkNmwwR0RYU3gtLW9PbGJYQktjZXlVM1FQQVQ0Q1M0R3lDZ0NMTmN60gFiQVVfeXFMTzRtSUNsend6bGphSWMtQnpHUzJ4d2NHYmpKWFN5NmpLcjFLeDJobzJGeDVPN3R1aHJXeFlDV0ViaDVqcFh5NTUyc3lGYlRTM1R4UWV1YktFUm9HYWxrQnVMckE?oc=5&hl=en-US&gl=US&ceid=US:en,BBC,0.0
"‘World of uncertainty’: Hawaii lava reaches sea, injures man - PBS",2018-05-20 07:00:00,https://news.google.com/rss/articles/CBMilwFBVV95cUxPMEdUNGV5NHFnN1JlZlUzOFZIVXl4ZGVZVG5YbklDZGw1dW5WMHlkWGZ1MjJwcGM4Ny05QldoVVJDNzd2dXVRcndlR0RQSjM3VGh6NDYtaFVOMXVnSWZPc1NIc01Fc1Ryc0thdUpjcUJiQVNxRDA3cWtqc0Y5ZEZ5Y3hFOVI5R0ttSjZRQTRIWGdzQTIyTXFB?oc=5&hl=en-US&gl=US&ceid=US:en,PBS,0.0516
Every story in the world has one of these six basic plots - BBC,2018-05-25 07:00:00,https://news.google.com/rss/articles/CBMipAFBVV95cUxQOHpWR1BHMW1uZ2l5dGtBZ0lJa0s1WGpEV2R3VWxlNHFjVmN4MHFwb3hpcXdlVzJ6eTZ5eEd3cnU2QW5QeUsyd09zUHg1MURyb1IweWdmWV9zbkNiR2h2MmcweFMycFNwUzd6aHNoQWpKUzBSN3k5c0xhTHVpY2t6T2tETlhqZm44MGZLZGJQNWxLajh4T2pCUDBJYzRPMnl0M2hVMA?oc=5&hl=en-US&gl=US&ceid=US:en,BBC,0.0
How the US and Rwanda have fallen out over second-hand clothes - BBC,2018-05-27 07:00:00,https://news.google.com/rss/articles/CBMiWkFVX3lxTE13eUFUX1Z3Z00tUjFIMlBCODRvRnhvYllQVHhYb3Y3ek5XVHN1Y1pmSmhMd0VPRmNfTUFJZzVVTmtrR0NJRzM1YmJpQXdEcTFaSVEzekg1WDJ1Z9IBX0FVX3lxTE5kNm0tX3NmdXpiZVdzS1RfbjFFX3pQZnc5dkE4YV9BbUtFNzc4VmQ4RjFQMHVpXzJHSG9GV3kxY2cza05UQ0UzSWlLdzFESlJCZmpGcjN2TDFCa25SWEJz?oc=5&hl=en-US&gl=US&ceid=US:en,BBC,-0.3612
World No Tobacco Day: Tobacco and Heart Disease - World Health Organization (WHO),2018-05-31 07:00:00,https://news.google.com/rss/articles/CBMikAFBVV95cUxObldkY3NkaE5xSGhzem5paW40cFJ2T3k2SHZXSDBIMkVENjI4cWFXWVFuZ2ViMGdpMjdfQ0VEd2UzR0VMZ2dDdXlMTFl4TmI4ZDdOb3BseEJjcnBMS0NxR01Yd2dnaFpSc09NN2RUZ0pZR0l5UDVuVmZLTFQxeVozYXFHMnU3U3E1Q3pESWhXU1c?oc=5&hl=en-US&gl=US&ceid=US:en,World Health Organization (WHO),-0.296
We Say 'Thank You' Less Than We Think. Why Scientists Say That's OK. - U.S. News & World Report,2018-05-23 07:00:00,https://news.google.com/rss/articles/CBMisgFBVV95cUxNRGQ3U3ZmOWtGb09BYWt3ek9PVzZ1UEo5dnBEOUVuZEJ5SVVDMktPem1HZFBxTmVwNG5HTWoyTzRYd0hSYll1Yy1zWklHZXV1ejNtVWVHLU1yVW51bThGTm9PVXVZc3o3d21xdmNSZ1RiSnNEZ0o5M1M2WEdrU05PdmNvQThUVFE0eDVBdXhUTkJCQkNOcXRKLTNBWTQtNVRxV1I5OVRxeTBQN2dqOUhxN3hB?oc=5&hl=en-US&gl=US&ceid=US:en,U.S. News & World Report,0.6633
"Allergies got you down? Well, there’s hope—next year. - Northeastern Global News",2018-05-18 07:00:00,https://news.google.com/rss/articles/CBMilgFBVV95cUxQa3EyZjUwMGozY1NRUlltNDhSTUtpQUhueWllOHBJZHc5akpZcmlpTGhRU2hrVTF0TWhWb3RFNTBNT1htNVpabWhSTE52MGJkRzliYkZRbXhvWnNvRGJuck01N3RTLUgxMzdSVGdaZEhQbjFGcWpPT0lNbURDeFNMamxROE9kUGlDWFF3WWMzVUVMRXVRc0E?oc=5&hl=en-US&gl=US&ceid=US:en,Northeastern Global News,0.2732
"Iran deal: Trump breaks with European allies over 'horrible, one-sided' nuclear agreement | Iran nuclear deal - The Guardian",2018-05-08 07:00:00,https://news.google.com/rss/articles/CBMipgFBVV95cUxObkFnY3diak5qejZ2a0tlekc3ZHVVRHVWellPQy1rUmpKQTNzN0NoVExwWHlzQVlyU3Q1WkNOQ2hROTNKbkswYnBrLXJyWTQ2Y3RCcEstQk51VC05X05sSkpJaWpJTXhsWlR5dWJYQktkN1A3RTBhN1M4YUI4X2laVDNNSHBUT2tfMmQ0b2t5WDVVWDhwb0M3NUxqSXRJRTZPQllMazV3?oc=5&hl=en-US&gl=US&ceid=US:en,The Guardian,0.4939
Togo profile - Timeline - BBC,2018-05-10 07:00:00,https://news.google.com/rss/articles/CBMiWkFVX3lxTE5OQkZRU1lqTVNSN0ZpRGNkLVcxT3h3aWpDWUZpeW9CNTJZaVMzeGVfZGZrbFJ1U1I4TWVIVFFFejgya25YMXZOY25jaG80VkI5aDQ3OFMwSTEyd9IBX0FVX3lxTE43WEZEN1NTenFhQWFncEdfVmZ2YUZuaktZVVlzekJvWnBYQjNuSmJmMm1KZnpyQkxTOHphQlM5QW85NmdJSHBnZHRMbm9LYzBYNXFvOVZDZ2duUnN2MFBz?oc=5&hl=en-US&gl=US&ceid=US:en,BBC,0.0
Arkady Babchenko: Ukraine faked murder of journalist - BBC,2018-05-30 07:00:00,https://news.google.com/rss/articles/CBMiWkFVX3lxTE1HYklFLWpZMFVJeXhtNi1hTUVXTk1faXpFdE5MLVd3dlZQZDRKTDBtZ2hTX3k1MjRWenkyUXF4RXRQSHhFdm5neE5EVEFpZmpGWXotenhlQTBQUdIBX0FVX3lxTE5aWWpyMUN2dDVnSlNDSlg0SGRWUXZsbTFNdEtrOWN0X3I1SklXYURFY2JKMmoyUXoyQk1kLU9ZNm9vY2JjV0RjckFIV2l3V2xpQmFSYjlwNG5sRmxXb0Jz?oc=5&hl=en-US&gl=US&ceid=US:en,BBC,-0.6908
From 7 to 77: There's been an explosion in building border walls since World War II - USA Today,2018-05-24 07:00:00,https://news.google.com/rss/articles/CBMiqgFBVV95cUxPU1RSak5mVk9yLVBiMnQxQm5HNnltenl4MEU0NE15b3czdmFKUkd3ODF4a3RuZHVwM0JzczJTYXhtR1FTbzhSWVFjbW5UdFRFT1hhV3BjQWwxWjlOSGhTeFJwa2pjVnEyTF9iZzV2ellULXc3NEpWVG5sUDRVRUt1MHE3TnQ0eDBTR0FjLU9EOEszUUt4RFRTaGk1XzlQZko4X3oxcGZycjF6UQ?oc=5&hl=en-US&gl=US&ceid=US:en,USA Today,-0.5994
Algeria seizes 700kg of cocaine on container ship - BBC,2018-05-31 07:00:00,https://news.google.com/rss/articles/CBMiXEFVX3lxTE10TE1fdXIzenc2QUFkYldSNW1ZaFIwcTdhRzJqMjE4d296UjNwZEkxbGhld2xPd2dHUFZPdlpIbVlZQS1mRF8tN0h2R1RRU2hJSTZXdUYwVHZDaDZR0gFiQVVfeXFMTmVmaEVnWG1vYVNQX1F3VVBSVmZieUZrenYyUHdsMXZJeHdtblEzZ3pUNXNqa2lqZ05SN1B5NjZiY05XRmd6Ri0tZ3JENTN2M1VyM0VjUTh2MGtHdDJBN1hVMnc?oc=5&hl=en-US&gl=US&ceid=US:en,BBC,0.0
Sweden approves new law recognising sex without consent as rape - BBC,2018-05-24 07:00:00,https://news.google.com/rss/articles/CBMiWkFVX3lxTE91SnpLSmVZYkdIUS1aMnNwYUdneEVDUXpnZVo2WWM1bUI1czQ1TmVndkNIWTRqS0FOdW0zdUFVeDVGZEk1U2VhNzhyU2xieUN4SGdwbC1wRmRod9IBX0FVX3lxTE5rY2xIVlRCZ2xwUmVhRWNhU0xXa2hSdlR2cjlBV1hHcGJLUmg3bnh1NTlYbEZILXZpMjliLWhYYXdkNWFEeXZsSzRLRGFtVkZ3dWJlamprQVpJbDRIa1NV?oc=5&hl=en-US&gl=US&ceid=US:en,BBC,0.6977
Sweden profile - Timeline - BBC,2018-05-04 07:00:00,https://news.google.com/rss/articles/CBMiWkFVX3lxTE1mRWRuR2FsQ1FCci16SnhjeEotNGU1N01VNG1QWUJFdFBmSGN2NVVmeHdOdnJlSGdIc2dFTDRkMjM1SXVLN0hmSmFkMTlGUzVtY2hmc3pIVVBKQdIBX0FVX3lxTE8zbFhqOURiQWpkNkJRMFN3MWtEOTBrN2ZYbzFuUXJMTUt6R00xenlyYTBMVlY2ZEEtNHg3cTBneXdWdzFYRGpXdGtFdlJBa1JNSWVtMkctSHVXUnluSEZF?oc=5&hl=en-US&gl=US&ceid=US:en,BBC,0.0
India cities dominate world air pollution list - BBC,2018-05-02 07:00:00,https://news.google.com/rss/articles/CBMiX0FVX3lxTE5jcS15UVN3NUtiYW5oanlqdmZsYksxWUlGOEljOG1ELWQ3TzRFNlJJXy1pdGk5cTA4dV9kOUFHRGI5U3c1UkZ1RUdOdFdNQUdDeW5PeEgwWVcwYXpuLUY40gFkQVVfeXFMTlJqMDR4NUFNaDFTb1pWMW15UEctb1F2S3hJS2Rma1h4RDU5MEF1Qlp0RjByaEFsbmgtMEx2RFJfSHdiQU9WTWpyS2ptMzZpRzN3S0hRUzVmUEZyZGFwOTdRRnp6eQ?oc=5&hl=en-US&gl=US&ceid=US:en,BBC,-0.128
Will Smith 'to perform World Cup 2018 song' - Sky News,2018-05-22 07:00:00,https://news.google.com/rss/articles/CBMigwFBVV95cUxPOHlmNi0yTFdSQVFwaDUyWjItYkFmZF9fajdtamV5S2xmRWlFNmxWRXlqWTlvekhxMk9iU0M5RG1UWFlPYXBQNE0zLWdTSDNGQVBSSUZQM0J3a3BGdXJraG1KMUx2ekhmazRMcjk3Vm8xazFNVTVMSW1xbk1yUGJ4a09IYw?oc=5&hl=en-US&gl=US&ceid=US:en,Sky News,0.0
California's economy passes UK's to become world's fifth biggest - The Guardian,2018-05-04 07:00:00,https://news.google.com/rss/articles/CBMiiwFBVV95cUxQNkdfVENMc3p3Zi1hb1B6NUdUMnhBMlR3VkNfMmR4TTNKNEx2OEpQMFlmVnFDLU15Y3BNUFFueHVKMDhfTXNVWW15NlBhSmh6RlFScDBzWTAxOHRkcGJRVTByOGtEbnd3QTB5dGFjc183TGdjNTdmSV9TZG5LTjVHanhVNF9YQnhNVzJN?oc=5&hl=en-US&gl=US&ceid=US:en,The Guardian,0.0
Malaysia election: Opposition scores historic victory - BBC,2018-05-09 07:00:00,https://news.google.com/rss/articles/CBMiV0FVX3lxTE1ic2Itc0NaN1NZcWs2bjdFQlVYdVBWb1Njako2eDRtQjNOQ20xTWJOcXhmSkhxVjdiaVNNWkNmMzlHNlNCVTNpMjB0bGtjMjRraFUxXzFZSdIBXEFVX3lxTE9MSTdobkZhUm1KT05FZFpYZW1CNWhuTnpETkU5cFAya1dWLWJKT2NEZDFZSkltWFdscWxwdWVHa1plRjZuYUhFdWlvcTlVT0l6WEx0LU14ZnNkMWxO?oc=5&hl=en-US&gl=US&ceid=US:en,BBC,0.0
United Arab Emirates profile - Timeline - BBC,2018-05-14 07:00:00,https://news.google.com/rss/articles/CBMiYEFVX3lxTFBMQWxBQzhPZVZEMFVHN2RiakEyWW5RTk9WRkY0Q0Z5T0FHTTBvci1DV21JMVpMbTlJRmhmQ1IxZGdGOE5QWnlMa0wtbzdPOVZWMmc1RmFZRjYzQVJycUtDSNIBZkFVX3lxTE5DNVhzalBrZDBUUEdQQmxjSGZZSmFnc0c5amgzUi1QTVVpTEtNQVBMNkNFX0g5dm9zXzBNakZhRDNfYndvbUxWcHl2dEFHYzJlRzg3NmsxVTFmaDlLak1CWTgzMVB4Zw?oc=5&hl=en-US&gl=US&ceid=US:en,BBC,0.4215
Why did Walmart buy India's Flipkart? - BBC,2018-05-10 07:00:00,https://news.google.com/rss/articles/CBMiX0FVX3lxTE1aUlFfbmhMZThyNlQzTnJXUnY2UWlaV1lBNzF3cHUxbFdTUVh1MjR6SWFJZThvZXI0UTM4SnpaN215UDdqUGV0X0ljTHA1eFdsTkpmQklmc0IzY1hKUW130gFkQVVfeXFMTUZUUUtQVXRIX3gwdHBtSUx4NDZaSU0wV3lrS0FsLUt2NFVEaFduN3F0X2xxbVRHVElLQ2J3djJFb21GbnlrN1VIdm5rdTBEYmxqbVlEd1dDVkJhUEkxQjJoSWlDYQ?oc=5&hl=en-US&gl=US&ceid=US:en,BBC,0.0
May 2018 Current Events: World News - InfoPlease,2018-05-01 07:00:00,https://news.google.com/rss/articles/CBMiiAFBVV95cUxPMEdFcDRKZDgyVmpSVFVPRkVDLVRwbG5UYmVYZE1mV3BmN0ppcXdWRDkyaWhOTEU2UVZTeGdLTjJ0dmdUXzU5cXduQ0pfVmxtaFUweUdqYzRmT2tsRGwwQXhWQXhseG5uNXFHZWR6c192OWE4c2NlZnFCdnRyNUxxVmZ1TXJ4MWxT?oc=5&hl=en-US&gl=US&ceid=US:en,InfoPlease,0.0
Mesmerising swarm of endangered jellyfish discovered in China - video - The Guardian,2018-05-25 07:00:00,https://news.google.com/rss/articles/CBMiuwFBVV95cUxQZUpnTDZTVmpKMVAzbFNOaXh1YmJRSVl5ZUlSRXFBWWJkY2NoN1NnaWpxbU15YXk5N3FvQlpYN3dOb0UweHV6RldrTExaRWQ5bDlnbVZaT2h6TmZFQUdIbi1STGk1Ukp6S3l2TkxvdVJnQk1ra285OExCeUpxNWxKMTJicmEtZGo4STBZbF83MXE2VF9sT1BwZjhoVFNZbmQ3cnZwbGoxdnVCQmFWUjlBaVp2NlhkYUlhLXUw?oc=5&hl=en-US&gl=US&ceid=US:en,The Guardian,0.0
Trump pardons conservative writer Dinesh D'Souza - BBC,2018-05-31 07:00:00,https://news.google.com/rss/articles/CBMiYEFVX3lxTFAyV1BBdFZWLVQxX3JCN3NacGxDeVRPRklvT3pEeERFYl9fSi12cWczbWhoNnhiRFBrLThzSmk0WkV6ekc3b3lpc3QwU2cxMXQ1TXV4TlF6bWlSRm96dHNHNNIBZkFVX3lxTE9rektzdEl3RDhwV05QSVlPMjhGd1k0TUlEbG00Y283WWRndXdXdG9TdzlFR3FBRnBfekVkNEdOLTVhVjY0TlJZZGhOakVsUFNiaEx4dnV6ODNncGhvN25qUmxnOUZIdw?oc=5&hl=en-US&gl=US&ceid=US:en,BBC,0.296
Kanye West says slavery was 'a choice' in controversial interview - Sky News,2018-05-02 07:00:00,https://news.google.com/rss/articles/CBMioAFBVV95cUxQZnNqYkducm9nTndGMmZBVWZudDN4aWdMWERLQ25SYlhUZzlaVF9kYlpVbnhRTXFiMVRHTF9IcDhZU2pMWGJnRTE4WUxZTFdKc0RaMFJTVG5pc09WbkpOQTFla1hrand2NWpVaklPdkZUemI4MDB5MmxydUphRXh2b0JCeDhLbGJUckwzdmFDSmE3Y0FIVm44b1pEV2tWbnVG?oc=5&hl=en-US&gl=US&ceid=US:en,Sky News,-0.765
World News Day: These are the Canadian journalists who lost their lives while doing their job - Global News,2018-05-03 07:00:00,https://news.google.com/rss/articles/CBMijgFBVV95cUxQeERZemFSWm43TlJTOVJnNnhnUmxRWEpGNmlVQVJGOWo3TWp2WlNhRWhYa2FxaXlYT1NuSkd0U3FRbUdCeWNJOVYzMU9SU1FwMzdVM0J5ekRpVzdhcDVpUkk2eVFqRVo3eXVaYzVVYUFpT3QtMWlrbE11TE9zenlkM0xEZi1veHhoR25DNkxR0gGTAUFVX3lxTE8xdERBRDZSbHZUNW8yUkNtVDBrWkhad2NIdzUxaDh6dHBZdkR0RlVuZF9NUDNueG5KaUgyeTRYX29kYUJkbUI5UndjV3hDejBLcXdqMWhEVUN6bVExVVFaMkVsN3Q3MzdWZV9rYUhvT1VQYi1CUEphcFZMSVBEdGtCMFJZWjdNYkVma012QkxtZHEzbw?oc=5&hl=en-US&gl=US&ceid=US:en,Global News,-0.3182
Wife of top Mexican drug lord 'El Mencho' arrested - Sky News,2018-05-27 07:00:00,https://news.google.com/rss/articles/CBMijAFBVV95cUxORTN3Y3M3UWl4anZTQWpsV1NBWnFNWGxKLW1YOW1ueWhhdVNid0ZXa3piLXdMT1YyXzdJTk1sekhVQXlaMk5HdXNiQ2VQQlJRMjFvNU1qQWJTUFd4UWVtWUJPZE81SnlVUGZoT3FQemNvNVJINldGS24ya05yRS1PRUk2b2FqSlpzdnhPUg?oc=5&hl=en-US&gl=US&ceid=US:en,Sky News,-0.3182
One third of global air pollution deaths in Asia Pacific - World Health Organization (WHO),2018-05-02 07:00:00,https://news.google.com/rss/articles/CBMisgFBVV95cUxPS3cyaU9LdWhnUFVpSGhucUVndThvako3T2haTDRJYlNGdFpwS29SS0ZmWDd5NTN3QUJVWTVVenkyR09SdGFkWklCbFpDcy1wbUM2aVBZeFg1dWdGQnFmUUZwUGdSWm94NWh2Q0RXSnBGR01UeS1oLWJmbDZxSk5CdkpTSDRwUk9wLUVDcGtuWnZUeUtiZmJuN0ZlZ1BmdlNJNS0tWUZWc2FLMmhuSGphcW53?oc=5&hl=en-US&gl=US&ceid=US:en,World Health Organization (WHO),0.0
The story barely reported by Indian media - BBC,2018-05-28 07:00:00,https://news.google.com/rss/articles/CBMiX0FVX3lxTE4tMTFtWWhIQmFSbU1xTjhxSVVIQkFyU3BwUm1CT3NITEZsVGFuN1dNcU9qRGEyalRwcC1qVk44M0F5bVFDcF9scFYtNmJXTGcteEU1bUpMeUlHQlYyZEI00gFkQVVfeXFMTUdRNmt3ZVVQU1dkVHZ4N05JS255UnRpdHExRU5sRnVMUEZIckFXcnNRXzRjcDBKZFc4VUdoYzlsZEZ3SlJDVW9lSDBPTld6MGxxMDIzWTZXSWVrQXN2cUljXzhlMA?oc=5&hl=en-US&gl=US&ceid=US:en,BBC,0.0
US-China trade war talks a likely stalemate - Sky News,2018-05-03 07:00:00,https://news.google.com/rss/articles/CBMihgFBVV95cUxQRFlnQWxMc0Jjbk9HNklUeC1XakJQY1dBRDIwSTNtNzQtUkxSTGwwR1pmYzBUbk1Rc1B0QlRxVjg2dVdLWWlHeHVPcFJpS0ZOeFhLMk80UExOSjU1R0cyaXFhZnE5WFZLVjBySy01ZWpRNGx0SEpneXlEYWIzd0I1RjJkUzNsUQ?oc=5&hl=en-US&gl=US&ceid=US:en,Sky News,-0.5994
Dragon float catches on fire during Disney World parade - ABC News,2018-05-11 07:00:00,https://news.google.com/rss/articles/CBMikwFBVV95cUxQLU5BampDb1pzUDE1QXljX2dnTG1FVldQeC11QjlQc21VejRfU1U2SmlTMUtzRjl1WEprbnppRXhoODZtWTY3S1RCcnctZHBhdkpNYU1fQ3ZQTTBTM0ZnTk5JYjg5MnBza1FwdWtacWR4Vlhac29nbS1oRUhqRU5QbHozVlpObG82ZXgyQlpuV0NuR1HSAZgBQVVfeXFMUE1sQTJNVTBXRU9OcmpHbmJhN3lsbTBxaUsyX0NTWnJSYWlkWENaZ0pIazNMVG45Z1d6a3FvNXhXVXU3WjJfTUJ4ZzRhRWdnQmdqbWt3SklZa2dpQXhKYXNMVDdYMVduekxrOTlzWHNfTXBWMXhTTndRRTMwazFKNnZIQjltdWVicUN4ZnEwdVRaVGZKZW51MDc?oc=5&hl=en-US&gl=US&ceid=US:en,ABC News,-0.34
GAA World News: Stanford University win five in a row - Gaa.ie,2018-05-25 07:00:00,https://news.google.com/rss/articles/CBMihgFBVV95cUxOQWZ1anNpaEdqY1Z2MkRYdW14S0wzVk1CTE82THRWeDF0SUZQY1RIUjNBN3hYUWxwdVFjZF92NUllcmRtQ081bDlMYmFPb3V2cU9QNTF3eHlwSlhqR2RsN2liaVBTXzZjVi05Mm1TZHQ1T19MNWstX0Mwbk1sa0hBakdXS0hNZw?oc=5&hl=en-US&gl=US&ceid=US:en,Gaa.ie,0.5859
"Liverpool’s Mohamed Salah, an Egyptian hero for the 21st century - The Guardian",2018-05-05 07:00:00,https://news.google.com/rss/articles/CBMirAFBVV95cUxNeW5WXzZQa1N1ZXhXaGtROUZJMVFaQlhMRUt0TDgzY0hHamp2anBFN1FFcDBLb1BoT0xaMmM4akVlTTBmOW9WYVFsUVJUUnNvd2QwYVFZdk95cldOTXJiZmkxODNUMThYWnpXaWRVZHFfaU9fVWhZc1ZkQWJnWmxST2RmQTVqc0puRWZCNS1GYzFERjZ5OFIzUk9NRDhzNHREbTFEcUNsLVJPYnJt?oc=5&hl=en-US&gl=US&ceid=US:en,The Guardian,0.5574
Turkey opposition names rival to Erdogan for June election - BBC,2018-05-04 07:00:00,https://news.google.com/rss/articles/CBMiXEFVX3lxTE8zTVpvLWNXS25GLTdPSUY1Y1hPb0lRTXRMZXRFaGxRWXJfWDJLZEswVnV6eF9MT2tncEFVT2hhRWNGangwVDZJTFlkMkx5SE9CcmhGUzJJcUhpU2Ra0gFiQVVfeXFMTURfWmptZWxSNGgzc0tGdzZaVmc4MU5TTmExa3BPdWVhODFLQ1dNNmtWZy1IMkljeFJDcENySEF2WVFjVnJNUFdlTDQ0aUViWC02MzJkeWZkNUtIektfSmtoS0E?oc=5&hl=en-US&gl=US&ceid=US:en,BBC,0.0
Kennedy Family Tree | Interactive Infographic - ABC News,2018-05-04 00:28:07,https://news.google.com/rss/articles/CBMikAFBVV95cUxQWUN3SXQ1UTQ0SzlPblRaNzlnQjZnbXBqUE9sYTc5eE1uOHBNajAwMTViQi15OEVuMHAyQURDbENIUnhDSHlKd2xsdHBYRzdxcU1ab2I3WEZKNWMySnlXY3Z2TjFBYm1meGJLSnlCd3JsUE1QRzROd2t5dTZqOUZKU3JCYUNLX1dxT1ZLZ2lIVXI?oc=5&hl=en-US&gl=US&ceid=US:en,ABC News,0.0
Surabaya attacks: Family of five bomb Indonesia police headquarters - BBC,2018-05-14 07:00:00,https://news.google.com/rss/articles/CBMiV0FVX3lxTE1fd3J5TUxkNG9XM0l1T252VEJyOXlvQjdOWmdiR1VhQ2FmZTE0QzlNVzl4cnZweWxUd2pnMGxNc0pxaFhhTlhqMThxMmlRak9HdzM3d2Q4TdIBXEFVX3lxTE1lRXA4Vy10amZuNnpzRVduWm01bVpNRmpVb3ZoczFMYkJQMnU0TE1kM1phNU5ydDd6Sl9mVWxaVjI4My13d2U3SlNUdXMtb3gtOTcydjVZUlNaZHFo?oc=5&hl=en-US&gl=US&ceid=US:en,BBC,-0.7269
Seven Palestinians die as Israel celebrates US embassy move - Sky News,2018-05-14 07:00:00,https://news.google.com/rss/articles/CBMiiwFBVV95cUxQXzBLRUdVYUItRnp6dGhmYk9oQUlQcUR3WWhpRVlWNFl5MkJpTVROQzJxdFBZMGFxUm9iamJOd0JlOW9rQVdsY1lCMVlmYVo4MUhXc1F2MXpwWGQwR2RKd2hkN1ltNUx0TWhiX3lZSXF1MlpzQS1XYldHYS0wZlFoNllkUWVFVl9RWHpN?oc=5&hl=en-US&gl=US&ceid=US:en,Sky News,-0.0516
North Korea 'destroys' Punggye-ri test site – in pictures - The Guardian,2018-05-24 07:00:00,https://news.google.com/rss/articles/CBMiqwFBVV95cUxPMEI5YThBZXlmbnA4UURDbjdTTlc0NG4tbW5aWnEzM1dPTjZ3OVBhUDZfYklwbExxbmJ0M1JWTjNra3ljRlQwd056YWozdC1LbHp6bHNhcURlZ3BnaHJvR1NXdXJ2bm4yaWNtMFl6XzZiTFdEQzRsQndqYTlKV0VqUy1fTVFMSVhZcXFQckRYNjktMGdxWEl4LXZkTHh0OWE1alpVQjgwMXdnMm8?oc=5&hl=en-US&gl=US&ceid=US:en,The Guardian,0.0
Dramatic timelapse footage shows lava engulfing car in Hawaii – video - The Guardian,2018-05-08 07:00:00,https://news.google.com/rss/articles/CBMirgFBVV95cUxOdkNkdnFCQ19TWVUya2g4THVXNHYwVl9Ham9MNVg1MkxSSktwUDVpZnJVT2tsSGFYLTN6WGZhZ01xclRCSDR5LWszOVlORWE3cDBhSXZGYjlxZzAzTFdJdFpucHhKQ0MxdjkyeV9aT2tBN3h6Rm5zeDNNcnl6c2czMGpCYkhfRkdGdTRGT0dNZWZmdDVNa1hheHhyNWl5QjMtb3ZUQWpVSFh4OF9uX1E?oc=5&hl=en-US&gl=US&ceid=US:en,The Guardian,0.0
Peruvian prisoners compete in football tournament – in pictures - The Guardian,2018-05-28 07:00:00,https://news.google.com/rss/articles/CBMitgFBVV95cUxPMHI4Wk4zWkl5VmVUY2NqMzBuS0FNZ3kzX1VvRXBkY0dUTzR2ZEtKTThocGNscUUtUjBSMlpMcnI4dmJGSXRyTHZiNUlKSkdNTlIzWVNuNzg1M1Z0Y2hyNkZhM0otVzZ6YV9TVXFsTUNBM0NzbkVVSnNxa2ozTGkwRklxbXBqVHBGc1dWYmlNbHRBSmxrQzZueVh6VVVxaXNyc3hxbC1QR2lRT0kwLWRoX3RzdUpiQQ?oc=5&hl=en-US&gl=US&ceid=US:en,The Guardian,-0.5106
The impact of Iran sanctions - in charts - BBC,2018-05-10 07:00:00,https://news.google.com/rss/articles/CBMiY0FVX3lxTE53RF9JcTgtR0dQTWd6UXNVRHg2UC1Dd2pwQ09aN3FJT0J2a3RrSlhaLUNnR0x0bkJaUmtYUVd3czRjb3RsVk04ZWgzU3pWaE95QjVRLXE2NUNFNUlOLUVlRDZIQdIBaEFVX3lxTE9zbXJMYkUwYk43TkxlVElxWUVVVDdZb2lnWTg1TkR2dDA3TG03Y0paWWlpdFl0Nk9XSTFlaXhyOHgtVm10cmh5cU5LZmNnOWZZS081Tk1mMWFxc3JFR3piZ0JYa3FqOFIx?oc=5&hl=en-US&gl=US&ceid=US:en,BBC,0.0
Can English remain the 'world's favourite' language? - BBC,2018-05-23 07:00:00,https://news.google.com/rss/articles/CBMiU0FVX3lxTE0wMms0ck15cVBqSHhOaHFrMVNEX3ZTcklhZkhLNWV6c0cxWGxPdDJBOUpINlVyZFhGSEt4VFZQb2tVWVMwa2w0Y3psTElscHY2UkNJ0gFYQVVfeXFMUFZDMnVETUFjdUk0U0tWQnByVndEOUFEOGVJLTMzRXdWR2VSa3V6VG1zUTBlVWhlUVl2LXBHLVQwY1E1czQ1YW1HSG1xUHB4MW0weWdCVXcwWA?oc=5&hl=en-US&gl=US&ceid=US:en,BBC,0.0
Hundreds flee as Kilauea volcano erupts in Hawaii - Sky News,2018-05-04 07:00:00,https://news.google.com/rss/articles/CBMijgFBVV95cUxPSHJhYjJ1RUUwcUVoaWxFdHBTcXJLR3BWb1ZhUkNWa1Rndk5ZZHFwdUNMSktxWVJUMGtNYkkzUnZnXzV3dmNzU1JtNnh1OUdabXdLdEZyb0JacHN5UXQ1dVpGVTNOSVBHamRzd0ZPYU1rX3Z4RXlzRVBCM0tpVVRsNW1WX1R6YmF1d3NzanhB?oc=5&hl=en-US&gl=US&ceid=US:en,Sky News,0.0
'Reforming' Saudi Arabia detains female activists - Sky News,2018-05-20 07:00:00,https://news.google.com/rss/articles/CBMiiwFBVV95cUxOTHA2alRSbmdPMUhuZGNmdjNKLUNIa1hMcDdfVkttUE5Rc2VHS1JEUXhjR0JsMjVLX2tKMkJaSDV5V0ZUbEJMdE9HS1pGbGVuLXJveVBxNWt4dXEtVzJYNEJKMG5FUXJLS0tWV3drNmpiYTdIaU0yS1R3UUNhclhfVW5Ka1dzVzlzdGxJ?oc=5&hl=en-US&gl=US&ceid=US:en,Sky News,0.0
Abdul Hakim Belhaj: Libyan rebel commander who got UK apology - BBC,2018-05-10 07:00:00,https://news.google.com/rss/articles/CBMiWkFVX3lxTFBoZnh2T0x1UmtmNEtUYzZvSk1wZkhKaExEZnB0Y202Q05scWFsWlFPYTVqLXBwLUJIOXdpMHBwdkZiVDd2dVJ4cnJrOTZ2d19yYzlMNkV5WWx5QdIBX0FVX3lxTE5mZ25VYklxM0k1QTV4Z3AxSjVPSndoMVlGUkZiSFhvT2MyRndGWTB3bjhkcmlEMjRuaFlTMHNPRVBPUmpHbUhxNVNpSlpGU3dCS09DTDdqZDJPYU1TRklJ?oc=5&hl=en-US&gl=US&ceid=US:en,BBC,-0.1027
Italy's festival of snake-catchers – in pictures - The Guardian,2018-05-07 07:00:00,https://news.google.com/rss/articles/CBMioAFBVV95cUxNU3k1Zk9KZnBBRzhxSWtBZVJZMGNwNGRGMHpCV3FwaUVuTnVvSkdQeWh3Q1NUNFQ5azkxUzJlaVBZTnVvVFVWUzREajE3cDZ1c2RhaU9PT1dQLWdjMW1MUzFlZldaZjU1bDg5UHd4UE1vSnE0R1B5T2RSVWZXdzFTN2t3Qm1QVG1RazBtdTJHUXZvN1RLSUNkckd2anA2d0dv?oc=5&hl=en-US&gl=US&ceid=US:en,The Guardian,0.4939
Roads ripped up by rumbling Big Island Hawaii volcano - Sky News,2018-05-17 07:00:00,https://news.google.com/rss/articles/CBMikwFBVV95cUxPeDl2dkg1MlMtRVhVdjNpV1VuRkJwZDhfdGg0bzVKYjBoeXBqV2VlYVJMcmFabkUxSUtKMWRNc1VyaWhUbnpkdzM5eGRKazExSE13X3VGUTZsdW5rNlJUcnhwWjluTkxEcjhKNHlKcUNoSHBrQnBDZDJkRkRlOWVYVFRoUGx1VlhBZ2dKSzRZZ2V4dWs?oc=5&hl=en-US&gl=US&ceid=US:en,Sky News,0.0
Counsellors’ conversation on spiritual transformation and social change: Part 1 - Bahá’í World News Service,2018-06-01 07:00:00,https://news.google.com/rss/articles/CBMiqwFBVV95cUxOSGJNRjJ4NEIxUElmSzdVV2d4SWJmTGx6NzN1S1FySHdkR3hzMFZaTm91Um03R3J3UEk3MGJrVmd3RE5lVWVqQVk4d05WR2tZek9LZDBOejZTZjRybk9FU1JTbm9BMXZzWUhLTEQzV0pGWlBpOHk3bVZRR0lGQy1QeWlhTlhoNVJfMFhiN2hUZy11Sjh1SjQxSTR3TmNXbUZyYmh2b2w2czdqakE?oc=5&hl=en-US&gl=US&ceid=US:en,Bahá’í World News Service,0.0
Six UVA Children’s Hospital Specialties Nationally Ranked by U.S. News & World Report - UVA Health Newsroom,2018-06-26 07:00:00,https://news.google.com/rss/articles/CBMiqwFBVV95cUxOazFtZDlzX1pleWR4bV90ZV9DTWZ5TGZqbXNwN2Nxc2JBaXZxN1U3cF9xM3N1VFA4N2M0Q0ZnT0dVNkJnNFNBTml4VDhVTVV2STFHMUhWTk1XRWttZ0hWM1ZnUzdNMlRKaWl5WjBGUlBIRnVMcThwcjg1blBaVEpVWW03bHFXWWQ5LWwwV2hsajZoTGJ1SFpOVFBWdVdQci1renZZOFJqeDdjbTA?oc=5&hl=en-US&gl=US&ceid=US:en,UVA Health Newsroom,0.0
Trump migrant separation policy: Children 'in cages' in Texas - BBC,2018-06-18 07:00:00,https://news.google.com/rss/articles/CBMiXkFVX3lxTE93X1BRTnlacU1qc1AydU5vQU81TVJyNEdSYlZGYXFrb0thbVpfOWlHNDhucEoxdDliMzFrQ08tbTRXR2syNjZOZ2ZrUkNOQjhLTGxDQU1xdmJSTk1UdXfSAWNBVV95cUxOVG5GUEg5ZXJwR24tTWlrbk0teHZpU1hmWmtGSkxPZjdVMFl2cTNURjBKazkxZkVSdnVKVjkySWJnUjc0MFJkTEtDN1Y5SUV2RWdZZ01ld01HeGlsMmY4SVlwajA?oc=5&hl=en-US&gl=US&ceid=US:en,BBC,0.0
"In Donald Trump, Some See The End Of The World Order - NDTV",2018-06-09 07:00:00,https://news.google.com/rss/articles/CBMilgFBVV95cUxQRzNBeDJuSDlqWXBtN2Fxdm5MQmQyMWxZaEhlU0hGRTRiTWthcmg0LUlVbnNFUWRZSG80RUtaX3o3WUQ3NWxSUER1M180b0VIUG1BWVRGXzJyeFI3eEx3RXp0dFhaS2hpY01WR1RtUEFoejNRUVZvclJhQXlQT0x3bHpfTTYwU3ZtSU1WR1dLeUhrWnU5RFE?oc=5&hl=en-US&gl=US&ceid=US:en,NDTV,0.0
Football fans can get the latest on World Cup across Apple devices and services - Apple,2018-06-12 07:00:00,https://news.google.com/rss/articles/CBMiuwFBVV95cUxNWjBKQ2NUSktWMFdHM3hoX091dXJGREZybWNTMFJhVGVmSVRyUmVjYmx2M1BvSkxBbTRQTmxzZUZBS21ERXBpVlYyS1UydGQzWGo2TmY3V190dzdBLTZlZWQwYU9fOU5sMG5aS3F6M1loVWFpSGJtRlhzUE9FeWUzUXNxUW9yTmtuZGplQkg3bXQ1SUVxOFh3aFk3UEM1NlVIakZEcVBrWnlrbHJVajdBOVJsTXZHNnJhLS1V?oc=5&hl=en-US&gl=US&ceid=US:en,Apple,0.0
Climate Change Could Lead to Major Crop Failures in World’s Biggest Corn Regions - Inside Climate News,2018-06-11 07:00:00,https://news.google.com/rss/articles/CBMiygFBVV95cUxQbV9xWGEtSnhJQ2NKSURWYjlhWTNoZ1dCQmZMTGlHQW9DdEpLd3AzaHZmcUhROVAyWWM4dE0zY2MtandXSmFGaDJWQWdpTDRlZElqSzlIRjRodU9MUUE5VDFrWXBqdGpOcHJVdTVEWGVtYTE0MFZvSW8xcWdzYnJQMW5tZFMyTmdXVjJQcVd5U1J3ZHRicnBuRDNDR0U4YjcyMml2cm1UNDdnV0l2TUpnczJHa0cwc1pWY05jb05tYnBPSUJhUDRZMmRB?oc=5&hl=en-US&gl=US&ceid=US:en,Inside Climate News,-0.4588
"Trump, Twitter and the art of constructive disagreement - The Guardian",2018-06-29 07:00:00,https://news.google.com/rss/articles/CBMiogFBVV95cUxPaGFoc0RtUW5xR3ZkR1k5S1QtT0dkLW5sajFUNldRQk1UQm1MTlNwNUpwQ3hyN1E0cWFtdzVnUkEzeXlYSlhzV0taOUtydHZPc1ZZTDFkaHZpdkRkLV9NLUNnVWw1eHNkQWFzT2VsS21qajI0RjN1aHdrOWJvUjVjNHpnb1EyV1FaNTlyZnd6bnJHSUNMRFR0TkdoRmVxYUZQZ1E?oc=5&hl=en-US&gl=US&ceid=US:en,The Guardian,-0.3612
WHO releases new International Classification of Diseases (ICD 11) - World Health Organization (WHO),2018-06-18 07:00:00,https://news.google.com/rss/articles/CBMiqwFBVV95cUxPYTJ0VzhvR015d1BUZFJVR2RKUG1Pby1fT09laWtxWTlQTEJMaFFYaG5RdEVGWjJ0UGhzU2Y4SWFXdG1EbnZ5bng1d1F1TXJ1b2VnMm9JaDFodkZiamJ4RFZURHFFakZIZW81aTNGRTUtYXgtUllkVUxiZ0hSS2o3aU4weEJWZFctYnhsdmxNbk5NX0VxeGtJaUtQc1ZYUG1yc1R0MGp5d0hxcTA?oc=5&hl=en-US&gl=US&ceid=US:en,World Health Organization (WHO),0.0
U-M researchers create world’s smallest ‘computer’ - University of Michigan News,2018-06-21 07:00:00,https://news.google.com/rss/articles/CBMie0FVX3lxTE0xYlhYQ05XcTV6RUFqTURiSDcwWHFVZ1ZWRExhZHJrN3lqeENaQVJrSFhWX09IX1RJQWd4YVN5MVl1YlJKVXNROEdFN0IwODdEcXVYMWxfSlJxcDhsS3o2eXMwUkcxbDBTSmJ4Zkdlak5ZaEFRQUV6TzVZQQ?oc=5&hl=en-US&gl=US&ceid=US:en,University of Michigan News,0.2732
'Headline stress disorder': How to cope with the anxiety caused by the 24/7 news cycle - NBC News,2018-06-20 07:00:00,https://news.google.com/rss/articles/CBMimAFBVV95cUxQMHpOUEF3ZTg1eFVCOTVGVmN0VnFmcHFuWUNzV1ZtU1czbmNLMnFkVEkxNjhQaElTUGtMalNzNk5pTGJCZ1ItUzdxU0V2a2tsckxTZnNCWmIzWEtqcDl4WVN4SkZXcENUUW5oUTZJNG5aRWx3Z3ljaHZnZHVCRmdLZWs4SzJydnk0NFFkOGZJUWhBTVduWGdnQw?oc=5&hl=en-US&gl=US&ceid=US:en,NBC News,-0.5423
Belize Barrier Reef Reserve System removed from the List of World Heritage in Danger - UNESCO World Heritage Centre,2018-06-26 20:09:19,https://news.google.com/rss/articles/CBMiS0FVX3lxTE5oZHdLZGM5WmEyWWhYUElIOENTZE1xN3VtQmpBT0FwT1BhQmpwbktSbmZSZC1tdkluaE1HUkNyemZFZ2ptOTZmLWQ1bw?oc=5&hl=en-US&gl=US&ceid=US:en,UNESCO World Heritage Centre,-0.5994
UTA advances in Center for World University Rankings - uta.edu,2018-06-08 07:00:00,https://news.google.com/rss/articles/CBMid0FVX3lxTE1QczdESHV5eHN6czNSdUNZYWNOcDJmaVpjTWdRaTc1NjlwZTFBcTNZRlRka196ZTdSakhFTkdVNGlOOUJ4aVI1Tkp4ZlhBMTdMNnpOcVFCejBSZUxRc251dEdzRy0tSWFvM09QQkRpVW1leGhEbFg0?oc=5&hl=en-US&gl=US&ceid=US:en,uta.edu,0.0
Best children's hospitals of 2018 ranked by U.S. News & World Report - USA Today,2018-06-26 07:00:00,https://news.google.com/rss/articles/CBMixgFBVV95cUxQenpGRHBwVEpfMkNVR0poVWhCWjdsQWVMZlpjUVg5QkFGd182RVZXcDRvN3ZIdDNzMUxpWGUwMGFVTzlaZGtuaUllMmVQU1BwNFl4LVBaSGp0SlljSFR1aHVFOE1Nb3hNVnBwZ0d0UUdMR082THhzSFZZb1p5RzNfemVkTGx3TFpuSlZEYW1pNXlmLUlXZktQM2FkeHVVRTJSQVRrSzhUX2ZBYVJGQS0zenBCV2dCV3FaTGFCRmJjbkUxSmoySmc?oc=5&hl=en-US&gl=US&ceid=US:en,USA Today,0.6369
Yemen conflict explained in 400 words - BBC,2018-06-13 07:00:00,https://news.google.com/rss/articles/CBMiYEFVX3lxTE1ZU3pvdGJjMU9WWjJ6U0pMYlpXem85LWt5NXlJZlktRzhJSlBjMTFLMlNuU0toNnBXQ2QwdGFTTzRBZm94cVUySDJHdGxVcmt3WktPX09BeVZIZzlvMFhkONIBZkFVX3lxTE5LYUxuUlhQS3k5bE1xeWJoTl9ndktVVGtIaHhud0FxME15VjRHMk1tZW0zb0JDbmNfY2VVaHVTTk96WnRURUtUZ2JjZ3FLcHRNT3VkNDhjOFoyaXJnUlgySzhNMERfZw?oc=5&hl=en-US&gl=US&ceid=US:en,BBC,-0.3182
Trump travel ban: What does this ruling mean? - BBC,2018-06-26 07:00:00,https://news.google.com/rss/articles/CBMiXkFVX3lxTE0zeTVUNlI1WllrUW9tVHJ6YnBnNWkxWndCMFQ4ZVk3ZlB1LWdZV1FPNFFPX3pHQUNyNjRUUTh6T05uN09oYXg3YVRjY2lkdzFMNDg4TkNZSHhVbVpHQ2fSAWNBVV95cUxQSHl6eGx6TmxNUjExMXJIT2RNTzdqeE9mNXhfVXIyODNQMnV3UzFHOFpvQ01COUFZT09kaWQ0ZDF0WWVKTXV3NG9TSnFzQ1hpR0x6U2V5SU1ObGUwaGMwU09NU0E?oc=5&hl=en-US&gl=US&ceid=US:en,BBC,-0.5574
G7 summit: War of words erupts between US and key allies - BBC,2018-06-10 07:00:00,https://news.google.com/rss/articles/CBMiXkFVX3lxTE1yeHhxQW14M0hRVUhaWVVCMWpxWWYyTzdYak9UcVRvcUx4RzcwVFVXQ3JMYnZlRnEzRGtKWERoMTRQQWtpRnA2c1pBekJfVG14aVd0d0ExUVlNOEgxYlHSAWNBVV95cUxNdkNOM3U3NEhYX3BfbWVuVXdETHczVVFZUVRPRDVnU1RsaHFzMlduZXozSmlIaVNwd0RrSExYNUZLLVlUV0tfUTZxU29MSWJsUWtJS0ZxOG9GQjBzcW9TZ0NUb3M?oc=5&hl=en-US&gl=US&ceid=US:en,BBC,-0.5994
Trump at G7: Who's who in Merkel's photo? - BBC,2018-06-10 07:00:00,https://news.google.com/rss/articles/CBMiXkFVX3lxTE8zVXU2UHJIbDdVeW5NMUlJNWRod3pZTlNDVS1NWVhFdlhvYzBPV2pFUjhDMjY2WXdXN2JGYUh5QWlYcW1TNTBFSDY1VDU3MDJ5TWZkQzBuUFBLTXQ1QXfSAWNBVV95cUxPcjhwRUFaYVRmX0RnU19fWV9IREJscVpIUkFKSm1pT1hLMFZ2cHlGUERMWHFvX21MMHpHSzY4UVlUbXZscmxFdTFLbEQ0RkwxVi1oYi1ia25ENnU1UzQwalVfeFU?oc=5&hl=en-US&gl=US&ceid=US:en,BBC,0.0
Saudi Arabia's ban on women driving officially ends - BBC,2018-06-23 07:00:00,https://news.google.com/rss/articles/CBMiYEFVX3lxTE16eFVZT1dJanAzOVIwTXdraGloUHkxYXB4Qm1ubGpQOVF4dlNCcGY0SkcyWkNodFNoN2pkTXlhaThxTkxDMFhDend5SWpKRm9jUTYwMG5TVEZwdDl0b2I2Q9IBZkFVX3lxTE5uVF83aXVOSHZNTFZYRV9ET2ZBbkdtRnVqdXRhMmFkVGFUc2VHMzJ5R0Nfd210bGdMU0tsRzdlUDRKYkVCSFNYcVVHNDlDSU5IUnBjbG9FMmhIZWJVSGZ1eHpFZnZHUQ?oc=5&hl=en-US&gl=US&ceid=US:en,BBC,-0.5574
Burning Cameroon: Images you're not meant to see - BBC,2018-06-24 07:00:00,https://news.google.com/rss/articles/CBMiWkFVX3lxTE1zVXcyYWh3cTFPdW1pUlNqSlhMQXh4RFJPcHV5N1FHZ2Y5Y291bmtrLVExRk1KdWhZMWFIaTZDbUVRT0RSWkllR1JrVUJyZXdBWjY5XzVURjVoQdIBX0FVX3lxTE1yb280ajdXb2dDenZYNzM2Rm5LclFsakJNX19XeEpwT1oxT0RaMkVLSlU5cHJTZ29yeldHRWV5NnNqUmZLZlMzc0NiM2J6Xzhsc1J3V3NXZXhUVjQ4MXpj?oc=5&hl=en-US&gl=US&ceid=US:en,BBC,0.0
Fake news and Nigeria's herder crisis - BBC,2018-06-29 07:00:00,https://news.google.com/rss/articles/CBMiWkFVX3lxTE5LeXNCaWl2UUExQzc1T0duWmVfYXlLRDVncllFTTdlSHoyTzBwU250OEJJdXg5MFdNRDdlSThNQUNVcjZHdzYyM21Fb0FOcko5Wk9TaUZVbVRWZ9IBX0FVX3lxTE9YMmxiSEhGQ2hKODdJcWtteVBINUc2cjNrXzB2S25vWXFjVHVBOXVPZElyeHQ5N2N0NkRJNC1SZFZwM0t3d1ZJMHM3Q0hEQ1BtNWNPeV9mWXUwRGlCcnVJ?oc=5&hl=en-US&gl=US&ceid=US:en,BBC,-0.802
How a giant python swallowed an Indonesian woman - BBC,2018-06-18 07:00:00,https://news.google.com/rss/articles/CBMiV0FVX3lxTE1uMnVCSkpuV2IwYTczcVJHV3RXV2hwcFVtYXM2TWtHOGo1c2lXeXZLQU83VW93cnFWM3JwR1ZucVFHZHhzaXJRWHV2elQyRWkzWmhRUlFiTdIBXEFVX3lxTE5mTUFaN2ducXJ0R3JyN0dGaEFtX1ZKWEMyT3FjOU9ObUc0WlBKeklmUDQzbVBMU0hhdU5iVi1uamh5bW12QTc0ZFd3MVZ6bWp6TjRSeDFMdFp1ZGdE?oc=5&hl=en-US&gl=US&ceid=US:en,BBC,0.0
WHO certifies Paraguay malaria-free - World Health Organization (WHO),2018-06-11 07:00:00,https://news.google.com/rss/articles/CBMiggFBVV95cUxOaUtZTHRDU2pCRDJRWVJ2MHNEMVZ3OG96OEJGbm9YLTBsZkdoYno1elViU0VHUERBM01tb2ZNWGZGcGF3NmduVVFKM2VXT1JOSnMzazhhay0yVGdjdUZScTV1R0hJekpEUTJPUUpoUnptbDFiX190cWEwbVlDYjd5RUhB?oc=5&hl=en-US&gl=US&ceid=US:en,World Health Organization (WHO),0.0
French MPs criticise 'hasty and ineffective' fake news law | France - The Guardian,2018-06-07 07:00:00,https://news.google.com/rss/articles/CBMimwFBVV95cUxQelJYUHlKX1k3YVcwQ2tGN2NSS0VUZjVIYUFNd3E4RDhSalJQVGt2bE9ISWRYVkRGOXloN1ZrMTRtVEpzRzkwMFNMMmQxY1oxV3JNQXUyTkYwVG92OE5sUmdhVWlCdzUxUzhoU0NITzdFdFQ3T2tLdDNuSzBmTXVnTm9UaEFqMTU5TERTUXhMTWRKb1h5M2tsdGJZdw?oc=5&hl=en-US&gl=US&ceid=US:en,The Guardian,-0.7579
FROM THE FIELD: Plastic pollution choking world’s oceans - UN News,2018-06-07 07:00:00,https://news.google.com/rss/articles/CBMiV0FVX3lxTE9CY0lia2hVM1V4QVJpUVRvc3BWV28tcFJUczBTV3p3LVRXamZOZExwTTc5NHJqenlfejhqUnBfTVBUZWRNREZ3MTBpb3dJNm5ZSEMxdWEzQQ?oc=5&hl=en-US&gl=US&ceid=US:en,UN News,-0.4588
"Thirty Years Ago Today, Global Warming First Made Headline News - PBS",2018-06-23 07:00:00,https://news.google.com/rss/articles/CBMiowFBVV95cUxNbEFlazdtcUVKT1F6dlBVMldrd1pfZ0laRmlfVXI4SmxtWnl4eHU4dWdrd3EwTmRmcjl4eEp2VHZmb0E0LW0yd2NZVFdBR3BtVmtwYng5NGdnQzN1enVfUEtyRlhFcVNoM1VtVU9taURtQVp1WTNEXzFCZThQTnBPaEI5UkFUZXgzc1Itc0ROb1FBM3l5QUpPaVlDSV9nbkR1eWMw?oc=5&hl=en-US&gl=US&ceid=US:en,PBS,0.1531
More sports news on the Guardian app – in time for the World Cup - The Guardian,2018-06-13 07:00:00,https://news.google.com/rss/articles/CBMivwFBVV95cUxQcU5xVFRlbVRWYUhoYUdjZnFfZEhwTWNLOWFLdnRFcmRwdUVqbkVUVUJYTGNLaUZRVzZKZUNBUDVTR2h4V04zYXQ2MjEwR2FOYmNtR2JsN0pCZ2dkWE56WWozeGkxZV9vYWdlOS1zbXpvMXNBczVlVW1BZWRJdy0wRDJjc0l0VlBVNXkyaVgyVFBvZWFSTDFKZi1DRnVaalktR2kwWUp0cGRFN290ZzJqWno1Ulc2UnhTTUhFUG9nSQ?oc=5&hl=en-US&gl=US&ceid=US:en,The Guardian,0.0
30 years ago global warming became front-page news – and both Republicans and Democrats took it seriously - The Conversation,2018-06-19 07:00:00,https://news.google.com/rss/articles/CBMi0wFBVV95cUxQUEJNYjNqN3BMN0ljendOb2RRTGtQdUpCbkVaalFHTjVZb1NPNzNUZ1hEUjB1N21VbC1KUS10VngtdmhiSDIxWHV6dzVRUnF3aTc1d3FFUTY4cUt1UXBJWEVOaXFuRzVZLWZFOWh0NTNHNXV4MThFTVJCU0ptTDVuMXFJSFR1NzJBWGUxRjBwd2tfRFQ3cHpGNU1xM1RBc2JodlY2RUxOQ1hoSE50Y215eXZIODZrb21IVzBOZXRvSmFFUVp6a2ppV3ZfdlVRM0lvMzFr?oc=5&hl=en-US&gl=US&ceid=US:en,The Conversation,-0.0258
Why female suicide in Afghanistan is so prevalent - BBC,2018-06-30 07:00:00,https://news.google.com/rss/articles/CBMiV0FVX3lxTFBQdnVUalZsR0dzQ3RmTUI5WEdNSk9XX2E0QTRCTWpROUJqUFhYNkx4MWMtZ1doMWZMMWRnQWVXYzVGNjhJeFBqYm11cjhaX2pscjZvVzRBY9IBXEFVX3lxTFBIUktWWjRxRDFyUWdJZmVoZUF1WG10ODZsdkxBQlY3SXlyc1NBeVNxMExiQzVteEpQWVNqcWZOVTY1RkNPVHZOMEd5V1V0NzlISEVQZThyTzlKWGdP?oc=5&hl=en-US&gl=US&ceid=US:en,BBC,-0.6705
Pope: ‘Catholic education gives soul to world’ - Vatican News,2018-06-25 07:00:00,https://news.google.com/rss/articles/CBMiogFBVV95cUxPUmdYeDl2cUJRTUZPcFp0dFl2MnZrdE9CRmhtYkhhSUZNeUo3Z25SOFB5LW5SbUdBLUdOUjgwNjVrVWVWX19CTmc4SXFxWXBIWVJpSjZQVUx2VlpBVXBHczdXMGNxY3lmYlFIY19BbGY2M2taekIxQVhPVDF5dEh6VG1vRFhzMmRFVGd1dVRXWTdRZHM2NnRTd3ZmeWloSmhkVUE?oc=5&hl=en-US&gl=US&ceid=US:en,Vatican News,0.0
Melania wears 'I really don't care do u?' jacket on migrant visit - BBC,2018-06-21 07:00:00,https://news.google.com/rss/articles/CBMiXkFVX3lxTE9CalVoVnJFOWxNYmtiUEM3OXU4dXVBVHV1VWg3MDlLa3ZLOEc0aXMtdUJXYjBvTEhablA1QTU0ZUhRU3ptV0FfZmNXcUN1bVhCMXNSME1kRUp6UmZJR1HSAWNBVV95cUxOSG41bDVMdlV5V1ZsRGFXZFY4emp1TExFZm5WdWoxZVpiZHRUZGhteWR1ZFpITDBUZWtheE1LVVBjLTVST2hBYTAyUHdmT3BCcDJxYWE0Xy1mMUx5Z0hOQXNtOG8?oc=5&hl=en-US&gl=US&ceid=US:en,BBC,-0.4416
G7 summit ends in disarray as Trump abandons joint statement - BBC,2018-06-10 07:00:00,https://news.google.com/rss/articles/CBMiXkFVX3lxTE8tRmpGM0dKOVBteG1WRG16SlZjeDBFdUFMaTAtTXF3STJoNVdzMVlpNkM3U0tMYmdTekR2RVRqZk9LdFp6Ty00bV8xbnktQzZOa2JGUVQzaDc5QVI0N0HSAWNBVV95cUxOOXZVZzFSaF9xa0p2S1RUd3M2N0Fkd1g4UzRuZS04QjZqNHY1eF9HTlhMalRuMmdYMkZmM3ZkZjF3R1dZOWx4NFVwd1ZsMzFBb0hjSUN6Z2x3MlRIMG5RREd2Wlk?oc=5&hl=en-US&gl=US&ceid=US:en,BBC,-0.3182
"Forced displacement above 68m in 2017, new global deal on refugees critical - UNHCR - The UN Refugee Agency",2018-06-19 07:00:00,https://news.google.com/rss/articles/CBMirgFBVV95cUxQUEh0S083eWxRc1J5blVwV01KdVd6VG5HaGdkY0pHZ1FTLUJydmZ4ejRSbFdsRm1ySHhFMDcxeE9TSF8tQkczSFNVTHdkSU9lNXZwcGRuQjRPNnFFQXhNaTh3UHRlVGVHd3lZVVBfN0hiS3o0NG5HQXU2QmxkdEhMSGxRMFUtTHhIMy1CUXpsSVc3S0R1QWVYSVVScVJBVmwzWmN1blFuZWtqMDZ2NlE?oc=5&hl=en-US&gl=US&ceid=US:en,UNHCR - The UN Refugee Agency,-0.6486
Canada legalises recreational cannabis use - BBC,2018-06-20 07:00:00,https://news.google.com/rss/articles/CBMiXkFVX3lxTE9HQXJUOVRKMWRScFVScDQyM3JsSHFkMW9Pal9zU3pTUWNtc0ZIY0h0VUxYdjVtZjJ2eGdsank3NGc5dlFvUGFHNzNtWi1vWDVGczhZVGctQXl0S0RkeVHSAWNBVV95cUxPWDdXVzNxSzlFeG9paF93TVEtLVQ4UmxtaUI2Qm5ad3lVLWVJZjQ0XzkwT1hiWHZiQTJpTzVWWFl4VGl3LTZaTXBYMnVpVFZtWGtCWVNNR3ZDZ1liM1BiZ2dWdmM?oc=5&hl=en-US&gl=US&ceid=US:en,BBC,0.0
Recognizing neglected skin diseases: WHO publishes pictorial training guide - World Health Organization (WHO),2018-06-08 07:00:00,https://news.google.com/rss/articles/CBMitgFBVV95cUxPQ1p2WnMwYXdMUHF5R2R2Nm52c1JkOEZFUWljM3gzWEI2dFZ5R09ZVjlnSU13eDRJQkJlb1hFc2gzVWs4QzNkS1g5bDBEMHAxdVJyYVh1WERiM01LSjlTeW8zemZSdzlZSDE4TlVINFNDbU1EanJmLUlLZEFrb2JvbHBlSWlBSUdySTlRQ1FjR2MtdlNOMjJGU2YzR0I3eUVfbnNXZVZHWXh1aTB3TG41QzE4VE04dw?oc=5&hl=en-US&gl=US&ceid=US:en,World Health Organization (WHO),-0.5267
International BEC Takedown | Federal Bureau of Investigation - fbi.gov,2018-06-11 07:00:00,https://news.google.com/rss/articles/CBMidEFVX3lxTE1maW11SDZTdVM2TldYZ2xSYjJydGdKSjVfVUlQZzZkbzRyNnNNd19RR0pPWEdzaHdpd1BTR0pPMDhNakl4SjE2RDdqZTR2R3A2UzFaQV9NNG9JOUM2dk9YV0JMWi1JV3lQZ0N0eEhlS0xTb1Fl?oc=5&hl=en-US&gl=US&ceid=US:en,fbi.gov,0.0
"Are you scared yet? Meet Norman, the psychopathic AI - BBC",2018-06-01 07:00:00,https://news.google.com/rss/articles/CBMiV0FVX3lxTFAwSzNOSHQ4UzNLZHFRUGc2RWNrQ0NZbEJ2M21qcEhfRnc4X1llbUpQUWN6cEZiNDZsNF9mM3ZOMXhONVpKR3kwdExGQVBOc2tGZWJHdThMTdIBXEFVX3lxTE5QWjlCb2VjMnkyR3dCckxaOTh2NlctUE9BUWhJek5hTUlFQURjWExFSmh6QnVBSlpmSkExeUlBQVZXSWYtenJfWXAyNnQ4ZU9EbU9iYkstVHhPc0FV?oc=5&hl=en-US&gl=US&ceid=US:en,BBC,-0.4404
"The World's Highest Rubbish Dump, And It Keeps Getting Worse - NDTV",2018-06-17 07:00:00,https://news.google.com/rss/articles/CBMitgFBVV95cUxNYWhOWjJjTGlZby1HOV9QRHF0cVhTTnl5Mno5SGVHcndUb3pvQzJyZXdXRUtHOVhXQlN5eUtrOU5rSzRDeDR0OHZpZ1JPdTV6QUp5UGNBMl9vdE5zUXRYS2RpSzVXdWxoaE1jNzZOZXhoMVF4cXpaTVJ3aVIyTV9uYU9wT1hmRVJYb003ZWk5QTQxc2hxOXhnblFfYTkzZzdwUF9pZjNtQVUzT25VTG81ZlpZS0o0QQ?oc=5&hl=en-US&gl=US&ceid=US:en,NDTV,-0.6908
Migrant crisis: Italy minister Salvini closes ports to NGO boats - BBC,2018-06-30 07:00:00,https://news.google.com/rss/articles/CBMiWkFVX3lxTE1lVW5zQlpwV3NnekNpaWwxRXdyMUtRcVN1dG1CZjVHM3NzVHJIYk5YSUtHd0VoWDZWcHJsYUVsTzM0NktGNmJ0Z29RYk91YkY3aTMwdEhxX1RpQdIBX0FVX3lxTFBscUVOUHJoZ1R3NkVTUW95MWhLZ0tpLVNCZGNlNThPN0xrTWVTZjRaTmVsSUNfVHNrQWh5MjdCM0c5QTBhWGV4cFBPaHNtVlJpWmxxMHI3QVV2RUx6U2NN?oc=5&hl=en-US&gl=US&ceid=US:en,BBC,-0.6249
World Environment Day: beat plastic pollution - World Meteorological Organization WMO,2018-06-05 07:00:00,https://news.google.com/rss/articles/CBMie0FVX3lxTE00cjBHUTFxODJGUVlpNXN6ZHZqYmlEM1VaRHp1ajY1VlJFeXdabWxINFRqLUkxSklZemZsMWNJMkZJR3Z0aVk5dC1vOGpfaENtTzFqYWVoZTBXUmRwelZobFJvMEptSTFpQ3Jwc0V0bVhpMXlKaV9hZnQ5Zw?oc=5&hl=en-US&gl=US&ceid=US:en,World Meteorological Organization WMO,0.0
Stockholm truck attack: Who is Rakhmat Akilov? - BBC,2018-06-07 07:00:00,https://news.google.com/rss/articles/CBMiWkFVX3lxTE9aeFkzemxLRTJoc0hkUzVnT21ieW5KRTVGdTE1cXViOF9yaXh1cHc2UEtvWEotY2lUcTNZSHdyRk5nNzNCdkRPZl9SWUU5MnNGeHFBOXBtQzZMUdIBX0FVX3lxTE1hZUtwTVlDTW5SOGFidFhNcWRXOTREN2lDelFwZTRaQmo0QnB2QUltVm1Na0hQZExtVFVCWkNtc2YtWFV2Z19NSGJsMUI1YUlEMlQxQkpOR2tuN19BNTdn?oc=5&hl=en-US&gl=US&ceid=US:en,BBC,-0.4767
Kate Spade: Fashion designer found dead in New York home - BBC,2018-06-05 07:00:00,https://news.google.com/rss/articles/CBMiYEFVX3lxTE1pOXF5LU9JZTNndjJoTXhiNl9INlNxOEZkMEVxNGxEY2pvWEJOZE8xTG1rN0JMRWk4MUZpYlRVOW44eUJDQWtSYU5PVFczU19mdzE3QzA4OHVuY1M4RmRLS9IBZkFVX3lxTFBnTnFpM1FBTmZGRElFa1ROMU1XY19Ja3pxUDN6Q0VEUGJacTlwZEo5ZkNLY0cteXliVEpmMUR1WGJkV3FYTGlsZU5lVExQQTRHQTFrZnM1S1FNOUlDb3FyLUJheGludw?oc=5&hl=en-US&gl=US&ceid=US:en,BBC,-0.6486
Rankings and Recognition - New Jersey Institute of Technology |,2018-06-06 04:54:25,https://news.google.com/rss/articles/CBMiYEFVX3lxTFBrekZ5X1ZDTG1NZUdDTTBqbmdDSWtGU2hYU1BUWnJWaDNqb3R5QzkyYl9ydEVaa2J4V1ZWSElQMFk4Z09DQ0VhZ1hBOTNUcmJNMmlYTHlyb3M0R25CdXNVaA?oc=5&hl=en-US&gl=US&ceid=US:en,New Jersey Institute of Technology |,0.0
Hungary passes 'Stop Soros' law banning help for migrants - BBC,2018-06-20 07:00:00,https://news.google.com/rss/articles/CBMiWkFVX3lxTE9NZTR1TWx1YlhQd0lzQnBmTHNINkNDSEUtdVF2U1hLMzQ3MUVGQ2stUXJ6TlhKakw1V1NsZjBBcWtkcUhvOXlsR0lDM1p1SUNTZF9LbU1xeGdhd9IBX0FVX3lxTE9iWVVtbzFmWmNvX2F2NGFLQl9XWWVZWEc2S2pITUNUd2l1emdYaXFaUmRqS3RyRlJnMDVpWWotYU9EYjhueGJxMDhGUWpqWGZRNURmbkRmNGhXelNYRWJZ?oc=5&hl=en-US&gl=US&ceid=US:en,BBC,0.128
Lake Turkana National Parks (Kenya) inscribed on List of World Heritage in Danger - UNESCO World Heritage Centre,2018-06-29 10:46:12,https://news.google.com/rss/articles/CBMiS0FVX3lxTE13RklMV19NMFZMMTZwTU5aWG1iQzRGNVlMNy1ubE5FU09PV3F5N1IwZFNkQWV2SVVUZHhHVmM3UFNUdXU4b0d0NlhKTQ?oc=5&hl=en-US&gl=US&ceid=US:en,UNESCO World Heritage Centre,-0.5267
Tunisia boat capsizes killing dozens of migrants - BBC,2018-06-03 07:00:00,https://news.google.com/rss/articles/CBMiXEFVX3lxTE5NdkVaYkViUkE4UF8zeFFXaWkxV0FueXNuRjJNOVdlVE5zMGszRVdjWFZxRVNDOU5INVd0dmlITW9XWWNiQmR4U3QtTl9teno2Nm9WX0o1RjZPcWlZ0gFiQVVfeXFMTW10MVdzb0V6c3l3b0xDeTBvVjJIWlJyTjYySkJvWG5ZenFiVngtcm9jeGplT3p1RHZCNlN1YVZhdnM5Tm5Nc1Y0LTFQazlFaF9YbFRaQzRUUnQ2QVM1UVdmNUE?oc=5&hl=en-US&gl=US&ceid=US:en,BBC,-0.6597
Australia passes foreign interference laws amid China tension - BBC,2018-06-28 07:00:00,https://news.google.com/rss/articles/CBMiXkFVX3lxTE5ISU4yLVBZTkJYS1kxUWUtdnoza2ItYWJNYUtQc3Q0SkFqWEdQb28zZ3ljYjRxcVNWVnRaZHVUcEgwNTlHaVItUlpQcG5PWFo1cE1vNlJDMEQxQzJmeUHSAWNBVV95cUxPYk52UVdFZTRRTklrSVBTejRXM2ZVajhkbEppTnhTX25lWVdBaGtHQVlWZGY2RURPTDQ3Nmt5WUVTS2NtY21sOC1KZVZkMW9DaG9oRklWNl9JdE1JSnhRMmptclU?oc=5&hl=en-US&gl=US&ceid=US:en,BBC,-0.3182
Have the Dutch found the secret to happy teenagers? - The Guardian,2018-06-22 07:00:00,https://news.google.com/rss/articles/CBMinAFBVV95cUxOOVZhTi14RDdEQUFRUDFRamE4UDFBYkZhVzUzTDhwRkhzZ1JsQVV5VUZackxvNkpFYTlpVkFtT2J3NXkwUUt6Z2NCME5OUENSS2YwMGdmMHNaVHR0TEJyUGxfbkxvR2tLX3QtSlBlUEJmR3JNRjZMUE9YQW1SeFZTODR6c2F0cXVReV96YXBiX3diRWlrdzJHU2xXdkE?oc=5&hl=en-US&gl=US&ceid=US:en,The Guardian,0.5719
Forced displacement at record 68.5 million - UNHCR - The UN Refugee Agency,2018-06-19 07:00:00,https://news.google.com/rss/articles/CBMifkFVX3lxTFBBUEMwUEx1WTNfakdQT2hkaVZ6eXFGRk1LRU5YUmpONHBEYTRNVnlwZWhaYVEteUhoaXc1TWp6RDVGQWVGZ2d5RkxMOEVTYmx3SXpGeVBxV29XSS1xT3JuVjZYTTNXX3hobkdRZzd6RDYtYUIxdE9UMS1ZQWoyZw?oc=5&hl=en-US&gl=US&ceid=US:en,UNHCR - The UN Refugee Agency,-0.4588
Czech Republic - Timeline - BBC,2018-06-11 07:00:00,https://news.google.com/rss/articles/CBMiWkFVX3lxTFBLVWNITU5Xdk1jdkZVeW9STTJYMmlCd0R5dkJ6a0tFbW0wNXA1ck9JZGhVOGxjRTBITGxWMThhUnd3THZCOGZ1b1V4bWxfOXpiS1dYX3N6S0hZUdIBX0FVX3lxTE45cDMwY2lxakRLMFhQY3d0UjlDLXk2Z1V6NVI5cVZBVmJNWGVINWpFUXdrWjNxLVR5QW9fcTRhSzhiYUtoVzQxMDA4M25QdVo1a3BybFh6NHdnNTZtdjg0?oc=5&hl=en-US&gl=US&ceid=US:en,BBC,0.0
World Cup: Japan fans impress by cleaning up stadium - BBC,2018-06-20 07:00:00,https://news.google.com/rss/articles/CBMiV0FVX3lxTE1NQjU3c2hSMkxrd3BtOEFGZUVtSVhiUVlBLXJRY0N4cHZ6X0EwS2FhSmJXcWFuQ0hHVmJlN21fSHk1TGlKLWxRQlZJY19xX0dSSmlwZF83TdIBXEFVX3lxTE9aZHhYUXF3Yl80UkZ2Q3pwU3cyWVdwQ2dvTTFEZ0ZtRkZXSm9sQ3M4dTFlS3hFQWlWS2lub0NQc0ZtaVA4UmlObnRoNTY3bjVLLVRaelg5V1JId0pG?oc=5&hl=en-US&gl=US&ceid=US:en,BBC,0.4404
Salva Kiir: South Sudan's president in a cowboy hat - BBC,2018-06-21 07:00:00,https://news.google.com/rss/articles/CBMiWkFVX3lxTE1CM01UbmNzR1NVbjBObVNwVjRzWWpwVTgtb282Vmc3Rnk3M2paemdTcnpEcWtzSl9VejMxWmdUM0N4WUxJT2ZkUVRjWHFDRThqYWVZalNTdEwwZ9IBX0FVX3lxTE5kM2JvSG5EaG1NRE1BeEgtaTBSSVQ5T1k1SmVFcXg0ZDNWNUVOTGRMTy0zTHVub3pOYTdHZTI3c2pmaDFvcFB2V0VRRXQ1ZXp3VGloS21ZSFBtc0k4TXUw?oc=5&hl=en-US&gl=US&ceid=US:en,BBC,0.0
Tobacco farm in Malawi: the families toiling in the fields - The Guardian,2018-06-25 07:00:00,https://news.google.com/rss/articles/CBMingFBVV95cUxQRnJhWXB1VXlnUnJXXzFURW1CLTUyN3VQeWJ5R09HRDh2Z3JudC1aejk3Vmt3Y00zNW9IOVZQaE5vdGNueXhJbWptRk8wTGM1YWY2dmhvRUttcXR1YUM0UTdmT1d4aEJ1cE5LOWpNZU9KSnhIcUY1MWhOWS1kNkk4LVV3LXBEZVl0dTVxTHItQk9sdmtyN2djMUVtaDRZQQ?oc=5&hl=en-US&gl=US&ceid=US:en,The Guardian,0.0
Turkey election: Erdogan wins re-election as president - BBC,2018-06-25 07:00:00,https://news.google.com/rss/articles/CBMiWkFVX3lxTE5vNjJEYTlKaFdlZWRmRlpmVXdhXzFRcjlSWVJieXBMa0NsVWE4NktjdGtDNzNZNzU5MGRRZWRQbVBlN3pPRGcySHNQWVloNEV1dGo1UDBwTFJ6d9IBX0FVX3lxTE1PMnVsMkRrZzN5TThZNWRZQWpWZDRKVG9sYmxmWFhxdHhEWUp4NndQVkF1YjZZWDBoWUtGczFJSmtzeTZfV0F0dzItc19RdjFoVWc0Y0s4Z0dSb2JjdHpN?oc=5&hl=en-US&gl=US&ceid=US:en,BBC,0.5719
Tunisia migrant shipwreck death toll 'reaches 112' - BBC,2018-06-04 07:00:00,https://news.google.com/rss/articles/CBMiXEFVX3lxTE9aMGJkTjV0b1N3T0t5d1E5dmRCTXRpd21ONW1XejFEOUpoc3RSYWttcDdtVV9XQ2ZRaVl3dzY2THI0cXdhTHdRczZtSkJ4NVF2Q2lpQzdVVzlVV2RY0gFiQVVfeXFMUE1XbkN0dmY5MkR1Y1o1RExOR1NzUjdIcV9zY0xGZkJZdHVvS1NCT1BrcGpyT194MklUWnBlWEpPejVlTWRVdjFlUmI4TjNFZXdWMHVEelUwZXZXM3E5MVlxdlE?oc=5&hl=en-US&gl=US&ceid=US:en,BBC,-0.5719
Counting the cost of Trump's air war in Afghanistan - BBC,2018-06-07 07:00:00,https://news.google.com/rss/articles/CBMiWkFVX3lxTE5ybjcweVJmVWNDRUMzbVVJcW84SjNTOS11Z3c1ZjU3MVpvcEpXRnlqM3U2QjVFOUpjZ3VZX2o1QVN4MGpEYmYxZU1NS3EydHB6ck1QZlVfX09NQdIBX0FVX3lxTFA2OGtnQzBFWElHZFNLRnlYTlFlVnZuZlhtbkZydjNHMUY4THB2dFM5S1NuMktXS05jbHpkVm9nVVgwSGZMbUQ0ZWpHbHNxUEFOTF9NU3UwZ2twTmkzQ3Vn?oc=5&hl=en-US&gl=US&ceid=US:en,BBC,-0.5994
Are we running out of water? - The Guardian,2018-06-18 07:00:00,https://news.google.com/rss/articles/CBMifEFVX3lxTE9uS1B4cmxnMVhwOTBMcU80SVVJOGlBcE5oZE5yRFhWN0JOaHBxb2dGNENYT0tjYTNYUUR6UE9LVnFkNmMzVTRCY25xZzVVX1AxLXFLa3FtRFNOUW95M2J2aFNMRWZ2Z1BEeW9iQ3JlZXpDSFpyekZzOU1WUnk?oc=5&hl=en-US&gl=US&ceid=US:en,The Guardian,0.0
Take a look inside the world's largest legal cannabis farm - BBC,2018-06-20 07:00:00,https://news.google.com/rss/articles/CBMiYkFVX3lxTE1GRDU0NldzaXA2V2J3bWxSYV9TRUZBRENoWU9mVGxhQlk1Z3lRdTUyZUhfaXdwNVM2QThzYVl2Qk1CNVBEYmNsUTJLODJRSWtIenZHNkVRUDlrcnBVUGNMS2tR?oc=5&hl=en-US&gl=US&ceid=US:en,BBC,0.128
Why landlocked Ethiopia wants to launch a navy - BBC,2018-06-13 07:00:00,https://news.google.com/rss/articles/CBMiWkFVX3lxTFBEX0Q0Mng1cGNoX3IzZXRwZGxSNE9sdGdnRWZuWUM0ZjZic21TOW41MzM0MTNoQVhwV3JvWENFdnM2U1Q0ZFN6ZXBEck5uekRSU21ua2N6TTNzZ9IBX0FVX3lxTE9EbzhRMXFZU3puY0ZGQ2hXb1JxeXhER1FXeHpMVThGWm85SlVMUXBzdWQ5R0U3TWVkMVRtc092a25uV01ka2pUbkhzMUdmU1dhaXZyMFBxbWE5X3hMNExB?oc=5&hl=en-US&gl=US&ceid=US:en,BBC,0.0
"Mental health: World Health Organization recognizes ""gaming disorder"" – compulsive video gaming – as a mental health condition - CBS News",2018-06-18 07:00:00,https://news.google.com/rss/articles/CBMijgFBVV95cUxNMkJtYkZiTUFxT01LOXN1VVIwQXBGNHZHUmI3VDhoWmdJeDJkTHZzSWl1aGYxQWt0LWVjMmhYRmtIUjFwOFlVVGJlYVUtOEE0NGl3NDNlQ1c2RlRfX1NwWFk0ZWVoZFhKd2xxZDhmaXhNMzBMTHVIbHd6TnRESm9QaDdJZnQwQ3BWcHZORDNn0gGTAUFVX3lxTE9QWDZJeFV6ZG0tY3c2S3RtTUV0YnpLeXpxYmpWTU5tUkJGYmpwRzZXQ1lESWozM1pMLXhlT3hpaDhabE9wbUlwZlpSWlY5ZnlrMFZQejVpdk5zMXJmQXRma1VNYUFyNURSZ01Hdm9JTVh6X2N5MkEwMXJsSDlQT19IOFBiRE51cTcyWVJhWnQ4TkMzQQ?oc=5&hl=en-US&gl=US&ceid=US:en,CBS News,-0.4019
Marshall Islands profile - Timeline - BBC,2018-06-11 07:00:00,https://news.google.com/rss/articles/CBMiV0FVX3lxTE9BakhpYzlkMmJlcXh5cDQzVEc1ZTJOZXZkbTVJSF9PUmFvbm9RV3M4dWtWTXVLNElSM1c5dVZRNHFMbjNvVGR5NXlySEJGNk5vYlFoTFhCc9IBXEFVX3lxTE9wSmJ1NzVWWkJlWmpkV01XTGxxSmRGMC1PbGlmZ3g4Mnh1bEdIVUZkU00yZnVDdkxXeGh2UEJtODQyUmtra1VnRVRDUWJuMklLdWl6dmMxMjA4RTgw?oc=5&hl=en-US&gl=US&ceid=US:en,BBC,0.0
"Next stop, Nina Simone … Paris metro ‘must honour its heroines’ - The Guardian",2018-06-17 07:00:00,https://news.google.com/rss/articles/CBMiswFBVV95cUxOb016cE0zMTR4M1Q4dl9uQ0J2WjdQdFcycGsyWWlyblVfc3dRekhVdVJoZmFuRUUzaktOczVwOThPcG5LSlRTZzNXbDR4MUVoY1pNRXRlNDVpRVVWcTh6WG9IYXdpNnM0SWZFMTF5d3U5emIzUmlxVEdwZlBzelNiQmM2akgzOW5GQ3YtLW1QNE9mRXFoQUEtUGlnSjVMenhIcGVzUkFJY2J5V2xpU0hvT3JkQQ?oc=5&hl=en-US&gl=US&ceid=US:en,The Guardian,0.3612
How a 'concrete floor' could get more women into power - BBC,2018-06-05 07:00:00,https://news.google.com/rss/articles/CBMiU0FVX3lxTE1WcTlJbmhGZklOT2U2N1UtMEEzRVZiUWhwUWFqak9ZbTBpX0RqZmhaM0V2cjc4T21SaEFDOGg4Vm9pRXNzR3hkZ2NOTUk3UXBHRUNN0gFYQVVfeXFMT1hZdi0yNkxQQ1pMODJTa19KQ3loZTYteVhDdTByaGhLc1ZRelZ6WGdhMlQ5SzBYc1BlWjc1ZG1OVDJzZ2NYZ091VVRwaHNKbTdCbmdSc1NKZA?oc=5&hl=en-US&gl=US&ceid=US:en,BBC,0.0
June 2018 Current Events: World News - InfoPlease,2018-06-02 07:00:00,https://news.google.com/rss/articles/CBMiigFBVV95cUxNbDI5cENzZTd1U1I3QnIydTRqeEJNTTdXVlVfQUJnOHdiSm8wblU5Z0N1OEFNYWJaTHVUTm1GVlN6cm03d2J5UHFCYXMzSXVKRmxVWEgweGdDdkdPOFBMSktWZExLZ1ZUREgzX28wZzZSSlRSVWV0eVJNTF9ud1JGTkJpRzdIRGJLeHc?oc=5&hl=en-US&gl=US&ceid=US:en,InfoPlease,0.0
Looking back: World Cup - The Guardian,2018-06-29 07:00:00,https://news.google.com/rss/articles/CBMidkFVX3lxTE54Z1p2bG1tQlI4dWZoeVdVRGFKekEwQmFjYUFQSDVzS2VhMlk0RjZCQ1hfbVpKODMtdzAzVmhacVR2MzBLdXJLa2h5WC1CZXVHZk00SkFTTGM5d0tEcXQ2aW5sNmsxR0VpVGlkNVhwTzFiM2dIZFE?oc=5&hl=en-US&gl=US&ceid=US:en,The Guardian,0.0
What is depression and why is it rising? - The Guardian,2018-06-04 07:00:00,https://news.google.com/rss/articles/CBMijAFBVV95cUxPVkM4bllwdm9jd0g4YkEtUGkxVDg2OTlmZUE3bXd2a3h1YlF1a3Rud0VxQW5ZMndGdkpXUW9qVkNNeVlxdkhPMWtDYllBeElfYTlWY0N4TkRUSTFNU2hlZXpxcjNRZi12UFVScGlHaGFhRjZLNVgzYWxJM0k1ZFl5azJlT2tIbXp1OTJUWQ?oc=5&hl=en-US&gl=US&ceid=US:en,The Guardian,-0.5719
Who is Donald Trump's 'brilliant genius' nuclear Uncle John? - BBC,2018-06-13 07:00:00,https://news.google.com/rss/articles/CBMiYEFVX3lxTFBhb29DNWVTQzNmQW83MFhmOG5ocnBQNk9JSU1OcEluQWkxZjM3UmVieGlBNVdNa3dWMGxHWmNSR2FVY2hyQThvcF9VX1czMUQyOEFxNFNqUE9CTXAxNTJZQ9IBZkFVX3lxTFBHaWI4VFlhckNETlNyYmJGYXlxeUhTN1JKRjF0SDN3NHNzSWR1dDhXUEhiRjBZWFU1OWVaRVFDSS0ta0FjMTBjOVNXWk9xNlBmWWJYMllLbHhrcjRieFRTREtFVGRiQQ?oc=5&hl=en-US&gl=US&ceid=US:en,BBC,0.5859
"Donald Trump, A 2-Year-Old Immigrant Girl. See TIME's Hard-Hitting Cover - NDTV",2018-06-21 07:00:00,https://news.google.com/rss/articles/CBMirgFBVV95cUxOQmtEZEI0SFVVNmw1ZkphM0NnMnhrS0VrVnNndGFmT2ZVWlhRTWtNcHd5Mmo3b1B2bDhCWjJnbngxUGZFeTFINXExWnNtYm1nSkpIemtuTlQtcVhQb1R5YlJtQmtNanA5RGcxMjhBUHpmR1BrYVY4Y3BsN0JaVVNQS2tPanlqZU1ORXc2U3RwTHpZUEcxUF9DYllMU2t2T2N1UXl2T21SS0t4enZZRmc?oc=5&hl=en-US&gl=US&ceid=US:en,NDTV,0.0
Equinor has installed Batwind - the world’s first battery for offshore wind - Equinor,2018-06-27 07:00:00,https://news.google.com/rss/articles/CBMigwFBVV95cUxOQ1hCZnh0TVVjMEo1dHZWMlBuTzh0WVQzcHNrSTItMzNFaVZoSlg1UEJaSl9MdmFWMnJPaUw3SUxxaWloSW81VWY1a1Q4ZFVCYWN1WlNUTWRjTjJEeEtnWm9jbVh2RnRtZXpDcDNySkwtNWZNY0w5VGdLUm0tZENpQTJiRQ?oc=5&hl=en-US&gl=US&ceid=US:en,Equinor,0.0
"""World Is A Better Place Without Her"": Family's Obituary To Their Mother - NDTV",2018-06-06 07:00:00,https://news.google.com/rss/articles/CBMixwFBVV95cUxPVzZrVHBsQlN6TEMtSjRObElybElmMHV0UlpUNzBYX0RmcWNFU2U3N1BjX1JjOWhfUzdSc1hDSmpCZ0ZBYjlCZ2dROTFRQ29MM0VrTDc5Y0R2alRVY2VFb3ZEblB6dXNQR1BpcXNadUxmRTRxcW5NOHl2a0c1OFMtM2dOcWw2WDRJamlRTENOMGhZVkpLSDFRaW9Bd3p4SE40ZUdoLVFOM0RZNWpXb196V2I0eGV2Y1p0TldjYUk4cERtSzQtUTUw?oc=5&hl=en-US&gl=US&ceid=US:en,NDTV,0.4404
French President Emmanuel Macron Says Calls With Donald Trump Like Sausages: Better Not Know What's Inside - NDTV,2018-06-06 07:00:00,https://news.google.com/rss/articles/CBMi1wFBVV95cUxNT0lmeDllMGhWTUlKdWhJMVV0UjNBd0hIN09jWkIxU2lJUTBvSWd4ZVl2M2dkbG50UU5LUmU2dVBjanZ5MUhzREJoX3hWNXVuTjBhUktLWnktZlN1WU80Z0hmbVZsaVVMUWc4VmVlMk1WSEN4TnZhVHZsZXFNQ3ZEWEFzQ1cycDNVdlh3d3gyRVRPR2w5MXZiM0NIaHpaV2FBekIta3VfaVJoaktwMktibVlnMUx0R2VQT1c4Z1dRdk9wd25VY0xiM09tZ191WUt6QUVJWVc1WQ?oc=5&hl=en-US&gl=US&ceid=US:en,NDTV,0.6597
New York City's 49th LGBT pride march – in pictures - The Guardian,2018-06-24 07:00:00,https://news.google.com/rss/articles/CBMipAFBVV95cUxQOGQ0UVFYY3dsaTdVTVYtTWd2SjFTNDBza1NVTy1CSTdSLWtsdldIY19KV2dYdjhrcFdUekJCUFA3ZlF4Tm9KZmhCNDdpNXhLLVZWR3l6dExldHpVSEJFVkgwZDhoQTNOYWJSTEhtdElDUy1kSzFtMGwzcFdiZjNXcjl4bnhDZmVWMXFXdTBlUTBJS1hpbnk0Q3JJSFlWeEZVeHdqdQ?oc=5&hl=en-US&gl=US&ceid=US:en,The Guardian,0.34
'Facelift or near death': Trump attacks Melania rumours - Sky News,2018-06-06 07:00:00,https://news.google.com/rss/articles/CBMitgFBVV95cUxNc1hSUDZFQ2pxT08xWXFaMlVZTDBDWVFWcldDQzVaNkFQQjY0c0NSVUNUazV3NUZ4WU5Cb1VTcVpUc05nM1lrNkJjeW1QLUloRHdzbDlFekI4NVIwdWFucDJ1cE5qUW5jTG5WaWp4QXI2Rkp4SGZ4b044VUkxenppMXFLbm9QZmZ0MGw1MkxYMEY3eE9nRk16TldvMU5xd25XcWZWRloyYURNc3pQRW8yT0Z1UjFyQQ?oc=5&hl=en-US&gl=US&ceid=US:en,Sky News,-0.4404
The great firewall of China: Xi Jinping’s internet shutdown - The Guardian,2018-06-29 07:00:00,https://news.google.com/rss/articles/CBMipAFBVV95cUxPSlhPZVdFT0IwU1FYQXFqSHJHbUhrdUxVQVdMSHFaLTBWNWF2b3R5YXlVa2s4aEtPMGZJVldZNmVzSjd0VnRUZktWUUtzUmt0dFRZRlNKZm04U015RXI5aFRHSnJiempTWk16Nml4SUM5d3Z6cjBMLXRLNE1WTmNYM2l3d2I4MnFOZ3dFUTVrS2QxMzhjWHVWZEhVMFJqNDhJR1lnSQ?oc=5&hl=en-US&gl=US&ceid=US:en,The Guardian,0.6249
G7 summit: a weekend of international diplomacy - in pictures - The Guardian,2018-06-11 07:00:00,https://news.google.com/rss/articles/CBMisgFBVV95cUxQRmZubi1UODF3anRrZm5pUnBNRkFQeTRLdk8wV1JqZ20yLVplaDJCZ1ItVGVmZkt2OTRoMUJUN2Y2djJ1ZGhmQXpyNkNaZ21fN0luTWtLT3JDS0FpV0drNDNUMjBxVG53X1N3a25KdEthNXdpSHBiUVZEaThvNGdsaW9YcnNOa0o2YkVWTUZtMDVwWXBhbV91VGlaS2FNdlBjMmRuWk1nTGtRX2tRbWRLTWhB?oc=5&hl=en-US&gl=US&ceid=US:en,The Guardian,0.0
"Donald Trump, Kim Jong-Un’s historic Singapore handshake - The Indian Express",2018-06-12 07:00:00,https://news.google.com/rss/articles/CBMiqwFBVV95cUxNdGVJY0JvaVBSdElPeG9xRjc3TG15ckh5alI0X3NLZVNwaVNjRmYwdGx4U1pjSEFRU1dMbEtWZHg4OHQ4aUxzbzkwUXcxZ0dPT0p6c1hZb1lidmU0OWNZQ3dUeEJxZjdVME5zbS1KbmR5UzdjNzR3RnVZZi1QRURZV3lLZTM4TDB6NEJaaWFKUmVHVFJheG0wRzZnVTU3M3g3NUlsQlY0N1VaMzjSAbIBQVVfeXFMUFYybzVJNlIwRDQ3ZktmTC1tUGxaYlc0TkhuZFNBdEUtc2V1aVJhUTBicEl1X2wyMjZ1bnhWLUxYYllfQTV5SV9yWnVoRkRVMWh1aHlYSXpiTlA1dk9LMWJwdDNhY3RxRW5xcjlqT3V2cjhWMnBVd0doNl93ckJkV2d3QU1aWWI4Mkd4Y01SejFEVnZkS1NIWENYNjZWZnEyYURGZDdndUk2M3hkMlh5cHpBdw?oc=5&hl=en-US&gl=US&ceid=US:en,The Indian Express,0.0
Melania Trump Appears Before Cameras For The First Time In Nearly A Month - NDTV,2018-06-07 07:00:00,https://news.google.com/rss/articles/CBMiswFBVV95cUxOX0poY1ZOYzlqVXAyN2ZLLUE4eC1BZzJHbFF6cWtwdWJDazcta0dzTmUxVXNaNy11VGh2SUVndGt1dW8ycEMyYTRTQVVNUUwzeWctZHRJUDFsOEhuNHYySUxuSmZJQjE4aG5BcmdfbjZfZWhib1huenBaa21Cck1CSV9iUnRQZ1p3TWpuZjNiSWVLaU9KYXhxM1daMmZ2dDFOd2VKd2hybE45Rzl3Vmh0Wm9sbw?oc=5&hl=en-US&gl=US&ceid=US:en,NDTV,0.0
"The world is being ‘swamped’ by harmful plastic waste says UN chief, marking Environment Day - UN News",2018-06-05 07:00:00,https://news.google.com/rss/articles/CBMiV0FVX3lxTE9temVSWDh4dzdjR214TVA5YmhRZkVDY1ljQkRKUWRySGZGdmcyYzAwY21RUFp6ODFMazBFNmJxMWZjeC1mNnRZZXZzNWpmWk1oRjVsQ21nTQ?oc=5&hl=en-US&gl=US&ceid=US:en,UN News,-0.4215
Riek Machar: South Sudan warlord turned peacemaker? - BBC,2018-06-21 07:00:00,https://news.google.com/rss/articles/CBMiWkFVX3lxTE9GcTlPMExmemVleVlybmM4dmdFeGoxSnZ4WEJTbzhTVkFTUnZ0eEhDcFRKdnhFRDBuN1pRZHBFaHpJR1lNWWJGeHcwZksyYlQwUTlTYjVqdy1ud9IBX0FVX3lxTE1xMGZkdzY4azYyd2JJdVlmaU40b1gzYnZVdTNwc0dDSkpMeW1yczNMcXROLXFKcldnTGZ6cjFDX3NXVHFTTEVwTGV4VlJEbzFaTmVzcnNNNlgzRjAzNUhv?oc=5&hl=en-US&gl=US&ceid=US:en,BBC,0.4588
"Swimming World Presents ""Lessons with the Legends: Jack Simon"" - Swimming World",2018-06-08 07:00:00,https://news.google.com/rss/articles/CBMipgFBVV95cUxOcGptNjRSN0Q5Yy1wRXFaZ3Y1djBLZ2hUZDEyVjR6WXdiWnE3MUVaRnV6OVhPRXE4ZUZyN2czS21TTEh2YUVMV3EyVGVqYkRzblNuTUNrVkFLWGZIOVJmZVZZS0ppbmhoTWs3U2V5cTEyMzBzMmZ2QTJMWFkxSHFFdXVxVkFMeUJuZG44OEc3b3ZNeWduSWJXdUpUNVk5QnUzNkI0aU5n?oc=5&hl=en-US&gl=US&ceid=US:en,Swimming World,0.0
Donald Trump Jr. Is Dating Fox News Host? It Comes From His Wife - NDTV,2018-06-15 07:00:00,https://news.google.com/rss/articles/CBMipAFBVV95cUxObS1fRy0xUFItM2pTa1F3VVBHMHQzMzFfSUtobkJKQldHa3YwUW5lYjN3ZlZLRzZoM3hnRzBOZHByeGplVFU2R3ZFNEkwSDZuS2x5TGJqYUpFTVNxQmw1Z2dVX2tHQTVzR3c2VUFUN21TT3BRRkhaTU4tVnpHUUE2bEI3Z2U3Z0twRUN2aU5xWXh3di03alBIaFF0WlFrdGtVNEpQQg?oc=5&hl=en-US&gl=US&ceid=US:en,NDTV,0.0
Dog Trackers: Bringing Rhinos Back - God's World News,2018-06-20 07:00:00,https://news.google.com/rss/articles/CBMidEFVX3lxTFA4UFl4RzR5Y2V2aXVYanFhSExTY2JqZk10d3J6cEtSLVUxN1h2RW1JTXJKd18tOHhoZGtnVV9CeUtyZ0NiOE9ZSEpzdnJIdjU3d3lSOFVNcF9BTHQ5U0ZEYnhwU3dDdkhaWUlhOHFNTlJWajUz?oc=5&hl=en-US&gl=US&ceid=US:en,God's World News,0.0
Israeli PM Netanyahu's wife charged with fraud - Sky News,2018-06-21 07:00:00,https://news.google.com/rss/articles/CBMiiAFBVV95cUxNbWpSSTl1WGowRDBTNTF1MnJ2ZFl4MXJjWTNwZm5oMTZOVVdfZ2s1TWcyVW9WTFN4Z09ERHU2WnpjMGxWTUV0WmE1dVFvMWhFanpfVjNRd2RHZmVJODBUM2xhWWtpWFZ0OGdoVjdka01JRTBBOW05a3gtSU1HdFRzdTF6LVptSk1O?oc=5&hl=en-US&gl=US&ceid=US:en,Sky News,-0.6808
Historical Florentine football – in pictures - The Guardian,2018-06-25 07:00:00,https://news.google.com/rss/articles/CBMinAFBVV95cUxPaUFBeDFPTjcxVTBvdjFNbUNieExqdU5rdHRlZ0xpbUpfWEpPdlRmSzBjYXp6QUMycFdSbGR2RjNIUnFhZ3AtZ3pDWDNkcmFlaHRUNmhFUVQ4TXE2ZTF6bW9hV25PazZ5VU1DeUxxMExzd0tUb0lZV2g0OEdqUkZSdG1jY0dpV05weVVMVnNIWDhxZXlseVFXbWpUMXU?oc=5&hl=en-US&gl=US&ceid=US:en,The Guardian,0.0
The best photos from Kim and Trump's Singapore summit - The Guardian,2018-06-11 07:00:00,https://news.google.com/rss/articles/CBMingFBVV95cUxQNENNWHllclJDZUlzYnpCSkhHdG10VTNtbm5kVGt2SXNNZF95MjJBd0NDNnoxQ3NJSzVDMDBSdGVaZWJLbloxVXJ2NTNhcE1GU3J4ZmVoVW1rWEtvZFJ3dG9XUVpVRE5TSnpGampuYkVuTElpc0dsQmdnYnFNVkstNnR0MDNvVFgyYm1tSFBzUW9GaUVvRGFNZlZpVlNMZw?oc=5&hl=en-US&gl=US&ceid=US:en,The Guardian,0.6369
Peace has come to Colombia but poverty remains – in pictures - The Guardian,2018-06-16 07:00:00,https://news.google.com/rss/articles/CBMilwFBVV95cUxNRUNiS0lBSGlsR1AtZjBZZFg5LXpFcUFsMTVGM2g4OWxnMU56V2J2UFF4QUVFYjZlMnFHTGNpdUFUOXVDMHRocVFlUGlQS2FiSEp2MmNTZTlGY2pNR3VkdWhMT25GYUFWVFJULWlaNUVYOHZsbjg3V3ltYS0zdEJvbGtHVTZMNDgzQUQtSkFHTUdxSm9QdGdR?oc=5&hl=en-US&gl=US&ceid=US:en,The Guardian,-0.4939
São Paulo's gay pride parade – in pictures | World news - The Guardian,2018-06-03 07:00:00,https://news.google.com/rss/articles/CBMimAFBVV95cUxOWEwxUU5Pcm9zblVTQnNqVVRiUlZTTzNLdE1nMkl4MkgzSVJDa2Z1cloxV3JYd1pXVVBEUDA3NHV6MlpXSjJTYlRRWkc4MVpsckdnaXM3VmF6eHhZb19TbTVoWHFIbnQ3QnRvRk5JMjdxSTJzSjVSMmE3cTlaUFlKeXF2Y1BpVnJ6Z3pyT1dCTkVOMjBiYU4yZQ?oc=5&hl=en-US&gl=US&ceid=US:en,The Guardian,0.34
"""Would Like To See Pakistan Bring Taliban To Negotiating Table,"" Says US - NDTV",2018-06-21 07:00:00,https://news.google.com/rss/articles/CBMirgFBVV95cUxPclJibkxIeE1laDZ5c3BLR0FqT29EcnFUY2RBVl9UT0dsOExrbVU1Vm9hYi1rVGVjdW9BTkVWeTF0Nl90MDBZZlpJSFJwS3lObWdUdEZvVVRDSFZxYWhiX1owdDNvazRDM1RXUGJMQmFpZzBDUWlES1N6QURKU0tqQkZYUGJyRUpIYWt6REYyY0w2UHp6Z1ZXdEZoLXRjTmN4MVgtSVFaNjVBWkRTNmc?oc=5&hl=en-US&gl=US&ceid=US:en,NDTV,0.3612
Trump and Kim - BBC,2018-06-07 07:00:00,https://news.google.com/rss/articles/CBMia0FVX3lxTE95OGZmNG1nOE0yeVdybzE3SDNYNi1lRFJfUXYyLVVIVmRWR3FCT0NGd01OdE8zdG9tZ0J5bnY3T2N4QVZ6ODhZenJuRmUwY1MyYTk0TFNqdGhtWUhjT3p6R0dxX1VOaVJhLTdz?oc=5&hl=en-US&gl=US&ceid=US:en,BBC,0.0
How Russia won the World Cup - The Guardian,2018-06-14 07:00:00,https://news.google.com/rss/articles/CBMifkFVX3lxTFBkUlAxMElwU1FDbmZwb3ZNU0JIbG1DZTE3UmpIY1BtV1h2Q09BTmZJNE50dGlILWh2Y3VfUmE2TW4zQTh3OVJZR1hwVTJJR3NmVGlDNlYtamg2Y1Zrb3htUURvdU9wNkZxT2VtMjF1ZVRwWXB6QmpPeWtOSFZmUQ?oc=5&hl=en-US&gl=US&ceid=US:en,The Guardian,0.5719
Guatemala's Fuego volcano erupts – in pictures - The Guardian,2018-06-04 07:00:00,https://news.google.com/rss/articles/CBMingFBVV95cUxPUDYyc2szTEY5MzdPeXdxY3g3S3FVUUFQRmRfUkpEalZ3aldrZEl0LUh5bVliek9na1dPekFrME1XVThiaG55aWN1WnBBMWZXRlZTQTBGYmljUmc2b2poTFpkeHFVam5nMlpiS2VBS0IzWVVaSDFwZnFLQlc3SFdrdUVFa01ZODRqaVY4azl4aEJNNURJbnp2WGd0VHZ4UQ?oc=5&hl=en-US&gl=US&ceid=US:en,The Guardian,0.0
'Kim Jong-um': the North Korean dictator's doppelgänger - in pictures - The Guardian,2018-06-11 07:00:00,https://news.google.com/rss/articles/CBMisgFBVV95cUxPRS1NU1BNUFJPMWkxTHhCcW53SlZxSm1aR29JQkZQd1RCS3U2ZXItWjhYcFpzX0lqLWhsbEhaT0NjWGhTNEtJNUU1YlJ4WDVBb2dNdEJTY3JCS3pTS3BRRWlBNGFNOEIxM3gzVGNsbEptTmN4WEdkZXdyOVhJV1hzZzJJcDhoZkdKNG5UZzVyYlVFbHlqMFRKU2FWc1hzd09UYVI2clFYVFJSSE5HdXhaQXBn?oc=5&hl=en-US&gl=US&ceid=US:en,The Guardian,0.0
"Kim, Trump agree on denuclearisation, but deal seen as symbolic - Hindustan Times",2018-06-12 07:00:00,https://news.google.com/rss/articles/CBMi6AFBVV95cUxQYmRlRUxVUG1tMjFwaXI4RW00dXVtN0xCSFZ3bzFHZUx0LWF2QTdzUEExTmdjV252OUFkUnlLb2xKZHZ6Ti1iSUlwc1FpbjQyLUxvcXoyS2d5bjVZM0FtWXY3WWthOG1zcHRPUXR0UVBiZ2J4UlhVeGJrcmxMRXR6MjNBaEZQcTU3ZU1meWo0X2pWSl9ocC1VMjZZdVE1WmV2YzZ5Q1pGWDRtMm82MHRwM09fRXdxQ1MxcFkyQXBzTVpBQUNnLWhIZzVDajhRemg1WGpXc3RCVV90cE4zSlVsWVNHWGt5SnNw0gHuAUFVX3lxTE1QaFNuT0lCLWtLb21Ec1NVTlJOb1pRdFRwMjBjMW14MTZPVGF1bkUyaXY0cEZDR0Z2MDc1UnZCZUFrUjNyd3JLZnBXQ0l1V3k4UFV3VGFTSHJkOXpVRXRoQ1dXeWtwalR1R2JLaEJoUTlfSHJCcGNEWmV0dHBqZFVMaWNWYzlZZXQ0SDVHNWxfWFhoQkNDeTh5ZzVwNnowNlJ4UEpDc3FSREFXUVJtQmZRY2M5bTlyR3cxTnQ1eEJvTUxUYTI5WHZjYUZ5SE8xU29PUFkzX2RmblpaODE4ejkyTFlDTy1wc3FZZTF1Z0E?oc=5&hl=en-US&gl=US&ceid=US:en,Hindustan Times,0.1901
Are men getting dumber? Take the IQ test - Sky News,2018-06-12 07:00:00,https://news.google.com/rss/articles/CBMikAFBVV95cUxPeVVRTm1MMFQ3R1dMZkdmR096b1l6bEdqYzlMQVVxR2F3c2FxOW1lcjBCbk5WY20tdGlRRE41anU1LXdKVEJZYXQ3Ti1lUVlvWWdRTGxUUjZPNVB6V2xZMkh0d2dBUy1BR19WdFhuRDNfYmE2VHVkVXdpYTBLQTBUY2JxZlNaSk5YSm5hSVNqVlo?oc=5&hl=en-US&gl=US&ceid=US:en,Sky News,-0.3612
"A Version Of Melania Trump's ""Don't Care"" Jacket On Sale. There's A Catch - NDTV",2018-06-23 07:00:00,https://news.google.com/rss/articles/CBMiqwFBVV95cUxNbExwcWJvdzdmWUNoTUpzSGNrcUNGLUlvdjdxY25zdS1tdU40WFdOTjBxRFVTSEFvMVZSbTJxVTVFSlhWT2Z2NWMyRGRuTFNOcHQ5VDhGcGZpajlyVC03V1gweVA3a1pSZWFpV0ZtT3N1YU9nZU1YSDJnb2swTERwRmdNU1ZXRTBXZGlsOTVyU2FCYnBOOXFrNlRnNTNFVURXdjc0Sms5emtfdDQ?oc=5&hl=en-US&gl=US&ceid=US:en,NDTV,-0.3875
Trump leaves G7 early for Kim Jong Un summit - Sky News,2018-06-09 07:00:00,https://news.google.com/rss/articles/CBMikgFBVV95cUxObHpYVlhJaWhydVRUazZFVlIyNnMwWC1INkdMSDREQW1kQnNhZmJaQlAwX2ZtMXZobUtXdGVIRnYyTWxGbWtjNTg3aHpjeWNFRnpkNGxkZEtuQ2lJVEVtOEVKZVcyRF9XdGxKRGdyZVVCLWEyVWU4Z0JOOGxxcXhENEhUeEI0d0ZweUZ5T19YOXBuQQ?oc=5&hl=en-US&gl=US&ceid=US:en,Sky News,0.0
Call Any Time: Trump Says He Gave North Korea's Kim Jong Direct Number - NDTV,2018-06-16 07:00:00,https://news.google.com/rss/articles/CBMiugFBVV95cUxPX0d6b3B3R0RLckhaTmZaemVkUzQ2Y25BN0JzXzVqT2tTTXkyOEFRRlJzaHNUVlVSNW5GZWFLMk1TeFhUa1h6Rk9jdERxUEo3MEFoeUtSNWxVWFdFQk15OVdiU1ZLR3BIbEVsQzNVQm41S2czcEJHVEFfMF92V0ZvcXhENUVqTXlSRV82ZWdkNW1NdHNTb3VzdWJhLUdxVFJ3U09lTXdETXpJbTd6ZzZOdWNiT3hYb2I5VUE?oc=5&hl=en-US&gl=US&ceid=US:en,NDTV,0.0772
Peru’s Rainbow Mountain - God's World News,2018-06-20 07:00:00,https://news.google.com/rss/articles/CBMiZkFVX3lxTE8xbTJzWnREN2xTX0ptbWRfRlZXMDdrSThrNk14SnJGM3FLcWl3T0trVF9FcFROM29Yc2lrX1RpdDZSd2VDU1I3dHF4UUxkSFlaRGZvd2V4dEZUZmVFOFVtdVUwSzJlZw?oc=5&hl=en-US&gl=US&ceid=US:en,God's World News,0.0
"Firefighters accused of making porn at firehouse, suspended - Las Vegas Review-Journal",2018-06-20 07:00:00,https://news.google.com/rss/articles/CBMisAFBVV95cUxQZFNtSDk4dWZjdEYwNm90YU13ZFhSSENqU01PT1dIbGdCQ1I4blZwMnJCd3JpTzF2YjRqaWVya1VRNXNIYVZveGlONURRN1VhZ0tXdTlLeTZEQ2k1X2I4Q0hzZXhzZmR3SkVkaFFIdE9vRFg5Nmh5cXZkckxjOW8yR0dwVVU3MXNCbE9yYmFkMW5DeFpsSEtETVJoMTQ4ajVDc0cxN0lmY1VrTWdkUlpRbNIBtgFBVV95cUxObjBpSnRqUTdDUjVCTFZSSzhhSEFFMzlJTlhCSGtsT0RmN1hqY1MydTY4MGZDSUZfeF9LMTktT3NST3ViLW5XRFg4WHhsTzBEaTc4eWRkaFJKOHZKVU5fbVNPZTJTSlRaVmRoUHpmdEFGT1RfcnNmSnp1QVNZRld3NDZXT0tzbTlmVEhRZGx3U3BCMEFScXVXZXlnZEFMUF9ucGpFWTl0V2hDY0ZoUXBSZFBpTXZSQQ?oc=5&hl=en-US&gl=US&ceid=US:en,Las Vegas Review-Journal,-0.6486
Second Spanish church falls prey to well-intentioned restorer | Spain - The Guardian,2018-06-26 07:00:00,https://news.google.com/rss/articles/CBMi2AFBVV95cUxNWDZubHhKaEE1RER2UEY4UDkwZjBlc0tYQUN4Mk5RTXkyNG4xM2xIU0pLbnNvQmdXRTBLRnNpVHFyZUR6a0U4bVozaE1FUnpkMkhMS18wYVZYRXl4NS11TnE3N0NfM3ByX0ZjOWp4U3V5MFdlaFdOaGVnZzYyZW5fM21HR2htQVMwQ29WQjFjYXpyNUtZRDVZTFdPSkVBTHJaSTBQZXR2NTZUaHRadVFGMWROYTJPc25pVE5wZ3VsdkF4eGtqbktqUU1kbUNiNVhFTFoxOU9UUG0?oc=5&hl=en-US&gl=US&ceid=US:en,The Guardian,0.0
Expert Reaction: Hosting the 2018 FIFA World Cup - University of York,2018-06-18 07:00:00,https://news.google.com/rss/articles/CBMipAFBVV95cUxNNjkwMS1FSVhuWmVuMDJpSHB4d0dfeVhQWjNuWWF1MWR1bEJQU3NGRXpFc2plS2d2WEtJQ2dCWk53QWR6NDQ0VUo2SGNhUlRRWEZLMWVxeEZ2enpQWXQwM0tDLVFvQ3VJekNadkZ5bENPdnNrQnBlbWtVV1NQUEVuQlBqRTE4OXZmbjhrUkd5ZC1BZEVhNVk3ZUR1ZnBwdk1NVkx5NQ?oc=5&hl=en-US&gl=US&ceid=US:en,University of York,0.0
Trump sides with Russia against FBI at Helsinki summit - BBC,2018-07-16 07:00:00,https://news.google.com/rss/articles/CBMiWkFVX3lxTE4xNGxiMVptNkdYR2ozVi1iWDBWUWkxaVNOVGZUZEVBa3Q0QnlYbVl6WlRuenNRbzlQMmc5RGFrNXV1c09jak5fcExuVmpVdEVjOUIzaTFlaW9xZ9IBX0FVX3lxTE5qT1pfb2dGMXNaSU5GZktaelRybzZVV3dUTmNKX1JSaVdCQ1FhYkpFV2JtTEJFQkVFUW1Nb2dBMkxJMkZSTHVnTGZpOE9hWXMyczl6VnE5TVZHM1FEUkRj?oc=5&hl=en-US&gl=US&ceid=US:en,BBC,0.0
Ministry ends hundreds of Sino-foreign HE partnerships - University World News,2018-07-06 07:00:00,https://news.google.com/rss/articles/CBMid0FVX3lxTFBUTXdzZFYtWGtYeENhWUVNWHJ3b3BsZXNDNld2NEp4THRPT0gxcTljY2VVRWVqNnN5Zm9GNENpbFN4eWgtdW5YMmZldVJMSGI2c2VxUlVSUEVvX0xYRGZHMEJwXzhoVmNIcEFJVGhwZ0JReGZNMmhv?oc=5&hl=en-US&gl=US&ceid=US:en,University World News,0.0
Low quality healthcare is increasing the burden of illness and health costs globally - World Health Organization (WHO),2018-07-05 07:00:00,https://news.google.com/rss/articles/CBMiwwFBVV95cUxOaEVhR2xwRkJ5cUhLQkdJRXE4dEQ4WlFxakJfVy1MT3I1MUNaQ1RPUlJVaEpmd3o0R1pmc1lRTklDcDZKOEs5WlYybnZXYkVBRUlBaTBZXy04NlZ4Z3UzYVpQS2M0UTRhSzZfXzNzR09YaDRocTQ0MG05dTZCMzhCQ0dDREVOMTRjUUpXa0xvUWlnQzczR0VKSzg4UTlEOW80U01lYXd3TmlmN2xPM3VMaDJ0dEdZNV9VUW9iN1FxTzNzNWs?oc=5&hl=en-US&gl=US&ceid=US:en,World Health Organization (WHO),-0.7717
‘ABC World News Tonight’ gets video wall upgrade - NewscastStudio,2018-07-09 07:00:00,https://news.google.com/rss/articles/CBMiggFBVV95cUxQQVhOdnVBTnAySDlZZWhnN0wtM2VRQkZZYlFTVDlwM2s0bjBSbVVjRjlDbU1vMVRCdklXVDh5Tkw1eldjckZDU09ocy1Jc2JpUzl6WHdvRXUtWW40bzF1N0x2bDNrTXllZktxWTZ4V1dDUldYb3dxQ1NRWFFldU9waFJ3?oc=5&hl=en-US&gl=US&ceid=US:en,NewscastStudio,0.0
Russia’s bloody World Cup - Human Rights Watch,2018-07-13 07:00:00,https://news.google.com/rss/articles/CBMibEFVX3lxTE5GYTF2RW9KaHBFQS04TFJBSl9mS0J2SmpWYXpNRFprWlpYQklMYk5zWkRUUFF2ZXRtbTJYdWdOTXB0U3pyNlhtLTYwVGZqaGp6eV9vU0JxY1lKUFduUE1YLWFVXy1leExaUVk3OQ?oc=5&hl=en-US&gl=US&ceid=US:en,Human Rights Watch,-0.4404
"‘Fake News’ Goes Global as Trump, in Britain, Rips the Press (Published 2018) - The New York Times",2018-07-13 07:00:00,https://news.google.com/rss/articles/CBMie0FVX3lxTE05TXA2UUNNZnUzaGEwdkU1OF9LQjRMZWJLb3VJSTJCZ25CQlA3RmJnQmRkNm0wSGV1MTNXb0dubUJjWGdkQ2FSWlo3YUxqLVJrUk5wcE1kMEExbWs3am16TDJtLXpvTHFJRHlHX29BOERQS1FXVTdNLVFqQQ?oc=5&hl=en-US&gl=US&ceid=US:en,The New York Times,0.0
'Very aggressive': Trump suggests Montenegro could cause world war three - The Guardian,2018-07-18 07:00:00,https://news.google.com/rss/articles/CBMiuAFBVV95cUxOT2h4WXRsQmF4RkpCTG5jUzhZcnFQQjhIUlBoOG1FTjJDazQzNEZuTkVULU9seEFBc3FEcmRZei1ER3pqd2FhdEpVaUlHeU1RTEM0WHBEa3J5VGdHc244b3c3S0dMWGRyMTZ4Z0xueTdfZGRpWlF3N1dSNkI0T3J1UVJITmZfeFZGaUlYYjE5WWVveDRfcklpUEpBc2tPdjdTdlhjWngxSHNPYkUyQTlUSjBYVGZ5ckNi?oc=5&hl=en-US&gl=US&ceid=US:en,The Guardian,-0.5994
Crothers’ book examines American culture’s influence on the world - Illinois State University News,2018-07-07 07:00:00,https://news.google.com/rss/articles/CBMimgFBVV95cUxNYmdjQTZNNkloVTJUekRIWVp6SWQ0VE0xVGVzUWNENS1jSEVPT29mYnQ2dkYybWRXUnVXeG51S2lZbEp6clRsUDYyT0lkS1NCRTNHQ1dfQU1kT3AxQTRaTUh3LVc3aE5qWENPZXJ1VWdlOVpQS01YSkswd09CMl9GN2l2UDhGUUJONzBhOE52UVNacVpuNUZWZjlR?oc=5&hl=en-US&gl=US&ceid=US:en,Illinois State University News,0.0
The world’s largest medical city is ready for the storm - TMC Houston,2018-07-31 07:00:00,https://news.google.com/rss/articles/CBMikgFBVV95cUxPWkJGMmVNMklUeUFBd1RyWjk1dXlVaXRINy1PNjdXOFRNeHRZQ043dHhScmFnTVdGNF9ERnRPQmIxemhPREVNa1FkMXFyVER2SFRKR20xbGIxQ1JvZWtteDFzYTgzX0V1MFhCUVlkUlZZUVlkUkU3M1FFalVoMUFvcmoyd1hqaDF6MjlWWkcxTEdtdw?oc=5&hl=en-US&gl=US&ceid=US:en,TMC Houston,0.3612
"EXCLUSIVE: Under World Cup spotlight, Qataris crack down on LGBT news coverage - ABC News",2018-07-20 07:00:00,https://news.google.com/rss/articles/CBMirgFBVV95cUxOY3Y2MmtPMFRxeFAwajZmd2liWmladnFaTER0Mms3UXBqemtUT2lndC1ORXVNSUxrbUpWRWlfNnBQUWl2dTQtMDMtSmRaSzRGS1NuWUhDUC0xR1h6MGU4QlJxWE9MaWttQUdsWVc0aVdsOHFlSU51WU1NWmpQWTFSdnJ2Uk1TeVk0LTdfWUxJVE1SbWN2dzIyWEhBUzN1bW92NjgwN3JYaDVkSmxVZ0E?oc=5&hl=en-US&gl=US&ceid=US:en,ABC News,0.3034
Krissy Gear ’21 represents U.S. at U20 World Championships - Furman University,2018-07-16 07:00:00,https://news.google.com/rss/articles/CBMijgFBVV95cUxQQl9hQmlJcnJpNWZJN1NTalM1d1lZWmlPU1IxZ09SWmkweXFSZV85eTN2VXcyUzVfX1VzSzVvZ1ctcHV0cWxQb0lCYkl3REUyd1VXMTVmclYxU1lyZU1CRldmM3ROOW41UG9QQ2I0R283RWluR29RZndvNG9pMHZHYkgyaHVCZ19BVjE5OGFB?oc=5&hl=en-US&gl=US&ceid=US:en,Furman University,0.4939
Northeastern hosts Global Leadership Summit in Paris - Northeastern Global News,2018-07-02 07:00:00,https://news.google.com/rss/articles/CBMimgFBVV95cUxQQXdudW1UeFZ6N0ZPME45UTRLb3puNWhKV3N3cjZaSmxUN0VsQ2pvU2pIcW5Xb28tUzF5MUdoVnBlWUhWZVVQaU1aYUQzYzFEUXZScVAxNDNVWnhSRGVZRUpJWUZrQkFHdE8xV2ZHRW96Q3BJbWprQ1d1b1JzeG9obkpPTjlfYlkxeUoxN3ZRTmdNdDhfMHJJTnln?oc=5&hl=en-US&gl=US&ceid=US:en,Northeastern Global News,0.0
Why local US newspapers are sounding the alarm - BBC,2018-07-08 07:00:00,https://news.google.com/rss/articles/CBMiXkFVX3lxTE5tNjVvbVZnQlNuRE9DbERQWWZtRENabUJJQnJYcU1WNWVWcFNyNmhETFFqd2d3ekZ2UEI0TVlrM3FmTlZQdlhaYWFyTnIzVHZNUFNQZ1RPN3VDbTRDb1HSAWNBVV95cUxQcG5aS3FBb2VyTEVWSDY1cV9zOUJyUDA5bmxMUWpoNjRkRFl3RUI3U0hPeHFhMjZTMzRKWDlXZzRSRW5MeUp5UXY2NHUxNGd4U2d0bUhyZ2UwbkVDbThodUhfVGM?oc=5&hl=en-US&gl=US&ceid=US:en,BBC,-0.34
"Russia, Accused of Faking News, Unfurls Its Own ‘Fake News’ Bill (Published 2018) - The New York Times",2018-07-22 07:00:00,https://news.google.com/rss/articles/CBMifkFVX3lxTE8waEZuQTN4eDVrODlzOTRhS0lEZGVNZDlVT2luNERwRGZjandNY0UwcTFxMkpkV0VkT2RINkRFOHRiVVNZa0kzZ0VyUW92cmZnWmFpNWZmVGJkM1RtRjFGTW9hN0JCakJfR2cwOUs2ck1BS3JvN196Qmt1Vlkzdw?oc=5&hl=en-US&gl=US&ceid=US:en,The New York Times,-0.6124
The full story of Thailand’s extraordinary cave rescue - BBC,2018-07-13 07:00:00,https://news.google.com/rss/articles/CBMiV0FVX3lxTE9hNUU0UlZxOWowMlBSTDZzQk1MSVZva2hzZHBENUYxV0J1OUZKdDFPNXRnOVp0NGlsWVJXWE9mcE16cS10djhXYXVuc0RnRWFRMTdFWnBOSdIBXEFVX3lxTE9JS0dGd0U1U1BYX1l4VnByV1kwUGloTm5JRnpJSDBoc1Fud2F6SUtCejNwckJTeUtnNmxfOUlZQmVnb2diTXBtTGxJQ0ttRTRyUFFyZEw2TE8td090?oc=5&hl=en-US&gl=US&ceid=US:en,BBC,0.5106
Donald Trump: European Union is a foe on trade - BBC,2018-07-15 07:00:00,https://news.google.com/rss/articles/CBMiXkFVX3lxTE00a1MyelpKRF9QYU9uMmxra1hiaW1OXzNwZ25xTVZQTXhhVXRZemNrNExON1ljZjI4a3k5MURiWjJxZ1kxR2ZGcDdheGQ1RzRoTXVOWDl2c0pNRDJ0TWfSAWNBVV95cUxNS0tYaXlKekJQb0xJSEoyZ1RzcjNLQ0h6UjJHbllwN3Ftblprbzh3aG1iSlM4NmNzTjI2RHpnUTkza09LcnlKaERrc21mN0MxVV9ZekNqYm1mNFpuT2lkRFloM0U?oc=5&hl=en-US&gl=US&ceid=US:en,BBC,-0.4404
Donald Trump: 'What you're seeing and what you're reading is not what's happening' - BBC,2018-07-25 07:00:00,https://news.google.com/rss/articles/CBMiYkFVX3lxTE9UN0c2NEdTZnNlcS1kcVJ4WWdtVndsM2lkT2I0alRTcDM0MHhVbGdrdU1FYk9RX1ZqTkdmSm1hUmFkX2t5Y2NUdzl5bFRRVmNsX3JsQklTX3VjaUp2OVZXZ3JR?oc=5&hl=en-US&gl=US&ceid=US:en,BBC,0.0
Jewish nation state: Israel approves controversial bill - BBC,2018-07-19 07:00:00,https://news.google.com/rss/articles/CBMiYEFVX3lxTE9hbjAyVDdJN0tld3lJcmJtcEVrenVXbW1lb0FzR1BLbmR1QXZ6ek9ISW1XZUlabmpwYzVpcHNjdmZzVlhWaTBEVmNvNlcwZVJLQzEtRGhLa2FYRW1LNVNFZdIBZkFVX3lxTE5SQkY5Mi1TVEFzTWVNSkZlVmUwYnJZemhBWjZKbkltS3ZiZ3lfX3YwM1lwbjl4Y3ZrWkRIMWlDOUpNMnhWdTE5Z3JvYTBqQXl3b3VJTGQ0d3gzZDlEUDBGUm5BQ3FNZw?oc=5&hl=en-US&gl=US&ceid=US:en,BBC,0.2263
Ethiopia's Abiy and Eritrea's Afwerki declare end of war - BBC,2018-07-09 07:00:00,https://news.google.com/rss/articles/CBMiWkFVX3lxTE5uOElxY2FTaGxlYkxzMlEyTm9DNmhIbFRCT0gyLUVvYWNlZFVEWEdNb05CeHlxM1g0LWlOQ01tOVM2Nk1iV2R0X2dGZmRMNGlyNWFOR2owYXdkZ9IBX0FVX3lxTFBhODZlR0p4MFRLckpfNlFyOWtVek53Z1hOV1NZRmV4MW92Y0ZSUVZKRHJvQUd3RjRNdkFEeDU0M29RMkhkVDBDd3pZVVJnS3dmeDBDZUp4MFZLU3lkRDdV?oc=5&hl=en-US&gl=US&ceid=US:en,BBC,-0.5994
Facebook ruling: German court grants parents rights to dead daughter's account - BBC,2018-07-12 07:00:00,https://news.google.com/rss/articles/CBMiWkFVX3lxTE1JZjJqekVaQ01LT2ZJeVNPUzluUl8wc05ic05vWHUxdVR2eFZ4ajhLbzk5Q1VhX056enk2THc4djFqS09RaXIwYmZuUEctbWEtSnhQT0c5SG1IZ9IBX0FVX3lxTE9UVHcwNlhBSDJyamcwZDlqSlVmRTZ4Q2JGU0lld3NlZEZTcW93U01sb2RnS0ZGbXYzQW1BR3NvS1ByRkt5WHB2RWxPam5qZXpYckh5cWZPNHVQTFYwcmo4?oc=5&hl=en-US&gl=US&ceid=US:en,BBC,-0.5267
Thai cave rescue: How the boys were saved - BBC,2018-07-18 07:00:00,https://news.google.com/rss/articles/CBMiV0FVX3lxTE1QcTkwM2tnR3ZLT09NQzAxUy1aWEhEV1kzcnM4VmRXMllzcVN0cWFVdHdxdGdhRVN6aHpyLWJCQlFNX2VIOVJoXzloaFBWTEpkUE1qdDBNVdIBXEFVX3lxTE5HX2JwSmxRNEpGcDRGQzJpLTRmdnpMU0FhbjZoejNPSGR1Y3N1Z2dyeXZTeVFlaEdValVhdmUwN1A5YVJib1BDM3pDb2FSLUFWclZYQ01XM0pIaDVV?oc=5&hl=en-US&gl=US&ceid=US:en,BBC,0.7269
Why Donald Trump attacks the media - BBC,2018-07-29 07:00:00,https://news.google.com/rss/articles/CBMiXkFVX3lxTE93TE0zUUgxQ0MzMmVIakx4aENWX2NhUU1DNmI0SVFtNzZyWFBLUzJZYUZwdFJPcDlrT3RvWVRtR05nejVWdkRiM0dtcm9oNFZaSmEwOW8yYjdBTENOc3fSAWNBVV95cUxQT2NOMEVYSEo3dWRVNGxmUGxrbVo0d3dSN2lNcjN3RGhHeVdieWpvNFV4WXd5NmlzaV9zQVNkd0F4enlXaHlmUm5rVmJ5eWpIRFZqTkZRZnppVnVYQmlydHJNVEU?oc=5&hl=en-US&gl=US&ceid=US:en,BBC,-0.4404
Featured video: Reshaping the Arab world through science and technology - MIT News,2018-07-27 07:00:00,https://news.google.com/rss/articles/CBMijgFBVV95cUxQUUdYckx5cjRFRjY3ak1sLTJyY2FTQVIyVFlnZjgzeEhsMWlPeV9wWTR4UTlueEE1WnMtTTljZXNUd1A2V3Exc2ppVkhjRHAzR2xGTTg1VEdqQ3Z5SzN0eGlsMkU3a3BDc0tqTGt5QzN4T3p0ZGJ3c2EzWWJ5dzhtb09wVFowRmxEXy1jOC1B?oc=5&hl=en-US&gl=US&ceid=US:en,MIT News,0.0
Pope to attend World Youth Day 2019 in Panama - Vatican News,2018-07-10 07:00:00,https://news.google.com/rss/articles/CBMikgFBVV95cUxQUDBVbmZVU2E2YnJVekdhaGRrWndnS2lWY1pGNWw4MXppaVAtbG96RjZWckxhNnFxeWxOQjNpT1VMZWw1UXk5V09aUkltT0JNV05WelRsYzd5WHZwR0dqSFZFYW5RTy1hWHZqRl90Q3lVaGo5YlFDLWZDS0FqTnBNQnlhWjRscDNMZF8xUHN4YXJVUQ?oc=5&hl=en-US&gl=US&ceid=US:en,Vatican News,0.0
'Billion dollar ransom': Did Qatar pay record sum? - BBC,2018-07-16 07:00:00,https://news.google.com/rss/articles/CBMiYEFVX3lxTE1nbDB2bk5XeE5tUGZNck9UNGV4STRtX2cxMG5EZFdxV3RvZVpfNXN6c2dnTzZLMjVoemJSUWRMQS1xTURYT0lGMDZCd0VscG1SOHBXZ0hiWVc4dXl4LWo1NdIBZkFVX3lxTE1YWEFvc3o0RWRWcHNncFl0SkJUR3FyZFladDI2UjNvOWhkVXRQbmQxdzBONEJucGpPeHhJelVuYV9pZDExSE1Dc2FCNDRqalFIb1MtWWU5clVEdFdUZnVWN2xKRE5Jdw?oc=5&hl=en-US&gl=US&ceid=US:en,BBC,-0.1027
The world's first family to live in a 3D-printed home - BBC,2018-07-05 07:00:00,https://news.google.com/rss/articles/CBMiV0FVX3lxTE9zaGJOTGJ1QjF0Rm85YzhQcXhsX21KWGNjeXZxQThEbzBqM2l3ckVreUZFemxHUEVObWtCbDY0bWFoZHJTVTdrVDI4TEYtaUtRRmlxXzllb9IBXEFVX3lxTE1SOG1jX0xaQ0MxOTJQUGxvM3gtWnhDa1hsMWdkYUpTSXZvS2kwQTFnRmpjbmhNT0Y2WjFYVWpfVk4yQndrUzBsVHpEUC1UUUpIbVdWdWIyR0NNVF91?oc=5&hl=en-US&gl=US&ceid=US:en,BBC,0.0
'Stupid statements' - Trump WW3 jibe stuns Montenegro - BBC,2018-07-18 07:00:00,https://news.google.com/rss/articles/CBMiWkFVX3lxTE5XQnl4SHIydWtCX0w4bkpGLXpXLWFzOUlUblUwUDU0UUtBR0NHbzRKakxnZ3dHM0pTbUhCSGZnV25IZERvMm1PakJtY3lKWVNRd0hDc00telVDUdIBX0FVX3lxTE0yd3dHbzhsTGdkSjNiSk5zVHV1LVlWS09SdENsdnQwa2k2SGdfU2ZDRGRkN0pjSURqQ2thUVd0TEJIQVBYR1FzeTcycVgtZWtOSkp0R0JHZTAtQ3ZPa004?oc=5&hl=en-US&gl=US&ceid=US:en,BBC,-0.5106
"‘Historic moment’ for people on the move, as UN agrees first-ever Global Compact on migration - UN News",2018-07-13 07:00:00,https://news.google.com/rss/articles/CBMiV0FVX3lxTE1nNWxhSTFCVDdxX25tb29DMXVJRGhfYXFzWFBGLUROWHUzbGJ0WVZ6UjFFRmpYY0VLdGp3Z29zRGM4NlJ6MGttNk9sbGxWTElieUFDOEJKdw?oc=5&hl=en-US&gl=US&ceid=US:en,UN News,0.2023
Global heat wave: an epic TV news fail - Bulletin of the Atomic Scientists,2018-07-19 07:00:00,https://news.google.com/rss/articles/CBMiekFVX3lxTE04R08yNS1QVWtXWGxWdmNpNmdwU1BCbXdabU5Oby1fcUpuZkpsRVNtQ21OcTFwYU5aSE1GQnAwRWtoVXR2blJjOE14SzMxc1RUdHc5czVkdk1HTU1aS0Jfb2FZZ094aUlaenRaT2V5alFsQzdZdy1hV2x3?oc=5&hl=en-US&gl=US&ceid=US:en,Bulletin of the Atomic Scientists,-0.5423
Unpacking the debate over person-first vs. identity-first language in the autism community - Northeastern Global News,2018-07-12 07:00:00,https://news.google.com/rss/articles/CBMiywFBVV95cUxPMmNicUQ4T0VYbFdyc0Z1QlZnRDVwR2ZWQzBRZUtoNDctX1JHZzJIWXd4VTJBNXk4SXQ4QTRtWm5MdWJVNzFlTGJFUV9Ia0xBcWZ3S2c3RHNOVlIxeTZGbXM1Wm9MakZUTG1CaXB0TzhjUncyaGd3a2dsRE9oT2NiY0MtTTExNXVyM19RWVhBRkJhbURLSUh5OW43eDcyT05kWjR6eHJZYl9pSGlRekJYa2Z5QWczMmZpbmlwZ0g1SndwQnV2c0lud0pUSQ?oc=5&hl=en-US&gl=US&ceid=US:en,Northeastern Global News,0.0
World Breastfeeding Week 2018 - World Health Organization (WHO),2018-07-31 07:00:00,https://news.google.com/rss/articles/CBMihgFBVV95cUxQcG9fSk5ENmFvVHpnTWgyNEhOdjMtR1JhUGs5VmU1bW5WVUdfRWNDT2dIa2tNS0ZtaktacmpxOTNrNFQzeEZ5TnRhcEpldUVMSkVvb2ZJeGVDQ3g3ZjdMcEJ2QWFvMjVjLWwwN1BVaGdVbEhFOWlpSWlHU3FiVGw0TnR6cVkxUQ?oc=5&hl=en-US&gl=US&ceid=US:en,World Health Organization (WHO),0.0
Italy Wikipedia shuts down in protest at EU copyright law - BBC,2018-07-03 07:00:00,https://news.google.com/rss/articles/CBMiWkFVX3lxTE9VaFBOZ0c1X2pVQ1dqYWkzUHNyMmxZeng2N3ZHNUhtdEdpcmd0SFBmbmxhN3A0MnlpOG9OMlFXbm1LejhjYUtoOHZFczdFOF9jajVGaTdTbWQzUdIBX0FVX3lxTFBXS1hZdFJTWnFpbFdid3M1NVdib1JVNzZ5UWFmdXp2RXBRZV96T21OYnI2cGN5dFpRc0tMYWlPR1dZYlpDLVZOeGlocEdnR2h6V3pxMHdZdUtWYjdfLTB3?oc=5&hl=en-US&gl=US&ceid=US:en,BBC,-0.25
"Trump-Putin summit: After Helsinki, the fallout at home - BBC",2018-07-16 07:00:00,https://news.google.com/rss/articles/CBMiXkFVX3lxTE9BQWcxYjNkS2lxRGQtVzczdHR5THphdUhMbzNLY1pEMGtERkhmb3hjT0hsdm1Ib0dvWnRGR2lTS1FXVW1aYnlVb1JEeWphMVd6ck0zcFdGZXViOHNqeEHSAWNBVV95cUxNcDN3cld3SXdSX1V6RkU3Z01HT3RTYU1zNklRUW8yVVl1M0F4aVZuZzR6bVlBbENaczJRY0UtbHZnNGpNU1pPRk1OSGtVMVZZWXA3S180OU9BZEtBWjFzRkozbUk?oc=5&hl=en-US&gl=US&ceid=US:en,BBC,0.0
Rescue At Thai Cave Ends In Triumph: How The Boys Were Led Out By Divers - NDTV,2018-07-10 07:00:00,https://news.google.com/rss/articles/CBMirAFBVV95cUxPRHdVUVFDbHBuTnQ0WnBwVldja2tnMmZtUkJ1b1lzMFFrNWRQa3BaM05mVkFfbkJ5WFFPOEtSUE1MSFVpVFQ4c0JmbW9PZUNhREcwbGZPbUtraHRYREVHVnJfUThRY0xtQlJYVXRWX0kxWjkwOGI0WmNXZnJFUnBHRHd4NElsd2dBb0RRNllXTTNhT1pjRUF0STE4NHEwVUl5blVIUTBiTFJzZGhO?oc=5&hl=en-US&gl=US&ceid=US:en,NDTV,0.7506
Is your smartphone spying on you? - Northeastern Global News,2018-07-06 07:00:00,https://news.google.com/rss/articles/CBMif0FVX3lxTFAzRmt5Tm8ycXdfVmJIdXcxeFhuVVdpSkUxNkZIaWZVVXpCV2Zsbm9DZzJ6bm1CLW9EcVRZak95RGV1ZWFQUW9CdFpVcFdOV1VQYmp6UUExZzRSTHcyTVRleGpXYV9NNHV3SHV5SWhCSUJHV0hwMGUtMm9DZlJzWjA?oc=5&hl=en-US&gl=US&ceid=US:en,Northeastern Global News,0.0
"Opinion | In a Dark, Endless News Cycle, the World Cup Gave Us Light (Published 2018) - The New York Times",2018-07-16 07:00:00,https://news.google.com/rss/articles/CBMilwFBVV95cUxPUkZlcmg5YUpxZ2s0SlpxLUFULTZBWk5fdTBrazV0b1E0Z1BCalNTVm8tQzNQTk41MWxfT1JNVmVUQV9kbnVwanNTbkdzVUM1RkNNNjZPV0JRa3Rwa0hlNEdqTkNJMm9LbXV0V1RhanlKdjJiSHQyUTg4ZzNKNEZ4SUhnNDhQZWc5WmhWYkJTWm84YzZ3NmlR?oc=5&hl=en-US&gl=US&ceid=US:en,The New York Times,0.0
Prehistoric bake-off: Scientists discover oldest evidence of bread - BBC,2018-07-17 07:00:00,https://news.google.com/rss/articles/CBMiY0FVX3lxTE1TU1l4b2JETnJRREFwQ09xWjhTUWZtMGJPeWdwTlFNOUVVT0twSlpjVVBYbUxLYXNJUlFKYWdIX1FHSmp0XzJiLXVvN3lScnFfRGs5YnhvM3JVc1BJcTZkeEptb9IBaEFVX3lxTE9FZjFvdmExS1NDZzBIQi1pTHItTWp2XzJkd0pvbWlDazRWcWl3b3VsQU5OamE0c2FtWVlDckJRWDNVbWlVWU5zbVQzN05vdmFoMTlpM0ZLb3lxUjRFREx5U19WaFl6Mjhl?oc=5&hl=en-US&gl=US&ceid=US:en,BBC,0.0
Art Industry News: The British Art World Unleashes Its Fury on Donald Trump + Other Stories - Artnet News,2018-07-13 07:00:00,https://news.google.com/rss/articles/CBMifEFVX3lxTE9sZllsV2tXSlh2QkI3ek5CeUgxME9oaFFwQndEZGZsR1ZvT3A2em1TNzhtMWZPQ1hUdVJaYjdlaUItRkcyNTI5Ym5lSHd6dG50elNFNEdZS29YSGVmSy0tQ3JHeVJHVGlYeEwyczd6OFFyMTRqaUM4SXEyd2PSAYQBQVVfeXFMT3RRSjRxZjBRMkROVDJ4cF9rSGZUVFlVYVpfdzI4ZzZ0ZUtYc0JhY1gyeDg1WHR1S24tSkJ5dFh5TUVfQk44eFdhX3Z4c1BLZEg1VDVwMTlwN25JaEMxLXJ1bVBYVTFYbnlNeG5qbFItZm1paUFTRDR1TnhsMmN0MkhBN2dQ?oc=5&hl=en-US&gl=US&ceid=US:en,Artnet News,-0.5719
David Muir Is on the Move - Nexttv,2018-07-30 07:00:00,https://news.google.com/rss/articles/CBMiY0FVX3lxTE9sNHpzYmx2X1d6QmxkQ2tnLXdVV2F5c19ENE9ia0w5YURSQUlKMWF4S3lsQkwwdmhoU0c1Q044b0pUOVpid3liTDRwRTVaTjBTSXJkcXlDby1XUEdjTXdrMVFJdw?oc=5&hl=en-US&gl=US&ceid=US:en,Nexttv,0.0
World Cup 2018: Why millions of fans see the football like this - BBC,2018-07-11 07:00:00,https://news.google.com/rss/articles/CBMiUEFVX3lxTE5zaDFqZTBXZ25QdE1ocE01VklTUS1GZDZ6cXpndmRIbG5pbzBPTHJUNFBJcm96QWFzdlNwVjNYS2k0VWk1cXo4cVRJTl9JMExp0gFWQVVfeXFMUG9QdjNpM0E4Tm5RSzh4UkJFSW5ZU1dUX2lGMHUxaHd6QmZFbXA5eVR0dHl2eVdyUmhlbGhsQzNXT3RQUERyYTRqbmJiNmMyREJhUW9zamc?oc=5&hl=en-US&gl=US&ceid=US:en,BBC,0.3612
Tsundoku: The art of buying books and never reading them - BBC,2018-07-28 07:00:00,https://news.google.com/rss/articles/CBMiUEFVX3lxTE14WTBoYXpLbFRoSm5kZXR6UWdHMXNGaWtrNjNPRy1nRmgxVTU2Q0FRM25qM2gyaHlGVkl0a1ZkRG1NY3JjbVptajBlU3J5NDFo0gFWQVVfeXFMTktjRDFnUHJnWFFSYzBOQW90dnlSdnJGdUI4aGtVQjhJbnpDQ3MyME1IVUZKczNLdFl6MUhIOEtLZWp0T1Rha0lFRW9WdEZLUG9oT0JTMXc?oc=5&hl=en-US&gl=US&ceid=US:en,BBC,0.0
Cave rescue: How did the Thai boys survive underground? - BBC,2018-07-11 07:00:00,https://news.google.com/rss/articles/CBMiV0FVX3lxTE9ETE5tN3ZEZWRWOE9sbjBjNUN6b05VVGVTLVJUbkl2akhUTlUzbGlwTlJsZk8yNXByaGctbXpEb2ZIeFRBSGdvM055Vi1qMlhmLUJHeUZlMNIBXEFVX3lxTE9qbkgzOC1IcGdDRHBoYVN0UnlhdFlrWkVtbGl4VlJfdE1QLUk2WWZlTTlyMzZseWVDaTZYN0pONlhzTV9sQXl4M18tcUdpWmhOOVM3NFhTaUQ1UGE3?oc=5&hl=en-US&gl=US&ceid=US:en,BBC,0.5106
‘World News Tonight’ gets another video wall update - NewscastStudio,2018-07-21 07:00:00,https://news.google.com/rss/articles/CBMihgFBVV95cUxORFZkal9oN25HX2NWdDJzS1dBSmhmdDQxUkNTMUZyYjB1QUxiWGVwVURJLUlkSVkxSXVDbnNReGFyU0lwYVNzNkczRC1zQ3ZSTzh1VEdIdjVWeEtBVHlqTmRGTm9FWHlRd2F5VTJPajZlUF9MajZQQXo1LWtYdWR0WlhDdnFWZw?oc=5&hl=en-US&gl=US&ceid=US:en,NewscastStudio,0.0
Ebola outbreak in DRC ends: WHO calls for international efforts to stop other deadly outbreaks in the country - World Health Organization (WHO),2018-07-24 07:00:00,https://news.google.com/rss/articles/CBMi5AFBVV95cUxOSHl2MUtzZkhBWWJmdE9Bcm54M1JFXzd6eVpFcFNuNmZqcEFjT1hOSkkza3ctS3pXQlhleEpVUHh0QmFlaGRzS0xtcEhuSngwMmJ0MXM5M0g5b0YwUWJyTjluUFBiY1ZPSk82NHVHMUtDQXBLZTAxWFdSVi13OF95ZEY4WWhsZ01tX3dQWS1jQUZMTjlPUmVwYWtXdnd2TzV2M1NlREsyWU00Rk5kSUVfNnBjZEpoZHBNV1BGdFRONkRzaC1hNEZpQldETFJsSUIyMVJia2pRTk0zWkFDRDZXaWsySEw?oc=5&hl=en-US&gl=US&ceid=US:en,World Health Organization (WHO),-0.296
"Israel 'nation-state' law prompts criticism around the world, including from U.S. Jewish groups - NBC News",2018-07-20 07:00:00,https://news.google.com/rss/articles/CBMingFBVV95cUxPekc5Y3B5WVJyTHpGX3dXZEdCRjhnZXVMWF83NXdBVzV6NTlVUU5mQ3hOZ1hqV0lIMW5sQmhRQi0yLWllVDhwNk5EaEZCZmMtNlg5ZGtQbUxJRGxPVU9oeXliRGJRaVJ6bmpwcTBrVWxTVWpsckhUQWFaRWxMVE55SEZXYmI2Y3dWb0gzNTl0RWI2OXd4V3FlTUZfSy1aZ9IBVkFVX3lxTFBtN2FwczM3WXNIWFJNQTZleE9DdlByUW1BZWFPSUY3Smc5NGVQaVdIN3hsdnZwTEZkMmprX2FFcEtFZzRPaHpmbUVDZGVYNG9KbWh2a1pn?oc=5&hl=en-US&gl=US&ceid=US:en,NBC News,-0.4404
Second World Cup victory gives France a needed boost - PBS,2018-07-16 07:00:00,https://news.google.com/rss/articles/CBMikAFBVV95cUxQTGk2c2xlTGR2bkxES3V3cUFSUXRCVXphOW1OYlI4NlBjNHU2UVZMMm12X285MHVxZVZsWm5yYTFabUt2Mk5BMU9mV2RHLVN4eWs4bU1oYmdLeW50aHB0MzhhVzBvRUhta0NuOE0yREhCeG41WDhzaGVCemRTQjBuSzRPbWR5WVBlNzJCYl9TdE0?oc=5&hl=en-US&gl=US&ceid=US:en,PBS,0.4019
Slovakia alarmed by pro-Putin Night Wolves bikers' base - BBC,2018-07-31 07:00:00,https://news.google.com/rss/articles/CBMiWkFVX3lxTE82aG5zX05QLXhEVmtBb09YbzhRek9fQnZXbXJzMDFxd3FoVmd3X1RoWktpZWZfLWhFVEhfWENRYllIVTVFN3pvZFRkUWkzWnEtenBIYTJYM084QdIBX0FVX3lxTE0zZk5ray1OUmx4dDYtd3hVZHlUMHpNZzllMEw0a0pEeTRmVENaYzFWMENUaFRRYkVLRjVkZm9VTFFUN19McnBCM3dYV3hEQ0hGQTBGei1FU1dpNXg3emNz?oc=5&hl=en-US&gl=US&ceid=US:en,BBC,-0.34
Turkey ends state of emergency after two years - BBC,2018-07-18 07:00:00,https://news.google.com/rss/articles/CBMiWkFVX3lxTE9rdkw1anp2SWFpb0VKWmtfNGcwRFFKaVU2V21aaHFxY3QxRzRCTEJxcWVoQ2VhV3J0Q3k4LWlpTTJnWHhQZ29DbHpYNGVMU3ozQmswSXJSaF9RUdIBX0FVX3lxTE41dHprUEUxN29aWjR1eV9KWVgxTFFpUl9yMVhISV9PaVFhb2tsSXhtMmcwVHJ2dDhlM0pidnM3eGpUVDdMX2pVLVNMSVF3c2N3bnI4eFpKSTdiMXY4Qm9r?oc=5&hl=en-US&gl=US&ceid=US:en,BBC,-0.3818
"Behemoth, bully, thief: how the English language is taking over the planet - The Guardian",2018-07-27 07:00:00,https://news.google.com/rss/articles/CBMihAFBVV95cUxOa2dGdVQ3NnpOVEo4STQzMHVfaWl1NDBIN3dveS11TFFKdnZCcVpSUlJockdMajBYcDV4VzlvTWN0UkpjRkNTZGdqa0FmbWpELVozbmQ1b042XzF0UzBvRlZpVEhXcUtiQzM5cWEzdEdab1BtY2ltcGI5WER1RzdhZXI0ci0?oc=5&hl=en-US&gl=US&ceid=US:en,The Guardian,-0.765
Fast fashion: Inside the fight to end the silence on waste - BBC,2018-07-30 07:00:00,https://news.google.com/rss/articles/CBMiUEFVX3lxTE0tZ2U5d0NPMFJEalZNZ0VBNUlwenVmNXJ5eGthclY0andnRTNqSFNrRklPdDdweGotcG8yUFlMbk5IbkpxaVhLYnZxMGRsZkww0gFWQVVfeXFMTTBWVm5nQlZ2bTN6ZDk0WnprRjN0X1RxdGVhcDZHTjhpaEVYUnVWaThsaHNGeGRhbEh4S3lEcWJpeHIyV0ZzNnVmekYybjdTT215ZXBKQXc?oc=5&hl=en-US&gl=US&ceid=US:en,BBC,-0.6597
World Heritage Committee has inscribed a total of 19 sites - UNESCO World Heritage Centre,2018-07-04 07:00:00,https://news.google.com/rss/articles/CBMiS0FVX3lxTE81bnd1REJwSEZocFRvRVZSamFsOEhEVHdMMkVJd2RYcHpNT3Rwb1UzVGxJSEQ4NHJVOVpNdjdyQ0pRbVFEVi05T0Y4dw?oc=5&hl=en-US&gl=US&ceid=US:en,UNESCO World Heritage Centre,0.0
Paleontologists have ID’d the world’s biggest known dinosaur foot - Science News,2018-07-24 07:00:00,https://news.google.com/rss/articles/CBMimwFBVV95cUxOOEE5aUgxNmdKNEF2amdTOHlFVGZiWFVjV0JNbmJNVXRZNFZHVkVzQkJFeVdJdlFJbEhBSkpLdHhiQk9QajdUdW1IMDJhYV9oWUtjbVpJaklNenBDMkh3U2s5U2JLd2tySUtON3pSS3o5SGt3SER1WWRIQnFwSzZTMVF6Ymw4UDl6ZkhIQ1JSZ0xUMzdwRERENVZkbw?oc=5&hl=en-US&gl=US&ceid=US:en,Science News,0.0
The power-sharing dream: Where women rule in the world - BBC,2018-07-14 07:00:00,https://news.google.com/rss/articles/CBMiUEFVX3lxTFBVdVFvZzZSaVI4VEhUcldEczdTSnNjTWJjc1kxT2dXLVd4bmxwbjc2WnJPSlNYUXJiVjNQTzZFZWtJd0N2bUN3V2F6WjVsRzd50gFWQVVfeXFMUFNFQmdvX3BERm9HclRwUXFLV29YNHpLVXY1Mm9pT09vWDdJTDlRWkVKRm5MS3ZXQlNBMXU5WGg3ZTF0eUY5SGxaa195bGViQy1saEFEbUE?oc=5&hl=en-US&gl=US&ceid=US:en,BBC,0.25
Tokyo Sarin attack: Aum Shinrikyo cult leaders executed - BBC,2018-07-06 07:00:00,https://news.google.com/rss/articles/CBMiV0FVX3lxTE1NNl9reGdLQVUxTkZsNlI0eG55M3lTTjhKUlVmaUFNbWc0YUZkdVp3OTRUNkE5M1F2Mzl2TmxIWHZLUHNCaGxnMkFDWnpjc1g3WlJxT2xWMNIBXEFVX3lxTFBvTHhuWV9STGhlUzZKZmdKSU9vYXRxMEc3ZWd4VTJYMUVuSGk0NXJ4ZHFZYndPWWEtakJDU3FmWlpxN1NpcjloY2lsTUxSaGV6VURfaUlIOUN1TDdD?oc=5&hl=en-US&gl=US&ceid=US:en,BBC,-0.4767
Baby snake 'frozen in time' gives insight into lost world - BBC,2018-07-19 07:00:00,https://news.google.com/rss/articles/CBMiY0FVX3lxTE1kTE1lamFZdnB0VVhhNVZBYU9BLWpob1JYd0ZicjlhdUhtYk5ibWdQVE9pQTJiR0J3eXhPUjljeVBVQW96azBIUHp0c3FMZmEtMGNtekxpZHRPUnQ1cGQtQ0JuMNIBaEFVX3lxTE83UDdvTGhQSWtCOTZUeVNJSFZHcVdjVlBlek10VEsyRU9SWHExVnpRTTBDU0J2ZGdEQm5wYjNBbXR3S2dPUVdLTEZiYU1RM1V4U1diYWJnVDZRSkEweTV3SVJvVHJOaXEw?oc=5&hl=en-US&gl=US&ceid=US:en,BBC,-0.3182
"“I Was Devastated”: Tim Berners-Lee, the Man Who Created the World Wide Web, Has Some Regrets - Vanity Fair",2018-07-01 07:00:00,https://news.google.com/rss/articles/CBMimwFBVV95cUxNUGNZVVpiTjBNQXdFeV94SmY2U1lFRzRuRV9VbEw4X0NZMktTbXlqQ1NtT1VlQmRzNTY1N2hUY2V2eHVDaEg5NVZUaWxSVzZ6VUw4M01zWVBQNldDUTQ5Um5NTlFMN29TQlZKelhDX05VdFR0R3FCTG9ENnNQSEFZOXNtMlVxdDF2RzJqTTdXcHkyWkljMUVmVVctRQ?oc=5&hl=en-US&gl=US&ceid=US:en,Vanity Fair,-0.0258
Wildfires around the world: The photos that explain the flames - BBC,2018-07-24 07:00:00,https://news.google.com/rss/articles/CBMiUEFVX3lxTE9WREFhUGZZdUJKTW9uXzBCdklaS0ZfWEU1RXAyS19DTEJULXB6T1V1dHpvZjE1eTJJNVRjVFl3MFZKOTViWHF1VUl0WVdKQUts0gFWQVVfeXFMUFRBem1nUk82SHFxLWhUVW5iM1gwX1NpUDdORFhUV3ktNmJ4bWtSS296ODZnOWVvRTNyRWZiYjJld0VIV2VCTEZXRnNXYThlVExtakpHZ2c?oc=5&hl=en-US&gl=US&ceid=US:en,BBC,0.0
"U.S. ""most dangerous"" place to give birth in developed world, USA Today investigation finds - CBS News",2018-07-26 07:00:00,https://news.google.com/rss/articles/CBMitwFBVV95cUxQdWI0bnFfdXJwOFZfbVZOYS1WUFRJUWlfQnd6X0tOQlQwMUdXZUc4LUtSLTBmYlo2UGJILUZSYlVMSGpqTzJYZVZiNmNQekpHTlNTbWJwN3ctZXBZVThqY3p1WHhzV2dkVGhvbGtMNmxOT3JOcElKY2l3aHRlOExTd1FHaTdvSnEwckVmQThITXIyMFViVE1rbmVoX3R3SUllLUVQU0hDZ3UxSnh2cTRLV1hmNEZudTTSAbwBQVVfeXFMTzRud0tsNTlEQ2prUUNwSmlvYjBfRVhJejlCSzdQcWJFTFo3S3QwVDBKaXRfNjYyM3pZNGpqNndWSTNTMGZsRk5ZQkdxQU1WUlZyQ3h6aUJ3YWh5ZDBrUE1JR0RqRWs2aC1YUEF2MXBoVHlnSFVIYktWUEE0WEVRSHh6N2NBSElCbmhSWm9NVElfQ1hNUzdlWE5IR3dqVjJLNTllOWo0WGlWZUhPV1BfZGZMeVR3OVpFbVF0YlM?oc=5&hl=en-US&gl=US&ceid=US:en,CBS News,-0.5256
"As mob lynchings fueled by WhatsApp messages sweep India, authorities struggle to combat fake news - The Washington Post",2018-07-02 07:00:00,https://news.google.com/rss/articles/CBMiowJBVV95cUxQYWJVMHc0OTJ2WEx3QnpuNjJwbnBqQzdhZmVHSHpCZHItSFg5U1ptTERITWNrNmRLb0FOVlFJV2NZQmRKSGFrcXdISVpjbVdjeFNvSmYzc29ndlZSdlRHbjJfS0tZMi1UMElwWXhaOHVJNjBCNk9lV3FXMTFJTmtHdDN3TzJzTkhhZTBtdF91cDIwVUdHdXdOZElqcTNZRzJEcXhaaklIOHdQdzI5RVEtbHFpYTNrS25Cd0pGNFBaSmZ1aVliaDV6UUlzX1ZLYjQ5S0Z1VTJxejc5X2FKcWFWUlU3a3U3STI3Q3ZDbFVDVHBXN3BlcmV4WGptY0M3M2hXckNDYkZnZXRfNEtacHhhM3FmRDNkc2MwMjlIX3M4c2Nwbk0?oc=5&hl=en-US&gl=US&ceid=US:en,The Washington Post,-0.7783
U.S. Hospitals Do Little to Protect Mothers During Birth - U.S. News & World Report,2018-07-27 07:00:00,https://news.google.com/rss/articles/CBMixwFBVV95cUxPZlVMenlQMjRJTE4zX0hRZG83SnVNZHJQX1ZQLWJWMGlfX0tiN2ZzUU5YNm9QcFBVbVFxUVU1RGV2TWowOWM1NXVqWWE2Y1otcU9VaFVvdktsMFRVT3BCYmFEeVpUNzhGVnprUXVFX2tzUEhabkxWUGNUY1ZNWUZNb3ZlN2x6YUxHNWNabl9lT3FTZUxtQ3doY1FVanVOTmFheXNDNEo3b2xRNGJZekc3eGFJLTF4ZVB3R2lzMFNSZlpMekNacmpV?oc=5&hl=en-US&gl=US&ceid=US:en,U.S. News & World Report,0.323
India scraps tampon tax after campaign - BBC,2018-07-21 07:00:00,https://news.google.com/rss/articles/CBMiX0FVX3lxTE5RaGg1akhNSTdZZ0xBbl92Q1Z1RWEyWmI1a3Fja2dDazBhenVhRmhqN1liUkd6eE1JVnk0UU82Nm1vNm5wbGVFT2lCd3Z3NFdaRmxsNVVMbGpWR0UtbWtj0gFkQVVfeXFMTlBhYjkyekRGeWRsZl9uUGJ4UE9NYzVZVUdwYmMyZ1RNMGpPMHZldklsM3Q4Skt2Ry1NVUY5d3BqUUV3bGdEWFpNQTFIbHVvY0tSVkRtd3laaDRsNDgtUHFhQ0djMA?oc=5&hl=en-US&gl=US&ceid=US:en,BBC,0.0
Trump administration's opposition to breastfeeding resolution sparks outrage - The Guardian,2018-07-09 07:00:00,https://news.google.com/rss/articles/CBMirAFBVV95cUxPRko5LTFkWG1sbzhlS2txN0xvODFjQ0sybnRZRTZORHRlZk9PSkZ1ZTBYbjRxNXlpTnUyeXN2SHZIXzRZTzkyaTN6Vm1GQlVpd3BhNjZCc01aVDlVaFdmS0Jsd21COW9TNzAzeXJHLUsyS1dKWF8zSXRxQ2VmOGpzUUtCdk43cDFqMF9XNHJZdVRGbnJOcmFzbnN6Z0N0YmlraXNEWTJoYzNOMVh4?oc=5&hl=en-US&gl=US&ceid=US:en,The Guardian,-0.5106
3 in 5 babies not breastfed in the first hour of life - World Health Organization (WHO),2018-07-31 07:00:00,https://news.google.com/rss/articles/CBMimgFBVV95cUxNUmdkTVB2Wmc1Uy02STJVaEh4cGthOGowVm9YY3Z6ZXBOTnJOU2pIZ2MzMFlaSW1ib1NlR2ZtR1lIYkY2R0lEM2NfdmJWQWFoWjVDRkxvNW9EcU5HblJ2cDZjZ1NqRHVxcG5EWnVVYWkxdVQ4WFAzOE1NUE43UTFCZUpFMUt6bWFxY0VaMDZNT1B6OUhmLTU2QU1B?oc=5&hl=en-US&gl=US&ceid=US:en,World Health Organization (WHO),0.0
How Libya holds the key to solving Europe's migration crisis - BBC,2018-07-06 07:00:00,https://news.google.com/rss/articles/CBMiWkFVX3lxTE1WZ1VmZDFEN0txM3BqRUszQmZraDRhQjBEbVc4ZE1mbWd1eVNOVnUxZ1dRWEx5bC1BSmdkMnZiTXNiQlI5NG1nczhkWl9KcFJqSDVsLVNXR3JZd9IBX0FVX3lxTE41eUxISklJZXprb1ZtczB1UUxweXE0ZW1iUF9ZSnliTW1OZE9acFpWeHJkMWdCamRPNXBXTXptcmh1bWUwQjBPdGVvQkp3ZHRpamZ0UW1JTFdBQm5VMC1r?oc=5&hl=en-US&gl=US&ceid=US:en,BBC,-0.4019
Elon Musk apologizes for calling cave rescue diver a ‘pedo’ - PBS,2018-07-18 07:00:00,https://news.google.com/rss/articles/CBMilwFBVV95cUxNZ3o4aHJiamlXRkVoRVFXbDNvZXU2YXQyYmdRLWdpU3Eta1JuSUhQbDV5WW5YVGlZYWZhY1AtV0w1c0JEbTNsc3ZqOUlIem5UXzVRdmhpT3k2OFQ1OHlkTHhzS09RTTUzTEkyc05qLV91clhsa2FXY1FBWWoyNHExYWFNMU5YNjNZY0JVdmJzNVFEQmJuMGpN?oc=5&hl=en-US&gl=US&ceid=US:en,PBS,0.7003
Cave rescue: Who are the 12 boys and their coach who were trapped in Thailand? - BBC,2018-07-11 07:00:00,https://news.google.com/rss/articles/CBMiV0FVX3lxTE9FVG5QRExlU2l1dmJOc2EwLWdtSUZJMWNDSkRTLUtMQWZfZHQ2a0ZnSTR2TmdzdHpDNmpwa214QTZucmUxcVZFSFNHV3MwMkpFT1ZFQ0p4VdIBXEFVX3lxTE9ZMmF4YlA1SEViUC0tT3NfbjRUdzhNaWlwMXFpYS1WT1N0a21nNmRXVlNhUzhMeGdNVXVEOHV1a2I2aThXUUFkVk5LNzM1X2FFcURZYlotRFpFTHFY?oc=5&hl=en-US&gl=US&ceid=US:en,BBC,-0.0258
Daher to apply for NRC transport package certification - World Nuclear News,2018-07-02 07:00:00,https://news.google.com/rss/articles/CBMimgFBVV95cUxObjE2cVNhblhRaVBzT20xcmEzWUNwOWZ1Z2ZGa0Zob2Y4cUwyWWtaVHAwWHRSZnpmek54Nk45bXlKMkRGdElyenItc1RJUTFhbkM4RV80N2FtUjlaM1V2ZzVycjJfaHlJelpfa2dwMU5BclIxc0doNXdFb2VsMDVSc3h1c3F5V3Q5a2loWTl6a1l6VFBRUjhmOUZB?oc=5&hl=en-US&gl=US&ceid=US:en,World Nuclear News,0.0
Thailand cave rescue: Ex-navy diver dies on oxygen supply mission - BBC,2018-07-06 07:00:00,https://news.google.com/rss/articles/CBMiV0FVX3lxTFBvN1NHS05QdEEwX1N0YkI1ZjZORE9iVG9mVUViQVBjUFlKMUxQWkFiYUYyVDZGeXdJaGtjVFpGQm1qMjJid2lfeDc1NDQwUlFyTVJ6NW10Z9IBXEFVX3lxTE4xZmxubDNDbTM5RURqQU5uRlFxVGlQX2NQbHBmUnYxOTlCRkJqb2FHdnp6VVdFQmlVNkV1Nmw0T3NpMmZLeGt1NWNqbUlsQW02YU1PQnNxVm0tOEVU?oc=5&hl=en-US&gl=US&ceid=US:en,BBC,0.5106
The King's Path: Is this the scariest walk in the world? - BBC,2018-07-09 07:00:00,https://news.google.com/rss/articles/CBMipwFBVV95cUxOdXg5TnY4R25RNHlBLTZNTFljenE2eDQ1czF2WGNuM3c1TFJ1cHFtYnlGaE42cENUOUVzNW1telJGcFlCeDZCY09mSElRenM1NG1ERE5EZzhTZEpzZEhOckRJWmZfZWpJMFg5bzRpWUZKQ3dQOE1FazBfUVlnMWhESldQdkhQQ0ZXaEtRTHZWTmVBSjMyS0M3cFRzak8wQlJ6eDlwS2NNdw?oc=5&hl=en-US&gl=US&ceid=US:en,BBC,0.0
'Fake news often goes viral': WhatsApp ads warn India after mob lynchings - The Guardian,2018-07-12 07:00:00,https://news.google.com/rss/articles/CBMikgFBVV95cUxOdkE4WTEza1cxaTBtM2F4LWVJS0tQNTFHX0p0WjBLZ193MklMUi1TV29rbnBEdlp1STRDV0FqY2JOSkY5MUxZNkpjSkxKSHk1WERtYnc0cGVzN1o3R2xhcnJtSXJySkVzUVhPUndTeXB2cXdvSVREY19PYUhZYlgwRVJVajlpOU54ZmFIUF9ZdXJmUQ?oc=5&hl=en-US&gl=US&ceid=US:en,The Guardian,-0.5423
Thailand cave rescue: Boys found alive after nine days - BBC,2018-07-02 07:00:00,https://news.google.com/rss/articles/CBMiV0FVX3lxTE03U3MxakFuSVlYdlF2SHpwU1NLN1JJeDZMa24zY0EtY2tFRlN6VHBqaDdvaTZKaEU5cXJuSEs1OV9oakwxWGs4TEZFVWVHTnU4S1lBdGZqONIBXEFVX3lxTE1zRnhudW1qYl8xZTRIemYzUzAwTnAyM0ZYcHFBTy03T1QwbTJFZ2lMZkxBRDNGMEI5MDNwdDNBd0dVazJLU0dXNkg0Si0xamluNk1tZk56aUJFWUp3?oc=5&hl=en-US&gl=US&ceid=US:en,BBC,0.7096
Nevis: how the world’s most secretive offshore haven refuses to clean up - The Guardian,2018-07-12 07:00:00,https://news.google.com/rss/articles/CBMitgFBVV95cUxOblFvUTlDNkNpTWNxa2d5QnhfMFlld2FQb1BVc0Zxa0d4X2w0Wm1uVjVuT0VwUHFDVUlJTWMzUkFfOFc3SUhQODJqcHZtb01sZnNiNkRZQkpFQ3FNSzB5WE9rMVFiTzBBei1NYkVHRDg0d3JEWUc5Rll0U3dzaUlYanctZmk0bGtBTXRoOVRFY1VlZVpvcXcyOHBjWWFzNllNT1BndVU5dVFPR3NzQzliUHkwR0hUUQ?oc=5&hl=en-US&gl=US&ceid=US:en,The Guardian,0.4019
Lee Lin Chin Is Leaving SBS World News - VICE,2018-07-26 07:00:00,https://news.google.com/rss/articles/CBMie0FVX3lxTE1ZdzF6VHJZbVhaWW5PdzQzbGJreVlReGZhZVpNZTlLYXpqYUZZUS05YS1IUVE0MHVQdXZHWWxmbUdJLXVaWGM1N0ItUWtXZVVlUi04dWcxWUdiYUFuaW1aMjh5YmRxYkwxMW9SYThBYXdfU1djVmE1emZ4Yw?oc=5&hl=en-US&gl=US&ceid=US:en,VICE,0.0
Field Museum to Release Gin Rooted in 1893 World’s Fair - WTTW,2018-07-11 07:00:00,https://news.google.com/rss/articles/CBMiigFBVV95cUxOckt2bjZTYmp3OEVySlNrUUU5SEh4RC1VU25FSjByZHM3Tkt6NmlyRm1XY1hqSXg1Vk1ySFRTcWdmLWNDeXNETnZJZnk1ZHNjUmh0cXR1Nm5VcU55OGY3U3haaWEweU9PSkpBcUE2V1N1LUZyTUozV29GeEFOZVNoTk1IVUI1V25venc?oc=5&hl=en-US&gl=US&ceid=US:en,WTTW,0.3182
Mandela’s long walk to freedom showed we can change the world - Amnesty International,2018-07-18 07:00:00,https://news.google.com/rss/articles/CBMirAFBVV95cUxPTVZWS05iYXJweDhMQXNjcU5fTXV3S3JjWGpxQ1R6RHlRcGVpTHY2RU9FRmhZdHIxaTNpRjlaUGpCcm5paXFXcnEyN29DVVNERkl0elVNR3MtQzlHNG0tWURtY01oWl93aVpPVVBNOWdaSmZGWmdRYnNveW0yYTY5ekpycjU2MktWNFhqZ1JhMzhfQlhZVHp6aTZTSV95dS1wY0IxX01hMlpnTzYt?oc=5&hl=en-US&gl=US&ceid=US:en,Amnesty International,0.6369
World Cup: Pussy Riot protesters jailed over pitch demonstration - BBC,2018-07-16 07:00:00,https://news.google.com/rss/articles/CBMiWkFVX3lxTFAxTmRvZXh5WkJXYlk4VUpTdWROT0pxcndIZU4zdl9GbmNSMmo5WWd5NElXYjZ4c3VZMFBSVThHeU9MeDQ4dml1Z20yU0d1X3J4QXhHbERXTHBiZ9IBX0FVX3lxTE41SnNjVlFGdktBTVdqZFlSZUUxS3d5V0xTT283bmRwRzZCX1NFQktid0hrcU9FS0FnbEM5ZXJCYnMzLVhjNl9ubGpiVzlaY1FkbGJXVjRZcVFLVEs3X2lN?oc=5&hl=en-US&gl=US&ceid=US:en,BBC,-0.8074
The George Soros philosophy – and its fatal flaw - The Guardian,2018-07-06 07:00:00,https://news.google.com/rss/articles/CBMilgFBVV95cUxNZ2d5WHpEMXBuV0ZRTTRoYXY3YW10bnNJLXpWZldsUjQ1SXpJSWRxVjFRVFNGTVRQUG5HaVdRMzJUaEQ2OUdsTFFlbFBpY2hJZFYwVGVpQmNGMktUR3hWVnlYYjRpM3BIZTMwYWxkR1JFeHRDODZLTVN2RzJRSVlCcUVoQUQ5NWFnM2ttcWpZdnU1bm10a0E?oc=5&hl=en-US&gl=US&ceid=US:en,The Guardian,-0.5423
Music festivals: What's the world's biggest? - BBC,2018-07-03 07:00:00,https://news.google.com/rss/articles/CBMiUEFVX3lxTE8zbTBXeVBPRDNkNWpGNlBKRFB4blF6RFhnSUZDVTI0R0ljQXlqWHk1a2xpYV9ybGVBMTJ0bEF6RGc3NGFKaEFvQ0xBaHB4SXhU0gFWQVVfeXFMTnkydzBGNXQ3X2J0WDI4bDhKd3NGc3J3R0E4TGRrcVFUVzB3R1c4NjUxd2t3SjR3V2lkZzVEcGhNSzIwd1l2UVZwRzFpcTFaaE9XWHZ4ZVE?oc=5&hl=en-US&gl=US&ceid=US:en,BBC,0.3612
Bannon plan for Europe-wide populist 'supergroup' sparks alarm - BBC,2018-07-23 07:00:00,https://news.google.com/rss/articles/CBMiXEFVX3lxTFBnUGhNMTlsWVlaekdNc1JfQnJzVXBSNW8yZ0lpcUhQNEJ4TDRNTkktV3BuQlBjMkdTOXZ4bTFGaElSUnVFbTJuWktpM0lFbllCaEQ4d2tTQkcwR3lZ0gFiQVVfeXFMTUpjSHlfV3o1MGRsMzR3c2phVWJQU0daSElaZXUzMUFLVjZKcUZJaFkydzhCdzAtNU05VzdRWUpsT0V5UXQwcFpqOWFhRUZVSjA5Vk9lSWFfWG1uY1FxRHRqaEE?oc=5&hl=en-US&gl=US&ceid=US:en,BBC,-0.34
Calling Europe Union A US Foe Is 'Fake News': Tusk Barb At Donald Trump - NDTV,2018-07-16 07:00:00,https://news.google.com/rss/articles/CBMinwFBVV95cUxQY0tlakVodEdXOXNZeVR6TW5KX2daY3EyVjIwOFBZT3lmNG1mSnN5SEJyQ184NndlaEdXYmJoRk5QbE1Ud254UVktQlpjZTRGTG92UjJaeWdBeE9rZk9hZ0hWY0dyQzVoR2VISmhHOTlmM05HUEVYS2Q3eUVpb0VWcDdVM05hbEZDRXNFcFJPVWRqVW0zaW1ZMnNmSWVsZkE?oc=5&hl=en-US&gl=US&ceid=US:en,NDTV,-0.7184
Journalist dragged out of Trump-Putin news conference - Sky News,2018-07-16 07:00:00,https://news.google.com/rss/articles/CBMiigFBVV95cUxQTzBLNXd0cE02V2JVUTNvY0E1Z18wN3pQU2FZdm5uRlNHRldFUjN2eDJEdVZUc1ZqNnlEQzdrbzhmamVMZGlQdmJvSVBVRFg2bDdnMzRRdnJzOVJXUnZhcFhRWTI0VUlmUF8wbHZEeGFZbS1DcHFJSWVaNmR2bnNzUUhfZUhVU1VGN3c?oc=5&hl=en-US&gl=US&ceid=US:en,Sky News,-0.0516
Quebec’s youngest bishop wants to bring fire of God’s love to the world - Catholic Philly,2018-07-27 07:00:00,https://news.google.com/rss/articles/CBMivgFBVV95cUxNb3FhNWk3dzluQk5Ba0FtNGVLd2RNX1RVY2wybDY2TUNxNHJBLUF2VEcxZlhmc3FZOGV5TFNYM0pXcEtIS0RCZU53QTJhSENWZkRXRExVMmlKeUJFWTRkeXoyWE1IclVsN3ZBeXNVSXIzVmFtZUEycWkzbUhESFN5aWhYNnQxcTFtejZUUDFzZ0p4cERVUl9BWG1PQVBQb0xjLUxtZVNWcjV6ekp5RmhsdjVWWUY1WTBwS2RDOXVB?oc=5&hl=en-US&gl=US&ceid=US:en,Catholic Philly,0.4215
This is the world’s most beautiful TV news set - Fast Company,2018-07-20 07:00:00,https://news.google.com/rss/articles/CBMiigFBVV95cUxQc0c1cTJkMkVGeG1Wb082eWhTTGNrTC02a0VleklXMEV1YUY3ZUxDMzdIYkFmWmw1YVd6cy1YdHlPdUd4SDUyV2dpTm85MGg5SDMxcGZnOU1mc0FnaER2eDVrOF85eUxsLTh2ckVkQ3l2em9odXpKT1poREZkb2xXRW42VDdoNWhtQkE?oc=5&hl=en-US&gl=US&ceid=US:en,Fast Company,0.6361
Introducing the world’s best hockey player: Arthur Van Doren - Olympics.com,2018-07-06 07:00:00,https://news.google.com/rss/articles/CBMilwFBVV95cUxNOGZMVzR1YmVlMEZoVFF0aW1kNzE5VU9WdjdFQ3VXZUlJN3EzcDM3TEJJQld0akVkMFk0R3hLZVFHYUQ1dmtoUmdja0NKai1pUW40Y0w4UkhEVUwtRnVCQ0RnZ3p6ZEtxZko1RHJOazBXM1FSRU9pTmY3NWpIUHZoUmtpTWRNMjhsNWVfbTFsX3FrU0JKNmlj?oc=5&hl=en-US&gl=US&ceid=US:en,Olympics.com,0.6369
India lynchings: WhatsApp sets new rules after mob killings - BBC,2018-07-20 07:00:00,https://news.google.com/rss/articles/CBMiX0FVX3lxTE5VWklIYU1wZFB6MHBPX3ZIMm5IeGZnNGRJeVFVMlNpTkpLRlBFT19FVFBEVmhRVmRwRUowMW9qZE1BTTMyM0tNcHRxTVRWYkpSaUtOVnBRc2VXb3RpUXRj0gFkQVVfeXFMUG5wMndFU2xDUkdZN0w1UFZnVV9PZkVpQXdLaTVQMmp3SmpfVmxqTThGYjFJVTNjMTRhNmRLckl5RVNuVU04Qjk2QVlDaG1NcGFXd2tOWGdNejl1aG5DRHVCRWZ2Rw?oc=5&hl=en-US&gl=US&ceid=US:en,BBC,-0.6705
2024 Summer Olympics will include video games: Gamer World News Entertainment CEO - Fox Business,2018-07-02 07:00:00,https://news.google.com/rss/articles/CBMiuAFBVV95cUxQU2Fwc0xDRzg4LU9pSHBuOXJydjFMazJWYzhzbVBRMTQ2R180bzF3b3FDQ2R3WVZGanRqUFFYc2ZGZ3B0MkE3R21weWNQS3pZc01vWUtpSjFTR0E4RE9aRVBnU2dSODlPdW9xQUNGRkgzdTliQzNQMmEtTTgtc25fSk5BUUlLN28xeTgxYXpGUlAtUWNfX25FN2EyckxoemxPeEdCeHFQYmRjcUVWSjNOdm1Pd3VWLVNz0gG-AUFVX3lxTE4xYllDdm9jS2E5V1NrLW42QlpENFNNT0NXdkR1bzdnOHRMbWpiZWRLd3JRd1gxV0R1TDJ6S214Q1N0bTNNUGhfd2RXNFRzbU5zUEp0YkM5NFhTQk5DZS1GQnhnV09vSXItbEp1aXpjS3JjS3BYeEZSejJ1Y3VEQlUyTXFXUzd4aVVOOVJCWjNqWVNGazE2R2tjU21sc2MxMlVDeWpKVjVtcl85NkZ6UnpqNEdkY0dZWDVwS19CdVE?oc=5&hl=en-US&gl=US&ceid=US:en,Fox Business,0.4215
Small and sustainable: 'Tiny Houses' could be solution to world’s housing problems - UN News,2018-07-17 07:00:00,https://news.google.com/rss/articles/CBMiV0FVX3lxTE5NRTRtelF4ZlNDRDh3Y3Vtc1Jjc2JLNHNkaWE1dXpQR0RqVURJVW9OTE15VHQ5X1VudlQySF9XNnJRMVA0TFRKY0xvVXJua0VVQTFNRlN6OA?oc=5&hl=en-US&gl=US&ceid=US:en,UN News,-0.1027
Why wildfires are breaking out in the 'wrong' countries - BBC,2018-07-31 07:00:00,https://news.google.com/rss/articles/CBMiU0FVX3lxTE9GZDZZWkxYZVdXaGRLSGUwZHZhVEFTUUpidWZGOElTbEdlVWt2OUh6VmFxRUZuX0xzOUxqZXdYUklHLTRCZXBKcXlmZTJPcVRIT0gw0gFYQVVfeXFMUC1CZDM4X0dpUGhrTDlmclJhbFpMQmtMcEpESzJCdkZoRU11bDUyeGpUSi0tZjhVU0lQdV9vS3RQdWcybjZtYkluOEw0UTlpN1lUUDNmbkpnWg?oc=5&hl=en-US&gl=US&ceid=US:en,BBC,0.0
"Trump Says His Haters In ""Dying Newspaper Industry"" Putting Many Lives At Risk - NDTV",2018-07-30 07:00:00,https://news.google.com/rss/articles/CBMitwFBVV95cUxQWUcyYl84TGpRY3dqSV9tckpHMGhoN3dWRTFFZ3djY1cxeGtSOXF0MXdFODVzQmFFbURxRXI2aTJlSnB3S2pRdFJBaF9TaHc0bkQ4ZnY4RGc2M2NiQzJFX21NeFBTX0NTeFhsVGRNekd5ZnN5MTExanRBaXZ6aEVDSkRya2NpTV9kQVY5Y3dGeU14R2paUzlNU0F0a2JFQVV3YUNaUmRxMkExRE5yN01neTFlWGoxOWc?oc=5&hl=en-US&gl=US&ceid=US:en,NDTV,-0.6486
YouTube Daredevils Filmed Dangerous Stunts For Clicks - Then Died Going Over A Waterfall - NDTV,2018-07-08 07:00:00,https://news.google.com/rss/articles/CBMixAFBVV95cUxNLXNyaWowbEdyY2FqQV9ydFFYRjNVZUtSSjRNblNqcVV3Y0lmQThXU0xVWVFsa0ZfMjdUOWwtOU8zT1ZaQVNnWjdXdHlPU3BNNjlsSjZvTFVXX3ZkdEFLZVJINHU1Um5vcGw4bUJIMGpVdjYyZTBCSGpBaUZuVkxxVEV3ZzBBMFVjeWthYkFFY085YVhSVG9vdi1BdEk4YlRTamVDM3BhYmFKUktDMVlGbXo0MVZCZ0RPQ25ibkVraTQwazZM?oc=5&hl=en-US&gl=US&ceid=US:en,NDTV,-0.7717
The five countries that set world culture - BBC,2018-07-02 07:00:00,https://news.google.com/rss/articles/CBMijgFBVV95cUxPN2JvcG5sT3UwTHhyTW5UWDNjTmxCS2tMZEpvcVVYZnFiWENmTWF6eDB2RjZLLXlKeDhvUDJsbnZDLWRlMW1BV3JlYWZTcFBNUkJHdGpTZmhpNWVhZW9FbUZObjdRMmZOOGE1MHBOSlZkN0tGbkxIU2d0a25JMnJERXNnMGY5VG93d01MMzF3?oc=5&hl=en-US&gl=US&ceid=US:en,BBC,0.0
US tariffs are a cause for 'concern' for British companies - Sky News,2018-07-12 07:00:00,https://news.google.com/rss/articles/CBMilwFBVV95cUxPNWh5RVJiLTZFMFJKRUx0UURZWklYM3ZrTGhLRWtuOTJRV0htU2Rtck1HdnA4c1F3cDV1bnVJN3UzREF4d00zWVpSXzNNWl9ReUwwcG9DTEhJY2pSdnkydUcyczQwdWN2M0hZdDZhaC1tMmZGQlZBUXdjb3ZjcHF0TDhmN09zQ3F6X0xObFA3QUdnaDRzZVFJ?oc=5&hl=en-US&gl=US&ceid=US:en,Sky News,0.0
"""Ball's In Your Court"": Putin Tries To Lighten Mood At Meet With Trump - NDTV",2018-07-17 07:00:00,https://news.google.com/rss/articles/CBMizwFBVV95cUxPcllJUVc4NUllU0MzQnBmeENfaDlteHlrdDk5N1AyRXM2SEcxUk1Gc3YxV1gtelNscHBsTVQtcW9FWFJuNjBEM2RHSE1QUldKMDlPQnVSRjgzTVlkZGpXeW4tWXdqYkJXY2RKLThWSFVqWnEwNzJyaHVtQnJnaEJPbHZlUWR6R29sUE1iMW9GMlNQeFlCbk41aTg5dVRFY2MxSUc2MVhzbEZVX3poV0E1NlRJWE11c1lhYUNnX19iY1lqTzFKOEhsdVpybkFmNjA?oc=5&hl=en-US&gl=US&ceid=US:en,NDTV,0.0
Move Over Trump. This US President's Two Lions Triggered Huge Debate - NDTV,2018-07-22 07:00:00,https://news.google.com/rss/articles/CBMiuAFBVV95cUxQeTdEd1VPbWhmRFBfS290RzJBOTdGZ2hMYUxiZmZQZ1k1UHpScDh2ZHdpYnYtQUt0MEctbGxFcDB2cTRGMlJTOGFYc3pOLUdDYVdXSmVuWm1FcFVCQ3RlSHdGYkZjV2dab0stSFlMbVYwY1FJd1A5c2dYRjFycDQ1eG5BYXpObkJCcDg4T1c3SjNvTUpHS3NBZlBvUlRTaGZnM0N5UjZzYXFKaTlnQ2JfMWdGdTNuTVRw?oc=5&hl=en-US&gl=US&ceid=US:en,NDTV,0.3182
Suspicious Packages Found In New York's Trump Tower - NDTV,2018-07-28 07:00:00,https://news.google.com/rss/articles/CBMisAFBVV95cUxQSkNHVm1yb1cwQzJ1b2UzbGI2bFZZbm5NMTBBSGhGbURxNXNvc0xpYWFSRXBneVg0ektUYTVkT2VtMkZJSlItMmVndDg5TTMxUlZrOVNlNmlvdlBEYk1JREUtZXpLSkdXZUExY0xtT1piT1BLdXBpWW12SUdTajJrTVNQdldQUkEwQ0VsdnNGVW8tTUMyXzNGSXJUanRGZkNLdF8tWm9CNVZlRVM1U1RqYw?oc=5&hl=en-US&gl=US&ceid=US:en,NDTV,-0.3612
"Singapore personal data hack hits 1.5m, health authority says - BBC",2018-07-20 07:00:00,https://news.google.com/rss/articles/CBMiV0FVX3lxTE5pdDlXbnNjZWZTdE5fbndwMG8xOHd0eVMyZW9zTFM2ai14ZGNCdFd6b1JNQ0hwcjg1RWJTZHd4VTVLYTVSVlViNWk2RzhGWGY5cnlRLU84Y9IBXEFVX3lxTFBfTC1uZHI3MHRvWGgtZmtVZ1dtWEZ2aEtwUEJDbDJVc2hYcHV1ZkNZM1ViTjM0VFF1cUF3S1ItYU9pSVlKVjFNUUY0T3JRSEtRX0FSUXdfLWFjTzdr?oc=5&hl=en-US&gl=US&ceid=US:en,BBC,0.0772
The man who paves India's roads with old plastic - The Guardian,2018-07-09 07:00:00,https://news.google.com/rss/articles/CBMimAFBVV95cUxOTGQxRTNYX3N4ZU81ckVZVnQ5ZF9GQmFWa1NjUmlEVTlhZmpObGk4a0h3dElrRnhicHJtMU1pdGtiQmlwN0RpNkVoYzRRSXhCMDFCbHh3QkRxN2h5dG0xdjlkX0g1cDViWm5CNWl1WHRjMWhTVHBPLU5GT2RaSC10WUs4YlZwZHJUeEQ2MVBESjZHNU12X2hMLQ?oc=5&hl=en-US&gl=US&ceid=US:en,The Guardian,0.0
Why Most Republicans Dare Not Trash Trump Despite Outrage Over Putin Meet - NDTV,2018-07-20 07:00:00,https://news.google.com/rss/articles/CBMivAFBVV95cUxONTJTX0tJYlU1SkFSWnU3b3FyUWw5ekk4Zks4WFpDbnkzZHhEUzA0TE90eXZxY3dtdlduTUc3VEVGWERBTzFyM0tlNjdNTnN0c1o3OFlzUEZHZTlpUkVYc3llVEJXeGNiT0M2T21TTl8zODJyYVVKTGwyUk5Iak5wUlpCaHZrZ2JOTVZBcWs0enJ3SzFXa2RhZHpjTHBHV28tVlY4VXgyWFB1UW1kdGJYNXI3UGE4Zm02VmdVTA?oc=5&hl=en-US&gl=US&ceid=US:en,NDTV,0.4023
These new stake presidents have been called across the world - Church News,2018-07-29 07:00:00,https://news.google.com/rss/articles/CBMipwFBVV95cUxOREhQXzNDZGdtVEk3SExvQlVka2pRa3RTUkNWM1h3SWtJT0dSMUVHWmc4QXlacER2NlhsUG1hVmtHY3dYQ1ZWWFFUc2JVbXVkY3FFMURJNjZPaFRzeWgwWXM1UkZqanNwZFd0U20xT0tfVm5iam5aWTZRSWkwYnA1VTVWWGRNN1FVZURSU3JlYkpRY29JRWxUQXFKcEx3b3E4UDRIUEhNcw?oc=5&hl=en-US&gl=US&ceid=US:en,Church News,0.0
World’s largest water slide will be demolished - Channel 3000,2018-07-13 07:00:00,https://news.google.com/rss/articles/CBMi6AFBVV95cUxPeHBpX09IZ0FWXzJNTnRmZUFrWHBHcmFMMl9SRE1ZSVY0UFpWTUhGbnpwY3BiWXhkal9wMEFLdGFFSHJTQVNmRlY5ejVLM3gyWktTem1maDJuZkMtdU5uZWtvd2RaUzZFOXhScGxiX2hwY2lSWmlmSi1jRk9oYmhvbUlFcHhrY0dwWWIwV1EwSGxTVE9nMW1NTTI0Ymh2LWMyNkQxTEFvc3kxYUdST2t2b2ZvMEhEZzlmS1lYT3BOdzBQdHdPUGZaREhQOENrN05GUmpwNFU1S1dLcElwaWZfZUw1d3ZPN2lU?oc=5&hl=en-US&gl=US&ceid=US:en,Channel 3000,0.0
UAB Hospital again highly ranked by U.S. News & World Report - The Reporter | UAB - University of Alabama at Birmingham,2018-08-15 07:00:00,https://news.google.com/rss/articles/CBMitwFBVV95cUxPcVZxdmVueHp3N2c4QVI0LUFFTkRHNU4zRkJ6WG43WkZNUmNwemp5SDNaNWllQnY4UTdrcE1nMC03LVgtU0VkMlNETXloVUJKWEwyemt3enBMWjg0WHpvYXFpU3VlVnVUbVhfcEh4Zy1xVENEZ19PTTFBaTFKMFQwMndqZEdKekoxYlh4b1VPc2tmU0VWRUd6Nlp0VTFKckViZDdPMWpzaWp3MklnRGR4aG9XelhCeEE?oc=5&hl=en-US&gl=US&ceid=US:en,University of Alabama at Birmingham,0.0
Mayo Clinic ranked No. 1 hospital nationwide by U.S. News & World Report - Mayo Clinic News Network,2018-08-14 07:00:00,https://news.google.com/rss/articles/CBMiuAFBVV95cUxPYkd3dnlSTHZ3V1E4MUp4MkdiTHRobE9rTzZ3UEp3MzUtU1BNVHJ4TjZBTWxnX2pRdlNmTkN3bVBGeHJ4cWNEcXlDUGZyZEpRc25yNlYwTTdudnFWRS1yVW9nRm5rakM1Q1huczR1OVVsYjM4eVNKUWRINlNQb2dvYzBRMWgxU1ZCNWJMMHRIM0lwWFYwMmF0ZG1ZYlNMNDY0VUhDc3l5V2swWU1ybEtFYU51elRXVDcz?oc=5&hl=en-US&gl=US&ceid=US:en,Mayo Clinic News Network,-0.296
South Sudan profile - Timeline - BBC,2018-08-06 07:00:00,https://news.google.com/rss/articles/CBMiWkFVX3lxTFBNSGJqZTJPYlZ6NlhzODVVYzhCMmJFdzBUMTIycC1xdEhjT1VNWWJFbU5acnJPZUM5TnJTMFl0NENBNlZpbUJtcXdOUlhiLXpMRzNHM2l4NDQyZ9IBX0FVX3lxTE9pQ0ZjYzVtVjZBbE4tWTVUYjlGMldaWlhZY3B1QkZ0eUFtZ3pBU0c3Q2o2RE11a2Y4ZFVJZTZtdFNUM2FycjJIdHdyWF9UZjFTUTU2NzdoTzliMXdmYjVR?oc=5&hl=en-US&gl=US&ceid=US:en,BBC,0.0
"NewYork-Presbyterian Remains New York's #1 Hospital in U.S. News & World Report’s ""Best Hospitals"" Survey - NewYork-Presbyterian",2018-08-14 07:00:00,https://news.google.com/rss/articles/CBMib0FVX3lxTFBxZ0hNMG1rZVlaV3c4SDlHTTh5YXJXVTkxSjhBYTJreDNMYXJ2RVNFMVMtVVZtUVk4aUg2emhKU01lRVhqUC1mZ0IyN195Y1JyYUpFRjdOX0RzRFQ5c241VlA4UlpqZjRkVXBPYWpMMA?oc=5&hl=en-US&gl=US&ceid=US:en,NewYork-Presbyterian,0.6369
Medical Center again named among best hospitals by U.S. News & World Report - Penn State University,2018-08-14 07:00:00,https://news.google.com/rss/articles/CBMirgFBVV95cUxPMURSa3lkSmdiMWNTOFFNVi1CdGtGRGhJdG9qVmxJNmxFM2IyWllTQ0NYRnJMbENqZ2VxVTlsVDZVUnowa3lQMU11dldNZnhfQmt5bjYtd0xEWnl6V1NObkdVVFQ1dV9hcXFPRko4NkFtSGpQTk8yMjZIZFA4ajB1dW50SENabXlOZ3FIQk1rZklIMExUaEQtMjdwLUVsN0c5ZDk0cUZrakZBM010Wnc?oc=5&hl=en-US&gl=US&ceid=US:en,Penn State University,0.6369
“It feels like the world is ending — and I can’t stop reading about it” - vox.com,2018-08-30 07:00:00,https://news.google.com/rss/articles/CBMie0FVX3lxTE5Uc0VzaHV3ZHVDZVhzUXBxY3RQd243R3RFZVV3Q29OMnZiRDJlNVJsc0pqUWhvTDRGRjFBQ2l1MnFsdlV5N1BfTFZZMUhHVTBBQVgwYTRlRExNV1VWZ1JMZDg3eVNmb3AwZ1pPRUV4TWY2eTEyMGpqSWxFOA?oc=5&hl=en-US&gl=US&ceid=US:en,vox.com,0.0772
TV takes Todd Lituchy ’89 around the world - Binghamton University,2018-08-24 07:00:00,https://news.google.com/rss/articles/CBMiiAFBVV95cUxNRVFKdUJKa050eTVDY0w1RmVNQllaZDlVOGRmWW85SEFyQ2ctdXRBbEhVOS1iVUJiYW44bk01c0tiVTgzeWR2NVFBUGJlWWQwclF0aEVsWlc0U1JqT3NMZHZjMW5uM045bDJFNXVFV09ZdE1kSVVuaTNaMXBENERqU1ZaSDlaSkhO?oc=5&hl=en-US&gl=US&ceid=US:en,Binghamton University,0.0
U.S. News & World Report names Loma Linda University Medical Center among best in the Riverside and San Bernardino metro area - Loma Linda University,2018-08-13 07:00:00,https://news.google.com/rss/articles/CBMi4gFBVV95cUxQd01DMmM1dFQtdHdMM1ZaTzVzZmNrQS1UcFhFNV9JTHpPNTVtMUpqX1FPRjEzTE4yUzd1VGJuSWJKaG5OakFMczJGZWdPN1NVLVZTSU05ckItT2JWVXhKelNodk1RZ3VXQ0c3LVNJQ2thaGo1SUdRQWkzTXBCbThMbGVvVUlmZEF2SmNpeWcxUnpHRmI3UlhXTS1pU3hfTTVUUE51TktibVVMSjE3b01kbDRPMW9qVTltRmNQbXE1bDBCanYyaVkxajA4QWVZd0RPbm1aNGdLeGpkY0Z3UTVEVXZ3?oc=5&hl=en-US&gl=US&ceid=US:en,Loma Linda University,0.6369
U.S. News & World Report Ranks UVA Hospital No. 1 in Virginia - UVA Today,2018-08-14 07:00:00,https://news.google.com/rss/articles/CBMikAFBVV95cUxOUVh6NlpSRUw0dEZQTGZWcGNkZVlaaktVSmhzYTVkOVowd0lUS3ROSDVxNk0tbTAzOXB5ZHViQ0kteXIwWElUSUxRRWhwYWw3Q1ZWdDJGQkk2RXZCRlRDTUwwV0dkNlZpTzlHR3NEU0JJT3pNTXoxc1g2SEplMmRzNUJLZENSMlpBTW1YN0JRdms?oc=5&hl=en-US&gl=US&ceid=US:en,UVA Today,-0.296
"Unprecedented 3 years of global coral bleaching, 2014–2017 - Climate.gov Home",2018-08-01 07:00:00,https://news.google.com/rss/articles/CBMivwFBVV95cUxOcmItUGhpMXVXVDVNVGhmUjJGR2tFdDZ5Z3JxNjVGS1BORVphS25KeHgwNUhOa3lJVzFxcnZTSG90aC13TzhUVmZoa1IwYl9zT2dSWDZxWUxNR29nWm01RlNHVDFOWVlfTnpPelpENHJWVm83Rzc4RmttR0ZOR3llTXVVVDNGU2lleTdzaUk5czM4N0tTWFNZQXRxUXZEdEtWVU01Z2NFRzI3M1dBX0tCUS1hSlRiMUUxMHpiNVBobw?oc=5&hl=en-US&gl=US&ceid=US:en,Climate.gov Home,0.0
"U.S. News & World Report names Florida Hospital best in Orlando, among best in state - AdventHealth",2018-08-22 07:00:00,https://news.google.com/rss/articles/CBMiqwFBVV95cUxPY2o3eEUzOG5Cc25teXVZUU1odW5DNWtrNmNGbDVoMDNmbnpjRlZhTXk0RDBwZkxBUnk2cnlGLS03X2xXai1rbU43bFA3bXhIUjloUFBxQ3Y5aC05T0NzSDNyanJubEpMQnlJZUtyRDJRRHIxLUxmRGhtSnI1ZkRHZ3JKb3NZN2JTcDZvWXl1dHJhNU1QQ3hxUEVsNHNQckRRdzBYOW10bG1BQVE?oc=5&hl=en-US&gl=US&ceid=US:en,AdventHealth,0.8555
Michael Cohen: Trump ex-lawyer 'happy' to aid Russia probe - BBC,2018-08-22 07:00:00,https://news.google.com/rss/articles/CBMiYEFVX3lxTFBmZlVSMXk2a043dkEzSHBxNEs2elRRS2dTejlUZzFsWkgtNm1nQmZkOGpWNnBncVJyNDVvZ19ERWVBM2NrQXR5SU1iSS1qLUlRanVMTWxwZURrV045NUZBM9IBZkFVX3lxTE11MFNNOWd4bU1RNWtaVlE5STZ5Y2tISkt0emN2XzctazF6MkVrNHluWVRhM0hlUTd0U3Jma09OdnhrXzN0T2NrSFVZdjlCQ3hVMHNpTURIbDJxc0d4MjJ6dTNfanZwdw?oc=5&hl=en-US&gl=US&ceid=US:en,BBC,0.0
"Jakarta, the fastest-sinking city in the world - BBC",2018-08-12 07:00:00,https://news.google.com/rss/articles/CBMiV0FVX3lxTFAza0RacXdOelhnandCYnpjMGVNNzlreTlKajMzS2RIQ2R5S3dJT1N4U2RzUWhYNFBqQzRFWnUxT2otZ2RyOTN0cV9MS19zbDhoV1JiOXp1a9IBXEFVX3lxTE0ta053UVMtVTVmOXRsQmtFSDViUmRLaE1BMl9vblV4MjRkSS0yMEo1QWExd3QzdmYzUjdOOEozQkJraUIybU5DZldkQ2ZVQWt0TEptRXIzR2xSRnk2?oc=5&hl=en-US&gl=US&ceid=US:en,BBC,0.0
Mayo Clinic ranked No. 1 hospital in Florida by U.S. News & World Report - Mayo Clinic News Network,2018-08-14 07:00:00,https://news.google.com/rss/articles/CBMitgFBVV95cUxPN2ppdTdXQ2xlYVFEclZHcjU4MlVTS1dfck01WnJWNmxTUVh1WTBTU095aE1BdlNQQ1B0OFlLekdlWkNoblVNZlNqc3VTbTJwSURrQjdUQ3hnVFBIZDM3ZUFCWGhPeFdTbE9Ebl9XOEZPZUF0WUpkWjZnT0RqRmR6TjNvd2czMDlIVmJ1TDZTQ2tMWU5WbnhQTVA4VUwtRlpMelluRHladUtJRG1IY0dFeGwyUkVJQQ?oc=5&hl=en-US&gl=US&ceid=US:en,Mayo Clinic News Network,-0.296
Venezuela President Maduro survives 'drone assassination attempt' - BBC,2018-08-04 07:00:00,https://news.google.com/rss/articles/CBMiY0FVX3lxTE4yaE9hTmNqTG9FVzEyXzZYdHdITndRcUQyeHpFMzdGdVBQQWZndkNoQlRMY29BaUFLMWNaOE9mdnBVVEp2M2dCY0hTcDZmZ3pqZ1dBNUZHVHlpMjJzRXg4ZUZ3c9IBaEFVX3lxTE5Ka2lhWklEMW1la3hRNkpWeXJ6LXc1dmwyNTVZcUxXbFJKZ053UWdLY09ITDU2NzRPdzRPZk9ucTFaTVp0TmI1V0NGQk9GeEM0aEdIOVpXc1FNdmlZNE9oam1EYVpqdmR3?oc=5&hl=en-US&gl=US&ceid=US:en,BBC,-0.5994
U.S. News & World Report 'Best Hospitals Honor Roll': Mayo Clinic No. 1 in Phoenix and Arizona - Mayo Clinic News Network,2018-08-14 07:00:00,https://news.google.com/rss/articles/CBMi0gFBVV95cUxOZWxiUjgxMy1xRWVuNWk0YzV1OVRRS2lVR1JMV1psYTQyejRETUtnUlgxb01YY0VXVDZsbVZhSV9iQjhCeFNJNFp0NXNvQUJyRHhFc3pCWkVqWEs3blptOTNEc3RWV19JRGlJV1ppM3d0cXpiaFBqWjlMYVRLNW9zRXFkdXVTbHctc3JXZ0RQV1F5MmZPdzd5TWZXWFlDVlJWX0VmZDAzOWFselpMUFN4RmxrQmJKYU5WZk0ydVVCUUhGR25oUEFqaEtaa3RMQzdBMlE?oc=5&hl=en-US&gl=US&ceid=US:en,Mayo Clinic News Network,0.7351
The woman who founded the 'incel' movement - BBC,2018-08-29 07:00:00,https://news.google.com/rss/articles/CBMiXkFVX3lxTFBJaXgyMHNYam9wdHV2OHBEM2F2dkhlc3JRV291ZF95TWVvWlJia1ItYWF3M2dBbU1JVUlFSXE2Y29OQ29JR0RKWU5iTlBzMEllQkF0aF81TUtGX3dVQ1HSAWNBVV95cUxQZS1sa0NKX0tBTE1TdnByUW1IM1I2Z3ByRzhla2ZSYWY5SXNQRHN0cGljOS1yWEltakpCOWdld0hxLXJZbFM5LUR3cTFjekk2SDFFRTZlTDBaalliTjNsdVFPeXM?oc=5&hl=en-US&gl=US&ceid=US:en,BBC,0.0
Central African Republic profile - Timeline - BBC,2018-08-01 07:00:00,https://news.google.com/rss/articles/CBMiWkFVX3lxTE9BR2VYUU9VSnRWTU5JNm9SMXJXLXMxczhrMnhBZnF0cUt3MnpRbWY0Z3ZkMG1hUVVJSWdmNjhnYkp1VXdvTlZHQko3cDJMZDVaSWdiLXdtVTgyZ9IBX0FVX3lxTE83MlkydnozNjlMRVZqVUlxdHJnWENiR0t1amdrdlVmQmxBOE1rcWZPbllISGZyWW1BNnRCc0FLb1FlbjNFdmRVMkRlVGdCdXNfSl9KRDdGSEZwc015UXhF?oc=5&hl=en-US&gl=US&ceid=US:en,BBC,0.0
"Puerto Rico increases Hurricane Maria death toll to 2,975 - BBC",2018-08-29 07:00:00,https://news.google.com/rss/articles/CBMiXkFVX3lxTE1RWVpfaDJhamdocE16NzQzRXF1LXAwbmhHNUZXYjVQZ0JHVjV3T0dIUVBTYTlsdW5NZHZ6NEdPbFJTdXRwNGM0cnlINFUwTDdQN3ZpMkUxbWxTWW10T2fSAWNBVV95cUxPUEZnZ0VCd3lBdTJXNV9jV0YyUnpTSWtVQ09EZ290NlNlWkZfb2xBSVJOd1RBZ2ltVEJpa0NPZjByQ01MYUJtUzhFaGNZN3YzSjYtRGItNlJjcks5WmdXRk5pV1E?oc=5&hl=en-US&gl=US&ceid=US:en,BBC,-0.5994
Westinghouse emerges from Chapter 11 - World Nuclear News,2018-08-02 07:00:00,https://news.google.com/rss/articles/CBMijgFBVV95cUxNNW9iTUZGMXd3eW1xdkZVLXNUaGNIbFNQWFVhWEFpU2h0d3ZSYW94SG9heFFGT2tyckdfQWRHQ2h1cHAwUmRHanFEUnR6S2FNcVkzU056VlhHRlFod1BkUlRfRGs3OWVyaFZQSWJXdUhNS01KbTFrdjd0SGNzQzFxMXQxamw5SmJwUUE3WEF3?oc=5&hl=en-US&gl=US&ceid=US:en,World Nuclear News,0.0
Trump: US will quit World Trade Organization unless it 'shapes up' | Donald Trump - The Guardian,2018-08-31 07:00:00,https://news.google.com/rss/articles/CBMioAFBVV95cUxNaFlfbDRQYmt4LVF0XzZpMFRDcDhJLXo5NjJvMFpQOEFhYjdseGN3alRmWWw5cVdhUjduanVld3ZoTzY4M0xmMkw5YXZ1VnREQ0pfeFNaNFduRnY1ZUNpU0J5aXc2QlM2UFlfVDBMVDJiVkxFMHpCNF9UUFB4YjJOWUU5dHh6QVFwelNDbC03dm5TV1FpVkRFd3VMSzVQTmlD?oc=5&hl=en-US&gl=US&ceid=US:en,The Guardian,0.0
Fire and water: July's global weather extremes – in pictures - The Guardian,2018-08-01 07:00:00,https://news.google.com/rss/articles/CBMivwFBVV95cUxPc3l4OEFCWUxTckdoS0dleGxyWC1jb2kwWC1NRXV0WTVrUlc1dXNpX0FVdElaT2hTSzR6eG9PNG9UclhvU2hxNXpxblZYTTVweG55aFk2ZEVBcEQ5N2Zyek1JV21tZHIzazJhLW5USGJOVHR1bDJQQlg5UDFMQWxhd19UOXo1YktnSUFMdVlvOFM2M1AtalNyNWJNU2dIZUJWeUcyNC15TGJkLWIxWWZhNVRFalgzazhqc3BTckt2aw?oc=5&hl=en-US&gl=US&ceid=US:en,The Guardian,-0.34
Four specialties at VCU Medical Center recognized in U.S. News & World Report's Best Hospitals rankings - VCU Health,2018-08-14 07:00:00,https://news.google.com/rss/articles/CBMiywFBVV95cUxOcTBZa2NlT3VnWUpSU05DZGs4R29SVjAwT3BIUjY4aDZJWTNMMC1kWUVfXzYyakl3aXZiUnBNZUN6dnNCT2ZKWGw1VXdKbkxSYV9XQjZLdUJ1NzNhSUkxX0R3eGtOU0RQVmhWVFlfajNBSGtnNEZTNkJEX09CSng2aGFqeEdRNzhxOXhNa0pNZjdNREtiZkhENWJXYXNVZjhodFYyWVE3RS13Q0J5VEpSY0NvTzJ2QXpSdEdNWHVYUF9oQWQ1dVFIOElCTQ?oc=5&hl=en-US&gl=US&ceid=US:en,VCU Health,0.6369
"China Uighurs: One million held in political camps, UN told - BBC",2018-08-10 07:00:00,https://news.google.com/rss/articles/CBMiX0FVX3lxTE12b0taZEQzTGY0b3lSNVhoaldzU293R3hKWGE1WmdoaWpVSjVIMDNISDZjb0EwT1RjemIxbTNPYXVsbC04WF96aEVjMS15RkxsOEJyTC1ST2VlbXdsbHVV0gFkQVVfeXFMUEtvRG5mZnZzSXJ0N1Y0WnEyUURGUU1ZVkdGb1liYzlKU01QVmYyN0RVaVR6SXp6anVmOTFYRVJmelpIMkMyWXBwbkZjd3BUZGtyYU5kaUxabnFzMUZZODJBZHBQRQ?oc=5&hl=en-US&gl=US&ceid=US:en,BBC,0.0
"Ancient Egypt: Cheese discovered in 3,200-year-old tomb - BBC",2018-08-18 07:00:00,https://news.google.com/rss/articles/CBMiWkFVX3lxTE1UMlc4NnJRWHZzeVVqV1gtRmk1WFdVOWp2X004bjlnZnJNVm5OTWlIZloxa3o0eDZxX0RxZUFLbjloSWgtcFhJMG1TU2FvZnhZdlpZQmdqV085UdIBX0FVX3lxTE5kRTJmT2x2TzJSVERleW9aYndZdGRqVkQ4QU9ocnU3NmdOQzdBUFA5RGx5UFJUZlR6Q0lZSWJZM2lBV0E4SW9KcjJXdHcyVUV4ZnpNU1ZNNkQyNzIzNzJR?oc=5&hl=en-US&gl=US&ceid=US:en,BBC,0.0
Vienna ranked as most liveable city in the world - BBC,2018-08-13 07:00:00,https://news.google.com/rss/articles/CBMiVEFVX3lxTFBmdU9yUFVRWVNydVJmNUhIMjVsWmFWUDBNSnAzcHhJdmNPeGtzZzFSWm16NFM1akdIZnZJaHpCVFZwLTktVllNVW1Sam5uZjI3NHVnRtIBWkFVX3lxTFBkbzFyNmQ1NTZ2Z1U4YlVCQlFkeGhNeVdFa0F2VzZ2NFdSb3AtbW9fTlRWb1o3dGk1VU1fRkl6c0xFeXVCRzNyTG03MlVQbFFrZ0ZuSFpELW9CUQ?oc=5&hl=en-US&gl=US&ceid=US:en,BBC,0.0
AD Buddie rejoins NY Yankees to celebrate ’98 World Series - Furman University,2018-08-20 07:00:00,https://news.google.com/rss/articles/CBMiqgFBVV95cUxQYnA5OTRxaTVXQWNYQXZ6MkZtUXpVYXFMRGFkQUE5ejlEdVRQSFkyMjl6cTlFS2F2Wi1UQXNGN05Hc210NUZEUlp6d00xUlhzWnJwNE1PcVUwLVFla1JkTWNtR2EtZFdTTnRuczlocW5ZRzNlTExYd01mT3Q2SklCVjJOVm5rbG1IWmFiR0pOcnZmNjBoS043SHVRLWNoRkNsLTRHRDVDcXhOQQ?oc=5&hl=en-US&gl=US&ceid=US:en,Furman University,0.5719
Purdue succeeds on two Guinness World Record attempts - Purdue University,2018-08-15 07:00:00,https://news.google.com/rss/articles/CBMitgFBVV95cUxQenVQaEZfWVpBQnFpeDN3ZXFXS3NpRHphTnVHWUFXWmVyWC1iSlppb1FubWNXSXZhdzN1LWV5elNmNHBrdnR0S1JtdDlFbUc4RGlabEt0RHFyVFVieGZzemtKVWpNQ2Y1RDI2UFJMTF9PMm5tc2RlbjhmeFVES3ozbWF4bkJsdGFrUVhNTm1JcGRzc1NvQUh1amhoQnRZY0s4UHJ5UndzdHdma2VrcjZNZUhWVEtuZw?oc=5&hl=en-US&gl=US&ceid=US:en,Purdue University,0.4939
Why were there so many serial killers in the 1980s? - BBC,2018-08-30 07:00:00,https://news.google.com/rss/articles/CBMiXkFVX3lxTE41UEV4V3ZQbVh1Ulc2ZzRCYkhyLTVJQUlrRDlvZ2U4R1pocjE0VGNOMXY4VzRzcFhHeVJ4SlRGU0ZXYkoyYVVzanA2dmRxZFJsdWY0NnhWR2c1RWdzVXfSAWNBVV95cUxPcHNaYTdJSmdIWnlTWVhqcjY0d0ZuV1hKeGFKcEhOQVVwVGtEd0pSNUJYc3RYOUMxRmpNdllxMWRJT0F3Yk9pa0FCaFpiNm4wcnBSQmhYeVJQeVRrZXdEOUZsYTA?oc=5&hl=en-US&gl=US&ceid=US:en,BBC,-0.6771
"2017 Hurricane Maria: Facts, FAQs, and how to help - World Vision",2018-08-01 07:00:00,https://news.google.com/rss/articles/CBMiiwFBVV95cUxQSVpiQ1htX19ram13SVlCeHF2eWNPQTI5amlzRVpwdE8tUTRoNEpoS3lwc1pCTDExVVIwNHNXWklfWWdxVWVzRTJ5YUo0d3Njeng3UTdscHM1YlNiZjZHUVZqNXgwVTRKdmR0VWxyNVhPaXdWT09lN2VOSmI1UGhXQURLbDlKaFZGU2RR?oc=5&hl=en-US&gl=US&ceid=US:en,World Vision,0.5719
"Rising temperatures harm worker productivity, causing global losses - University of Chicago News",2018-08-30 07:00:00,https://news.google.com/rss/articles/CBMinwFBVV95cUxNQ2c0MnEwOGVGM3hEQWpYd2RtVXVoWDg5TzhKV2JKXzZIMkJRdkM5NGlSLTlsTVU0NnEtNlpqMnU5MzRzZERoMlZjNXo5dnVSWmtQOXdDUTVzNGlUa1ZTLWJTRjh1MzdYLTBQQkFaaldyUlJZbmJld3MxZmtETEdQZ2JtaGlxaU1IcHdIQUpqVEdOdnBTa3JUX0ZDRmNjZE0?oc=5&hl=en-US&gl=US&ceid=US:en,University of Chicago News,-0.7351
HomeLight Inks Partnership With U.S. News & World Report - PYMNTS.com,2018-08-07 07:00:00,https://news.google.com/rss/articles/CBMimAFBVV95cUxPU3E1VHcwd0JyMjg5TXdnRlFkWjBOQW1kMkZpZkZMbFlIVGdlUEtCdUNRcTRlQjMtQ2p4WDZyM1RSaFpUQjh1OHpHdGJCd05GUW9VVjlmc2xlZWJzNEQyQnIwY3hEYlhnSG5uWFZoRFczVTFqUGdrcldFR0c2bjZrQmJkT25ncE5QOEFBYWpBbmFwaU9OOHhENA?oc=5&hl=en-US&gl=US&ceid=US:en,PYMNTS.com,0.0
"A decade after war, Putin-backed 'borderization' costs Georgia land - NBC News",2018-08-03 07:00:00,https://news.google.com/rss/articles/CBMiqAFBVV95cUxNOERDdmVTMXNEVDZScHRxM1pJWW5wS3V3Y0VVSjBReHRlVmJySHlfbTNzZjZ3YzVTcEVhUmV6YUhlZDFzMURobGc4U1NzQ0dDVUNPR21Ubm9DdTc5YmI2LUxuNS1QQUNZVTI2Nl9XbFF5RXBHa3RoWlJZa0xhZzRJV3lXeDFZc2pIRmJDdk9URFVnQTk0LW1tZEtkTmU4ZVhCM0pWMlZPcnTSAVZBVV95cUxObmdJNWFSRFJidEgtQ3IyM0tlSEc1UWptQUJfNUVkZWZFYkhFUFkzMXhfRVliVjdKdTl0N2JJR3REcjk3RGJ5N09oMlk0REc0bGFlSm1tZw?oc=5&hl=en-US&gl=US&ceid=US:en,NBC News,-0.5994
Trump threatens to pull US out of World Trade Organization - BBC,2018-08-31 07:00:00,https://news.google.com/rss/articles/CBMiXkFVX3lxTE1EaXQyQ0I3UlBxNHlaNE00X1JNNmU5X0pTNnZqSEtsaTVzSlhyYlRLNkk4UTFiVGtYcC1kOF9lSEJGdzkwck1rak1jY3VjRFB4RkFKalF4eHB0SHhfYlHSAWNBVV95cUxORUtsMzBrRXNLSzBvWXdpcm9lVHlsaEwxWmh2elg5d1kzV0VVMmhJX0M5b1FTTTFHRkhvUmdaaHg5UC1LUGc2WGU1cmtPdGZVbXdidVFvOFBSdEpjVF8zTWx4YVE?oc=5&hl=en-US&gl=US&ceid=US:en,BBC,-0.3818
Caspian Sea: Five countries sign deal to end dispute - BBC,2018-08-12 07:00:00,https://news.google.com/rss/articles/CBMiUEFVX3lxTE5aMENDa0ZzNHkzQ0FpcEI0Vko3cEZlR2s3aDRTdTFYYjZBWGtqbHRsc3VtbzVFWTFsN3FrS2RBUTcwTUdIOUdKSThBanMwZFFr0gFWQVVfeXFMUDdlLS1aWDJhODI5Q1NDczVfWjJVN056aXdEY19IWDh5YkFLT3VseUdnZWZ6bUxscVJVNkt6VGczVm00N05WRGQxMlNBXzVGWkk0dFNESkE?oc=5&hl=en-US&gl=US&ceid=US:en,BBC,-0.4019
3Q: Muriel Médard on the world-altering rise of 5G - MIT News,2018-08-10 07:00:00,https://news.google.com/rss/articles/CBMiiwFBVV95cUxQT0ZhUVRMWWpNNG9fOThBWnpvZkVycU5tZVlYN01MLTBGQjZKd19KV0VIQy1JSnU5bUlWalhObkRuYkxlTGVaWlRlOG9SMVM3WUZkcjlxeHUycVQ5ZUJ2czJtaC1wckpjZGtSeEVwbzBzQ0Q1SkpRZ3ROWTFJTXhrQU1rZ0FLcFUwSUZr?oc=5&hl=en-US&gl=US&ceid=US:en,MIT News,0.0
How smallpox claimed its final victim - BBC,2018-08-09 07:00:00,https://news.google.com/rss/articles/CBMiZkFVX3lxTFBMZ2Q1dTZ3RGx1YXJ0MVBtQ3VXYVdFNkR4OFRoaVByZGZkTEdQaGhvOS00ZTVtWm9jbElydVphM2NYS2tzMkNLbmdUR0VYVW10WWRZbS1EUnRmSjhTQnI2c0t3c3J3QdIBa0FVX3lxTE9uanVXVHhxVHRfMndhMlBHaTRMeVNhVjIzN0RmQk9hUERQLWZJdkpvM05IMnBPVVoxZ1RRVjFtazBCWUJXcktLc1Jib1R5bUFLV0g3T0NSbGhJdzd3b2JsbnlJVVZpVktlN2Vn?oc=5&hl=en-US&gl=US&ceid=US:en,BBC,-0.2732
Breaking news and reporting history on a global stage - Bloomberg,2018-08-20 07:00:00,https://news.google.com/rss/articles/CBMikAFBVV95cUxOREFObk80eFBqVVc1UktEN3ZMd0d5TzhrNi0wVzVETWROcXcxY1VIdjdVeDRqVG9HemVIQlA5Qjg4cVpaY01IT28zdEExTmY3VnVZQXJ6V3RlRFpsTW14OW5wRF81eUw4UGVidjh4aXZrYk5CbnJpam5oQ2dPREhyQ01HNTJscXVnZGVXZDRPSWk?oc=5&hl=en-US&gl=US&ceid=US:en,Bloomberg,0.0
Fuel loading under way at fourth Tianwan unit - World Nuclear News,2018-08-28 07:00:00,https://news.google.com/rss/articles/CBMikwFBVV95cUxQYjEzRDV2c1hkckxiYjlSaDVfMUZtdVZvOEpNNTBGV0g1UFVGN1JiekRuOTc0Qm1LYzlVOEVUQ0lsWmNLYi1QOENiQV9jV25ZNjdGSDJob0FLX3Z1NmVyRGpWMXR5Z3kxMWJfc0FsMXhIZWFWTXVDRk1jWVQyR0hkNk1QM3E1U1l2TGYteG9hV3doUEk?oc=5&hl=en-US&gl=US&ceid=US:en,World Nuclear News,0.0
"ASU, National WWII Museum launch new master's degree: World War II Studies - ASU News",2018-08-07 07:00:00,https://news.google.com/rss/articles/CBMiuwFBVV95cUxNWXB1a3lQZG1jSkk0V0ZnbWRXVFlTZFNuMU5ZZHVyR1d1MXlzTElLc0R0V3RRVVZ3WmIwd0xCbHQ3NkMxOURxaHdsTW5VVnFZTmF6QVE3VTNPb0h3YmthdDVSUHcxNllOOTlKdDBPRzVGT29UU0Z6MTVkbU00XzctQUFEZ1pqSUxiTTNWbVk0bHlCd1R4eUV6THl2QTM5NDF1cS11S0JxOVQzczB2TUNPWWJjbjJ4MFNOU0Fz?oc=5&hl=en-US&gl=US&ceid=US:en,ASU News,-0.5994
Second Sanmen AP1000 connected to grid - World Nuclear News,2018-08-24 07:00:00,https://news.google.com/rss/articles/CBMiigFBVV95cUxPYUJWbmpZYXZhb3pKX3FvSWxPUktVaGVjRXU2M3R2ZFhxTXdJUUFsMkNUNUQwMTI1dURobVNpbFR6Z2prR2g1Tks4c215eFdqMDExVEFJb0VBdWM5LURQSU9nN19ya0MwcUpBa2U3YUh0VlBORUJoYmw1NTJXdVN5ZFhaZEY4TmxqZ3c?oc=5&hl=en-US&gl=US&ceid=US:en,World Nuclear News,0.0
"Sweden rape: Most convicted attackers foreign-born, says TV - BBC",2018-08-22 07:00:00,https://news.google.com/rss/articles/CBMiWkFVX3lxTE9URHoxNG93SVRiZy1mZ240bHlmTDRXZjFXXzVpeV8xRzVxRHVBQjhucXl3Z3hrbENjMHBDZnpDRmNraFFLSGxwUHRpNldUMHpFckZkTzVvRF9VUdIBX0FVX3lxTE96ajQ4aTVsX1NZQnNCZkNDVFd2cnhQLXVUajFOX0M1eFlGWDZSbDZaTzFVaW5oZXdTRnhuaENXSGdEdlprWmNVbTNFMG5sRWx0LXpaWmowcFNQaEhkcl84?oc=5&hl=en-US&gl=US&ceid=US:en,BBC,-0.8651
FDA recalls are a reminder that China controls much of world's drug supply - NBC News,2018-08-14 07:00:00,https://news.google.com/rss/articles/CBMirAFBVV95cUxQdHVRZkJ5cWc1bm1ILTJQLTZESW9TRVd0NGhaRDlBcGdDUkhQdm5sQUhYTnlUZWpobDRlcUxZTFRWOGlxWkRST3ZKcGwzcjdhYm1HSmhEYkVMUGdJcVVIUS1UVW9KdXhlRmpnTzg3cTdDY3BKZmpRVF9GNkpiQWsyMzZxR2tqTHRoRXdQLWttUDNXRWduN3FRVGVMeEVyZ29VRFowaERmSW4yRndJ0gFWQVVfeXFMUE9kTFoxVXdmbXRzVDRGZVg0MjY4bkUxNlliUldzaEJxcVBteFFrYlJEWlhaQmd2MnVrdWZGR3pkM2ktU1hMdVJvZmRKSU1ZRi0xNGV2cnc?oc=5&hl=en-US&gl=US&ceid=US:en,NBC News,0.0
Finding a solution to Canada's Indigenous water crisis - BBC,2018-08-25 07:00:00,https://news.google.com/rss/articles/CBMiXkFVX3lxTE9mTHNEWV93amxHSzl4TmxKMlpzSjhVbXVpaTRkYUlRaWotLWozekJqa200azEyakdCT1FnbzB1ZlhvT3JrSU15dmhPM1pJVzRnZlo1US1vQXZGdVVtRWfSAWNBVV95cUxOdTdPclBHd1kyQ2IwcHJnTkE1TDJIMnlpdERJTDlkMVUyTGE1cm5IUkFibnhWMkRxb1FjMEMxRVJOdHJsQk1CZDFycEhUVGNvdFRZZldIZHQxVmduVnVSeGNFU1E?oc=5&hl=en-US&gl=US&ceid=US:en,BBC,-0.4215
St. Peter’s Hospital Ranked Among Top 10 Hospitals in New York State by U.S. News & World Report - St. Peter's Health Partners News,2018-08-15 07:00:00,https://news.google.com/rss/articles/CBMiuwFBVV95cUxQNEgwVVRMdGg3X0x1eHVYa3lQZmN5Nlo4YXVMZmVxTThDS1Z1QnJ6aEh1TVdnQm1lZENnVVd0TlRfSHRJZER0dVNMLUJJU2lnblo3a1VvMUxjc1BMTW9rX2tSeFc2M1BCb3c2ZXNxVmZYWk95QU5MRW9MX1NTQ1lkeTJmcXlIWldnRC1IVzVrVnRkaFVVYmVJc1RMNjNtRkh5WElyeHZ5bmdlTm9UaldYZDdfV2FlbmNWdjdN?oc=5&hl=en-US&gl=US&ceid=US:en,St. Peter's Health Partners News,0.2023
Malaysia scraps 'fake news' law used to stifle free speech - The Guardian,2018-08-17 07:00:00,https://news.google.com/rss/articles/CBMipAFBVV95cUxNa3ZuOEV4Q21TRDY0Y0c3T3pDWHRLd21Vb0thaGZrekJxLUlOM0J0VGtZajBZd0Vxd2VhTzRyd0VpMFZTOWpmY2d2SUtaZGY4MHp4cEEzUmlEUEJKX2J5TU5hLWVpZmtDRVVwVDVUVWkwWVVzOURMOGNlUWR0QXozV01qUGFQc2kyTWxSVlNyc3dWSjBIemFmMVpTa3hZVWhPT2lfVg?oc=5&hl=en-US&gl=US&ceid=US:en,The Guardian,0.0516
"Germans of Turkish descent struggle with identity, seek acceptance - NBC News",2018-08-14 07:00:00,https://news.google.com/rss/articles/CBMiogFBVV95cUxOUUFoRlNVcUs5R1V6ZnVaQ2kzaGdBb0hQYTFnbHFFS1plejhtakhGSHZFQVcwQ3UtUHU1TDZmVnZyU2U4dk5IajVqeF9vdmZqQTAwMEhMa2s5NE8zUWI4UHFoTEI3NDhlcWRmdmFjVjRlelBtMzZwMnhsLTVEbEtwaVpKNzJRaVRBYjFJSjd1OWZVU01qXzBlM2twRDZxTzdpNFHSAVZBVV95cUxNZHhtME44dWFaaU9MUWdObzRuS0o1TWNQYmd3YmhZVmlqa2dxWDNIOHRPMHVGQ2ptdkUtR25RZUZBU0hFMG5DYVpTMVh3aFJjWm1Ia25aZw?oc=5&hl=en-US&gl=US&ceid=US:en,NBC News,0.1779
Chinese AP1000 reaches full power operation - World Nuclear News,2018-08-14 07:00:00,https://news.google.com/rss/articles/CBMikAFBVV95cUxQMVE0SG54LWFTMVk0R3Y4RFlEV2l3MUpFbnlqUE93SmVQZE04aWpEV18wWkRPSWhadW5fOC1LTmdhM092Snk0RVZ5SUl5YTc0R3cxT1JOVlU0MkswdVRPQjVGYlU3aU1GNTQzZzYxdktnWklzckNlTXlSOVRnbk83NjJmTWhMdG5ndGZJc00zbVk?oc=5&hl=en-US&gl=US&ceid=US:en,World Nuclear News,0.0516
"Out of exile, a light to the world — 150th anniversary of Bahá’u’lláh’s arrival in Holy Land: Part 2 | BWNS - Bahá’í World News Service",2018-08-31 07:00:00,https://news.google.com/rss/articles/CBMisAFBVV95cUxOZ2xDQlNIdXJySTFILU5xaWhQdWR4d2xEUTluSTc2eUVzT3pwLVZmakxoV0VTRUZlcTVXdldocnZIVUkwQzV6LTJlbUJlNndaS1FWTWpDVDNncFVValZ3NUdFc0V2b3VmSGVtanNHWUtwU1ltbnZmd0NCaHdDVTRnelRQdGRvZXBzZDNvV1k0S1pNaHBwdmNPWGdDSFFMOVJqZmhnMUo1cThXb2N2Z2dxaw?oc=5&hl=en-US&gl=US&ceid=US:en,Bahá’í World News Service,0.0
"U.S. News and World Report Names University of Utah Hospital Top in Utah; List Also Includes High National Rankings for Gynecology, Huntsman Cancer Institute, & ENT Specialty - University of Utah Health",2018-08-14 07:00:00,https://news.google.com/rss/articles/CBMiwAFBVV95cUxPOVVTb3d6Z0Z3a29GcWhEbzktWTh6TW9od3I0eFFlc21oT19PV2hYN0Q5N0xRWWU3ODdja1BBSlo4Tk5FSjVfQlk0VWdUUnF4TlV1UDZZaW8wQXlDRTRTazBFTXloekNJRG5wZHFxWVZSMDFtbzk4OUo1N0dpQ3FnUlNmWDBDUllfQWxWVGNIOEZsRF9ySnhqd3RTZGY4cHFBaDFQVUU4bV82aTBNdXFhNlRhOUlhZjk2dnVKS1UzWDI?oc=5&hl=en-US&gl=US&ceid=US:en,University of Utah Health,-0.5574
Children 'attempting suicide' at Greek refugee camp - BBC,2018-08-28 07:00:00,https://news.google.com/rss/articles/CBMiWkFVX3lxTE54UWxYQXZhNWZkMldVT1VYczEzcTFOUThJdUZjT0I0NFEyYXN6X0d6dmJoTE1TNENmM1hReDZCSkllZUhaM3ZBbjhmZFN5bTlTWGVhVk14d1FqQdIBX0FVX3lxTE5ZRUJ4RWJiQXdxSDJpcXpoaU94a2M0cjVUTTBJZGJhV043cVQ5X1pGcWEtaHpkYkhJM1ZWQ3ljZ3pTUTYwcWlsQkpEVTNRZHp1YWhJNWhmZTByeGEwNElN?oc=5&hl=en-US&gl=US&ceid=US:en,BBC,-0.6705
The world's most prolific writer is a Chinese algorithm - BBC,2018-08-29 07:00:00,https://news.google.com/rss/articles/CBMinwFBVV95cUxNWXJfbnVHNXZIdm5KcFdIaG5mTEZaZTN0N0xrVW9VUmNHMWpUNGlXRUFqTFgydFg0TXlrU1BxaWVRdVlZYlBSNF9LUTh1VUtRbmlONEVqenhMWWdfOXM1WkxCWEFNNXAwMFV0aHNUdFNXNnlCZUpPM1Y1dXAxaGxKay1KTURfVnhCODI2MWlOMGdJVEo0RE5RWXhEd0dBWFE?oc=5&hl=en-US&gl=US&ceid=US:en,BBC,0.0
Russia trolls 'spreading vaccination misinformation' to create discord - BBC,2018-08-24 07:00:00,https://news.google.com/rss/articles/CBMiXkFVX3lxTFBsdEgya2FYQThQNGE5bk9QRDFuc2xWa2Y1VjlNLXNnMTJMNXhOYVp6YTJKbWpBRk5Ybk0tb2EwREM3STVyWU84QWNzMEI5RVBQLW5RMEdFRml3YzVPd3fSAWNBVV95cUxNQ0NHcFBQalNuSlRJWC1pYjdmOURXTmVBTzByWkV5Zy12RkRhdnR0Q25vRHhsYkpXbzVkbTc3RDBpYTctdjM2Mm5SbDNtS1JBT0pnT0pOSGY2VXI3VUN1OWgwZTQ?oc=5&hl=en-US&gl=US&ceid=US:en,BBC,-0.4404
Earth has more trees than it did 35 years ago - but there’s a huge catch - The World Economic Forum,2018-08-30 07:00:00,https://news.google.com/rss/articles/CBMimAFBVV95cUxOTkwwM3g5RUVzX2ZKcHpDRWw5WWhIOTRoZEpSSENhVGd1eUVvaEtnVnFHQmFlVGdqNERMT1puSGp0d0FmTlE5Qk55SEpuSlBhVHBLZmxULXJiSXdyb3M5RTIzN255QTNYMnFQdXR6aGRoYW13LXliNGYwU29vS3pCWVQ5V1I1X0c2ZGlxN0RTWVVISUZ0LWtkbQ?oc=5&hl=en-US&gl=US&ceid=US:en,The World Economic Forum,0.4497
Germany returns skulls of Namibian genocide victims - BBC,2018-08-29 07:00:00,https://news.google.com/rss/articles/CBMiWkFVX3lxTE9pVTJVcXlhSzF2SEtxQkF3RjBDem9xRkJaMWlWbTYxdVB4ZG9fWHlTOVcwTTJKTU83bE9oZUhqQWNHY3F6dGZIQ05Zd0RGZ01hYlJGbHFzM2hCUdIBX0FVX3lxTE5hbGhZd0pxTkVWbmhRN0I2Wkh2QVE5dHB1MjJEVjBDYlc2bjVfMFRHLWttcEFfR01OVlk5WGpidWRYNGJQZGVmaUZLaWtadFNUZEp0VEM5NWRkYXVyblgw?oc=5&hl=en-US&gl=US&ceid=US:en,BBC,-0.3182
World’s Fastest Creature May Also be One of the Smallest - Georgia Tech News Center,2018-08-07 07:00:00,https://news.google.com/rss/articles/CBMikgFBVV95cUxPYkRZQ3lKRkNMbHFsa25ram5YRUc3YkU0OG5OWUYtczdCWVJGeDF0OG5TS1pkS1hEZlFvZHpkbDBhNHRpOEh0bFFMaUZPajdVZi1ndXJfRVNKWnBhMnRlam9lRFJzb3UxVGJVM3RFNmJnaVFrdURCa1IwX01aS194ckc3WFk4b3p2WXZuWkhOTERDZw?oc=5&hl=en-US&gl=US&ceid=US:en,Georgia Tech News Center,0.0
Bangladesh protests: How a traffic accident stopped a city of 18 million - BBC,2018-08-06 07:00:00,https://news.google.com/rss/articles/CBMiV0FVX3lxTE5DZGJ0VHBFN19RelRvRW1ieGp5RjJDSVFUOVFqeGJCbjlsdzJoRFJ3djRjY0RBdEZZYmdsNnZUZkhvVVp6b1NQOTljLTBuWktxdHRjdFpSRdIBXEFVX3lxTE1DdjZrUmZuZHA3UkNDbC12RGJyUzNaUG1pUlBPY2M2X2JLMlJPVHVuaURwN2p6YlRkeTUyRUdPRTZMclBkU2RubjNrNWp0dU9Rak9EemUwQnFNbll4?oc=5&hl=en-US&gl=US&ceid=US:en,BBC,-0.7096
"Imagining UN's evolution, global governance specialists collaborate - Bahá’í World News Service",2018-08-14 07:00:00,https://news.google.com/rss/articles/CBMiSkFVX3lxTE1MeThURkFZeVJ5c2RVWVlQNTFieVd5MEotWGtobmF4c0lCNVFBLVRVdmRjWGR6ZHN6QThtclllMnQ2VS12cDB2cTVR?oc=5&hl=en-US&gl=US&ceid=US:en,Bahá’í World News Service,0.0
Opinion | China’s debt traps around the world are a trademark of its imperialist ambitions - The Washington Post,2018-08-27 07:00:00,https://news.google.com/rss/articles/CBMi3wFBVV95cUxPQ3BycG5MV1BiY2ZkbHBDU096VkVWUGdwdkdHSGFyOUUtWFBURVRrRi1sX2VhUnJJTXBZTmcwSjMzZmg5dlNlVks0ZHlQREFqeTNfUWFOQXN0MmdlNThycElOdFlSdXZOZmp2My1xNjNKZXFFNDJIaDRkTFpYUUZMTVhLc00yUTFvQnF1eWJEdHhPSmJxdFVOenNybWdnTGVkRjVrYXhjWkdsZFdDaTc1dGdOZ3IxMFcyNmNKWU1DRUZ3NVRyT0FIXzRfbThNaUxhLVdUYXJnTURjMTUxWW1J?oc=5&hl=en-US&gl=US&ceid=US:en,The Washington Post,-0.3612
Gen Z Is Set to Outnumber Millennials Within a Year - Bloomberg,2018-08-20 07:00:00,https://news.google.com/rss/articles/CBMitAFBVV95cUxNWmh2bUtrTEc1eU1YeFVYS0dSXzU1T2IyZDBkNGhWV2NHck9naG5kRERGWDg0aFQ0bTUwUERfR2haTG5KU05LYXlULUZXX1NuanZ1cHpjN2xzVHl4TEpPM2x4OGM5X0d4VFZlc1hsd3QxQkNLR2wybGV2T1phd2FrcTR1N1RZX3VvTTRzdFRyLUlmQV9MS1hORHFLaTZmbXhrdDNYSnpTOW5jSjNuRkUzUndGTUM?oc=5&hl=en-US&gl=US&ceid=US:en,Bloomberg,0.0
Rohingya turn to blockchain to solve identity crisis - The Guardian,2018-08-20 07:00:00,https://news.google.com/rss/articles/CBMinwFBVV95cUxNYW9OVTJ4a0ZVaWdBYVM0T0ZOWXZXaVgxWE05UWdleVdlcm5qank5WGpaaHUzeVdJN1UxUnhDVndfYnZrZGRfMkRTZnV3VXlqNnQwM2ZyUTVTeU9zcS0tOGdpcDVNX1lkWE1TN1ZXTEhYOUxTWjRLYXl0MHVadGJjMVg1TUx4bnVQbm9jVVV0aWx0QWNnd1FRYkZ2T2stUWM?oc=5&hl=en-US&gl=US&ceid=US:en,The Guardian,-0.5106
5 good news stories that caught our eye - PBS,2018-08-29 07:00:00,https://news.google.com/rss/articles/CBMif0FVX3lxTE93XzJqdjR1VlpSbWlJXzJlNWtUYVlQNWFTNnRRUFpaOGhIVjBqbDdVV3had1U4TUItQ2ZGWEF3NzZyNF9lQkdGZ1o3bmgtcElwcWdMRkg0WGhmOW0xYV93Ykh3cFRudVJKMk55MjFhd1duQWxUbFRXUWQ4Qk9CWFU?oc=5&hl=en-US&gl=US&ceid=US:en,PBS,0.4404
John McCain: Five times he clashed with Trump - BBC,2018-08-26 07:00:00,https://news.google.com/rss/articles/CBMiYEFVX3lxTE9xNHEtQlhpLW5oZVYxX0VMbUFyQ0NzOElfVURPNHcybWQwd3o2YUxrYnNmZl9XOWpvLXFrUjlaX2Rlbk1IU2owZHpJU0lFN2YxbHRtZ21LYWIxa09RUk4zNtIBZkFVX3lxTE9SUWR6UkxZUkJwMzZrbkZGdUlHZnF6djB2RXlSS0RGVzFWWXdKeEhBUHJSSHZrZzdvV1V6YWJkeXBXQzhpOEFRaDk3V3VlQnB3bmF4RnRQaUZ0MzhCeXZqYVd4NHQ5UQ?oc=5&hl=en-US&gl=US&ceid=US:en,BBC,0.0
Welcome to the ‘Pumpkin Spice Economy’ - Northeastern Global News,2018-08-30 07:00:00,https://news.google.com/rss/articles/CBMihAFBVV95cUxNbm1jR2Fkb1E1R3ZQVGg5b1BBR1k4dUNoZ1MxZFp2a2ZEc0ZSaGJxQ2dXbkN6VzVhejNaN1Foc1lLdHdmYUY5NzFPZmFueDFfQ1V1S0FfOWktSmQ3aWZudUlEelI2MVhqSm1UYzlMNWlqRlFJX0VvSVFacmZEaG90VDVHc0k?oc=5&hl=en-US&gl=US&ceid=US:en,Northeastern Global News,0.4588
"No alcohol safe to drink, global study confirms - BBC",2018-08-24 07:00:00,https://news.google.com/rss/articles/CBMiUkFVX3lxTE9nSm8tTHF6aElQcjNwWVFsc0JjbGxiNnpFRFk2YThjamhueHF4NGtTRDgtWnVmSkVGMEsxMUJlSUNVeXV1WU1vb1lTcVdZOWJiZWfSAVdBVV95cUxOcDBKd1VzRzJpU3NSNFV2TkZsQ1lWOGZuS0tCZHdKM0sxYmRxRGY5VTc2Y1RBOEJ4bi1wOUhVTkZQN3JTcDJhblBMOG1yVWhJR19rbk5EZXM?oc=5&hl=en-US&gl=US&ceid=US:en,BBC,0.1779
White farmers: how a far-right idea was planted in Donald Trump's mind - The Guardian,2018-08-23 07:00:00,https://news.google.com/rss/articles/CBMiswFBVV95cUxOQUVLYVMxTW81R0RTU2VjNXdrd1NEcTZtZUNDT1A4M3VGSnpzWmNhdzVFN2hBZHBLWFlPLWpiWHJLMllPRzFUcG1INFRjR1JjaWQ3aGp6VEp5blFOOS1Yc2NqWVRiLVhJcWFTa0lObGpSTEJHSFJYalFWM183ZEpCTU5xTDhZalVmazJTcmRQNC1SbWJTamZCTnoxVlRPdWVWLU9fcFRHNlo2MDhRZEhsMzIwRQ?oc=5&hl=en-US&gl=US&ceid=US:en,The Guardian,0.0
World's 'poorest' ex-president Mujica turns down pension - BBC,2018-08-15 07:00:00,https://news.google.com/rss/articles/CBMiY0FVX3lxTFBpNkd4UWxCU1FtaGI1STY4Y1R5QWFyMGxDQUdfOGdaT2J6aUhKeVJkT3p1aExzOXJNVzBRQ1JGem9WVEdfSkRVa0E3UE42SERSZ3BSZ0RzeGpwSi1WZ2p4YW44a9IBaEFVX3lxTE96SlpLbFR4UjROYTByRjdLMUFRLTRDdnVpdlNBWE1jTjJ0dEVIaUxUQkNjUF9tTTJ4bnNTdURYZVVuQk9TeDYwX0tRYzY2UmpscE1TM2NtaWVRMUJpYXdXY3UtamNYSUZ0?oc=5&hl=en-US&gl=US&ceid=US:en,BBC,0.0
Lauren Goode ’03 stays wired to the tech world - Clark University,2018-08-03 07:00:00,https://news.google.com/rss/articles/CBMijgFBVV95cUxPOHFwTGlzZ0FyMlBDRGRyVDZmMWxtTmstTTJpY0dhZ2thYndPb2tmRjUxSU9nSTlzX0dJSjVwSlVNWUtmNW8wdEZSQ3Zpb3B4Mml6aGdzNF9SUGJJaDhtREQtaUFuRkVpZ1JqNFMyVXhROWdyYm9NQkpWc2RmTk5hQUVUNVJDOWJHNmd0YU5n?oc=5&hl=en-US&gl=US&ceid=US:en,Clark University,0.0
"NVIDIA Unveils Quadro RTX, World’s First Ray-Tracing GPU - NVIDIA Newsroom",2018-08-13 07:00:00,https://news.google.com/rss/articles/CBMikgFBVV95cUxPaXVkcjk5SGdLaEpwaWJ5YUo0Z2IxeC1IQUdOa0xienZwSjZZbHQyQWx2azhwSUNrRmt5M01nRGFnMVFOTk5NcjdKWWdtVlhQRkFRbjhZaUZ4b09qdUNncHZnZmxMbDZsaHM0bDZLSjE4bU5rT2JTSzNpUjJFMXNtZGplb05HV1lPOGpNVmlLYlNuZw?oc=5&hl=en-US&gl=US&ceid=US:en,NVIDIA Newsroom,0.0
Aftermath of deadly earthquake on Lombok – in pictures - The Guardian,2018-08-06 07:00:00,https://news.google.com/rss/articles/CBMiqgFBVV95cUxOZUFLU3pTQzZiRmRabnBhbmtBakw1Ny1taWV1Z2dfVFMzRnVZNlBnR0Vwa282cUF0VFVqQUJQdWhYZ2MwVXdFV19yRmZpYU1BUTVUZFgxMEJudmdJY1hLZ1pUMHhJRUloTS1tNEdnVlEwTUdLQlFBa0hCcF83VnZBN2pwems3clNITU1ZbEZKbURuOHBSM1dvc2NlMVN1dUtORUdkVVg0Q0Q3QQ?oc=5&hl=en-US&gl=US&ceid=US:en,The Guardian,0.0
There’s a new global ranking of gun deaths. Here’s where the U.S. stands - PBS,2018-08-28 07:00:00,https://news.google.com/rss/articles/CBMipwFBVV95cUxOTVg3TUpBN3pvY0hwSkdLTWxQQ2JQaDV6MGFXR19zVjV2enJqN0VtQlZqTkJiUUg4QzJlMFAxc2c2UTdFeEYyTzZaUkxSQkZiamRhOVVOTm8wRVE0aGloZnROYTlRQlV1WUlzVWhEenJ6ZjFvcW96ZHJRSWNlak5oVnlmX05ySTNuMDk4Z192OV9TeERGei1DWHo5WURvaVF1cmpxSEtOUQ?oc=5&hl=en-US&gl=US&ceid=US:en,PBS,-0.34
Sarah Jeong: NY Times stands by 'racist tweets' reporter - BBC,2018-08-02 07:00:00,https://news.google.com/rss/articles/CBMiXkFVX3lxTFBMc05wSEVwQUtaZExwa1NiREMwZ2JUc1RTdmc5QXlfZktQMk11ME1MWllnNmdfNWtGUGpnWVRTd0M1MWM0ZkhUZjk3azQwVmg5Y01BdVdCV1NueFBqVmfSAWNBVV95cUxObk5HRzJVbVZ3TjctRDBoODl4S1dyaWJkamVGeWJKcFNJVVRzdi1kWDY2cnUwTnd0S3dOVnFEU2NBUzY1OXVSRDd2cFFFMVJFR2hyQmhaMjlFVzkwWHZwUFJNMzg?oc=5&hl=en-US&gl=US&ceid=US:en,BBC,-0.6124
Stanford sex attack: Brock Turner loses assault appeal - BBC,2018-08-09 07:00:00,https://news.google.com/rss/articles/CBMiYEFVX3lxTE5TOEc5bHBRU2M0TWxGalY4Z0NFSzFELWY3Z242TjBucHdkcEJoZnc3UHp0cG0yc0RmNVEyVUJVZm1mZjhrekdXa0wzSlc5SFl6akVvaHVhRGFUZ0RnS0Nmb9IBZkFVX3lxTE5zaWhHemlHVVJULS02bjdxUy1mOV9sQ1U0dm5ycHU1YnhtM0xrMnRPcDBWZkJaWjM5NmMxTm1uNWNZS0p2b2hSYTE0bXYzcTNJRFdlamswTGY4SVB0Q3Bsa2hGV3N0UQ?oc=5&hl=en-US&gl=US&ceid=US:en,BBC,-0.8481
"China Uighurs: One million held in political camps, UN told - BBC",2018-08-10 07:00:00,https://news.google.com/rss/articles/CBMiYkFVX3lxTE93N25xS05lWUVnLUlWYk5QbVlnNklCNzU0QlczVldrcU9lTEtqaW5zOU5LeFNsV1Z4UGtaUzkzV1RSY285QjBsYmUwaGJVXzJLTTFfWFdDTFR1dER6Mjg5aVJn0gFnQVVfeXFMUEYtUWI1TWNib2IwOXdMSGdfVVN0STNPQ3V5SHdTakk5dmh2RGxsY2xfTVE4UFM4c2IwRmc3RjhEUWJiZUJUVjk5VFhIVHVBMUdqZXpWZTZIdkJyU04ycjNOaTYyazcyUQ?oc=5&hl=en-US&gl=US&ceid=US:en,BBC,0.0
Religion: why faith is becoming more and more popular - The Guardian,2018-08-27 07:00:00,https://news.google.com/rss/articles/CBMinAFBVV95cUxNT0Z5VGk5blVFMmVLZWxKeXFuUUtUNkJ3TzFsOTlHa1hmdmtSSEh1aHp2bHh5bl9oQmw1TE9Jbno1aFRTclo5TUVzZG91TG8xaUUtejExWmNNU1dMbVdRaWVxY25zR1Fpd3c1N0xpb21lTF9IMS15a2gxa1pRQTFqMUdBMlpBcUQyakI3MUd2dEs5X0xfR2hlWkI5cG8?oc=5&hl=en-US&gl=US&ceid=US:en,The Guardian,0.7316
New staff writer joins The World - The Wenatchee World,2018-08-21 07:00:00,https://news.google.com/rss/articles/CBMiwgFBVV95cUxObGtudlpDanRUcC1tLWJqMVdWS2ljVVB1RDdiNkJsQ090ajMyM1hNYTU1bUk5aExtem00NTdtR2VHUFFPQjlsM3JTM2ZFdUVScUNHX01pV1lURl92ZzBtd0xHTmdlVFZKRHcyd3RMSnhpMzFtelZXNW1xZEczRl90bThlMVRIY3F2TFJwWFpHU3hFbjF4dXc3VGNvc1JXOTVkZ3hGeGtSaDJuWjZBQjhfMWhrWUxsUDJ0YW1TeG1ZVDludw?oc=5&hl=en-US&gl=US&ceid=US:en,The Wenatchee World,0.0
The Smartest Dog in the World - CBS News,2018-08-16 07:00:00,https://news.google.com/rss/articles/CBMiiAFBVV95cUxOT25KQlVlcGwtQThqS3pWd2N3dURFTDVkd1NGdHQ3LS1teVlXejZLSlZMTExEeTdyb0YzN0lFeWFNSXFmNU9KcHZtSDl1MDllNkJ5bURaTFNXZFFSMk1lLTYwdVJtMWdLRGEyMG5FRnowM2tsNWJfdVByZXF1bUMyelBLUGpBcVlM0gGOAUFVX3lxTE1La3pPTnVQTktVUGZkdWs3ZXN0SW80OW1OSEZkemVtMldMYWJLYXdoUDN3SDdrSGhITDRLQkNJUnZGQ0I0MWp1QWJXU3hfT0lUYTFJQWgxbTFlV1FMLVpmMjJsWUlnZl9iNlQ4NFNybE5WTXViR3J4WjBzcEV5d0IybWxtb0IyeXNxUUpNR2c?oc=5&hl=en-US&gl=US&ceid=US:en,CBS News,0.6124
China bans Winnie the Pooh film after comparisons to President Xi | Xi Jinping - The Guardian,2018-08-07 07:00:00,https://news.google.com/rss/articles/CBMiswFBVV95cUxNSFpnMG1yM0VRbV9zNnhXSHo5M2NNSUdOdGlRTENnSHR0VW40TWR4OUtNRHhYU0M3cHBTR2NyMzJSdThPZERtZmNSd29rUTF2ZnlLaGpxRWRlOXEtTWtNRlVwRXkzQUtPLUhZTk5vRTNwUTJ1WTN6OVo2SXhWTjRyNFo1czVDb2NWTXFYYWNOVzZraFdHZ0MwTmtFR3J6cTJmdmdMZ1hRN3JxRnd6RFpRMFZtbw?oc=5&hl=en-US&gl=US&ceid=US:en,The Guardian,0.0
Why the Kerala floods proved so deadly - BBC,2018-08-20 07:00:00,https://news.google.com/rss/articles/CBMiX0FVX3lxTE13MTdqSGgzQlRXZlppaENkSXdBSlc4dDU2U1AzVjN3SGVkaldzSDVVV2RYeUtwQVhDUEUzZlpOd1hPcmFvNUxLOE9VYmdtMUQzZk5EYVhQSW11Z1BnNDNZ0gFkQVVfeXFMTTZNVkJHMmk5MEhIWmc3ak5jTjByU29zR0JXZHBYcks2TFpLV3BreHhzZGdyNGVwUWVQWXlwOGIxekJyRzFkVlZ6TlRfcElRNnVOa2ZjU19ZVmJ2dEZhRU44ZDlRdQ?oc=5&hl=en-US&gl=US&ceid=US:en,BBC,0.0
The whole world is watching: how the 1968 Chicago ‘police riot’ divided America - The Guardian,2018-08-19 07:00:00,https://news.google.com/rss/articles/CBMixwFBVV95cUxQRDktTndKWFhsRlBUUEtiZkJRcTRCTDdmUXRlQ2l1dF95SWhmRHVsa0ZDeG5kSTN6VlFOajduSEt1QnlqUHlLSWtHaV9GTVE1aHhvUnd4ckNvc0hmTFBFdmRWLTIwcVJuZUowWUxBV29GUTM4RzZoeVNTRGpvRFBOUjlfUS1FSFhGcnB2Y1RUd3JyRjJVaE9FTGpIOEU0V20yRko4TlcxcWJyOVo3MGtfY1g1YmV5ZG9EVzN3WFFlWGRzUXNiRklJ?oc=5&hl=en-US&gl=US&ceid=US:en,The Guardian,0.0
The world's first floating farm making waves in Rotterdam - BBC,2018-08-16 07:00:00,https://news.google.com/rss/articles/CBMiVEFVX3lxTE5KcVM2VmJVTHlRb3lFQ05aUzh0c09DZWVxRi1MOVFIeWdKN3ZuaEhFejZHMExQdGpacDRLUnlnUVdOSUN6ZjVFSEVpTzVfVGdzRWV0dNIBWkFVX3lxTE9SZVZDM2FXcWtqNkMyX0F0Wkg0b2Q5MlRNVG9JM1J2NGt6cWN3WjJIX3J6NGt6Q0oxeFVyRV8zOEFiel9IN1hkaFotMHhNUDg2dnp2c09xSXZ6Zw?oc=5&hl=en-US&gl=US&ceid=US:en,BBC,0.0
Ocean pollution creates tides of trash on beaches around the world - NBC News,2018-08-19 07:00:00,https://news.google.com/rss/articles/CBMiwAFBVV95cUxNTERhVlpSYndOQ05hYWZOVmFlUW9XM2NjdFp4aThSR1UzTDlYVThhWmM3NUJVRWMwR2lWd0xTTTN0QV9vMDFmMHpaMmNiTlBwenMtTi1kdHJ6bF8xdVAzbGpIdEl6aEpPOGVRd3NqZmM4VFd4OXMzQmRfTFZ3V0hHaFBxR1dHYUNUMjNxM0FCb2tnNEI0TDBweTY1X0JuMi01YzVKREF1cG04Qnkzb2lMbnpOakVwVzlObHo3LWhmd3jSAWRBVV95cUxPRnVZUUNRdE4wc0ZsQUpEWUhYaFFJNEkyeTZ4blBCT3pwQkxkQ29Id09SZFdrMzJia3R3Z01TUG9rc2VWbW8zYVNHZDlodXUtX2pHTmhhZkppclhTOTZRZ0FQbXJr?oc=5&hl=en-US&gl=US&ceid=US:en,NBC News,0.2732
Denialism: what drives people to reject the truth - The Guardian,2018-08-03 07:00:00,https://news.google.com/rss/articles/CBMimAFBVV95cUxORjJvN1F1ekdpWUZyV29VcmhFakdtNjEteTgyTUdOajlFeVZhZGN5SjFhR1VhYWJYNW12UGxBVlV1N21CbVBTZ2NwQXRhOW92RWtXYmhBMUtYb0pjNnJjMFVwbmdyWFEzenRKWHBYcnRscDZpOXRvaTZiOElEajFVcWdqcWtabHczVjUxb0xxclY3OE1oRm9jZw?oc=5&hl=en-US&gl=US&ceid=US:en,The Guardian,-0.1027
Germany lifts total ban on Nazi symbols in video games - BBC,2018-08-10 07:00:00,https://news.google.com/rss/articles/CBMiWkFVX3lxTFAzblFWRW5QS0wyeHI5QzBnRDRzVVZ5ZThCdGFUYVVZU3hzblc3aHZZNDBUanh3MUhmU0VaR2dhbHNCQ0l0WnpaV1R4NVdlMUFXczRfQzFGWWFrZ9IBX0FVX3lxTE13NDY1ZjRXamRXb2k3bnlPM0tFOGtNa2hGZ0NnLVlMeVpYNlQ2VUFVWGJXVzNCcUd4bk9tUkVUYXVoME4zb09vb2tWN0Fla3RHT2ppekx0OWJSelp1TkZF?oc=5&hl=en-US&gl=US&ceid=US:en,BBC,-0.5574
They lost fingers entering Canada. Then what happened? - BBC,2018-08-15 07:00:00,https://news.google.com/rss/articles/CBMiXkFVX3lxTE40TG1kcV91YWh1bnhtTG95bFg4U0JyMHZuWGRvUGZrMENYV1ZjNDA3SjBsY1U3NU5SRTdjeld3eWNVR2dMME1qX2xwNmkzM2xBaE50TzQ0RFFYTE1QU2fSAWNBVV95cUxQZWFUNmNSZGkzcExKUTFKWVRURGRHV1lONkxZcmZaT050U2xtRGh0UTN0SkZUNTNmaDZNRDRnLVhjWmlOQkE2WEFnOEl4ZjJlemJKeTJXdFZ0OTQtQUtqZHdfbUU?oc=5&hl=en-US&gl=US&ceid=US:en,BBC,-0.3182
South Africa: The groups playing on the fears of a 'white genocide’ - BBC,2018-08-31 07:00:00,https://news.google.com/rss/articles/CBMiWkFVX3lxTE91NGIxVDQyNURmREZrZXBwSHNPcGdybkdEcTdadGNvemtYcVNla29YV3JuYzBsR0RtT01HNUpFMlIzRnEwM2xWYkVNLXJ5bFRjVzRmcjJkMFRjd9IBX0FVX3lxTFBlb1o2R0pVek1sc0xKN1NJMnRIakl0ekgtN0F2ODFYaDM5c2lCNm02RnRnLUlsVDktaVY0QnR1UXhSTnNvRTg3Y1RlTThhbExUUzdHcjRrR2g3WmpPVFUw?oc=5&hl=en-US&gl=US&ceid=US:en,BBC,-0.25
Study: No Amount of Alcohol Is Healthy - U.S. News & World Report,2018-08-23 07:00:00,https://news.google.com/rss/articles/CBMi1gFBVV95cUxQaGR3WHdvVi01OW9LWFYyRXhWZV8zejZlUXZXdGlfaFFVQVkzTUpVV0FEYWdlV1ZKY1o1RmpnWEtIMUNXSXlEenl5SGZHc0xxeGxKVEJpN3RMZG9lb3pDUTZIVHVscEZiNzJLdktTMUVNcXY2aDZMQlBrZTlTU19sNENlc0xZcmh3NWZQeWJKTFhXaHhQRVFaWGxsNmh6LUJyTjlzS28yR196LUFuTVpNUDhhMHFOWTZveU5hUEJkOXFvRUFQVDNpcDRzOVBsM0dsVHJIWWl3?oc=5&hl=en-US&gl=US&ceid=US:en,U.S. News & World Report,0.128
US supplied bomb that killed 40 children on Yemen school bus - The Guardian,2018-08-19 07:00:00,https://news.google.com/rss/articles/CBMipgFBVV95cUxPamFyVmJBNHdTdzZldHY1MUNtclVHVUZ2cHJRMzhjSHdDTTFVeGgyQ2puQTE3VmRXMElxRjc0R1F0SmhSS2xOUk1JZGxhSm10NUV5aDRMNTY4SGM3SW5vYTdwakk1NjU0bGluLVJZaVNORUZWelNFTWdRVXM3dk9lRkdwQzBqOHpOVkdaU1ptVE53SmFXdVp1ay04eFUwX0g4TU04bENR?oc=5&hl=en-US&gl=US&ceid=US:en,The Guardian,-0.8271
Plastic straw ban? Cigarette butts are the single greatest source of ocean trash - NBC News,2018-08-27 07:00:00,https://news.google.com/rss/articles/CBMisAFBVV95cUxNRHhBMVdjRUVWdUlicVY4M00yS08zQVZVRzVvcTNwS0VwVzFCRDgxaHB2WXIxVlotNWVTaWpnTHNrS2tmX1YyeG9oTlQxU3NIN2htLU9SM2tLRGlhaUpWLU9IRl9TTzN2SV9aVGwwT0xUN1BTbkFyWWNrMUJfSUJjckllWWZLdVVHMEhqVE02Rk1ZYnFGaGFiVVhNSEZpc3VBbFdrMXE0YlEyVlVXcmZ3bdIBVkFVX3lxTE1VVWJvOF9hYzYtTGRtN2ZCTGI5YXFGa3ljYzdxUWRDZ0dvd2cwd1p3alpwWFNxZzlra2ZpbGlvNHluVWZqQlJYa1E2Z3RlV2k3Y0lDWDB3?oc=5&hl=en-US&gl=US&ceid=US:en,NBC News,0.1531
"Washington DC couple killed in Tajikistan ISIS-claimed terror attack, Lauren Geoghegan and Jay Austin were cycling around the world - CBS News",2018-08-01 07:00:00,https://news.google.com/rss/articles/CBMisgFBVV95cUxOenZBN3R3S2dJd1MxWXhhTXJBVThCUU1kNlVxbk1Qc05QYzhBbG9qbXRlRzBhaEQyNU0zemUybHhwRW9CSTJrN0JTeEJ1aTdFLW9PdnlMOVhuSlB3dFNNX3dJWmxZV1Bfa3VoUTZ3X0ZrVlh6cG9fSmhzMjRXN3M1dk9leUZHdDlOdlhsN19sVHpRV2dfWGRCTlRoT1oyaXBfRVVTOUpFQnd1LVREUUx1SFdn0gG3AUFVX3lxTE1RV0t0cmNUMWpOMkVSbXNZQXV5OHoyWnpFaXRVQkdOU3RlaEpWOXFTZGNWVGlRblFzTHc0MDFJZkRTRUl0MFY3ZXNZT3hMWUFKZDA3WGpjMVhCVVZIZ2ZHcmxaTWhWaDZWeFN4YldIc19nZ0gtQkFPUkJvNVRLZk5sb1JKSlZPUEdjSXFaUjFUc25pcHBsY2RXbFFqUmFIYUVtOEdrZVUxZEl5R0hHM0s2RTNsaXhfWQ?oc=5&hl=en-US&gl=US&ceid=US:en,CBS News,-0.9001
Stranded at sea: 7 incredible survival stories - Sky News,2018-08-20 07:00:00,https://news.google.com/rss/articles/CBMiiAFBVV95cUxQUjNmYTY5WTVPZ0JxME5rRDhERjBkV3hRWW5nYlNZYUx4RjJrSGt2eHpWMnlOYzU5Rl9XZ2VFcGNmZkU1S1Z1NW1qQ29jM0JOUlFHeUVFRzFrR2FtdjlwRXZLU0FoYnptYWg4WjAyeTMwV0JiTmRYY09iOG01R3VmT0NTbFJnaWJJ?oc=5&hl=en-US&gl=US&ceid=US:en,Sky News,0.0
"Here are the best hospitals in SC, according to new U.S. News & World Report rankings - Greenville Online",2018-08-14 07:00:00,https://news.google.com/rss/articles/CBMiugFBVV95cUxPeW83cWIxbDRCMnhRU2xqMUFoODE1ZnVSRjlyYUtoLXA2bXA2dm5XSFNyX3ROZDhqTTVPZGJhU3pocEFiX3RRTWowbnlIdE9iQmRKRU4zd003Vm01cDBSTVZPZUhuNXd5Y1QtRVdiMFdSZVJ4bHVnVjNRdlNUMmlWQ1VZbmNfQTh0LUFueWNsYmdrRTRnVEp5ZGNqREpBb1ZZaUhWbk1uTjl4Z29XeVRCMUZQOHRNZGN2bEE?oc=5&hl=en-US&gl=US&ceid=US:en,Greenville Online,0.6369
Venezuela crisis: Brazil deploys troops after migrant attacks - BBC,2018-08-20 07:00:00,https://news.google.com/rss/articles/CBMiZkFVX3lxTE5iMFZ0bkRxcUhIQXhEeFdGT3dScWJrMXlXRkNjTU5UMk9tTm9pR1g2TENiWFQybTNEN0pVVlNQOWpNcEJreldIXzlSeGlKMF9XOU1mX1lMVzhCeTc2akU3T2RnNUg0Z9IBa0FVX3lxTFB1Y0ctR3UzYW0wVFdjT0VEWEdfOUs3N0Z4REdtcUNUWlQ3eGU3OUItbXBzcWhEV2RqYldPQjA5b09teThta2p6TU1hS1RodXJaN2dDVUk2Z21lNHlFWThiMmF1d3V4LXF3ZnE4?oc=5&hl=en-US&gl=US&ceid=US:en,BBC,-0.7906
Paradise lost? What happened to Ireland's model eco-village - The Guardian,2018-08-10 07:00:00,https://news.google.com/rss/articles/CBMipgFBVV95cUxQbzlGRnhOWS1EU1pjY2hLWjNnSkkzYnFZWVNXVmlSbjhXaWlHREdGSnVGNXlLUmJLTHdkUGVYNHBpajlQckNuWFZmcnRpTWFlWTdpckRjQm1XVlZzU1ZqZGxJZ2FBYlVDa0VDUUF5ajBFLUpRS0N1SGZLdUN6azdCdXhOd1MyX2hEYldYVXhXRU11bnY1c3l3bFVLREs4V01JcjZfc2VR?oc=5&hl=en-US&gl=US&ceid=US:en,The Guardian,0.4404
Astronauts plug air leak on International Space Station with tape - Sky News,2018-08-31 07:00:00,https://news.google.com/rss/articles/CBMiuwFBVV95cUxOSndrRnJ5TE9rTUwzdzBpT19KbXotMURwcFBoSnFKRkdXbk50Y3JlRk40SW1rdFZIN1hQd3dwa2ZrRkx6R25RZzhYTmNSQXlZeFJtd3RPNk40dm41dnlKc3gzN2RpLWZGVEF4S0FsSzlveC0zWFZ5YjhWT2g3U2ZRS2FXTWM2bUxnSy1PZWdfQkdmbWROYlFRU3lyOWEwTXREWm5Zeld0S1pGVXgwNjJYQWtFaUR2LS1nSkYw?oc=5&hl=en-US&gl=US&ceid=US:en,Sky News,-0.34
Trump aide 'fired over ties to white nationalist event' - BBC,2018-08-20 07:00:00,https://news.google.com/rss/articles/CBMiYEFVX3lxTFBjLTYwdWhJU0lNZXUzRVRDRExSQ3Z2dnlWLUtkTG9zY1c0a1RDZFFFdzAwRjdtN0NTNTk5NVlkOUNHV1oxOXJhdHlsNk1WV0tQQUxuT3pud3NYbkRESzE2StIBZkFVX3lxTE1NU1VtdkpNYlp4RmczT3BjdlAzM0RCUlFfSGlLNGlLdDJ5WnJONnRheXZNRlFibnlqOTM5ZFdqbjZGSVlOS2taZ1FnVGZVSk1SWWpITmMta29MenFpLXVMSFJ5MFBGUQ?oc=5&hl=en-US&gl=US&ceid=US:en,BBC,-0.5574
"Alicia, Beyonce and other global stars who worshipped Aretha Franklin - BBC",2018-08-17 07:00:00,https://news.google.com/rss/articles/CBMiZEFVX3lxTE5ybzZybzZ0OURiUDNwSzB1RTYyNzRIZEFGWklCaWwyd1ZMYXNOeFl6T1lzVWc3Vk11YUxQYWdWYTIyaTR5Nm9TTHYzSjRSSENLM25helo4U2ZQaTlFZy1nR0tmUljSAWpBVV95cUxPNDNKOEM5dzFia083ejVkX3pyTHE5VVdaQklJV2lPRjI4dmdrRTNLRG00VjRhX2hsLTl2RTFDaTVJUy0tMzhQMWt2WjVad2pvb2ZnOE1ETFAxVXVydTF0VWxaQWprYmxSRFJR?oc=5&hl=en-US&gl=US&ceid=US:en,BBC,0.5719
How Princess Diana’s death was reported in the pre-social media world - The Independent,2018-08-30 07:00:00,https://news.google.com/rss/articles/CBMirwFBVV95cUxOVHNYWjNMOF9yUDg1Rzd5dEtiOTFzTWlyX2FsakpQN0lma3hUSzg1czV5Unk0ajdfZ0Y0ak9YaUhVVjFKMTZxOE1iMFBDZW9NY1BRQjJmNy1zRExud0JnNnFneEM4QkZ3dmdmcTBaUlhEZjZkUXFOakpLVnVkSmsxMkVXeTFPRjRYVWdYSVdqTGJyd1VvemFleVhwM0s3UGJFSC1sMXNMUEVWWXFKTEpZ?oc=5&hl=en-US&gl=US&ceid=US:en,The Independent,-0.5994
All 20 people aboard World War Two plane die after crash in Swiss Alps - Sky News,2018-08-05 07:00:00,https://news.google.com/rss/articles/CBMiqgFBVV95cUxNZFBRaF9pZHh2V05taDM2RlU3NXFxM2piVmI2TTUzSlpxTXdZQWRzWEhCUl95RlpncC1NbzVQVnppVW92U3RmVGNJbmtoYVRaNTV6eThhWDlEcXo2SGlLYTdtcTJSVVgtRi15a3RESEo4bGUzbzZiYlBjaVd6N2VnSlFpNlVmREVCVVBWRzZUTEN0Ym02V2M2Wmg5WnpZZ0dBc2d2dmVWYnQ5dw?oc=5&hl=en-US&gl=US&ceid=US:en,Sky News,-0.886
ABB cable protection for the world’s longest and deepest railway tunnel - ABB,2018-08-21 07:00:00,https://news.google.com/rss/articles/CBMiqwFBVV95cUxObTAzMTRhbU9tVm5UVWpKQ21BdjhTem1zeEE4RFB6S2ZXV2NFT0Z2M0hnWXE0a2F0Ynl2aS1oQXpiTDFNRW9WcFQyWmozRVR0SFY4MUo4dWhQc0o5cU8wd1lPRVNRWlFHQnVzU0taMmVLeVBHV2xienlqQmtXUGdsNG1jMDN5THlTVnU1TE5JWkpmVnNlQWRpRzQ2SWxEcHg5RHcyY3g5NlBWTkE?oc=5&hl=en-US&gl=US&ceid=US:en,ABB,0.0
NSU Moves Up Seven Spots in U.S. News & World Report’s 2019 Best Colleges List - NSU Newsroom,2018-09-11 07:00:00,https://news.google.com/rss/articles/CBMisAFBVV95cUxOVi16aDluU21vc2FLVGZOUWdDZzlNTm11UTFkbVRNZm1uelJGdGJkbWxsUXFHZmF2Q0JfcU04MDF1UWIwSHQ4V280ZXNQdXQ4N1JTdS1zRDBPQ2RvRXBkVVhBSG9iQWpkLVdVRmFvUF8tRUl3Z2VQNnVYU1c4Mi1qQ19OVWRXZWVaSkVkaFM1VFBxdUY3LUdVaUxGMlByLWQtamFYMS16QnZnUlIwNVJmTQ?oc=5&hl=en-US&gl=US&ceid=US:en,NSU Newsroom,0.6369
Yemen: Tackling the world’s largest humanitarian crisis - UN News,2018-09-24 07:00:00,https://news.google.com/rss/articles/CBMiV0FVX3lxTE5MYi1RajdfakU0cm85bnJoMXFBbkhqSUFjS2lfTWlON19nbTgtYlNWRURYSVprMWpIVGprVjg4SE1zNkdkTVpTNU1WeE9SdnlFaFE5YUk0dw?oc=5&hl=en-US&gl=US&ceid=US:en,UN News,-0.6249
Eighth year as top public college in South by U.S. News & World Report - The Citadel Today,2018-09-10 07:00:00,https://news.google.com/rss/articles/CBMimgFBVV95cUxNSGVOendtbkZuNkpxRTNhN3VreUFKdVBhUDZVS2s4a2JkSVJVMGdfMnFqcndJVnFBajZqTWp4VFdNaE5Zc3RnaFlXY2FzYmhNQlRSUW5EcEgtOEpYZFkzeXo1cVNyQUxnWHFIQnVrWXdrVTJ5cW1MaEtFM2oxdUFJZjBiQ0t4ejE1d05QWWpyLXJtLXdTZGN3Q0xB?oc=5&hl=en-US&gl=US&ceid=US:en,The Citadel Today,0.2023
US News and World Report grades UL Lafayette among the ‘best’ - University of Louisiana at Lafayette,2018-09-12 07:00:00,https://news.google.com/rss/articles/CBMiigFBVV95cUxNTDNZUGRzZURNUnBTWVc5cTZhZ1BRY3hPdVk1dWNkcEt6QzFhVTA5REJkRjdEREJiNnlxTUlrTTJab1RIX0VzTjJWNmQtbkktQURGQUdXYzl0Ul90NEZwRFd0UGFwX1lCMXh2SG9PLVJ6N0RQSUtjbzZtaWxLVlFVWTlXLTNLa3VjOFE?oc=5&hl=en-US&gl=US&ceid=US:en,University of Louisiana at Lafayette,0.0
News Use Across Social Media Platforms 2018 - Pew Research Center,2018-09-10 07:00:00,https://news.google.com/rss/articles/CBMimgFBVV95cUxNUkRIYmlZRTVkalRyeXRNNmx1NVhTZmcwMG96VEFDR0xlSjZUZzJfYi1lZWJOd295U0ZhOTlwejNkd0FNRWRfNVdwVWdTbU9MV3NZZmVkUW56bXBEVm96OG13a0lydnUzdjZnZTlWem1scUkyWHpiVHdjeW92TFgzTDk5T1FNekNSVjhvMW91S2lGd01ZdTNUOUJR?oc=5&hl=en-US&gl=US&ceid=US:en,Pew Research Center,0.0
Why GCU skips U.S. News & World Report rankings - GCU News,2018-09-20 07:00:00,https://news.google.com/rss/articles/CBMigAFBVV95cUxQUTZOc2t0X3VXQjljOTRwYldZcExWdEVsSXI1OFNfRVk4U0FSNllkWEE2S1RKeU5UNHMybXA5SjVTOVNZbDhmZV9vMEpEcUgwalIzUC1GX1NRc1BNSWUtMlY4bzVSc2w1LXkwMjF0M1A1MkRuSlJ6V0VUbGJDeVhDOQ?oc=5&hl=en-US&gl=US&ceid=US:en,GCU News,0.0
USD Climbs 2019 U.S. News & World Report List of Best National Universities - University of San Diego,2018-09-10 07:00:00,https://news.google.com/rss/articles/CBMiY0FVX3lxTE5ZZTNBbWFnT0xFQ2lVSnVxdlM0bnVjU045ZXpRdUhuaFBTdXY1NmhMNndPay1lQlE0X0VBWEZxRDBHdkpXWXJER2w2cWVDREloTnhsaHlOZ1Q2WGY4QThKT0VMdw?oc=5&hl=en-US&gl=US&ceid=US:en,University of San Diego,0.6369
UT 52nd in 2019 U.S. News and World Report Rankings - news.utk.edu,2018-09-10 07:00:00,https://news.google.com/rss/articles/CBMiiwFBVV95cUxQZlh4MHptc2dPVHZIbGYzZWJkZ25XUkNtUDMzQng4V1Bjdjh3emU5b2Q4bXVaeVNsWmhsMEVNcDl2SVl3eW15X0ZILWtPT0JaOGdqRGd2b3BpakUtd3p5MXpaUDB4QzJuZDZUUEl0T2ZtbXo1UUNXVGJMRmphQ2UwaWZaZENjZV9KYTJn?oc=5&hl=en-US&gl=US&ceid=US:en,news.utk.edu,0.0
University of New Haven Moves up in 2019 U.S. News & World Report Rankings - University of New Haven,2018-09-14 07:00:00,https://news.google.com/rss/articles/CBMirgFBVV95cUxOSGhFSjdGRHgyMEE4ZnFXZ3pjR0F2aTF1d0NXRnJUeFZ0Zy1QVFBoX1UwVVN5eEZwNWZ0eW9vVWtsTy1WY1JGWXF6b3VoY1BzMkpmZTREOUlEUFh3akZTNkNsLXR6WnZrckZYTFE0Z1dPanJqX243Znphcm5LRWxpT3J5NWcwaXI4MnMzYzRmQXdqZTJhMGRfcDNDN1BicWdISXV6b2thd29IYXZqTXc?oc=5&hl=en-US&gl=US&ceid=US:en,University of New Haven,0.0
"SUNY Oswego earns high rankings, 'Best Value' nod from U.S. News and World Report - SUNY Oswego",2018-09-07 07:00:00,https://news.google.com/rss/articles/CBMiqAFBVV95cUxOck5LRlNpcE5zd2hUYzdsblVJSFdkdlcxVTZMLW5nUkVCVnRXZnlZVjFXY1VtdHQ0VzNzUHAwYzBjSy12eEU5UEZnUzRwLWtFSW4tZk1JMnF1Q2xZdXF2Tzlranl6cFdaVEItc0VYMm52VUh4NmlxbW90cU1ldmZyVXJlTUtJVkZRaGxCQlFkOWpmNHR3ay1nRXNnd1FpVjNibXFudjZPQkQ?oc=5&hl=en-US&gl=US&ceid=US:en,SUNY Oswego,0.765
Elon earns three #1 rankings in U.S. News & World Report's “America’s Best Colleges” 2019 - Elon University,2018-09-10 07:00:00,https://news.google.com/rss/articles/CBMivgFBVV95cUxNTEtveXNKOENlVHVXekFjOGJ4bXRQdEF1VU82b2tjeGtlNnNmbXJESl9WOXR1bWx4aFhEQ0xRR0U4cGNmclQ3enNzVVNMWU1YYnB2cnZLd2t2Zi10M0RNRFc3eE11ZXFWNW1EeHRWV1QyanZQbHFnYUVYUEN6MEdFRUhFUUJNVHZ1ek10Y1ZBV0txVW04NkdySUpjMlN2YkRJejAzN09MSzliOXZFM1Zwai1iVkg3VDFBY0hCbGxn?oc=5&hl=en-US&gl=US&ceid=US:en,Elon University,0.6369
U.S. News & World Report Ranks Santa Clara University No. 1 in the Western Region - Santa Clara University,2018-09-10 07:00:00,https://news.google.com/rss/articles/CBMi6AFBVV95cUxPVXpwREl4RkUzV0kzdGxWWjBSTlBFbnQtNU5uSGdaT1Vvb3N2ZExTSjVoRlR2dmE4ZVZsbkNXNDZUNlQ5VFV4SlhiMFR1emxVck1HNjJWcGlWSXNmY0Q2Si03S05ORnR4cXFJQzFpWFhtTlFZS05BNFJDLXBwNUNNUy13NW5HVUtSN0F4aVhkWWZSaDNtT3hmUG9sWTBldjFXdGQtT2l0Wl9Cc1NEMzI0UG5keE5wZ1BMTFlpYTdxZEVXd2N1RGxReXFlZEt1M1ppWjJvZ3RvclNCQU51NGtNNzBxSkNtOTlq?oc=5&hl=en-US&gl=US&ceid=US:en,Santa Clara University,-0.296
Barton Moves Up to #5 in U.S. News & World Report’s 2019 Best Regional Colleges in the South - Barton College,2018-09-30 07:00:00,https://news.google.com/rss/articles/CBMisAFBVV95cUxQQ3N3YjdYdm8tQlBubWhvRGhiLXAxdmU0ZExnZkRTUjAxUFFoa2hsR1BFUWVSLUhaY0stcG4wY1JVYTB2b1NfN1FFUTlQaHJ1TlRoRWhnUEV1Z2M3V1M0dGN1SjhYekE5UkxzNFpWOENldldQM0h1ZWFqaWtUZmNqQUNDZG1KS0ZXU25laTFMNlhYODB1cVd0a3Y2ZWFZSzJiV0tPUS1LWjFHS1hRNmJvUg?oc=5&hl=en-US&gl=US&ceid=US:en,Barton College,0.6369
"The 6 best universities in the country, according to U.S. News & World Report - CNBC",2018-09-10 07:00:00,https://news.google.com/rss/articles/CBMiiwFBVV95cUxPRkphelVWeDZMcGlFX3BhUUhNSHd2OGNWcklQVTlIeVhxWDZ0X0R5eXhvalJ5VVlDMjFZalBYdUFzNVN5TG1CR3h3d0JkVmtxTUpDQzhPdXk0RzdRLXZGbERwM0lhQnkwVlFtYXFGbkZqdGJaSy10R01LdWRsdGNNWVBQWENxT2VwOExB0gGQAUFVX3lxTE1yZXVydnE4Q3hROUtFaWpBc2J4bi12OTUwTmJhUmlQUE9oT1FzQjYzSURxVkl4RlZMSzNvdU5jcEp2Q3Bua3JKeTNTc1VhTDYwV1EyMVdHdEVScm9PVi0zbHNVT1VmeHlvOXhCdTJrNHhoM3pBUVBJSGFSYnQxdWRSdEFqVVRIbFBUaTlEQnN4QQ?oc=5&hl=en-US&gl=US&ceid=US:en,CNBC,0.6369
Illinois State makes national rankings in U.S. News & World Report - Illinois State University News,2018-09-10 07:00:00,https://news.google.com/rss/articles/CBMiqAFBVV95cUxQT0VzdHpyUG5KejNPV2xYT0Q3YjVkYnhDVUc5QUxqQ1ZtTTI4bUM0UUx0WDlYVVVNRXBsS19WdHI0Q05vd1dnRFk4Wkx3eVBjOFRxeGpVcHRIeEdnbmxTUlEtVV9KOXh4VHg2aHVHMG50NHhwQ1B0OEF6U2F0R3B3NmdDaUpvU2hCZHEyWE5COWFQVnhNVnZZR2gzREVBX2VLb0lPcFF3Vms?oc=5&hl=en-US&gl=US&ceid=US:en,Illinois State University News,0.0
UGA climbs to 13th in U.S. News & World Report rankings - UGA Today,2018-09-10 07:00:00,https://news.google.com/rss/articles/CBMiWkFVX3lxTE5pRmVLanBkaGdLRVNGWUR5a0ViWl9PNzJJWlBMRE80S3d2U1BzMEZlYXo3dmhNNXNCSi02ZjNiMHdUM0tSZ3ptcmhldzF5c2RhdXhxdlZORHNrZ9IBX0FVX3lxTE1TeFl6TjlqZ25JeXpjaXFXYm55dFNBX1lNWVZkYjA0RFlHWGRSd19TR2ZfRS04ZHA2RTB1V2pfWDNpdTVIUDhuZ0FLQlJfNkJsUWxhUDFQdEdaekt1c2xn?oc=5&hl=en-US&gl=US&ceid=US:en,UGA Today,0.0
Purdue University Northwest recognized in U.S. News & World Report Best College Rankings - Purdue University Northwest,2018-09-10 07:00:00,https://news.google.com/rss/articles/CBMirAFBVV95cUxQVnZzdTlWSng0cVBCV19JRnI2VG9XeG5jMXdmOVVycVkwUWlRa3phVFBEQ3lJNXFQOGViMjVxRXV6TFhLbGQ2TWR2UVh1c3VwRW00YkNJbkROcF96QmJCMUZjUkVQSThJRk04UUFhX3gzWktGa21BdE9udF9PSnZIVEZ0bmhDdzJhWHFvdXhBMWU1N2hnM0ppZUNYWXZ6QXYxRnhlMHZkeU12WnhB?oc=5&hl=en-US&gl=US&ceid=US:en,Purdue University Northwest,0.6369
What sanctions can the EU impose on Hungary? - BBC,2018-09-12 07:00:00,https://news.google.com/rss/articles/CBMiUEFVX3lxTE5zbnBwblFsa3liSnRITmktdXlMTS01YW5lY29CR09yci1RMWZnUVJRb0VBTGI2cDc4QkdtY1hlUGdZMGtRQnVkSEstRWxZNDNE0gFWQVVfeXFMTktIazNBWnVEam9uMFlLVlY5b0EyZERqakxUS0xHY3NqUlhlMUpIMXh3UUgzVVQ5cmoyTTBIVHhnT3pvaEY0bDJkRVV5eEctLXdQZmw1bGc?oc=5&hl=en-US&gl=US&ceid=US:en,BBC,-0.296
"Harmful use of alcohol kills more than 3 million people each year, most of them men. - World Health Organization (WHO)",2018-09-21 07:00:00,https://news.google.com/rss/articles/CBMiwgFBVV95cUxQbUZ6WWIwQThUNzlITW5UUFdLbjlSWFAxbTRVeHExN0R5d19HTG9DdDh1dzdOaDJkelpBclB4bzhHeTl2cnVWcnRPalpKNG9uZ1hpY1dvMUhHWWd1MDgxS1g1eHRDSmNxZjlkRUNnS0FoQ3lMVGNjQzBTYkZHU3V5d0Z4eWgxLXpmZEVzR0ZyYjdzNVZ4M3A5V1VMWlNNTGs2ZVpoeEpZMGhfckEyRzhxTk1LODMzdVozVFFXbk0wSFdSdw?oc=5&hl=en-US&gl=US&ceid=US:en,World Health Organization (WHO),-0.5423
Did global warming stop in 1998? - Climate.gov Home,2018-09-04 07:00:00,https://news.google.com/rss/articles/CBMigwFBVV95cUxPcUkzY1Y5bVNQR1lOamtGalhPYmJubVFnc1lGMFFHbXZfbUs4c2RPcFg3QVlQc2U5Vk1hbDQ1alk2Y3dlSk0yekY1YmRpYlROVFFpOG8zNzdtYVFtS3lQenlVMVdlU0NJcUlJZHl1Mk83QlNKVF9aem1KVnVvc3pFbThyZw?oc=5&hl=en-US&gl=US&ceid=US:en,Climate.gov Home,-0.1531
Scientists can lead the fight against fake news - The World Economic Forum,2018-09-16 07:00:00,https://news.google.com/rss/articles/CBMikgFBVV95cUxNRmwtQU1tZ2lyaWhycHRoamdyUWhYWUVYU2ROS1FOcmZZNDQybGY0THNiUTJBTnF2MGp6cXdock4wY3hGcndDWlVad0VpUnBNSlE2a2I0TlBMN0NWOTlJOHVQTW9VTTMzbzRqOUwxSnlGRHN6LTZ6eEx4ZWdVdzdKaVdncDA5WGQyeUloTHBPaC1BZw?oc=5&hl=en-US&gl=US&ceid=US:en,The World Economic Forum,-0.6908
Students tackle pressing global challenges - University of Chicago News,2018-09-06 07:00:00,https://news.google.com/rss/articles/CBMif0FVX3lxTE5NbldhbDNjRkZJWmtOeDFRTGplRHMtX2gtVk0xcklZYmdMUHAxRFVzeEt0a2F1b2l3VVNlZkRGUjFiUWVUa21VSkpYOVF6N213aVFWam9pbkhhWHp1UmVYQnkwQzRfQ3N5NVFaT3lnb2xhbVdBMlkxYmZQdjd0X0E?oc=5&hl=en-US&gl=US&ceid=US:en,University of Chicago News,0.0772
UCLA ranked No. 1 public university by U.S. News & World Report - Newsroom | UCLA,2018-09-09 07:00:00,https://news.google.com/rss/articles/CBMilgFBVV95cUxPNjdrRzM3X0o3ZVZRbTFMYWxOampxcGJDM2I2dWVSOUxxTXFEMjVIbEdrd2doVjJ0N0swWTBGYUVqb0ptY2Y1RFUtTTZmSmN5UXFHQlI5MVBPTEt2bTA0dW9XTWhDbzVsNkhvNlQ5OG9EVElLT1ZoaFlBb3hnaXdoZjlPczViQTlTZ09RalJ3S2dVWGJWeGc?oc=5&hl=en-US&gl=US&ceid=US:en,Newsroom | UCLA,-0.296
"TU leads Oklahoma in latest rankings from U.S. News & World Report, others - The University of Tulsa",2018-09-11 07:00:00,https://news.google.com/rss/articles/CBMiXkFVX3lxTE54YXNQVTBtcXI0OXFJRjAwU1dHRjN3SFR3SkN2dllOMG9NVURNc3QxZXJrYkcxSGxEcmtVdUttWVpvRVcxV3JKc25nSVdMMW0wZ3o2UHVZUkU4bTBxZUE?oc=5&hl=en-US&gl=US&ceid=US:en,The University of Tulsa,0.0
Is Trump undermining America’s most persuasive form of global power? - PBS,2018-09-21 07:00:00,https://news.google.com/rss/articles/CBMiowFBVV95cUxQZEsybmtFUnFldDRRRGFFc2ZNVjRJZkRFN3VhdldDYmRxazlRTEUxeUk2eGJYWm52NkhsOU5EMG9KQWwzMVQzTTlnZ2J5aXpHYm9zVXNvQmRaOWotbXpzNWo3M2RCQkFXYU9QSUZWWl83ZXFtbkNHUjFpRFNXcHVlZEZBZTgwcWs5VzQ5TjY5V3pUWkpOZV9tcWx2eHRDQTc1cUQ0?oc=5&hl=en-US&gl=US&ceid=US:en,PBS,-0.3612
Serena Williams and the trope of the 'angry black woman' - BBC,2018-09-10 07:00:00,https://news.google.com/rss/articles/CBMiXkFVX3lxTE9IRGRhQ2QyWEhQeVZoSW80Rk5ZN0VieG52YkNRTVkxQkZULUZXdnk3WHVjMnNqR3ktSDY1T3Bhb3lqTmltQUJKMng5M3M2Ul9QMFM0VHpwWDdkbXpCc1HSAWNBVV95cUxNRzFsaUNtcVdiQUdsUm8zQkYtaGk0QVh3NVZUSXFGajUtRWpPeW04NnZCeE51dENHbHk4ZjR6R1V0cExwR0p2NjdDS0NxSUc0QjZIdVNJTFRPWGduejFBdXJmVHM?oc=5&hl=en-US&gl=US&ceid=US:en,BBC,-0.5106
Flowerboys and the appeal of 'soft masculinity' in South Korea - BBC,2018-09-04 07:00:00,https://news.google.com/rss/articles/CBMiV0FVX3lxTE10OGFoV2ZOVzNQUy1fRUwxa3NPd2t6d0F1V3dxNzlGZEp1d2l3VkpBY05JT2Znd2xwYWFpVzYzQWlUQkQ0NnBESlVaYy10OHBXN0VhYkVzUdIBXEFVX3lxTFBMZWNScHdJdl9HSVdoVnQtOGFNYXpldVlMLThnS2dkaHMyenVnX0lpd1lUNGJ4WTF1YWNIcVQ1eXpLWW0zdGxiRjl6SXFKOE1WNmFTQk13WmF6cENN?oc=5&hl=en-US&gl=US&ceid=US:en,BBC,0.0
U.S. News & World Report: SUNY New Paltz remains one of Northeast’s best universities - SUNY New Paltz,2018-09-10 07:00:00,https://news.google.com/rss/articles/CBMivgFBVV95cUxOS1F0NER0NVNnU1RvMjN3b0QyV2hzaVZ1Y2xTakE5RjVPSHl3ZkllTDlSVWExUFJFU1A0VkpGdXdadjR1SjlwbWdDVUxOeHA4UWd3TDFmSGVuVkpZNVpjMG5lbXJ6MVQ3MHBZSVA5TDVTUzhDQWtOS0hfeFZLWEZmQlZLaDdyOWFuRmJSQzh6U0pHU0R6YTdzcHh0WHBTc1VUd0RJSE5adThqVGJkejc5U0YwdC1kWGxfTHQ0TXlR?oc=5&hl=en-US&gl=US&ceid=US:en,SUNY New Paltz,0.6369
UCI ranked highest-ever 7th among public universities by U.S. News & World Report - UC Irvine News,2018-09-10 07:00:00,https://news.google.com/rss/articles/CBMisAFBVV95cUxOMkRPT2pxLTdxV2o3cDl3WWl2cDduTndCbXg0a2V6WGl1Vjk5bmVNdXBrbHg0ekZlbVp6XzAzY1d6bFRmeU9fTnJjd0tBVWJ4cHVuVTl1OUMycWFQb3AtWEplZGNvWUtLeHVZekMta2xXYjd6UldhRmpnOVVXUUZiMXBoS0ZELXJrbEE0bTlWY1ljWVRWYkpQLUlRdzktazRYTGZEbm1sUUM5U0hRd29oMA?oc=5&hl=en-US&gl=US&ceid=US:en,UC Irvine News,0.0
What a Waste 2.0: A Global Snapshot of Solid Waste Management to 2050 - World Bank,2018-09-20 07:00:00,https://news.google.com/rss/articles/CBMiwgFBVV95cUxOenl4dTZYejlGZDZ3OElfR1A5SktFak5JMldSeDl1bWFuN2FLZjFoUlJSYWsxMjFFMEx6NXk5UGRmbWttSEdQcHNuVmJDa2NManVoOWNXTXpodDJOdkFNRzhYWkpzM1J5Qi10ZmxleXVzUFVPbEFORXN1YkxuckdEdXRyUHUtQnlTd2NrTmtwSHlyQjRYeTBqQXBLR1dZN3VqdHN4ZmZMTFVqVG5ObVNEUGNQQ0tPQ3VxMFhfZHQ1T2FSUQ?oc=5&hl=en-US&gl=US&ceid=US:en,World Bank,-0.6124
UW-Madison ranked 15th best public college by U.S. News & World Report - University of Wisconsin–Madison,2018-09-10 07:00:00,https://news.google.com/rss/articles/CBMilAFBVV95cUxPaFZzbWJjYmdRRGxzVHRDblpoN0ZaUzYzWk1senZSVG9KNGVkMHZTOW9kZmlqUEZ4UkczdUpqM2g2OE5FOG1SSVFhT29ZenNWaG96YVZPSUxTd1A1UFh6SWFYODlOQVFPSXNoLTRqRXR3RXg4S09FS2lqYVdvdDhiM0h4UlRWcVFneTBMQVdCRE9yaEIy?oc=5&hl=en-US&gl=US&ceid=US:en,University of Wisconsin–Madison,0.6369
A Whole New World :: News & Events - Swarthmore College,2018-09-12 07:00:00,https://news.google.com/rss/articles/CBMiZ0FVX3lxTFBNcjFSUm1zVXlKX3dkOHlac3JRdlE2ZWFIM25RMEh2WWlmOENjUy12WEYzaE9lNlhMTE02Z2dhN3EzLUZaQVZwamFvY09INGtFa1dBdzNuQ1VaRlpxZFo1bDBkWEZEUTQ?oc=5&hl=en-US&gl=US&ceid=US:en,Swarthmore College,0.0
World Bank: Global waste generation could increase 70% by 2050 - Waste Dive,2018-09-23 07:00:00,https://news.google.com/rss/articles/CBMihAFBVV95cUxPWEpOV0NBUXR5M29ocF81NmZZLTdiN29IR0puWDM4NzN0TDUxMzlVam5tZHJwMGM2Q0hjZXNRdnpFVXNFaFJCbV80M1J2OGh4alB0VWhCMWVDWG95clNLWlV5VFFHMVZOSWEtd0FHQjRKUks2RGxDRFBUdDZJWEtkbmJiRmQ?oc=5&hl=en-US&gl=US&ceid=US:en,Waste Dive,-0.5106
Binghamton University #32 public in nation according to ’U.S. News & World Report’ - Binghamton University,2018-09-11 07:00:00,https://news.google.com/rss/articles/CBMirAFBVV95cUxQem1MREdoSFJ3UWc2MWotbk52TmVHektNbG1ndmhPMmNRX0k1dGlyaFkzbVN4MlRKX1hUcnI1YWRWZ2xrSVVmQ0R2WG41bDItWkFXYUpEZ1duY0d4bnZrcVFtZTNHcjJXVy1ER010SGFvbURCUnpsVDJ0dDFzS09zdkhyeTN2dGdwQjdNM2VVWVZKOXR1d21SOGgxclQ3aHE3X05rUlVJZExFSGFJ?oc=5&hl=en-US&gl=US&ceid=US:en,Binghamton University,0.0
UNRWA funding cut could close Palestinian schools within weeks - NBC News,2018-09-04 07:00:00,https://news.google.com/rss/articles/CBMiqAFBVV95cUxNT0xMWW5yU09XZ1JrT19JNW5kUkY0TGRycVNkU29lTnlGU0dfZVEwcGcyOHRBSHpnbEhYVEdFWTZNWHFRS1hiMGFvNTN6bFYwZHF4WnEzakt4SUNvMkUwYzdtb0N5c1FUUXFsdzQ0Nlcwb1VkbmN6RXlaWVh5MG9oWnktNnJsSjB3WUI3NnBaVzM3cjItYWZ4Q0pvZEZlMmNtVVBxa3lBaGLSAVZBVV95cUxNc3BaSVFKUGF2OEdOcVJpV0s3X2FyNTRNLUI3cnpGTnd2OE1GbmxDMkJLWTI4UXliRGN5TGtZaUJScjdSS29mWnZ6Rm5nd1Q5aUp4RHNxQQ?oc=5&hl=en-US&gl=US&ceid=US:en,NBC News,-0.2732
U.S. News Ranks Bentley No. 3 among Regional Universities in the North - Bentley University,2018-09-10 07:00:00,https://news.google.com/rss/articles/CBMikwFBVV95cUxNc2lUWDg3TGhONHBrUFVVLWltS09VdDZmbkRCZlFwVjd4WFZ3dkMtSE11bHlSRm9JOFpnV1hkQU1VOUpTNkRKV3VLMnd6NVQzX3Y0a1h4NmttaWc3ekV3R2ZCUVJLQWIyYTA1T21qcXo4bmt6ZXRFNmFUTjl5VkVHZXdKWjFVMFBYVlZOWllSaUVIZ00?oc=5&hl=en-US&gl=US&ceid=US:en,Bentley University,-0.296
"Top 10 Again: U.S. News & World Report Ranks CSU, Chico as a Top-10 Ranked Public School in the West - Chico State Today",2018-09-10 07:00:00,https://news.google.com/rss/articles/CBMiwAFBVV95cUxNTkJGWG1NOHpaTFI5S0NJR2ExcHNuT1dfSGxYNEs3ZU1oZkxKbjdnc0tod0Q4OEFSekYxeVZOVzFZSEwtdUpsbUU0SVFxeHBFVnpmNDNaV2NYSW1LcXhNNUQ4anBZMDNJQzg3bHI2cGxmcTlBanFENjlTZ1E5NDhtcXVOMnRGZ1pnbVdxWG9pMDlQVlZocXhDTVY2ODhnbDZoTFNGSUcyYmc5OUQ1RG5LWkVtUXpVT1VjR0xzb0NjRHE?oc=5&hl=en-US&gl=US&ceid=US:en,Chico State Today,0.2023
Chevron wins Ecuador rainforest 'oil dumping' case - BBC,2018-09-07 07:00:00,https://news.google.com/rss/articles/CBMiY0FVX3lxTE1UM3UzcVdTNFVyTGlTMFU0NUZoR1A3ZDI3WGxGajJjTUNGZXNvaE9BdmdVMmR0cWFkdjVpenVvTnF2SHYwbXpiblk0RHktT2d0YnU2bHU4enFNSUJfUmdRMUhOONIBaEFVX3lxTE81eGU1bHZxeXBqTVVxWE9ZNTg5QVlueGZxV1pYc2pPVG5UcVdnS3l3YTVITVkxZkM2cVp4NmVYQkszVWFYaG9WeXNoTUZqdXRWelYwaVVvdzhTc2s0WnZiWEMtbmtmOHlS?oc=5&hl=en-US&gl=US&ceid=US:en,BBC,0.34
Aadhaar: India top court upholds world's largest biometric scheme - BBC,2018-09-26 07:00:00,https://news.google.com/rss/articles/CBMiX0FVX3lxTFBxdk41ZUUyUmFZajA5T3NINHRfZ2lXbHNpUkhYV0Q2MENRd0Y4aS16RldsN1ZrSXBhWFNLWE94WmNKNWpMT3pZSHhWZWRIT2RENTJLX3lPU1pFeFc4V3lB0gFkQVVfeXFMTjJlLWpfblhEdmp3X2k0ZnRMQ1l3dzhGVExsa2VWMEVkeS1taFVQRnBJc24xN2tvb09WUU85LW9mb05OWnpFRGlnT1hTZjNxeGFJd3k4WTBhMUU4a1ViclY0cGVnaQ?oc=5&hl=en-US&gl=US&ceid=US:en,BBC,0.2023
SC schools ranked nationally by U.S. News & World Report - greenville journal,2018-09-10 07:00:00,https://news.google.com/rss/articles/CBMimgFBVV95cUxQY3oyeHVVQnBsbXVsNEdwTVFLdkt0bk5FME5ac19ZMVRpaDNoWENXZGxkUFNhMlBGUTRJOUU3b3pZb19sRlBoRjFyMkFHdWx4WElOVkZ3eFhOdWhhSzZHeDkzd2VVek5BUWdWMndNM25HUUpjazRrZ0swNjdYV2dsaE9CeXF1clBETmxsdTVBSFZYTmZzR1dGTE93?oc=5&hl=en-US&gl=US&ceid=US:en,greenville journal,0.0
Inclusion of “gaming disorder” in ICD-11 - World Health Organization (WHO),2018-09-14 07:00:00,https://news.google.com/rss/articles/CBMihgFBVV95cUxQNDZZLVJadkRMMUxacnhzMnp5RVhUU09mdXB4RlpncW5EUFhJVzVBQUxtYkFzMmt1eExwRmlGT2hZWXlVQWNkdUxINGlMNHU4REJER2NkMWMyZEZlTzNQY21maU0wWER6XzRZSGhPZWJMRzBIejZLZV94djRZTFlwRnN0SVJkZw?oc=5&hl=en-US&gl=US&ceid=US:en,World Health Organization (WHO),0.0
"'World's oldest brewery' found in cave in Israel, say researchers - BBC",2018-09-15 07:00:00,https://news.google.com/rss/articles/CBMiYEFVX3lxTFBqZklNbTdRM0taTU5rNHZuOTJHUThhenlOS2Q2aFBsRUlfVW05WUZLSXFzVzE5NG5ZcHd0QlZQUkpYQmYxckxOQXJJem9aamQxTjl5SlQ2UGZaNzRfN19VeNIBZkFVX3lxTE9yblFrZnVpNmFBTzA5TDN3RThDaERrRHVtQTFobVFLUkFPZC1vNEFIQVlTdkZaQUdkYTZ4M19Ya1YwOUxUazV1NkVNc1ZqQlU0RzVtM242NmxuWk8xd3h2STRrS2dnQQ?oc=5&hl=en-US&gl=US&ceid=US:en,BBC,0.0
UH campuses climb in U.S. News and World Report ranking - University of Hawaii System,2018-09-13 07:00:00,https://news.google.com/rss/articles/CBMifEFVX3lxTE5lMG9FRkIzUFY3WnUyWk1QbHZEYk1lVTBkenB0UXFnRGRFR0UyOTFUeGMzZHF0d25iSjRucmRrMzBsZUgxcUlWLWxxbnNUYVltb1hoMS1uU3M3VmNOVmFHVVlSdFMwaW9VVDFDT0hPemlFRjU0WVppMXNkc1Q?oc=5&hl=en-US&gl=US&ceid=US:en,University of Hawaii System,0.0
Reality Check: Are migrants driving crime in Germany? - BBC,2018-09-12 07:00:00,https://news.google.com/rss/articles/CBMiWkFVX3lxTE1QTDZyRDdWVXRDejlTaFFKdXdlWlg0TnpGSGJ4X2s2YmV6YTVDOWRnMHNPNnBaQ08wV2Q2eC1KSVJrX1pYcmZUdkg4aHM3THJLNU9QaUNHMC0tQdIBX0FVX3lxTE9Sakw1UW1OZDk2WGtnUFVIWXprQldfOWFGbG5oc2RzRzhwSzBuVC1tdzc1NzJLMWVaVnQzOXo3RVZRaWVhZlJiTDFJbzJwNUY5SV83OWxvQXpjVHlhOTAw?oc=5&hl=en-US&gl=US&ceid=US:en,BBC,-0.5423
Northeastern student wins silver at World Rowing Championships - Northeastern Global News,2018-09-20 07:00:00,https://news.google.com/rss/articles/CBMipwFBVV95cUxQQ0RRWGN3eUVISlRGbGtIWTJTZGRHOURKU1lPWWRXLVdNcWpaOFowMXVXazVmaW9NMXgzblN1cUpjLWRyTWNjSkVxSW95SnFmR2J6YktNQVNiWWZvcjJpVEhqVkQ1bzB5NUxvS0xsMUt2VThjTFByN0ZpTllVNm1Tb0lfTC1rQ3V4WjlfcVQwdEhSWUM5ZEpLdWp2bTlXZFBOYXdWM045Zw?oc=5&hl=en-US&gl=US&ceid=US:en,Northeastern Global News,0.7845
The Fulbright connection: Changing the world through shared knowledge - Illinois State University News,2018-09-16 07:00:00,https://news.google.com/rss/articles/CBMiWkFVX3lxTE96R1o2WE84Vm5sYW9kbUhhX1dDRk5KclJ5SnFLV2tlSGduVnpDYzIyN2RaNVJSRlV1TEFfcUF2NURQWWdoV2ktbEpTTXZUY3lib3B3a1gyai1kUQ?oc=5&hl=en-US&gl=US&ceid=US:en,Illinois State University News,0.34
Civil rights in a complex world - MIT News,2018-09-12 07:00:00,https://news.google.com/rss/articles/CBMibEFVX3lxTE04dmhVWHpfYmZvQnJTd252N3Z0OWdvUkU3clI2M3NHLUlCR0dqVGpobXBCVlFhaGxyNnQ5SDRFUk9DSEN6aGd5SFZ0eUJfNkVUaU85bnhoM19zV0kybG5UdGxMVEYzUkE3U0lFdg?oc=5&hl=en-US&gl=US&ceid=US:en,MIT News,0.0
Why do Supreme Court justices have lifetime appointments? - Northeastern Global News,2018-09-21 07:00:00,https://news.google.com/rss/articles/CBMinwFBVV95cUxPRG5BSzM2QTVfY3JpUzlGSkVOQWJRaDBJZlRDWjVIUFBpeWk0eExwcjctdUxYWUpqbE9pZ2VvUWl5XzE3U093NlFoQ1F6R3dSVjJXX0NoWldjZng5dDBJbDVtXzgxR3gwSEtkM0VCQU1laklVVlFndkVOV21TQzlNOG1ic1g0ZDJoNURaTTZWeks1bnN6N28zcHNqSFoxUTg?oc=5&hl=en-US&gl=US&ceid=US:en,Northeastern Global News,0.5574
Rwanda profile - Timeline - BBC,2018-09-17 07:00:00,https://news.google.com/rss/articles/CBMiWkFVX3lxTE9ZU0NBMVVOS0w0aDVrLVkwT3ZVMGJfUjR5M2hreDB0RjBkYllYQVN5T0dCRTB0OXdtX2hINk91S1k2Vk1fT0FqcnlFUGp2T25KTk91YVV3SDlfUdIBX0FVX3lxTFA3SEFHaVBOVUhQejVkMDR5RDctRUJWQ2FaLUEyblpCZGhNbVlPYXdCNnVJd2pxTklyM01KZ3NTM1k0Q2tvN2xIdmx1OFJBUUx3cUhJNDg3dUt6RUozUEtR?oc=5&hl=en-US&gl=US&ceid=US:en,BBC,0.0
George Fox University again receives recognition in 2019 ‘U.S. News & World Report’ rankings - George Fox University,2018-09-10 07:00:00,https://news.google.com/rss/articles/CBMiakFVX3lxTFBwcllUaWdEUDhUa2tiODBzLXJjb1ZwWk9XZURIQWZPdHp4ZDZjNjZreVJGUWdnTHdEakU0WUdaOFNjU1lPQl9GYzEwS2pONzhFeGI0S080N0xjTml5S0ZjMi0yZExkQnVQX1E?oc=5&hl=en-US&gl=US&ceid=US:en,George Fox University,0.0
SU rises 8 spots on US News and World Report ranking - The Daily Orange,2018-09-12 07:00:00,https://news.google.com/rss/articles/CBMihAFBVV95cUxPWUZKS3U4MGFMejR5bnVaMUJYSGdnbG9Tb3JLNm9ET3Q4bnpuYk12N2ZRZms1NWZpa1o1aXVWTDJvdlhxOVZZQ2ZfN3BQNm4wcUx4YTQzTEpYd1dJY2w5a09YRERLM1FZTGcxUzVXRUk0ay0wLS1sZnJVSTVjM2lhazNwYWw?oc=5&hl=en-US&gl=US&ceid=US:en,The Daily Orange,0.0
U.S. News and World Report ranks Sonoma State as Top Public School - Sonoma State University,2018-09-11 07:00:00,https://news.google.com/rss/articles/CBMimAFBVV95cUxOLTJDZFlSOHZVd1lvR205b3VSWUFNRGd2YnJGQWVrWWU3X2k0RjFoWUNwMmRzd0ZUamFJcE44dkFva09sZ3Y4V3F5d1p3cEhFWVlEdzdxTWtGdl9ESFVEd1YzV0ViekZVNm95OE5UbnM1WjktanBVcVh6UGNBY044UExsRUczWWx5UTlFUzZEOXdIM3NETmI4ZQ?oc=5&hl=en-US&gl=US&ceid=US:en,Sonoma State University,0.2023
"Global hunger continues to rise, new UN report says - World Health Organization (WHO)",2018-09-11 07:00:00,https://news.google.com/rss/articles/CBMimAFBVV95cUxQVG9oc0JISzg4eEhITkh0UkN2WHdqWVhFcWliUzFYQjVkdnJfYXFNQzIwN3MwUzk4TnllQy1wRWtBT250Wm1Zd3lKRW1ZcWp0ZG9Iaml5S2RzdndHV3dYcWd2Y3NJS2VrWjM0ZFVEcjA4Zkx4TXhHNllFbVZHODhoTWJLMVRacW5SWDBFbW5XYTYzc0FYY0tkQw?oc=5&hl=en-US&gl=US&ceid=US:en,World Health Organization (WHO),-0.25
US President Trump rejects globalism in speech to UN General Assembly’s annual debate - UN News,2018-09-25 07:00:00,https://news.google.com/rss/articles/CBMiV0FVX3lxTFBTcTFEaEx3WVJMMnY1TzhZTFdYMEoxVUs3RW16U0hzbGNidnlTR0gzQzJveGpWc3pGU3RSbEVVVGdUSkpGRmtOQTZVWElmWHlLOTFTLVJsZw?oc=5&hl=en-US&gl=US&ceid=US:en,UN News,-0.4939
Migration: how many people are on the move around the world? - The Guardian,2018-09-10 07:00:00,https://news.google.com/rss/articles/CBMipgFBVV95cUxOTnRFQlFOV25FR1lwQW9PeFkwZk9IMVowa0xUeXpFT2dVQ1JYcHlKVUlRN1EzNTl3dTI4WFZjV3RJQkxFNEJuZ2RUM1EzclpSb05sQzdMczNxdTRwWnY1OWYzLXo5dWo0dHJoUXhXVTIyYjZNSk5lZjROb25RczdEUUhOeFJsVDZuMjdjY1Z5V2JqR0M1Y0xJME9Dd3d4eVo5cnRTUFJB?oc=5&hl=en-US&gl=US&ceid=US:en,The Guardian,0.0
Changes in ENSO impacts in a warming world - Climate.gov Home,2018-09-27 07:00:00,https://news.google.com/rss/articles/CBMiiwFBVV95cUxPRmFYZ2M2dThjVjlBVmh6YjlmUjQtZ1hFZlZRbnpUYnBCVWtDYU9ESEpTSV9TcEtQS2loa3dPaXNYOHp2aVZ4MEJEb3U0YVA0WlVGempOZnI5b0tsWGpWVkhkMzNqYkR6XzNWMDZTeFQ5NFlYR05Gb05xN2JGNGIyclBxQ1E3SVRzX0NR?oc=5&hl=en-US&gl=US&ceid=US:en,Climate.gov Home,0.1531
We need impartial LGBT+ news to advance human rights - The World Economic Forum,2018-09-28 07:00:00,https://news.google.com/rss/articles/CBMikgFBVV95cUxONjBGekh5T1FhX2xlUHh3dHVXZjd6VWROVkEzRE0zSFVXU2dJa3NnaEFyYk9RZ0F2ajRIemQ0TWVUMlVjbXpXZERWM0dNR1c4TVU4UzV3LXdzSEIzRnJrb3ZvZmM3dDBwTXhuNk82Qy1TZldlTTVFdTNqMjBMZVZOb2lXZG5WMEtmMHg2Y1J5TjdEUQ?oc=5&hl=en-US&gl=US&ceid=US:en,The World Economic Forum,0.0
UC campuses rise to the top in new US News & World Report rankings - University of California,2018-09-10 07:00:00,https://news.google.com/rss/articles/CBMinwFBVV95cUxQOWJtYmtRWjJWQURoemFpREhLWjN2aDhYak9sNmNWZDVuYzhRZzBJVlI1d3lHeDhvV1pZR19ndlAydWgwZ1JxSS1ZSlZobUpzaUZQbWE2YmM0X2VyazdTVUpLYWozRXRHbnMySGktVHhOLURCQ1Y5dnRxZ1NNSHZCRk9ET05sWjFsUDNKOW5jWGZTd1NXSUh5UUswSEFsSlE?oc=5&hl=en-US&gl=US&ceid=US:en,University of California,0.2023
What a Waste: An Updated Look into the Future of Solid Waste Management - World Bank,2018-09-20 07:00:00,https://news.google.com/rss/articles/CBMiywFBVV95cUxOYnA1Q1kwbU02aGx5T0JtaU50TXY4V25jbXFYSUF0Q204X29UVkt2c3lIcGFWWVdnY2VDTWVSdlZiUHA2aGt0c0FGd2pDQ3d4S25ieWFwWE9ORWp2WFdSYUNXOThnRTU2X3NZWmVwVF83Y2ZwRzgzelJIZ3JzZ1lCV3dBcHptN1ZYWkQyS3pidGlIcUpSZnp3dkVCWFFIWC05NjhKN0Vxd0p4ODdkczdsWVJUYm5hcXdsNThVZEZVSWphSFpDUHF4M0VwNA?oc=5&hl=en-US&gl=US&ceid=US:en,World Bank,-0.6124
U.S. News and World Report: University of Nebraska at Kearney in Top 10 regional public universities - UNK News,2018-09-10 07:00:00,https://news.google.com/rss/articles/CBMizwFBVV95cUxPZ2xaWE85UEpvLV9HU0V1LUE3ZnFiTy1QeGZBMW8ybWlzaXZjZ3ZFTnZiVTJhdU5YNG4zZW52X1lBNkJ0QUlsYWZHYTdrQlVLWGVKVjcxMkFBbFhmTmRSSmxnbWxQazFiX3pZT2psX2hublNBVDNDd2tON19CTTJFdjFoQlFUWkRvUjB1SFNhRkNyYVdoU3pjOEhJeFlKejFrSFlFRGx4NkluOTdCWXNremotVzc1WkFjNVhvMmRoMHpNdVZiUTM4QUVURjluNGs?oc=5&hl=en-US&gl=US&ceid=US:en,UNK News,0.2023
Cancers 'rising around the world' - BBC,2018-09-12 07:00:00,https://news.google.com/rss/articles/CBMiUkFVX3lxTE1tQjIzR2hpRVctYzlZOWV2QVdNcEV5RkxhSzBKX2NYZW5iMXNRaWRoZ2V0YTEwQzVmX1ZNTW5xdnpFUlNJd0ZlNHRhNHlYN2hlcEHSAVdBVV95cUxOWkxUNWtBdDlkLWhEa01YSk1VVVFrdHhfenNJT0VmMzFCVFc0MWg3TE1ESzNrNTRaZnVBd05KTkxkclVHaEFKRUtBdU9EeHliZU9XNmdHbVU?oc=5&hl=en-US&gl=US&ceid=US:en,BBC,0.0
HPU named 2019 “Best Value School” by U.S. News & World Report - Howard Payne University,2018-09-14 07:00:00,https://news.google.com/rss/articles/CBMiigFBVV95cUxONnNIWWlRWlBRWkpUR3J6a2lhU1dHOENMWW9NVERRMHNRX2tRVFBDbVRZZkxrbUN2eVA0U3lfbVNJSXJKNkpuTXlsa2gxWFotZ0p1cXhTQ1U0N0ZxYm1FMXRWLS1ndFp2S3hvOHZHT0xVUmg2M3RRaE42czlPY0NiUWFnTW9ESzU4QVE?oc=5&hl=en-US&gl=US&ceid=US:en,Howard Payne University,0.34
"Get to Know the Bee Hummingbird, the World’s Smallest Bird - National Audubon Society",2018-09-17 07:00:00,https://news.google.com/rss/articles/CBMif0FVX3lxTE5GcHFxSXVUbld4S05YY1NmSy1FLVFnVWtuNC1qVUh3ZEJGdmxZZmtoZWpIWUNNMkZFTVhIU2Q3XzZMRFdicE9qVkdpdUlTUDkwdldqVG5CSXE5NURYdzdBZGlWeTB1VEZsSnp1bU1EVXJpTHlZcWJOLTF1dzF2U0E?oc=5&hl=en-US&gl=US&ceid=US:en,National Audubon Society,0.0
Women Are Still Underrepresented in Parliaments Around The World - U.S. News & World Report,2018-09-04 07:00:00,https://news.google.com/rss/articles/CBMixgFBVV95cUxQNUd4YUtFWnB2QnJCbXE0OVRORGxnSjBkNTh5S015UW10Y0hreHVFaXROTkNnaXhtSzVmbmxqMUhwRlZrMDFiOGpxSW0ydjhNY2E1dnc0X3Y1TmtDbm9vQXhtNGZCR2k5aHktUHhIQ1VIS0UyXzh2RVlxOGExZHVRS3k0aEE3bGQ2QlJoLXRscmxRYmNZaGZqNFBoV1I0cnZPQld5aGUtQnFuWWFFQVZyWjFhTWtGNk5aMFNSRXJMemtJR2hLNVE?oc=5&hl=en-US&gl=US&ceid=US:en,U.S. News & World Report,0.0
Why Afghanistan is more dangerous than ever - BBC,2018-09-13 07:00:00,https://news.google.com/rss/articles/CBMiV0FVX3lxTE96Z19Ca3N4UVUtbDQza1NZVFlFT0ZyUGRHMGRTTUlFei1wR0xadGd0enNpRzhQcC1fUUNaU2p4WHNnaHRFWkFtQ21pYVJXcFNtTDNPemJWZ9IBXEFVX3lxTE4tb245Y2JiT3dCV09qQnpMZ19VaElSTnRmemlrWjhqVDRNSFVZcWxjS281VE04OExRM2NBaTRFa0hUdHd0LS1WMGhhR2doV3NYRkRYd3J1VmEycV9f?oc=5&hl=en-US&gl=US&ceid=US:en,BBC,-0.5256
“Jerusalem is Not For Sale” Palestinian President Abbas Tells World Leaders at GA – UN News Item - Welcome to the United Nations,2018-09-27 07:00:00,https://news.google.com/rss/articles/CBMiyAFBVV95cUxPMktqMXk5N3p5QW9Zc1VIdnhaNUN6NXdoa1hvaDFNczBGQzZkTEpaVndkVXlhODFJeG1zNlB3TVBkNk9TYWQtSjhNaDdUUXJ3Y254SFhlX1FPdGdrZzB3d1BrZWc4TVFaMVFSa29Ta1dENC1McGNzMXM1QWMxcmZ0Rnl1TE0yeUdxSGszSFdaeGV5SWZaUDRzRXlHS3pyUUJHQnhOODcxekZPV0xhWUNYS0ROSkZlUFNSRWN1azZzU2lZZEtsX2lCQw?oc=5&hl=en-US&gl=US&ceid=US:en,Welcome to the United Nations,0.7003
Brazil museum fire: Funding cuts blamed as icon is gutted - BBC,2018-09-03 07:00:00,https://news.google.com/rss/articles/CBMiY0FVX3lxTE5GdGdCR0RFUWl4RmFESm1VZzZyVUVHOTZJbDcyZ0pFYU5nMGNmZEtpMG90a1QyRDZCMHRYei0xemZGUFJHd2F0NmtiVXBUWWh5Z09fM09QVUsyeE9TajdSU1NvQdIBaEFVX3lxTE5MbEdLeFBDZm03V1NTZDRRa19iMENNWERKaG51aDdhS050Vm8yMHNlZmxpSWlGR0tDN0JqLVV6ZkhFQTBSNmZDbF9ocmdXOGFGMHh6WkJ5WUVnUThCaUYtZ0lmd0pmZFRk?oc=5&hl=en-US&gl=US&ceid=US:en,BBC,-0.7717
Indonesia earthquake: Hundreds dead in Palu quake and tsunami - BBC,2018-09-29 07:00:00,https://news.google.com/rss/articles/CBMiV0FVX3lxTE9rU254U0ZKREgtMEFNeFFHTWtYSzRseVgyUGRwYk4tZDM1Zk04MnNUSldiME82UF9WVW0yaWZESndWMDhaemYzV1VaY0dHQk9KQVd3Ukhfd9IBXEFVX3lxTE5yS3ZOSXFCanRBeldFbzdsYVVlZ3kzV0FUb3VETjBPdmtnVURTSmdrUW9KbnVXZ0RkRFZFVGxRNWpjdmI3NnlvVno2ZG5TUm8tWkplTDFYV2lHeHlt?oc=5&hl=en-US&gl=US&ceid=US:en,BBC,-0.6486
NuScale SMR enters first manufacturing phase - World Nuclear News,2018-09-26 07:00:00,https://news.google.com/rss/articles/CBMikgFBVV95cUxPc1hWczlGQUEtOWVqNEt0RkdoUW42NXVuRVhxLXRTQk1JUDIwbk42S3VIRjNPbUxCRE9NSmR6djUyTHZLMTY0UFcwWHNlSml5OTlOQnA5TnNOS0lqMHJIMlJ1dC0zaXRCYmluMzBQZVhiWXR2S0xNMDl4NTBaUGZrUjJLUVREZW9fdXlHdDBUdXBWQQ?oc=5&hl=en-US&gl=US&ceid=US:en,World Nuclear News,0.0
Should Africa be wary of Chinese debt? - BBC,2018-09-02 07:00:00,https://news.google.com/rss/articles/CBMiWkFVX3lxTE5jWUt3NEE0bTNMd1libjRhcURRZ09Jd0I4NnNtVWRFbC1hcEVFYmxPV3J1M3NtQndWUnNGdW1najNud2hsZngzWV9zY29ra2wtOHJhUlRKUHdfd9IBX0FVX3lxTE9QRFdTZGVHd3RiRy1od0loU1JGTmFad2NRUXgyYXNWLUJPdTg4eVBFQkxOdEowdGtqRW5oeEZ0c1Zvb18zVjV3MF9FRDQ1aG4tVjBhQjVIVnBob2dqcmFF?oc=5&hl=en-US&gl=US&ceid=US:en,BBC,-0.3612
Global Waste to Grow by 70 Percent by 2050 Unless Urgent Action is Taken: World Bank Report - World Bank,2018-09-20 07:00:00,https://news.google.com/rss/articles/CBMi4wFBVV95cUxPMHFzUVc5Um9BMFotYktTZXZwbFk0U2JpWlZmV0FWUFU4MHlleG5UWm9hcXNXUE9sQ1pyTWJpdnFEMDRuOWxKZEZ4R2Z6NmlqSFdza2hDUHVGVE1RbUIwczlObFpMN1c3YmNSN1V6V2pJTXF6SVZ1S180V3E5akhSLTdXdEo5dGVibV8zODhpaU4yV2pzTzVkbzBSelVxdXpMQXFRZjhERExIX1l4SW9lLWlYM2dha2RNLVpPTDVoemhvMFpHQ2dLYzRQamFGMDhVZC1jN0dyYWtpTnA1LXY3d183WQ?oc=5&hl=en-US&gl=US&ceid=US:en,World Bank,-0.25
US ends aid to Palestinian refugee agency Unrwa - BBC,2018-09-01 07:00:00,https://news.google.com/rss/articles/CBMiXkFVX3lxTFBRd2syMmwwMko3Wm8xOTFscHlLbnhCOThGQmx1RndDMmE0dmFDM1NiUTNjSGlzYlhBSHlpR0hHQ0wxT3dZX0tKWkI2bWxzb0FlbjRFWDhDcEJKenh5SXfSAWNBVV95cUxQY2YxWnZQaTFnLVZQeE5WVF9SRlB1c0hJeUxDU0RQcHMyOVViNXUtWWZwZ2htUDRJdHNrcU9oSFdMcEM0aHhmMU5CU0UxbHltV19IOVAydTl2TTIwTUFOMXRSNWc?oc=5&hl=en-US&gl=US&ceid=US:en,BBC,0.0
"Global hunger increasing, UN warns - BBC",2018-09-11 07:00:00,https://news.google.com/rss/articles/CBMiUkFVX3lxTE1rUTNMa181N0NpR0JhZ0ZJMTU2Vklpdk1RWXVXSXZCZWRxVHppWjY4R2o3ckp3OXl3dnV2NlhFaUMyUEp6OVVsNDJDaGVnZEtianfSAVdBVV95cUxPUktHVkJ4QTlwbjF6a2w3eFRKRmc5TVd4clhvbzF2aEpvc0pFLXY4ajlYTjI2NlZKYU1tS3gxQUQ4ZktMYllFMTFNTHFGSTBNX3RFcl8zemc?oc=5&hl=en-US&gl=US&ceid=US:en,BBC,-0.34
Prehistoric art hints at lost Indian civilisation - BBC,2018-09-30 07:00:00,https://news.google.com/rss/articles/CBMiX0FVX3lxTE9XeDJkVXlSRzR3MWxOYVMwZnpxaWZhVW94V0VTUW1oMGtWWWRfdTJRUTBPZ01DMlliTXplSGtiT01Cd3JhcG1lcHJfTFAybERYWDNKN3NvSVZ1dkVhcmFB0gFkQVVfeXFMTlVmRUJxaC02YzJmdWxMX3hUcVZTcGlCeVBHb1RBenlFRElFQ00zVHU2MnBHRVZhTEFMUm9mTllvYWJ6VFNoc0h4Y3piakJfSDBCbWd0M1pOUVBjc04xcmtrbVZjSA?oc=5&hl=en-US&gl=US&ceid=US:en,BBC,-0.3182
Japan confirms first Fukushima worker death from radiation - BBC,2018-09-05 07:00:00,https://news.google.com/rss/articles/CBMiV0FVX3lxTE9fR2NaNmNmd01MNGlFQm9DZ0xxeWgzNkxqd25lcGI0ZlJhOFJCME5Hai1iNm9oUVVKOHdFZjN6aEdpMnA2bnNlZ1hObktBZWIwYldrQTRQTdIBXEFVX3lxTE5ZVEloQ01aMThWbGg0TldRV2ZfRENvVE9lcTdINnN2WEJ3NmN1Q3B2eGdnY0c5MTRSUkE5QlEtQ25JSWxjTk5yQi1CYlVQR2duVGZOcE5KYU9WaVpq?oc=5&hl=en-US&gl=US&ceid=US:en,BBC,-0.5994
What to Know About Murphy Brown's History of Making Real-World News - Time Magazine,2018-09-27 07:00:00,https://news.google.com/rss/articles/CBMic0FVX3lxTFBVZ3F2bUk3aEVka1RMTEozbU5tRzlXR2RmZk9RcEl6TzVVY0xUbWVjSFlqZm1KUVhaUGxHZ3h2S0lBcjJ1dnkyZWRWcWxfei1BR2RxU3luTEVzVnQwSzVLM1VWd2xCY1RrbzQ4UkhYZGFveTg?oc=5&hl=en-US&gl=US&ceid=US:en,Time Magazine,0.0
A child under 15 dies every 5 seconds around the world - World Health Organization (WHO),2018-09-18 07:00:00,https://news.google.com/rss/articles/CBMinAFBVV95cUxPdEJzSzU4R2tVY1Q5YmpTX1FLWmJvdkdtWlh2ZUIweDBxTU5LNjlhZEMtSHdSQVNTbGZyMTgtbmlYR0piS0EzU3o5a3A4bG9VZHN1bUlCeXkwQU9ENXIxLXFzZjlpVzRxMTRzeXVjdWFPTVlfYnlXN3U4ZHdSNDB0bUtlWVM1ZWtkWG1EX0Q5ekdrdTUxa2EyWFd6bDI?oc=5&hl=en-US&gl=US&ceid=US:en,World Health Organization (WHO),0.0
Russia: The 'cloud' over the Trump White House - BBC,2018-09-14 07:00:00,https://news.google.com/rss/articles/CBMiXkFVX3lxTFB0UHZwbURwaUxaNWczQjd0VnJvM09MRFh1RWxGN1h5UEViVlpQclBjaVc2TzRmZ3I4aUxDWU1LZWpPb2RzYjI4UXU3cHoxdmZfQnZfLXdON0NyR3RiOUHSAWNBVV95cUxNcHlEcFZqSWx2a2EwSDBXT21aOThWTnNCeUZfdi1XQ1JOb2FXa3FudHdaOFFwQ2RGdjJHUk9Lb1BtQWJ3dFF6VlY0SHpHRURhd2h0LWRQdFpmczVJYW1KQld5Mms?oc=5&hl=en-US&gl=US&ceid=US:en,BBC,0.0
World's biggest battery: a look around Tesla project - BBC,2018-09-30 07:00:00,https://news.google.com/rss/articles/CBMiYkFVX3lxTFBFYmVxMFpDcTNhQS1CakpBakxHQUY1NFBDYUxrTEJfMHRSUW9ROWp0bmxjNGhQdE9QWVItRE5EbmdTT1pOMXJYOGlILXRhUzVoZ09SRUJvWG5RR00zRm9NTkh3?oc=5&hl=en-US&gl=US&ceid=US:en,BBC,0.0
WHO launches SAFER alcohol control initiative to prevent and reduce alcohol-related death and disability - World Health Organization (WHO),2018-09-28 07:00:00,https://news.google.com/rss/articles/CBMi3gFBVV95cUxNeHd0ZC1aR3ZXTEFVY2ZkQUdvekxMWFRXZUxMT0NCVzZNQ1JtcFJnUThGX3g0NnV1cy1EZG0za1NjR0tYZU1UZGduT0F6VzViZTR5VmF4TVJkYUpMSE1EMlI2M21LS1BoNW51dDloNzY5aDhXWnpSaW42NV9pdUs2SE1oNTFnMlB2WlhVTG1uaVRlck9ucE1MZlZ0ZWVUN3BibGZjOGRiaHdVTTdjM0xJVlduU1BBQ19IQ0h0bURMNDBPZm5HdHVCUTJUb0pKREhIWVZWRDRDcmZjX2J2WGc?oc=5&hl=en-US&gl=US&ceid=US:en,World Health Organization (WHO),-0.0688
"Haqqani network's founder dies after long illness, Afghan Taliban says - NBC News",2018-09-04 07:00:00,https://news.google.com/rss/articles/CBMiqwFBVV95cUxQSnhpOVZGU2JLWDJDS0xwYnhJT0VpNHJqb3VGUWNMY0hGOFpwSjJFa3ZOTGdlcFo2RTFjcWdTbU5tZXpuWEZialRKSzhrbnE4cFozckZBS2NCRE8zeTJOaEQ1dzl5ZnRxYUtxQmp0WWEzYUEtbFFHUXRjUkpIZmhQajlvc19uMms0VUtyX2dIYkJNdXdQX3ZfZUk0d0l6TllfVUZLTnlWTW05OW_SAVZBVV95cUxPWUFhUjI2V0d1S0hSX2RfTUdXSm9aMkNBSE1zRWoxTGVRaHRQODA4RTg2RlNfSjdMTlpJc0FjWEtZOVd0WUNvSlA1V2JmWlo1d2N0bHdmZw?oc=5&hl=en-US&gl=US&ceid=US:en,NBC News,-0.4019
Port Moresby: The world's most dangerous city to be a woman? - BBC,2018-09-26 07:00:00,https://news.google.com/rss/articles/CBMiV0FVX3lxTE43N0ttVkw1dTBEQVZaTDlGeEEzci1QYTlBM2hZSUJyQUlqMDg5cG9iRHpsNVM0NDQ2c1JqM2dfZUNNdDF4MVhGVXVKOEhYNzE0YllDa2JwMA?oc=5&hl=en-US&gl=US&ceid=US:en,BBC,-0.5256
"To solve the climate crisis, we need to rethink how we produce our food - UNEP - UN Environment Programme",2018-09-26 07:00:00,https://news.google.com/rss/articles/CBMipwFBVV95cUxQS2NOREE1U1UzbHAxWDZ6REdreFNBTzhJRThzNFZ4RGFpUm9JcGNFUVVHQlZmMGxpZlVFM0Z0R2RZVWl1X21FUE1uekJONE55eWJETVYxTldhWFRGUFk4YVN4T0tlYUFER3FNc3F2Vm45SUYwcS1TNEN3aDlDU0pOOWZIZVo1YU5YUlpVTHZFMVA2RnJTZk91WUY1Y1VrQVJpUThfQVhGaw?oc=5&hl=en-US&gl=US&ceid=US:en,UNEP - UN Environment Programme,-0.5106
U.S. News & World Report Rankings Recognize MICA's Graduate Programs as Top in Nation - MICA,2018-09-16 22:07:25,https://news.google.com/rss/articles/CBMiwAFBVV95cUxQREwtUFFqWTJJdkNhNkNJQ2N6ZWdJdDVBaGl5TVVVSkZDSnJ3bXVqby1vMzA1UXhGT0F2Q205UDJXdWljalpVQl9oXzI0QlZvSWgxMHVKX1cwdkRPUE1RaEhrMDBwVlNCZmpIWTNzdTF0WFBLTVBNaTNibFdfTkhJTkNZbldFWks5V084QWR5ZkpzNU9rN2M0LUlQc2Q3U1FPczEzaThIaElqRVJ5N2JodnZ4Sjh5UV9pTDVLaXlNeTU?oc=5&hl=en-US&gl=US&ceid=US:en,MICA,0.2023
How did the Christian Middle East become predominantly Muslim? - University of Oxford,2018-09-17 07:00:00,https://news.google.com/rss/articles/CBMimAFBVV95cUxPTTl5WUhYZmdYeUFsX2V2djdiR0dtMmdlNzNvV2pEd3pXOUcybDhrTmQ2WTlwVl9rcGdISFk1amNzMUkxaUxvakVwX252TTNJT1gwNVNEVUw1eHRvYVUzaVFKWGJqYUV2NmU1bVd2dFZ6SGZHdXk0UXkwM1BuUmY5dm8xaHlPdE1DVVR6eEhmeHlRR0hWaXhUSw?oc=5&hl=en-US&gl=US&ceid=US:en,University of Oxford,0.0
KU drops in U.S. News & World Report college rankings - kansan.com,2018-09-25 07:00:00,https://news.google.com/rss/articles/CBMixwFBVV95cUxQTDNhalVLX0Eyc1hWUjkxTGJkRFNrbWRlakhXcUZhQl94b01ubHI5QVRFNTFJTy1jVnRqSjJ3U0FBdG9RNHM2REdLWGs1RXhORjBXT1M5dlhJWTFVUURaTWpoQUVYOExtWnNmYUtBVU1rNXY0SGpLTEdidWFvQlJsRDJXblQ1VTFkYk04M1d2bGdrekJ4dGRXYTN3MlNnUnZRVnVEVkxsbUVEWUFCQ3hCalI5SmM1YXZLTndGczVZT3F0dUJtNnFF?oc=5&hl=en-US&gl=US&ceid=US:en,kansan.com,0.0
This is the way world ends: will we soon see category 6 hurricanes? - The Guardian,2018-09-15 07:00:00,https://news.google.com/rss/articles/CBMisAFBVV95cUxObDFTM1N0OWpicTRmRnFRUlZKR1Ric2RkR0lKXzJraTQ2RmdZWkcxTlBHS19yWElhOVZrRkloekVPZzQ4NUw2N0drVUFtYjViRWlPYzJoWlJXR0RzNXlCMlRpZ3A3U0trbjc0cTZZeHNQS0RqT2xSa1RJaXllMzd4VUc2Q1F2LWg0N2kzMzRQRTVRZU9XenhwSWxQTmJHZk9uUzBTdlBTcWo1c0dCVWYxYg?oc=5&hl=en-US&gl=US&ceid=US:en,The Guardian,0.0
"Innovation, Entrepreneurship, Positive Change. Join the Farmer-led Irrigation Revolution - World Bank",2018-09-05 07:00:00,https://news.google.com/rss/articles/CBMi1AFBVV95cUxQNVhfRTQ4cEtpZ0N0NkgyQVVZQ3BTM2ROQ0tMN3R1UXhyZkVibDQxakZWZFZGQlU4LWtHanpWNWZHazd1Zk5BM3hnVkhRcEhSWXdhSldieXZSMHR1VGtfR3VydVJhcDJCNDF3N0Y1NjE4U281OHNtbl81QlR5Wkd3MWhRbzdVOV80bHQxbjZCUDBIYkhvREtJcHhDdHM2eDI1QjNaOWczUjk0QzlEVkVIc1BNMElJTGJ2akFLcnFIOEllVm03WUlYVlNtd2FMVThYOUUyUw?oc=5&hl=en-US&gl=US&ceid=US:en,World Bank,0.8126
Fight against ‘vicious’ tuberculosis epidemic drastically underfunded: UN deputy chief - UN News,2018-09-26 07:00:00,https://news.google.com/rss/articles/CBMiV0FVX3lxTE5rZnNobUE5aDhMVFVxNkZxZUxKNmpndHY3aGN5LXFmNkZINWNmbVpuQmZMbEtLVVVKN01zdTF2aGlkM3pNSjVBZ3o2TVFITS1EemtrazlXNA?oc=5&hl=en-US&gl=US&ceid=US:en,UN News,-0.3818
"‘We cannot abandon’ rules-based world order, Singapore urges in UN speech - UN News",2018-09-29 07:00:00,https://news.google.com/rss/articles/CBMiV0FVX3lxTE1KM3pUSWRySy1tVWlDemdLSm81bGRMN0hQMmEza0pJTnhDV2hvMDRkb3FaVzNmLXI4YzBqbVBVZFU1R1V0V2ZZUXFKcDIzc1hXczFkVE05cw?oc=5&hl=en-US&gl=US&ceid=US:en,UN News,0.0
Exclusive | ABC accused of playing dirty in bid to win network news war - Page Six,2018-09-25 07:00:00,https://news.google.com/rss/articles/CBMilgFBVV95cUxQUWM2emJGejJPcmhPZUIxdXpFMHg0NXpuZTNMUTg4MTI5aFZlNXFYTmhNc0prTkFNcWFyR1ZVd0FFRC1BaHlPR0Zoc3V5bi05YkNYOHNObV92TzlEbmN1OEI2Rkd6ZDhtTTVVTWJGc2Y2N2hlbk5sbWxfdnItTjZ4empaTER1Zi15Q19VSlQyZmNuT3pWdmc?oc=5&hl=en-US&gl=US&ceid=US:en,Page Six,-0.4404
Chassany becoming FT’s world news editor - Talking Biz News,2018-09-14 07:00:00,https://news.google.com/rss/articles/CBMijwFBVV95cUxPWlhjWDJOT25SMUJEazJKbEtCOENvU21IUWUwNWJLR1AtM0d0TXBIaVR1WUJkZ09lNThZUTBJWTBsQkEtWWRmcTBOMG1BUzlBdzlqcHpHenpaR01BQVlZNHNQamdJdi1taFpROU01dXVmdXk2TENQemVla1pDUE4xRWlBUHZWb3NMSV95c3N4b9IBlAFBVV95cUxOZTM1RUYwcDRJS0dreW9rVzVlUjhCd2REOWNpYVdBSDlYWW9RSVNTWHczQkdSNzk0a0Q3U0RFRXhYdVZ4a0JWbEhYcTk4TUN5Yk9DeXFIeGdRMzVLa3pkdGpFdGpOSkIwOEtHYmNjTXM1R3JPeTFsTzliWDlFc25lQldqbkdOM0FMem9rZEVZWUVjLW5p?oc=5&hl=en-US&gl=US&ceid=US:en,Talking Biz News,0.0
John Bolton threatens ICC with US sanctions - BBC,2018-09-11 07:00:00,https://news.google.com/rss/articles/CBMiXkFVX3lxTE1PV1B0TnlIZEd3cnNDVnFNLUJ4MEhZQ0tESFZWcDU5bHltSU9WOUxJYUEtRWE5Y0NwU1FOYnhLbG9KUk9IMDd1dTBGWDhQeFFRYU9xQjZ2aU1QaFI5eWfSAWNBVV95cUxOalBCeG16ak43WnZQNEhSZHlOTzlMX3hEcEMxcG5GRHA3Qm1odlp5dmp6R3ZQQUNnY1lhMy1GVkNWMUZxd29Rd1BOVWlRRkdacUo4RFI4ZWxUQVgtTVRvUGRUTG8?oc=5&hl=en-US&gl=US&ceid=US:en,BBC,-0.3818
The truth about false assault accusations by women - BBC,2018-09-18 07:00:00,https://news.google.com/rss/articles/CBMiXkFVX3lxTE5vbXJ2Z29VMnZUVEhqXzFlU2VpOUhyMlVrYUExLVgydlRJTUhkWFdmMTdqZVBsd05ZWmVaMWoxMzRHWkNpMXJBcEVaeFJJaGZDQlFFQ2VkNGxYV1YzdVHSAWNBVV95cUxNbVo4bEhSNHh6QjZwVmxBWW54X29ZaW1hYzV1ZFhTclF1WmRNajRpejJsZ2dEYXJ4NVc3b2M4SU45a3dZeEUtZS1VYXFMNnFnaHFsLXlkTE9zbVk5Uk9DM2FiWWc?oc=5&hl=en-US&gl=US&ceid=US:en,BBC,-0.5859
Sweden Democrats tap into immigration fears - BBC,2018-09-25 07:00:00,https://news.google.com/rss/articles/CBMiWkFVX3lxTFBTYWZRV0lDME9Ib1ltcjNjazVEQTFZSVVFajR0c1VuQ0ItNzdzcDNzVW05S2xEQ2dRQmJNRXZ6NThqSmZGTFVPWEJZWW9ETFZWMmtmckdtWWdMZ9IBX0FVX3lxTFA2Y0U1WllCMmRlSVVlX0Y2d29sUXU0bnZPZGZ5M1JiTUlsSEpZSl9WMU5UbDhkeG5jX3FfN254TTQ4X2o3eG1tRnplelBPY0FqTmRRaUlCWWxIaTlnWHRz?oc=5&hl=en-US&gl=US&ceid=US:en,BBC,-0.4215
Kenyan Waihiga Mwaura wins BBC World News Komla Dumor award - BBC,2018-09-25 07:00:00,https://news.google.com/rss/articles/CBMiWkFVX3lxTE1sOHA4dlBqR0k0aE50NDRnY0x0R3RndDVDcVVxcW84X2JnRS1xeG5EZzgxRTNZQ1czTWFoWGVDUExqRnNUTEV2T21RRGdMbHJhZVhLR2VIVkczUdIBX0FVX3lxTE5tSFNvcGpjM3pEZ1kxSUtwWVZZbzR3ZmxybTBFWXFWOXh6UUxnVVVrWGlnMnd6N1dGSnF3STY4a3l0cEVLLTkzUGJXNkowSmJKSkdlaU13azFoWUJzYWE4?oc=5&hl=en-US&gl=US&ceid=US:en,BBC,0.802
Trump urges world to reject globalism in UN speech that draws mocking laughter - The Guardian,2018-09-25 07:00:00,https://news.google.com/rss/articles/CBMirwFBVV95cUxPekV5bkk3UktJdlRGdFZCQ01iSnZ2bnlNWXZXb3dqcFVWNW9NckltUXktZWFaLXZEUmZTYXdKcjNHekN6dmpuTWFDbEdEOXpDZE5DSkNMUS1yWkZYNmJwM3lxY2RDQ2JtVWRRUHozTWRrTmRBTnVDaTQzb1pON2dXTnhHbmtRTVpPQTZKWWQzS2pJYlo5eEJlREJOenM3aEFiVW5sU3ZvN3c5dHhkWWJj?oc=5&hl=en-US&gl=US&ceid=US:en,The Guardian,-0.296
Indonesian government to hold weekly 'fake news' briefings - The Guardian,2018-09-27 07:00:00,https://news.google.com/rss/articles/CBMipAFBVV95cUxQZWl1MVhzWU92MlNjVURibzJ3ZWJkWHJOQk1XZW5sTVoxcHQ4Ti16akVDUG1DRHdXYi1pSFpxV21rNzZKWFhYMEZlbVRfenYzLVlfTFZRQ2k2UVNrZFNfdnpNRHlfdXZHM1BuTXVjSW14Q3QzTWR3V3FiWHJtX2ZzWk5ETXpWbUlua1psdGh3aXRtQ1FJUEJTRm8wWlM2YVBDRmhkLQ?oc=5&hl=en-US&gl=US&ceid=US:en,The Guardian,-0.4767
New York inmate's golf drawings lead to exoneration in murder - BBC,2018-09-20 07:00:00,https://news.google.com/rss/articles/CBMiYEFVX3lxTE92MVZHUTBQRDVGd194M3BfbDNHM0VqTDJQVHNnVHpOMEtObDMxb1RWU1k5R1BSbGtpYm11d1REZzJndXRzdk94TW43bDI4RWE1Tk1nREd4RzNWeGFYNXlVZtIBZkFVX3lxTE1FZ0hINzlrYW91U2g2Q182Yk94UEJPN3dUNDgtLU1mY01WWXNTaXQ0eVU3dlB2VGQ1c0hZSE10aWtycU9KT1lidmFVQ24zN0lCVmdWb3VON3JaRXRGRlFKMS1JUDh3Zw?oc=5&hl=en-US&gl=US&ceid=US:en,BBC,-0.6908
Migration to Europe in charts - BBC,2018-09-11 07:00:00,https://news.google.com/rss/articles/CBMiWkFVX3lxTE9lQTFGR1dydWtIMDV5Y1Nxc0dZeVp3YVdxWFIxZ0wtcml4b25oT0R2eVgzQWFic1hlUUp0ems3ck9QaHk2X1NheVhsbklTVzZUcldlYm9ORHRnZ9IBX0FVX3lxTFBQNDRmRHlPLU01eEhtcS1ZZExObjBjZHBKVDNxRVBMX1R6c1FzSFB0VVFvU2liS21ib1YxNzRPNE5tSUF5M3RvZ2Q0MVpiZEdhalFQTjhDOWRyLU9yQm44?oc=5&hl=en-US&gl=US&ceid=US:en,BBC,0.0
"UC Berkeley ranked world’s No. 1 public, No. 4 overall, by U.S. News - Berkeley News",2018-10-30 07:00:00,https://news.google.com/rss/articles/CBMiZ0FVX3lxTFB3OEtfWWVmMVg1X21namNiMFlJYU54MzV3TkIySnNpOHUzb0gxRURHb0dpanJJWXQ4X0pPVFV6T2FZMURGSWVjLUJpM2RhVWVHc2FHTUZ5OXE1YlFnVGRUSDF0M1RCbm8?oc=5&hl=en-US&gl=US&ceid=US:en,Berkeley News,-0.5267
Trump: Climate change scientists have 'political agenda' - BBC,2018-10-15 07:00:00,https://news.google.com/rss/articles/CBMiXkFVX3lxTFBTTkNKX0VYVW8taHhZbmw2SW43T3g1MlFlTU9ZSnQwWkZ4M3BYMlhpRnJGaDZsUzU3ZGxoS3ptTmFxbTlYZGRPTkItU2J6Uld4S3V1bVo1RXk5cy1lTkHSAWNBVV95cUxQXzRzdEhTZXZQQXoybEVOSG5tWmI5alhtX2lHR1Jxc2VZWEZnd1dSTU1jNEhIOWE0bGhnbUxMeUZiUTQ4SlFVc3AwRnZ6OGNJcXY2eHYtVUgxNHQwM0hjUFA0TnM?oc=5&hl=en-US&gl=US&ceid=US:en,BBC,0.0
Sovereign Blue Bond Issuance: Frequently Asked Questions - World Bank,2018-10-29 07:00:00,https://news.google.com/rss/articles/CBMirAFBVV95cUxPRUQ3eHd5VWxhZkJBczdVQmFJb2RrdmpVejBsU1lQTUtfMFRkTG9VaFV2elhYeUFiZ3FWaGZxMDdHZmtscm5jMDFieXVYOUlnMTU0ckdSMjhrVU1XeERNSzYzaVNxbFN2d2JWQy0wa1ZDUlBrVldHSU5aTU5LMXpfRDE2bEV1VVlRN3hTOFhZOXJPYUZybV9vZzVSckQtdGxrdnQ3R1dlRFltY1VB?oc=5&hl=en-US&gl=US&ceid=US:en,World Bank,0.0
UTSA improves U.S. News & World Report Best Global Universities rankings - The University of Texas at San Antonio,2018-10-31 07:00:00,https://news.google.com/rss/articles/CBMicEFVX3lxTE45c2k0VXJTUGwtZm5PemIteURFRDIzWmlnd2x4MmVFZm1LUDJzaElBVzRaUjl0bUJHX2QtektwM0xPNldzVThNZ0VxUHh0eGp0ZWJXejIzTzZoTDMyWFlHR3NZVmJoeUdWdmF5YTZqS0Q?oc=5&hl=en-US&gl=US&ceid=US:en,The University of Texas at San Antonio,0.7906
Johns Hopkins ranked No. 12 in the world by 'U.S. News' - Johns Hopkins University,2018-10-30 07:00:00,https://news.google.com/rss/articles/CBMihAFBVV95cUxPYzlJQ3UybW5oSVd4NkJGejNEYVdHcFEyWnlha1lQdE9oQ1VZZTBZYm11MzRhNzNvQ2NobkZLNkl2cEd5SmtJek1IeEdENWdObmNqelBSYVd6aTY0OFZJZTBYQkR2SWNXb3NKajhGNld3bW4yWXhmb1J3TG4yRkFWSEg2eC0?oc=5&hl=en-US&gl=US&ceid=US:en,Johns Hopkins University,-0.296
More than 90% of the world’s children breathe toxic air every day - World Health Organization (WHO),2018-10-29 07:00:00,https://news.google.com/rss/articles/CBMipwFBVV95cUxNSDRGOFZpQzdLNkxMZ1I2SjJGZmxGdlB5YTgtM2JYWThaT2Ixd3hQODRrS1VRblR0QUMtMG43QUJJWW9jbGZ3NUJ5MzVYX3AzYlE2Z2ZTWExwc3JjaHYzVHVkTnBSSXhnY0ZTU0FNSFRSdTVIN2IxU0dweTRpeU1WanE3SUZoTDlmbXdXMHZmN3Y2YmstYXpJcXljbUtlR1ZRNFo2WjRsZw?oc=5&hl=en-US&gl=US&ceid=US:en,World Health Organization (WHO),0.0
News - WORLD Channel,2018-10-30 15:42:06,https://news.google.com/rss/articles/CBMiREFVX3lxTE8zWW44U2JTTnVHLTBwZXd2M1p1RXpaUFdsWlROV25YaEFMaXZOMHB3M2EzWFgwOTNKX2VWd2tTOUc3eG1u?oc=5&hl=en-US&gl=US&ceid=US:en,WORLD Channel,0.0
Why Our Growing Cities Matter - U.S. News & World Report,2018-10-02 07:00:00,https://news.google.com/rss/articles/CBMivgFBVV95cUxNbXNRNnY4VURrV2p2aVA0ZWZ5bHByU3g4ZGs4S0VMdC05U1FicVVldFViSDlUNW8zWkduNzdOeFF6MlNTQ3VFZC1jRlNlOUhpbXFoQW01bzNZSlJFSkxMWHdVZ1otWjJvU1lMNl9OVGk4MWc4TENHdC1MR09KOXV2Y3lnRFppdjJBWXlQRGxGWVdKc0VRVWYyUlRBN2cxeDBqbGxaaXEyQ1FnVE9NVDlEUGt6VC1HQnRwTkJHb0VB?oc=5&hl=en-US&gl=US&ceid=US:en,U.S. News & World Report,0.2023
Graff makes news for World’s Fair archaeological digs - Lake Forest College,2018-10-07 07:00:00,https://news.google.com/rss/articles/CBMijAFBVV95cUxOVkJfeWU4RktTVHREUmdrNWVLT3ZuRTRxR3ZfQ2FXc3VHY2lndFRHLVVjQmlieG9CMldoUXNiVmRfdXFBRnZiMXplYllqRHBOTWN1NVFWZVNLbDJoMjQyRmdVMFlCVmRhU2g3aEs4UHBBRGNPTUZXMVNPYk44MUhBRzdzdEp3QU1RRGp2Zg?oc=5&hl=en-US&gl=US&ceid=US:en,Lake Forest College,0.3182
UCLA ranked No. 13 ‘Best Global University’ by U.S. News & World Report - Newsroom | UCLA,2018-10-30 07:00:00,https://news.google.com/rss/articles/CBMipAFBVV95cUxOUTJzN3dhRUwzLXNqOVdGeUhhT2lVRVV2bmxmY2twdEpERE5FR2VPRXlDZUM5OXg5czlfcUpFMERNc3BfY09HYVdWMGpVclhiRUc2WWNLYUtnTl9uSEk4Z3NrTmdSM1RzdHZlRmoyVEhuRURtQS1TbG9Zb3djalBzQnh0VFh1TmQ1WkYyUmRKcG9aR2RRdEpGbldlRWpmOFBDTVRHMA?oc=5&hl=en-US&gl=US&ceid=US:en,Newsroom | UCLA,-0.296
MIT reshapes itself to shape the future - MIT News,2018-10-15 07:00:00,https://news.google.com/rss/articles/CBMilAFBVV95cUxOTHA5UXIzOEZDa2tOOG5zb1EydTRZd3B1VnIxMWljQnFaYmRIQlc0R19YZFBKbTlrYWNnd3hqQzNjaU5SdjJlc21IWGtxTEhaUk1oNkltSjJEVWRuZU1RRVlJd1NxeVhabzJoNnZzWUFidTNZN1pJeDg1c2VYUjVkN2RFdU5GS1BOYXhaRzRjQUJ4TUc3?oc=5&hl=en-US&gl=US&ceid=US:en,MIT News,0.0
The Business of Internet Outrage (Published 2018) - The New York Times,2018-10-31 07:00:00,https://news.google.com/rss/articles/CBMingFBVV95cUxNUXpaSjA1a05VZUNXX1MtX2dpbG9nanRvQWd2ZzZES05xMkFDQTBZSTNHNFBPOFZfWUwwSWNORnZRZU9YaElvLWdXcC1JVkNhd1dCbTdlWDRSeWNMaTdmU0VVZmdxQjdtczItYUFIR3R5bWU0ZWJOS2xVc3NrZG5XQVk4N1E5dG9jNFFyTi1sY1A2cjQwTFZiYVl1LUhFQQ?oc=5&hl=en-US&gl=US&ceid=US:en,The New York Times,-0.5106
Natilie Williams makes student success “A Different World” - Illinois State University News,2018-10-20 07:00:00,https://news.google.com/rss/articles/CBMinAFBVV95cUxPU0pzQVNyQzBrWDhDYVRQZEFESzRGWnFwaDVacHA3M2NNa1I4VVFVWmlJbzN2Z1JfYnVPeEx3d0h2V2ZIS1hTNmpscy1ma2FjWFBPT2JBSXpQQ24xU2lMeVFWRVE3WWNjaHhsU1QzZHp0Q1ZjODdVOVhwTW9oM1BBMGxkVUNvS2xhQzJ3T3h2dzMzZElCYXRrUkFkWEk?oc=5&hl=en-US&gl=US&ceid=US:en,Illinois State University News,0.5719
United Nations agencies call for ban on virginity testing - World Health Organization (WHO),2018-10-17 07:00:00,https://news.google.com/rss/articles/CBMinwFBVV95cUxPNzVBdjRhV0o4T1FCNVlxZFlDNGFFVldNd3ZuOXg1TTQ4ODZUblA2X2FEeGx5MjY2eEsxRU1STE4xdG95RWgzZ3I0c1k0LUJoSkFpWWt0aDhlaEhCYXI2MGU0Mk1DeDZUYWNDdU5odXkxMVZTUWxFYnpxVC1SWFpsVkpQTjhSSll4Z2paMjJXNHlRV2I0WUtjR2pvVUEybkU?oc=5&hl=en-US&gl=US&ceid=US:en,World Health Organization (WHO),-0.2023
Seychelles Achieves World First with Sovereign Blue Bond - World Bank,2018-10-29 07:00:00,https://news.google.com/rss/articles/CBMirgFBVV95cUxPSHQxTXRTZ0xPbjdLUkVOM3pPRUpnYnZxR0hUOWVhclFfSFh6Vm5US3dBMVZOZWZmNlpKWW9rU1VEV1ZzdndFeFEwVUJTMTQyLWQ5TU1tRTl0WEQ0VVFaMGN4YTZlMm5oLU80ck5pano1RC1hSjExWVFVTlZDcU5mUW9IODB1VkFGWWh5bFowRy1LOGhCbEVpRDJGMTlMVnNkSXZPQWdfS3ZwNG1LMFE?oc=5&hl=en-US&gl=US&ceid=US:en,World Bank,0.0
President Trump to pull US from Russia missile treaty - BBC,2018-10-21 07:00:00,https://news.google.com/rss/articles/CBMiXkFVX3lxTE9USjdiM2ZIWHphcTZDbUdYTE1nOWs1MDhua0JXcHZnQ0lkdDNseUdUSUFxeXFuaklBQk43bHhiX2xxaVFadzlsZ05wUVV1eFN4S2RuaVRMSHFKQXhBVXfSAWNBVV95cUxNNlhhU0xOUGhjbk56Ykt0V2tZUU13d0RoWnliU3JSVlBBcnptYXA1Z2tCZjNQV2FJZDVtS1Y1XzBLdm9JZHdqbGRCVExqZnpUdS1jVTZ4cEd3cG1kZzlQRUVIUFk?oc=5&hl=en-US&gl=US&ceid=US:en,BBC,0.0
Final call to save the world from 'climate catastrophe' - BBC,2018-10-08 07:00:00,https://news.google.com/rss/articles/CBMiY0FVX3lxTE40V1VxRXBXbW9QVmRBem5GNWhlUmdrLWpUYnEzOGdhT3lXODNXNHd3eU5VNGZxVkpjVm5oQTNZbUZjVWd1QUJTV0FFTWpVb0hidTU2SlU1dHAzV1RZTGN3NGZRWdIBaEFVX3lxTE52b3VERHhSR2NPUDJRYldETVAyTENFYVJuanZzMml1eUJhc3praWQ2c2xubTlDWlp4Q3Jsb1VnTGJvWXdYUXRVOVoyajV1U1ZTTnFNRWZ0QURINExKTzVZMVFTMVhla1oy?oc=5&hl=en-US&gl=US&ceid=US:en,BBC,-0.296
Seychelles launches World’s First Sovereign Blue Bond - World Bank,2018-10-29 07:00:00,https://news.google.com/rss/articles/CBMisAFBVV95cUxOb1c0NDc5NHNjTXdpNEpycFN1bm9oZ3ZBSk5FZ01qZHlybXhVR0h2SWRMQUJQNmI0aHFPdjVjbnN2QTZTU3R6VzZrNndDekF2YVFYVWZTT0ZxaGRxbHJIc3RFVk5XUFI5TnNFbFFWQTFXcmZmQVVGRVc4bWhMbVEyUktHQzJhWkRrb29BRmlyUVlySVdNTVNwMV94Z1VPeXh1UWo2Y19ZRjBWRzd4blRjSg?oc=5&hl=en-US&gl=US&ceid=US:en,World Bank,0.0
Shipwreck found in Black Sea is 'world's oldest intact' - BBC,2018-10-23 07:00:00,https://news.google.com/rss/articles/CBMiWkFVX3lxTE5UN2MzQnB0LWU3aXdidzZTc2FOdWdfcXQ3T1MtNzI2emFZNlplTU5aN1p1dzJXWmFOekp2SlZSX2ltQTlmN3lpc0xEZVlFNFhOVzJqel9La2ltd9IBX0FVX3lxTE1tbnlBNzJLWndRWUFRT1gwdU1yTUJ2b3hrVnpJbm1kTmZNeDUwamlkSlNGc2lZVHpocU1Ia3lqb1BFTFVVRTBOOGVLaXR0bWpLZTlVSzMzRHJ4VGE5cDlF?oc=5&hl=en-US&gl=US&ceid=US:en,BBC,0.2023
Matthew Shepard: The murder that changed America - BBC,2018-10-26 07:00:00,https://news.google.com/rss/articles/CBMiXkFVX3lxTE55VFdMREZJZnhrVVBsX284UjR5by14ZU95YXNQT0pRUU1ydHl5V21jZmkzVVkwRUdLUGdfQzVXeE1LRlppcnVENUhpNGx3b01ZSFQydmF2TTEzMGRCM0HSAWNBVV95cUxOX0JKM2ZxVVhqek9wNlZtTFRtN3daTGRZSms5UFFCd0d3Q3ZKdGpWU09RcXI3QzFoVl9wNE0tQTYwV3N3eU5IUzRURFhMckpRd0dHQnlhNnBXX29YSm5ZS3ZpWU0?oc=5&hl=en-US&gl=US&ceid=US:en,BBC,-0.6908
U.S. News Names Boise State One of the Nation’s Tops for Innovation - Boise State University,2018-10-05 07:00:00,https://news.google.com/rss/articles/CBMirgFBVV95cUxQOEFfUUZHUmg2b1gwMlVqUFo0cWcyZDFVcDlCNlh3OFFxai14Y1h6QXhLYjFSZ1paWFZMZjJ5WncwWHRlOXRJdmw4QnZkMUVsVFhXdUNWUHdqMEtJX1EtdTc0NVYwNVRwMl9QT3BqdUxYREN3azNPMi1DZk5ULUFhM1plcmVhR2RiZXU3QWViZmZVakpSXzh1ay1UVnFELXYtRmJDUHBCRFhabkxieWc?oc=5&hl=en-US&gl=US&ceid=US:en,Boise State University,0.7096
"UCSF Immunology, Neuroscience Research Highly Ranked Among US News’ Best Global Universities - UC San Francisco",2018-10-30 07:00:00,https://news.google.com/rss/articles/CBMiugFBVV95cUxQRGVmc0NfN2dsR0FHZWlLTDJJdGV3b2pmOTNIVFlhMEpvVGdOSm93VmlmY1FRbG5XcFp3azNWWEZYNzY3UWQ3RDRIUEFMZk83akdNcHVHNVptVlc1OUF1bVROZTVsRFR6d3dzU2FweTNVWHBLRlFocGlWYVdzNVZLVWxvVkNLWE1SbHJCcU1xLTdBM2ZUWFMwM1hSZUNCMFBqSTBidG9RLWEzdFdjTGtma3RMMW5DLWZpZmc?oc=5&hl=en-US&gl=US&ceid=US:en,UC San Francisco,0.6369
"'Fake News!' Following Donald Trump, These Other World Leaders Have Blamed the Media for Troubles at Home - Newsweek",2018-10-12 07:00:00,https://news.google.com/rss/articles/CBMieEFVX3lxTE5TZlhXcnNBMnR5ZmlHVTNOZWNFb1pwVEpfS3doNG53RTBXbTNNVkFtVDR0Qnd5Tm96RWVBRlVkaURJX2drdU5FNDFLODN3VzVOZmY3b3Z4THNCNmZoZEstZXk3eXhVYmdGSVNJbWRHM0R5dk9pdk9BaQ?oc=5&hl=en-US&gl=US&ceid=US:en,Newsweek,-0.8588
"Monitoring the atmosphere, changing the world - MIT News",2018-10-31 07:00:00,https://news.google.com/rss/articles/CBMimAFBVV95cUxQbjFOaTdicnJtODBWaldVeUhFcTU4YW5XeXppdVd2ZjJsdldKeHJOTGszaFpaUXFBUkFyQUZ0VXZscnR5bHhRVGpBX1ZRN2ZFaWNiaGdGay1PMVU0MVBiY2JXa3dhaVdlVmkyLUVGSXpqemtlLTU2N1E1OFJiekoxN3M5b3ZqR3k4Y0UyWmRCZGJYZGRwRmJweQ?oc=5&hl=en-US&gl=US&ceid=US:en,MIT News,0.0
UW is No. 10 in US News Best Global Universities ranking; No. 2 among US public institutions | UW News - UW Homepage,2018-10-30 07:00:00,https://news.google.com/rss/articles/CBMizgFBVV95cUxNbS1adExsV0ExVVpvUWpvblhDc3dTMDhKY0FpSzJsTmdxcjJRQld0SGFIX3Z2Zy13Z3FNaW1DQnFxamR2V1RVYVAzQ2s0UHM5MHNtWVJKMDRma3o5SXNfeFlRQ3I1Nkh3QmNUeE5pd0tuRGJ1MDB3dlc5dUUtemEtRU94RGQyZlJWY3paOXUwR1phakpVeTN0aS1lb1hBVjB5dDV5Z1BVaFd1R0d2Q1JMQXpHWnUtc1ExMm50djRjMUloYnV3aE5qTmFrOHNiQQ?oc=5&hl=en-US&gl=US&ceid=US:en,UW Homepage,0.2023
Pompeii: Vesuvius eruption may have been later than thought - BBC,2018-10-16 07:00:00,https://news.google.com/rss/articles/CBMiWkFVX3lxTE54TU4tdlU3aDQxSXpnOUNMM01ldmgyUjZTMHU1NVJyY0RxUjYzY2lkRGpzM0RjeXRmYXI1Y2oxYnJDV1VJbHlpUlg4alc1MTZObG9lWmh0aTdTQdIBX0FVX3lxTE1XTnJWRURzYTVrQTg4WXNDaW0yRU1nVXFkcjNFOXhNdG44cFU1QWZOcGxYRFNSLVk1WEJGMU9adVJHZmxrUjNyTTNGZjJLT0dzUEpRb2NPSE9IWlk0ZVNr?oc=5&hl=en-US&gl=US&ceid=US:en,BBC,0.0
The world is awful. The world is much better. The world can be much better. - Our World in Data,2018-10-04 07:00:00,https://news.google.com/rss/articles/CBMiakFVX3lxTE53YzZabE1rTmUxVGxBaDlnLVdodGxTQnZuVDkwMXYyei01dEJsbVF4VVVSN0p0MjhFMnpMMjZjOUJ0STEwTFFsWmYwamdoWUlxWHY4Ti14bEd1cXdnZEJaWUR6SDd0b0xRWEE?oc=5&hl=en-US&gl=US&ceid=US:en,Our World in Data,0.4215
Its Intersex Awareness Day – here are 5 myths we need to shatter - Amnesty International,2018-10-26 07:00:00,https://news.google.com/rss/articles/CBMirwFBVV95cUxPMFluajRsdUlrTXlHYzRYbjBYd2pWVHl4YjRSOVJkWG9GZVRSLVMzTkxUdk9yN1V2WDVpS3Q1RlR3engzdTJpTVV1ZWE4dHRRWU9WUkgzcVlnZGZhQzBNUDM1Ml9pQ0lfdDdFMnlYdzJBRTcyc2RoQ1BrMFNkS1JEa1hwNnBXUk9ET19vdW1Wblh6QWhJaGxJVW9GTjBnVVF3Vmw2aDU2OGZDZmdUWkw0?oc=5&hl=en-US&gl=US&ceid=US:en,Amnesty International,0.0
2018 News items - World Trade Report 2018 highlights transformative impact of digital technologies on trade - World Trade Organization,2018-10-03 07:00:00,https://news.google.com/rss/articles/CBMibkFVX3lxTE10OGxKNmtCRnFWNDg3RS1ZdTVqclBmTTY2eGxZMUlrd2pSWTFBODdiczJKU19fSWxtT0FNMWpCQ3J0b2JQek4tekxpVE5GTHl3ZGpGTFM0dVRnRkFNWk1NMGZWbmRESE9maW95NEFR?oc=5&hl=en-US&gl=US&ceid=US:en,World Trade Organization,0.0
Jair Bolsonaro: Far-right candidate wins Brazil poll - BBC,2018-10-29 07:00:00,https://news.google.com/rss/articles/CBMiY0FVX3lxTE5JbVFVMzdGdFdnTTR5OFd0c3VPR2MwcUF4MC05MWlGQTAzd0ZacWl5MGMzVEt1UkFSMzVZSTNnNlIxLVRTWWZaMS1udEdZYTBJWnlQZ3lIVW1TZjhEZ19rcHBod9IBaEFVX3lxTE5tT1JnQTlJWU1Uc09kQzlILUNqM19kdWN0T1hTNjRNOHlnbE5GdGF4dFlXSC1ZZ2tuSU5pN29NRnJhOUxxQmlWLXYxUUdzR1p6a05oS2JsTU9senJmMG5RcWYwVDNXV0Rj?oc=5&hl=en-US&gl=US&ceid=US:en,BBC,0.5719
Melania Trump says 'don't care' jacket was a message - BBC,2018-10-13 07:00:00,https://news.google.com/rss/articles/CBMiXkFVX3lxTE1sZmRRbGx2TVNmbHVkR3lsSFVDQnllT0N0X1hhcTc1eWJEU3NZNUFBWVpiS0ROZEFIOW83MkJyRklELW0xTzFCWjduRjhRNjljOVc4MVllYlFpdzdtS3fSAWNBVV95cUxNdzhfZzJzYkpxZm44QU5TQ1U3VWtGVFZrVWZWSlBueUNCeXNxbkxxenBzNlhJWlhpNWJ3RWdLZWNZTXJ5ZUpKQk9UbDdmMFNfWi0wb3NURGJ1TVhXMVRzNkhqWmM?oc=5&hl=en-US&gl=US&ceid=US:en,BBC,-0.3875
Thomas Friedman examines impact of global “accelerations” - MIT News,2018-10-02 07:00:00,https://news.google.com/rss/articles/CBMif0FVX3lxTE1URy1HUldrWWpvaUhwZWZKTmtlZm5vaUw0RnNtbjBKTG5CZ0ROdTZ6cDRkVWRHemU1aE42c01neGMxSEdEeG95Q3ZtLS04cDkwNjNOdmJYaWc1eEdId2gxMVYtMmNVa3ZTVnpvTm5FLUVzX2ZIbkhQZnd4XzhzOHc?oc=5&hl=en-US&gl=US&ceid=US:en,MIT News,0.0
Single-use plastics ban approved by European Parliament - BBC,2018-10-24 07:00:00,https://news.google.com/rss/articles/CBMiWkFVX3lxTE40UzM4Y2k1dGhoMEEyTzdYWkNVc2R6OXJrSGlQQWpaUzh1Nm5CaUQwNjJqUUtmdGR0TGgyX1RlUTZQSnJQM2lSM05icnFLRWhyTGdBbks4SVlZQdIBX0FVX3lxTFBPdTNUemctZVdoR2FUTVd2dExPai0xRG13cXNIQ1hDSVFzVWp0MmhuaXY3WkJsc0JrQThXcElkcVNXMUZjT001M1RzLU1LV2JNT0Z4eWFhMGxKR3QtOU5B?oc=5&hl=en-US&gl=US&ceid=US:en,BBC,-0.2023
Angela Merkel to step down as German chancellor in 2021 - BBC,2018-10-29 07:00:00,https://news.google.com/rss/articles/CBMiWkFVX3lxTE4yRVlKOHpNd1lJSnBaZGk5SW05QmU3Y2xvRzczcE1VVEM4eXA3WlE1WkJkQVdQeXJ4NDF6bmtXRVVWNVJ3RW5MaUUwQmVyVnkxaTI2aHBfVmR1QdIBX0FVX3lxTFBoeGdKUnFRN1VibnRmMlZmYmxvMExOUWpmWGtTTkRzNDN1Zk9DX2pkN21qV3dILXEySFhVel9BaE9wQ20wMmwyVldTS3VZLUhFTURSZE5LbGdTWXNreDFZ?oc=5&hl=en-US&gl=US&ceid=US:en,BBC,0.0
Will Trump's withdrawal from nuclear treaty spark an arms race or Russian compliance? - NBC News,2018-10-22 07:00:00,https://news.google.com/rss/articles/CBMiogFBVV95cUxQbkFST0Uxd25VendCOXl5aDNMLWhvTW53QkRFVGxSeU5nWjRESGJOel8xSHFmRlYxUU9aVVdJUGVGZ2IzRU9pbnNxaER1LXJNa3llTTgzYUlwX0pHTG1KYi0xaTFmWkpzaXRIS2c0bHM1NzJZWHIydDdiYXZrMUdpWGZjVTJhUjBoZUUxUzhPY2xLTXU0bFFXSUtjYXNvMWtMeUHSAVZBVV95cUxOVGMtaldvOFlsQ1o2aDRTbXJSdS1KRkhHaEpQeXZIa1VMVnRuZDB5WlRwenNhdmFERTk2Sjg0aWxUbXoydTZrd0NfaVFFR2dKc2Ywc1dzQQ?oc=5&hl=en-US&gl=US&ceid=US:en,NBC News,0.25
How the BBC built one of the world’s largest collaborative journalism efforts focused entirely on local news - Nieman Lab,2018-10-31 07:00:00,https://news.google.com/rss/articles/CBMi2gFBVV95cUxNZXQ5UkFXdnllWU56b2Q5SkRGWDctMkVnQ3kwR2VNWGZreEFYb01ORFZaei0zZHpTNHcyS09laG9iRzN2T25neVdYbmtXMEtVaGFjeGY0cWx6NXZMX2J5Wkx1MVNCNWVrMkxpWTU4MGZydVd3NGNMaG9sSDctZHlReTZaMDlEUl96TExiM0RZbDBoM2VsVHFHU2ttLXFhelkxRWJDUWZkeVRmeVhfR0tndE1BMnZwZVVaN2s4ZkxlaF93QXhORnNZdVUtekd6d1d5azNSbmxOYXBZZw?oc=5&hl=en-US&gl=US&ceid=US:en,Nieman Lab,0.3818
World's longest sea crossing: Hong Kong-Zhuhai bridge opens - BBC,2018-10-23 07:00:00,https://news.google.com/rss/articles/CBMiX0FVX3lxTE9qa2FqdF9Od0d1d2Q1VXlhS0xyQmVKVU5CWXNUcEZZOVA2S0F2M0NBRVhHSmxoSHM5SE5JNUpGTHVMU0t1WDB3eGRLWUNwdXZFUEZJaC02clJNWnN1dEp30gFkQVVfeXFMTUprVTRhYXBFQWlEdW9OaXktbkpLbE8yRWZqZXJvNHA2a0NtalE5ck1SUThsMUdRb0RtNW8xbzFLMTFrSi1yUzVYZThXSF9NLUlIQ3E3cWxEZU4xcFNIUW9XY0lidA?oc=5&hl=en-US&gl=US&ceid=US:en,BBC,0.0
Cameroon profile - Timeline - BBC,2018-10-22 07:00:00,https://news.google.com/rss/articles/CBMiWkFVX3lxTE92cll1T1c2ZExsdjVVd3hMQzctZWVqajNVRlk4RWg4UlBrUGZXUDlBSWlHallTZFVwcnNWNWNaZG9nVWFEbm1iNHU0aDlsZDgwX09XTUZyeHdMUdIBX0FVX3lxTE1CS2RraE5HaFF0bThNLXZUZDNMSnpnb2hkZ0xOalllTWlqNFZJM0pwVmp2TmNjRXp6TlFDRDVUc1NnaWthM2dTa0NJeUtPQkx0dXhScGVOV081SHJOUmlF?oc=5&hl=en-US&gl=US&ceid=US:en,BBC,0.0
First Global Conference on Air Pollution and Health - World Health Organization (WHO),2018-10-30 07:00:00,https://news.google.com/rss/articles/CBMinAFBVV95cUxPUXlQSExXdEpKQXBhQU9TLWRUdjZjWTh1U3dKTEVHRjlnWjhwRVNGVVV2Y0t0aGZwVzAzNDFMWnVOaWZGLWpNN2VNbFp6SjBQNXV0eG4wMlJqSGdCR1dMa2Q1NkRpUTRKcXZFRjNUY21NVE9hejFRYjNZRzFtVEM4N1hEbGtYSmFPU1VhdU85RHoxNmNTSENfa3FVYTE?oc=5&hl=en-US&gl=US&ceid=US:en,World Health Organization (WHO),0.0
How the Dutch foiled Russian 'cyber-attack' on OPCW - BBC,2018-10-04 07:00:00,https://news.google.com/rss/articles/CBMiWkFVX3lxTE4xRkhuTmVsdVBBWjlmUW83clpsLU81LVVSMG04RERyVWxLMGxmeGhMa29Yanl2WnJpRm00QUhqcTc4cjJqS0k4RWlmQ2xfb2tNMXJLNk83S0Zod9IBX0FVX3lxTE93YjA0UmlTbVYteUI1ZWNQUzJ2a3R5OEhRNzJjeUtyVzRZaDdMNVV5cXRNbVdKVzhYRERjSXNqSTJ0eURHcWZoZ1hDZnlLLUM1Y1FaMmVvNkU1MTJhLWNZ?oc=5&hl=en-US&gl=US&ceid=US:en,BBC,0.0
These are the 10 best universities in the world - CNBC,2018-10-30 07:00:00,https://news.google.com/rss/articles/CBMilwFBVV95cUxQdmRTLTBxNW5Qby01RFZ1bjJXZEZRdDR4X1Zzc25KblRVaTJYTWxZZXJ4c05HV0VXSXlTT0pDNW5iaXUtNWVpbXVQMlFYNEtYRzFDMFFVSlFMN2k5TTBSMnVQTkJYdzhtTndJVGRiekd6a2t3NUhNeUpJVDN6UDA2M1hkMXdaWkJHRzFzcEdPalE2djZGaXNN0gGcAUFVX3lxTE9KdDFlS1ZZdVZTYVdndnR0SzFQY3BzdHNWM1hpdlVGR1BTaHhidnpRT3JlaDVIMlZTa3doaTR5N1Nzb002TG54Rk9GTG1id3VNSWtlRFl0VC1sVWJHVkM5SFZ2TnhadG10MkRkUUNVWHprSGN5QkJ2UVgxck0wQ1ZfUXgtSmZmR3I3YzU1eWUwbzdZV0FyTDlQVXFJaA?oc=5&hl=en-US&gl=US&ceid=US:en,CNBC,0.6369
Trump's parents and siblings: What do we know of them? - BBC,2018-10-03 07:00:00,https://news.google.com/rss/articles/CBMiXkFVX3lxTE4tOW1veW5aQ2FEMC1TcFNZMkhvRC1IaE40UW5NaTh4ZS1KaTF3VzBGVlBvYVZxQ3FFQTZpTzZuZzEwbUQ3ZFZfekw2RldVcENpNG0zNmZmVXVhbWEyLUHSAWNBVV95cUxNSVJoTnFPYTlfRG1nTmRTZUhrR2RzUTVqOXgwYWx6UHY3UnVNdUc3ZnZNSFdteTZ6TmpGZW5yQjcwRUJoMkgzajlTRVp2dUZFWlk5WkZXZ0tGZDVYRjNTUk5iYU0?oc=5&hl=en-US&gl=US&ceid=US:en,BBC,0.0
What does 1.5C mean in a warming world? - BBC,2018-10-01 07:00:00,https://news.google.com/rss/articles/CBMiY0FVX3lxTE5EaW9EWU1NTE5GNkh1WkxUdi1kT3lZbjAxWG1XenNGeVBKM0xyMlRKNU5fU3phOVZlS25LeFh6dlB0azRpeXVFSEV6WEZyQjZPVm10OW9TOWlTdzZfMFdpQ2pXMNIBaEFVX3lxTE53TXBrd3RpaXo0QjNqaU41UHBGUXdDOEVXWWJDNGlHT2xRaDlTMjRYMVY1UU10Rmd5T0owTmNPUVYzdEpWREtvNUVRUzBJNG1aQVpUSkJ4LVZPWUZXbGVVVTl0azgtODFY?oc=5&hl=en-US&gl=US&ceid=US:en,BBC,0.1531
Cameroon's Anglophone crisis: Red Dragons and Tigers - the rebels fighting for independence - BBC,2018-10-03 07:00:00,https://news.google.com/rss/articles/CBMiWkFVX3lxTE1aUmtlY19YUHY5YWZ4UjBQMmVLc045SDdXOW1pSVZBQ0hWN3hHU0JPb3FqZUVnZnhXQzNkWkdXblFJOXJDUHJIR2lzN1JTRDdSNVUyTlpyNjB1UdIBX0FVX3lxTFByQlhEVktUTFB5RlRiN0tPajNrVXRFQ3ktamc2YVhqek43NTBDMHpwdV9SVGFaYTVuRERmd28ybnRSTzFySjhXTGlXRnNBQ19rNmFoLVVkMFdyUWRGbDRB?oc=5&hl=en-US&gl=US&ceid=US:en,BBC,-0.8126
Brazil battles fake news 'tsunami' amid polarized presidential election - The Guardian,2018-10-10 07:00:00,https://news.google.com/rss/articles/CBMipAFBVV95cUxQLU54UVVyUDM0R3lxTUsyUi1OYkhfVmlwZ0JESzA3bjZxSC1JdzkzRkdYenN6eUlURUVjcDV1Ry1xeV9wM200dUFPQTJjLWR3Q1hCem12ZXpfUzhaSWtxOGxPZlR0UkRNX19KUUstQlpEM0pxUXEtakMwOTBhZ2xqbmJsWVFyeF9lenZQZFFibG1YRzFvOFo3WXgtaW9faVhVTjFBSg?oc=5&hl=en-US&gl=US&ceid=US:en,The Guardian,-0.6908
Indonesia earthquake and tsunami: How warning system failed the victims - BBC,2018-10-01 07:00:00,https://news.google.com/rss/articles/CBMiV0FVX3lxTE03X0NJVl9OOTJ5ZUotVUxrQzVodEM4aTZHUThiajJCY2dyNlJISVQ4dnVYWjRIeGJZNGtLLUJUSEZuUGljbFVBSzFsRDJLWGtXdlV5RlhGd9IBXEFVX3lxTFBHNTZmcEctRzh3RHl5WHhLQ3EzVHJQenlTMXRlb1NPbU9oeTdWRUdqUHpEX0ZXVTRvems2cU9EYzdqR0MxTHJLS1BLemN2MUh1dXNxZ2ZsbUx0VXZP?oc=5&hl=en-US&gl=US&ceid=US:en,BBC,-0.7906
You First: Leadership for a New World—“SWOT’samatteryou” - Nonprofit Quarterly,2018-10-15 07:00:00,https://news.google.com/rss/articles/CBMijAFBVV95cUxPSVNEdnRlb0dRMGFsWFdLSmNCWXFaWWtTYVpzU2U0YlFPNG9DbThfNTBoSGptSzZFRUd3a25JSUNudWd4Rmx2ZWFUOXJJV2dRNE1xcEpWRmVjUVVnMWplTjZ3RUVQRHlUR0l3dk5RXzB0VUg0NkJTalBWeGo3YkJqaDRIaVJYMkxKVF9RRw?oc=5&hl=en-US&gl=US&ceid=US:en,Nonprofit Quarterly,0.0
Egypt: Scrapping and Recycling Old Vehicles to Lower Pollution and Improve Livelihoods - World Bank,2018-10-25 07:00:00,https://news.google.com/rss/articles/CBMi1AFBVV95cUxONUx0alVHTlowQ1RpQ0c2STBXRjZEOVFFZlRGdGFvOGhSWm9qLXNrQjBzSU1rM2NFTy1KREN3d2VsY216aDZGbW50TFFhSFBia0oyVkVIZGhRVE0zS3JMYldkUnYxVm5ub0c5UTN5ZGxMTkZpSlRNM1RtSVhETHp2N2kzdDhLOGt0V01fY1pabGhaZk9NTkJjOTZGYng3SkQybGdxeGswWUp1Ymk4c0VPN0NSRC00a0ExbFp0ZUZuVGlXd2piU3FMbEk0cHVKaVZVOHdqWQ?oc=5&hl=en-US&gl=US&ceid=US:en,World Bank,0.3818
Melania Trump says she is one of the most bullied people in the world; distrusts some in the West Wing - ABC News,2018-10-13 07:00:00,https://news.google.com/rss/articles/CBMipwFBVV95cUxQNE1sV2JaYnhHT01LQ2EzdENsWEduc0tPWTJLNkY5TW9qaXRjMHRfYXhhbGxPN2hqb1hzUkhhUzJPUXVNbDFQMTlITm83SWV0WXJ0RFNIaVpyRFNmYVRlQW9zSnVvNTBSX3V3OENJc2NORVJZZThLUnp0bnI4SGtaWVF4RmF1X2Q4YW9VQ3IxNzFEdmlNVW9pdUFrQ2NrTUpwVWVOSXJuTdIBrAFBVV95cUxNWV9KZEpXYm53Rlh3UFBHbldtc0swcjlmNWJmd1V3VXl3MUZDRVJXN3FsMVh2aW1LWkU1NEVnUndPUVhFcWNLNTFFRUdkZE5adkZzRUVaUEZtMFZwSWtoZWJzMmpELU1HVlg0MGNjdUFhOFowQ0RzSEotV3hNWFJLVWhtNXVkQldtdk9VUUpyTW5tUTBlSE9OandrLUt6S1Fxd1BpYnFnc2VFVnV6?oc=5&hl=en-US&gl=US&ceid=US:en,ABC News,-0.7713
'Woman World': Where the future is female - MPR News,2018-10-19 07:00:00,https://news.google.com/rss/articles/CBMigAFBVV95cUxNLTVYdWNIbUJJWjBOSHM3VDJ6WnBKM0l3ODNjc015bXBEOUk1VktHNzhhSE9kMnoyRjlnNGVWRzQ3bFd1ZkljTTRtQ0hrUVdxSlpraFdfbEVjREJPRmx1akhUQjRCSDlvNWpoLU5vZE51R09TeEZjQkM5RjZSODBpbA?oc=5&hl=en-US&gl=US&ceid=US:en,MPR News,0.0
Sahle-Work Zewde becomes Ethiopia's first female president - BBC,2018-10-25 07:00:00,https://news.google.com/rss/articles/CBMiWkFVX3lxTE5xcGdNZ0F0SEgyUmprN1h4NmtBcUU0OUpiY0YtNHRGMzFnN2lUWnd2ank5aFlucWxMX05qLUNWeUQ2ZkdubEpoZXdVRDcwVk5QWXlweFNVZmhoQdIBX0FVX3lxTE9mUENTcnRSV3pWS3Z5LUJKal84c0QtcklwdUtOZHVnWG5QeTJkdFRrWUYzdUgtV3U0MUROS1pJMXJvRXlCTGlpUTlhOWlKRmpJV3ZhZzlhamY4Sm9RZ1Nn?oc=5&hl=en-US&gl=US&ceid=US:en,BBC,0.0
How chemical weapons have helped bring Assad close to victory - BBC,2018-10-14 07:00:00,https://news.google.com/rss/articles/CBMiYEFVX3lxTE9aeENuUkw5LXd6b2MtdUk3Q1djQ2xJaXhrbFo1VzQ2REZoVDFCeDRRTjgyQ1d6VTZkM2NyRmY3SnJpQW53QnBOUnZoazlSdjhpMV95cktYanRUcEFmdGNWcdIBZkFVX3lxTE9IQmpXcEJpY2V6OU52M1FGa2ZzRm8yVERfQ1BzcGR4bDlrT3NCMDJRc1BRSmpodWJ4ODMwcFlzdkZlZG5UaEI0czR5SHBkWUpCNzU4bFM1cWZ4QjVZdHozMDdVY29zQQ?oc=5&hl=en-US&gl=US&ceid=US:en,BBC,-0.4404
Norway apologises to its World War Two 'German girls' - BBC,2018-10-17 07:00:00,https://news.google.com/rss/articles/CBMiWkFVX3lxTE5rV05HQWQ5MHRVaURlTnNXRVhxMTFWcnhITXg3SURNUFN4V1FjZUlRc09rZXRXNElzNkJqazFUSlZSUlNwMkczclFJNHB4WkpjZDRKQ3dQZ0dnZ9IBX0FVX3lxTE43SVJnNUdWYm1DSWlEUDZOZ1l1SlBSelVJMm5nTzZDd0FYZ3liaU1EckVxN3dJMkdxRVlEbGxUUFhzY1hXcnBCdlJQS0hFSnlaQXQxQkMya1RTMjEtMy1z?oc=5&hl=en-US&gl=US&ceid=US:en,BBC,-0.4767
Meet the 99-year-old transgender WW2 veteran - BBC,2018-10-22 07:00:00,https://news.google.com/rss/articles/CBMirAFBVV95cUxPOC1DWElJZWRGMENKNnBOYzJsQ0xHd1JPQ2dlZDNqOHM5M0h5VVFnbFV2UDdWcGxpcTU4Tk9NMnhuLWRqQ1dvU0hpREJoV0ZoSnNJb2Q3cGREWGlQcUdQOU9HS1RQdGVOSVNsWFhBTGxXUktQQTZCTjFvREpDSTBsOEVhQVlvcTZHUEdqOEVYbnhINXU4dDRaeC1VT1VRVUZEQ0FVc2NqNGYxTGJL?oc=5&hl=en-US&gl=US&ceid=US:en,BBC,0.0
India unveils the world's tallest statue - BBC,2018-10-30 07:00:00,https://news.google.com/rss/articles/CBMiX0FVX3lxTE5kX1pZa3BnUHJUMDlmYjVLUUVLSjljNkxRWm9xejN0dTBCdTVQY2VvZ2hoRTJiY3A3NXZ3aUROeURsb0RMSjFJd01Eeko0NGF6emlzZ3U2S3IzR2VDQ1BJ0gFkQVVfeXFMTndpVFhYdjRRc1hta05zZzFoeXdOQVF2XzdVLWRrUWFRTFh4d2YwU3dQVXRrR25kbVJ1d1kwai1kTlJTUVJNWVNoRXVVUjMtMVM2TDVneHRoUDlSQ2tMZDZocDBqbQ?oc=5&hl=en-US&gl=US&ceid=US:en,BBC,0.0
"Climate change is exacerbating world conflicts, says Red Cross president - The Guardian",2018-10-21 07:00:00,https://news.google.com/rss/articles/CBMiuAFBVV95cUxPdVFjUTh3NElFYkxUdVJjRWdHNmJGeWNITjlSQU1MLTJLZFJjUFRuaFNTTkpnUUJ1XzJ0LTBkekxsTW5XSGR3UFlpUjBIb0ZnZWdwTDdmdkFLWlU4XzFLZUFmb1VFdktlcWo2YjFxeTdVaEVybXozNTBOLTEwV3Y4NkdLWWNvX3FBSmY0U0wwYjQ1SjQ2ZHpSZ1hCbFNHRU94c29vRGt4SjFpVC1UR0FMSjMtU3VhcTlr?oc=5&hl=en-US&gl=US&ceid=US:en,The Guardian,-0.3818
"Global image of US is historically bad under Trump, says poll | Donald Trump - The Guardian",2018-10-02 07:00:00,https://news.google.com/rss/articles/CBMipAFBVV95cUxPZV9SYko4Qk5GcW8wZms4eG9WZU5zMkNIbG15WnVBc3JuRGpSX3VrVzZxcTRhbGluTXVzaHVYNUZzcXJnU2hjQUE4MUk5QkJoXzJWTW1QNHltejJPM3FSZHgwb1lnWkhfX1o4VEpHSlAzcVVZakFDZVhFUUlwWUZNVEJJWEZ1aGJQRDh3cFBNSXowRVllTTdNRzdnRmpNWEtNbFA1ZQ?oc=5&hl=en-US&gl=US&ceid=US:en,The Guardian,-0.5423
Poland Graduates to Developed Status - U.S. News & World Report,2018-10-02 07:00:00,https://news.google.com/rss/articles/CBMiuAFBVV95cUxOdHdxOHdXeFF5YmRzREZfNS1QS2x4Q3hQTEJxNS1xVDd1ZnZzWFN4NE90SHJ3dkQ2clBYVTRMd0pnamxOcUFCVW9CY3h2dFdNQjhOaV9oV2t3T3dvTXp6QTlMSEZjTnJCYV92alVmQnRrTTRUSU1TOENDOVo3RVdzcG8zdFpwYV9WNk4tSUgwWGdENzVwNC1yNU93TGduN01wVHBTX204UXRiV2RfRUkwcHZTMXdsamEz?oc=5&hl=en-US&gl=US&ceid=US:en,U.S. News & World Report,0.0
Andrew Brunson: Turkey releases US pastor after two years - BBC,2018-10-12 07:00:00,https://news.google.com/rss/articles/CBMiWkFVX3lxTE9LOEtJc0hkNk1hLU9faFJDUHVyMlhZRDAwM21HMFFSeC02SnJoX2ZPcFBhNjAwSlh3cDZiNjR1eTNPQk16OHBVNC13UTAwbU44d3pNN21CdU1QUdIBX0FVX3lxTE5Xbm1VRWZDTERfQnBtNzRrSGNIMVIxNy1GT3ZGREVLa29zdmdpU1hXbW9WNXBrRnUtSk51LWNjWnR0enk0Q2E5T19NTzNFT1kyZzRjM20tb2pMM203bG5N?oc=5&hl=en-US&gl=US&ceid=US:en,BBC,0.0
Nikki Haley: 19 months as US envoy to the UN - BBC,2018-10-09 07:00:00,https://news.google.com/rss/articles/CBMiXkFVX3lxTE5OSldwWkh0bHZnS0M2RXlWNW1NeE11Um8ybWNzbjAyejNsUmZtOV9adEZURXJIS2RyRldYc1RZRW5RdTlRaXdHUE5qenpqb3NlN0ZQZkJRaXIyMDhQeGfSAWNBVV95cUxQUGFIemRFLTVhMkh1QmpxU0hEdDNnNm1fenpyR2V4TXJ1RkR1OVNrRG5zTkxQRlBIVndrU3B4T1lGYTJsS1lfOTNmWWtleUNXdFpUejFvS2dHd0poWHB6U0V6Y3M?oc=5&hl=en-US&gl=US&ceid=US:en,BBC,0.0
"We have 12 years to limit climate change catastrophe, warns UN - The Guardian",2018-10-07 07:00:00,https://news.google.com/rss/articles/CBMisAFBVV95cUxOLTJmMHBXWUFFVW5NRDkxVmFEbUotYl9ZY3V2X0VrQkw2RkxZZDdhTFNwOFNhWWhVM0h4clpOc0hnd1FlTTJYV0RyNGhfWlNCa1dIOG1xM2xlTV9SSEdTWUVKdTI5WDBNaVhXQ0VHMjVlSXVRTUZpN2JHcXVaU2xtS2pCNUFEaUlSYXNvMGpUcTIwamhzX3hMek9Wd0xaTVJYR05WdmNZMkFaZDQySmYwQQ?oc=5&hl=en-US&gl=US&ceid=US:en,The Guardian,-0.7003
Selfie deaths: 259 people reported dead seeking the perfect picture - BBC,2018-10-04 07:00:00,https://news.google.com/rss/articles/CBMiVEFVX3lxTE56TU5VTDZXWGE5ZDlsbHBzLTZsSUk0SUZUd1VwTWVldTdWRDdwTHJBX04teTdTSGhhc0V4OXZsbFVSaFJVaTJGRVpoVWpuTWVyXzlTNtIBWkFVX3lxTFBMUW1ObEE0OXZ2N3JhNDFaeG03LUQxZWtCLVFqMUNtMG4zMHBLODBzTDhpWnplR09DdWJoLTZOYkx6d2R5S3hTa0hUdmNrVWYwS0VMcUlFSWJxUQ?oc=5&hl=en-US&gl=US&ceid=US:en,BBC,-0.1531
Canada becomes second country to legalise recreational cannabis - BBC,2018-10-17 07:00:00,https://news.google.com/rss/articles/CBMiXkFVX3lxTE5uc0s2c3hjV0ZJdF9rWURzUEFRMEUyNUxHVHVaQ3I4TnR4Z1FoLWNHSW80bTJhSGdUaUhfOUt6Y0tMSVh4cjNmeURfYVhHZ0w4Z2pYX0FHTWJLbXBCMHfSAWNBVV95cUxQUGI1OUkxMi14QUVrY3NNWHJjLXRiM21qbDNXdlJaSEhsei1oOUZKRk9ub2drMHlSamZUVks3aHNTc0Iyck5jVlF6aW9HenNoOVBoS0hFcUdzbUFLcWJZekxjZHM?oc=5&hl=en-US&gl=US&ceid=US:en,BBC,0.0
IAEA completes Luxembourg waste management review - World Nuclear News,2018-10-03 07:00:00,https://news.google.com/rss/articles/CBMimAFBVV95cUxQQk50a0g1RlR2STdfZ3U0QXhKUHhEdVZDSFBycmhhU3RIVFBybDVRNFpaeE5URGg2WWFjZ0JGeTMxbl9PSFlSeDNZYklsenk3dGxxVHBlSTN1SVFYY3dnVTMtU0NjUDZFWjdMb1NEOVdyeG5tb1FCUk5yU3RRSGRHUWM4Smpjd3pSZXRwcWo0NEV6VmRWeHpjVA?oc=5&hl=en-US&gl=US&ceid=US:en,World Nuclear News,-0.4215
Romania marriage poll: Referendum to ban gay unions fails - BBC,2018-10-08 07:00:00,https://news.google.com/rss/articles/CBMiWkFVX3lxTE1yQ29YS3IxNEdIX2ZWaEJuTG92OThaUU5QNVZsckstMmY4UUNublBQYjFQcFVLenIzQlR3QWwtZjlXWG1Mc2ZHSnJlcWd1NTdfbFlXNkJ4Mm9nZ9IBX0FVX3lxTE5xN3NSeUQyUE9nbjVWLXF0XzBtREVKSFNGS0RUUGxzak8zN0p0Q1VYaTVOS1RDRW9IR0V4MVdkRlpRN2lQTzdzd0hxc1VUWi1kXzY1VU1jdFN5TEF4T1lF?oc=5&hl=en-US&gl=US&ceid=US:en,BBC,-0.7506
"Girl, 8, pulls a 1,500-year-old sword from a lake in Sweden - BBC",2018-10-04 07:00:00,https://news.google.com/rss/articles/CBMiWkFVX3lxTFA1WERYYUxKMTRvZ0dBRGY4X19wYWhSSzNFdndNYkQtQThyNm00cEYwQVQ3S1F2LXNwcUctNUE4dllWaTJIdkRsWUNTaHAyYnZpT1NFQmFWal9Rd9IBX0FVX3lxTE43bkRYamJGZk1GeXQ0ZnVpOGpTa1JXazZvMEFaR1BpbHZvXzRlZ3ltV2l0d1Y3RkdQeEdpaHB1ck5BVDhfcWNxdE8tVmMwQk1YY0oxRWItajFBU3pRaXhR?oc=5&hl=en-US&gl=US&ceid=US:en,BBC,0.0
'A very different world' - inside the Czech spying operation on Trump - The Guardian,2018-10-29 07:00:00,https://news.google.com/rss/articles/CBMiwwFBVV95cUxNR3VHTTZlMXFKNFJRUGdYVFVjdkEwUmJiV0ZNZDJWWG5obElRcnF3QnhHY1lPc0p0U3F3eVpVQzlubHhMNU1lenB1YzhFUVlNNXRXTjd3dFpYdTFiNjRENUVHd0xWcDF3bFFxbFVpQUJObWFZd2ZDTFpfVEFnQUY0WVVSOTBZMWROaWJZcDlzd0t4RzFRR2dfRms3RlFPMktXUG9TTXcwQWxCZGZYWkdvV0N1UjZxd010T2ZOY1pGSlUxZDg?oc=5&hl=en-US&gl=US&ceid=US:en,The Guardian,0.0
'I want to show them that I don't care': Melania Trump reveals details of her life in the White House in her first extensive sit-down interview since becoming first lady - ABC News,2018-10-13 07:00:00,https://news.google.com/rss/articles/CBMiogFBVV95cUxNb3lVNzJsczJ5ZTcyeHc2TUFldWVlLWIxdXdRaFNnblRPZW1GSTB0MnN1aHoyOVdRSEI3ZVBwd2x5TDFhYnhnSTJ1ZXlWaW5sNGRyX0FSZEpHQ0YxUTlpc0hLM0RtVnNNMjhwejJIR0VzZTVoTC1aQlA3NjFodXl5SXJnU1BaTUlDQ1lhdW5lUjBrSTZHbFA4UGxVYm43RmVRUkHSAacBQVVfeXFMUDQ2ZDItZlh4bmdvLUJVdkdta3luM2ZiR2UzdjN1V2x1QkNyT1ZVMmpTWHBEVFRPM1A4MjgwMWtZc0VaNkdvRjFGREVZenJaalYwaDVaNlRsWGpXenFySXBCX1BBX2tQWEFuV09sOVBpLVBFYWkzSm4wQzhnamtMOXM2aUMzaEdWRTZLU0k2eGdjUlBDQnliMHlYRWlxVm56VEdpbEkwTGs?oc=5&hl=en-US&gl=US&ceid=US:en,ABC News,0.0772
Montreal museum partners with doctors to 'prescribe' art - BBC,2018-10-25 07:00:00,https://news.google.com/rss/articles/CBMiXkFVX3lxTFBEYzhZUllSbUxtSU96MEdzYU5vRUlJRENiQ1J4LUdEa1FRV3JEQ1Q4VTZreEFNU3VIRGowMVMxUzBONnN5RGNnTnlzV2NTYlRXakZDZy16b3YzeUszNWfSAWNBVV95cUxNbDdTSFBhRVFyU21QNi1PTkMyR1BKN0VITmhvcDFQT3pqQmx5NHZqZUdaRHREVzhwT2FrT2k4MTdBZnVBaUdNN2FZa01ULVFrRHVvMFlEM0J5Wm5EbTdCZjdRb3M?oc=5&hl=en-US&gl=US&ceid=US:en,BBC,0.0
Trump hails 'wonderful new trade deal' with Mexico and Canada - The Guardian,2018-10-01 07:00:00,https://news.google.com/rss/articles/CBMiqwFBVV95cUxPVDR2UnQxOE9CenFCM3U4NGx5X1MxMTVBTm52UFl3d1F4YndCWEw3d2l4WXZ5TFQ0U0dhZDk2UWFiQ0pKUVBZV05BRENkTElYNVowSnQ1UktyNmNRZldKeVdsbUJOeGU0SDk5dkljOHh1WUtjNGhnWHd3Wko1RE84czUtYUJ5LXhxNXJBa0FuYnR3eUlFLUdsY3RVYTFCbXFSYlpTMnVLYVJieTA?oc=5&hl=en-US&gl=US&ceid=US:en,The Guardian,0.5719
Pas de 'fake news' – too many English words rile French defenders - The Guardian,2018-10-04 07:00:00,https://news.google.com/rss/articles/CBMikgFBVV95cUxOWXNOdUFsbUx6Mnp3M3IxdXVBSlJrMTFPdy1USGI0cW1md1FOM29YeF90UDRfTVZxSkNjSVV1R05XZEhWZ2xiYzBOWVY5RHk0b3BpLWlRdV9Nb3ZpSnJoa2F6YmtGd0FuS2NEWXJVMXh6NG5Xems5eUFIa19fY0M2Q3hoeWI4Q1MyVlAyeFNVQ190dw?oc=5&hl=en-US&gl=US&ceid=US:en,The Guardian,-0.4215
Bolsonaro business backers accused of illegal Whatsapp fake news campaign | Brazil - The Guardian,2018-10-18 07:00:00,https://news.google.com/rss/articles/CBMimwFBVV95cUxOcDNZdldoemFHQWJGbVZ6RVFVQjdOTHFxYnZvbGNRUVF2YnlVT1VrVXpXSmJVNHZLNUpiOC1lTG10dmFkSEszM1Rxa1c0dHQ2aE1PeHZ4NXJwRHkzdkthbTZ3eFc0RHRpY3VpaGdmSTVzVldPVVNRckJnaG5VYTRoOElwQUJkWUVtNEtsTWhCOFA4R2RJVzJySS1hZw?oc=5&hl=en-US&gl=US&ceid=US:en,The Guardian,-0.836
'Blue Zones': 6 secrets to borrow from people who live the longest - NBC News,2018-10-21 07:00:00,https://news.google.com/rss/articles/CBMiogFBVV95cUxQVHVFV0FVVjNpeXNFWnAzS3l4SUJRZEFRX2htN00tVExvNFlaTFNSaHk3T2ZxVmdqWWZfc3RTVllzRFc2a3IxTjk5ZHYybndweWxMS1BUcWMwUXU2X1F6Y0Q0UlVXMFAtOHZ2NHNKYXJsdnFmOXVBTlpwRjhMTXM3UWdJNm1YYmstTXJia3g0eUJWTkdqVHA5Nkwya05jb1ZzZmfSAVhBVV95cUxPUThNZnduTnllVHJsakhQQk9EdjV6YUlSSUNFYzhGZVh1TGppWkhjVHZNOXJVOXkzWFd0RVhaWTR1SG5DRVBlRFlrbnRSWEFBMm82d0tjblZh?oc=5&hl=en-US&gl=US&ceid=US:en,NBC News,0.0
Morocco abruptly drops clock change - BBC,2018-10-26 07:00:00,https://news.google.com/rss/articles/CBMiWkFVX3lxTFBYMng4MEJtclFPeEM0NVlxYl9fVGdDNkpqZGliXzBXWUlvTGR1c1h0ei1wNndDVm4yb0FsVTBsanFhaHBEQllteXdhVXNFRDZoNkxBMVBKRHoxZ9IBX0FVX3lxTE0tNHk0dEZYNkcxTnQzcGRsdHo2cEVuMkhlVHFnUGR4eF9KTE4zcXZqcjN2NC16RkFDdUllaUlyaVdWbGQ1aDY4SThCZjNTVmVGQWhlbTdhUTAycTBZaU5V?oc=5&hl=en-US&gl=US&ceid=US:en,BBC,0.0
"""I'm The Most Bullied Person In The World,"" Says Melania Trump - NDTV",2018-10-12 07:00:00,https://news.google.com/rss/articles/CBMiogFBVV95cUxPd3l2WlRNNU9QZWZ6eXNfNGJ1MlFTTVpJSkZDM2RFT3RQUXlsV0tkQmh1V2Nmd2FseFNTMFA0SlBfRWRlNFJyU0FnV0JKMmprZEJkRHRpZHpnaWF2a3NqYjVuMHQxWXFPRjZodU9tdHRBZ0NuUUlmODJFUmlJemhoSEFpTXZTTnhncS01bjBtMnZSQkZUdkJCLXBWQTg2NGU3a0E?oc=5&hl=en-US&gl=US&ceid=US:en,NDTV,-0.659
Pittsburgh shooter was fringe figure in online world of white supremacist rage - The Guardian,2018-10-30 07:00:00,https://news.google.com/rss/articles/CBMi0gFBVV95cUxNSmlSN2FDSm0yVnlURnFzVlJMV1hkd2p6bS1KMHk0VUVCbE42c1RVemNxd2lWQmh3dzJSbGRGQ2ptUkZUb09MNVA2Mno3ejA3akRGMW95Nm0yZTczM0hLLWZCYmw5TjI1Y0tDSktoNDdVQkV4anM2R00xQ3B3RzRMcGMzSFNnOVdPME5mZzVhMFg3c0ZPWldmMjhSaXZDMFA4VXJjY2ZJSWVTdGF6OWVqWE82X29oaXk0QmxzWXBCMUN6d2R1Y3lHcnVBc1BET1pCYlE?oc=5&hl=en-US&gl=US&ceid=US:en,The Guardian,-0.4767
"Half the World Lives on Less Than $5.50 a Day, New Report Shows - U.S. News & World Report",2018-10-17 07:00:00,https://news.google.com/rss/articles/CBMirwFBVV95cUxOYUlleWhRQUxuY1J4Q3FUckdJcy11Y19FMF9vV0NvbHYtdHNYajFCNWtIQjMyTnpuX3ZnbXJMTE5KenU5M1FWYnd2QkxKb0NsOGJSNkk0MmpUTEhublNOaEtsZ3RwbHZ5MnZXZ0pval96SXNZZ3BSRzdOZThmdkNIOHdpREcwbzdMMEdWUFlHSWVENUxfXzZYbGNfZzJSbkduNHdzaU5jX09PeC1ObllN?oc=5&hl=en-US&gl=US&ceid=US:en,U.S. News & World Report,0.0
"Far More Devastating Than Originally Thought, Tweets Trump On Pittsburgh - NDTV",2018-10-27 07:00:00,https://news.google.com/rss/articles/CBMiywFBVV95cUxQNW5OSDAxUmpucDZ2aGh4UXFtdDNaNkxCbkZVSlV2SjZ6djVuVTE1a1JhOWhHNG9jaVJiUDVKaTdLUU9LT2hNSE1CakpMYWM5eDlhVGxKSHR3V1lUMms4Q3lPV2NqTW5YVTNldU9vN0F1TXNzbUhpTGtJdjQtb0g4a2tIbHdQOUstVWRRX0VZNVYxTHFTOE9BMEpfc2t5RmRVQk9SNmQwS3FOa3hkczBHRjVMbVJ0XzlOWmwzXzRYT3NOT1VGMjdncG5WQQ?oc=5&hl=en-US&gl=US&ceid=US:en,NDTV,-0.6801
The three types of WhatsApp users getting Brazil's Jair Bolsonaro elected - The Guardian,2018-10-25 07:00:00,https://news.google.com/rss/articles/CBMinAFBVV95cUxNSHA3NWhGQ1JnVm1BWmVDUlFaZ1BLa0wtSUR2M084RFdBVGxTQWdwaGx4MFk0RFJqdlE4Qm1XZFlYUXo4dXBNSGdHRFplejBzTXM3cG9HRTQxQUx5aFpPcXNPa08tcGdFVEJDNmQyU0ZBSHI5SHh6QTdUNDRVQVRkcnpqSHVzUXJQMU1DVmVlNkdGNm15ZmtyZjZ0WTU?oc=5&hl=en-US&gl=US&ceid=US:en,The Guardian,0.0
"Russia cyber-plots: US, UK and Netherlands allege hacking - BBC",2018-10-04 07:00:00,https://news.google.com/rss/articles/CBMiWkFVX3lxTE5NQnBGd3EzYUp2ZTgwdzY4b1BrYTVTdTg1SElIUjBSZ090Qkw4dmRsQjVibHZlZkZ2SkZOcW5CN3FDWHNLVDEtRnNuMDM2S05OUXZfckt6NmM0UdIBX0FVX3lxTE1HbWQ0WU8tYmZUdTRrZERrc0t3UV9iNWRGSXNNakFMdEM5QXNzSF9fWjRfbmJQdHEtRldjVDllbHVCc256eUNuR2ZOcWxjX1ozZTlkbEJqbFc3ZHFGVVZV?oc=5&hl=en-US&gl=US&ceid=US:en,BBC,0.0
Three-quarters of Venice flooded by exceptional high tide - The Guardian,2018-10-30 07:00:00,https://news.google.com/rss/articles/CBMilAFBVV95cUxNbkpqa0FEa3ZUTl9Rem04S3J1ZGtQVjg2R0dnNVJPcWk4QzY0S3I5ZlZubHJESG50YU5GQUJBNnVlYmJSZXNONmpkTjl3cHlmUVdIaGZiOTdLUWwzYWN2YzRnamVkWW9tUE90NVdFTVZqVnU1WnlmRVlMN2IzX0tSUzI3QWtJYWRiM2VyYnYyd3FBTjF3?oc=5&hl=en-US&gl=US&ceid=US:en,The Guardian,0.0
Cern scientist: 'Physics built by men - not by invitation' - BBC,2018-10-01 07:00:00,https://news.google.com/rss/articles/CBMiWkFVX3lxTE1DWUZ4N2gzTjRESWxESUZvWlU1SlEwaTJaQnFpLW5VRy1sZElyVlQ5aUtWZzVGZVBWaVlpT2VxQ05IZG9LbkVja2ZuZ3RsLUQwU0xESjBqVjJSd9IBX0FVX3lxTFBEWjdiT0xKd3FsZGc0TEZQVC1mSksxWjBNWE9pV2pWLUViRGlLVEhaTXBBZHUtNUl2QUh3N2xhaHJ2a1h5a3FhcWRKZ1JiQi0yaG1CZTFfWldrOHpLS2xv?oc=5&hl=en-US&gl=US&ceid=US:en,BBC,0.0
World Mental Health Day: data on chronic depression - Products Eurostat News - Eurostat - ec.europa.eu,2018-10-10 07:00:00,https://news.google.com/rss/articles/CBMifkFVX3lxTE1lMzAzam5Wc3lqLVpBNmFWMXhCcWJMSWp5M0VSUlAtTkNXRURPX3d1V01KMmNJeklHRTJJNFllaWc1eEVPYzJxTnhsNFlreE9aR25RcDhUR2I0Snc5RW5CblZwWlB0N2V5WnFMMjJDY1RiZkNSc0g5RV9heVB0QQ?oc=5&hl=en-US&gl=US&ceid=US:en,ec.europa.eu,-0.5719
Trump's fiery interview with 60 Minutes – video - The Guardian,2018-10-15 07:00:00,https://news.google.com/rss/articles/CBMingFBVV95cUxPZ21PRzdySUVTck9RRmtqMUhUdWRUREM4T0pGSGRxTVhCdjB2OTFBbndYRE1kcTBMMGFTMWliaHdMQ2phd29xQUxiMmpVMWxhaGpXZVJxQTBnZ01yUFpvVE9CcDlvMDM2TU9CYzdIc1hBNGwwRWllamVneGRWV0V5SDZkN0t5STN0MHlFYU95ZUtOa2RfN0JTbGVZYkRYZw?oc=5&hl=en-US&gl=US&ceid=US:en,The Guardian,-0.34
"""Have You News Of My Boy"": Rudyard Kipling's Vain Search For Lost Son - NDTV",2018-10-28 07:00:00,https://news.google.com/rss/articles/CBMiwgFBVV95cUxPT2ZwMUNPWDFFNGNWNEcwSU1WQ1RuMkNPbmVZX0xlblNNeTloMXVJNUxTd0pSOE9UQnNLUngtc1NwSmFsbmRvNmg4R3B1MHQtaWQyTlREX0xaeE1DSjkxUllQNFFtdk9YejYxSm81V0ZtdE8zQWxhc2Z1dmpUNHhBYXZwVnBka0NzSjd4bGJ1ZWxHaGZpQlR0R1ZyNk5PaUp0MWhsNnFnZGo2S3N4bmplM19kNmtfLVRTZHh2R1B3c3Rtdw?oc=5&hl=en-US&gl=US&ceid=US:en,NDTV,-0.6249
"How US birthright citizenship emerged, endured - news8000.com",2018-10-31 07:00:00,https://news.google.com/rss/articles/CBMi2wFBVV95cUxPQ3RYTHYxT0dIYmd2R1BvbnlvYnAzVUIteTVPY1U2elNhWDdFc0hVNkd0WTAwdnpmeXJRbjM2ejBwZDB6SXRKT25GY25JbGlKbHBYV29hdUtSQ29IYlY4LS1zMFBSS3dHRUJTQk4zb3hJVnVGY3JsSUQ2ZjJXSXlvRlM0TFRiYjlmQ040LXdEV01hMkJkM1NiYzN6UEUzS2JIMThtNDlqYVRTRkotTnk0QUhjblhhX2dxLWtmZ3h2Q2R5RUNvUDh6cmt6OWhqVzVjY3FnTDZlN0VfZ0E?oc=5&hl=en-US&gl=US&ceid=US:en,news8000.com,0.0
Lion Air crash: Boeing 737 plane crashes in sea off Jakarta - BBC,2018-10-29 07:00:00,https://news.google.com/rss/articles/CBMiV0FVX3lxTFBMOHpiaFRURldhSTBXbjYySHhKYmplWWpsbnJoYTkxWXgyMDBjSmNNQzlqRl9SQkx4V3VIcXBFeHlwdmxDVHhYeE9zZWYwSWlscWttdHl5ONIBXEFVX3lxTE4wTWlQZUVmZlRCRFItY3ZwNWRHLV9WVHlGN2hDQzQ4V0RzcFhYVE9ZQ0p4TTFMYl9ZOUVwcjZsSzl0RHQybF9mamdQZXVIVFRJN0hjb2NfYWFDSm5j?oc=5&hl=en-US&gl=US&ceid=US:en,BBC,-0.4019
"World's billionaires became 20% richer in 2017, report reveals - The Guardian",2018-10-26 07:00:00,https://news.google.com/rss/articles/CBMipwFBVV95cUxQUVh3M2lYVGxnaUtodUdST2sxMHFUSlRfLTRFQ19RbmdBelhYNEJMUHh0Zk90SjZWRFJRUEgyREhzd0QzZWhJMjdMcnZSMnlZc3R6b1NVQWdRT0dzRE02aXJiVG1FTnFJTkNlc0h4UUExQzVtaG9fUTVKeENwNjZ6RExpLTNqM1V4aVJiQ3RhNDZfeFFQTXE2cy13dEZKWU8weXRpSjZ1NA?oc=5&hl=en-US&gl=US&ceid=US:en,The Guardian,0.5267
Fish statistics on World Food Day! - ec.europa.eu,2018-10-16 07:00:00,https://news.google.com/rss/articles/CBMifkFVX3lxTE14dE1MaWZMV3NYU0RYWFYzbFZkUzJsczlUY0NKVlU2ck1LbF9JclRwSlpaNC1veWNLMVd4SDJ2eFB4NnZ5WjhCVDAtZG9MMjIxcDMtX3kta2k4dnE5ck1Od1ZHRFE4Zmt1eUtBZGsteHlOLVBmaTFNdHhLd29kUQ?oc=5&hl=en-US&gl=US&ceid=US:en,ec.europa.eu,0.0
Novel news: world's biggest bookworms revealed in study - The Guardian,2018-10-11 07:00:00,https://news.google.com/rss/articles/CBMitgFBVV95cUxNcEtTdEVMOTVKNFYza1hPeWZJZDNlZWNHZ0VsRDBPLUJUZHhiZkxlTGd0czNQal9hZHVCZmhlS3lRbEM4N0E5eC02R1JmckhiMDBiTHA0bGdtTmdqZXBxOE1uN0gtbElaYi1hNUxsSW9oeXNwX0F1MWxPTDB6V2p0TTJ5bWVMa1F4OVJDTzY4c3hMd0c5Sl9BaUc5SEo5XzlRSzFINlAtc1JmMnZXZGJnbmc0enFTQQ?oc=5&hl=en-US&gl=US&ceid=US:en,The Guardian,0.3182
Concern over UK-based Iranian TV channel's links to Saudi Arabia - The Guardian,2018-10-31 07:00:00,https://news.google.com/rss/articles/CBMirgFBVV95cUxQem5TZlVwbTJ6N0tfcDBMamNudi0wYmZyb180a1B3LU9sSG5sZlQyMU04YjE0MGdtb1FzMkVvaEhKZzAwRUFOWG5fNmctZU8xMFJkZU43S3dlV2FHVUhYVm9Sb0s3aXhRUUFxWEJVQ25kdnBPTEJKalJVY2tLbFVBSEhZWW1xelZPNUM2QmV0Q0NKR0stbUd1WlZmdTFXd2dBV0xDVTBtcFY3Skk0dUE?oc=5&hl=en-US&gl=US&ceid=US:en,The Guardian,0.0
Why are Pakistan's Christians targeted? - BBC,2018-10-30 07:00:00,https://news.google.com/rss/articles/CBMiV0FVX3lxTE1SODRlV3dKLVVEa3NvUjhRZDVJQXZjSWNSUDNXbnowbm5mVkV0Xy1MRlZxTnhidnB0R0VrbEFRZ1VnMEhvemh6VWpUZFNpVzFtTFByd2Fkb9IBXEFVX3lxTE14VnA4Ukl0ei1DdnEwakhxSExjVWtuclBsbkpWZmJveERSZ0ZYSjltbDBQTy1EUlJMTF9BSUdNQ3VKMEE2VFU3aVdqc2xmSXNPZDdEcFZ4cjEwN083?oc=5&hl=en-US&gl=US&ceid=US:en,BBC,0.0
Ex-MI6 spy's veiled swipe at Donald Trump revealed - Sky News,2018-10-10 07:00:00,https://news.google.com/rss/articles/CBMioAFBVV95cUxPdFpad0xWWDZiSHhzLVJTYTJERVFJeHlVMTBQcGl2Q3NlbnRCLXhUMDUwZml6Z29qR1RyYXNUaWNlMzhrWXhVLXZiSVZyTG9zODVhY1pWRmF0azhIRFNiakpsWE9mdXdTQV95R1ZiNk5zTFRfcmxmX0dBOHkyREQwQjhpREdTUHg5WV96WTlKYlp2UFlPaDNkUF9WS1BvS00t?oc=5&hl=en-US&gl=US&ceid=US:en,Sky News,0.0
Melania Trump Wraps First Solo Trip Abroad In Egypt With Comments On Kavanaugh - NDTV,2018-10-07 07:00:00,https://news.google.com/rss/articles/CBMiugFBVV95cUxQbzUwMUN0THF6c3NPWVpqZmZKVEtVeDV6ZWdfUHdsUEp2Nlh6UEVHU1ZoY2UyVW1nd0djd3NhUmk2MG9qRkVWUTBpUlVtWkVybUVmdjY1eVpzd0NvS1NBa2hkNzBpVUdxVWJKZi1rRHdHMDZGS0MzNjJuQWhnQldZOHM2MXJUMTEzVVdjMzhKZk8tTy10UFVsTHJPVWtoTTd1NFQwSzh0UWhlb1ZwTnVjUzAybERGNlZTM2c?oc=5&hl=en-US&gl=US&ceid=US:en,NDTV,0.0
Belfast bakery wins gay cake discrimination ruling – video - The Guardian,2018-10-11 07:00:00,https://news.google.com/rss/articles/CBMirgFBVV95cUxONXk2VkgxSEtGMmZISnJrbHdleWllVENndFhzdTN0TUM1RXRKMG9KTGc3cHpBZEZNU2picGRVcnhSdWdkX1cxSDYwZ1ZlS1VVR3hVYzFZQVlDSE1rbE5wLWZxRGFieDdKS3JVXzBhRTRQMmJZVktaNmU2V25EUzlkU0QtMGxOVDdfSUZjOUwtREhLbGpXaFR6RC1VRWtReTQxVmlOYW05OWExZjhqZkE?oc=5&hl=en-US&gl=US&ceid=US:en,The Guardian,0.5719
James 'Whitey' Bulger: The gangster who terrorised Boston - BBC,2018-10-30 07:00:00,https://news.google.com/rss/articles/CBMiXkFVX3lxTFBIV0xIdHdYQ3NwVEZMZDk2TmJsVEhJS1Y5akpRbXo2UGRjMnk4UlkzOGw3OTRSaGNCMWJrLVpHOXllOXZwQXJkTE1Kc2w4bmtzM0IwM3dVSDZVd1c2bmfSAWNBVV95cUxORHgyNHhUc1JIVEZQR3dJaTJaMzVTT1c4aG13eVV1Nkt4Ynk5cmtTZGZnVWVjT1VFZjBsM0FmUlR0WUZ4ckFaQmlEdUMtck1jcGpGUi1FdVV0Y0JKUTJic2JoM2M?oc=5&hl=en-US&gl=US&ceid=US:en,BBC,-0.6486
This Is How We Radicalized The World - BuzzFeed News,2018-10-28 07:00:00,https://news.google.com/rss/articles/CBMilgFBVV95cUxNRkowQTl2SWREdXpMMnotcXBUVnBBano0NmZrZzM4bkRYeUdQb1pfWnFTeXY1TmxNbGZ5U0tQVDFlZWpmcGhTc1czbkJubHlUVWRQMEtWeHRCSU1scVIwbDRfN1drZ0tOREtIMVFIaEhPWDdSV3FEZ2tzNHg0VTFwOGlOa0RlSk1mM0dJM2o5QURWdkpyNWc?oc=5&hl=en-US&gl=US&ceid=US:en,BuzzFeed News,0.0
World Mental Health Day: 'How running has helped me' - BBC,2018-10-09 07:00:00,https://news.google.com/rss/articles/CBMiV0FVX3lxTE5sanpaNWtNV0hGN0JNR0xyZTJSejZqdTVyZFU5NWhHbFB1ak9tNHp6VEtxd1htZlBNT1pNWndMSkVwNDRCd2JGcS1ybGZUT3RYV1Z3MmtRRdIBXEFVX3lxTE1yR1NmaWNnY3ZHMWV1ODdQbU16X0pXQ3FuRDh4REhBdmpoeW9aSDhtLUktYWU5bEswc1dQSkhuaFhqbXNiYWdqQ2luUElORWZUbmF2SU5UbWk2QzF0?oc=5&hl=en-US&gl=US&ceid=US:en,BBC,0.0
World's oldest intact shipwreck discovered in the Black Sea - Sky News,2018-10-23 07:00:00,https://news.google.com/rss/articles/CBMimgFBVV95cUxQRHhYNXVhQ0NXTzdZZXJrN1ZHTm9KWVFCS242b1psRl9YSkZIOEh6VkVFZTNWR2ZyTmt0LXlIbERHU1Rmam84dUlyMFFkbkVEM2x1amY5a3pVNE1SdDl0RTBqWTNzd2lFcm81aWR5bjlldGxDOGhUUkpUZUc5V1hONkh0V05mRllfNTZ4RWhabW16QWs2bTlhZ1Rn?oc=5&hl=en-US&gl=US&ceid=US:en,Sky News,0.2023
Indonesia earthquake: soil liquefaction blamed for building collapses - The Guardian,2018-10-02 07:00:00,https://news.google.com/rss/articles/CBMitAFBVV95cUxOY2ltWnlWUXZfTHNfOVR4TDJCYzhsTjhnTGJEN3FicGVVcXdOSVp5T3BpS0V5QXN2NTlEMWpUWXlqSHJyU1M3S1g5aUJMOEhid3JxdjJlOFkxVDBQMnBUNE55eVU5WTVQd2RQd1phLUNhaUxHZjFrUFVSWFg0cXRmbklpZ19MRXc2T1JMRU1sUTVrWUJOQTVGV0hvcHdwNGxtTkRpdzZJd2JGYkRveGxLeVA3cVk?oc=5&hl=en-US&gl=US&ceid=US:en,The Guardian,-0.6486
Climate change: Report warns of growing impact on US life - BBC,2018-11-24 08:00:00,https://news.google.com/rss/articles/CBMiXkFVX3lxTE4xWlB4dDZidnl1Q1FyeFlhbWMzdzQ0VFVEOERQTWsydDctTGtDbHVIOTFLQTNManBwWGMtNXNGRTdrblFPOTlCV1I2Z0wtR0tsV0dVTEFOcVdzTGFfZmfSAWNBVV95cUxPeV9sNlhnYTV3d1ZxTDAtZFVINlBDUHhfY0pnemROTlkxcEtqbC1sU2RESTVkaEYxWXlWdWhpT3FvR3Y1SUJmMDJvX3VlUkw1d1d1MFNPUzBMdko2aDE2cHhITVk?oc=5&hl=en-US&gl=US&ceid=US:en,BBC,0.0772
New global estimates on preterm birth published - World Health Organization (WHO),2018-11-17 08:00:00,https://news.google.com/rss/articles/CBMikgFBVV95cUxQRUlDcWRFUzVBUUVsT3hFUF9PY25SdGhPOVdETHNYaHpjYjZSdE5vS0dHRTh0bXE4OEtremg0clFDQWV1V1ljaXJPeVE1X2FldGVoVHR3dlUxVFRBQm5fMUVOc2dNaWhicVh1SlZjbUp5S0JJOHE0anNxZFZGTWV5MEpLWmxTREgwZ3Z1ODZacW8tUQ?oc=5&hl=en-US&gl=US&ceid=US:en,World Health Organization (WHO),0.0
Pope shifts World Day of Migrants and Refugees to September - Vatican News,2018-11-20 08:00:00,https://news.google.com/rss/articles/CBMitwFBVV95cUxQUGRwcjhkU2djNmRuNng2YkwwMUdWWG5NbE9EUW80SFFYbVpEUy1TTDNIV21NaHlaU185QXZmZTZFMmZKVGVQX3BnYUNpYjNYNVRMQmJCc3lzaEdVVjJuVk53bHBLRkJLZ25xSV9qV1Z4cXJaNk10UEpUbU1JSUVBNXRZYzBSeGFiVF9rVlFqdUNvMGF3U284NTUzNk9ZbnVDd2tDbmdXd2NOR2NyS1MyN2RNUlk2VlU?oc=5&hl=en-US&gl=US&ceid=US:en,Vatican News,0.0
ABC News Names Janai Norman Co-Anchor of World News Now and America This Morning - Adweek,2018-11-19 08:00:00,https://news.google.com/rss/articles/CBMiswFBVV95cUxNcjFFZXQzLWVxV2g0YmZpM1UzRE1WMW05ellvRHN4TjFxWllqRkpLbS1UNkNjMl9ibHgwUkdhS2l0WklPYmFzMW9Za2dyYl82OE1nbmtBdnFUSWlmVmk4V0E1RDZ0ZVd0ME0zclJTNnZvUzYxclA3cUpsQWdlUWF5b3NTRlVtelRabGJfMUlTYmZsOHdHelBmdmpVV1BDZ0tiQzVwN0haQzVLVWhoQldvWVJ4Yw?oc=5&hl=en-US&gl=US&ceid=US:en,Adweek,0.0
Alumni Panel Offers Insights into the Corporate World - News Stories - Leavey School of Business - Santa Clara University,2018-11-07 08:00:00,https://news.google.com/rss/articles/CBMisAFBVV95cUxOY2M2Mm5lOXo5ZnctcDRaSXBDTm92cWtPUkRkVkJlYjJnUmJMSFpSX0dpQzBRc1dEb19kMU5JU0YyUzYyVWE3dlFuZ1F5RHVKdVhRUTloOTE2Zk5RdW4zN3ZORFF3OTY1cVcyVFZSZmU5UncyTjlwUWV0Rm16Q3BJMVEyTnBTNm55dFRnY3pHZ2VEa3l0UWUxMjQxdDZPM0d5dzZyeng0WHNzSkVxdVE5ZQ?oc=5&hl=en-US&gl=US&ceid=US:en,Santa Clara University,0.0
Higher education's role in a politically disrupted world - University World News,2018-11-30 08:00:00,https://news.google.com/rss/articles/CBMid0FVX3lxTE1qUk83SVlGSEk2eWZ1MFBiZVYwOHZ5Ni1yaHhMMWZQWEtMNUVPaUU5LTZNTVh2RDN0WTNMMmU1NlAwWDFSSURaVG8wb3ZWRTBlTFhMaUIxbFQxOGxuUzJzR3JwWi1URHFzeHpaNUlQSlVWUU9UOXAw?oc=5&hl=en-US&gl=US&ceid=US:en,University World News,0.0
World's first AI news anchor unveiled in China - The Guardian,2018-11-09 08:00:00,https://news.google.com/rss/articles/CBMilgFBVV95cUxNbmM4OHM2bWJWWm9CVmVhenRpa0xBMHMtYzl3RUJaN1FYdkFGU2lzcVFPYVpHUWhRdWFueXBNNXRXUW9VaEllUlBoRkVYVDJ6bndsdHV2NjlLOVduOXpZRzJ0cUZDaTA4SEhjbWo5R2pQZ3VSV1JzWkcwejItUTRNRjNiWlc5ZHpqblFPc2tabkl2V2NmLXc?oc=5&hl=en-US&gl=US&ceid=US:en,The Guardian,0.0
USF Women’s Cricket Club: Thriving On Diversity - University of South Florida,2018-11-21 08:00:00,https://news.google.com/rss/articles/CBMikwFBVV95cUxQaEkyY1IxU2QzTEtuXzR3VHN5bVQ4dWZ3YmZ6THBTRWtxSTNnbDFmNmVZMlFRSHlPTHdSLUpoYjlwanExQUNoZXFkNG41YWxUZWoxc0pfNmJPTDVvRGFuN0twSXJ5U0h6aHlBdHZWQjQzcl9GRXFaUkhsUUx4M0c1Rk5pczNjLV93cnlCQnRONXVwQTA?oc=5&hl=en-US&gl=US&ceid=US:en,University of South Florida,0.0
Honda Named America’s “Best SUV Brand” by U.S. News & World Report for Fourth Straight Year - Honda Newsroom,2018-11-27 08:00:00,https://news.google.com/rss/articles/CBMijwJBVV95cUxNQnBYZDZncVFEMUFVQkJOdFQwbWdCbmIxeHVPVm9MQmRPdVViczNLTy1sc21sUXg0NTZ4eV80dGQzdEFLaHpaLVpuUUE0WDNOYmo5NnpKbTUzR3ZKZ0ZqSkIyYmVmUlJyUnpiRXZKV29vMGJuM3J0VnpFNUlVQVlLN2V6d09GbTBFbHNLejJ6dGRXQThwTjJmNnhtQmR3WVkwb0k2SUdyaUtjVEdVangwME5Ta0RtUURra2pZNkRXVWF5cDl1WVFKRGI1ZW5FLXpQUlZYUWxZYWQ5Mkx2a0Z5aW1CNHkwZ0JRdXRJYXY5dmFGTldmaXhVSUpKZkV1ak9Na2FIcU51YUs3OVNnNkFN?oc=5&hl=en-US&gl=US&ceid=US:en,Honda Newsroom,0.2263
U.S. News & World Report Ranks Two Skilled Nursing Facilities among the Best - NYC Health + Hospitals,2018-11-02 07:00:00,https://news.google.com/rss/articles/CBMiwwFBVV95cUxOTjdLUl9RSjZzaTVONUdYOG5kVjFHelNPVGthMXAxV2RnODRMUHpha0M0VVBReFR5N2pNSGhfd0xDNUV4MDNyQnplcXVsQVh6SkhtZlhEd0kxSE5OcndfYVJEVEMzM3FlWkRaSDFUNVctZ0tia25Ia0UtUFFYZlQ3VXNnOEJpNGZ3Q3lQM19wX3lDUWNDZnlhMTVWaGl2VXR6ZVhEMlZnWkJiVkloZ05sX1E5OEVLT1d3NGRzaGVRM3ZzZlU?oc=5&hl=en-US&gl=US&ceid=US:en,NYC Health + Hospitals,0.6369
How President Trump took 'fake news' into the mainstream - BBC,2018-11-11 08:00:00,https://news.google.com/rss/articles/CBMiYkFVX3lxTE5sRmFqN04wOG4wcHhxQXhGV1RiYWRxdFZ6bDN4NS11VXJNRDVOM3BzRWZ2QVZCQkc3emljektMMkwtcXlnMWVYcS1JRnRNMGlJekgzWDlPNWlCMV9oZl9tZzVR?oc=5&hl=en-US&gl=US&ceid=US:en,BBC,-0.4767
Trump on climate change report: 'I don't believe it' - BBC,2018-11-26 08:00:00,https://news.google.com/rss/articles/CBMiXkFVX3lxTE1oZHhlR0dNNEl3S2RVSmlaMjZNdnlwemt3aVM5VTJrZjREVEJXeWdsOU1ad0VjNjlzZ0ViV05OSF9tNm52MnJDVmNJbHZ6X3FHM2xycHlBUUx4UXdIRGfSAWNBVV95cUxNaUZuN2hWSkJnb0YtazIzS1JOVVJneWpwSWJLODdVdkFGMlJ0NXF5dVZPLVpnN3B6RllkX2FBSGxWWU5aME95bE52WlVHM0RIbGJINEtZQ1ZhWmhiNnBLMGRtWmM?oc=5&hl=en-US&gl=US&ceid=US:en,BBC,0.0
Facebook admits it was used to 'incite offline violence' in Myanmar - BBC,2018-11-06 08:00:00,https://news.google.com/rss/articles/CBMiV0FVX3lxTE5BdXI3RDJmMHUxU2daNGhUQWhYbF9DdTFLQWV3VlQyWlhMVWVRWVZwMmdweHNuanpSYWRmd2RCeVBJUGE0Y0J3QnFkTzlOZTFWd2dGSjBkY9IBXEFVX3lxTE1lQjJ4WWkwZ3ZlWGxzZDhiMm9XX3RseEZaTVVfZU5XRU1BTDJxeUF5ekJCZ0N3c2VBcW1YTUpobjVsLThCYlFmRDdfMVNNMHpSM2VXUkJYbHZYYVhm?oc=5&hl=en-US&gl=US&ceid=US:en,BBC,-0.5267
What we’ve learnt about fake news in Africa - BBC,2018-11-11 08:00:00,https://news.google.com/rss/articles/CBMiWkFVX3lxTE0yLVdSeWpZbzA5RGlmSU42WGo4a1VTek85V3pobEo4bDFELUlETTFFWHVfYS15bWZWRW1udmM2aXRjOFJBQy0zUkxxQkNiVXozdmFBUFNxXzZVQdIBX0FVX3lxTE9jV0xNY0U1UkR2YXpGZG1YTDlNWE5ZNkhBTzBkZUUwZ0FwWTR2WFBKSHA2cUJXM29mMUtBOUh4Ym1VWGNKMDdEbFdkZHNVeGFkNldYS3VOOWZnYUNXZzJn?oc=5&hl=en-US&gl=US&ceid=US:en,BBC,-0.4767
"Nationalism a driving force behind fake news in India, research shows - BBC",2018-11-11 08:00:00,https://news.google.com/rss/articles/CBMiUEFVX3lxTE9xOWFmbEo5X3NfbXFzN2dtc3pHVldPbFB6NXZ1NkxSTFRfY25hRFN6el9xM3hkMS1MVmI3WDNZV0Rwdk55aDE2QVdoMFBVQW1W0gFWQVVfeXFMTjMtd3JoMVhaTEJpQVMxcEl5YjFUQXZaUTE3eUZKWks5UXZCbk9MWFBVUjFub2hYQzdRY0V2ZEFGeXhrSFVfd21HVUEtdmp3V3R2MVB5cHc?oc=5&hl=en-US&gl=US&ceid=US:en,BBC,-0.4767
Suneung: The day silence falls over South Korea - BBC,2018-11-26 08:00:00,https://news.google.com/rss/articles/CBMiV0FVX3lxTE9UWk82eHdSdGRuOE1oMkR1cnRXeWNPdWxiRFd0cU16QzNYblh2c2tJbGxaY0ZDOE9fLXF0Y1YtSllmdmF1d0NTSDdfQXR0cjd2cHFKQ2w4Y9IBXEFVX3lxTE5qRk53ckh0bzJ3ODIwazEzamlLZm5TU1VibF9LNF9PUUU2SmMwQmJSNGQ2dk5TOU1sRXl5bkY5QlR2WHBydU5NcmtUbHFpZzJKeF9LR29OdkthTDBP?oc=5&hl=en-US&gl=US&ceid=US:en,BBC,0.0
Burned to death because of a rumour on WhatsApp - BBC,2018-11-11 08:00:00,https://news.google.com/rss/articles/CBMiY0FVX3lxTE9kS0NQZmtMRTQyaExvcnplOHVjTTZSX3p1b2VwQWd4TUYyc3JuVkE4b2d3OXZIVW1Kb1Y3NWV1b3hDMnlnMzJVdmxRUE9CTjNwS0RGbldIdVQyMjdwZmxLcnM2TdIBaEFVX3lxTE1GM3ZsdjlUMDZSOU1WV3BDZjVEZ2FYSTk4bGVuQUNmSUo0S2ZNbFA3VjB5TVktNkE5YUJzVTlHTXF1LU1laHJWZUZNVkFvSTh3TEpnQ1BqVWQtUndlUUQ2R0wxWnR0dzdt?oc=5&hl=en-US&gl=US&ceid=US:en,BBC,-0.5994
Khmer Rouge leaders found guilty of Cambodia genocide - BBC,2018-11-16 08:00:00,https://news.google.com/rss/articles/CBMiV0FVX3lxTE4wb29QeGQ5alRqbnNSbnN6SXQ0eHBOTkhic0tNSnZnTUxWbDBkUkR5dkxzNWRTOU9vUEUwd0w1ZDg1bE9qcVllN1lZWmtzRW9EZ29xeDV5TdIBXEFVX3lxTE1uaW5waUdGWWxLOXR4RkhGWXVjenQzUFZDLTBJSzhNQXVFa0dIX0FnLTZYOHNfN0syWkR2QVQzTEdGY2FEel91THZISHlmLUZZUTI5OFdXOEtmX0lt?oc=5&hl=en-US&gl=US&ceid=US:en,BBC,-0.4215
China Uighurs: All you need to know on Muslim 'crackdown' - BBC,2018-11-08 08:00:00,https://news.google.com/rss/articles/CBMiX0FVX3lxTFBGNmphLWRPY1VSU2U3OWFoYzZoR3dueHZ6d1ZxVWxtNl84X2RZR0hNNHI4RzlNVV9pLS1LZlZ1ZGxtbE1jZkg3a1phSlFYYWNuNEIxZk5EQnZqQVRVZmpn0gFkQVVfeXFMTlFJOFoxR0kyMVU4Z1gyb24tMGYzOW1tRkplMnliTGdLS3JPZGVQamZMWWR1eTc4MWRNSGw4ZHZiOUV1QXloMmJ2VzBmUlc1dDNGWDQyWHNqUFNKX2t2OFd4SVRnSQ?oc=5&hl=en-US&gl=US&ceid=US:en,BBC,0.0
American 'killed in India by endangered Andamans tribe' - BBC,2018-11-21 08:00:00,https://news.google.com/rss/articles/CBMiX0FVX3lxTE1FWFUyenpDZkpZLVBfYXVMa2QxYTkxV3E2d2JULWpPWk5BY2p5SVZiNU1vVEN1djhmTHlhbm00UW5jRnhpbVN4a2JvSEhrbE4xRVFlX29WYVBwZ1A0anh30gFkQVVfeXFMTk84WXB6empXMUNRSE05cnB2ZUE1bkR4UTZ2eW1EUzktVnNhT3FGMEwwd2RNM2l5Z0laOHBJR3QxU0JITVVBaWdZeU5UeHZuSW84blRpNjVkWU5tY1lyX01zZVIwTg?oc=5&hl=en-US&gl=US&ceid=US:en,BBC,-0.6705
The man who spent decades befriending isolated Sentinelese tribe - BBC,2018-11-26 08:00:00,https://news.google.com/rss/articles/CBMiX0FVX3lxTE5TWWtkcXotS3RFMHV3NHBGaDNIcUtqcDJhbmtabnRDak1oa005aFNkVlN2Qm9rS3J5TzE2bGdhN2FubmVmRGFOMldQeWRZVE5IT1kwSzJlb2NXT2RhY08w0gFkQVVfeXFMTllOWTVjNmJCSnZDSlNTcWpxMXgtNUNhUU1xSzdpSVJtN3BmbXRjM3A1NUR0NC1oUDNfOVM1SzYydE5tN3AwbE1xSTBKWmVkWHRUMkVuTXNPZEc0ZVpWLUJyZHBIRQ?oc=5&hl=en-US&gl=US&ceid=US:en,BBC,-0.3182
News@Northeastern named best online newsroom - Northeastern Global News,2018-11-08 08:00:00,https://news.google.com/rss/articles/CBMipgFBVV95cUxQbVhkVDBSYW84cU8tOU9GUUVXZ0xFNWEtVWxKRVhMS3R4cVVSVV8zVl9OZ05rSkpsQkd0b29XZWYwYW1jdHFtTGFvVC1ja0d5TjZCRTVBTGZKRFN0NEF1MVJJbFdCbnBLU3JtVVpaTERtM1UtT2I1RXkzNE0tT245djJ5Q2lJckt6a0d0RGxSTGxpdzBKRHVjMmR6MDJScVU1Y2tJTVVn?oc=5&hl=en-US&gl=US&ceid=US:en,Northeastern Global News,0.6369
Migrant caravan: What is it and why does it matter? - BBC,2018-11-26 08:00:00,https://news.google.com/rss/articles/CBMiY0FVX3lxTE1qbmI2b3loUzZhZDBaUzJKV01sNFVrSENGSWhFcXlOSGFPb19sOE50b3JaQ0FtWVNjSE1KU0ljRl9XR1RUNXZSclpFdzV0dWZGSTZXakdvM3lnaFVMVE9vRVMwNNIBaEFVX3lxTE43Y0FHamp1OFJqMTBSV0ZkZjZOczNrdWNYY3ZGYzQ5T3ZENlRQSFNmcWs2cDRlSWVWRTIxVThXeVZMOU1NY3FLUzJDckJFQXRzS1FWblowdGFrM0ZwaWNZQjRDRlZHamhL?oc=5&hl=en-US&gl=US&ceid=US:en,BBC,0.0258
As the World Tweets - Georgia State University News,2018-11-02 07:00:00,https://news.google.com/rss/articles/CBMidkFVX3lxTE5DODlPUlkzWFp4M2J4VEtPUE5PY3Vxb0NyOGFrR1dZNUxMd0Rra0xGelE4NFBDN25iZ1dtODZkX053TXhXWWFQT1hNY1lpNDM1Z25BVnhFSUIyUTFlNzF6a19DZnFnelhCcHNMcUdqMjlpcm5saUE?oc=5&hl=en-US&gl=US&ceid=US:en,Georgia State University News,0.0
U.S. News & World Report ranks CCNY among top schools globally - The City University of New York,2018-11-02 07:00:00,https://news.google.com/rss/articles/CBMipAFBVV95cUxPMzNZem14V3htc19jbEd3aEJOb3BRN2JORFhmQ3VLRllVWXBCYUl4UGJ3MWc2dno4cDYzWWtwcXEzSkgyMEo1bGtQTC1BLWI1TDF3Q0Q3WHJmTkNKSlZ6a0dRb2EtM2tBNURiNnowWGFlUnV0Rng4a3VtTW5OMm9abFRyaDU1LUxCenZYNXMtUkx2bm9ER05EMzNtdXlvQjBmdmV1OQ?oc=5&hl=en-US&gl=US&ceid=US:en,The City University of New York,0.2023
The future of food production amid global change - MIT News,2018-11-20 08:00:00,https://news.google.com/rss/articles/CBMirAFBVV95cUxOaDNoSDlZelEtZEx6ek53cEthWWxiclRQRmNWWUx5c1hkakk1cUNURzhISGdTR2VkWktDTEszRml0U0lxRGpWOGUtMEpSeU0xcEg1UjZZUWN1NkMtLTY3dl9ocEhVTkVteXlvdWZuSUJacFA5bkk3Ni0zb0xxUU1fcUMwakVGUlpXbVBvOTdfb0c2NldGTTJTTzJSWUtKelk0TFM5QVRZMEpYX3FC?oc=5&hl=en-US&gl=US&ceid=US:en,MIT News,0.0
How climate change could be causing miscarriages in Bangladesh - BBC,2018-11-25 08:00:00,https://news.google.com/rss/articles/CBMiV0FVX3lxTE5DQVNwY0tYenNqOHo4bzVCSkFwbEFJTDB4d1NLUHFFNWx3TXhIVmI2RVNROE12QzJiNmxHclNoOXdCZ094Q1FwaXZKOTN4S1l0VzN4NEdWZ9IBXEFVX3lxTE9NaUZkTVhBOUQxb09rUS1pNlF0WlpNRUdkYTFDX2tmSFE3eFFabTJ2MUphRFVpSDJGY3B1X2ZQZWRSTVNPREpFcXZDT05icTZSQnNwalc2Qy01WkRE?oc=5&hl=en-US&gl=US&ceid=US:en,BBC,0.0
Trump's Global News Network and the 'Fiction of Reality' - freepress.net,2018-11-28 08:00:00,https://news.google.com/rss/articles/CBMigwFBVV95cUxOTTIyak9VWE03a2hJVXNCM2lfTzN5aERpNDg5ei1aVmpxNGRad29NNGY5aGhEd1h4LWx6UVhtdFN5QWlqWHlzUVVUVW9wdmRmRjBIYmtkMEZPSXM5cVVOWlcwR2dnek1sNEd5RGlhUFB5UTdudE5jQmRUVmhEdjNFYUttWQ?oc=5&hl=en-US&gl=US&ceid=US:en,freepress.net,0.0
Brazilian Student Association (BRASA) Hosts Entrepreneurship Event with Special Guests - University of South Florida,2018-11-01 07:00:00,https://news.google.com/rss/articles/CBMiogFBVV95cUxNVEdpTVp5S0VqbDNFYU5WcnV3T2F2R2pnOWp0X1paNlhQZmhabUstVXRLaDc1d3ZNT2lQMmhMRHZfV0RvdUhXdU42Q3ZLWktieW5oa283eVpBdjJuOEpIUzItNkNGRVhMdmVGX0dRNFdzbnE1ZU5EbThLeXl4aUVIRFNvcHZ2dUV1RGx1OXdnYU9sU2JGYnFPbnc5d1kyZy04alE?oc=5&hl=en-US&gl=US&ceid=US:en,University of South Florida,0.4019
He Jiankui defends 'world's first gene-edited babies' - BBC,2018-11-28 08:00:00,https://news.google.com/rss/articles/CBMiX0FVX3lxTE1hODU2ci1VcV9oTWgybXdlallFYkFUVE91ZHFQN1Q0RlN5RzdVZ0pTN0lIWExsanVabVpkM0F5cUtEeVBBMFBTX1gyTm52RmUxVngzc0YzMGlCaWh2WEJ30gFkQVVfeXFMTU93UTJaMUhva3JUZ3QxMEp6QUZqanMtbWQwd3pHc1Q1SVdjRm9OX3EyZnNudzdqRVJyWWZPMldQaENxRzJUWFJldGFXZkx3QVdrMDJja0VBbml1SHczSG4yY0xHWg?oc=5&hl=en-US&gl=US&ceid=US:en,BBC,0.0
"Dealing with propaganda, misinformation and fake news - Democratic Schools for All - coe.int",2018-11-13 01:56:35,https://news.google.com/rss/articles/CBMitwFBVV95cUxPa0owcjQ4MXREdzRsSUdYaDNLQk42ajRGQUZ5OW5CUEZfZGlwTW1WaklLWTlxdTlDbGRrSzJfZEFpUm9zV1dUeUhaU2VMWUVOc3RMN2RYNkxtNm9SbjRfc0g4Y3d0MnBfS2FPNlZ2cmZyMHFzS3ZnVTBzd1hVbm9ZT290Q3VIRmhncnRKMENiVHl2M21XcVNzc3NJSnI3WlJBVEtTYkFDLXN6TGtqZlU2VzhFczZIQTQ?oc=5&hl=en-US&gl=US&ceid=US:en,coe.int,-0.7506
How Social Media Has Changed How We Consume News - Forbes,2018-11-30 08:00:00,https://news.google.com/rss/articles/CBMipgFBVV95cUxQS1V1RHhIWEx1M2dxTC1VbkFXcG1GejYxdUdqZHd2bEFsM1dET25FaGl5SjRldVRxdGNOaTl5SXR6X05DYk1vNmJmQ2RDRUwzYU5uR1pIVC1DOUJvMnNQQ20td3dZVlgyU1JTakU1NEhrTGU2QmM1eTFwN2doVlRhU25IMzZIbTZlc2NmcmljYlNSbXVTdFl6dWhZZkZzbTA3SXJ4UEl3?oc=5&hl=en-US&gl=US&ceid=US:en,Forbes,0.0
BBC Nairobi: The largest bureau outside UK - BBC,2018-11-05 08:00:00,https://news.google.com/rss/articles/CBMiWkFVX3lxTFB3Y3hGZF9EVFpTcFlFYzlyY2xsbkwwSHMtQjJVNVU0ZzZrNkhXM3BWdFd6SV8yb2hBcWpndFF6dGRRX01YNnpsWk9uUGV3V25yVDJ2Rnphdk1xd9IBX0FVX3lxTE5qWlFsLTBzN3R5bExRWnh0R3VPNzFUcFBQcWFQWUhaclZpMGNoWnlOLTlBSHRVbXBtb0FMWWQtSlg5YXJvMDVpWXpxSHVrYTB6NURWSUlNSm9VSmlucDdN?oc=5&hl=en-US&gl=US&ceid=US:en,BBC,0.0
Crane technology for nuclear construction projects - World Nuclear News,2018-11-20 08:00:00,https://news.google.com/rss/articles/CBMimgFBVV95cUxOYWFPRDZvTUN4bkg5Y2hsWW95ZHBlNm9nMnZOa3p6VVpXVWp3cGNWNlJwQlB4VUhwLVlqNWdqOVhFZWNhY3M5N1hSa0psTHhNNmZScnVkVmFUMFhkNmp4LWhIY1NhR1lQREs2MmI0TFhaNllaa2FOZE1ZZjNZTWFVQ2tiV1J0S2xpdGZQeDM3UlJ4NDFDOUtGUUVB?oc=5&hl=en-US&gl=US&ceid=US:en,World Nuclear News,0.0
The women killed on one day around the world - BBC,2018-11-25 08:00:00,https://news.google.com/rss/articles/CBMiUEFVX3lxTE51OWtfOGhSYlJ2dTg0Zy1rVE9MWWNzaDdYNVU3dlhGT1QtZ25FSHBoVVBSZ3JGNDc4cXZ3VHdHS1lnU1BFQ19kUy13NVRiemc50gFWQVVfeXFMT0tDZTNQQTNQZEJvQ29xUk9NQUNlX1hRa3UtRGN3TDQ1ZU9HSDA0UmJWLXY5OFRBSlNhM1RKODJINktfbDUtb2p6VUdxTWNoODBQMEJndlE?oc=5&hl=en-US&gl=US&ceid=US:en,BBC,-0.6705
Fake news in Turkey: Hunting for truth in land of conspiracy - BBC,2018-11-14 08:00:00,https://news.google.com/rss/articles/CBMiWkFVX3lxTFBKTHVtcFMwbmIydEJ2M2VlNnhWV3VtNENXd29zZVZxSHgxbHktTWEtR09taXpMT1BCbjZPUmxDYXlLeVM0cjlTQzItMzNRcURiUldIaktHMlJOQdIBX0FVX3lxTE9Ua2xINmV5cHNUT3ltWnlhLTI3eU9YWWxvNlhpQW8tQl9DdnBNdlVQQ005RHBVeTFtVHExS3I2UndwZE9FSV9EZ1d6ZlNPMFJ2SnhsMk5Ed3ktWDFBODlN?oc=5&hl=en-US&gl=US&ceid=US:en,BBC,-0.6369
The 'world's first' A.I. news anchor has gone live in China - CNBC,2018-11-09 08:00:00,https://news.google.com/rss/articles/CBMilgFBVV95cUxPb2puTzQ4Y0xhVkhheUxFVUJ4dUZ3MFh0ZlpPX3hYcjRINnVFMlRaa1FySjVsc2l6QVlTZW50aXl3MHAxMGN4XzdGS0JrZlJmTk5wQWFNQUxiMi1ld1l3djVONV9lMDAyN0l0bFNUclJydENpS3NQaE10UEZPVFlCU1h3Q2ZOOEZHdFVRbWg3b0d3WWo5cUHSAZsBQVVfeXFMTUUzNFZoT2JPd0M1bmdyaWJ6MEJFUjZIN1VaMkM4YU9CN1plbXE4cFJiOUxUOGtjNFRIYUZFRlo5TXNHQUIyRXF2aGFaSGtJTnVYamdWcC0xWXNjck80WE85QXBpR2pYTXNZay1UN0FOQ2xyeHpSc1B6X3pyU2JNZHhlUjdNcXp1MW1mTmhRQ0JITkVLcFZaOHNuejg?oc=5&hl=en-US&gl=US&ceid=US:en,CNBC,0.0
"Habitat loss threatens all our futures, world leaders warned - The Guardian",2018-11-17 08:00:00,https://news.google.com/rss/articles/CBMimwFBVV95cUxOcjJhQ19VRS0yMGg1NWlleWp0R2hIRjBEbVB6MGk1ajNpalM5TFpVQ3g2S2N2YmlsZG4zQjNicXFkRTB1eXFtckJEQm81N0xLeGRjd1hkdkV4dzRJYXNBM1Yyb2E3dG9BSXBLV1RVdGxucmFONW5MMDZfdWJza01CRTNTcS00WUUwTHpBaFNNLVZjMXByOTJJODBkRQ?oc=5&hl=en-US&gl=US&ceid=US:en,The Guardian,-0.7184
France's Macron pushes for 'true European army' - BBC,2018-11-06 08:00:00,https://news.google.com/rss/articles/CBMiWkFVX3lxTE5FN2dWaHZCUUV6ZGFVS3RKQV83N1hmbkpLc1pOZUhhQnpxY3RaQ0Qyc0VnVzFJckh5NGw2RURuZktRYXhvS3B0Q1hreHlPUjlzTWp5eGZtRjVwUdIBX0FVX3lxTE1NREFKVXF3M2w1U3ZLY3VvRWZjRDktcHQ4ZHJlclBhYnMyVGZmcVNMOFRLZk5WZEwxNGpPUnlNbjNkWTh6NE5YeHZ2YXFfQUdiNG9JR2NqdGhDRWw1ZG5R?oc=5&hl=en-US&gl=US&ceid=US:en,BBC,0.4215
"‘Serial’ case, which gained global attention, back in court - Northeastern Global News",2018-11-29 08:00:00,https://news.google.com/rss/articles/CBMingFBVV95cUxPVHUtakNMR09aYmhxUHkxQ1BLSFE3aFNYUVdXdnkyalY4MDljSVIxY1pEd2QzcmJDSHNfYWFPeEJmRlJmcWhFNnBGR25mXzNLc0Q2NHltY0FMMXRhLXlYd0M0RFQxLVRGN0gzVkxtdzh6RFhEa05FUWgzcDJ0NF9XVU9ib0xQcEdhZ2hPQ0xTT1k1cjNmNlBZUUlReFI5dw?oc=5&hl=en-US&gl=US&ceid=US:en,Northeastern Global News,0.3818
Russian disinformation and the Georgian 'lab of death' - BBC,2018-11-11 08:00:00,https://news.google.com/rss/articles/CBMiVEFVX3lxTE44WDk5Sm5jVG5sTi1tdnBxTUwwbnpvS1kyZVFfVGVqM0dYNS1hWWgtN2Z6Z3E4MXpxOV9KcjlhSzVuNE5KOGl5NzNNZ0FfeVkzOENGeg?oc=5&hl=en-US&gl=US&ceid=US:en,BBC,-0.5994
Measles cases spike globally due to gaps in vaccination coverage - World Health Organization (WHO),2018-11-29 08:00:00,https://news.google.com/rss/articles/CBMiqAFBVV95cUxPSlB4WFItNEh0VWYxNjNfNGNOcnpnc3VOdVk3ejFaWEhWbFRSMHRjSTNkenN5eHV4cnNMTWYzSko0NGxXVlpZMWM2VUV0R2NqQ3ZRZ3dkZE5JODk0bTFFSklPY0pOX3JpR254OXJNcEFxZVI2bWtIWnBTX1BXaUNlOU5LN1lHRmlNWG5yVEN2TF9LRzV0dTJNYXowU0NSYm1mS0t1WkwzTmU?oc=5&hl=en-US&gl=US&ceid=US:en,World Health Organization (WHO),0.0
Violence against women: Strengthening the health response in times of crisis - World Health Organization (WHO),2018-11-23 08:00:00,https://news.google.com/rss/articles/CBMigAFBVV95cUxOdXl4dGZhRXBVV0pnV0k2ZEktRHZLTFoyZFBCaDFldTU2YnU0akktSG10bW83UlZEMjhIekU3MmtneFBHUHZCb0hja3dBZXZ6ZklkMmFqTmIwV25Cd3R5LTVqUzQwOGd0QUhxT25vQURBOVBUcnFHYUJZYzRZa1F5Zw?oc=5&hl=en-US&gl=US&ceid=US:en,World Health Organization (WHO),-0.7184
Togolese innovators turn the world's junk into robots - BBC,2018-11-28 08:00:00,https://news.google.com/rss/articles/CBMiWkFVX3lxTFBKTmpHektLVGRHVXgyN1MtV21VbGttby1jQnU2cTdYNGVsWGJNTEZWT0VNSHhwUGFwSmgtY2pQZlpRNEttYmcxSFJUUjN6bXZOUGV6ZTF3NzM1QdIBX0FVX3lxTE54bG1qdUkxREloVjhiT2pGWlJiQTNTN1FJUE9pdG02ck5va0VIYWhCMGJrVWtYSFhZb1lONnRFT09uWGJMMnRBbkluS0dMeDdZQ09JVFpJWmJoRDRINUJB?oc=5&hl=en-US&gl=US&ceid=US:en,BBC,0.0
Orban and His Allies Cement Control of Hungary’s News Media (Published 2018) - The New York Times,2018-11-29 08:00:00,https://news.google.com/rss/articles/CBMifEFVX3lxTE85RGVYRF9OblpUMDJWRGYzVjI5SFZkVDFyaEtFMjEzRVdBcnRpVGN6LUp2anhkd2hfVC1MM0t0UzIwRXQybk5FVER1ck9qTUZaUWRaWVkxVTJuS0FwMF9zRWczMlRHRjA5STBld0gwMGZIa0k3c1h0Z2g5bHA?oc=5&hl=en-US&gl=US&ceid=US:en,The New York Times,0.0
Armistice Day: White House defends Trump WW1 no-show - BBC,2018-11-12 08:00:00,https://news.google.com/rss/articles/CBMiWkFVX3lxTE14enNJZDl0RzVXZHdMckJpRGFVZUZMN0FQc3RhYTFEeUVhNXNPY2dOeXNmeTJGeFl5X2VzcjMwMGg5QnVuTEdvZlR0TlVjZFZ5MXpYOWpOY3QtZ9IBX0FVX3lxTFBVLUFWbTk3ckZSTWM1bl9pbDdCU1htZGdHaXBBcGt0VXBZSVFwTWRBeTFZdHpJR3I0Q1Z3d0dnRDdwMUs2X1RUTGlnaC13TkNCZnIxd1RyaHA0N1kxaVJZ?oc=5&hl=en-US&gl=US&ceid=US:en,BBC,0.0
The ordinary people making the world more right-wing - BBC,2018-11-04 07:00:00,https://news.google.com/rss/articles/CBMiUEFVX3lxTE1NMjFMdXVVRVhNR1pISGJBcFEwWW93V3dPd05sUTdjc0RWbWJON3ZFeFcydWlYV0tDaG01MjlDSGhlNTQ4WE53bzI3Nk9wNWxE0gFWQVVfeXFMTldRY1Zic1dTeHdMdUVsZ3FKRDhkcEdZbk0tdWZNNnhVbGVEdkNIMGpkNWdaZGxWZG45REFOS29XM0k5WFAzNnZFa1paZjJ1ei1obFZZV0E?oc=5&hl=en-US&gl=US&ceid=US:en,BBC,0.0
World Toilet Day 2018 - Al Jazeera,2018-11-19 08:00:00,https://news.google.com/rss/articles/CBMicEFVX3lxTE43dm9jWGZQOHRTc3BvbHUwRzlHaG1ZX2RiVWVxblUzNzZSeVNCZDE2X2dCZ29pT2NLcjM2cERVWVJ3MUpIdUFJZlJnUXhSM1ZQUXhFNWgybHRDYjlmRThvMEdIOVhrWjFLWWJFdzdOQ0vSAXZBVV95cUxQdURzYVNDazVZQ1E4cmhJXzJ5MjVfUDBDZ2hHSUUxUWp2SGl5ajlYSHdIRDJxNWZmVGNacEFxSTlNaGpFcDRCRlNLdURlVTdMY3lWZDV0bENuZzdldGtyM2RXVkIxVUotQnpUR3RRTkNYbjZaMXFB?oc=5&hl=en-US&gl=US&ceid=US:en,Al Jazeera,0.0
Real world lessons: Business students attend investment committee meeting - Campbell University News,2018-11-16 08:00:00,https://news.google.com/rss/articles/CBMitwFBVV95cUxQdVlPLUZnNy0yampIVEN5U3Jack5zZHlWZ3ZKS0Ruak05YnNESG1FV2NnTlJSaW40Q21ycDZhWHhDTWpjRXNlMWQ2M2xuZUFvOExlV3lKOWZXSGZUR1pkOUJvWTlLYzdSaHViaFRQRUQxN1dBbXpDT1VNb1owb2EzRkZUQzVzV1NRbFBxWS1UUWJNR1loX1VHQllXVHdiZjFfc3FfOW5ueFEzS2RnZFlJdmR0Z2NIeWc?oc=5&hl=en-US&gl=US&ceid=US:en,Campbell University News,0.0
Suicides among Japanese young people hit 30-year high - BBC,2018-11-05 08:00:00,https://news.google.com/rss/articles/CBMiV0FVX3lxTFBHZFlyUGZIdko5S3ZrdlY0czIxUXZxcnFiSGJyMXppeGc5YWZZcHJFcURKU3ZjdlJEbW5JOVRpQVltRm5SSmJ5cXNDUlJTS0F5eUl5M24yVdIBXEFVX3lxTE1jNXhSc0xTOUtfdnhrMFZQMTlmMzdtZkwxRHQwTklSSUN0cUdGek1mMmVWYzdNV1JfQlNuN1F5ZFBEQmNMRU0wMzFkYmVkSGNzai1yV3hSdDNObi1u?oc=5&hl=en-US&gl=US&ceid=US:en,BBC,0.0
"Women's Boxing World Championships: News, features and results - ESPN",2018-11-25 08:00:00,https://news.google.com/rss/articles/CBMisgFBVV95cUxQN1JlYWhQemJxWko5QVVja1RyMTlGZ0JVMHpzd2JHMnNLUjlQdm1KdVh4cmM3UkI4NnF6TWMwT0FPeHpVRDVxNXRKOXp5S1NGSXlZTTZpMWlSQTR6UklTTmtaUjBQSEtFRF9vSkZnMThIeXl1NWRMa1dSR1ZLRDNBMUhTUllGUVhBRTh5YV96dXRtbG16bWRvdE5zUl9DZDA0R2c5Q2ROUG9PTE9Xc3JJVjdR?oc=5&hl=en-US&gl=US&ceid=US:en,ESPN,0.4939
Donald Trump: I was at an Elvis Presley concert - BBC,2018-11-16 08:00:00,https://news.google.com/rss/articles/CBMiYkFVX3lxTE40MXpTVjVlMm1qY0lEZkhQa3RrYXBwcFhSREl6b2JBYWx6TS1RSmliYUtjLWtQVlhBemkwVkdjLTdjbXh5MnZFTXdpQmV5TmdldGJGTE5IREZXX3oyUmt3QjhB?oc=5&hl=en-US&gl=US&ceid=US:en,BBC,0.0
Female Entrepreneurs: the Future of the African Continent - World Bank,2018-11-29 08:00:00,https://news.google.com/rss/articles/CBMimAFBVV95cUxPYUtuTmFZWHJRbE94dWFVTWp0TEdoMmJ2UXlxVWJUMnQ0dmgteWVyVU1GU1pvdmdIelRmbkJQUk5oMFRPekJjTmFfQTQ0QTh5X0hGTUpPa0owMG1OYVY1dXdQYUJSbmZqUjJmdDBzZkNfcjVaU3NxcGZ1QWpLN0JVM2U3VVhZQTFEMWp6aXJMeVctQXU0V3Y1Rw?oc=5&hl=en-US&gl=US&ceid=US:en,World Bank,0.0
Angela Merkel's departure could quell the populists who forced her out - NBC News,2018-11-18 08:00:00,https://news.google.com/rss/articles/CBMiqAFBVV95cUxOMkZuOVlVcjNtZHl5aUZGdGxjdlVpdUI1YkJQa2ZfanlyZFY1ZUYwRmpwMHlHQkhOWllwQ09HT205UUhkbVQ5Yzl1LWhaTnB1MDVSdlpZMENqLTZtSWtfMElBclpyUGlkeTJsV3VHM1d3X0V5MTZCdllIdWwtZUItbm1tWm1FN0c2WEEyRlVCUV9uQ2p4T2N2d1RaV1BhdGlzNENheE5XWkLSAVZBVV95cUxNeEpoN2JCeGdnTzdzcUdnakZfVURMYV91VUxya1BfcWU0dElfNi1tM3VONnItVDBEOVlRRm96MlJib1NsRDA5Uy10TThUY0lVTE9GYk9Zdw?oc=5&hl=en-US&gl=US&ceid=US:en,NBC News,-0.4588
Wombat poop: Scientists reveal mystery behind cube-shaped droppings - BBC,2018-11-20 08:00:00,https://news.google.com/rss/articles/CBMiXkFVX3lxTE9rekNEYmE4ejhhc3hlaE1ZSmhPNHQwRjhCZHlCa0tmWHVSMUFLSF83bXFvU0hpSEppbFhiVmVjZGZYelQ0aklQdTI4TGFvVGhRNzhwcDB6SnFYSVpYRGfSAWNBVV95cUxNcmFPMTNHakhGYUM1akQ1aXp0R01wYXJzUEc1eE1YUHluOHc4bzBfN0NGbVZWa05vQm1OcTMxTlZpQ0ZMWi1UNGRKVk16UWZCdVFrNEpNZElVY2R3Q3FPem1kb1U?oc=5&hl=en-US&gl=US&ceid=US:en,BBC,0.0
Philippines: threat to indict news site ‘assault on press freedom’ - The Guardian,2018-11-11 08:00:00,https://news.google.com/rss/articles/CBMiwgFBVV95cUxPZzhaLUdCWWxrYlhCYjRLb3M1M1dUSDBCTTJnTjZHeUhvR0pCRG12SUtxYzFwYzUtS1M0Q2JIVXZaVmNCZzVNUnU5cUIxeks5djNxclhONTRMYTZta0VTbmIwODhhVDh3THk2X2p0SjFwRGFnd3ZDa3k1R3U0Y2JXbUFVZ1dkckU5eHozNHI5N2pVSDVFWmNIU1R2VWQtTmFyeTRzRUtnUEdidzhiYUlHSHNLUDlpbTVkeGlMYlRhYm5uZw?oc=5&hl=en-US&gl=US&ceid=US:en,The Guardian,-0.5267
Kosovo hits Serbia with 100% trade tariffs amid Interpol row - BBC,2018-11-21 08:00:00,https://news.google.com/rss/articles/CBMiWkFVX3lxTE9YSFYxWTJCclJ2bDA1STFGUi0xeTlTcXo4YldVaDFYZzNyejNWTm1YaWR5U1NEVkFtN3otSXhRWWJtMkl0TTlwWVVLM2VKV0NWTFc5dHlsSXhCZ9IBX0FVX3lxTE5FeDlNbEMtdTE3dkF2RUJkdVJiWFl2c1h4YVkyYjdBZFZTRTZGQ0g5OTgxa0pKazRyNUFZM040V1NVNDExN1liQ21CUjgxUzYtOHpWWDBpVUV3UHZEVWU4?oc=5&hl=en-US&gl=US&ceid=US:en,BBC,0.0
Pope Francis: Transforming society positively gives voice to the voiceless - Vatican News,2018-11-03 07:00:00,https://news.google.com/rss/articles/CBMimAFBVV95cUxPaVBIQjVMVTZFeHo1SHB0M3VuVU1XYWZ4b3luSy1KVWczS1h5S0kxa0NHUlZ0djQxaE5TeklUaHZfTXFJTC1NTE0ya0c3MUU3NUF6SGtNUWhTYzlfdXdkVWtSd1NpV3VoYTdBcFBoN0hfQWNrUmFXamFBdG1zemNNRHJILTMwTFBIRmVUQXJhWDl3SzE1R2xpbg?oc=5&hl=en-US&gl=US&ceid=US:en,Vatican News,0.5267
"When newsrooms are dominated by white people, they miss crucial facts | Jelani Cobb - The Guardian",2018-11-05 08:00:00,https://news.google.com/rss/articles/CBMiogFBVV95cUxOZUx4bTN0N1J4cWtoeTBXcFQxTjhQUVYxRGNfcmt6bVF6OWlyODZvdnR6aXpYVzlva3FxdzBCemc4LWFTbllvTHpLc0UyZ0lhZFM2bmhWTjFrSE5jenlhOE1WUDJqNEY1MGJDN1JxdkVJVm1PbExEZTNJaHVjZHYtOXk1WmlPcy1DTU1kWlFOZDVvdjFLUXJIT3dWMWp0QjdyaUE?oc=5&hl=en-US&gl=US&ceid=US:en,The Guardian,-0.1531
Reality Check: Is China burdening Africa with debt? - BBC,2018-11-04 07:00:00,https://news.google.com/rss/articles/CBMiWkFVX3lxTE1ZcHFuSS1taW9IaGNrOWhqcTZXU0otWFc5N0FGTjlJNnRKVTZfRG1uTDRyMWZNUlNyVXVuMmozNHM3cV9sbXNVSGZDckVEWDFKTXpLaFUtRUlIUdIBX0FVX3lxTFBpZFJNZ0R6ODh4YzVycDRRTkhkblVocjNlYlRZZ3BFMHNRTHpyUk5oSEJXWXA3ZlJ1Z2RwUXRhOUJuTlgtT1llZzNGNGZwdmo1UU9zZV9pc0RNYWUtNDZN?oc=5&hl=en-US&gl=US&ceid=US:en,BBC,-0.5994
Irish outcry over teenager's underwear used in rape trial - BBC,2018-11-14 08:00:00,https://news.google.com/rss/articles/CBMiWkFVX3lxTFB6cllhdGs4T0VSZUIxY2tuLTM2RUg0ZGlUTWh4anJUQmplblhsUi1IbTZUZWxXVDAwd1JwRXJ3TmNnWGVTcFBkN2twZGdoam91UlVPM1JMam5qd9IBX0FVX3lxTE9icXpvekxHT0Zjak02aGRtOFhlS0NBaHZFdTZjWHFxNVFIOENaMTJuNVdTbHdsWkJpOWVWV3EwazRlV3dWOGNaQk1IYXlZNjRKRXN3Uk9NYVA5U2xtdGtB?oc=5&hl=en-US&gl=US&ceid=US:en,BBC,-0.8402
ABC pulls out the glitz again for ‘World News Tonight’ election eve edition - NewscastStudio,2018-11-05 08:00:00,https://news.google.com/rss/articles/CBMiggFBVV95cUxQS3VKOTBuWTZQQzduM0Y0RlVEaVgwbDJnb05IcTFyd3dEczdRZ1cxS054eGlEcWRINnlZVkhXekUydkpBWlJnTlZlcGxNdU1NVnhFR1Vnb2dNTmhQWTR0QVROOS1HNjlEVmJ1SXkzU1R6TmdpVkx4VnF2SmRfLTFFMER3?oc=5&hl=en-US&gl=US&ceid=US:en,NewscastStudio,0.0
U.S. News & World Report ranks CCNY among top schools globally - The City College of New York,2018-11-02 07:00:00,https://news.google.com/rss/articles/CBMikwFBVV95cUxPRDJPTWthWGNhc00yOEdwZjhLUTFHM2VuaHdWcEZfOXdfX3pSOV90TEZuajJKZGx4LWE0SVkxQ244aUEtZ2xOX1puTmd0VW93UlRTRG9GR0djX1hxbEhnUjQ5QWJJZE0wODhOVkpUdjI3Rk84MkE3NDkyM0FtOW5tdDhsODBudjAxRkdfZzhrV2FZdE0?oc=5&hl=en-US&gl=US&ceid=US:en,The City College of New York,0.2023
The Dead Sea is dying. A $1.5 billion plan aims to resurrect it. - NBC News,2018-11-29 08:00:00,https://news.google.com/rss/articles/CBMilwFBVV95cUxQVzlSc29CNkEwbjAwdEllN0lIS20xVjVyRURpZUZHdHhHbGlZNFRRZ0VJOWoyT1RyUDZGeDBJRGN4Wjd1SzI2c3lIS2tuRHIyUzMxanlJX056RXFsdGQ5TUtDZzhNUHFJN3lsdXNfVXF0bXdBTmhvMzFDMTcxR0EzZUlNVzhjTWtHNmp4Z0YxNDVqcUNOV1Zj0gFWQVVfeXFMTXltTXBIMGNPeE1CaThtcnQzU0x5VzlLUGNmLWk0S3oxRDVLSThzVkpQTjF6Zm5yZ0w2a0hhSlVtaU1RLVRnQm1TUmxuTGtLUF9lVkhRSVE?oc=5&hl=en-US&gl=US&ceid=US:en,NBC News,-0.6486
WTO | 2018 News items - World Trade Outlook Indicator signals further loss of momentum in trade growth into Q4 - World Trade Organization,2018-11-26 08:00:00,https://news.google.com/rss/articles/CBMib0FVX3lxTE1YLUQzVEp3Z3RZQXU5NjJpaXdkZXNRSXpxSzU1RXhkVEJlVVpQNURBelU5MzRkcVpNZDFPZmo2YmFNOF9zMVhPQ1hmRF9Xa0ItVUZuRWhrYjhSbERSV0hMMGZDcmNXQWN0MTJIcjM4RQ?oc=5&hl=en-US&gl=US&ceid=US:en,World Trade Organization,0.0772
Eritrea profile - Timeline - BBC,2018-11-15 08:00:00,https://news.google.com/rss/articles/CBMiWkFVX3lxTE5KX0JyY3J2Y3h0WUQzR1EzamdqUEs1bDE2RmJGX2VXT2dSMUd2UHo4RU0zbFNhRy1wZUZBTmV3bUlhem05NU00Nk1wbTJZZDIzVDBuNXJUZjJJZ9IBX0FVX3lxTE1FSVBYMHk0ZVk4N2RVVGJrNk1PME5UeTJoWWZNZGNfTE90ei12MEFJTlF5M3JPXzlIVzFQV3VBc05qM1c1Ul9lNzFBTlNkZHVRcEhhYnY1MFZIeS0tMFpN?oc=5&hl=en-US&gl=US&ceid=US:en,BBC,0.0
Guardian quiz finds women more populist than men - The Guardian,2018-11-30 08:00:00,https://news.google.com/rss/articles/CBMipgFBVV95cUxPOHVxT0dvbUtvNllpbWRHbDE5NFhCRnN6b2dYdTNtY1lsaE9vSThpcHNZWl9ETTg5V2ozdkpaSmlnRGdlLWJfTkk3c0xfT0I5U0h2VHVmUURtLThrbTZWcWk4dlNnUXFzVXdPM3luWEgzVXB1RHRVRGV4SUZWSnIwc2ZwUklWWDhfWnA4dDZ3SmJQT0tIT2xqeERpSTA2UUdJUUVoLWNn?oc=5&hl=en-US&gl=US&ceid=US:en,The Guardian,0.0
Man killed on remote Indian island tried to 'declare Jesus' to tribe - The Guardian,2018-11-22 08:00:00,https://news.google.com/rss/articles/CBMiuAFBVV95cUxQeDFWdURBWWdWOERfV0hXcmNzYXRFYlVldzdKZmtidFZUR19jcUNUTDd3RzluWWlzc0RzeTdoekRLTXpXLTk2N2FfWDVlQS0weXVNb2J4VzRGdFdJc0VHazQyakdGdWxuaDVDRnlHQjF1elhzTEd1YnN4VEc1aUNQUGhRZFFUbk1acWRvM3ZpdDBMc25UZktCeVBVT3pfUkdDRS1nY0tQMF9ZSVMyam5OaC13YUFYSUVN?oc=5&hl=en-US&gl=US&ceid=US:en,The Guardian,-0.6705
Hungary's alleged pre-election meddling sparks anger in Ukraine - NBC News,2018-11-06 08:00:00,https://news.google.com/rss/articles/CBMipgFBVV95cUxOZzNsdWZDLUoxc2lSRjNDUkR6REpqM1NhSEhsMENEUWIwelpGN1ZiTGQ0UG1aWjFjVkRjVWxFVU00eVprR3JFSFhLT2dIZzRKVUpBNnI0LU9DTHdta3pQWEhLaDN1eDNvaGZ2RTl1ejBxN05aT1BjQngwVFJIYUpiM3VZZm9Yd05PZ1Q4TWlyZ0NHZ0hvM3RmcTkwNUdCZ3A5VV83bGNR0gFWQVVfeXFMTTZxUTNxWk53eURyNmlfRTg5QVlVdEZfd2ZzLTNQT2REUkJsY2VfYTZYcHU5ZEVUbXAwaUI2OWJmYzlYVTdTNDR1QVJJcjRTWUhEQ3owWkE?oc=5&hl=en-US&gl=US&ceid=US:en,NBC News,-0.5719
World’s first AI news anchor debuts in China - Built In,2018-11-13 08:00:00,https://news.google.com/rss/articles/CBMijAFBVV95cUxONjJTaTl6aS16RnJXNzBKSTIxMV9va2c3bkRwc0ZVUy1wQTNTU1RyZExaYXRHWlI1ZWltV0g3REh1bGx1d1ZrWF9jc0hDOV92LWtxTjB0M0x5VUxHa3dERVNnZFRrb2JRUk01a0ozQ3ltcGZxcVRIVUdqSWRTQlJCbm85cHB0elFHd3BJWA?oc=5&hl=en-US&gl=US&ceid=US:en,Built In,0.0
"CO2 emissions on the rise for first time in four years, UN agency warns - UN News",2018-11-27 08:00:00,https://news.google.com/rss/articles/CBMiV0FVX3lxTE1OT3V0dDdFNW15U3BqSjhBSERKTTF1WmdySUhBaXFEaHpyWVdhYmJjZmNvUjIzUkNDRllHZGN2bDNrTUVrY2ZjUjJFTWlqX3dyTTdIaElhVQ?oc=5&hl=en-US&gl=US&ceid=US:en,UN News,-0.1027
Khmer Rouge: Cambodia's years of brutality - BBC,2018-11-16 08:00:00,https://news.google.com/rss/articles/CBMiYkFVX3lxTFBNamFoM1M5OTNLWHg4U19abzA4cHltUVdUd0laWTY3a0RMNjBfNDM2MzM4dnNTTVBXTUoyOXJheFZoTkJIMG9GNFVRNmZMOTJjLUstRDVCTnNKeUd3X3lXT3Nn0gFnQVVfeXFMTWZqaDFOT0lRbVVoWVRpMHdXZlRBd2dYWHhXdWJycU5Tcm1uZUxmVF92b1VBSHdKQ3R3UUtzaUN6TmtqQXlielFJdnpISTZvTGdZWnFmSEJFOExHOENpMXc2SDVPMlhPMA?oc=5&hl=en-US&gl=US&ceid=US:en,BBC,-0.6124
The Story of Takaful and Karama Cash Transfer Program - World Bank,2018-11-15 08:00:00,https://news.google.com/rss/articles/CBMiqgFBVV95cUxQS3JiNmk5c2d6aDhBU1Q2b0FPMG05dWQ3YkNvVk1RUzgySWhQVUxtel9WQkZ0YXN5ZWV3RUExbW52N2xqNElpTFlMMU9ZUzNMdDh1dEx1U1VsbFQwS19ETkQwenM5VVptVy1RZHFwZlhzUWJKTmFCVU9TZHhpSjZTcnRLbXQ0OU9rS2xXY1ZuQmljU3VZZXM2eU1UN1BpUWNMT2JYOW5NRTQ4UQ?oc=5&hl=en-US&gl=US&ceid=US:en,World Bank,0.0
John Allen Chau: What we could learn from remote tribes - BBC,2018-11-24 08:00:00,https://news.google.com/rss/articles/CBMiU0FVX3lxTE91RllCckJpQ1lEWnNoQmhBMWdZRHBNWHF3VkNmRjJZWXlhQlBTYi1EQjRCdW0xX2xWakFGVDFqZ2ZLeWl1cm1sTmh1ZzcwYlJ6TlE00gFYQVVfeXFMTWp2RVA1R2NnU2tuYk14RnJMb0JFQnF4ZGdYbmR2TlZrZWNuclQ1bmtac1luVVlUbEMycWFJS3NGc1RwSVlqRDM2XzhqbnZ4VDVlWHF0NWotSA?oc=5&hl=en-US&gl=US&ceid=US:en,BBC,0.0
California wildfires: firefighters battle blazes across the state – in pictures - The Guardian,2018-11-10 08:00:00,https://news.google.com/rss/articles/CBMixAFBVV95cUxPLXZrSXlQc2JMZERVNlZUdGdjWXBId05uazdmVFhQZkhBWG5rRDExLWxhaFFrbnZxSFYyakNDa2ZJZEtmV2tmLWNOLVM1TE5nX3A3REt1WktoNFhEVnNxY2hUa2ZnRW5jNWVoRmlTVno1aTZTMTNGZXBhTm9yMFNHczJPM1l6OTZkSWxMNWFSZEVUWkhiV19fNzdRLVdBMGR1MHFDbHE0alJfWm5IaEk0bG0yQmhLU3pXZEwxYjZnYjBCRzQ1?oc=5&hl=en-US&gl=US&ceid=US:en,The Guardian,-0.3818
3 Questions: Stephen Van Evera revisits World War I - MIT News,2018-11-08 08:00:00,https://news.google.com/rss/articles/CBMirAFBVV95cUxNampvZks3UkpUTS1oZ0k1YXpOU21zXy1xUVhXMzJ1dkxEakhrY3IzRW5KellKbmFPRFhqQlN0eWtzRHFNdzVvZmgwZzJmdXhwZkZfZm02SUN4a2JpeWFORG9hTXJkOFhVcXE2MXR5cGZSWmI2eWZER2ZtWG5YMnlMNUlobzhaRFExaV96TjM5bjRzUFJUNFVOSW5DM0daZm1SQVpieXQ0Snk3ODZu?oc=5&hl=en-US&gl=US&ceid=US:en,MIT News,-0.5994
Reggae music to be protected by the UN - BBC,2018-11-29 08:00:00,https://news.google.com/rss/articles/CBMiZEFVX3lxTFBhZ3FnaEVSZk1lWTJkZ3R4czlldlhhdXI0QWNZNnFncU1WMmdfaDZpYjhJT3YzYmFLRDRNYmI0SXlkTnUwb0ZGb3ZNb2NHb3RIWXpqU21MN01ocXdEa0VNX3RBT1LSAWpBVV95cUxPUHljYzJMMEl6S3NhT3Z0QmFWVElrTG9vX0J4Nk43RkJQN0M1MGNWdHhNc1RCQzlkcFFrNVFNR1dPX2xPMXRHXzhzbmNpNTBXV3plLVNlMl9NcERQcjYzUXVUOWo0MTJKek93?oc=5&hl=en-US&gl=US&ceid=US:en,BBC,0.4404
The war that did not end at 11am on 11 November - GOV.UK blogs,2018-11-09 08:00:00,https://news.google.com/rss/articles/CBMikAFBVV95cUxPQmZHT1F3LTlyOFhwMFNxa0x1eGZTWG5YVU1KZnFrdHRRU0pVX3g4cjZKdVEtTnEwemVPc1k2N1RURWVWem1uYlBYQlBSb0VoalBxdXE3TnkxMDhCS0dGZ1Exb2hDR0gtVUwyTVQ0dGJFaVplXzQwa2tza3FuYXBsMU1KUFcya0ctQUFBc3NkTlA?oc=5&hl=en-US&gl=US&ceid=US:en,GOV.UK blogs,-0.5994
Tension escalates after Russia seizes Ukraine naval ships - BBC,2018-11-25 08:00:00,https://news.google.com/rss/articles/CBMiWkFVX3lxTE9TRmdiZWhJS3VEa3BuZWgxTmVaVkVwVDlZdGFHQzlfWmk1NllVLUZIYlFBY3lPUkVtTE4zaDJJd1lGVHplbjhUVV85emh4Tmp2OHhuZWNMOE1mUdIBX0FVX3lxTE1jdWVySmttV2FpdEY0Z1NuRDhhdURBUktndzhwdks2N3BtQjhmNmVsSXpjUDZzQXZmd1JQNGt2TGpVdk52MjQ3NE1QLVNYcUp4a2pWQkREdTNwMTRrcnhr?oc=5&hl=en-US&gl=US&ceid=US:en,BBC,-0.3182
Dinosaur world 'more colourful than we thought' - BBC,2018-11-05 08:00:00,https://news.google.com/rss/articles/CBMiZkFVX3lxTFBVU3JCcmNrVDRmZ1otNVNET1JIU1NYaEhtY0VGTWlVLUl3M1UwUllCSzdzWWpablliN1A2cmlOVzNDdmNOY2FCU2ZkcWFzTnhwYVBkd2JzaUFJdUxrNnJuaFZBZEx2UdIBa0FVX3lxTFAyRjFsRlA3anBXcUNSSk53X3lmRnFhM0FybkdXaE5RRHdEZVdjbUctUU9aZUoxZ0xkZXRRdlY3RUt4VXZUdVR4NDBuN3NnaFRmVkJNVlVxN2hHLW9KNTBvRTc0bTF5QUhHc0s4?oc=5&hl=en-US&gl=US&ceid=US:en,BBC,0.0
Olympic Games: Why cities are snubbing the 'greatest show on Earth' - BBC,2018-11-17 08:00:00,https://news.google.com/rss/articles/CBMiUEFVX3lxTE9WQTdkVzl3U3pVS0J2LW9KbWdJcHRHa1R4MEJXaGRTZk0tZkdtOHI0SGNyWXJUS1ZlSDJvVXlzTVJ2cUUwdG1sZDRNVVlzN0NN0gFWQVVfeXFMTmp5YVpJSXYwR3JEZ2ExYTR6R2FoMFZOODZnT1dlUlIyX1o5UkNjT3lyVmpMcXZidGpEUEFtcEVVVGtVM2YtOTMxMXpmeTltYVZINmFVZlE?oc=5&hl=en-US&gl=US&ceid=US:en,BBC,0.5106
How Stan Lee's superheroes helped change the world - BBC,2018-11-13 08:00:00,https://news.google.com/rss/articles/CBMiYkFVX3lxTE1tWU92SENJdlZjd1lKVldfeEtRM3BocjlFVGtOaHlwTHRxVFNkdnpTQWFtZVJhM3E1RkpZUDh3WEwyUHBxSmlHbVJsMS1ZeElJRGwzVE5pVWJzZ0hWbVRUZk5B0gFnQVVfeXFMTzlTaGxBbXNZT2toc1ZBZlVEdTl0MnQ3eS11NkJoOVpGZ3ZObThSd2w3aG9XTjNvaFhUYjZyRUhjQTBSZFVYb0Vmd3B2enY5YzJDRko4MlpYODFfWGZiX3FJVjMtcmY5MA?oc=5&hl=en-US&gl=US&ceid=US:en,BBC,0.0
Revealed: one in four Europeans vote populist - The Guardian,2018-11-20 08:00:00,https://news.google.com/rss/articles/CBMiqAFBVV95cUxQU3pQZlVFY0MxWUhyS3V0WFFTZkg2OTVCaWpVU2Q5eUVkRldLSzJiT1JuRHlENW1TLXdQeUNRX1JIWGVCQmt4TmNmdDJqZERxbmoyTER5WjVpM1ZlU0FhcTljZGxDbFdCSlQyeGVFaTRFVDV6RFhwSERzY3B4Z0tBanhXbzBVTWZFV19iQ2hVRDlLMlp1Yk9qNDFCOVlQLTljbzk4eVpQbmU?oc=5&hl=en-US&gl=US&ceid=US:en,The Guardian,0.0
How Christian missionary media shaped the world - The Conversation,2018-11-06 08:00:00,https://news.google.com/rss/articles/CBMiigFBVV95cUxQSjJiYnBtQzFYLWRWTENrUnpzWExMaU5ONnZPRTQtQmZ1Q2JlbmFMYWhBQUZhekl0NS1mempwRng1OHZuY3pPdDVLZkhZT28yMVJoWWRhQndUWUJ2T1NJd2xNZXhPZVp1MFZiUEV4ajVqUERjdV81bDdLZ3ZBRGRJbUpmQlFwZ0x4cnc?oc=5&hl=en-US&gl=US&ceid=US:en,The Conversation,0.0
World War I brought profound change to Indiana University - Indiana University,2018-11-02 16:23:02,https://news.google.com/rss/articles/CBMiiwFBVV95cUxOLUNyTXBiN3FvVGRWRzdyQkR2eDFpUkdONFhUZEJjR1VnSVNQd29LS3p5ZWp6UndzWjhjdVJOMHU2aWVqMXdHZWJIdlJ6V003ZTJqUnV1QWJWc3dub1ZtY3RBUDFBa2gyMlNnX0NMQ29VTzBURnNXQWtub0RPd1Njd2NuOExtQXpqRzR3?oc=5&hl=en-US&gl=US&ceid=US:en,Indiana University,-0.5994
Reducing Economic Losses: Theme of 2018â€™s World Tsunami Awareness Day - National Weather Service (.gov),2018-11-03 06:43:07,https://news.google.com/rss/articles/CBMiY0FVX3lxTE0zWnVOd2JmdVFZV1N0QUFLeGkxaVNWLVc1cm56X1pZTXJaTzhYeEZtR0x3RUcwSXB1UnVtdGZTSEhVeDA5RFpnTlF6Mk9pZDN4NWh6QVo2VGZKWUV0VDhJaUdOYw?oc=5&hl=en-US&gl=US&ceid=US:en,National Weather Service (.gov),-0.4019
A year in fake news in Africa - BBC,2018-11-11 08:00:00,https://news.google.com/rss/articles/CBMiWkFVX3lxTE5nd2hDdm13bDZvYnFLNGktOWhucmRlTGJWZkVHaDNrazRWcmlwZ0hSY2VNRUZfckZ4aVYwWF9YWEJNTEI2S1d4X21iNWdtX2NQZ2pqNkZoRXo2d9IBX0FVX3lxTFBDT3NwUnllZXNkOG9lanJZRHIyWUtWeEFDVF90Z0dUUDhGVzZGQmI5V0wtY2VBX2F2ZTNZbndtQ1Jxd0VrQ1c0ZE95M3VHTHNhc2IzWE9MQjhZMmJrazVJ?oc=5&hl=en-US&gl=US&ceid=US:en,BBC,-0.4767
John Magufuli: Tanzania prefers 'condition-free' Chinese aid - BBC,2018-11-27 08:00:00,https://news.google.com/rss/articles/CBMiWkFVX3lxTE9Ic0JTQ19UYXlfQWhVVVNXNWtwUVJDOXBwQWkwUWpFQ3RVczFfSnczWVJFTHl5Z1I1aG5nekdRZGprRHhWTXVzU2E3YTliWVJWSENDbmlaMFFZUdIBX0FVX3lxTE5ISzVndDR1RHRMTVNVQzlmWUwwbVMwbEtFVGxJS0hFa1ZDMmZMMkhFd0cwVEZQLWl2UjV4bUdKNXdtc1NUaTItVmlaQWF4WXBrN2Q3b0dTbHJVVVBGU0lJ?oc=5&hl=en-US&gl=US&ceid=US:en,BBC,0.0
How populist are you? - The Guardian,2018-11-21 08:00:00,https://news.google.com/rss/articles/CBMijwFBVV95cUxOT0hXa082OF9mQml2VHluOFBoam9VYjJBbGtvaTlBVVQ0eHZCV3dHWmdZbW5iS3dldGl2eDAyRjhxaHdHa01NNDdOMHZsTnlTZHhGQmhZYUN4M1dWNlI2QkpyNFlRWjBLaDF1TjF4aUFJaWxGblFVaVB0TnZDWV9LZ1dGV1NaOTZPd2w2SHF4VQ?oc=5&hl=en-US&gl=US&ceid=US:en,The Guardian,0.0
California wildfires: Finland bemused by Trump raking comment - BBC,2018-11-19 08:00:00,https://news.google.com/rss/articles/CBMiXEFVX3lxTE9HZXFqYkJjNGZHSnJjdVpxLXhlY0RRWVhvbFZDQUg1bFIySDVqT3lzVzdHRUIwN2l3VVVhRXFtM004Rnlsemt5QVVKektEOFJKTVJCaFBtZEFKMDVx0gFiQVVfeXFMTm1aTDk4c0hUTmprOHFQTFlpeG1wQzJ0OXVnenVwdjY2VWVhQmltZTgyQTYyUlhqOGJ5MldjZ3Z1blV3cVBGSkhwMGM2SW1hOTFWYTIzU3BjZTRWVmstQmZyM3c?oc=5&hl=en-US&gl=US&ceid=US:en,BBC,0.0
American killed by isolated tribe on North Sentinel Island in Andamans - The Guardian,2018-11-21 08:00:00,https://news.google.com/rss/articles/CBMiqAFBVV95cUxPUnE5THEtOGlWaVlDUWVPNmItWl9yaUxCTUItYUtYUGR4Z0xSdjRsTlpZRUd0R2d5TmZrbmMwRzI4eHVTWS03MlJHU1BCcVVRZC1oRHYwZXEyYS1YY0lTdjNUd1RucHNDN2xhNWpZbm83T1dQVXgwR1lEcDA3Q3ZsMlZnZThhRG5jampkWmhaMUctMWttMzNWa2drVm11YkVKeHNRMFk4X08?oc=5&hl=en-US&gl=US&ceid=US:en,The Guardian,-0.7783
Yemen: UN chief hails ‘signs of hope’ in world’s worst man-made humanitarian disaster - UN News,2018-11-02 07:00:00,https://news.google.com/rss/articles/CBMiV0FVX3lxTE9VeXRjb2x3QmpwNnhBc0FfR0hZMEIyM1QtR3pxN2J1V3B5OFBOR0RGSXFzM2xPUThfU3ZKYXV4eTVNd3lyUU85SmxTVjB5VHgtRlE5cEhxSQ?oc=5&hl=en-US&gl=US&ceid=US:en,UN News,-0.8481
China launches 'world's first' AI news presenter at conference - upi.com,2018-11-09 08:00:00,https://news.google.com/rss/articles/CBMiwwFBVV95cUxOUmQwQm10MmtnTTFtZVI4a3c4dERNT3NsM2hPUkxaNjNHNnBmSG9MdWRnVVVpMEUtNUVfcjJTa0txUktmakM4RWZFR2hHLW5BN3NTSlgyYXhWdFNQOF9oVDJxR1Z0NDR2ZC1PaVZaV0JLVVQwRmdnbTV3NW5PLXdMX05MUEZDX2lLdllXS3A1Uy1ZYnB1S09hR3UzU1F2ZnFpeVp4RXd1LXBvaXVUT21aZWFnclcyamZESVBCVGZzcVJaY2PSAcgBQVVfeXFMTWxpSDRiVmw1TXBBa1Z6eklMUFBXbG4wWVZsdUFmWHpnTy11Z3lWcUhDendFSnNaTDVMNkZEbmUybVpiT29OR0dDMjRXR0NUSmtiZnB5YTd5R1paOVJiUGFPbGVmdTFwWjJVMV9UVlRadHppclJPeklUUTg3Z3RXckphOFcxeE9yN3FoX3lyV19fUTl5OVlzZzV2VEdiWnVjN0hpelVJV3FDckRZZWNQczZMUktzMEFtQ3pHbkM0RHJDLWtZNFRlel8?oc=5&hl=en-US&gl=US&ceid=US:en,upi.com,0.0
BBC 100 Women 2018: Who is on the list? - BBC,2018-11-18 08:00:00,https://news.google.com/rss/articles/CBMiUEFVX3lxTE4yUlpDVGM5UXF5OHJLYUxLaDlGa1JZMlBKUEpQV05CdHY2RGpwQTRhaWZCdmMxajRBYW5yNFVaVjU0YVBkTDRNUDIybC1vb0tl0gFWQVVfeXFMTy1GN00wV25ONmRDZzRNUzY0R1F3STIzWHpvMXRQWnI3RUUzVGVPcDRxTW5IVWlUMHJPdUVkQzlOdUlhSTRHbGlPVEhIYVpnTnVVZXVubEE?oc=5&hl=en-US&gl=US&ceid=US:en,BBC,0.0
World leaders meet at G20 summit – in pictures - The Guardian,2018-11-30 08:00:00,https://news.google.com/rss/articles/CBMinwFBVV95cUxOc0FmV2l2Q3VOVEJScHdmMDFmVi1TSkgxZHNQQnhiYUV5NzlvQ3dFZmdvUHo3WDRwcEVlSWkzYnZ3NU1QWWV0bGNDdlpSOVFhRFJ5T1paeUFYcER2N2NoZ09xbFZpRHEzSE4tek83WHE4eHRwWnR6dFVwMUZFRVFzdngtYnR5UnE5Nm8xaF9ieWVlSUU0Q21IWTlKdjluYUU?oc=5&hl=en-US&gl=US&ceid=US:en,The Guardian,0.0
"Remembering ‘Abdu’l-Baha’s call for unity, a century after World War I - Bahá’í World News Service",2018-11-26 08:00:00,https://news.google.com/rss/articles/CBMiSEFVX3lxTE41SmdOZVdOc1didFhzS3RGMzhxMnNOekF3YUlWLWhYMFh2N3B0TF9sNk5BWnh5VHlzcGFLd2pqakF3aVZOWmZocA?oc=5&hl=en-US&gl=US&ceid=US:en,Bahá’í World News Service,-0.5994
"An apocalyptic cult, 900 dead: remembering the Jonestown massacre, 40 years on - The Guardian",2018-11-17 08:00:00,https://news.google.com/rss/articles/CBMivgFBVV95cUxOQ0R5Q0d4RHRZTk4yeUJCTm12dU1jcmF0d2x2ZC1hNUhPUXNSMG1GV2tOTUZJdHRLYlR0Ul82dExXRGVxX0ZCSjhqSjNnek01LS0zYnhOLUZwdXdSempzdDIzc2p4YlNfMTE1aFJjdlEyd2pWSkpEOC1keG5Ham12eVhNZmY3akV0QTN6VERXZHoxMFVKZkZQdExBUnBlWjdNT1p2LUdwR1QxMjlLVnhfYS1zcVRIaUFjaVRNVEtR?oc=5&hl=en-US&gl=US&ceid=US:en,The Guardian,-0.8658
Trump versus Xi: China’s best shot at the world title is to box clever - The Guardian,2018-11-25 08:00:00,https://news.google.com/rss/articles/CBMigwFBVV95cUxPSEhYeEtUdVhOb1B5ZU1uN2ZZWVpTOWRhQ2k0VFlNOFdnX3pIcS1GMlVOLTVRVEZOS0JLTUNzcXR1aWhpVW9BSlc2eDZmcDRoTmtNVndNQUlQUURjOFNGTThWZ05NaG9aRmg3LXhCYzRGQzdTU2UyNFdyYmdmYjlfNlZvUQ?oc=5&hl=en-US&gl=US&ceid=US:en,The Guardian,0.802
Large hydropower dams 'not sustainable' in the developing world - BBC,2018-11-05 08:00:00,https://news.google.com/rss/articles/CBMiY0FVX3lxTE9KVnZLLTlYTG5CZnhOTDFvUzNVeTBLVEZzemFkcGdRSEpPUWNPVmpIVXBoNXI4UGlBaWQ3eEtURmxkRlc5VXlKd2haNFFvdmpNQmotZGRnWXVJS250dDZnRTJ2b9IBaEFVX3lxTE5ucHZDejJjc3hWdVc1VzBJMWxXZmJlT1hTdmpWeTh3dWkwMHB0YkdLNHNrSmJXa0RWNTVWeGw3R1hUdFYzSnFPS1BoV1loYWxYWWtyTlR4eUJOM0E4X0p4QzZsS2VWT1h4?oc=5&hl=en-US&gl=US&ceid=US:en,BBC,0.0
"Hunger, disease have killed 85,000 children under 5 during Yemen war, Save the Children says - NBC News",2018-11-21 08:00:00,https://news.google.com/rss/articles/CBMiogFBVV95cUxORElQRXNrLWE5dU9lTFo2S1NONXVQWkxvY0hnQ2NtRmthWkc3N0d3YWJhcVVDN296REwzM1Y1ZUI3UWZUMGd3dWFZVUgxajNnV0RmWm4tNnZjQlkzT25YWXZxN2lTaWVnSUYweEh5TDlkQ0tSZzQxN2VJenVBaWVFVDI2cTAzNS1oZHdianJRTHdMOXR2YzJaclNFcWZIV1RrdmfSAVZBVV95cUxPem1fTUtKSVZ5VDRkd0dxR3hLWGNZZExRS3dmbTd0MEdtVm9zcC11enQ4X2JSQjAxRlpTVzczQVpqNGRRNDlVd1M0dUlnRVk4ckR2QXp0dw?oc=5&hl=en-US&gl=US&ceid=US:en,NBC News,-0.802
5 stories that captured the world’s attention in 2018 - ABC News,2018-12-16 08:00:00,https://news.google.com/rss/articles/CBMimAFBVV95cUxPTmJxdGpKcHFBbGtZOEdiaDJmb0lXd3Jia2xEcXY5dkxpRDZDcTNYd0diN0tvVDFORFFycm5yLVB6QmlvZVlLTU1SMVI4T013Tnd0TWdWTTRVN2VYM183bU1qVTIwNG1MRnR5djkyRTBiSFk4Y1ItQlI3bDZuRWpqSjFRR2lpS2tDMmRtNWYtclRRWWQyZlFHT9IBngFBVV95cUxOQlBWdWpNT09Wa2p4bWs4V2hfWE4xdk9EemRJV243b1VJZXdaNzhzb3IwS2NNQXhMQkhBR2JCRWJETlM3VDlnR0lwRndNX1ZtRW1uU2tOVzh6Yk5ZQVRtaC1sN1NNcllGX1lPTlRsdzRjQlE4NGRUc1B2bnZiOGZGOHlBZnYtd0d5aGZXcUVpX282WF9DbjYzSnVHVUtkZw?oc=5&hl=en-US&gl=US&ceid=US:en,ABC News,0.0
10 news stories that gripped the world in 2018 - Business Insider,2018-12-10 08:00:00,https://news.google.com/rss/articles/CBMid0FVX3lxTE5jOVQta0RJQ0FhbG5BOGxmSWJVRUVxYnBIUXVsb0p3c1Vkbzc1NGFDTXdQamd0Zm1IUklFdWFsNDhNRjJad0FkSlNJWDd1NnZyOVNZNWxFemczSVFqTElzVkJkeHdnX0VPb0lxWU5naUlfR1ctSVRj?oc=5&hl=en-US&gl=US&ceid=US:en,Business Insider,0.0
Feeding the world in 2050 and beyond – Part 1: Productivity challenges - Michigan State University,2018-12-03 08:00:00,https://news.google.com/rss/articles/CBMifkFVX3lxTE5RUDBIVnFUdmUzUERGcTdVZ1E3Z3RNMmliR2FhcUVoMVdFMGlVZjh0X19vOEZUcnZUbFFsR01kUWZfV1U2Vll4VTl5YXpEOEZlaHRVbEw2b0JBTWFrQlk1LTZHUkJkYjltM0RDVm15dE1TdlI2b3ZQeV9tVkw0Zw?oc=5&hl=en-US&gl=US&ceid=US:en,Michigan State University,0.0772
Donald Trump v the world: US tariffs in four charts - BBC,2018-12-03 08:00:00,https://news.google.com/rss/articles/CBMiXkFVX3lxTE1UdzdXT2F3Yk1vcjhGelV0aU5ycEdYNFhlT25vZjJkOUNFRHRaLWxoM0JINjhKR2R2MGt2aGhsNHhkTlllYUhEaHVTVi1IQ21uMTdDZ3pHd1BSaWJIalHSAWNBVV95cUxPTllBUTBUWTFrOGJjaEJrWEV2Uk9WZ0tDb04zZ291d1hFOFNNMEZ6WnlHZnliSHlWelFuS0ZlT0NseXNUb0J1aGhMenVhM2tnd0NBUy1XT2RrdEJwaVBkSDhObnM?oc=5&hl=en-US&gl=US&ceid=US:en,BBC,0.0
New Global Studies Program to Explore How the World Works :: News & Events - Swarthmore College,2018-12-07 08:00:00,https://news.google.com/rss/articles/CBMilwFBVV95cUxQOEEzNVhpemp5aGIyRXl4ZzlYa3NlbVp5YzBsaTdTXzJXRmE0Smp3bVRtWmFhVWlidEVsQlVBTm82SG1Ca2dZTklSVjBZY1RlNHMwWW96bkhvOTcxRWE3SlJGZ0Fyc1JOOG9wcnJiWlgzdTl2cURaNDN5NVY0elQ3djlSdEQ1b3pnbHFlWUU4LURDbHlKVDBB?oc=5&hl=en-US&gl=US&ceid=US:en,Swarthmore College,0.0
UN affirms ‘historic’ global compact to support world’s refugees - UN News,2018-12-17 08:00:00,https://news.google.com/rss/articles/CBMiV0FVX3lxTE1lMUdrZWVDU2pTZDFUOXl1YnhQb1NPRUFMNjVPVzctUTVSc1ZOaWtLc1lrbDFwM1N2QXhTalFmUHUyQ2RKbkhha29SbXZSN0tqZTIyYm5sSQ?oc=5&hl=en-US&gl=US&ceid=US:en,UN News,0.4019
New WHO report highlights insufficient progress to tackle lack of safety on the world's roads - World Health Organization (WHO),2018-12-07 08:00:00,https://news.google.com/rss/articles/CBMizwFBVV95cUxOSXJpVTllQ2tUV1ZIVTVpUllObVZJS2ZJR3RHMHVuaHhYa2VzYWszbk1nbEtQQUhBVnk0NVZ2Zl9PZGxzR29aaFZnMjE0dkJ5cThvWmZMWUhFVDVvTWQwR1lkcGxENVpJOEZ1b2U5LVFsMzRLM21ocloyNDZPY19rVDRJX0t6ZTNYNzhJV3U1VUduYm96NTBKc2ctRmhVeFhrOVFGekRHeGM1aFA3THBUV2tyTzRyZnVBUHA0dG5nd00xcDBwZGI5a2xxdWlzOGM?oc=5&hl=en-US&gl=US&ceid=US:en,World Health Organization (WHO),0.5106
Class explores the global phenomenon of 'fake news' - Cornell University,2018-12-05 08:00:00,https://news.google.com/rss/articles/CBMiekFVX3lxTE8wcmlncXBjekZSd0V1bm1PcDhDVzg4UDB3QklqZ3hWMTV5bWJHcjFjS0JCOFdNSDRGQmVNeTd4amJBNy1NT1NkQW1uR3pkbzZlRXpuTXVPZnM1SGFoOEZMUWlRMjd4OVFNZ0lxcC01X1FtbmhvbHptMWp3?oc=5&hl=en-US&gl=US&ceid=US:en,Cornell University,-0.4767
"Berkeley perk: A world-class library, open to staff - Berkeley News",2018-12-04 08:00:00,https://news.google.com/rss/articles/CBMinAFBVV95cUxNZ21fMGx1N2oxR1Qta2RSNV9WczY2bkdfY0xuMldUSGxsODlpaEd2SmNxUHpmQWpjSXE1YjZBSGZaUkhiSHlGYVh5T0xpVnJydy1RUEdhSnpvOGg2bUpHMFdodzJFSnlMa1hPc0xhXzZlZ2NnQlJZUUhMaFQ1bU5tYmlpWlZlQTJCQjJuRlFQcm1Vb0dCSGRPNHpYNW8?oc=5&hl=en-US&gl=US&ceid=US:en,Berkeley News,0.0
"2018 Events - Pop Culture, U.S. Politics & World | HISTORY - History.com",2018-12-06 08:00:00,https://news.google.com/rss/articles/CBMiV0FVX3lxTE1ERVNRRDBGSWJXMFBzSmd4ZjJ4eHJNREdjRFNuQlZZOWRLODBPUU1FQ2d0X2hTVmRCQTI1a3owLVlpaHRPeExYbnR4Unh0Y0JPT0ozek44SQ?oc=5&hl=en-US&gl=US&ceid=US:en,History.com,0.0
Year in Review: 2018 in 14 Charts - World Bank,2018-12-21 08:00:00,https://news.google.com/rss/articles/CBMijgFBVV95cUxOZGxodC0zVi1xSm5WVndJUWVFQXlWS09Ec1ZDSjJpRzdHZlQ0ZkVfUVJQZm0wMlVHRVhhOC0xSzRydEo2ZFdsdEZrcmt6cUVIa09iUWNyZVRjaDdZdXZ1d3c4ZUw4b09SSXpQTDQ5ejFfVVBUZXRISmV3TnVweGJhZzVidkV5OEF5WjR2VE93?oc=5&hl=en-US&gl=US&ceid=US:en,World Bank,0.0
A global solidarity network realising societal change - University World News,2018-12-14 08:00:00,https://news.google.com/rss/articles/CBMid0FVX3lxTFAtbFFfUXluN2xqSEMzRHRFbW9WazlBN1JrTkVlNmdwbk44ZFZIUkZHMVY3WU5NalRHMzJnMG5oWXJJZnR0YUZmNUhrOXo4amtwVFU1OUZrSkdLVXFhU0R1MnZXZUIwYTZjVE40dGxkZEFEamJtWllN?oc=5&hl=en-US&gl=US&ceid=US:en,University World News,0.296
"Despite all the grim news, the world is becoming a better place for us - New Scientist",2018-12-18 08:00:00,https://news.google.com/rss/articles/CBMivwFBVV95cUxOQWg5S055eF83a1lKRUxfTkFwSXFSSGk3anFKU2VJYkR3R3RzSlJBQnFFNk5lcG01SVdybEF6b1Bibjc4bWRyMkRGNWtRTVN5Y1c4TE9VclV3b2xKcDBITVFETGhLWlNNbW1QRkRzamcwZHN2cElNVkF1SU94NmpwdFNTc3c1ZGZmZzZoMWU2RERod1NZNF9DazVVLVZtQ3ZYRmZSdzlabWx2M3hKNlQ4YWpSVHRFZjVNcXlKdGQ1UQ?oc=5&hl=en-US&gl=US&ceid=US:en,New Scientist,0.7094
The Role of Print in the Digital News World - reutersinstitute.politics.ox.ac.uk,2018-12-03 15:57:46,https://news.google.com/rss/articles/CBMijgFBVV95cUxNS280YzQzSWZZUVZsM2pReVhOdEdoSFR0VkV6VkRqWm14N0VLSkhPMUpOYnZxamRCaTJwcDhBbF9QYW9MbWJOc3N2YWMxVjVKaWg1Q2wwN3VEMFN0dlBZMmM1OTBOLU5qQThab3dMX25KOFlDQ2p0UUdCUS16ME1help3azV5R1R0ZGl1b2F3?oc=5&hl=en-US&gl=US&ceid=US:en,reutersinstitute.politics.ox.ac.uk,0.0
'Brutal news': global carbon emissions jump to all-time high in 2018 - The Guardian,2018-12-05 08:00:00,https://news.google.com/rss/articles/CBMiuAFBVV95cUxNc1ZJYmlhdVU1UHoyN1NuaEkySnZBdEw5Q0oyeUtsUWhMN3BEUVlTNkhvRDRyM2lOTUZza0I5NDlmLUtVQVVuVm9ZQjBNVnRkVzVFUlBNdHBwSFVHdDh6c2J3MzRhTk8wT1pHaFB0Sm9RUnZWc3FzS2QxVk4xRWlpZnZRTEl4VHNPNmtGb05ELUdaY1ljcUFNTnZ4X2djcUh5YUZhVFhfNXhBdkRta2hjX0VYNW5tTnNx?oc=5&hl=en-US&gl=US&ceid=US:en,The Guardian,-0.6249
Xi Jinping says China 'will not seek to dominate' - BBC,2018-12-18 08:00:00,https://news.google.com/rss/articles/CBMiX0FVX3lxTFBkb0JJU19yZV9DV2gzSGFTXzh2cmJSY1RJeFJUVW1GMkJLeG16dndFN2pUZE0zcTVRMkhMcFFzY0ZRS1B6V2l1SkFaQjN0OEtHY1oyMkpJSFM3YkhtTHdn0gFkQVVfeXFMTV81OGhYcHVyMUJLQlJCSkRaVEJTcEhjbnZrNW5wU1RwZ3liV2Zzdk9ZWnNIVUk2NFdpY3NVWTdBa0RCZDRvOE1MaFpkT3J0ajNmTl91TWVWbHJLc21MMjBPYUwxdg?oc=5&hl=en-US&gl=US&ceid=US:en,BBC,0.0951
"Internet milestone reached, as more than 50 per cent go online: UN telecoms agency - UN News",2018-12-07 08:00:00,https://news.google.com/rss/articles/CBMiV0FVX3lxTE1YZTdSX3J1S25zbFpUeHh1UTVSMkY1Mmp0WDhpTVFJSWFJSHRUY0dyRTBMREg3UVlTYkJ4Nlk2a3B0Wm15SFYzNHdGeGNmTnlhc3lYbVdxcw?oc=5&hl=en-US&gl=US&ceid=US:en,UN News,0.1027
US-China trade war: Deal agreed to suspend new trade tariffs - BBC,2018-12-02 08:00:00,https://news.google.com/rss/articles/CBMiY0FVX3lxTE9FVDVTb2hrbkJSYndkeS10T1pzZ2VhcHB6UExENWVhR0pxWTVLWEh4bHJZMURWTEpUMHFiV1ltcFlOOEtjNlEtY3gyVEUxek15eDZLeXRCZDVzNE9wekRJc01pY9IBaEFVX3lxTE9Tc3ZwTHlMMHJpSThZRHNIMC0zdWQya19SRm5hd1UyaHFGZzVDSkEzRjE2LTI2c0V1M3J5TXlDOFM4OVdIYkZzM3ltRWNuTjdlMTRWTlg2cjU5dGRzMWl6QzRPZ0plYlhY?oc=5&hl=en-US&gl=US&ceid=US:en,BBC,-0.6249
2018 in pictures: Striking photojournalism from around the world - BBC,2018-12-30 08:00:00,https://news.google.com/rss/articles/CBMiWEFVX3lxTE4ydWo4RmxMS2FfOVBnejJRNE51VE9ONlBOakhxTVRuWGM3a0dMQjF1RUk2MGxwZE1CMVFQNEw2QnRvZXIzX0VBUFJYS2xIMko5dkcxREFHR1XSAV5BVV95cUxQeWJWTmstcUt5amFnM0ZTcVUyN0loVm13b2dTNnRvc05ZUnhUeEgtMUZxM1E3LWY0M0RzSDBaOFNCdnpTbFhxb2ZMVkFQY3ItYVI2aHl0ZGh6Ujd3XzV3?oc=5&hl=en-US&gl=US&ceid=US:en,BBC,0.0
Jair Bolsonaro: Brazil's firebrand leader dubbed the Trump of the Tropics - BBC,2018-12-31 08:00:00,https://news.google.com/rss/articles/CBMiY0FVX3lxTE9pTUF5QjYzZzhvcncyMU5QZF8xbFQxTHk3dlVRa21rT1hkQW1qTzA5TzBnVkVXVjJyR1dGTTc2azlFbURRX05CT1BnVDZSVUYwWWNSdUNielhSVGpqNXpTOUxNWdIBaEFVX3lxTE8wbGZRSFdSZ3dvdnhsZkZGbnFDa0FCNWQ0ZGVmQWFiMHBTck9hXzcyYWdFTUZXZnoxTmc2TjJKV19ySjBjTVJDWkdmWFZKWFdJM2xua2FaWmtCTkpaazItSGQyNU0tVG5n?oc=5&hl=en-US&gl=US&ceid=US:en,BBC,0.0
Schedule for Hanhikivi 1 project revised - World Nuclear News,2018-12-27 08:00:00,https://news.google.com/rss/articles/CBMijAFBVV95cUxPSktNTFBxLTAzcF9JdmltQmxaN0t1UGswYk9rWTVINkFqTWtqejkybjJXdTFPRHE3cmRKWElKMGdqbkE0Z1FZcjBzNWc1dE50NmVEVVp6ZkNXeDNRdGdyQVROQS1zOGJrT1gwcDEySmFXY2FUYXN4elJoVGNzaEpzRzR4bENqZ3EtOHMtOQ?oc=5&hl=en-US&gl=US&ceid=US:en,World Nuclear News,0.0
Vladimir Putin on nuclear war: U.S. is pushing world 'closer to a very dangerous line' - NBC News,2018-12-20 08:00:00,https://news.google.com/rss/articles/CBMingFBVV95cUxOWVRQVEozSWtoenk2WVNHSi1pMWkxR3FmUFZPTFN0LU9CN1dwYVplU0d0c254Zy1IQWVVLUZ2d1pkSjdoTW1KOVBZMlpNOU5IdF90eXVOajBTOVg4TjY4LXp2RzhhMzUyUEpDQWYtSndrejg3UjU3RFJ6MTdKbGRxaEJkcS1ZU1hJRlpSc2ozTS16cjBkYU5jcHZtcHB5d9IBVkFVX3lxTFB3N1dad1h4U3dPVmVaSDM5Tng1TEdGODVrei1TUFp6SjJCN0tGU1JKVlNEMGJVX1dBa1RQN3psWFRacmc3VmUzeGZBUkRCcm95V1BJd2pB?oc=5&hl=en-US&gl=US&ceid=US:en,NBC News,-0.807
Inside China's audacious global propaganda campaign - The Guardian,2018-12-07 08:00:00,https://news.google.com/rss/articles/CBMipwFBVV95cUxNcF9qc2RScF8tZGlkY19peDU1U2dLTzlydU95c2RWSm1ZZWx1ZVRPZlRVYzhGeGVVWkIzTHNicTl2WFlTb1h0LWItUlV4TjVGdVFLWjZQLUg0VTh3ZTFzSlJKVjRDRGpZTS1XS1FMMmp3WC1Ga1VobV9OWE82NUlleFFLOEpCMFpoRDNjak92YWM0SkFpRFhlSmdScm9vajJ3TEgzbHhTWQ?oc=5&hl=en-US&gl=US&ceid=US:en,The Guardian,-0.0258
How ancient DNA may rewrite prehistory in India - BBC,2018-12-29 08:00:00,https://news.google.com/rss/articles/CBMiX0FVX3lxTE9aTFd1WmtjeW52bk9QeThFdklKVHJ0RzBiVzdSdjZLMTNSUENGdTdnMTBqZUVVZU1qSmRhcC1wUHE2NENfM0NZcVpXT1NEbU1RTXB1R2tPNjNEdjQ1MWx30gFkQVVfeXFMTXlzdXJ2SmtHTnB5R2s4dl9yTGN2NUpuRldpeXZoV2ltRXZxaDlocnp4aC1QeDRCa0lvLWhQdm9qeDlEUV92YjVhNW1jc3NJWWZOT1U0bUhlTWU2TjZHSm94RFdBTA?oc=5&hl=en-US&gl=US&ceid=US:en,BBC,0.0
"Afghanistan becomes world's deadliest country for terrorism, overtaking Iraq - NBC News",2018-12-05 08:00:00,https://news.google.com/rss/articles/CBMitAFBVV95cUxON2wyQzhKczhIN1NRRzJmd245WVhnZk5qUE9RLVJQYk92QUI5VThhc0FjZG9QN3ZiOTB3TnRsbkhCUXltWE04alk3alZaamVVVkdkWlFQLVRWbXpkM3RLbE9nUk40THlZVFhXcW5iQ3lIZUhQdE04clZkeHhiSjlNamVzLVJLYXBCWmkxUTVhdVlXZkNXMmdzcWZpUC1lUUFYOUk3VHNiU0pCQmViQjVXVHc1M2XSAVZBVV95cUxPdlZzNWlBejRva1RYV0laV1dIQ0N5R0h1SXJtVFpMTDFieUJ5c1VmYU1mR204dHNWRERqNF9zR0JRc0NSelZTdkhaMEZJR0dzQ096cGJHdw?oc=5&hl=en-US&gl=US&ceid=US:en,NBC News,-0.6808
Qatar profile - Timeline - BBC,2018-12-03 08:00:00,https://news.google.com/rss/articles/CBMiYEFVX3lxTFA0MDUxdzhodUNOWEc4TlpFWFo3RTNSR3kxeHpTTVhzNWlwSVY1SzY5Z0lTSjZJczF3V2F5azhOWFBVanR1RFpIb2VwRTItdTBCN1RKVm15YmpieHRnbnk3bdIBZkFVX3lxTE1tdnJQS2JrSy1OZ2RWV1RnaTNVdzB0LXRmRC03eEZPSTkwLWJHd2VCZTdXN3VKRzR5bmVadWNzWW5SeS0tU1BFeDNqQU10RGp0LTctMTFrWnZrOW1WSVNQUHN3a0ZKQQ?oc=5&hl=en-US&gl=US&ceid=US:en,BBC,0.0
'Racist' Gandhi statue removed from University of Ghana - BBC,2018-12-13 08:00:00,https://news.google.com/rss/articles/CBMiWkFVX3lxTFBVdFMzNGNtNklWbnJOQWN1cjd0Q01wSlFZb21uQkd3TDQzMU9rNzltbmUtWmlyd3MyY3k0YWowVThwWUZhOC05c3J2TWc0U2U2MElZQkRFWE5DUdIBX0FVX3lxTFBobVhhSUNIanNyMHZPS2FBbEJZeFFDazc1aUVjM0hDb3FUOHZMdzVqODlmc2o4b3VRblpERW5wSnBvSklkbnVNYW02TDFiYWhGb0ctWWtiN2drcEZEOGo0?oc=5&hl=en-US&gl=US&ceid=US:en,BBC,0.0
Pope: martyrs of Algeria sign of brotherhood for the world - Vatican News,2018-12-08 08:00:00,https://news.google.com/rss/articles/CBMimwFBVV95cUxPUUQwZi1CaC15bzFTNHk2RTlPSVNCSy1SX2xxZzUyeVA1bkl6YlJUM1lMNTROT2gtSnN4bDc4QXZ2a1NzTEYtV19MQ2xhOGlWZDlLQ2RzdG1GS2kyaDVXdWtpcDEzYko3bHZGMW4wcVkzcFBzVUx1bWkxN0RRTXZ4QnFpZlBoYzdXVTNjQ3o3cDU2ZG1ZNXhLOC1ESQ?oc=5&hl=en-US&gl=US&ceid=US:en,Vatican News,0.0
Iraqis fear defeated Islamic State could make a comeback - NBC News,2018-12-29 08:00:00,https://news.google.com/rss/articles/CBMingFBVV95cUxNbkZoYnRlUXJrRjBnTmg2SW0zVnVhQ3ZfOTZROVhRMkp5eE05ZGNVcmF5QlZGRXhZR0kyc2xSc1ViM2xicVFfX25MQUNMUWtPcDFwbkVMSXk0NzBzYVJtZDRmVFlUaDVpaDR6WHd2ZlVvNHVNbkJLNEpCQlZhRC1nWDZmdW9CNXV3cENoMUppbUVpV09hUVZvTEp1ZjN2d9IBVkFVX3lxTE42RXRUemxXZHlLT3BKQlVvLTRYc29hTkg0SkdlNEJLMFgwQ2JmT21BNW1kSUxjWDlMOTQ1eFBNUmdTb0h3VFB6akFuaXNPMWJfaHV6MkpB?oc=5&hl=en-US&gl=US&ceid=US:en,NBC News,-0.743
Global Compact on Refugees: How is this different from the migrants’ pact and how will it help? - UN News,2018-12-17 08:00:00,https://news.google.com/rss/articles/CBMiV0FVX3lxTFAxU1FBQ0hhRHpHLUFzNUxtc0xIQVBpSHBWQjV5Q0k4T2VwNEtJZGFWdTNMVzNVY09oWGJtOGNYdE9RVjRPM0Z2bTRlYy1od3VtUHJoVzVSMA?oc=5&hl=en-US&gl=US&ceid=US:en,UN News,0.4019
How to spot a populist - The Guardian,2018-12-03 08:00:00,https://news.google.com/rss/articles/CBMilAFBVV95cUxNMlVxUEVQamNLbzdmT3dvalZVQncyV2N4MFRzVTYwdWJjdXFQd2h0dkxnZ2ZadEpuY3BfWWlVaXlUZjJOUUJnWEJkZmJUNkV0TWtjcmVjRjRjeGQtRlAzNU00ZndOQngtR1JOdUVUXzZsWGs5TmxjOWV6NzlYYWZGVXp5Z2o0Y3FjUXlxN2JwNUF5N212?oc=5&hl=en-US&gl=US&ceid=US:en,The Guardian,0.0
Health benefits far outweigh the costs of meeting climate change goals - World Health Organization (WHO),2018-12-05 08:00:00,https://news.google.com/rss/articles/CBMisAFBVV95cUxNSEtSYjZuVjc0UUxhM09nR3ppeko4UWhvOERIX19oajh0MDNxTC1zNFBHb0FreVJYUXE1VVRMTUVIeDhGR1o4SnpFZmdLT2FTRVBUdTlRTkRLNTJaUkx0YTZGaWxjYTZtM25MLWVHVkMzeDlfY3h2WVpVNENzRDVSRTVkNDYxZ3UzeHIzZk5uWEhSMEptUEtVQXQxVTF0YVZoSUNfWUZqa1BHZWpmelhOZg?oc=5&hl=en-US&gl=US&ceid=US:en,World Health Organization (WHO),0.3818
Exploitation licence for Mauritania uranium project - World Nuclear News,2018-12-18 08:00:00,https://news.google.com/rss/articles/CBMilAFBVV95cUxONDJpMVNvOFZ2NXhlOVQ5Q2xBbXVYOWc2Zlh2NF9KUkxFb0pkampnMlY1WWZldU9zMVpON2ZZOGFGUFdMdktOZmdYTVBBWVMycU1jQmhoUFFiSXIyUHdCd1lkWjA5SG9KcXdoT3FVWmVDMkc1Q2tWanFvN0JneEh5RnI0NzV6QWZYc1luaWtUMjZsTG1u?oc=5&hl=en-US&gl=US&ceid=US:en,World Nuclear News,0.0
Governments adopt UN global migration pact to help ‘prevent suffering and chaos’ - UN News,2018-12-10 08:00:00,https://news.google.com/rss/articles/CBMiV0FVX3lxTE94RnM3TlhLc29hYUJldFNsTDg3MUU3aXVVd0hVUzVfTzBFVmpFSGtucHVvMVg3OVBIdkltenhLTHItVGlTZ2FRaTd5WE15MWpRRlRoMEhGWQ?oc=5&hl=en-US&gl=US&ceid=US:en,UN News,0.0772
"Chaos at home, fear abroad: Trump unleashed puts western world on edge - The Guardian",2018-12-23 08:00:00,https://news.google.com/rss/articles/CBMiqgFBVV95cUxNcUV5ZGUya0hDWUJGbHNmNnBEZEFoSnpKTHM1UkxkeFFSTWM4TXBtZ2dYRG1YS3FyTkk0TmxwcVNkOTU4T2tfdE10LXpOLUU5QWRJX2Y5MnU4dHFxSkw3cmpYOVdWMmFBRUZmSkhoMzM5dGROamdHUF9pczhEbnhNb082TmtIT25oRHIyX21KTTRESHRDcUFydElFSGZIRXFDQzJnYVBEbmlfZw?oc=5&hl=en-US&gl=US&ceid=US:en,The Guardian,-0.7845
James Mattis' resignation letter in full - BBC,2018-12-20 08:00:00,https://news.google.com/rss/articles/CBMiXkFVX3lxTE5fazZkRm92SDVJTXI4M180bnBfVzNQekRkT0EwMWc0cE9CZk9ZakUwQUtPQ01kWTk1bXNZOUM1MGdNQU1FQVluWDg5aThwYlN3SjdEVlZZQUQ4ZkJ3bkHSAWNBVV95cUxORGdpRTdFOHNwZXVwelFJbGs0VnlwZC15RjUxZXgyMkNPYTRpZ0lkNkl4d2Fpb1NCQ2Uzakl4RDRUS21nY00xYWJrNWlKYVNyTzBYMGU3OWl3Qy1YWXFRb0hkRnM?oc=5&hl=en-US&gl=US&ceid=US:en,BBC,-0.296
Donald and Melania Trump visit US troops in Iraq on Christmas trip - BBC,2018-12-27 08:00:00,https://news.google.com/rss/articles/CBMiXkFVX3lxTE5LRDBWOVRYVm1XdkJROVJ2RGpyNE1aZEVqQUdad3IzWmNZeE5BMHN6UHF4d2xJXzY0WG5TOVRxLWdDTWZlbThRY0x0VTR0VVk1Y0NILWZuTUpIcFV1R2fSAWNBVV95cUxPRVpKN1JJU2k4RlV6cG5tVnFxWm41SEVvTFFxbFctVy1OcDR0VEx0R3lwb25SYnhXMVlaalRCempBNGQyRlRWTVJJQk1FNThuN09rRHdmS3haZjV6Tll1Q3EwQWc?oc=5&hl=en-US&gl=US&ceid=US:en,BBC,0.0
"Children as young as 10 fight, kill and die in Yemen's war - NBC News",2018-12-19 08:00:00,https://news.google.com/rss/articles/CBMikAFBVV95cUxQZS1nbms5Y1FLa3B1a3MtUWoyajBaM1RxNWVUTGs4V1hKbXNKcGZRZGdnbFIzZUxLem0wWEpyM0VNSU9xRnFxVENEbUktd1Y4WVJmU1F2TWhPSW02U1kzcXlNTHBkQ216dVJXakxjbjJVUDVmajJpT295UllRQmVCeHBfcWhDWkhUUTZ0S29IZ0nSAVZBVV95cUxQOExacWR5MEJyeUVOUjJJYnNPUmVpSjRKWVlzQkZOaHIwUVJPSmNPak85TlhFTERycl9wRUc4dzUzS0JsNVZsV001S1pCemhwWk5CYTRhdw?oc=5&hl=en-US&gl=US&ceid=US:en,NBC News,-0.9442
15 Stories From Around The World That Show What Really Happened In 2018 - BuzzFeed News,2018-12-27 08:00:00,https://news.google.com/rss/articles/CBMiigFBVV95cUxPeWNua01kVFc4Tk1jdkZHaWZEUmRLb1M4dkxSZU5CdC1nS0ZfVnhVcjR4eTkzN24xWWZWa0dDNWlKXzhWU2o3LWhHNHotTDVQMS11U0U5R3IyNDNJV2EwWGRjUlZpejdRRnQ4V3NmLTc3bEZUNDFrSWU1X01MRU5Ianpxd2V0NDhhUFE?oc=5&hl=en-US&gl=US&ceid=US:en,BuzzFeed News,0.0
Japan medical schools 'rigged women's results' - BBC,2018-12-14 08:00:00,https://news.google.com/rss/articles/CBMiV0FVX3lxTFA3OHh3NG1wemhvUzhXaW1uUS1GM24yUzBkbU9rcGZfczZHQms3cWpzMkF1a0dUZ193QklES1FxN3ZQa1NaaXpqTENfenZWOW5CdXhDbDBMRdIBXEFVX3lxTE9BRmJxXzZ1VzdLMVNNSEIyUFBrQVdCYkQwSUFtX2lxZU5XYTlPdW5uUzhzLXNtTTJ6blBPZV8yamRfeVBsVU9EUzdNUGhGUkdNdU9MM1pOVXB0T21x?oc=5&hl=en-US&gl=US&ceid=US:en,BBC,-0.3612
Congratulations to the winners of the 2018 World Food Day Poster Contest! - Food and Agriculture Organization,2018-12-12 08:00:00,https://news.google.com/rss/articles/CBMiwAFBVV95cUxNUENXOVU1MGk3MGlLaGhIRWFYQzNRZlJabG5CSGxOWUFuZXZjdjVuN0hzRXItZFJQcVctTUgtVG9HbEpiQnJqMGN3VDJyQy10d1pvZ3VZdVNPWVhfRS1LQXlaNnc2NXFIMDFSTk1HY1hTZkRhRFptajIzQ082eWQ5YnFCSXoyczFwdXBvM0xQZ0daRkk5cnFZU0lGakllTU91ajJPd1I3VG9DVHBrZmNxdmtXWFlSOGxoQTZtOVUwNEQ?oc=5&hl=en-US&gl=US&ceid=US:en,Food and Agriculture Organization,0.807
George HW Bush funeral: World figures pay respect - BBC,2018-12-05 08:00:00,https://news.google.com/rss/articles/CBMiXkFVX3lxTE54cm15Y3dFeHBhTVU2ZURId0tNT0c2S24yWnYyMEsxLWFqanRmUzRpWGQ4RVVUZUVlUVlSRnZ5akN1cHNLVmdlOE5Cc2dBQ3Z2T2tvLU9haDh3MU5jbHfSAWNBVV95cUxQeGV2bEZWZFJsZ2p5VkFlS3IzNkcxcXBfWkdiaEh5WFc3WGNSN1hSZ3ZoVUZlNFMwbDlmRy1NY0VqWUZoakhVazFxSTNWcXBKREF1M0stOXFHUE15T1FFemZibEE?oc=5&hl=en-US&gl=US&ceid=US:en,BBC,0.0516
Japan eases immigration rules for workers - BBC,2018-12-07 08:00:00,https://news.google.com/rss/articles/CBMiV0FVX3lxTE9sTVA0ZF9fVzdGMUlpcC1iOEV4bFRrWjNVRXBObmtXbnZkYkFzZVljdkdEUllGMGZNNVpyamF2SmtURjZ6aDVEYUxNX1RiaXdvb2Q1c3pNd9IBXEFVX3lxTE1hRnhuSS1BMGphZnA4c1pGeWVfMmFLeE5JQ3pwdUdCYjA1bGV2V1ppTWxNQzd6cUFvQmRmWG1nVUptdE81QnZ4LV82MjVERHEwci1ZYXJXODh3eXlo?oc=5&hl=en-US&gl=US&ceid=US:en,BBC,0.3182
Revealed: how Italy's populists used Facebook to win power | World news - The Guardian,2018-12-17 08:00:00,https://news.google.com/rss/articles/CBMiygFBVV95cUxPY240Z0Q1OVFYNnBaVkEzbXBUWWJMUnVGRkZ4aTljVzI5WnR4d25PZGhhaFQzQVRIUUZsOGFtcmVGWlVIWVJiejI2Y3ZFZjNHbnBQRmZ6WThMY3M5cmQ2UDdZdGNUX2RraVdnWUJnOTBzSmNVQy1fNkR6R3VFSHpPUzR0TU9oRkFZNG1uNjBadTJCWXRPSjY5QnY1WTlMNng5Q1AyLVBMRkZWOW1LUFNpa3d6czlPOEtoZ19vdkk0bEtMZWtJc29KcDVn?oc=5&hl=en-US&gl=US&ceid=US:en,The Guardian,0.5859
The UN proclaims World Food Safety Day! | CODEXALIMENTARIUS - Food and Agriculture Organization,2018-12-20 08:00:00,https://news.google.com/rss/articles/CBMikgFBVV95cUxORHYycnVPemFQZ1Q1bUdYOUNWSWd4R2NYSlFHVExwV01XUXdGSU9pdzV1V0xPVXcyUkRKakpHVXhsLWdQMWc3TTFkaU91QmNxT0JFaTRaVEdqLW9tWEVyaUNjZzBlSlhzVFJfZ2ZBbW1aQm9vZ2J0RE54VDhxNUxrTWlodWpvc2QzU0t1RmFUbHh6dw?oc=5&hl=en-US&gl=US&ceid=US:en,Food and Agriculture Organization,0.4753
"Argentina, Russia expand nuclear energy cooperation - World Nuclear News",2018-12-03 08:00:00,https://news.google.com/rss/articles/CBMilAFBVV95cUxNMWhhcEJVVlFKMDhMZ0xwT1dSZTN4emtTZ0xGRnF0NHFyMW1PblUtSTVaUGl3ckpqR0tmZXJZSUtYZ2VSNFhTbWw3aGJxYW9rcExkVmZja2Q5ajFMUXp2bDc0ajhVSVdjVld2WGFmdFRnaktqR1VnUzZYRy1BQ3VEMHhHZ2RkRTNNOGZUWEwzREN5b3JL?oc=5&hl=en-US&gl=US&ceid=US:en,World Nuclear News,0.5267
EU raises funds to fight 'disinformation war' with Russia | European Commission - The Guardian,2018-12-05 08:00:00,https://news.google.com/rss/articles/CBMijAFBVV95cUxPdVVxN1lLRlhtMjFNQV8zQmhvZ2Q5a090UGF1bnU1QkwzanlBY3lVa2ZmX0s5MHVKem9odEx0cVpQRlJKb0JLNE81amJHRmJpcWhzQTVLWDBoZERDbERKcU5KaFZJWnA3a3pTWkJraDBqbUhpa2hBMGFEdVBWeEtaWEVRTnNyQVRBaDd0bA?oc=5&hl=en-US&gl=US&ceid=US:en,The Guardian,-0.7579
"Trump presidency 'good news' for the world, says controversial French author Houellebecq - France 24",2018-12-14 08:00:00,https://news.google.com/rss/articles/CBMipgFBVV95cUxNRE9BN0NFRzRqUFpJYV8zQVVhT2VtLVAtZ3U0OFREYmNObmRSYzVsS29oc2M2R3k3cmVmcDJ4c0d5WXBBX0dlNENkYXIxS1BMOFNqU3NOUVQ4WHVTa29nRVpWZG82dVh0NXJDSFZJcklUcTZ5NzFra2FhenZueEZ6Vk44Wl9VdUk2TUJ4WGhZU2tteExIamh2Y1F3amRqNE8xenJ2dHFR?oc=5&hl=en-US&gl=US&ceid=US:en,France 24,0.2732
Australia data encryption laws explained - BBC,2018-12-06 08:00:00,https://news.google.com/rss/articles/CBMiXkFVX3lxTFBGQ3hRYnZzSnl0eUN3YlNOZmE2WXB2U1pFNzNzbm0wRWhsV2NZSm9CNVdSTnBxSERRQ1BacXFtNzFoNUppclFkQWFYZ09XSXZZZ2lsdUkwVWpwRTBMTVHSAWNBVV95cUxQOVFSRTFwMkpnVThCckJjQnRPU0haMG9ublFfeDc2bmhzcDhIWEliQlNHNnZIYTlpWXpiQzVBc3RFM2IzYjdhMHVXcVJNVFpoQWNPUkxoWm9DMlgzVHp5Y18zWWc?oc=5&hl=en-US&gl=US&ceid=US:en,BBC,0.0
Dermophis donaldtrumpi: Blind amphibian which burrows named after Donald Trump - Sky News,2018-12-19 08:00:00,https://news.google.com/rss/articles/CBMiswFBVV95cUxPNW4yanc4MDZaU2NVUFRkTWpiSFEyS2RPbmVVY2o4NVFqQ0hjVGNRdkhRZEU3V0QtSTZNbncyQjE1NlpUeWdwN2EzUmNJYU9GVkc3X3ZoSU5WRzBmcjdGeXN6SWowZGxPTmxVLUt1aGg4Wmc3d2MyRDdTMHRzalZ0QnUxLUhCUjcweG1KY2ZJRXVPN3RUem50S0Z6MEFPUnE5d000SlVwMDRTT1g1NXNLZFowVQ?oc=5&hl=en-US&gl=US&ceid=US:en,Sky News,-0.4019
Indian reactor sets new world record - World Nuclear News,2018-12-11 08:00:00,https://news.google.com/rss/articles/CBMiggFBVV95cUxQSmd2czJxNkk3M0Q1R2ZZYlN4ODRhMzdUV2FhZ3lYekNhRmt1YTh6a19XS3I1bVJ4SmdYcUo4OU40RzkyLW1LeVZWQ2VxQ3RlU19iX2FRQmJ2SnFUUnNrTzdwbjlLUGZIVjFoTGRRcUhsT285V01CRkY2aVRCTFRGRjl3?oc=5&hl=en-US&gl=US&ceid=US:en,World Nuclear News,0.0
The Biggest Fake News in Fashion (Published 2018) - The New York Times,2018-12-18 08:00:00,https://news.google.com/rss/articles/CBMikwFBVV95cUxPRkllNHhxM1RTN3JRTGQzSDAwMU1QNTctMUNFRHFzVFVUZkRsc0lpYXY1MXY4dlRZNDBRdmlXUEdrellHamJFVGdhWF9ma1lFbURpTVV3UHFoTEl2bFczNHhnQUdDY1BreTNNMUtTM0E4WjNWTXpxdi16aFJ5OXo3SlV2cDVYb0pGemNYT2J1d0VhZWc?oc=5&hl=en-US&gl=US&ceid=US:en,The New York Times,-0.4767
"Creating a More Accessible World: Q&A with Maayan Ziv, Founder and CEO AccessNow - Microsoft",2018-12-03 08:00:00,https://news.google.com/rss/articles/CBMivwFBVV95cUxNQmQ3U015dmQ5SjdsS2ZTTmdVVzNUdXdvbW9WSHZBNUExbE10UjQzeV9YbEJjckc3TlQ0Q25Wbk85QUQ4MTdVNERybHpLVW80UkNJX2x0VFAtZW1aQnhrcHB1dC1RZVl1SjA2M3U5UGhTT2h5R1pDUklTeUFaTm9DSGpOWjJMUVZoZlltbDdSTkpmUk5jUGprcTJZaVFZbF9qQXlLbFp6eG03NTN1VmF1LUZZVFJLTG9jbTZoQ0Y1Yw?oc=5&hl=en-US&gl=US&ceid=US:en,Microsoft,0.296
"A safer, more dignified journey for all migrants, tops agenda at global conference in Marrakech - UN News",2018-12-07 08:00:00,https://news.google.com/rss/articles/CBMiV0FVX3lxTFBKN1Y3Q3pBREIxNHN1dW5nSjFqN1lNSDFRT1R5TXVBOFBJRGFDN0N2TFlqTXNjZy1yWEJxb1JBbG55SS1qOUxsUGU0RHRpNUViR3o5NHBoMA?oc=5&hl=en-US&gl=US&ceid=US:en,UN News,0.8622
Mexico profile - Timeline - BBC,2018-12-03 08:00:00,https://news.google.com/rss/articles/CBMiY0FVX3lxTE9aLTBwTmxzTHhJWDg1ZmpscjVtYVZyUElsd2JlQUlmYlBnSGhGNkxRQmRlMUZmNTVYaHg0a05NNUNXMlJXUkt0a3U1bmt1VW1jSVJBWEkyRjRNWmI3Q0N2Uk9Oc9IBaEFVX3lxTE10UDVEN3lDWnU2WTE5dVpVc2pWY2tnZ3Q3SzJVMHlOeGVjZE5rd253RlRrbnJDWVVHRkV4ckREQllrNE41VDFpamZMajFfbGxwNFFaR2V0Wm5VYUwxRGtlcm5hZ1VYemda?oc=5&hl=en-US&gl=US&ceid=US:en,BBC,0.0
Coatings World’s Top 10 Breaking News Stories For 2018 - coatingsworld.com,2018-12-26 08:00:00,https://news.google.com/rss/articles/CBMixgFBVV95cUxOM3BkTGZoalgwdnVtWm9NN19EdmtVb045RDM0NjBEcWtkaDV5blFDQ3FaS3ZreFI0djk0VXdGTDFhOTJJY1c5dDdWZzl1SEhGZDc1OE95c0ZHWklOT3JVTXVraUxXaFJIVXRSWV9lSTVYb0F2eUlmOGoxMDItUFFGWkZsdUgzTXA2MEs1Y3ZkQ0EtdjQ0VTlEaFJjYU5BRW5RMTlBekp0N2NaUFc1ZlJLNEpZaTRYWmJjdzVaMC12QlE2TlhyQWc?oc=5&hl=en-US&gl=US&ceid=US:en,coatingsworld.com,0.2023
What's the UN global compact on migration? - BBC,2018-12-19 08:00:00,https://news.google.com/rss/articles/CBMiUEFVX3lxTFBhQkpGdGxVUkwzTlZ3V3JzLUhFVFpoTnZlWHpWOXlpWjZGVG40N2NmRWVmdkRJQlZVVlE0Uk9LRmk5SGhUXy1OYTN2ZkFUUTFW0gFWQVVfeXFMTTYwVVRXdkRhelBnX21MSkRXQlNkQzZQc2RhUW9adGNCZGlaREU2ZnNJbzF6cHNQTWM1QW9rTVpVQ0NVdW1YVkN4bWpjOEhlX3p5UGlhdHc?oc=5&hl=en-US&gl=US&ceid=US:en,BBC,0.0
Simulation exercise puts global pandemic readiness to the test - World Health Organization (WHO),2018-12-03 08:00:00,https://news.google.com/rss/articles/CBMitgFBVV95cUxPLU1IaGVUdkItV2daSTZHUWVqOFR4aTZwNjl5bXFzWlY5VGxmY3IzSGFsenFPNjJNdW0zMVhqcnlWNWdjRFhqWkd6bzBaTWtMTm1IVlpQdUN6RkJyWWxOM0RjVzVmdmU5eDhYLUNRT3RVMzlPdU9pZjVXN3loZGViSk1uNVFJVzBRQzdBNFJleGtUSnFoOGVxZ1JhamgxaWE1RFlyTW1hTnpMbFJhZWNNTnRoS0k5dw?oc=5&hl=en-US&gl=US&ceid=US:en,World Health Organization (WHO),0.25
Strasbourg shooting: Gunman at large after three killed and 12 injured - BBC,2018-12-11 08:00:00,https://news.google.com/rss/articles/CBMiWkFVX3lxTE9oYVRlWkFKVlZGSExEdE5fS25DNXc4bk92T0RuYnpLRFJMM2d1cUpCYjk2Z0tIbUdRbktXRWxaSTlFZmpHREFkQTg5a1NQUHhzMVg4MllyMU1tUdIBX0FVX3lxTE1hZWg4VkkzNVVqcHYwTWc0eDdwQ1hxZW8waTE5XzdaRXJCVWFhVXVVZTl6aUF6clhTN19LZ0pmNndhdTRZVHhMbFJZX3JTekh5Y1BIejVBeWJlX1BhMmY0?oc=5&hl=en-US&gl=US&ceid=US:en,BBC,-0.802
George HW Bush: What makes a one-term president? - BBC,2018-12-02 08:00:00,https://news.google.com/rss/articles/CBMiXkFVX3lxTE5mek1UMnhod2FPa0lGV1I5ZlB2MUswVEFIdW1BcTRhdkV0b3RVRDd4dXlENXgwcXdmRC01VVFBZ0lQOTB2a3BXVlN0OFlzM3M3Vm5DXzNTYXpRTFdnT2fSAWNBVV95cUxQLWJzc3hkRmZqUVhqN2E2QkdqU1IxMkUwUjVUYUNGRmh3ckVOanM4cl83U193cWFoMHNBUHNfTl9XWUVLNndWem9QMjV6OGE3ZTZRSTRRZjhtU09UVWJSaHFTY3c?oc=5&hl=en-US&gl=US&ceid=US:en,BBC,0.0
How Greenland could become China's Arctic base - BBC,2018-12-18 08:00:00,https://news.google.com/rss/articles/CBMiWkFVX3lxTE5Ra1RuQzVQSk5mUWtZTk1kNlBCU3N1VDBEYk11UTJwcTN6UE1YMnFKcUw0aF9FNC1mVEYzc25QLWludlo5d1F0OS1fRU4zNGFHbWVzMnh6M0hxQdIBX0FVX3lxTE9yNjdJYVpTbGpYNDVCSFNSS2dtNjN6TkVIdFdBOTFhdm1JS2x1Wmp4OHpud3JkcnZRVDFIVGJrZHVwcUx4RDJxSFIxODVPMm1Pbm1vZFowbDdBTFl3SXZN?oc=5&hl=en-US&gl=US&ceid=US:en,BBC,0.0
"General Assembly officially adopts roadmap for migrants to improve safety, ease suffering - UN News",2018-12-19 08:00:00,https://news.google.com/rss/articles/CBMiV0FVX3lxTE9mYzIzUlc5UmRfS0tKQ3VEQ1l2UnpaQTU4bzdjcDA0M0R1RlExUVN0dWVzbFBXQUtnRllGV2NkZjZTd0FMNE9ZSDhRSGk4RVVEekptZjIwMA?oc=5&hl=en-US&gl=US&ceid=US:en,UN News,0.7003
"Emile Ratelband, 69, told he cannot legally change his age - BBC",2018-12-03 08:00:00,https://news.google.com/rss/articles/CBMiWkFVX3lxTE1zVUR5bmRpVU5BaV8wODRUT0lRaFo3UnoyN0xFbERwSFNFZ0pTdU90Z2l6MjdFd3Mxdy1KcmtfN0tkMkxfckdLamk5NVFNLXFqQnBudFVRZXZtQdIBX0FVX3lxTE5IQ2JRWHFIaU1YajN4aWFlN29rdG1sTHQwMF8xTUw5S1RkX1JheEdmM240S1lTZGw1ZzBTUU5ZZW43Y1Nrc1dkRXpyZm9xdXQ4YXJ5bWc3NmNWaF9zbXYw?oc=5&hl=en-US&gl=US&ceid=US:en,BBC,-0.0762
Burundi: Inside the secret killing house - BBC,2018-12-03 08:00:00,https://news.google.com/rss/articles/CBMikwFBVV95cUxOV2ZDTV9ScXdJdDhnMFRjbUxCSG02SnFYSUs2b0dXZGlOOE9rVVROZFRYQVNhVnlxYjc2TVcxR05pWUNvQ3pIMVVMaEVjdDVRbW9NMVNLeUlBbmVpNFNOZEJ4OXd0RDlxTVVmay0xR1F6bzNhTThBVE5oTXI4eTRaYjJ5aXl1UFFUM1R6TUhkNXc5MjQ?oc=5&hl=en-US&gl=US&ceid=US:en,BBC,-0.6597
Indonesia tsunami kills hundreds after Krakatau eruption - BBC,2018-12-23 08:00:00,https://news.google.com/rss/articles/CBMiV0FVX3lxTE94Rkt2eWhGZDlCU2Z4REhRTUw1cXNyVkJDMi1uSUlVeThUekRNdHpBd2ZfcHRVTndLUmRaekhSdUJUVFI0X0FTWTZxLW84TExXYktYSVhRONIBXEFVX3lxTE0wTDJiQ1dxMmhaQk5RVXR5YjNTY1VvMV9ZUDFwZXZkN1BDbjhSSUpPbTF4bnVoOGNNNUlONDdsbWRWRC1sQWlqWDd1clhfdF9lbFZjaTkwOVFPSkps?oc=5&hl=en-US&gl=US&ceid=US:en,BBC,-0.5423
Somalia piracy: How foreign powers are tackling it - BBC,2018-12-11 08:00:00,https://news.google.com/rss/articles/CBMiXEFVX3lxTE5tV0w5M0dwZmk4ck1FdEdhS051RHFkUFVaSFRCdmp1b3JKOU15Q09aTXMyRjYyYWdaT3I1VkhsNXRKRkJZT3FTSG9KVU1mWkc1Vkk2dmtENzFBQXpZ0gFiQVVfeXFMUHU4ZkNBbng4eTdHNnJWemNFNGRzRU5RSS1tY3BhakJBV2pkeS1rOUh4M0ZVcndiOUJybW1zb0g0R29mV2MzQm5SdjdJQkt2XzNJUkwwWXUwUjRrejRRZ25qS2c?oc=5&hl=en-US&gl=US&ceid=US:en,BBC,0.0
Sir David Attenborough: Climate change 'our greatest threat' - BBC,2018-12-03 08:00:00,https://news.google.com/rss/articles/CBMiY0FVX3lxTE1TX2U5Sktza2JUaC1UOVhXSmVJZENvOWhCUEUyWExSVjBMWndGaTNDSXJMZF93dlJzN3ZGQUJGOWVnMmVMdTZnYWNkLXgzNW1ya0Q1MTJqQlJwQVlyTkZ0LS1rSdIBaEFVX3lxTE5yX0NidDI2X1Rwd0pHTWJYblk5ay1MWUFHVWROT0lROXZxSHV2MWlvbkRHcWp3M21Wb2VSMTNoaXBNM0ptVmlCMDg5MUlIcDkxSll0RlBzb0Y5QXNsb3hQdEQ0MkE4Mm5w?oc=5&hl=en-US&gl=US&ceid=US:en,BBC,0.2023
Trump's cabinet: The people around the president - BBC,2018-12-15 08:00:00,https://news.google.com/rss/articles/CBMiXkFVX3lxTE5qVVJUTlZqbmtldVMxakVUd3c3YkZ3dFFYLVVjdWhMR3plSUV2SWlMbWZjNFVuby1uOUtaY182Q04yenF4S1RyVmxFM1RDR3ZMNFNGYUxJNzNrZXhmZUHSAWNBVV95cUxQM2RwLTZSSVBSN1p0UU5wQWZhTmZQMnZDaTF6YWtvbUlYWFcxNGlFYWU2TEtlY1BWVEdoa1JUUVhCS0RnMFRxR0s1ODNRYmxsMThMY2Q4My1ZcGw0NkdCSGFYc28?oc=5&hl=en-US&gl=US&ceid=US:en,BBC,0.0
Literacy at the Laundromat - U.S. News & World Report,2018-12-25 08:00:00,https://news.google.com/rss/articles/CBMiwwFBVV95cUxNUlhrd1NOY2k4NHVWWVpvX0NURDlmeDZOdndral80Mkh6SXVNZTRRSkdGZVZockFUaDByRkVnN1NyQUV0eEtuUF9KcXdKaDRVYV9zY291eXF0SE5WdVo3Y3lXNDVhMFkwdWVHZ2FQTG5CMUgzZHpQOHBLNTVSYzduTUNJLVdzVUdWS1F5NXJWeDZOTkwyeUEzTF9kX2ZiNWZ0QXEzcXY1VnkzbGlZNVdqREFYUUFqT1RwMjQ5TjVjbWpqQUU?oc=5&hl=en-US&gl=US&ceid=US:en,U.S. News & World Report,0.0
'Alone in the world': Canada squeezed by superpowers in Huawei dispute - BBC,2018-12-19 08:00:00,https://news.google.com/rss/articles/CBMiXkFVX3lxTE1FUE9rMVFPRU5yZERfOXhqaUdEVW1feno1c21rdkhFblJOZHNaT3p6SzUwejcxbEpmaTctNklxRlA0UXkxZzlqZUdFQ2FqbTlKenU0RHVRcWFIUkhUWVHSAWNBVV95cUxQUDZWMmVCOFZqZzQ5c2ZQeERYcjFDMGNycjBudV92TmQ4V0p1Vmw4MnJGbUdHaS1lOUxjRXd2OXVvUUhzdmJqMGlmeW5qVS1WU1RxWlBrZUhWbzJxX1Q1V2RpVUE?oc=5&hl=en-US&gl=US&ceid=US:en,BBC,-0.5719
Fortnite: The world-famous game that's never topped the charts - BBC,2018-12-05 08:00:00,https://news.google.com/rss/articles/CBMiV0FVX3lxTE5PckE3MGlpaHcyUGJGRFdjZE05bWVOVlZ1cG9nOGdqcjEyZzNYZDdQQjFSdnBBcWc3bk43OEFfZUNXalFyX2xMQ1p6bEF0NmZsU2lEeWN6VdIBXEFVX3lxTFB1N1phMjVHNUlxaDZVMm9pUzF4SnNfWl9aellPY0ltZFVyYm50eW8zVGNFbTVmVDdwNHRfa3llbFNkVnBXTkI3RXI2dUxNQU50UUg4a0J6Sm1ZbmNf?oc=5&hl=en-US&gl=US&ceid=US:en,BBC,0.0
A whole new world for free trade? - BBC,2018-12-28 08:00:00,https://news.google.com/rss/articles/CBMiVEFVX3lxTE1WWHFKWXZSaXk4NjJOeTl2T1RhNHpsWlRrSncyWVV4TUJJUzZlYm9odXNiYUhScTJNOTdzRkgxY1ByUjNETUxwQ0kzTWUyem0zcUxXedIBWkFVX3lxTFBzM0loWGZyblZwbFpUZEw3LUt2U2F6TUxKeElOZmJORXFRc2FxMWpQeGQ0OGtVNG5vYXp5UXVCc3pDczFEdW80THBKQzdfanlvT1FWNTFSNXdvQQ?oc=5&hl=en-US&gl=US&ceid=US:en,BBC,0.5106
Pope Francis condemns world of materialism and poverty - BBC,2018-12-24 08:00:00,https://news.google.com/rss/articles/CBMiWkFVX3lxTE1lZDVtRWlNUkU5bE4wb2cxZ1lUSUppbTVFTVVqel9PRkFFM182ZjhlSG1JM2ZFZHhpbjRzZ0JjZnFfaExHdHFTc0pRMjA5X3hLUm9YeFNQay1RUdIBX0FVX3lxTE1ZTEVfd1pSM1VEVlA4eUY3WlhRRGE2Ni16S1BfU3NGN2lBSlpEek53Zk9lQjlMTGQ1QVM4M1RUOWwyS2RlUHp3cG1KYU9xa05oa0RPVC01MVUyOHQ1bTFZ?oc=5&hl=en-US&gl=US&ceid=US:en,BBC,-0.765
Countries Trust Russia And Putin Less - U.S. News & World Report,2018-12-06 08:00:00,https://news.google.com/rss/articles/CBMixgFBVV95cUxQOUlkcERTS3d5UDNKUWhoWWctZlAteTY5STdNci1hOXJfVTFvd3FMQ2RFUW0yaUN4OXMtem9rTDV2NHRXQzI2TTNmdE1XR0szQ2RrV09DWmFjZ1hYZ0ZTcUJZaW1HMFFVaTdiRDZJTjNlZkVBNDJMOUVGRElSZGE0MDcyekxlNG1KZWVmMFhGQVRNS2NMNS1FRGdBWHdFdFZ2cFQ3QVZnUW55UEdHNHBjYUZnR2JhT2VOeUJBWG91cElmeGFsTVE?oc=5&hl=en-US&gl=US&ceid=US:en,U.S. News & World Report,0.5106
Putin's Stasi spy ID pass found in Germany - BBC,2018-12-11 08:00:00,https://news.google.com/rss/articles/CBMiWkFVX3lxTE04cEYzVkJlNTVZR3RRUU05cWdRZE82dGVMNy1UQldoTDYyM3RQR3hYcHVNTWVJUlZUSjQ1djBfdTZIb0tkNXR6cTVLSnVibkVYb183Qm9XV1lsd9IBX0FVX3lxTFBjcXBWVnJyYkV3Mmhub1E1d3gzWW1CVGtURmx5LXBwekFJOUJjeTVnbkswMTNzS3daSm5TeEYwTFI4RC1EaVJhSnpySTdvbnNHUnd0a1pwUUxGM3RJN1FR?oc=5&hl=en-US&gl=US&ceid=US:en,BBC,0.0
K-pop's EXP Edition: The world’s most controversial 'Korean' band - BBC,2018-12-05 08:00:00,https://news.google.com/rss/articles/CBMiV0FVX3lxTE1IQkNGWVo1WHJ0aFN4X2dsYzJPUHM3QnhLNFpoSUVwX3Y0QTFvQkNET1ZmSTdvZXh5LXd3VXYtVDFVVFVuMDFpMlZaWGI0aGlEZXRJblN1d9IBXEFVX3lxTE9DZUp2ZWVWVW5KVXNwU1dtR0tsUXZ5a3NTWlFyS09YNmhqbzJKcXhzVHpPMFZQMW5iX2JXOFM5VVRDRUw5U3BZZHRJcHhZLWo4MlVGM2phU3pUOHo2?oc=5&hl=en-US&gl=US&ceid=US:en,BBC,-0.2716
How A British Aviation Enthusiast Broke News Of Trump's Secret Iraq Visit - NDTV,2018-12-28 08:00:00,https://news.google.com/rss/articles/CBMisgFBVV95cUxQcWZzYzdpamJLZ2FfUTNlWEpzXy1ldnE3UnA0U3FxczRPSl92amR0MVRaa0xwVjludkNLdzR6cEx5RXhoeTBWSjRJZ3FFNFZkNm1nSkkwR3ctampuRGREcVNCaXlLSDdtbzFrc3AzSTJwcmQ3R0NPQXpBZ2JhOXRjQjJYZDV6OUtyMGFRV2VsQmUyclYwWVFocTd5VmdYeTJNTGdnbWRXbXRTTHdnYWhlZVR3?oc=5&hl=en-US&gl=US&ceid=US:en,NDTV,-0.0772
Speakers Circle 'hacky sack guy' sets Guinness World Record - Columbia Missourian,2018-12-18 08:00:00,https://news.google.com/rss/articles/CBMi4AFBVV95cUxQcUp4M205Ml9CQ0RUZWJBdEJFT2NJTF9zeGw0X2Y5RmZoNzdtblg0aS12cjBWbVdReFRBZVpCQTZzMlB0SFdSOFhDTDF3X3UxWGpHaXRaMVBCMUFBTWJfSGxmaXRMTDRBeU9PajhQU3I5a0ZQS3RzUGNuNDYyZmpvdmVXaEtOd2p0QWl3ZklYc2dMTHEzTnROc1ZEbC1yeFNOY2tYNGYzMG5EMW9RRlItYVAxR1BTd2VyR1BNQjU0cHlqdUxtNzBURVY0bEQtSURDTFYwekZPa2FWWHllYTlscw?oc=5&hl=en-US&gl=US&ceid=US:en,Columbia Missourian,0.0
The Pope's Voice - Vatican News,2018-12-14 09:58:38,https://news.google.com/rss/articles/CBMickFVX3lxTFA2N2hDbnBVS2UwV0I1TDQyYktnVnRUQXJEeW01emZkZi1mcUU1SG1uRG9BZlRqNlgzdHB4UHBUQ25FbUdNcDNWcDVFOVFab0NTN1RfUjYwNndCUWF0SUZOR3VFMHQxWnp5dEtHOHJmRWRYUQ?oc=5&hl=en-US&gl=US&ceid=US:en,Vatican News,0.0
Aquarius migrant rescue ship stops Mediterranean Sea patrols - NBC News,2018-12-07 08:00:00,https://news.google.com/rss/articles/CBMipgFBVV95cUxPcmJYeVdqRXhvMlJ1OFlocFROY1BpMUxuS282ZERtYVhiYmxLalduR0ZTVkN6VU1zekhRRHlnZnBUcXpUVEZjYk1RZjRIemhiczNRVTZXUnBLNENCLVAwYTktRWI3aldpbDlGWmJZdjFBd0NjRFlxdTJDUFEzaGNROFJjSXlKZE1kdlFVc3RKZkNXa2FiYzdFOVA5a2hVdVN3N0IzU2N30gFWQVVfeXFMTlM2bXdndkk0M2lyb0hQeS01d29zVXJ3M0I1R3k5RXdtSnhHWTludnlTYTVna3Rhb0NHT1cwbTh1MHFRRUpoWEQ0bDBoVmxkTFdpTEtSd0E?oc=5&hl=en-US&gl=US&ceid=US:en,NBC News,0.4019
How the global trade in tear gas is booming - BBC,2018-12-16 08:00:00,https://news.google.com/rss/articles/CBMiYEFVX3lxTE1LSGZWWTZkRzZwdHBvcWt5RUV1SDNfWnAzX1pYMFJ3VEZIUDNoU1lKRm9kT1JMUlNCNGxpMDZLZ0toWHpQdXlXM2xzaE1HX1NGYkZLVURHMzUxSGN1NXNXedIBZkFVX3lxTE41T0hpOWVNZDkzdl9ueXgyWmVyTGpVMTBYSVNkZmd6TnBzQXlfNzZJajBwd0tQaWFBa1owbmVmMHpCU21sMW5aVVBvZFpwMm9YZFhYYjVhTi02MmZvYkFFbFQxQkhNZw?oc=5&hl=en-US&gl=US&ceid=US:en,BBC,0.0
Jack Ma is a card-carrying Communist. But what makes him tick? - NBC News,2018-12-16 08:00:00,https://news.google.com/rss/articles/CBMimgFBVV95cUxNYTVfZHlNcWVrNzI2eEFxNEFwbkc2clJWcV9QRm1qNDFNNEZsWUJEVnhTcDNXaXV6UGFFQ1pHdG4zR3B5WFB2QlNHVVNDTjhMZ19KWUIzdVdQQk51YjJRVDluQU5YakhZZ1JiMlNsVkpFQ2txZGt5QUo3UUswY1dkV3FaSHNsTWJDLWhCN2JRVjYzeVZIc3pSSXp30gFWQVVfeXFMUE0zaUFuYTlLbW1rZlMyN0I2c3RZbHFmNmE2a2lfRGlGVnUyZlZGRnpzSXN0NHNUcm8zZmVFMUR6WFRTV1cwOUhSY2YzcnNJaEdnUWJJcVE?oc=5&hl=en-US&gl=US&ceid=US:en,NBC News,0.0
"After G20 Summit, US President Donald Trump, China's Xi Jinping Set For High-Stakes Talks Over Trade War - NDTV",2018-12-01 08:00:00,https://news.google.com/rss/articles/CBMi1wFBVV95cUxOaUZHV2NFN1g1U0c1RUUzWlZkWXlyZjlLb2hVY3YzNWJFeF81VU1YTUM0WUpyd2lKWTNON0l5WUhmemJpblZZMGRadWpPdXVDTmlKeDVYNVpwajRxdGJ3dzJDc0lSZTNoa1VrUjFkU2VXZlFOZDZMTWcwWUxSUUJKVjZGZUlxSW5mWEd1ZkRyS0ZpNHpGQlloV0pKYkJLdUVTak5jZlBoSUYzblJhNURiMjh0SmlDa2JuRGFjeUMyVlU1WTdkLW9Jelh4d0FnNG9pZ0JhcFh3MA?oc=5&hl=en-US&gl=US&ceid=US:en,NDTV,-0.5994
"Early-warning tools aim to prevent 'water wars,' curb droughts - NBC News",2018-12-25 08:00:00,https://news.google.com/rss/articles/CBMioAFBVV95cUxPX3NiNDdjOVRhTU5ObVJsX1AyUWVQMkJoY0RwM2JsejI5NzdYd3RpMjJzNG9YZ1lXeGI4Y1NvamMxMHBtcDVmVUhTQkxXdjdBV09mS2lpTWRmZkRSUnItcW42WVBXaWtFUEhwc2FRdDdObTJlY2RITnZkVUNCdmlFV0k4aEYyTWFqTy16bkNPMkZyekx0WmNBQmZYb29DYUNt0gFWQVVfeXFMTWVWMjZ2c0szX0xJTlVIYUdUc0V5ZHp6M3B6MmJTQWFxanhaUXJhaXo2WFNpclF3T05nekdhUTJ4Z3ZKQTVVMk9ENEdNcWlYbHF6bWRDWkE?oc=5&hl=en-US&gl=US&ceid=US:en,NBC News,0.0258
Our Cambridge Analytica scoop shocked the world. But the whole truth remains elusive - The Guardian,2018-12-23 08:00:00,https://news.google.com/rss/articles/CBMizwFBVV95cUxQd1NRSm1wd2I0RldhVUM0MHdvWTBpMmh6ZnU2VTh5SDhTenNNcEpQamt6TFE4Q3ZjdUlwbHhfSVo0YVRwODFEalh2RVZRMzNKSGhudFNhMmZsTW1yem9pVFB6M0k4a1Z2a3cwT0NmT2F0NUVkUlVLR1d2RTEwYUFuaExlMHYtNnV0S0xBaGxLRjVOU0V6VXRNdFNIODl3MkFSZkRKMWlrRVFXY1M2N0xRejBrSzEwbXNZQnZhcVlTSmcxWi1CdW1sOHNoenRVNjA?oc=5&hl=en-US&gl=US&ceid=US:en,The Guardian,0.3818
Child poverty in Britain is already a problem — and Brexit will likely make it worse - NBC News,2018-12-21 08:00:00,https://news.google.com/rss/articles/CBMiwgFBVV95cUxNay1iU3B2LUg5bVVzbmJGOWVGRXZ6azJ0YWFnSC14UUhpLTZDOW5BWGhUQkZYTHpMQnpDS3pRTmhaaTdFUHhZQzFzSlNSUFdMV0Y0TDMwRGRhOGZpa1lZTVlYREF1LW8zRXFoS3B0dzZ0c1BUZ2hfbThtZjVPTGgyN1JQVlpwcTVuUTVGUG1GQUk5UFVBS3E4S2UxVnVHU3RrYldJYkc1QWJmcjBVX0NoYlJ2T3pHaFk1VEQzUGxIQVZtQdIBVkFVX3lxTE1pWUx5aFFpa0ZFSlRVWTdYNlFYZzdHcHBOcmQ5dHNtTFRPdHZWcVNwU2VNblZJR0UyYWM4OWtaSER0VlZkMDBxMmZpTmJyUGRzT3dWX3BB?oc=5&hl=en-US&gl=US&ceid=US:en,NBC News,-0.8442
Why are so many countries now saying cannabis is OK? - BBC,2018-12-10 08:00:00,https://news.google.com/rss/articles/CBMiUEFVX3lxTFA1Q1pySzVUTGVZN01rZVY0aGVUZXdHLUxLSFctR1NUWmRIZmtWaEZ6dFdLX0x4eHNQREUwLVg2VU9hWVlyemx4X1BuYzJsM2kx0gFWQVVfeXFMTzFOYktXNzNWd1YtSG53MmZLNk9sdjdIVF9tdm9JbnVKMFVYQ0ZZNldGTGhvMDBLTWtael9MNHdFd2NzWDhGR0JZczRNbHJsM1pWU2E5WVE?oc=5&hl=en-US&gl=US&ceid=US:en,BBC,0.4466
Climate change: The massive CO2 emitter you may not know about - BBC,2018-12-17 08:00:00,https://news.google.com/rss/articles/CBMiY0FVX3lxTFB0enpacFk3M3BvdmNQQWNWS0t1WXJDbXNyNk9KOWVWR2o2bmx0UC1uSGhSNGwzSC1IdDQ2LVowV3JOT0NDdjZwOV9zU2VKSm9GYlpxR2pPZXoxUzItQms3WUZmZ9IBaEFVX3lxTE45LW5aUkxvNjg4bVNST3RhZ3VzLVd0bGlVSXpIU2o3aHNpMzV3dG9lcnAxM2MtdHRTVzJMR3BEMHhQQzBNQXM2aDVOelI4U0JXNHNITDFhenhvQU43RGZpaDZXSnlsV2Vo?oc=5&hl=en-US&gl=US&ceid=US:en,BBC,0.0
Would Apple change the power GaN world? - News - Compound Semiconductor,2018-12-20 08:00:00,https://news.google.com/rss/articles/CBMiqAFBVV95cUxQZV9XVVEwVFJ1aEJCRDNSMHJfV0YwLW1pYjhXOWp6OFZBRG9TUk00Q2VFU3YyamdEZ3dIZXJ4aU1WaWx3Z2hjWnJEY3R2TXM1LUZ4NEJ6MjhpYS14cWMxeG1KSXRnM0RBYlh6Z2lrbWVjSWhNZV9sUkxkLU91azQzUHdHWFhxNUxXVmZzUVEzcXhBUlY5MGVXODJQQ3V5V3hIamw5alN5REU?oc=5&hl=en-US&gl=US&ceid=US:en,Compound Semiconductor,0.0
Undelete News Tracks What Gets Deleted From Top World News Sites and Celebrities Feeds - Newswire.com,2018-12-28 08:00:00,https://news.google.com/rss/articles/CBMiqwFBVV95cUxNUHFCdmVCSlNUUGNDZEI3UUxiTGlEYlR3Q2dGVFZtWXFuTnFrMWh6dW1kYkZLVlBCTl9rUHZJTk5ibjkxT0swa3kxOU9qazY5VVlOamVadWtxUEpzaWxMQjU1T3J2S000OHBza0g2RkNzeTVBQ19uTUd0c1p0X0d2cE5tTm5VRWpmdGRpQ1YyWEg0N2VpYTlrQjR5ZWd3NTg0cm5wZVlWek9FSkE?oc=5&hl=en-US&gl=US&ceid=US:en,Newswire.com,0.2023
Grace Millane murder prompts outpouring of grief in New Zealand - The Guardian,2018-12-11 08:00:00,https://news.google.com/rss/articles/CBMipgFBVV95cUxNZ0l0a1RSOU1TRUNiTDk2ZHhHcXcwQi1WSmI5V1g4MU1iQ19saFVMQzhua1c4V2p3R1JuNG8yRy1EaEJDYXVRcXdoU1FSdVk1YnhzY2dTVHZxUHZSQUlmTDIyYTJGdVV0QmZwX1phcFY1S3hTVHF2NDFxTEhpaGVSTVBTMzF5YU1XSTdBZHFtNXRXdFN1c1BFNEdUQjVkck44TlBGUE5n?oc=5&hl=en-US&gl=US&ceid=US:en,The Guardian,-0.7269
Biggest extinction in Earth’s history caused by global warming leaving ocean animals gasping for breath - UW Homepage,2018-12-06 08:00:00,https://news.google.com/rss/articles/CBMi3wFBVV95cUxONTlwZ3pQczRyY2UtY1F3MVlXYWNLaF91VXZuVUJORGxHTGJQY3FXeURaS2FiSWdfZlp3cUotbGRudk1uU2czaEVKUEhwb2FpeUpWcUJQOTNMbm9WUmo0N2tJdFRaRTdpaGwtR3hfeW9ad0dGZjBNdTRQTlJyVFRTTTg0eXNzOEVaZzRvTWFOXzY1ckpCTVlha3hWal80Ui1zc05BejA2UVdCSnJ5Y1U5YkJ1ai1YTmplYk1pSXFOd0hKdzZwbFFuMWlXMGtFTms3NWNvTHVGTVRGT3k1bG5r?oc=5&hl=en-US&gl=US&ceid=US:en,UW Homepage,0.1531
World pays tribute to George Bush Senior - BBC,2018-12-01 08:00:00,https://news.google.com/rss/articles/CBMiZ0FVX3lxTE0zUGVUbWxTV0dwQkhuWHFicW1EQmlRYWxBNVMtZ3RQWmdCdUJUVFIzZkc3ZnNQUVcyTlU0azk5T0UwNDVMdnljSkdFcmVjVWVSWHVkdHVuMDZhQmtZRElMekdpQnJCdEU?oc=5&hl=en-US&gl=US&ceid=US:en,BBC,0.0
United States added to list of most dangerous countries for journalists for first time - NBC News,2018-12-19 08:00:00,https://news.google.com/rss/articles/CBMitgFBVV95cUxQUFRsV2ZUcTJHaWRQUEJsN2ZNb3ctR0hKcjRsWEpkOVRVUG9sV0owYWE3UlV5Tjd0WWFMZzlLaFJaTnJoSVZ6eS1CU0xjOE9rYWRSU0h2bkltdmZzUWRqZlpYQ1VVQTZ1LTVmTE0wTUZ1RFdJTUFfUXR1YUtKMTE0M2owVmlGc2ROVkNxNXZJZlhYUF9DcXc4eTRZYXNQMTRtV0FZTGlFa2Vaa2w1eEhpMEFEUVEtUdIBVkFVX3lxTE9MeV9jTGNwbV9nOFBGS3daVmtoTU5yVFF5UWNza25TU3Z1TVd2c245NkcwcW5EbjdvX1laek9WR3FDQmdvYWtnZk1yaVJWT0VHT3BSMHNn?oc=5&hl=en-US&gl=US&ceid=US:en,NBC News,-0.1513
President Trump 'to pull thousands of troops' from Afghanistan - BBC,2018-12-21 08:00:00,https://news.google.com/rss/articles/CBMiYEFVX3lxTE83bXo3dlZvd0dONUUzOGgxTW9VQ2MxRmtTZGxsR1F2YnplamZoXzFRbFlZaE5OSHg2NXNXbS1FUkxtdHBVQldWWnh3WXN4V0s4UVRVeFlnSTF0WFRDNFhINdIBZkFVX3lxTFAyUVg3dWF4LTR6OWlnV1NYLVRFeGtWOTdRckhXY2VDU2hTQlN2ZmdyUUJkRHd1MHNFMWNxVlAtTHZqMVluZk8weHpBN3EzYmhISWZlZ2lXbXhuM0szdXExNjhSQkRzdw?oc=5&hl=en-US&gl=US&ceid=US:en,BBC,0.0
"Anti-Semitism pervades European life, says EU report - BBC",2018-12-10 08:00:00,https://news.google.com/rss/articles/CBMiXEFVX3lxTE1oZjRJTWFJNkd6TndORnh6d1dPUGdON2dzTTVpeURMcUxPRFB0OXY4TzJxUGNoNEVwV0oyLW5GdThGSUhubkEyaER0VlFDZXNWN2ZWM0FPUVlNelV40gFiQVVfeXFMTWE0N2V5YmdVTkNwWmt3Nk5sV3NvRXBtZXJ6SEZ6Z2FvcmNOVWNwZWZBRDhFbjdxd2hGMW52MjVWajRKZHRCMzFjQUhsampfM1JTdzNJNERPdlhGVWNWRTFfUnc?oc=5&hl=en-US&gl=US&ceid=US:en,BBC,0.0
Zimbabwe army used 'unjustifiable' force in post-election clashes - BBC,2018-12-18 08:00:00,https://news.google.com/rss/articles/CBMiWkFVX3lxTE1lVTNyQ1RHSVdwcEI1QmZRUHhiNXpyMU5LMi1RdEpodlhaRnV5MmkxZFc0NXhyUklpcHlVMUFiMjFOUm4ySy1qRl81X0d6dXltXzB5ZGNPeWxDZ9IBX0FVX3lxTFB0aHo2VkhaZVFqSzRacUN3dTQzd0x5R2V3TUNpZW02QkFPbHg4OWItYUxKdDdEbUNyLURWa1lRTUhmVFhRY0N2TmozaVF0SDNnTkhEWk94YjNfSlJPVmY4?oc=5&hl=en-US&gl=US&ceid=US:en,BBC,0.0
How a professor helped rescue a grad student from ISIS-controlled war zone - NBC News,2018-12-15 08:00:00,https://news.google.com/rss/articles/CBMisgFBVV95cUxNdVRxeVA4NlVOYV93Q01FdFY1MF9nOURKNXZPQXRhQ3pnVUhFaGNVRk1EcVo3dVFmc25sSEFfbFFMVmJyNm9ScEVZbmt4TzNnMmdFRExkcVdRTWNjTzBBTWtQZS02bnpHdzZLOWNFN2MzUmxUczJDeVdTVTdPUjJoc3RNd0x1MWNQbFJPQXZKM2ticGRxcjdBQ1h3enE5QWVKeEowTTI4OTlETUN2UFJrNnhR?oc=5&hl=en-US&gl=US&ceid=US:en,NBC News,-0.1531
Trump to child: Do you believe in Santa? - BBC,2018-12-25 08:00:00,https://news.google.com/rss/articles/CBMiYEFVX3lxTFBUN1Q1aFpxZkhkXzVQRi13cktKMUZPYVg2cy1JdzViRUNOMGhKOVV6VFRvUGltaWVMUnBpamlma0ctZjMwakxEVHpSQVNyZW1oT1hTdFd0WnNpZWQ0OEpjbdIBZkFVX3lxTE1JS2xBSVdNUlFjb3ZRUlZieFRRajI2bFZnbFkzU1VwQ2VkdGVkM1EyeEUxZm0xRlpfSlFSVm1wdG51dVVyQklTMlotck5TZ2FOT1VjSkNxTV9jcWFlN1VrZERTa1E0dw?oc=5&hl=en-US&gl=US&ceid=US:en,BBC,0.0
First British explorer successfully crosses Antarctica solo - Sky News,2018-12-29 08:00:00,https://news.google.com/rss/articles/CBMimwFBVV95cUxOOHd0eG9RbENXZFdldUliUXRnSjNBek83Q0FWb182S3Z5RnVzeVUzYmphUWtzTGctSXJZUjR3SEFKZ0xQZHI3b0ZEenNxYkprUFhveDZoWlZmTHFTa2k5S3RQZDZNNDBlajJ2VDg3ZlBVVnZLb2dXc0VxQWxjYzczRTNyWHVFcGN1ZF9TZU1KZEpFdVBUVVBqX2pSdw?oc=5&hl=en-US&gl=US&ceid=US:en,Sky News,0.4939
